time,qd,q,tau,position_error,jerk,jerk_d
0.0,0.0073873095262802,-0.0588150137377377,0.3310116163200899,0.0662023232640179,390.7974334735997,40429.56258269227
0.005,0.0357006291550829,-0.058619615021001,0.4716012208804199,0.0943202441760839,976.9935836835878,31858.873768404257
0.01,0.0887305973445528,-0.0584242163042644,0.7357740682440861,0.1471548136488172,1758.588450630089,-4645.439850943461
0.015,0.1619753468253688,-0.058033418870791,1.1000426783209671,0.2200087656961598,2930.9807510500254,-30906.857189955997
0.02,0.251366056052564,-0.0570564252871077,1.542108036090997,0.3084224813396717,2930.980751050123,-27630.907562543885
0.025,0.3532527030573918,-0.0554932355532143,2.043718145448317,0.4087459386106061,-1758.588450630024,-24502.05521807345
0.03,0.4643868284603579,-0.0517806599352176,2.580808651176963,0.5161674883955755,-4884.967918416914,-21538.549809672622
0.035,0.581901790288608,-0.0480680843172208,3.1497918355934527,0.6299698746058288,-2149.3858841033916,-18753.840390595127
0.04,0.7032908593498611,-0.0443555086992241,3.738134053104433,0.7476463680490852,195.3987167368923,-16156.288194226554
0.045,0.8263840587093446,-0.0406429330812274,4.3349877196501465,0.867026991790572,195.39871673660252,-13750.29689541202
0.05,0.9493243083304784,-0.0369303574632306,4.931068125379142,0.986254665793709,-1.9039703147427645e-10,-11537.372956472105
0.055,1.0705432201253755,-0.0330223831284972,5.517553438053971,1.1035656032538728,-586.1961502099067,-9516.484589170483
0.06,1.1887368785067975,-0.0293098075105005,6.089891850571984,1.218046686017298,-390.797433473298,-7684.272331495915
0.065,1.3028419015802284,-0.0252064344590304,6.639833847884345,1.3280483360392588,781.5948669466175,-6035.508221046686
0.07,1.4120120852896487,-0.0220800549912437,7.169992965895568,1.4340921402808924,195.39871673677447,-4563.320667485161
0.075,1.5155958307424071,-0.0175858845063003,7.665387167377927,1.5331817152487075,586.1961502100762,-3258.935672097279
0.08,1.6131144204579844,-0.0144595050385136,8.137302979611844,1.627573925496498,1367.7910171565231,-2112.85782237471
0.085,1.7042416869444268,-0.0099653345535701,8.570431118255476,1.714207021497997,-1172.3923004201072,-1116.4165237534253
0.09,1.7887849483397076,-0.0058619615021001,8.972599536723608,1.7946469098418076,-2540.183317576707,-260.2723539697581
0.095,1.8666666123639124,-0.0009769935836833,9.33755704849198,1.8676436059475956,-781.594866946677,466.63043296687465
0.1,1.9379072524110652,0.0025401833175767,9.676153589212989,1.9353670690934885,-390.7974334731166,1074.9948843541715
0.105,2.0026103346468944,0.0068389550857834,9.978158521544335,1.995771379561111,390.7974334734805,1575.0168728167046
0.11,2.060947963105024,0.0099653345535701,10.1,2.050982628551454,3321.778184523118,1978.0616717477606
0.115,2.113147848677727,0.0130917140213569,10.1,2.10005613465637,2344.7846008398847,2295.0004153650916
0.12,2.1594820972944,0.0168042896393536,10.1,2.142677807655047,-1758.588450629819,2533.8244807341325
0.125,2.2002572161281577,0.0211030614075603,10.1,2.1791541547205973,-3321.7781845233844,2701.550829386313
0.13,2.2358046553945594,0.0254018331757671,10.1,2.2104028222187924,-390.7974334733563,2807.268933063642
0.135,2.266472261478921,0.0291144087937638,10.1,2.2373578526851574,2149.38588410352,2861.1039406862365
0.14,2.292617188234888,0.0324361869782872,10.1,2.260181001256601,586.1961502098388,2870.851750696149
0.145,2.3146002536630803,0.036734958746494,10.1,2.2778652949165865,586.196150209742,2842.1495259812473
0.15,2.332780799756072,0.0400567369310174,10.1,2.2927240628250547,195.39871673671865,2781.0391807125743
0.155,2.347512044431332,0.0445509074159608,10.1,2.3029611370153713,-2735.582034313166,2692.884621395133
0.16,2.3591376394840924,0.0488496791841675,10.1,2.3102879602999247,-1563.1897338931708,2581.467988467517
0.165,2.367988672964388,0.0527576535189009,10.1,2.3152310194454873,1563.1897338933159,2452.3058152936774
0.17,2.3743805920403447,0.0560794317034243,10.1,2.3183011603369206,2540.183317576457,2312.445750402764
0.175,2.3786116072507166,0.0597920073214211,10.1,2.3188195999292955,1758.588450629958,2166.570852459721
0.18,2.3809619632401224,0.0633091842226811,10.1,2.3176527790174415,-1172.3923004198714,2016.3943249525782
0.185,2.3816932930407204,0.0681941521410979,10.1,2.3134991408996224,-1953.9871673665543,1862.4021991618592
0.19,2.381048323935885,0.0722975251925679,10.1,2.308750798743317,-781.5948669467596,1706.4486319472371
0.195,2.379250124659352,0.0767916956775114,10.1,2.302458428981841,-1172.3923004201272,1552.2025119648129
0.2,2.376502076326795,0.0810904674457181,10.1,2.2954116088810768,390.79743347351314,1402.1605591253137
0.205,2.372988550738558,0.0848030430637148,10.1,2.2881855076748434,1172.3923004200387,1256.8546684903567
0.21,2.368875422924817,0.0885156186817116,10.1,2.2803598042431052,-2.3305801732931286e-10,1116.9898603827785
0.215,2.3643107318374645,0.0926189917331817,10.1,2.271691740104283,1172.3923004199737,984.6500303589755
0.22,2.359425218398441,0.0957453712009684,10.1,2.2636798471974724,-195.39871673648702,860.9424463551798
0.225,2.354333657816454,0.1002395416859118,10.1,2.2540941161305423,-1953.9871673665953,744.7427501492123
0.23,2.349136112778026,0.1039521173039085,10.1,2.2451839954741177,976.9935836832669,636.4290210322589
0.235,2.343918271121882,0.1074692942051686,10.1,2.236448976916713,1367.7910171567187,537.5970970413873
0.24,2.338752848813722,0.1111818698231653,10.1,2.2275709789905567,-1367.7910171566896,447.17730718502753
0.245,2.33370100077478,0.1152852428746354,10.1,2.2184157579001442,195.3987167365069,363.6387791379985
0.25,2.328813023602569,0.1188024197758955,10.1,2.2100106038266736,2344.784600840125,288.14509443492227
0.255,2.3241290240823336,0.1223195966771555,10.1,2.2018094274051783,-390.79743347322415,221.44783857129494
0.26,2.319680275923706,0.1270091658788356,10.1,2.1926711100448704,-2540.1833175767374,161.61321947805754
0.265,2.3154904861389776,0.130917140213569,10.1,2.1845733459254086,-1758.5884506299521,107.75712480494644
0.27,2.3115760536157044,0.1354113106985124,10.1,2.176164742917192,1563.18973389334,61.71603727409388
0.275,2.30794700016419,0.1385376901662992,10.1,2.169409309997891,3517.176901259978,24.64831700650143
0.28,2.3046081138033685,0.1422502657842959,10.1,2.162357848019073,-1172.3923004200278,-6.099829573137185
0.285,2.3015602821952448,0.1467444362692393,10.1,2.1548158459260054,-3321.778184523563,-34.67283369446386
0.29,2.2988011048037054,0.1510432080374461,10.1,2.1477578967662594,586.1961502098576,-60.488070754736555
0.295,2.296324232402569,0.1543649862219695,10.1,2.1419592461805994,1367.7910171569226,-80.69956206100028
0.3,2.29412035378302,0.1584683592734395,10.1,2.1356519945095807,-390.7974334732057,-96.2100349502748
0.305,2.292178362715408,0.1619855361746996,10.1,2.1301928265407084,195.39871673657512,-108.0483934472901
0.31,2.290485161179252,0.165893510509433,10.1,2.124591650669819,1367.79101715662,-115.98025840697824
0.315,2.2890264630988115,0.1692152886939564,10.1,2.1198111744048553,390.79743347322557,-121.51119241252627
0.32,2.2877874785989536,0.1735140604621632,10.1,2.1142734181367904,-781.5948669466245,-124.6768394486246
0.325,2.2867525532943724,0.1774220347968965,10.1,2.109330518497476,-586.1961502099073,-124.17669466429993
0.33,2.2859057948497123,0.1817208065651033,10.1,2.104184988284609,-976.9935836832025,-122.39528824352408
0.335,2.285231956462642,0.1858241796165733,10.1,2.0994077768460686,-976.993583683275,-122.14477738438916
0.34,2.284715933236864,0.1899275526680434,10.1,2.0947883805688208,976.993583683034,-121.3659886363389
0.345,2.2843422773153765,0.1934447295693035,10.1,2.090897547746073,1367.7910171566582,-116.88824915524117
0.35,2.2840957489830247,0.1971573051873002,10.1,2.0869384437957246,-781.594866946471,-109.62080325299723
0.355,2.28396214986394,0.2012606782387703,10.1,2.0827014716251697,-1563.1897338934978,-102.74766044688005
0.36,2.2839283538390385,0.2047778551400304,10.1,2.079150498699008,195.39871673668176,-97.57798079874635
0.365,2.28398195330508,0.2084904307580271,10.1,2.075491522547053,3126.379467786892,-92.52825634376887
0.37,2.2841110001444584,0.2112260127923405,10.1,2.072884987352118,1367.7910171566027,-85.70808112978042
0.375,2.284304109657997,0.2153293858438106,10.1,2.0689747238141862,-2735.5820343133846,-78.18713870051391
0.38,2.284551159642941,0.2196281576120173,10.1,2.0649230020309237,-1172.3923004199908,-71.52845223970411
0.385,2.284842910841561,0.2231453345132774,10.1,2.061697576328284,781.5948669465195,-64.3933928739669
0.39,2.285170645195786,0.2272487075647475,10.1,2.0579219376310385,781.5948669467681,-56.167284952266286
0.395,2.2855268284035333,0.2307658844660075,10.1,2.054760943937526,390.79743347361494,-48.710310526303104
0.4,2.285905063410119,0.2348692575174776,10.1,2.0510358058926412,-976.9935836834868,-42.83503746904641
0.405,2.2862996950589607,0.2389726305689477,10.1,2.047327064490013,-1172.3923004202784,-38.05762717803424
0.41,2.286705703975414,0.2428806049036811,10.1,2.043825099071733,195.3987167367089,-34.38092446685959
0.415,2.2871186757703748,0.2467885792384145,10.1,2.04033009653196,1758.5884506300047,-31.092742419502855
0.42,2.2875345092644928,0.2501103574229379,10.1,2.037424151841555,3.694822225952521e-11,-26.45923390559799
0.425,2.287949389613308,0.2544091291911446,10.1,2.0335402604221633,-1953.9871673665089,-20.659284151633965
0.43,2.288360386534936,0.258317103525878,10.1,2.030043283009058,-1.4210854715202004e-12,-15.664547258040772
0.435,2.2887653773538554,0.2618342804271381,10.1,2.0269310969267176,976.9935836833787,-12.4539709801751
0.44,2.289162676502592,0.2655468560451348,10.1,2.023615820457457,586.1961502099059,-11.00300379647469
0.445,2.2895509744447584,0.2690640329463949,10.1,2.0204869414983637,390.7974334730451,-10.072811942052418
0.45,2.28992892519648,0.2727766085643917,10.085006792750558,2.0171523166320884,-781.594866946552,-7.474757072998351
0.455,2.290295177882221,0.276684582899125,10.06729732148975,2.013610594983096,-1172.3923004196697,-3.737757751309715
0.46,2.290649059804659,0.2803971585171217,10.05050316259928,2.0102519012875373,7.247535904753022e-11,-1.791614567423757
0.465,2.29099051290917,0.2839143354183818,10.034623991285391,2.0070761774907884,781.5948669464156,-1.8831439723503607
0.47,2.291319342569377,0.2872361136029052,10.019658806799695,2.0040832289664716,976.9935836831318,-1.6960139373620393
0.475,2.291635187911038,0.2907532905041653,10.003651795510413,2.000881897406873,1367.7910171568517,-0.12671236817096343
0.48,2.291937890346662,0.2940750686886886,9.988556133972882,1.9978628216579735,-390.7974334732966,2.5231382841185166
0.485,2.2922275068738878,0.2981784417401588,9.969487125117231,1.994049065133729,-1953.987167366688,5.224685902760392
0.49,2.2925045764241454,0.3022818147916288,9.95035542662363,1.9902227616325165,-586.1961502098688,6.372908812011154
0.495,2.292769992936003,0.3057989916928889,9.934096479886586,1.986971001243114,-1.7621459846850485e-10,5.436767353899079
0.5,2.2930246254877305,0.309902364744359,9.914852661555845,1.9831222607433714,976.9935836832352,4.109863491521622
0.505,2.293269019006196,0.3130287442121457,9.900442639143616,1.9802402747940504,1172.3923004202024,4.5344125300062785
0.51,2.2935034743047704,0.3169367185468791,9.882074969830326,1.9765667557578914,-586.1961502099415,6.222230624359689
0.515,2.2937286949479585,0.3208446928816125,9.863661142066604,1.972884002066346,-390.79743347350694,7.1218502233704335
0.52,2.293945657287796,0.3245572684996093,9.846183028231009,1.969388388788187,-195.39871673675418,6.970334315781194
0.525,2.2941552429919145,0.3286606415510793,9.826714053538414,1.9654946014408352,781.5948669468037,6.575860446105292
0.53,2.2943582962870304,0.3323732171690761,9.80916641155934,1.9619850791179543,1367.7910171567464,6.0366347557306135
0.535,2.29455563347238,0.3362811915038095,9.79061320152068,1.9582744419685703,-1563.189733893465,5.3240749878113505
0.54,2.294747967162919,0.3411661594222262,9.767150010947905,1.953581807740693,-1367.7910171566043,4.425521831308242
0.545,2.2949359030241103,0.3450741337569596,9.748549803033484,1.9498617692671507,1367.7910171568885,2.6485608384518837
0.55,2.295119993990451,0.3493729055251663,9.727976386586784,1.9457470884652848,586.1961502096585,0.012039899104365759
0.555,2.2953004771689374,0.3536716772933732,9.707384933688283,1.9416287998755641,-1758.5884506301127,-1.4663829077221617
0.56,2.2954770253304635,0.3583612464950532,9.6848198205276,1.9371157788354103,-2344.7846008394854,-0.7533524720315228
0.5650000000000001,2.2956493679467598,0.3626600182632599,9.664187668400112,1.9329893496835,195.39871673664902,0.7365320144004261
0.5700000000000001,2.2958175948000497,0.3663725938812567,9.6464647693224,1.929445000918793,2344.784600839632,2.006980388102697
0.5750000000000001,2.295981822005106,0.3696943720657801,9.630676090221725,1.9262874499393259,390.79743347312524,2.6051706907990457
0.58,2.2961424389312235,0.3736023464005135,9.61193856381597,1.92254009253071,-1563.1897338932733,2.0503290960506853
0.585,2.296299846324364,0.3771195233017735,9.595139124785232,1.9191803230225903,390.79743347370874,1.1684975956429255
0.59,2.2964541628946757,0.3804413014862969,9.579301343522062,1.916012861408379,3126.3794677867863,1.359695814926452
0.595,2.2966054912336293,0.383372282237347,9.565402702907893,1.9132332089962825,1563.1897338928952,3.350733449565265
0.6,2.2967539351880024,0.3872802565720805,9.546604748163135,1.9094736786159219,-2149.385884103406,5.867420716754164
0.605,2.2969001164287173,0.3915790283402871,9.525841553251318,1.9053210880884301,-3126.379467786288,5.932141028495147
0.61,2.2970451065446524,0.3956824013917572,9.506049444754156,1.9013627051528952,-976.9935836835207,2.9859189743319776
0.615,2.2971895893303445,0.3995903757264907,9.487231831953356,1.8975992136038538,2540.183317576416,0.02801180954752347
0.62,2.297333609105655,0.4025213564775407,9.473296903030189,1.8948122526281141,2344.784600840195,-0.4136144985977359
0.625,2.2974768958574856,0.4064293308122741,9.454473365880094,1.8910475650452114,-781.594866946589,1.1625401532455273
0.63,2.297619470882819,0.4103373051470075,9.435646289944632,1.8872821657358116,-1172.3923004200262,3.069493125451525
0.635,2.2977616223956416,0.4144406781984775,9.415840118740624,1.8833209441971641,586.196150210156,4.077127123309717
0.64,2.2979038544162984,0.4183486525332109,9.397011356361626,1.8795552018830874,195.3987167367897,3.2332913670529235
0.645,2.2980468384379384,0.422452025584681,9.377209370565582,1.8755948128532576,-2735.5820343136334,1.1659493753768837
0.65,2.298190836833216,0.4271415947863611,9.354481484016054,1.871049242046855,-1758.5884506301113,-0.25996665897305427
0.655,2.2983357772757427,0.4306587716876212,9.337620275708376,1.8676770055881216,3517.1769012602936,-0.38064612539301335
0.66,2.298481584082947,0.4339805498721445,9.321740398010574,1.8645010342108026,4103.373051469808,0.49358863549286935
0.665,2.2986281789423955,0.437302328056668,9.30586446473623,1.8613258508857276,-2149.3858841035485,1.4280164060664884
0.67,2.298775715519367,0.4423826946918214,9.281200301126146,1.8563930208275454,-4298.771768206312,0.959650386107568
0.675,2.2989245370265325,0.4464860677432914,9.261427532749284,1.8524384692832412,195.39871673686224,-0.6588008042740503
0.68,2.299074659158881,0.4501986433612882,9.243615256796772,1.8488760157975928,1953.9871673664006,-1.7154501131244597
0.685,2.2992258111785397,0.453911218979285,9.225808131985664,1.8453145921992546,390.7974334732227,-1.8061416628256652
0.6900000000000001,2.299377756200685,0.4576237945972817,9.208004973550874,1.8417539616034033,-390.7974334730792,-1.4285813341530218
0.6950000000000001,2.299530285948304,0.4615317689320151,9.189227746250872,1.837998517016289,-586.1961502101034,-0.717847730697895
0.7000000000000001,2.2996832005031163,0.4650489458332752,9.172405280867263,1.834634254669841,195.39871673628917,-0.35151696806679467
0.705,2.299836532754491,0.4689569201680086,9.153631147529373,1.8308796125864826,3321.7781845234404,-0.4031730713905326
0.71,2.2999902742184446,0.4718879009190586,9.139744212757009,1.828102373299386,2344.784600840291,0.5111913725386326
0.715,2.3001442000801333,0.476382071404002,9.118042398971234,1.8237621286761314,-3321.7781845232894,1.8360566079422809
0.72,2.3002985741735977,0.4814624380391554,9.093411963727185,1.8188361361344423,-3321.778184523289,1.673272753350828
0.725,2.3004537991166027,0.4861520072408355,9.070739864405327,1.8143017918757671,586.1961502099414,0.6429618952097367
0.73,2.300609936425184,0.4904507790090422,9.050026389684415,1.810159157416142,-195.39871673679124,-0.11310209544035388
0.735,2.300767003136653,0.4949449494939857,9.028340628878816,1.8058220536426675,-2149.3858841034066,-1.345549001712242
0.74,2.300925003935099,0.4994391199789291,9.006659586895744,1.8014858839561696,1563.1897338933231,-3.0436398949973382
0.745,2.301083699038189,0.5025654994467159,8.991821010231794,1.798518199591473,3517.1769012600807,-3.1746519402986424
0.75,2.30124243115434,0.5062780750647126,8.974051668850192,1.7949643560896273,-976.9935836833787,-1.5131715827010326
0.755,2.301400843181315,0.5105768468329194,8.953349771046136,1.7908239963483958,-2540.183317576629,-0.6552989617603082
0.76,2.301559043430968,0.5144848211676527,8.934600821342414,1.7870742222633151,-195.39871673657797,-1.5675625360245236
0.765,2.3017169223944487,0.5180019980689128,8.917804268230864,1.783714924325536,1367.791017156603,-2.981205801972917
0.77,2.30187418546602,0.5215191749701729,8.901004648344296,1.7803550104958472,2344.784600840125,-3.7581327006819234
0.775,2.302030369115054,0.5246455544379596,8.886153628660033,1.7773848146770943,586.1961502099414,-3.106315800494028
0.78,2.302184876053695,0.5287489274894297,8.866410415783319,1.7734359485642652,-2540.1833175768425,-1.6492971641923742
0.785,2.30233742521043,0.5328523005408997,8.84665719045959,1.7694851246695302,-1953.9871673664732,-1.188801101363878
0.79,2.302488008878192,0.5367602748756332,8.82787095244469,1.7657277340025588,586.1961502100124,-1.591645958001207
0.795,2.302636441383413,0.5400820530601566,8.812003646144312,1.7625543883232564,1953.987167366402,-1.1032574343516437
0.8,2.3027823951384097,0.5435992299614166,8.795148218249734,1.7591831651769931,1172.3923004200974,0.13247173484391972
0.805,2.3029258259880447,0.54692100814594,8.779257031844683,1.7560048178421046,-1758.5884506297546,0.3588171858836642
0.81,2.3030669315769137,0.5512197799141467,8.758469141163507,1.751847151662767,-976.9935836835194,-0.30841311769340685
0.8150000000000001,2.30320571149606,0.5545415580986702,8.74255450200903,1.7486641533973897,2344.7846008399815,-0.08416088803642197
0.8200000000000001,2.30334197701089,0.5578633362831935,8.726627220398495,1.7454786407276965,781.5948669469428,1.3914130042280686
0.8250000000000001,2.303475789494341,0.5619667093346636,8.70677964294874,1.7415090801596775,-1367.7910171569567,2.8837289607963132
0.8300000000000001,2.3036074472794508,0.5658746836693971,8.687898240512897,1.7377327636100537,-976.9935836836664,3.0165320748664497
0.835,2.303737451395892,0.5699780567208671,8.668030389927742,1.7337593946750252,-195.39871673623787,1.5856246895396824
0.84,2.303866226111557,0.5738860310556004,8.649133587104389,1.7299801950559563,2735.5820343137725,0.6384200139565088
0.845,2.303993713732788,0.5775986066735972,8.63120750333815,1.726395107059191,1758.5884506296138,1.7818997272911457
0.85,2.304119899131897,0.5817019797250673,8.611321050050417,1.7224179194068296,-4884.96791841718,3.1195875345701976
0.855,2.3042452149250434,0.5875639412271675,8.582637409484908,1.7166812736978758,-3126.3794677865008,2.060738893874257
0.86,2.304370248240199,0.5910811181284275,8.565676361937793,1.7132891301117716,3712.5756179969394,-0.13077017314344608
0.865,2.304495074560192,0.5949890924631609,8.546761508330649,1.709505982097031,2344.784600840054,-0.052730658808286535
0.87,2.304619334175357,0.5988970667978942,8.527843643906051,1.7057222673774626,-2540.183317576558,1.9334934106041128
0.875,2.304743161868061,0.6035866359995743,8.50501550369977,1.7011565258684866,-2149.3858841032643,2.53565668771216
0.88,2.304867104206712,0.6074946103343077,8.486095797590234,1.6973724938724042,1953.987167366402,1.3503738841791335
0.885,2.304991410342061,0.6108163885188312,8.470109950600898,1.6941750218232299,3126.379467786217,0.3344123257420504
0.89,2.3051160939909514,0.6147243628535647,8.451194707776908,1.6903917311373866,390.7974334734388,0.05081627733716232
0.895,2.305241170356076,0.618632337188298,8.432281186413045,1.686608833167778,-3321.7781845227933,-0.0012608532529156946
0.9,2.305366637940401,0.6237127038234513,8.407507465946251,1.6816539341169499,-2344.7846008396987,-0.02289116451947848
0.905,2.305492492726384,0.6274252794414481,8.389574481616055,1.6780672132849357,2540.183317576345,-0.04706333982085198
0.91,2.305618734794208,0.6311378550594449,8.371643309729095,1.6744808797347632,1758.5884506293992,-0.2823226151349443
0.915,2.3057453545618194,0.6348504306774417,8.353713927168288,1.6708949238843775,-2735.582034313277,-1.0621233903407292
0.92,2.3058723374890326,0.6395399998791217,8.33090131314885,1.6663323376099108,-976.9935836829509,-1.8931134599142734
0.925,2.3059994735397678,0.6426663793469085,8.315905349945908,1.6633330941928592,2149.3858841034776,-1.7767772084198425
0.93,2.306126383901484,0.6461835562481684,8.298954220354045,1.6599428276533155,5.820766091346741e-11,-1.2839801667041675
0.935,2.306252956546769,0.6498961318661652,8.28102436797517,1.656356824680604,-195.3987167367002,-1.271433276883742
0.94,2.3063790972543536,0.6532179100506885,8.265046310578224,1.6531611872036651,781.5948669466277,-1.004988093029642
0.945,2.306504519602657,0.656539688235212,8.24906463538732,1.6499648313674449,-390.79743347341883,-0.5342359096971445
0.95,2.306629206114365,0.6604476625699455,8.23014827946435,1.6461815435444196,976.9935836830234,-0.5407779289612331
0.955,2.3067531577193376,0.6633786433209955,8.21611320028769,1.6433745143983423,781.594866946589,-0.09763896599679356
0.96,2.3068761762456087,0.6674820163724656,8.196211480904674,1.639394159873143,-1953.987167366331,1.1454807849986524
0.965,2.3069983301188826,0.671389990707199,8.177282421191762,1.6356083394116836,2.856950231944211e-10,2.21508242901791
0.97,2.3071199100091184,0.6751025663251957,8.159327476628466,1.6320173436839227,1563.1897338934623,2.7032753521893915
0.975,2.3072411822820764,0.6786197432264557,8.142347980747362,1.6286214390556206,-1563.1897338936058,1.735249081207256
0.98,2.307362622487323,0.683309312428136,8.119507357573518,1.624053310059187,-1563.1897338937465,-0.7404635201169179
0.985,2.307484417484272,0.6866310906126593,8.103507459082307,1.6208533268716128,1367.7910171567435,-1.7573448130292477
0.99,2.3076060489293035,0.6905390649473927,8.084575758591125,1.617066983981911,1563.1897338937465,-0.09275750670667537
0.995,2.307727295261949,0.693860843131916,8.0685731104976,1.613866452130033,-586.1961502096088,1.614141902166509
1.0,2.3078484319902475,0.6981596149001227,8.047684944230747,1.6096888170901247,-1563.1897338937733,1.8946639900718925
1.005,2.3079697228576004,0.7018721905181196,8.029728527623679,1.6060975323394808,586.196150209282,1.5992719372092838
1.01,2.3080913858120566,0.7055847661361163,8.0117739700229,1.6025066196759403,1172.3923004201688,1.35501023805768
1.015,2.3082135949352165,0.7091019430373763,7.994799135705937,1.5991116518978403,-2149.38588410305,0.7062195095386654
1.02,2.3083365096666686,0.7134007148055831,7.973919854180991,1.5949357948610854,-586.1961502097281,-1.0352711046834955
1.025,2.308460266505035,0.7167224929901064,7.957929750377272,1.5917377735149287,4689.569201680248,-2.28838119824108
1.03,2.3085845097735924,0.7194580750244197,7.944873058890143,1.5891264347491727,781.5948669463048,-0.7448711434676347
1.035,2.308708702295952,0.7241476442261,7.92204617736686,1.584561058069852,-4298.771768207096,1.7491026267180607
1.04,2.3088330977516303,0.7284464159943067,7.901174297302874,1.5803866817573236,-586.1961502100141,2.1630000463801693
1.045,2.308958157436823,0.7321589916123035,7.883236718837779,1.5767991658245197,1758.5884506304658,1.2796750695542594
1.05,2.3090840227034084,0.7360669659470368,7.864326174456181,1.5730170567563717,-586.1961502095858,0.7817350660843614
1.055,2.3092107949276954,0.7401703389985068,7.844443171087578,1.5690404559291886,-195.3987167371435,0.5960689048833996
1.06,2.3093385643039968,0.7440783133332403,7.825542146909267,1.5652602509707565,976.9935836828822,0.3826944413276969
1.065,2.309467396503635,0.7475954902345003,7.808600423892237,1.5618719062691346,-1953.9871673666162,-0.035117286643101764
1.07,2.3095973186223,0.7522850594361805,7.785802188870027,1.5573122591861197,-586.1961502095875,-1.0481651028727197
1.075,2.309728344859083,0.7554114389039671,7.770825423029298,1.5543169059551158,3517.1769012606483,-2.149933860096079
1.08,2.309860250541032,0.7587332170884905,7.754874910608026,1.5511270334525413,-4.2652459342207294e-10,-1.935725546502425
1.085,2.309992591828936,0.7630319888566973,7.734041838279794,1.5469606029722387,-3321.7781845239306,-0.7851743373521249
1.09,2.310125210126332,0.7669399631914308,7.715164322151732,1.5431852469349012,781.5948669470151,-0.4645431033623122
1.095,2.310258201687648,0.7704571400926907,7.69824280669891,1.5398010615949573,3517.1769012600794,-0.40744560720896816
1.1,2.310391412203863,0.7735835195604776,7.683276490938572,1.5368078926433855,-781.594866946873,0.5657390261148835
1.105,2.310524709892116,0.7784684874788942,7.659517762985767,1.5320562224132215,-2344.78460083991,0.8756257480513503
1.11,2.3106584493280176,0.782181063096891,7.641623280633706,1.5284773862311267,-1.41824330057716e-10,-0.06739608409132258
1.115,2.3107926821813654,0.7862844361483611,7.621777338489824,1.5245082460330042,3.410605131648481e-13,-0.36209222542998876
1.12,2.310927197124544,0.7903878091998312,7.601932855025753,1.520539387924713,781.5948669470375,0.36165720786136335
1.125,2.3110620511593125,0.7939049861010912,7.5850210863552014,1.5171570650582213,-586.1961502101249,0.9350332612712655
1.13,2.311197293501217,0.798203757869298,7.564203315753216,1.512993535631919,-2149.3858841037654,0.2055668127808925
1.135,2.311333178483165,0.8021117322040313,7.5453427702129074,1.5092214462791338,1172.3923004200265,-1.806139774203125
1.14,2.311469673491297,0.8050427129550815,7.531370262477216,1.5064269605362157,2344.7846008407623,-3.2337584730157545
1.145,2.311606269719736,0.808755288573078,7.513490302312543,1.5028509811466582,1172.3923004201683,-2.998459062553069
1.15,2.311742530955011,0.8120770667576015,7.497562666992795,1.4996654641974092,390.79743347258534,-1.3985758752710387
1.155,2.3118780911105525,0.8161804398090716,7.477723562054349,1.495697651301481,-1758.5884506300413,0.854262914629051
1.16,2.312012867433295,0.8204792115772783,7.456903552459984,1.4915336558560168,-1563.1897338931806,2.03792779785776
1.165,2.3121472440797386,0.8247779833454851,7.436081550957531,1.4873692607342535,-4.249045559845399e-10,1.3878998069572064
1.17,2.3122815371890653,0.8284905589634819,7.418190117699273,1.4837909782255834,-1367.7910171564597,0.12915930682304888
1.175,2.3124157665550924,0.8329847294484253,7.396390395532765,1.479431037106667,390.7974334741474,-0.8944941617983396
1.18,2.312549928122128,0.8361111089162119,7.3814292927714655,1.476438819205916,3907.974334733233,-1.2543829413401961
1.185,2.3126837876959208,0.8394328871007354,7.365489689111782,1.4732509005951853,390.7974334730094,-0.6390642710129886
1.19,2.312817145738321,0.8437316588689421,7.344662611997923,1.4690854868693788,-3517.1769012600816,0.10652799659277701
1.195,2.3129500531192826,0.8480304306371489,7.323833283273836,1.4649196224821337,-1367.7910171573117,0.26001466096658676
1.2,2.3130825509733737,0.8517430062551457,7.30593288902402,1.461339544718228,1563.1897338936064,0.0829894648291023
1.205,2.3132146693531745,0.8552601831564056,7.289007592072493,1.457954486196769,976.9935836841606,-0.31332760357824085
1.21,2.313346403841947,0.8587773600576656,7.272080376534671,1.4545690437842815,-781.5948669473006,-1.1617480797098974
1.215,2.3134777193870613,0.8626853343923993,7.253197079806265,1.450792384994662,976.9935836833064,-1.9653119287000287
1.22,2.3136083910164373,0.8658117138601857,7.238218538389967,1.4477966771562516,1758.5884506307502,-1.6372168147426938
1.225,2.313738041472863,0.8695242894781825,7.220302760642884,1.4442137519946807,-1563.1897338936042,-0.3934526159809746
1.23,2.313866547184916,0.8738230612463893,7.199450508810728,1.4400434859385267,-1367.7910171568858,0.2727235334986764
1.235,2.3139939983937654,0.877535636864386,7.181524149523886,1.4364583615293793,976.9935836831658,-0.35501638819826464
1.24,2.314120478894767,0.8812482124823828,7.163593084146026,1.432872266412384,-586.196150210156,-1.3252449150513987
1.245,2.3142458628733014,0.8853515855338528,7.143702666947039,1.4288942773394484,-1563.189733893045,-1.1479249960190092
1.25,2.314369831129602,0.8890641611518495,7.125759252671114,1.4253056699777527,2344.7846008401784,0.2554126623977524
1.255,2.314492309666556,0.8923859393363729,7.109762452459308,1.422106370330183,3126.379467786686,1.6303214442815888
1.26,2.3146134559644254,0.8957077175208964,7.093759051446872,1.418905738443529,-2735.582034313491,1.7572911607999058
1.265,2.3147335941861917,0.9009834828727864,7.067980722532918,1.4137501113134054,-2735.582034313491,0.5215335184516277
1.27,2.314852983720681,0.90430526105731,7.051968624672083,1.4105477226633711,1367.791017156461,-0.5070711486610051
1.275,2.3149714737233693,0.90840863410878,7.032044085739643,1.4065628396145893,390.79743347315286,-0.2607678439403749
1.28,2.315088935931888,0.9121212097267768,7.014069569901258,1.402967726205111,-1172.3923004198841,0.15165265978112075
1.285,2.31520544120694,0.91602918406151,6.995113065570056,1.39917625714543,-781.5948669460201,-0.5470318654942865
1.29,2.315321051830201,0.91954636096277,6.978105906953823,1.3957746908674311,2344.7846008404795,-1.8380676451101663
1.295,2.315435648289564,0.9226727404305568,6.963047530130715,1.3927629078590074,3907.974334732664,-1.7107378778291906
1.3,2.3155487843837554,0.9257991198983436,6.947981743837947,1.3897496644854117,-1953.9871673673265,0.16568676699076423
1.305,2.3156602569035964,0.9306840878167604,6.924114611305236,1.384976169086836,-4689.569201679822,1.0963252813667257
1.31,2.3157704228546736,0.9347874608682304,6.904148851371406,1.3809829619864433,390.79743347372107,0.10322245174166866
1.315,2.3158794327358034,0.9381092390527538,6.888085230308945,1.3777701936830495,4103.373051470234,-0.3001225798016254
1.32,2.3159870635682367,0.9418218146707504,6.870060682744733,1.3741652488974863,1953.987167366616,1.107721377025018
1.325,2.316093279008637,0.9453389915720106,6.853006016531317,1.3707542874366263,-4884.967918416825,2.356489730459576
1.33,2.316198406401865,0.951005554357374,6.82519895244335,1.365192852044491,-3712.575617996371,1.5195693964642456
1.335,2.3163029034434746,0.9543273325418974,6.809112637026947,1.3619755709015773,4298.771768206528,-0.3784221942737589
1.34,2.316406807845289,0.9574537120096842,6.794000333935619,1.3589530958356049,3517.1769012593695,-0.9400156770312447
1.345,2.316509825609712,0.9613616863444177,6.77497560887489,1.3551481392652944,-1563.1897338927517,-0.09859794403162159
1.35,2.3166118894763144,0.9654650593958876,6.754969109183213,1.3511468300804268,-2735.5820343129226,0.5462718178251209
1.355,2.3167131054916728,0.969959229880831,6.733004373821418,1.3467538756108417,-781.5948669474428,0.41739489120126017
1.36,2.316813552696997,0.9734764067820912,6.715919604770808,1.3433371459149055,586.1961502097294,-0.2807364199952853
1.365,2.3169132893611746,0.9773843811168246,6.696877519961287,1.33952890824435,2149.385884104188,-0.8257754774376691
1.37,2.317012214902228,0.980706159301348,6.680762539578542,1.3363060556008801,2735.582034313476,-0.19421564417147152
1.375,2.317110096481797,0.984223336202608,6.663666639397604,1.3328867602791892,-2344.78460084126,0.7909910056013993
1.38,2.3172070503165303,0.9893037028377616,6.638750036537515,1.3279033474787687,-3907.97433473334,0.5313353511838605
1.385,2.3173033326378967,0.9932116771724948,6.619691945384291,1.3240916554654019,781.594866947584,-0.14682798763486282
1.39,2.317398849930909,0.9969242527904916,6.60160694889026,1.3204745971404175,2735.582034313206,0.19271696402256655
1.395,2.317493529164824,1.0004414296917516,6.584495846818076,1.3170520994730726,586.1961502098718,0.8912236503988513
1.4,2.317587466917377,1.004349404026485,6.565426772918806,1.3132380628908917,-1758.5884506301818,0.5546058966387846
1.405,2.317680878779544,1.008648175794692,6.544400860597914,1.309032702984852,-1172.392300420453,-0.5981772756058752
1.41,2.317773792499584,1.012165352695952,6.52728025445926,1.305608439803632,195.39871673714333,-1.0950390390007483
1.415,2.3178659360879523,1.0160733270306852,6.508201668541393,1.3017926090572671,1758.588450631033,-0.6246401571274482
1.42,2.317957228500255,1.019199706498472,6.493027837674968,1.298757522001783,976.9935836827393,0.1912502207801503
1.425,2.3180476060510102,1.022912282116469,6.47491813086756,1.2951353239345413,-2344.784600841615,0.7397409331133344
1.43,2.3181371502792327,1.0272110538846757,6.453873019990676,1.290926096394557,586.1961502102992,0.3562116523880601
1.435,2.3182260799189387,1.0301420346357255,6.4396635858923865,1.2880840452832132,3907.974334734654,-0.28622265318743567
1.44,2.3183142975774502,1.033854610253722,6.421542453261707,1.2844596873237282,390.79743347357885,-0.1710092635675795
1.445,2.31840171390339,1.0383487807386655,6.399509208200083,1.2800529331647243,-2344.7846008399115,0.31084646479936184
1.45,2.318488384172255,1.0430383499403455,6.376495134122723,1.2754500342319093,-2540.1833175766305,0.723564434110803
1.455,2.3185743369951,1.0479233178587624,6.352500395114238,1.2706510191363378,-2149.3858841043293,0.7466255647159326
1.46,2.3186597209101105,1.052417488343706,6.330456731440073,1.2662422325664044,195.39871673615028,0.14182927287719949
1.465,2.3187446727585037,1.0563254626784393,6.311341834348768,1.2624192100800644,2540.1833175774823,-0.04560695856524788
1.47,2.3188290544165824,1.0598426395796994,6.294176880245351,1.258986414836883,586.196150210013,0.4018392843363374
1.475,2.3189128630228737,1.0637506139144328,6.275055269293129,1.2551622491084409,-1367.791017157313,-0.19093619272324736
1.48,2.3189963390847117,1.067853986965903,6.254955158496959,1.2511423521188088,1953.9871673673265,-1.403972760840569
1.485,2.319079309627494,1.0707849677169528,6.2407146067772175,1.2482943419105414,1758.5884506306077,-1.0541567482391532
1.49,2.319161383978306,1.0750837394851596,6.219630719147516,1.2440776444931463,-2344.784600840337,0.07379099344005402
1.495,2.3192426085996045,1.0793825112533664,6.198542662978795,1.2398600973462381,-976.9935836835571,0.015171734162237271
1.5,2.3193231349406167,1.0832904855880998,6.1794051666628445,1.2360326493525169,781.5948669462169,-0.4747173588271023
1.505,2.319402833730198,1.0871984599228333,6.160263583859209,1.2322043738073647,-781.5948669469806,-0.32766940563527625
1.51,2.3194816071433784,1.09149723169104,6.139163428021777,1.2279843754523383,195.3987167374277,-0.19830207349969342
1.515,2.3195595103019158,1.0950144085923,6.12196692805832,1.2245451017096158,1758.5884506307493,-0.11799215599240398
1.52,2.319636472917185,1.0989223829270334,6.102811764461128,1.2207140899901516,-781.5948669471578,0.5436836761419035
1.525,2.3197124400126845,1.1030257559785035,6.082675800841212,1.216686684034181,-2344.7846008406214,0.9772737109870162
1.53,2.319787614269881,1.1073245277467103,6.061557516054278,1.2124630865231707,390.79743347386375,0.3769085233784586
1.535,2.31986216654618,1.110450907214497,6.046298142311329,1.209411259331683,781.5948669470151,-0.37194590078116896
1.54,2.319936008475177,1.1143588815492305,6.027127290054239,1.2055771269259463,-781.5948669477265,-0.6266757196726993
1.545,2.320009066810926,1.117680659733754,6.010883538627643,1.2023284070771718,1172.3923004196013,-0.7868678943623251
1.55,2.320081283587172,1.1208070392015406,5.995612603423759,1.1992742443856315,2344.784600840905,-0.9051909771073938
1.555,2.3201525141312027,1.1239334186693273,5.980336761408037,1.1962190954618754,195.3987167371447,-0.7194134155952128
1.56,2.3202226527379723,1.1278413930040605,5.961147504850664,1.1923812597339118,1.4165379980113357e-10,-0.031023304245513472
1.565,2.320291603316033,1.1315539686220573,5.9429293173169375,1.1887376346939755,-390.7974334734374,1.0402789817476066
1.57,2.3203593965141622,1.1356573416735274,5.922751368182999,1.1847020548406348,-3126.379467787495,1.4972560654768983
1.575,2.320426303342112,1.1405423095919442,5.898661022836874,1.179883993750168,-1367.7910171566023,0.8141862528532355
1.58,2.320492555194723,1.1438640877764674,5.882383359262283,1.1766284674182554,2344.7846008410493,0.12253694592347397
1.585,2.3205581114655067,1.1477720621112009,5.863171243410511,1.1727860493543059,2149.3858841030515,0.2657345089573817
1.59,2.3206229429659078,1.1510938402957245,5.846886489564276,1.1695291026701833,-195.39871673785655,0.6335607392315796
1.595,2.320687150223162,1.155588010780668,5.824736657085335,1.1650991394424939,-781.5948669468751,0.7788867523572636
1.6,2.3207508255622256,1.1594959851154014,5.805515149034591,1.1612548404468241,-390.7974334725835,0.891691007893749
1.605,2.320814053175817,1.163794756883608,5.784336267643764,1.157019296292209,-1758.5884506297566,0.7245856440363341
1.61,2.3208769818704287,1.1682889273685515,5.762179130197907,1.1525880545018772,-390.7974334732948,0.024893588488363427
1.615,2.32093971201448,1.172001502986548,5.743929160032821,1.1489382090279319,1563.1897338941758,-0.5370067049170708
1.62,2.321002136476161,1.1757140786045446,5.725677810014957,1.1452880578716165,-1172.3923004203975,-0.5172242066464992
1.625,2.321064151632739,1.179817451656015,5.7054705451514645,1.1412466999767241,-1367.7910171580984,-0.5277691795413264
1.63,2.321125752372718,1.183334628557275,5.688192284033835,1.1377911238154428,2930.9807510499063,-0.7668974166108178
1.635,2.3211868548063883,1.1860702105915883,5.67481958178164,1.1351166442148,1953.9871673678945,-0.7097782636833392
1.64,2.3212473017909194,1.1897827862095849,5.656558695215129,1.1314645155813345,-1367.7910171564613,-0.5163838088151582
1.645,2.3213070546380106,1.1936907605443183,5.637317393057572,1.1276162940936922,-586.1961502117183,-0.5438198041929594
1.65,2.3213660749525022,1.1970125387288422,5.621003447931934,1.12435353622366,-195.3987167357234,-0.2735110538765104
1.655,2.321424234743797,1.2013113104970483,5.599800263426995,1.120112924246749,586.1961502117188,0.4921682130998497
1.66,2.321481528037662,1.2044376899648352,5.584454732861079,1.1170438380728267,390.79743347144756,0.7796441923346777
1.665,2.3215381216126945,1.2087364617330425,5.563243762138162,1.112801659879652,-2149.385884104045,0.004228495811248401
1.67,2.321594153214612,1.2126444360677755,5.543983984668445,1.1089497171468363,-586.1961502091602,-0.8175637364615702
1.675,2.321649494888894,1.2163570116857725,5.525697763905368,1.1052924832031217,3907.9743347335175,-0.5220681981654485
1.68,2.321703954711848,1.219483391153559,5.510338124845596,1.1022205635582891,2930.9807510504934,0.621771513067408
1.685,2.32175753700866,1.223586764205029,5.490089138403819,1.098170772803631,-4103.373051470235,1.4783046486854654
1.69,2.321810410461172,1.228862529556919,5.46397465277214,1.0929478809042528,-4103.373051470377,1.1410845107207033
1.695,2.321862869743505,1.2333567000418626,5.441766075851259,1.0885061697016425,2735.582034313631,0.0736237325327227
1.7,2.321914998767232,1.236678478226386,5.42541781332101,1.085236520540846,1172.392300419741,-0.2686754567093743
1.705,2.32196663417794,1.2415634461448029,5.401251137401455,1.0804031880331373,-3321.7781845239297,0.062283506281375356
1.71,2.322017793253761,1.245666819196273,5.380990056818402,1.0763509740574881,-195.39871673614994,-0.03622728343090098
1.715,2.3220685616365087,1.2493793948142695,5.362679861918477,1.0726891668222391,2735.5820343139167,-0.3043774754019297
1.72,2.3221188562042654,1.2525057742820562,5.347298510439384,1.0696130819222092,390.797433472869,-0.16351512527990741
1.725,2.3221686158919272,1.2566091473335264,5.327029702037188,1.065559468558401,-586.196150210013,-0.018340852534493912
1.73,2.3222178832412697,1.2599309255180495,5.310666554594759,1.0622869577232201,1.4100010048423428e-10,-0.07756301982908376
1.735,2.3222666334290705,1.2636435011360465,5.292346952830561,1.058623132293024,-586.1961502098718,-0.19304347887328133
1.74,2.322314856023921,1.267356076754043,5.274024808024255,1.054958779269878,1172.392300420596,-0.2534518074526204
1.745,2.3223625366849183,1.2704824562218298,5.258631010237847,1.0518800804630886,2344.7846008392307,0.09640107094807515
1.75,2.322409581508741,1.2741950318398267,5.240303113265009,1.0482145496689144,-390.7974334747249,0.6411780330495414
1.755,2.3224560722076637,1.2782984048912969,5.2200185071006935,1.0441576673163668,-2344.7846008393904,0.7823865141177191
1.76,2.3225021560968004,1.28279257537624,5.197777918600403,1.0397095807205605,-1367.7910171550388,0.6708305997449178
1.765,2.3225478811753395,1.2867005497109734,5.178466547902425,1.0358473314643661,586.1961502098723,0.4604757722859135
1.77,2.3225933621746133,1.2908039227624435,5.1581769881078365,1.0317894394121698,1953.987167365622,0.2133092689860021
1.775,2.3226386344185457,1.2943210996637038,5.140817385194312,1.0283175347548419,-781.5948669465909,0.2547936233554592
1.78,2.322683660217952,1.298815270148647,5.11857159806512,1.0238683900693049,-3517.1769012603654,0.1367782545003141
1.785,2.322728545246551,1.303114041916854,5.097302113405875,1.019614503329697,390.79743347315315,-0.568608525668436
1.79,2.3227733050204398,1.306045022667904,5.082870967751101,1.0167282823525359,2344.7846008414735,-1.017219632899467
1.795,2.32281775043761,1.3095621995691638,5.065507277715483,1.0132555508684462,-390.79743347258443,-0.6521887689814247
1.8,2.322861727973551,1.3128839777536871,5.0491182483804335,1.0099777502198637,-586.1961502114327,-0.16595407885234215
1.805,2.3229052327720896,1.316010357221474,5.033703854160482,1.0068948755506155,1953.9871673654784,-0.04449211189695368
1.81,2.322948276888517,1.3189413379725243,5.019264154288399,1.0040069389159925,2540.1833175783345,0.08427872870698305
1.815,2.322990826295911,1.321872318723574,5.004821984210946,1.0011185075723372,-976.9935836828801,0.44225571627978355
1.82,2.323032907273225,1.3261710904917812,4.983538519569144,0.9968618167814438,-2344.784600842327,0.6751602953158802
1.825,2.3230746152878035,1.3296882673930412,4.966161166585861,0.9933863478947622,-195.39871673629307,0.539068670661886
1.83,2.3231160613833923,1.3335962417277742,4.946829668710075,0.9895198196556181,-390.79743347173144,0.35677295272763365
1.835,2.3231572749080613,1.3371134186290343,4.9294507664830665,0.986043856279027,-781.594866947158,0.368637208794096
1.84,2.323198278287689,1.3410213929637678,4.910115493272468,0.9821768853239212,2344.784600840053,0.29204753872135747
1.845,2.323239161929638,1.343756974998081,4.896641666562586,0.9794821869315571,1758.5884506303237,0.15477581143840213
1.85,2.323279926623324,1.3476649493328146,4.877306500718733,0.9756149772905096,-2735.582034314058,0.20964758135733386
1.855,2.323320568400072,1.3519637211010214,4.856016556650546,0.9713568472990508,-390.79743347343754,0.14137306948214873
1.86,2.323361161166109,1.3552854992855448,4.839610044109569,0.9680756618805644,2149.3858841037604,-0.123584371181101
1.865,2.323401703966945,1.3589980749035415,4.821249411664926,0.9644036290634033,-1563.189733893179,-0.034869874241392596
1.87,2.323442123289113,1.363492245388485,4.798980281163982,0.9599498779006281,-2149.3858841037686,0.33710571955226226
1.875,2.3234824450458853,1.367009422289745,4.781595705691887,0.9564730227561402,390.79743347289457,0.2944288706885297
1.88,2.323522778122462,1.370721997907742,4.763234253185062,0.95280078021472,1172.392300420353,-0.16243191822695713
1.885,2.3235631287426126,1.3738483773755286,4.747803917107103,0.949714751367084,2149.385884104045,-0.38065922012719783
1.89,2.323603420095027,1.3773655542767886,4.7304193358910505,0.9462378658182384,2344.7846008403376,-0.03135305007616898
1.895,2.323643592625209,1.380687332461312,4.714011184841884,0.942956260163897,-1172.3923004208782,0.695298003279283
1.9,2.3236836685475875,1.385572300379729,4.689786626639727,0.9381113681678586,-2735.5820343140576,1.270666395782885
1.905,2.323723805340624,1.3898710721479357,4.6684933731863,0.9338527331926885,-976.993583682598,1.146985434559153
1.91,2.323764218778147,1.394169843916142,4.647201518670823,0.9295943748620048,-1172.3923004194598,0.4337587972713626
1.915,2.323805037555254,1.3986640144010856,4.624935860001827,0.9251410231541686,390.7974334728692,-0.0723021307180749
1.92,2.3238462177721395,1.4021811913023456,4.607556756476102,0.9216650264697939,1367.7910171566054,-0.10243216223671192
1.925,2.323887723027896,1.4058937669203424,4.5892021085818175,0.9179939561075534,-976.9935836831662,-0.24858311292065016
1.93,2.323929593227435,1.4099971399718123,4.568895157455697,0.9139324532556226,586.1961502100119,-0.5565854712585918
1.935,2.323971759326387,1.4129281207228626,4.554452684861866,0.9110436386035243,1758.588450630039,-0.43380243482714675
1.94,2.32401409656092,1.416640696340859,4.536102773477874,0.9073734002200611,-390.7974334740051,0.041643862402907295
1.945,2.3240565898652563,1.420353271958856,4.517753386336237,0.9037033179064002,195.39871673686037,0.3327469434566317
1.95,2.32409929397016,1.423870448860116,4.500381841895783,0.9002288451100442,586.1961502108659,0.36381138301067084
1.955,2.3241422562883667,1.4277784231948494,4.481057437446214,0.8963638330935173,-976.9935836837329,0.2564200605093061
1.96,2.3241855182020985,1.4318817962463195,4.460757406263975,0.892303721955779,-781.5948669468723,-0.08634670052741744
1.965,2.324229122407101,1.435789770581053,4.4414359752204815,0.8884393518260478,195.39871673685948,-0.4878201349356519
1.97,2.324273025676796,1.4396977449157864,4.422115955579417,0.8845752807610097,586.1961502100122,-0.34768129438589457
1.975,2.324317101874758,1.4436057192505198,4.402796733442863,0.8807113826242383,-390.7974334731526,0.3443997908902994
1.98,2.3243613285741174,1.447513693585253,4.383478210103836,0.8768476349888643,-1758.5884506306083,0.6781077703976537
1.985,2.3244058470100444,1.45181246535346,4.362207115312711,0.8725933816565843,586.1961502094445,0.22725187960759796
1.99,2.3244507712938534,1.4549388448212468,4.34679997688904,0.8695119264726066,2735.582034314627,-0.22644911240375598
1.995,2.32449603592073,1.4586514204392431,4.328463531930415,0.8658446154814867,-195.39871673605978,-0.10452074320707294
2.0,2.324541581087884,1.4625593947739768,4.3091514740901,0.8619821863139072,-2930.9807510510095,0.07947214697882221
2.005,2.324587442157702,1.4668581665421834,4.287886990996223,0.8577292756155188,-586.1961502107033,-0.2253896471416097
2.01,2.324633653435466,1.4701799447267068,4.271509212780876,0.8544537087087594,2344.784600839983,-0.7713727057990155
2.015,2.324680145193108,1.4735017229112304,4.255132825701225,0.8511784222818777,1172.3923004205508,-0.9582430820387177
2.02,2.324726762946953,1.477214298529227,4.23680307242428,0.8475124644177259,-390.79743347341895,-0.4884578137875455
2.025,2.324773373654242,1.4809268741472237,4.21847327670579,0.8438464995070185,-390.7974334734431,0.3405923524723981
2.03,2.324819951379261,1.484834848481957,4.199166316725252,0.839985102897304,-1172.3923004194248,0.7098740834976188
2.035,2.3248666390832904,1.4887428228166906,4.179859902026162,0.8361238162665998,-586.1961502107547,0.2554873191229408
2.04,2.3249135593247443,1.492650797151424,4.160554646323308,0.8322627621733203,2149.385884102755,-0.1861224640719844
2.045,2.324960651354336,1.495777176619211,4.145158220943166,0.8291834747351252,781.5948669478839,0.001874805661794543
2.05,2.325007842270721,1.500075948387417,4.123900326132731,0.8249318938833039,-2735.58203431281,-0.0252568869996459
2.055,2.3250552243449154,1.5041793214388874,4.103620378805285,0.820875902906028,-1563.1897338934116,-0.8339149547964628
2.06,2.325102802091997,1.5078918970568842,4.085295395497857,0.8172109050351128,2344.7846008401148,-1.3085093479503542
2.065,2.3251503327981418,1.5112136752414076,4.0689241629436825,0.8139366575567342,2149.3858841028314,-0.6088083441113686
2.07,2.3251976048736176,1.514535453425931,4.052551636268619,0.8106621514476866,-2149.3858841032697,0.24867308155762213
2.075,2.325244668204667,1.5192250226276112,4.029339110011604,0.8060196455770556,-586.1961502095121,0.22159830962204485
2.08,2.325291641807239,1.5221560033786614,4.014919076746125,0.8031356384285775,2344.7846008398574,-0.19718875250875212
2.085,2.325338479237572,1.5260639777133946,3.995613394205652,0.7992745015241776,-1367.7910171562496,-0.4931853621314426
2.09,2.32538513449117,1.5301673507648643,3.975329806801517,0.7952177837263057,-1758.5884506295502,-0.8390274768998519
2.095,2.325431568708105,1.534075325099598,3.956022107480704,0.7913562436085071,3712.5756179973546,-0.6851295842125702
2.1,2.325477589740049,1.537201704567385,3.940620316316032,0.7882758851726641,2735.5820343131827,0.5464710989144701
2.105,2.325523097588789,1.5415004763355915,3.9193539975303326,0.7840226212531975,-4884.967918418068,1.7708365174940388
2.11,2.325568322424292,1.5469716404042184,3.892223151854186,0.7785966820200734,-4689.569201680222,1.5694667717980582
2.115,2.3256136123507227,1.5510750134556883,3.8719318166205743,0.7745385988950344,2930.980751050996,0.3928213871517784
2.12,2.325659103380416,1.5545921903569486,3.854572651576001,0.7710669130234675,3712.5756179963028,-0.2127271517337982
2.125,2.325704682460678,1.5581093672582085,3.837214073921626,0.7675953152024697,-2344.784600839873,-0.09121000488221592
2.13,2.325750325429808,1.5629943351766251,3.813016978335679,0.7627559902531831,-2149.385884103399,-0.28531516676365054
2.135,2.3257960951915035,1.5663161133611485,3.796636559549933,0.759479981830355,1758.5884506285038,-0.8565432383988998
2.14,2.3258418973624635,1.569833290262409,3.779279384561144,0.7560086071000545,586.196150210254,-1.0374057629292346
2.145,2.325887565228032,1.5735458658804056,3.760944604729175,0.7523416993476266,586.1961502118061,-0.6317794722576787
2.15,2.3259329626351444,1.5768676440649287,3.744562507986256,0.7490653185702156,976.9935836830209,-0.12383412268939509
2.155,2.3259780551645006,1.5803848209661888,3.727201931842046,0.7455932341983118,-1367.7910171573255,0.01544172505422603
2.16,2.3260228894683777,1.5846835927343956,3.705932121092645,0.741339296733982,-781.5948669462637,-0.012915332376981059
2.165,2.3260674411667868,1.5878099722021823,3.6905228835035535,0.7382574689646044,390.79743347258614,0.03508124706288562
2.17,2.326111693303889,1.5919133452536525,3.670227199937955,0.7341983480502365,390.79743347344504,-0.20738942424707818
2.1750000000000003,2.3261557103195574,1.5950397247214392,3.654815324482352,0.7311159855981182,976.9935836848608,-0.4923663155410054
2.18,2.3261994092229257,1.5989476990561724,3.63549389676952,0.7272517101667533,-586.1961502103651,-0.04980808910207801
2.185,2.326242655233389,1.6024648759574327,3.618124201870732,0.7237777792759563,-1953.9871673675539,0.6756373528560655
2.19,2.3262855448591715,1.6067636477256393,3.596844758802764,0.7195218971335322,2540.183317576386,0.9220801879906234
2.195,2.3263282261001925,1.6094992297599529,3.583380228951625,0.7168289963402397,3321.778184523441,0.8675920020095927
2.2,2.326370775849979,1.6134072040946863,3.564053085319151,0.7129635717552929,-4494.170484942721,0.516088734912006
2.205,2.326413345000156,1.6186829694465763,3.53788708774439,0.7077303755535798,-4298.771768207072,-0.11986545672473516
2.21,2.3264559697873515,1.6222001463478364,3.5205143139211152,0.7042558234395151,2930.9807510486635,-0.30709583683120145
2.215,2.326498528022014,1.6255219245323598,3.504118203569448,0.7009766034896543,2930.9807510510395,-0.0012509491398345618
2.22,2.326541006805831,1.6288437027168832,3.487721698084026,0.697697304088948,-1172.3923004191997,0.009543720977919251
2.225,2.32658346806993,1.6329470757683533,3.467417132361658,0.6936363923015769,-390.797433474202,-0.2640557431732472
2.23,2.3266258856544693,1.6362688539528767,3.4510191737734943,0.6903570317015926,1563.1897338938606,-0.1792853245774422
2.235,2.3266681746876245,1.6397860308541363,3.433643809962378,0.6868821438334882,-781.5948669458666,0.2506807956592485
2.24,2.3267103422775226,1.6440848026223436,3.4123600494943584,0.682625539655179,-1367.7910171570948,0.4450215354267792
2.245,2.3267524685897736,1.6476019795236037,3.3949842048881327,0.6791504890661699,-586.1961502105881,0.04379631093343145
2.25,2.326794627355787,1.651509953858337,3.3756546537155883,0.6752846734974498,-586.196150209754,-0.6944910475681613
2.255,2.326836794797912,1.655027130759597,3.35827922775676,0.6718096640383151,1758.5884506300138,-0.9391950692360962
2.26,2.326878784685573,1.657958111510647,3.343833970509291,0.6689206731749262,2735.5820343132114,-0.22437686908459953
2.265,2.326920458820992,1.661475288411907,3.3264562143356664,0.6654451704090851,-195.39871673552693,0.8918547055713755
2.27,2.326961875071812,1.6651878640299036,3.3081002236242463,0.6617740110419086,-2930.9807510495643,1.4675073657599549
2.275,2.3270032362821453,1.669682034514847,3.2858360221507685,0.6573212017672982,-195.39871673819658,1.0094953898942876
2.28,2.327044790369209,1.6730038126993705,3.269434777583127,0.6540409776698386,2735.582034311963,0.15894293795780068
2.285,2.3270865946887374,1.6767163883173677,3.251080821826509,0.6503702063713697,-976.9935836827027,0.07309173440721506
2.29,2.3271285400731543,1.681210558802311,3.228819616912457,0.6459179812708433,-3126.3794677863216,0.4859952164793173
2.295,2.327170692983706,1.6853139318537809,3.208513452678732,0.6418567611299253,-3.796003511524759e-10,0.36481150431195064
2.3000000000000003,2.327213197275382,1.688831108755041,3.191140038807501,0.6383820885203408,1172.392300421058,-0.06051573365081353
2.305,2.3272560171622687,1.692348285656301,3.1737682130769893,0.6349077315059677,976.9935836834146,-0.20243567234950333
2.31,2.327299126787396,1.695865462557561,3.156398994329238,0.631433664229835,1758.5884506292648,-0.12679146237815342
2.315,2.3273425067086904,1.6989918420253478,3.140984890703109,0.6283506646833426,-2.3021584638627246e-10,-0.002497917819288764
2.32,2.3273861261735247,1.7032906137935544,3.1197098444713136,0.6240955123799703,-1953.9871673663247,-0.03943158162660465
2.325,2.3274300348315085,1.7070031894115512,3.101367081899301,0.6204268454199573,-1367.7910171566027,-0.12265926244477565
2.33,2.3274741929358504,1.7111065624630215,3.081071464946101,0.6163676304728289,-390.7974334737444,0.012394328052834025
2.335,2.3275185620991428,1.714428340647545,3.0646847860659,0.6130902214515979,1172.3923004196984,-0.033392365139673474
2.34,2.3275632044151098,1.7179455175488048,3.047322406120198,0.609617686866305,2149.3858841031556,-0.4137383913871797
2.345,2.32760810090592,1.720876498299855,3.0328922192036063,0.6067316026060652,-195.3987167355353,-0.46826008826880994
2.35,2.3276531272189387,1.7249798713513247,3.012600673019041,0.602673255867614,-1953.9871673660803,-0.09211506693413063
2.355,2.32769823751345,1.728497048252585,2.995240489991447,0.5992011892608651,390.7974334719482,-0.014517182762574798
2.36,2.327743493087248,1.732014225153845,2.977881003359056,0.5957292679334028,1953.987167365744,-0.34172955025726126
2.365,2.327788879806665,1.7353360033383685,2.96149914203746,0.5924528764682964,-976.9935836833056,-0.4503139916778247
2.37,2.3278342875028555,1.7394393763898388,2.9412093920642106,0.5883949111130167,-2540.18331757612,-0.3355472296106848
2.375,2.327879686056015,1.7433473507245718,2.921896574598862,0.5845323353314431,1367.7910171580827,-0.3507420044002249
2.38,2.327925060151769,1.7462783314756218,2.9074685904763973,0.5816467286761471,2735.5820343136047,-0.23087202123405698
2.385,2.327970320714271,1.7499909070936184,2.8891320545221366,0.5779794136206524,-1.9193748812540434e-09,0.17384987586408235
2.39,2.328015460291984,1.7538988814283525,2.869817912195602,0.5741165788636313,-976.9935836834266,0.44744468624456235
2.395,2.328060552909411,1.7580022544798222,2.8495265351922443,0.5700582984295888,-1563.189733891793,0.4104839203478349
2.4,2.328105661773377,1.762301026248029,2.8282582408045243,0.5658046355253479,-2149.3858841040437,0.2519120647548499
2.405,2.328150830086121,1.7664043992994989,2.807967233217684,0.5617464307866222,1758.5884506290745,0.1238188457364022
2.41,2.328196075079868,1.7699215762007592,2.790607586565544,0.5582744988791086,4298.771768207889,0.057133406983208734
2.415,2.3282414041564667,1.7730479556685457,2.7752011947581203,0.5551934484879211,-2735.5820343140567,-0.0525046777965843
2.42,2.328286824030303,1.7785191197371728,2.748071561902976,0.5497677042931302,-4298.771768207566,-0.29742375261323656
2.4250000000000003,2.328332332253854,1.7822316953551691,2.729735495425795,0.5461006368986847,3321.778184524879,-0.39799049119437474
2.43,2.3283778561200044,1.785358074822956,2.7143306338136526,0.5430197812970483,1758.5884506292123,-0.14740140329646859
2.435,2.328423316954531,1.7896568465911629,2.693063612262082,0.5387664703633681,-2930.9807510507635,-0.11194739784060842
2.44,2.3284687733584803,1.7937602196426328,2.672774805677776,0.5347085537158476,-195.39871673634357,-0.5785478330721752
2.445,2.328514210857094,1.7970819978271562,2.6563937235708672,0.531432213029938,1758.5884506300729,-0.825873750329695
2.45,2.3285594637983333,1.800794573445153,2.6380587574050187,0.5277648903531804,-195.39871673580117,-0.5378750512364032
2.455,2.3286044354137108,1.8043117503464128,2.62069904874996,0.524292685067298,-390.7974334737203,-0.2008824088761949
2.46,2.328649101565813,1.8082197246811464,2.601383562056288,0.5204293768846666,1563.1897338917759,-0.15189596695101315
2.465,2.328693452749329,1.8111507054321965,2.586951257594204,0.5175427473171326,6.715325718465494e-10,-0.4304866726556096
2.47,2.3287374857785106,1.81564487591714,2.564702395175693,0.5130926098613706,-781.5948669449792,-0.7384853563508837
2.475,2.3287811109679826,1.8191620528184,2.5473360965049934,0.5096190581495825,390.79743347299126,-0.6195199486570013
2.48,2.3288241859497534,1.8230700271531333,2.528012767650773,0.5057541587966201,-1563.189733895185,-0.2213383044135253
2.485,2.3288666715843145,1.8275641976380768,2.505755277727336,0.5013024739462377,195.39871673697786,-0.01533122883749094
2.49,2.3289085825595923,1.8308859758226,2.489356689143887,0.4980226067369924,2540.183317579048,-0.030870825185159934
2.495,2.328949913260021,1.8347939501573332,2.470024068942591,0.49415596310268795,-1172.392300420207,-0.09997833700490455
2.5,2.328990660276799,1.8392881206422769,2.44775742997794,0.48970253963452226,-2735.582034315034,-0.15171862969508876
2.505,2.329030805124276,1.843391493693747,2.4274416716589147,0.4856393114305291,-390.79743347484725,-0.12246999716568885
2.51,2.3290703191230366,1.847104069311744,2.4090766697234907,0.48196624981129266,1563.1897338934716,-0.11082021529764186
2.515,2.32910919545845,1.850621246213004,2.391685411822864,0.47848794924544613,2149.3858841057045,-0.32577088859410974
2.52,2.329147436628308,1.8539430243975272,2.375267922692414,0.4752044122307808,-195.3987167366619,-0.5982963455154606
2.525,2.3291849734423287,1.8580463974489976,2.354938898259474,0.4711385759933311,-1953.9871673681223,-0.5098320892214843
2.53,2.329221687021724,1.8619543717837308,2.335581569726397,0.46726731523799314,195.3987167364615,-0.12959882667461953
2.535,2.3292575407795653,1.8654715486849909,2.318175284364027,0.4637859920945744,1563.1897338925755,0.1279904208216358
2.54,2.329292560471196,1.869184124302988,2.2997877690159707,0.46010843616820774,-390.7974334736833,0.17969511219463685
2.545,2.329326767871334,1.8730920986377209,2.2804191457700203,0.4562346692336132,-1563.189733890873,0.1778511025919589
2.5500000000000003,2.3293601849671437,1.8771954716891908,2.260069535133334,0.45216471327795293,-195.3987167357322,0.13151991311118172
2.555,2.3293928344127472,1.8805172498737144,2.243624026752032,0.44887558453903287,781.5948669442829,-0.0421721864542155
2.56,2.3294247383606708,1.884425224208448,2.2242437830686166,0.4449995141522227,976.9935836832071,-0.224026374553437
2.565,2.329455871923717,1.8875516036762343,2.208767640145423,0.44190426824748275,-390.7974334730467,-0.16179696785896613
2.57,2.329486178479591,1.8916549767277049,2.1884023769478467,0.43783120175188595,-1758.5884506305388,0.05430089345294187
2.575,2.329515656377869,1.8951721536289647,2.170963937357264,0.43434350274890443,781.5948669483786,0.08963247438470834
2.58,2.329544343526936,1.898493931813488,2.15449852651944,0.43105041171344816,2149.385884104338,-0.029902105609525442
2.585,2.3295722420760976,1.9016203112812748,2.139006157397884,0.42795193079482274,-586.1961502113983,-0.030220036251038973
2.59,2.32959932313518,1.9057236843327447,2.118624725813201,0.4238756388024352,-1367.7910171586273,0.050977590433516795
2.595,2.329625599116296,1.9090454625172688,2.1021472374979666,0.4205801365990274,195.3987167377043,0.07496946466274812
2.6,2.329651087084287,1.912758038135265,2.083711817409381,0.4168930489490221,1172.3923004220162,0.20084261876706
2.605,2.329675778476056,1.9160798163197883,2.0672263979747645,0.4135959621562677,1172.3923004189253,0.4753284537174598
2.61,2.3296997103437214,1.919792391937785,2.048783190846432,0.4099073184059363,-586.1961502105216,0.5661635393040516
2.615,2.329722980997995,1.9238957649892552,2.0283826881591085,0.40582721600873994,-2344.7846008395027,0.30979920438754815
2.62,2.3297456682419373,1.927999138040725,2.0079792665603957,0.4017465302012122,-1563.1897338943224,-0.009841677410910243
2.625,2.3297677728456536,1.9319071123754588,1.9885499238564517,0.39786066047019486,1172.3923004206463,-0.10705702806035555
2.63,2.3297892705781384,1.9350334918432448,1.9730255199408564,0.39475577873489365,2540.1833175777924,0.01442155166852599
2.635,2.3298101441773533,1.938550668744505,1.95554400723936,0.3912594754328482,781.5948669466238,0.18491110921568588
2.64,2.329830410295297,1.9420678456457652,1.938059456369764,0.38776256464953196,-2540.1833175769834,0.24020940770686394
2.645,2.3298501094146467,1.9463666174139724,1.9166640955630645,0.3834834920006742,-1953.9871673680186,0.12634323951478388
2.65,2.329869272304523,1.9498837943152325,1.8991740274562152,0.3799854779892904,2344.784600839778,-0.07427887084066231
2.655,2.3298879087669406,1.9528147750662823,1.884612307573111,0.3770731337006583,3126.3794677878304,-0.12328965226506527
2.66,2.3299059829490547,1.956527350684279,1.8661398016417423,0.37337863226477563,-586.19615020986,0.1387696175924149
2.665,2.329923467955365,1.960239926302276,1.8476643495817453,0.36968354165308903,-4103.373051470641,0.4520104488392449
2.67,2.3299404189392408,1.9651248942206925,1.8233242657077904,0.3648155247185483,-1.9252865968155675e-10,0.4716813023720421
2.6750000000000003,2.3299569257495367,1.9680558749717427,1.8087518966430176,0.361901050777794,4298.771768207018,0.2822205098595112
2.68,2.32997303228553,1.9715730518730028,1.7912465453278834,0.3583999804125273,-1367.7910171563547,0.12298071567322899
2.685,2.3299887538307584,1.9762626210746828,1.7678773074545846,0.3537261327560757,-3321.778184523367,0.01915717490419455
2.69,2.330004105208432,1.980170595409416,1.7484141929964525,0.34983350979901595,976.9935836815401,-0.021016040818650383
2.695,2.330019075179746,1.98349237359394,1.73188015219214,0.346526701585806,976.9935836830279,0.018637484231539547
2.7,2.330033656865121,1.9875957466454095,1.7114361955710522,0.3424379102197117,1953.9871673684952,-0.005981845276968878
2.705,2.3300478687804587,1.9907221261131969,1.6958753579763146,0.3393257426672618,1953.9871673669643,1.1415286118676502
2.71,2.330061705893083,1.9948254991646663,1.6754276784160949,0.3352362067284165,-4494.170484944562,7.374724390558258
2.715,2.3300751286510506,1.99990586579982,1.6500929591373723,0.3301692628512305,-4103.3730514696135,17.304346445427438
2.72,2.330089393820928,2.003813840134553,1.6306244133988557,0.32627555368637484,3712.5756179986347,17.94563658876342
2.725,2.330108229515913,2.0065494221688667,1.6170406817708252,0.32355880734704634,3126.3794677856167,4.171579287799819
2.73,2.3301340249951026,2.0104573965036003,1.5976297875479966,0.31967662849150225,-1953.9871673689408,-7.771338139833421
2.735,2.330165117011634,2.0143653708383336,1.5782453760009,0.31579974617330064,976.9935836832328,-6.61730664092013
2.74,2.330199770994894,2.017882547739594,1.5608327614460271,0.3123172232553002,2735.5820343146675,-1.1390245788327018
2.745,2.3302380198000745,2.0213997246408537,1.5434381209937336,0.3088382951592208,-3126.37946778636,0.47389341318714173
2.75,2.330280014513662,2.027066287426217,1.515315280657337,0.3032137270874449,-1563.1897338938165,-0.45383182509798203
2.755,2.330325798856655,2.0303880656107403,1.4989353114676716,0.29993773324591455,2149.38588410261,-1.6154621783931908
2.76,2.330375229444819,2.034882236095684,1.4767116119981618,0.2954929933491348,-2344.7846008397255,-2.514318639442209
2.765,2.33042800034955,2.0397672040141006,1.4525506269412465,0.2906607963354495,-1758.5884506284633,-3.329113125971114
2.77,2.330483800326187,2.0434797796320976,1.4342667487436558,0.2870040206940896,2344.7846008398233,-3.8221293740998608
2.775,2.3305421099601213,2.047192355250094,1.4159954188307111,0.2833497547100272,586.1961502081383,-3.5664135751293546
2.78,2.33060239804464,2.051100329584828,1.3967569875855308,0.2795020684598124,-1367.7910171562771,-3.2560950418772387
2.785,2.3306643055589937,2.055008303919561,1.3775266534883472,0.2756560016394327,390.79743347576164,-3.527513404435277
2.79,2.330727456186603,2.058330082104084,1.3612335157075506,0.27239737408251896,1367.7910171560547,-3.8271616892869105
2.795,2.330791331051126,2.0618472590053445,1.3439670055268815,0.26894407204578163,-390.7974334744884,-3.770767120272521
2.8000000000000003,2.3308554472386707,2.065559834623341,1.3257247083770356,0.26529561261532963,-1367.7910171557508,-3.6085971089506055
2.805,2.3309193592748296,2.0690770115246013,1.30845838405346,0.2618423477502283,-390.7974334737203,-3.3428643999401197
2.81,2.3309826004337237,2.0723987897091245,1.2921656989268575,0.25858381072459924,1953.9871673667012,-2.824669621759417
2.815,2.3310447816329942,2.0753297704601747,1.277821701169197,0.2557150111728195,2930.9807510504033,-2.095833644943702
2.82,2.331105572907362,2.078456149927961,1.262493760203092,0.2526494229794012,-1.3434373613563366e-09,-1.4971308445408456
2.825,2.331164773455998,2.082559522979432,1.2422728976897122,0.24860525047656612,-2540.1833175751485,-1.4439975629446433
2.83,2.3312222688259405,2.086662896030901,1.222043509282707,0.24455937279503948,-586.1961502082022,-1.5587245198392825
2.835,2.3312778376129977,2.0907662690823714,1.2018044879611498,0.24051156853062627,2540.1833175740394,-1.1128097622755266
2.84,2.331331244191896,2.0944788447003684,1.1835086427660595,0.2368523994915277,-4.833395905734506e-10,-0.34527460769557905
2.845,2.331382415379472,2.099363812618785,1.1593396591121836,0.2320186027606872,-4298.771768204888,0.007897231455013198
2.85,2.331431386195467,2.1044441792539383,1.13418268001665,0.22698720694152863,-1172.3923004204205,-0.09274479992921414
2.855,2.3314781614808147,2.108352153588672,1.1148766847699274,0.22312600789214265,3712.5756179963996,-0.1596636786867318
2.86,2.331522702733884,2.112260127923405,1.0955606695216062,0.21926257481047928,781.5948669484334,0.05683718171705365
2.865,2.3315649831722247,2.116558899691612,1.0742791330002748,0.2150060834806129,-4689.569201680109,0.32334743025289825
2.87,2.331605034143469,2.1216392663267656,1.0490771406232946,0.2099657678167035,-1563.189733895597,0.27582610158521526
2.875,2.3316429372908845,2.1247656457945525,1.03363442777549,0.20687729149633194,4494.1704849434445,0.08458744815699326
2.88,2.3316787037716518,2.127892025262339,1.0181810978436343,0.20378667850931276,3126.379467787885,0.2561094481738184
2.885,2.331712299662895,2.131409202163599,1.0007641309559796,0.2003030974992961,-1563.189733893119,0.663455653011968
2.89,2.3317437962058807,2.135512575215069,0.9804054989434974,0.19623122099081147,-2735.582034311966,0.5800578415456412
2.895,2.331773326397705,2.139615948266539,0.96003573490939,0.19215737813116585,195.3987167361304,-0.38517362270379163
2.9,2.331800974901809,2.1429377264510627,0.9435657968784202,0.1888632484507462,1758.5884506269826,-1.3825139336627892
2.905,2.331826597553156,2.1466503020690597,0.925131600342077,0.1851762954840961,390.7974334749078,-0.9069397856361334
2.91,2.3318498546858133,2.150362877687056,0.9066854625529018,0.1814869769987575,-586.1961502054751,0.6752283789520277
2.915,2.331870730615314,2.154270852021789,0.8872503342367545,0.17759987859352488,-1172.3923004222622,1.390580862334863
2.92,2.3318895286181087,2.158178826356523,0.8678047435450744,0.17371070226158558,-586.1961502140012,0.9752597910054659
2.9250000000000003,2.3319064008125574,2.16189140197452,0.8493264592017465,0.17001499883803728,1758.588450632648,0.6855372353694644
2.93,2.3319213872795577,2.165213180159043,0.8327926868336611,0.16670820712051482,1563.1897338948752,0.8347125407223412
2.935,2.3319345834046783,2.16892575577704,0.8142959383449027,0.16300882762763846,-1953.9871673681223,0.9708966078392622
2.94,2.3319461162073947,2.1732245275452464,0.7928587125381182,0.15872158866214825,-2149.385884104156,0.9538005031120544
2.945,2.331956113104217,2.176937103163243,0.7743449941487807,0.15501900994097406,1953.9871673667685,0.899190191319371
2.95,2.331964686298228,2.1802588813477666,0.757778309369445,0.1517058049504616,2540.1833175784786,0.8907778985187536
2.955,2.331971943711677,2.1837760582490264,0.7402281840689714,0.1481958854626506,-1563.1897338933263,0.9254024422487133
2.96,2.3319779967422494,2.18827022873397,0.7177871745079795,0.14370776800827922,-2149.385884106163,0.9365173471566925
2.965,2.331982966004956,2.191982804351967,0.6992499550600519,0.1400001616529889,-390.7974334749024,0.8712410144086693
2.97,2.3319869729419005,2.195695379969964,0.6807077615176108,0.13629159297193638,2.0585275706253015e-09,0.7792732540677432
2.975,2.3319901165014016,2.19940795558796,0.6621622712752212,0.13258216091344144,2149.3858841061738,0.7323296870252745
2.98,2.331992486138196,2.2021435376222733,0.6484975453276972,0.12984894851592266,2540.1833175755455,0.7132587501247447
2.985,2.331994174474268,2.206051511957007,0.628967184166444,0.12594266251726083,-390.7974334753915,0.6909802272049226
2.99,2.3319952686608225,2.209764087575004,0.6104106320748773,0.12223118108581854,-2344.78460083804,0.660872828745958
2.995,2.331995853182305,2.2144536567766835,0.5869663927264072,0.11754219640562136,-1758.5884506297298,0.5982821406291008
3.0,2.331996011490008,2.218166232394681,0.5684048534169496,0.11382977909532688,-1172.3923004223516,0.5051722163784902
3.005,2.331995813498341,2.222269605446151,0.5478874359948749,0.10972620805219035,-195.39871673667028,0.43610502928009676
3.01,2.3319953129078925,2.225591383630674,0.5312763923549039,0.10640392927721853,2930.9807510513474,0.41528920064597374
3.015,2.3319945605945933,2.228326965664987,0.5175950008047526,0.1036675949296062,3126.3794677880105,0.41161013655251755
3.02,2.3319936090195057,2.2318441425662474,0.5000045825733415,0.10014946645325828,-390.7974334746069,0.3915846428980958
3.025,2.331992509760262,2.2355567181842444,0.4814363875074011,0.09643579157601767,-2540.1833175792563,0.3402359999427256
3.03,2.331991311434984,2.240050888669188,0.4589596869125043,0.09194042276579584,-781.5948669452757,0.26769712690112574
3.035,2.3319900525799904,2.2435680655704475,0.4413676228962053,0.08842198700954285,2.1269670469337143e-09,0.21138067523906334
3.04,2.331988760390327,2.247671438621918,0.4208443885025116,0.08431732176840923,-1367.791017158711,0.19576504428185995
3.045,2.331987456750905,2.2515794129566515,0.4012980720813119,0.08040804379425337,1367.7910171558774,0.19237802206361923
3.0500000000000003,2.3319861672662103,2.254705792424438,0.3856597860785703,0.0772803748417723,3321.7781845245436,0.16462951379026552
3.055,2.3319849180380503,2.2582229693256983,0.3680677024391997,0.07376194871235198,-390.7974334735582,0.1243607221113131
3.06,2.331983724440656,2.262521741093905,0.3465679132173779,0.06946198334675113,-2540.183317577299,0.08329158561081187
3.065,2.33198260107094,2.2668205128621115,0.3250684676127132,0.06516208820882863,-1367.7910171572328,0.03976123679193461
3.0700000000000003,2.331981556274386,2.270728487196845,0.3055233960242345,0.0612530690775408,-586.1961502091534,0.013244910803692111
3.075,2.33198058914116,2.274831860248315,0.2850017143551197,0.05714872889284495,1172.3923004209405,0.02076349403525085
3.08,2.331979702528637,2.2779582397161016,0.2693653993570701,0.0540214628125355,2735.5820343124733,0.12337043301613954
3.085,2.3319788954936205,2.2816708153340985,0.2507984984147947,0.05030808015952193,-1.8417267710901797e-09,0.34752704891613423
3.09,2.331978183966904,2.2853833909520955,0.2322320725494622,0.04659479301480829,-3126.3794677856877,0.46772205678277157
3.095,2.3319776434987545,2.290072960153775,0.2087815320869064,0.04190468334497943,-390.7974334704651,0.293055342979216
3.1,2.3319773481162347,2.2930039409048253,0.1941251577283272,0.038973407211409405,1953.9871673669188,0.02727572791631072
3.105,2.3319773008786195,2.2969119152395585,0.174585054914002,0.03506538563906103,976.993583681651,-0.10672006823146474
3.11,2.3319774880319724,2.300429092140819,0.1570001102123979,0.03154839589115355,-390.7974334752117,-0.14375264299818924
3.115,2.3319778949089427,2.304141667758816,0.1384404198974433,0.027836227150126902,-2540.18331757601,-0.1353718366203428
3.12,2.3319784969940494,2.308635838243759,0.1159735006104032,0.02334265875029029,-586.1961502081581,-0.10491098407779886
3.125,2.3319792818370817,2.311371420278072,0.1023002528237136,0.02060786155900951,1758.5884506304017,-0.1179442764964782
3.13,2.3319802396306284,2.315083995896069,0.0837439043970657,0.016896243734559224,390.79743347202486,-0.22163935625487563
3.135,2.331981356752052,2.318014976647119,0.0690971289652505,0.01396638010493323,-2.025650530288336e-09,-0.4485317069225061
3.14,2.331982597997433,2.3215321535483797,0.0515229353384003,0.010450444449053187,781.5948669477688,-0.8693231558254519
3.145,2.331983898014498,2.324463134299429,-0.0007237490249975,0.007520763715068934,-390.79743347061094,-1.5196705379594673
3.15,2.3319851235627564,2.327980311200689,-0.0007170183998374,0.004004812362067511,-3126.379467786901,-2.216730261466099
3.155,2.331986036301263,2.331497488101949,-0.0007070332603812,0.0004885481993142093,-976.9935836852351,-2.5605070462118973
3.16,2.3319862966560607,2.334037671419526,-0.0006944445094884,-0.0020513747634653967,2735.582034313644,-2.4265740080410745
3.165,2.331985554882086,2.3359916585868925,-0.0006809230292781,-0.004006103704806474,390.7974334736541,-2.2000321706626766
3.17,2.3319835567703,2.338727240621206,-0.0006643550459499,-0.00674368385090629,-1563.1897338937051,-2.035552280687808
3.1750000000000003,2.3319800271829587,2.3406812277885725,-0.0006465000199594,-0.008701200605613746,390.79743347284216,-1.8183576679578746
3.18,2.331974703873303,2.342439816239203,-0.0529508768696754,-0.010465112365900087,1172.3923004196822,-1.8481801552642452
3.185,2.3319674176516005,2.344003005973096,-0.0607817080244972,-0.012035588321495538,195.39871673777384,-2.2239466247238378
3.19,2.3319579196074023,2.345566195706989,-0.0686210070574394,-0.013608276099586814,-976.9935836825287,-2.5793061956842323
3.1950000000000003,2.3319458781078564,2.3471293854408826,-0.0764709503796291,-0.015183507333026203,-976.9935836837346,-2.749883144020309
3.2,2.331930980025973,2.3483017777413027,-0.0823783808963179,-0.016370797715329566,195.39871673543144,-2.201414056344767
3.205,2.3319128292455304,2.34908337260825,-0.0863458408985806,-0.017170543362719393,586.1961502108919,-0.4929606188852791
3.21,2.331891135245871,2.3496695687584594,-0.0893533761011843,-0.017778433512588343,6.070877134334296e-11,0.9643483707583371
3.215,2.3318660696505664,2.3500603661919333,-0.091400257848692,-0.01819429654136684,-1.6708554539945908e-09,0.6816324261655335
3.22,2.3318378923064773,2.35025576490867,-0.0924829901570571,-0.01841787260219263,781.5948669482689,-0.4063666304438236
3.225,2.331806563671335,2.3500603661919333,-0.0916241699139852,-0.01825380252059805,195.3987167373682,-0.6748802178441462
3.23,2.331771932840218,2.3500603661919333,-0.091759647242499,-0.01828843335171504,-781.5948669488722,-0.012961931758471934
3.235,2.331733904941206,2.349864967475197,-0.0909334504135648,-0.018131062533991216,195.39871673682603,0.5585362944776815
3.24,2.331692581966876,2.349278771324986,-0.0881684090632556,-0.017586189358110182,586.1961502113566,0.5056677636611084
3.245,2.331648080498247,2.3486925751747765,-0.0854193441598025,-0.017044494676529354,-390.7974334735065,0.28685409972635867
3.25,2.331600398222745,2.3481063790245664,-0.0826874006308322,-0.01650598080182153,8.528218131687026e-10,0.3822478876714026
3.255,2.3315495960102224,2.3471293854408826,-0.0780180434916886,-0.015579789430660185,586.196150208644,1.2239311587341533
3.26,2.331495668461925,2.3461523918572,-0.0733650921290979,-0.01465672339527524,-1.6528929336345755e-09,2.6595543434386695
3.265,2.331438833725019,2.345175398273516,-0.0687296003073542,-0.013736564548497032,1.9983303900517058e-09,3.35808454622065
3.27,2.3313796166155747,2.344003005973096,-0.0631313656428623,-0.012623389357521386,195.39871673798848,2.6412935113735996
3.275,2.3313184531969813,2.342830613672676,-0.0575447336267099,-0.0115121604756947,-586.1961502105388,1.2890103164412468
3.28,2.33125560076824,2.341658221372256,-0.0519668933835422,-0.010402620604015755,-976.9935836836999,0.3287448666359376
3.285,2.33119109571962,2.340290430355099,-0.0454217501937097,-0.009099334635479295,586.1961502103502,0.38959641216227325
3.29,2.3311249099302382,2.3385318419044694,0.0001024943007332,-0.007406931974231146,1953.9871673649109,1.5007932910292219
3.295,2.331057090037802,2.336577854737103,0.0001291519936983,-0.005520764699300962,586.1961502100833,2.7769878261098917
3.3000000000000003,2.33098793369798,2.3352100637199458,0.0001539286275664,-0.004222130021965587,-586.1961502074033,3.0063830590164113
3.305,2.3309179369448185,2.3336468739860523,0.0001760502543248,-0.002728937041233781,-1.0849703357962426e-09,2.2858141406344057
3.31,2.330847449059293,2.3322790829688964,0.0001948977155636,-0.0014316339096032138,195.39871673486206,2.9556391598361396
3.315,2.330776642823728,2.330911291951739,0.0002111258443866,-0.0001346491280109774,1.403748228767654e-09,7.626331661185512
3.3200000000000003,2.330705741828317,2.329738899651319,0.000224108347445,0.0009668421769979396,-586.1961502083423,12.81772683370295
3.325,2.330636163313691,2.328566507350899,0.0002344943498917,0.002069655962792183,-781.5948669480281,10.157334343717032
3.33,2.330570438336714,2.327589513767216,0.0002405028321851,0.0029809245694978337,390.7974334723169,1.0822966680735142
3.335,2.3305093161415407,2.3260263240333225,0.0002430092983559,0.00448299210821812,586.1961502106159,-3.485758505235765
3.34,2.3304516959188266,2.325049330449639,0.0002438643114604,0.005402365469187487,390.7974334734288,-1.425233714940795
3.345,2.3303971836039445,2.3236815394324823,0.0002422480022801,0.006715644171462198,390.7974334733939,0.7302677187232511
3.35,2.3303460288161504,2.322704545848799,0.0002386546352719,0.007641482967351454,-781.5948669466504,0.7043530979450701
3.355,2.330298340467189,2.3219229509818526,0.0002334796220013,0.008375389485336449,-390.79743347266253,0.13126973101345385
3.36,2.330254167296404,2.320945957398169,0.0467680887828941,0.00930820989823511,781.5948669459781,-0.29868968482619884
3.365,2.330213491084371,2.319968963814486,0.0514422230572586,0.010244527269885229,195.3987167354484,-0.5819714016291204
3.37,2.330176242629318,2.319382767664276,0.0541798493061021,0.010793474965042016,3.2719071896281093e-10,-0.7522167669543318
3.375,2.3301423367658063,2.318601172797329,0.057910304222058,0.011541163968477264,-195.39871673686915,-0.9204137452912136
3.38,2.330111672843491,2.318210375363856,0.0597034295370428,0.011901297479635087,-781.5948669457805,-1.1240789083904996
3.385,2.3300841252947277,2.317819577930382,0.0615113448482833,0.012264547364345901,2.213056404798408e-09,-1.2933277858456353
3.39,2.3300595375251776,2.317233381780172,0.0643104191420713,0.012826155745005785,390.79743347227407,-1.351749451429848
3.395,2.330037732592227,2.316842584346699,0.0661470573972432,0.013195148245527921,-2.566764578659786e-09,-1.3458073536294197
3.4,2.330018543346592,2.316451786913226,0.0679961386188174,0.013566756433366134,195.39871673713617,-1.3874361701486784
3.405,2.330001806908852,2.316060989479752,0.0698569755037283,0.013940817429099805,1.4298677797341952e-09,-1.4857409755112982
3.41,2.3299873445003807,2.3158655907630155,0.0707517822503855,0.014121753737365239,-390.797433472567,-1.5419036591875646
3.415,2.3299749608084337,2.3156701920462788,0.0716578073787659,0.014304768762154918,-195.39871673798027,-1.5339043548578308
3.42,2.3299644552455683,2.3154747933295425,0.0725727328320017,0.014489661916025742,-195.39871673827292,-1.966693976101216
3.4250000000000003,2.3299556523873117,2.315279394612806,0.0734957795518415,0.014676257774505874,1.1716225708257258e-09,-3.5264168013780393
3.43,2.3299483416778,2.315083995896069,0.0744271233700882,0.014864345781731014,781.5948669480541,-5.076133780050793
3.435,2.329941914951511,2.314693198462596,0.0763393996120433,0.015248716488915015,195.39871673605995,-4.158886455059147
3.44,2.3299354773802743,2.314693198462596,0.076298399760855,0.015242278917678487,-976.9935836845525,-1.286254461092612
3.4450000000000003,2.3299286723672505,2.314693198462596,0.0762561749398997,0.01523547390465474,-195.39871673596454,-0.11131089308954778
3.45,2.3299217034665363,2.314497799745859,0.0771917642153424,0.015423903720677146,781.5948669474596,-2.5168005552702053
3.455,2.32991463838007,2.3143024010291224,0.0781270343631281,0.015612237350947744,2.842170943040461e-10,-6.748336876114822
3.46,2.3299069086256923,2.3143024010291224,0.0780821170285526,0.015604507596569839,-586.1961502103322,-10.731922648687462
3.465,2.329897296189414,2.3143024010291224,0.0780278898371816,0.015594895160291777,195.39871673568035,-14.509819469025516
3.47,2.3298843445208663,2.3141070023123858,0.0789340429103091,0.015777342208480594,390.79743347369515,-17.393071639731794
3.475,2.3298659138726343,2.3141070023123858,0.0788358737750637,0.015758911560248556,-195.3987167360253,-18.382889358009837
3.48,2.32983950133259,2.3141070023123858,0.0786989983595733,0.015732499020204127,-195.39871673715348,-20.66428408624941
3.485,2.32980309835809,2.3141070023123858,0.0785119831550305,0.015696096045704433,-5.684341886080413e-10,-28.47827606529745
3.49,2.329753996171504,2.3141070023123858,0.0782613217966288,0.015646993859118385,5.684341886080413e-10,-40.62643292855115
3.495,2.329688185361696,2.3141070023123858,0.0779281474072137,0.015581183049310443,2.8421709430396387e-10,-48.46598184628165
3.5,2.3295993507615447,2.3141070023123858,0.0774806781341558,0.015492348449158921,0.0,-49.335950766080515
3.505,2.329480548450523,2.3141070023123858,0.0768828794013751,0.01537354613813724,-2.8421709430396387e-10,-58.380109759632134
3.51,2.329327099120865,2.3141070023123858,0.0761126030109451,0.015220096808479244,-5.684341886080413e-10,-79.17364220985772
3.515,2.3291308516738045,2.3141070023123858,0.0751289419819347,0.015023849361418762,5.684341886080413e-10,-90.04743413698651
3.52,2.3288788611397058,2.3141070023123858,0.0738670502764728,0.014771858827320017,5.68434188608016e-10,-84.91280335279038
3.525,2.3285599213893318,2.3141070023123858,0.072270800296626,0.014452919076946014,-5.68434188608016e-10,-71.78404878031733
3.53,2.3281645893839293,2.3141070023123858,0.0702928992872365,0.014057587071543587,-5.684341886080413e-10,-36.56440678325686
3.535,2.327682844793751,2.3141070023123858,0.0678831835504421,0.013575842481365452,8.526512829121062e-10,15.754259098330238
3.54,2.327112499804756,2.3141070023123858,0.0650306643767424,0.013005497492370122,0.0,22.733442268076885
3.545,2.32646305748028,2.3141070023123858,0.0617828173713827,0.012356055167894286,-8.526512829121061e-10,-48.430220494690275
3.5500000000000003,2.3257383466612827,2.3141070023123858,0.0581587549700153,0.0116313443488969,5.684341886080413e-10,-131.97408515539502
3.555,2.324923292891187,2.3141070023123858,0.0540830794744305,0.01081629057880118,5.68434188608016e-10,-153.71878030466337
3.56,2.323993699733016,2.3141070023123858,0.0494347883674918,0.00988669742063042,-5.68434188608016e-10,-125.93604679947288
3.565,2.3229315769413152,2.3141070023123858,0.0441239141561192,0.008824574628929494,-5.684341886080413e-10,-99.49454696166833
3.5700000000000003,2.321724840239651,2.3141070023123858,8.328091774173557e-07,0.007617837927265114,5.684341886080413e-10,-81.15709162725966
3.575,2.320361973583866,2.3141070023123858,6.662473419338846e-07,0.006254971271480336,2.8421709430396387e-10,-45.989348638527986
3.58,2.318832273634226,2.3141070023123858,5.329978735471077e-07,0.0047252713218401965,0.0,-6.77836046151026
3.585,2.317133325727212,2.3141070023123858,4.263982988376863e-07,0.0030263234148262264,-195.39871673684326,-17.604329902920654
3.59,2.3152700105681028,2.3141070023123858,3.41118639070149e-07,0.001163008255717024,-195.39871673713614,-80.78891633967999
3.595,2.313238855010891,2.3141070023123858,2.728949112561193e-07,-0.0008681473014946484,390.7974334737298,-109.94881413299356
3.6,2.311020446711378,2.313911603595649,2.183159290048954e-07,-0.0028911568842708846,390.79743347342827,-59.566551339604075
3.605,2.308597772518565,2.313911603595649,1.7465274320391634e-07,-0.0053138310770841635,-195.39871673686926,1.64635655952452
3.61,2.305973633249919,2.313911603595649,1.3972219456313305e-07,-0.007937970345730072,-390.7974334734456,20.74478733906301
3.615,2.303150511698892,2.313911603595649,-0.053805347706031,-0.010761091896756891,-390.7974334731527,-0.4316742942844485
3.62,2.3001312165402847,2.313911603595649,-0.0689018458546171,-0.01378038705536433,-195.39871673629216,-47.47993765168303
3.625,2.2969178173392137,2.3137162048789124,-0.0839907160008976,-0.016798387539698645,-2.842170943040401e-10,-44.33449289280156
3.63,2.2934927649081813,2.313520806162176,-0.1001380787520634,-0.02002804125399482,-195.3987167371103,29.6334587236272
3.635,2.289852209501877,2.3131300087287023,-0.1163849938001361,-0.02327779922682538,-195.39871673683456,71.38323228136994
3.64,2.2860139438607154,2.312739211295229,-0.133619684825879,-0.026725267434513533,-390.7974334726621,44.38096650542445
3.645,2.2819833216456056,2.3119576164282822,-0.1498604012368724,-0.029974294782676658,-586.1961502083774,-26.070338412049523
3.65,2.2777661366301696,2.311371420278072,-0.1680083588196484,-0.033605283647902606,390.79743347204146,-99.15704669562967
3.655,2.273355534736905,2.309808230544179,-0.1822340794226609,-0.03645269580727417,586.196150206095,-78.4608886459265
3.66,2.2687232728781304,2.308831236960496,-0.2004978981635489,-0.04010796408236583,390.79743347516876,7.914598330633908
3.665,2.2638696917290795,2.3070726485098656,-0.2159559425890042,-0.04320295678078612,-195.39871673119353,32.87568981928143
3.67,2.2588068917159534,2.3057048574927084,-0.234412851676202,-0.04689796577675498,-1172.3923004220596,21.590549772021973
3.675,2.25353370722046,2.304141667758816,-0.2529425659709289,-0.05060796053835581,195.39871673166726,65.21690495137625
3.68,2.2480498688334563,2.301796883157976,-0.2686135761723008,-0.05374701432451978,390.7974334744616,114.63182380421097
3.685,2.242369171760818,2.2998428959906088,-0.2872208177561089,-0.05747372422979069,-1367.7910171535823,50.21708999830389
3.69,2.236517421135592,2.2973027126730323,-0.3037507069813294,-0.0607852915374405,-586.196150209757,-70.6256372484064
3.695,2.2304907171739585,2.2945671306387183,-0.320174757488843,-0.06407641346475978,1953.9871673645941,-51.34847041997614
3.7,2.224259765712357,2.290854555020722,-0.3327321881249493,-0.06659478930836515,2149.385884103392,86.66411849614383
3.705,2.217827717822632,2.287728175552935,-0.3492237700904444,-0.06990045773030262,-195.39871673580356,135.08707327698642
3.71,2.2112255540933337,2.284406397368412,-0.3655882385801435,-0.07318084327507846,-1758.588450631454,65.71010593123242
3.715,2.2044668378253363,2.281475416617362,-0.3846888976587153,-0.0770085787920256,-1563.1897338931526,6.002924802462758
3.72,2.1975498733517966,2.277762840999365,-0.4006723760126716,-0.08021296764756825,1.155285644927062e-09,-2.8671394318560033
3.725,2.190473787288001,2.2740502653813683,-0.417451104383838,-0.08357647809336743,2735.582034312698,19.286158200455702
3.73,2.1832387264125503,2.2693606961796884,-0.4301360020681075,-0.08612196976713804,976.9935836831587,68.0613176743592
3.735,2.175845699071195,2.2654527218449547,-0.4475203175945573,-0.08960702277375976,-2540.1833175753004,78.28474416956783
3.74,2.1683113994337933,2.2619355449436944,-0.4675662707109453,-0.09362414550990117,2149.3858841039614,11.035132478671812
3.745,2.160650634492592,2.2566597795918044,-0.4794549395667195,-0.09600914509921221,4103.37305146811,1.2146815941775913
3.75,2.1528461771596974,2.2529472039738083,-0.4998818343890884,-0.10010102681411093,-2735.5820343127575,116.45263171630478
3.755,2.144899628684672,2.249820824506021,-0.5239543681039165,-0.10492119582134896,-5666.562785361328,197.6959898408566
3.76,2.1368442742718554,2.2464990463214978,-0.5475984500284619,-0.10965477204964236,-2344.784600842328,108.95079876805477
3.765,2.1287091342791493,2.242200274553291,-0.5667601016175902,-0.11349114027414187,4103.373051468261,-92.46961966654976
3.77,2.1205033867601077,2.236924509201401,-0.5813938608266548,-0.11642112244129343,7815.948669469445,-183.32291153230744
3.775,2.112188102074794,2.231453345132774,-0.5956003924488966,-0.11926524305797992,1367.79101715879,-37.96178835670298
3.78,2.103731045004789,2.228326965664987,-0.6222425232910369,-0.12459592066019809,-5861.961502101466,164.99470791815804
3.785,2.095153209160072,2.2253959849139373,-0.6504677930242136,-0.13024277575386511,-4884.96791841805,209.40556053430817
3.79,2.0864892872175416,2.222074206729414,-0.6771713072261203,-0.13558491951187257,2.999058779096231e-10,85.81112622037108
3.795,2.077769450242904,2.218166232394681,-0.7012248567551401,-0.1403967821517771,3126.379467787909,-52.1093615051779
3.8,2.0689875189589007,2.213281264476264,-0.7207039124868364,-0.14429374551736318,1367.7910171567703,-88.94041620292955
3.805,2.060122636449507,2.209764087575004,-0.7474378316505175,-0.14964145112549687,195.39871673525204,-87.62386446677658
3.81,2.05117363086736,2.205074518373324,-0.768732476611093,-0.15390088750596398,195.39871673660932,-68.50061647897553
3.815,2.0421238273636813,2.201557341472064,-0.7963935800697813,-0.1594335141083829,-976.9935836815488,46.89412701311642
3.82,2.0329599990784537,2.19764936713733,-0.8226700760196937,-0.16468936805887635,-586.1961502101069,176.87299539546828
3.825,2.023704522368945,2.193741392802597,-0.8494053688515258,-0.1700368704336519,-1367.7910171586705,170.70164314615718
3.83,2.0143935177191943,2.1900288171846003,-0.8773957387766599,-0.17563529946540601,-781.5948669457309,65.22173613574151
3.835,2.0050415944606965,2.1857300454163933,-0.9026612262010364,-0.18068845095569674,2540.1833175789197,-8.803669195452983
3.84,1.9956448884327285,2.180845077497976,-0.9252185505672974,-0.1852001890652477,2149.3858841018437,-5.616571147003157
3.845,1.986200265375069,2.1767417044465067,-0.9519237076530525,-0.19054143907143772,-1172.3923004223418,47.031773655986825
3.85,1.97670530754986,2.1726383313950364,-0.9788807571655888,-0.1959330238451764,-2344.7846008383676,57.86534927521937
3.855,1.9671749185409175,2.16892575577704,-1.0079702747952255,-0.2017508372361223,586.1961502113016,-33.427779215166
3.86,1.9576218068442457,2.1642361865753594,-1.0322871976502774,-0.20661437973111374,3126.3794677851365,-76.56914951666121
3.865,1.9480234193075152,2.159937414807153,-1.058784644796972,-0.21191399549963763,195.39871673647525,88.4489770453474
3.87,1.9383609585366697,2.156224839189156,-1.0885335652044748,-0.21786388065248619,-3907.9743347327512,277.0670811739225
3.875,1.928669198525348,2.1529030610046327,-1.1203830700530746,-0.22423386247928478,-1563.189733893818,181.77561286621358
3.88,1.9190112116041784,2.148799687953163,-1.148155815973261,-0.22978847634898436,3712.5756179958366,-102.51869643411672
3.885,1.909389323275588,2.143914720034746,-1.1718390091216466,-0.23452539675915807,976.993583683928,-224.25407695009977
3.89,1.899754341659636,2.140397543133486,-1.2024269055731178,-0.24064320147384977,-3907.9743347317158,-156.3640833822409
3.895,1.890081274861801,2.136684967515489,-1.2322284597747193,-0.24660369265368787,390.79743347280794,-114.06996119007957
3.9,1.8803660946260952,2.1319953983138094,-1.2573557935867796,-0.2516293036877142,4298.771768205965,-93.65952256387885
3.905,1.8705886892006056,2.127305829112129,-1.2827943976193674,-0.25671713991152334,1.3299654710863251e-09,10.040590655658946
3.91,1.8607324005423629,2.1239840509276053,-1.3154664883187994,-0.26325165038524245,-2540.1833175759307,98.21867257641264
3.915,1.850817906769437,2.120076076592872,-1.3454987161744292,-0.2692581698234351,195.3987167355662,86.86907936946585
3.92,1.8408632999990973,2.116363500974876,-1.3767097266277113,-0.27550020097577876,1758.5884506286181,110.5654377693123
3.925,1.8308671462408728,2.1124555266401424,-1.4071513074984203,-0.2815883803992696,-1953.987167366217,214.687441982447
3.93,1.820845662075666,2.1093291471723554,-1.4416262278282892,-0.28848348509668953,-5666.562785361789,179.9516861646529
3.935,1.8108469730526808,2.1062027677045685,-1.4759872930784972,-0.29535579465188766,781.5948669473908,-74.75465751839056
3.94,1.8008941742140532,2.1009270023526785,-1.4993732246513904,-0.3000328281386253,7815.948669466334,-237.69835645254824
3.945,1.7909373388910272,2.0956512370007885,-1.522779185818434,-0.30471389810976124,1563.1897338931835,-114.7677021100432
3.95,1.7809340817567387,2.0919386613827915,-1.554233082448983,-0.31100457962605277,-4494.1704849432845,59.61132166561397
3.955,1.7709005453994584,2.0886168831982683,-1.5877922645520417,-0.3177163377988099,-781.5948669457537,103.47834966494752
3.96,1.7608506170016145,2.083927313996588,-1.6145943735242787,-0.32307669699497343,390.7974334735653,70.38066079872046
3.965,1.750796203899641,2.0806055358120648,-1.648257798504664,-0.3298093319124238,-1563.1897338939518,6.726632661017094
3.97,1.7407472582983434,2.076111365327121,-1.6760318744009408,-0.3353641070287776,-586.1961502103233,-81.9275668769134
3.975,1.7306946950523725,2.072007992275651,-1.705777985625052,-0.34131329722327863,2735.582034314669,-190.5880967575582
3.98,1.7206307322795884,2.066927625640498,-1.730696094514491,-0.3462968933609094,3907.974334734525,-210.5327059564376
3.985,1.710514091290777,2.0622380564388174,-1.757831556011174,-0.3517239651480404,-781.5948669498005,-51.04816920009614
3.99,1.70031045084859,2.059111676971032,-1.793217942932001,-0.3588012261224418,-3321.7781845245345,101.84097274872437
3.995,1.6900438599088974,2.0552037026362977,-1.8250110915958535,-0.3651598427274003,-1367.7910171531416,90.98502790264627
4.0,1.67973536583615,2.051881924451774,-1.859944723548219,-0.37214655861562407,-195.39871673601817,28.62651393400091
4.005,1.6693858418794831,2.0475831526835675,-1.8901985264995171,-0.37819731080408436,195.39871673544837,27.77802457700662
4.01,1.6589964622701705,2.043870577065571,-1.9235825800632969,-0.38487411479540046,1563.1897338938252,96.47843621962897
4.015,1.6485686637164678,2.0391810078638906,-1.952273753709165,-0.39061234414742274,1758.5884506293248,170.93120596739885
4.0200000000000005,1.6381215181752262,2.0352730335291573,-1.9849696312503131,-0.3971515153539311,-976.993583685148,144.64660992443726
4.025,1.627688803856069,2.0315604579111604,-2.018570341963,-0.4038716540550913,-1953.9871673653242,33.24301475827908
4.03,1.6172814647572882,2.027847882293164,-2.0520441731324293,-0.41056641753587564,-1172.3923004180897,-61.641496663473454
4.035,1.606890908908215,2.023744509241693,-2.08348009813285,-0.41685360033347796,390.79743347174923,-123.61188750049031
4.04,1.596509545031113,2.019641136190224,-2.114870061070936,-0.4231315911591109,3517.176901258531,-121.79207785351852
4.045,1.5861133373762406,2.0145607695550702,-2.1414492732174715,-0.42844743217882963,1367.7910171595067,-13.82690925879929
4.05,1.5756821471092004,2.01104359265381,-2.1760193456847228,-0.43536144554460954,-3321.778184521557,77.55710115617825
4.055,1.565234297182292,2.00752641575255,-2.2106727153236467,-0.4422921185702582,-1563.189733896851,49.041809315617805
4.0600000000000005,1.554785444082289,2.00342304270108,-2.242400119174856,-0.44863759861879116,1367.791017154483,-10.524791417199324
4.065,1.5443313454275234,1.99931966964961,-2.274153750078172,-0.4549883242220867,1172.3923004213439,-8.284683341344309
4.07,1.533868477759699,1.99521629659814,-2.3059512254694114,-0.461347818838441,-390.79743347231766,46.138915844268084
4.075,1.523393957320522,1.9913083222634065,-2.338783957839204,-0.4679143649428845,-781.5948669463405,74.05169426931637
4.08,1.5129229634580867,1.9875957466454095,-2.372576050539458,-0.47467278318732276,586.1961502097555,44.1716917629274
4.085,1.5024682717771296,1.9831015761604665,-2.402378657701974,-0.48063330438333685,390.7974334728861,35.721402346954584
4.09,1.4920229528717217,1.979779797975943,-2.4379975124121893,-0.48775684510422135,976.9935836840612,63.07070127661936
4.095,1.4815984604891097,1.9752856274909996,-2.467650042785164,-0.49368716700188986,-195.39871673616736,68.09048536978113
4.1,1.471204167402951,1.9721592480232129,-2.5039903475847294,-0.5009550806202618,-2930.9807510507603,36.95711520832562
4.105,1.4608475941577366,1.9688374698386892,-2.5391649122543494,-0.5079898756809527,781.5948669468304,10.65438892426468
4.11,1.450534697537142,1.9645386980704824,-2.56923600800922,-0.5140040005333404,1172.3923004209378,58.72776535996263
4.115,1.4402526298982223,1.9608261224524857,-2.60208384530818,-0.5205734925542633,-4103.373051469989,65.62248634168523
4.12,1.4300251976632232,1.957699742984699,-2.637589410899717,-0.5276745453214757,390.7974334726019,-118.21308600844101
4.125,1.4198722954759253,1.952423977632809,-2.6619753364811376,-0.5325516821568836,6252.758935573563,-253.42737465139152
4.13,1.4097412902675344,1.9475390097143923,-2.688205716054514,-0.537797719446858,976.9935836846311,-120.86235150321133
4.135,1.3995883778048366,1.944021832813132,-2.7213845483605064,-0.5444334550082954,-4884.967918416449,31.33512565256136
4.14,1.3894295479754235,1.9403092571951357,-2.753615943016631,-0.5508797092197122,-3321.7781845250965,-22.869009384568628
4.1450000000000005,1.3792800145334516,1.9365966815771387,-2.785800831015741,-0.5573166670436871,2930.9807510498613,-117.02164732070965
4.15,1.369121305912542,1.931125517508512,-2.809238632880544,-0.56200421159597,3712.5756179975424,-46.19684464642644
4.155,1.358924336652389,1.9268267457403052,-2.838730833782816,-0.5679024090879161,-195.39871673658513,97.43823843536384
4.16,1.3486995424315729,1.922918771405572,-2.870315903967264,-0.5742192289739991,-5.697984306607395e-10,152.82318562725874
4.165,1.3384751473170011,1.9184246009206285,-2.898966653558801,-0.5799494536036274,-586.1961502100397,162.8411638449797
4.17,1.328261695770949,1.9154936201695785,-2.935378708688526,-0.5872319243986295,-976.9935836823558,184.99440459835165
4.175,1.3180852697129148,1.9113902471181083,-2.9657448848049524,-0.5933049774051935,-390.79743347262604,200.33408962998607
4.18,1.307970607094516,1.9082638676503216,-3.0006870294248964,-0.6002932605558056,-1563.189733894289,209.12985195660332
4.1850000000000005,1.2979396982447269,1.9047466907490616,-3.03325627226105,-0.6068069925043347,-390.7974334742548,174.23396595492437
4.19,1.2880266104919018,1.900838716414328,-3.063282305826313,-0.6128121059224261,1563.1897338936446,101.8568526808757
4.195,1.2782475627643972,1.896930742079595,-3.0926380459700127,-0.6186831793151977,1563.1897338946692,91.1879410388442
4.2,1.268603939929065,1.8928273690281243,-3.1203395934331994,-0.6242234290990594,-1563.189733892681,134.04928678412773
4.205,1.259110720124605,1.8895055908436011,-3.1511970403679834,-0.6303948707189961,-2344.7846008410083,119.81751081052289
4.21,1.2497937833470425,1.8857930152256044,-3.1792190372338918,-0.6359992318785619,2344.7846008393058,45.23758473851376
4.215,1.2406632196121343,1.880908047307188,-3.2004471691708147,-0.6402448276950536,2149.385884103572,5.454182880132066
4.22,1.2317159582566448,1.877390870405928,-3.2275977137255323,-0.6456749121492831,-976.9935836830479,39.5106985533979
4.225,1.2229502988117238,1.8734828960711944,-3.2518862371033275,-0.6505325972594707,-586.1961502099297,78.45494143089911
4.23,1.2143759188407508,1.8697703204531972,-3.276195337129694,-0.6553944016124464,-586.1961502102537,36.331615452732876
4.235,1.2060114684219252,1.8662531435519372,-3.3004317673267107,-0.660241675130012,-195.3987167373156,-33.58647255744597
4.24,1.197852120040794,1.862345169217204,-3.321688687646052,-0.6644930491764098,390.7974334728861,-24.0576944830201
4.245,1.1898830600581944,1.8586325935992072,-3.3429711495389447,-0.6687495335410127,-976.9935836823573,5.763599984618509
4.25,1.182110975384216,1.8549200179812104,-3.3632687268747583,-0.6728090425969944,-390.79743347174923,-36.11752805568426
4.255,1.174541016026047,1.8510120436464768,-3.3815786776366603,-0.6764710276204298,1563.189733893818,-74.67677123131455
4.26,1.167158248471001,1.8465178731615337,-3.396021683502952,-0.6793596246905327,586.1961502094883,-35.8553121896656
4.265,1.159949218797427,1.8430006962602736,-3.414480963777145,-0.6830514774628467,-1.7914771888172254e-09,14.056034458397107
4.2700000000000005,1.1529192625299165,1.838701924492067,-3.4281368994037638,-0.6857826619621505,-586.1961502116687,27.13901682375979
4.275,1.1460718130601435,1.835184747590807,-3.444788272750405,-0.6891129345306635,-1953.9871673664725,27.453721025161485
4.28,1.1394080735954235,1.8314721719728104,-3.459544100387284,-0.6920640983773869,586.1961502111766,2.54366934655377
4.285,1.132935937831023,1.8269780014878667,-3.4694339335071804,-0.6940420636568436,2735.5820343141813,-43.4760374227518
4.29,1.126652135388546,1.8228746284363968,-3.480336085840304,-0.6962224930478509,586.1961502089028,-49.56828347389114
4.295,1.120544136779411,1.8189666541016636,-3.4913362115147843,-0.6984225173222527,-1563.189733892681,-21.307133307714253
4.3,1.114607971871861,1.81564487591714,-3.504408148571894,-0.7010369040452791,-976.9935836812375,-28.15110989905554
4.305,1.108846841621833,1.8117369015824063,-3.513673930901946,-0.7028900599605734,-2.007993771258043e-09,-72.21628332080968
4.3100000000000005,1.1032542759120598,1.8082197246811464,-3.524050877147377,-0.7049654487690866,-390.7974334748932,-99.66617740042193
4.315,1.0978159012483892,1.8043117503464128,-3.5317040307141854,-0.7064958490980235,195.39871673830893,-97.2646652373902
4.32,1.0925188312258238,1.8005991747284162,-3.539626274114897,-0.7080803435025924,1172.392300419795,-85.69530133869176
4.325,1.0873516494816813,1.7963004029602097,-3.54396814109687,-0.7089487534785284,-1367.7910171578012,-74.51126409038005
4.33,1.0823043731479145,1.7929786247756865,-3.5525954855249235,-0.710674251627772,-2735.5820343127607,-63.84467378311024
4.335,1.0773683910203695,1.788875251724216,-3.556758413850765,-0.7115068607038464,2149.385884104426,-53.769282334884565
4.34,1.0725363904142415,1.7839902838057995,-3.556493483645696,-0.711453893391558,4103.37305147081,-44.32281194528491
4.345,1.0678022811906709,1.779300714604119,-3.556716108840248,-0.7114984334134482,-1172.3923004207304,-35.54754634496197
4.3500000000000005,1.063161113742469,1.7757835377028592,-3.562336001643036,-0.7126224239603902,-2540.183317577522,-27.529230372033737
4.355,1.0586089971806392,1.7716801646513891,-3.5645796712492985,-0.71307116747075,1563.1897338946294,-14.958383784285786
4.36,1.054142995586254,1.7671859941664456,-3.564438788440078,-0.7130429985801916,390.7974334734545,6.579547705600135
4.365,1.049761009759904,1.763473418548449,-3.5677858087967027,-0.7137124087885451,-3321.778184523937,8.550097701203413
4.37,1.0454670775618111,1.759760842930452,-3.570692567149067,-0.714293765368641,5.684341886080801e-10,-27.959184227913795
4.375,1.04126489847617,1.755071273728772,-3.568255596930381,-0.7138063752526018,4494.1704849443,-34.23101501567845
4.38,1.0371419097668415,1.7501863058103553,-3.564445685174145,-0.7130443960435138,1367.7910171578012,27.504462329947103
4.385,1.0330927041452096,1.7464737301923583,-3.566127672463855,-0.7133810260471487,-2344.7846008410806,69.04483029981213
4.39,1.0291332611863298,1.7429565532910989,-3.5683380725691816,-0.7138232921047691,-976.9935836856923,50.974823371739944
4.3950000000000005,1.0252719312293517,1.739048578956365,-3.5681041065341854,-0.7137766477270133,-195.39871673688648,29.082943863618084
4.4,1.0215101766505748,1.7357268007718416,-3.570303393188478,-0.7142166241212669,-390.7974334722651,12.015294986901154
4.405,1.0178535545519696,1.7318188264371084,-3.5690461557542577,-0.7139652718851388,1.1368683772161603e-09,-15.310032137563496
4.41,1.0143017391034417,1.728301649535848,-3.569217817327901,-0.7139999104324064,-195.39871673658516,-33.04201947898446
4.415,1.0108495894080494,1.7243936752011149,-3.5669374692010387,-0.7135440857930655,-781.5948669480459,-37.282121587340896
4.42,1.007492638512792,1.720681099583118,-3.565158365643216,-0.7131884610703261,781.5948669469091,-43.28243593562627
4.425,1.0042269937781123,1.7165777265316482,-3.5609700902637966,-0.7123507327535359,976.9935836853317,-43.92126295232356
4.43,1.0010455927570387,1.7120835560467045,-3.5544065359080714,-0.7110379632896657,-2930.9807510507853,-31.975642872509297
4.4350000000000005,0.997942485226222,1.709152575295655,-3.5552674041778056,-0.7112100900694329,781.5948669457592,-21.397500902480942
4.44,0.9949166805732288,1.7034860125102913,-3.542063801012675,-0.7085693319370625,4298.77176820809,-7.347900341557192
4.445,0.9919640881095072,1.6991872407420845,-3.5353330544876256,-0.7072231526325773,-1367.791017155812,19.92210194629365
4.45,0.9890845044604608,1.6956700638408244,-3.532145208224457,-0.7065855593803636,-2735.5820343136115,38.215074984579246
4.455,0.9862844545276256,1.6909804946391442,-3.522697707878553,-0.7046960401115187,-1367.7910171577998,29.661231251907964
4.46,0.9835689865206806,1.6872679190211477,-3.517712246621953,-0.7036989325004671,1172.3923004203637,-1.7748229062419796
4.465,0.980941799555562,1.6817967549525208,-3.503492422543337,-0.7008549553969587,2735.58203431588,-38.32286861938684
4.47,0.97839978798514,1.676911787034104,-3.4917776899545028,-0.6985119990489639,-195.39871673696857,-55.00344038412277
4.4750000000000005,0.9759343483704096,1.6728084139826338,-3.4835880620917163,-0.6968740656122242,1172.3923004179087,-47.36531758862799
4.48,0.9735385859852193,1.6673372499140071,-3.468211085131265,-0.6937986639287879,586.1961502098308,-29.877148940587176
4.485,0.971207097531785,1.6638200730127473,-3.46228266805752,-0.6926129754809622,-2735.5820343121923,-17.607085116254638
4.49,0.9689380152033306,1.659716699961277,-3.4531112345747474,-0.6907786847579463,-390.79743347317026,-14.880660257291424
4.495,0.9667301698907476,1.6554179281930703,-3.4426566184024745,-0.6886877583023228,1758.5884506295506,-9.014407169161302
4.5,0.9645804685543572,1.6513145551416004,-3.432889422871585,-0.6867340865872432,781.5948669469091,6.1629612230264
4.505,0.9624886847870396,1.64721118209013,-3.4228324068864286,-0.6847224973030904,-1367.7910171560961,21.632843250075695
4.51,0.96045693163113,1.643889403905607,-3.4163830260918453,-0.6834324722744769,-1172.3923004196672,29.110905321635187
4.515,0.9584888051818844,1.6399814295708732,-3.406684382143195,-0.6814926243889888,1172.3923004191984,25.154075056239748
4.5200000000000005,0.9565890372768988,1.63607345523614,-3.3966438263774865,-0.6794844179592412,781.5948669456494,17.252151726291913
4.525,0.9547596419806031,1.6325562783348797,-3.38820644961892,-0.6777966363542766,-781.5948669474078,14.002145521512261
4.53,0.9530019395667204,1.62903910143362,-3.379410302195041,-0.6760371618668997,-1172.3923004200765,9.231421463766651
4.535,0.9513184473349228,1.6257173232490965,-3.371218702281983,-0.6743988759141737,-976.9935836817874,0.060494485580875335
4.54,0.9497096406461162,1.6220047476310997,-3.3606997215164904,-0.6722951069849835,-1.3642420526593924e-12,-5.054912930404271
4.545,0.9481744526663068,1.618292172013103,-3.34981267442992,-0.6701177193467961,1367.7910171560945,-3.8378617793455874
4.55,0.9467122010095714,1.6139934002448963,-3.3356311369158886,-0.6672811992353249,1563.1897338945485,-0.17613285595319894
4.555,0.9453226030618248,1.6102808246268994,-3.324017098999297,-0.6649582215650746,-2.4931523512350395e-10,4.358665879751584
4.5600000000000005,0.9440057827953068,1.606372850292166,-3.311062009005948,-0.6623670674968591,-976.9935836849558,7.870451406572329
4.565,0.9427627223886206,1.6032464708243792,-3.301645957978628,-0.6604837484357586,-390.79743347328116,8.571779815608807
4.57,0.9415947446692025,1.5991430977729093,-3.2869694167409147,-0.6575483531037069,-1367.791017155526,8.718895662412308
4.575,0.9405026810981012,1.596212117021859,-3.2777751791792067,-0.6557094359237579,-781.5948669460564,10.963199570426127
4.58,0.9394876584110736,1.5919133452536525,-3.261356712443741,-0.6524256868425788,2930.9807510499113,14.027073189879843
4.585,0.9385511980859288,1.5878099722021823,-3.2455223717484576,-0.6492587741162535,2540.1833175767424,12.720373813977915
4.59,0.9376954872204908,1.5839019978674491,-3.2302612327510563,-0.6462065106469583,-2540.183317576273,5.708543968949698
4.595,0.9369223004252932,1.580971017116399,-3.219472405651053,-0.6440487166911059,-3321.7781845238896,2.668362715040928
4.6000000000000005,0.936230951471268,1.5776492389318757,-3.206321523801802,-0.6414182874606077,2149.3858841026495,7.6599941684502255
4.605,0.9356216966601634,1.5731550684469322,-3.1868979568752,-0.6375333717867688,2149.385884102304,11.313609108783396
4.61,0.9350967195261204,1.569833290262409,-3.1729147607768726,-0.6347365707362886,-2540.183317576457,12.274233886842637
4.615,0.934657046784708,1.5665115120778854,-3.158504880884576,-0.6318544652931775,-781.5948669440668,16.32674242870354
4.62,0.9343041049941566,1.5626035377431515,-3.140730236022271,-0.6282994327489949,2930.9807510504797,16.82987951426253
4.625,0.9340406250328136,1.5585001646916818,-3.121531184858522,-0.6244595396588682,1367.7910171546735,2.251955868501909
4.63,0.9338694346178052,1.5551783865071585,-3.105778577440456,-0.6213089518893532,-2930.980751049058,-14.476844322644581
4.635,0.9337892612839946,1.5520520070393715,-3.090547811914181,-0.6182627457553769,-2540.183317575795,-4.968392923847375
4.64,0.9337949603529352,1.548925627571585,-3.0748876313454314,-0.6151306672186498,2344.784600837276,21.76971417181852
4.6450000000000005,0.9338884786939284,1.5442360583699049,-3.0509735134838047,-0.6103475796759764,1758.588450628495,36.03208154106915
4.65,0.9340757138066224,1.5413050776188546,-3.035383490046476,-0.6072293638122322,-781.5948669457892,37.09495608592766
4.655,0.9343600469767868,1.5373971032841214,-3.0144227972271023,-0.6030370563073346,-586.1961502091871,25.137900780408756
4.66,0.9347477270604077,1.534075325099598,-2.995876181650471,-0.5993275980391903,-1758.5884506298332,1.1840777440851866
4.665,0.9352410610886556,1.5307535469150746,-2.976801161197886,-0.595512485826419,-1.4210854715202004e-09,-7.185698578951303
4.67,0.9358361380150716,1.526650173863605,-2.953309343797476,-0.5908140358485333,3126.379467787349,6.955354270843884
4.675,0.936532705107279,1.5225468008121346,-2.929309989070303,-0.5860140957048555,586.1961502122722,18.87221339113836
4.68,0.9373337609720354,1.5190296239108745,-2.907717951873361,-0.5816958629388391,-3712.5756179976515,19.470343467378996
4.6850000000000005,0.938241934386928,1.5159032444430878,-2.887544488766476,-0.5776613100561597,-1953.9871673676394,16.394056450688254
4.69,0.9392594681446902,1.5117998713916176,-2.8619393957655235,-0.5725404032469275,2930.980751050748,13.290100428985568
4.695,0.9403882192710696,1.5071103021899377,-2.832847346961393,-0.566722082918868,3517.176901260521,10.235386153994455
4.7,0.9416296535894864,1.5030069291384676,-2.806122952380893,-0.5613772755489812,-1172.3923004200794,12.328107475952436
4.705,0.942984849860133,1.4990989548037343,-2.7798068131691416,-0.5561141049436014,-5471.164068627222,28.91999280535765
4.71,0.944454552692578,1.496167974052684,-2.757803166303783,-0.551713421360106,-976.9935836829256,48.26573817411088
4.715,0.946044154261594,1.4906968099840574,-2.7224991549572635,-0.5446526557224634,4494.170484945384,40.283563288125436
4.72,0.9477630854467708,1.4858118420656403,-2.6894795129126505,-0.5380487566188695,2344.7846008397473,8.421768467981849
4.7250000000000005,0.9496143982136273,1.4809268741472237,-2.655797992264969,-0.5313124759335964,-390.79743347599606,-14.487792770648127
4.73,0.9515955354153528,1.4764327036622804,-2.623421360054571,-0.5248371682469276,-390.7974334731192,-19.449640414518115
4.735,0.9537040034847,1.4721339318940736,-2.59138508584516,-0.5184299284093736,1172.3923004212147,-18.46467145895798
4.74,0.9559374148055528,1.4676397614091303,-2.557747116798865,-0.5117023466035775,781.5948669463392,-17.15105039380768
4.745,0.958293520434398,1.4639271857911336,-2.527403662550805,-0.5056336653567356,-1758.5884506304017,-15.491201570939609
4.75,0.9607702589459124,1.4606054076066102,-2.498411040659535,-0.4998351486606978,-1563.189733893248,-20.249915170467602
4.755,0.9633657980123276,1.45708823070535,-2.467847430092294,-0.4937224326930225,195.39871673772203,-44.045793255237925
4.76,0.9660785766348604,1.45357105380409,-2.436697627890239,-0.4874924771692296,-195.39871673470648,-70.71878317308426
4.765,0.968900586303318,1.4500538769028295,-2.4050016753751757,-0.4811532905995115,-586.1961502110553,-66.47034131976199
4.7700000000000005,0.9718183220791422,1.4467320987183063,-2.3738040898402586,-0.4749137766391641,976.9935836802797,-49.959377759699464
4.775,0.974827166524197,1.4426287256668366,-2.338244139930925,-0.46780155914263966,976.9935836836037,-56.53369600719009
4.78,0.977923024937437,1.4395023461990497,-2.3071338605844223,-0.4615793212616127,-976.9935836815018,-68.26344892346299
4.785,0.9810955792972036,1.435789770581053,-2.27270893874251,-0.45469419128384936,-2149.385884103571,-55.71193556719055
4.79,0.984336151513738,1.432858789830003,-2.241851756342113,-0.44852263831626493,-1.1382894626876805e-09,-13.388066148536666
4.795,0.9876375611734152,1.4285600180617963,-2.2038513151527126,-0.44092245688838116,2930.9807510504797,39.76348331377807
4.8,0.9910019898724782,1.4246520437270629,-2.1674896727437445,-0.43365005385458466,586.1961502119709,70.38402953139672
4.805,0.9944397240866828,1.420939468109066,-2.1317384217907502,-0.4264997440223831,-3126.379467786882,72.92905673719179
4.8100000000000005,0.997960303496972,1.4178130886412792,-2.0985038659667805,-0.41985278514430724,195.39871673507977,57.17598997992286
4.815,1.0015724520665388,1.4135143168730726,-2.058949455131041,-0.41194186480653383,2930.9807510504297,15.29117539294765
4.82,1.0052840214439551,1.4092155451048658,-2.0188979020854263,-0.4039315236609107,-1367.791017154672,-30.587235238643643
4.825,1.0090929211029618,1.4064799630705522,-1.9861756157648285,-0.39738704196759045,-2149.3858841035735,-25.102736554460705
4.83,1.0129884348888214,1.4017903938688725,-1.943250298543932,-0.3888019589800511,-390.7974334757296,34.51344150519947
4.835,1.0169705439607135,1.398468615684349,-1.906729790275465,-0.3814980717236356,976.9935836840626,105.46926245439693
4.84,1.0210484410950162,1.3933882490491956,-1.8609376138390707,-0.3723398079541793,2735.5820343167206,147.76827835911666
4.845,1.0252398340812996,1.3890894772809883,-1.8184861039953288,-0.3638496431996887,1172.392300419082,114.28734606989491
4.8500000000000005,1.0295695093249948,1.3849861042295188,-1.7763203136624723,-0.35541659490452404,-195.3987167396424,4.641895107838536
4.855,1.0340485597430795,1.3810781298947854,-1.7343847508127546,-0.3470295701517059,-781.5948669463078,-100.75236570652135
4.86,1.0386659269248255,1.377756351710262,-1.6946886727129082,-0.3390904247854365,-781.5948669457707,-141.31898008969887
4.865,1.0434013628411598,1.374239174809002,-1.653425327610136,-0.3308378119678421,-586.1961502094698,-113.45723071500618
4.87,1.0482369415288024,1.3709173966244783,-1.6126383184374655,-0.3226804550956759,-1563.189733892964,-24.85924929828849
4.875,1.0531569243954515,1.3677910171566916,-1.5724063269158122,-0.3146340927612401,-781.5948669471918,50.93464467322207
4.88,1.0581690959062109,1.3638830428219582,-1.5278054538087724,-0.30571394691574727,976.9935836834927,29.70951334106138
4.885,1.0632903851566562,1.3601704672039616,-1.4836360143628995,-0.2968800820473054,1172.3923004206633,-19.608454711921752
4.89,1.0685133247017238,1.3558716954357548,-1.436027365713598,-0.28735837073403103,195.39871673581925,-6.916135208039407
4.8950000000000005,1.073831454638116,1.3523545185344947,-1.3918507578589925,-0.2785230638963787,-8.00298494141316e-10,25.05874339409064
4.9,1.0792500194606305,1.348055746766288,-1.3432628658124814,-0.26880572730565744,-195.39871673601672,29.731554986121637
4.905,1.0847732167046211,1.3445385698650278,-1.2980600278119,-0.2597653531604067,-976.99358368321,10.462588256673826
4.91,1.0904042389263229,1.340435196813558,-1.249387277626581,-0.25003095788723506,195.39871673686937,-41.623290109957054
4.915,1.0961454029111584,1.3365272224788245,-1.201140966973167,-0.24038181956766613,1758.5884506306875,-97.87332980920871
4.92,1.1019864456870585,1.332033051993881,-1.149463255264663,-0.2300466063068225,-586.1961502097554,-74.73460351192944
4.925,1.107906389967618,1.3285158750926211,-1.1022763330321368,-0.2206094851250031,-1367.7910171572614,27.755557079948403
4.93,1.1138987664130284,1.3246079007578877,-1.052773526072674,-0.21070913434485927,2344.7846008380598,78.27558223521214
4.9350000000000005,1.119981443270489,1.3199183315562075,-0.9989114533299752,-0.19993688828571843,586.1961502090724,12.760746428482662
4.94,1.1261689566613136,1.3167919520884206,-0.9523413150793224,-0.19062299542710703,-2930.980751049506,-42.933900017170345
4.945,1.1324488384020046,1.313079376470424,-0.9023784891198076,-0.18063053806841944,-195.39871673630094,6.048473513971089
4.95,1.1388097771783403,1.3091714021356906,-0.8510334922316005,-0.1703616249573503,1953.9871673675552,46.56641834629011
4.955,1.1452656414621485,1.3050680290842205,-0.798238110648753,-0.159802387622072,390.7974334731703,-29.317691118681125
4.96,1.1518272764376236,1.3015508521829606,-0.7478446953399114,-0.149723575745337,-586.1961502100411,-142.17824208174665
4.965,1.1584784188692672,1.2978382765649636,-0.6960266203515761,-0.13935985769569648,-586.1961502096347,-175.32148803669062
4.97,1.165192136748045,1.2943210996637038,-0.6448725586592823,-0.1291289629156589,-1563.1897338940887,-115.87948991136793
4.9750000000000005,1.17194499238128,1.2908039227624435,-0.5935227257531208,-0.11885893038116357,-390.79743347305134,-39.86967404612551
4.98,1.1787290366215686,1.28689594842771,-0.5400628966910624,-0.10816691180614146,1758.5884506302425,-24.218095120986547
4.985,1.185549482508273,1.2824017779427668,-0.4834900258832653,-0.0968522954344937,-195.39871673686946,-22.978952017925764
4.99,1.1923981063841462,1.2788846010415067,-0.4316611908379525,-0.08648649465736047,-1563.1897338929653,51.7970049774885
4.995,1.199267671155127,1.2743904305565632,-0.3748426496306145,-0.07512275940143631,976.9935836830679,138.6484778913741
5.0,1.206176367083761,1.2700916587883566,-0.3188054192042367,-0.06391529170459553,2540.1833175767433,124.21556959424703
5.005,1.2131513553268187,1.2652066908699398,-0.2595057248431251,-0.05205533554312103,781.5948669480459,36.67749070530215
5.01,1.2202024671983045,1.261494115251943,-0.2056873565527223,-0.0412916480536385,-586.1961502097524,-37.90180663274978
5.015,1.227324750592943,1.257390742200473,-0.1495591296477862,-0.030065991607530096,-781.594866948666,-88.38785317466733
5.0200000000000005,1.234513084218483,1.253873565299213,-0.0960316212742711,-0.019360481080729963,-2149.3858841044103,-105.69432299587942
5.025,1.241749955146868,1.250356388397953,0.0007707487209902,-0.0086064332510849,-1172.3923004184678,-70.22799851183244
5.03,1.2490198302911195,1.2464484140632193,0.0007707203942794,0.0025714162279002473,3126.379467787633,-27.40055449351135
5.035,1.2563212746655956,1.241954243578276,0.0726058531695089,0.014367031087319626,3126.3794677860715,-15.676322662585903
5.04,1.2636524774177034,1.2380462692435428,0.1288005703147869,0.025606208174160594,-1563.1897338936744,-18.136137702953576
5.045,1.2710113085946333,1.2353106872092292,0.1792705515800308,0.035700621385404085,-1172.3923004192252,-32.33097945824068
5.05,1.278395349275572,1.2317935103079691,0.2337715211787498,0.04660183896760284,1563.1897338940496,-80.20666945526102
5.055,1.2858019207962783,1.228862529556919,0.2854517374082147,0.056939391239359205,-6.964455678826198e-10,-119.82993228627055
5.0600000000000005,1.2932161148852683,1.2265177449560791,0.3342348439547532,0.0666983699291892,-1172.3923004208482,-56.198952760687995
5.065,1.3006129046010768,1.2241729603552391,0.3829263850569134,0.07643994424583767,4.049525159643963e-10,57.81107964537692
5.07,1.3079949443145038,1.2222189731878723,0.4295854039571918,0.08577597112663149,1563.189733893675,45.804698722521216
5.075,1.3153880610562652,1.220069587303769,0.4772706732450765,0.09531847375249614,781.594866946909,-72.44109226235351
5.08,1.3227896486429247,1.218897195003349,0.5201095763286671,0.10389245363957578,-976.9935836829256,-112.57058820405588
5.085,1.330173194860567,1.2181156001364022,0.5609012833915105,0.11205759472416488,-2.842170943040401e-10,-62.14998090428442
5.09,1.337527786778269,1.2173340052694557,0.6015412167086865,0.12019378150881321,586.1961502093498,-42.04183913570691
5.095,1.3448557354257789,1.2173340052694557,0.6381355077032319,0.12752173015632318,2.0691004465334117e-11,-48.65243277064917
5.1000000000000005,1.3521472087396336,1.2175294039861924,0.6735680172960986,0.1346178047534412,390.7974334738949,-30.56392235010702
5.105,1.359393640912766,1.2183109988531389,0.7058401111948657,0.14108264205962717,586.196150210445,-25.70468351110887
5.11,1.366599262094245,1.219483391153559,0.7359507795764475,0.14711587094068612,-195.3987167364437,-33.33225302299425
5.115,1.3737563473991758,1.2214373783209256,0.7619046370478159,0.15231896907825027,-586.1961502107499,-6.240413478909204
5.12,1.380858242158594,1.2237821629217658,0.7856201783905686,0.1570760792368282,195.3987167363009,28.289420807258267
5.125,1.3879105226319866,1.2265177449560791,0.8071327109480394,0.16139277767590743,-390.7974334723183,35.31222426204653
5.13,1.3949179085192012,1.2298395231406023,0.8254844290340112,0.16507838537859887,-1758.588450630828,29.986278964884775
5.135,1.4018844560320054,1.233747497475336,0.8406943855455699,0.16813695855666944,-1172.3923004214819,25.334871792222742
5.14,1.4088135734003289,1.237264674376596,0.8576739584598667,0.17154889902373283,195.39871673793732,21.48208200140857
5.1450000000000005,1.4157081338781985,1.2413680474280662,0.871546239337903,0.17434008645013233,1172.3923004213066,18.62711639061982
5.15,1.4225705716737702,1.2448852243293262,0.8881929670481423,0.17768534734444397,-781.5948669473879,16.710079193262942
5.155,1.4294030382525649,1.2495747935310062,0.898829990606676,0.17982824472155867,-3126.379467787352,15.364717372108643
5.16,1.4362075304559137,1.253873565299213,0.911285120522434,0.18233396515670064,-195.39871673630094,14.403238934903897
5.165,1.442985879234299,1.2575861409172095,0.926548307557425,0.18539973831708956,1563.1897338933932,3.247202183163793
5.17,1.4497398144641325,1.2611033178184698,0.9426749555473996,0.18863649664566262,-1.2789769243681803e-09,-37.7493317930097
5.175,1.4564710600623358,1.2652066908699398,0.9557663030390904,0.1912643691923961,781.5948669459668,-82.23849469344094
5.18,1.4631706709006096,1.2681376716209898,0.9745687409619638,0.1950329992796198,-195.39871673467115,-65.07451742377958
5.1850000000000005,1.4698208314048835,1.2724364433891966,0.9862919644718712,0.19738438801568692,-781.5948669447686,-6.763340042838195
5.19,1.4764178612706529,1.27575822157372,1.0026412467417574,0.2006596396969329,1953.9871673663247,10.631076848406678
5.195,1.482970118744516,1.2790799997582434,1.0187720622793837,0.20389011898627252,1172.392300419369,14.619104001383533
5.2,1.4894746222342174,1.2831833728097135,1.0307592995834485,0.20629124942450394,-781.594866947476,71.52093193184764
5.205,1.4959295531580823,1.2870913471444472,1.043479350619431,0.20883820601363512,-1953.9871673672726,108.03213836652733
5.21,1.5023555728953053,1.2915855176293904,1.0531268113530916,0.21077005526591486,-1172.3923004200792,51.68179606414863
5.215,1.508770655577515,1.2956888906808604,1.0646759310846017,0.21308176489665476,1563.1897338933022,-7.185275472061079
5.22,1.5151687453922835,1.2990106688653835,1.080049946498074,0.2161580765269,195.39871673805231,-3.09967513856796
5.2250000000000005,1.5215451077988793,1.303700238067064,1.088477878332449,0.21784486973181538,-976.9935836818654,0.011307450612747516
5.23,1.5279069544496808,1.307022016251587,1.1036733933116778,0.22088493819809374,3.410605131648481e-11,-8.352207357811096
5.235,1.534249810147034,1.311320788019794,1.1138899510756808,0.2229290221272402,-195.39871673715214,6.262885895012133
5.24,1.5405702113749458,1.3146425662043173,1.1288799767872395,0.22592764517062847,586.1961502094713,7.64600447809174
5.245,1.5468764104146226,1.3185505405390507,1.1408686287076502,0.2283258698755719,976.9935836826387,-2.107316091155596
5.25,1.5531647790539742,1.3216769200068377,1.1566765972820292,0.23148785904713653,1172.392300419795,22.128386203236992
5.255,1.5594325546061232,1.325975691775044,1.1665200343749846,0.23345686283107914,1953.9871673672737,63.834539059828835
5.26,1.5656885501706754,1.3291020712428308,1.1821668493974071,0.23658647892784468,-2344.784600839266,98.12256122329966
5.265,1.5719403711077389,1.334768634028194,1.1850921277867823,0.23717173707954498,-4884.967918416027,103.99839537284699
5.2700000000000005,1.57820535926411,1.3388720070796645,1.1958993934159876,0.23933335218444562,-195.39871673608548,53.1978549435057
5.275,1.5844979824806944,1.3425845826976612,1.208798983492687,0.24191339978303317,2540.1833175757065,-33.90519372117853
5.28,1.5908192047296488,1.3461017595989213,1.222818691898167,0.24471744513072746,2540.1833175758884,-96.27720312523059
5.285,1.5971585865799307,1.3492281390667082,1.2388844393040808,0.24793044751322246,586.196150210608,-82.7983831129618
5.29,1.6034961813735715,1.353331512118178,1.2500561364096876,0.2501646692553936,-2344.7846008395873,-16.188678035007687
5.295,1.6098259062023237,1.3572394864529114,1.26216420943575,0.2525864197494123,-1758.5884506312543,18.752392338399602
5.3,1.6161534908127655,1.3611474607876448,1.274261717259067,0.2550060300251207,195.3987167360856,-27.567610242718974
5.305,1.6224837526698388,1.3642738402554315,1.2902806943613188,0.25820991241440727,586.1961502118136,-120.34160599397022
5.3100000000000005,1.6288098854395698,1.3677910171566916,1.3043251258283306,0.26101886828287824,1563.1897338943854,-154.13785700900448
5.315,1.6351045583722337,1.3705265991910052,1.322120302019807,0.2645779591812285,1953.9871673657626,-73.03807620588017
5.32,1.6413450236479885,1.3738483773755286,1.3367135148357427,0.26749664627245995,-586.1961502103253,39.691141847699754
5.325,1.6475341854524976,1.377560952993525,1.3490962676561298,0.26997323245897253,-2540.1833175770253,81.0056774369659
5.33,1.653685867361817,1.381273528611522,1.3612916566230036,0.272412338750295,-390.7974334734517,39.41175851764541
5.335,1.6598123250524794,1.384790705512782,1.374337946578222,0.2750216195396975,3126.3794677870646,-29.278138455027317
5.34,1.665913422258492,1.3875262875470953,1.3911654312432835,0.27838713471139664,2930.980751048747,-44.724457777068494
5.345,1.6719783889306965,1.3918250593153023,1.3999963328085228,0.2801533296153942,-390.7974334732037,49.18831076764995
5.3500000000000005,1.6779984101995595,1.3957330336500358,1.410556509115374,0.28226537654952377,-5275.765351888107,180.78180957529662
5.355,1.6839876526293729,1.4015949951521356,1.4111940172227342,0.2823926574772373,-3517.1769012595373,182.88995462141847
5.36,1.689990019495785,1.4055029694868688,1.4216668626561664,0.2844870500089163,4298.77176820601,75.00456066026561
5.365,1.696020897958082,1.4088247476713924,1.4352130702650594,0.28719615028668954,1758.5884506295506,24.296248410566605
5.37,1.7020711401017916,1.413318918156336,1.4429951436947446,0.2887522219454557,-3712.57561799739,3.253804345320148
5.375,1.708153129477485,1.4178130886412792,1.4509356102571789,0.2903400408362058,195.3987167374378,-66.39628355884781
5.38,1.714266068265989,1.420939468109066,1.4658695045477117,0.293326600156923,2540.183317577309,-94.13500583094022
5.385,1.7203876009919272,1.4248474424437991,1.4769381746532944,0.2955401585481281,390.79743347135985,-44.61897177975753
5.39,1.7265084077048187,1.4285600180617963,1.488980032647412,0.2979483896430224,-586.1961502098052,-2.688376167726667
5.3950000000000005,1.7326301774955788,1.4324679923965296,1.5000495719432627,0.30016218509904924,390.7974334757227,1.4624283664935795
5.4,1.7387535394465023,1.4365713654479997,1.5101499660531033,0.30218217399850267,1758.5884506299726,-5.553728096856621
5.405,1.74487817061227,1.4400885423492595,1.5231875970657012,0.3047896282630105,-1367.791017157233,-11.477507008521815
5.41,1.7510029259194038,1.4453643077011498,1.5274328345939656,0.305638618218254,-2930.980751049914,-7.098005279147098
5.415,1.7571260266139048,1.4494676807526197,1.5375317030107591,0.30765834586128515,976.9935836832099,15.565534378936594
5.42,1.763245089616516,1.45357105380409,1.547610336927773,0.3096740358124259,195.39871673601658,16.5552685214724
5.425,1.769366647495204,1.45767442685556,1.5577014083929124,0.31169222063964397,-2930.980751051143,-47.613898980207686
5.43,1.7754955960722174,1.4621685973405036,1.5658754167164988,0.31332699873171377,586.1961502102788,-137.8359301298664
5.4350000000000005,1.7816165885246906,1.4649041793748168,1.58280256309789,0.31671240914987386,3321.7781845246977,-201.20455912718182
5.44,1.7877068313875293,1.4682259575593402,1.596644961921939,0.3194808738281891,1758.5884506297352,-213.8624684181525
5.445,1.793738013772232,1.4717431344606002,1.6092150496851294,0.32199487931163184,586.1961502094697,-130.66317329077742
5.45,1.799677591003322,1.4750649126451236,1.6223040931947457,0.3246126783581984,-3126.379467787633,22.42955318649865
5.455,1.8055170607694115,1.4799498805635405,1.627076641054534,0.32556718020587105,-2735.5820343141786,114.83672960651421
5.46,1.8112772117463063,1.483271658748064,1.6392685359135326,0.3280055529982422,3126.379467787633,100.94321097284865
5.465,1.8169761590694156,1.4863980382158504,1.652131399907858,0.3305781208535652,2344.784600840244,61.105943137552174
5.47,1.8226205303460885,1.4901106138338471,1.66179039797541,0.3325099165122414,-1953.9871673666576,45.22436829263819
5.4750000000000005,1.828216251883218,1.4942139868853177,1.6692510060632095,0.3340022649979002,-1758.5884506286682,32.0773791164969
5.48,1.8337686527458068,1.497926562503314,1.6784492248137746,0.3358420902424928,195.39871673663913,-5.089841230035688
5.485,1.8392825635791092,1.5014437394045743,1.6884333186559008,0.3378388241745349,1563.1897338926783,-44.59335329386488
5.49,1.844753656324576,1.5049609163058342,1.6982032372224665,0.33979274001874193,1563.1897338938152,-33.192906262798516
5.495,1.8501700043158604,1.5082826944903576,1.7086763577326964,0.34188730982550286,-1367.7910171563788,20.956372944738632
5.5,1.8555309477291035,1.5127768649753008,1.713010439555335,0.3427540827538027,-1953.9871673669868,58.116380670585784
5.505,1.8608453811872088,1.516294041876561,1.7219968960844765,0.34455133931064785,1563.1897338921126,62.892737838072236
5.51,1.8661214833323336,1.5200066174945577,1.7298146677160442,0.34611486583777595,2344.784600839236,57.44323709508144
5.515,1.871366810573825,1.5235237943958178,1.7384555306139446,0.3478430161780073,-1953.9871673642797,43.773997562661705
5.5200000000000005,1.8765881558721056,1.528213363597498,1.7411145000543429,0.34837479227460766,-2735.5820343108944,15.221805832925483
5.525,1.881791735712805,1.5323167366489678,1.7466156051664037,0.34947499906383706,1367.7910171558217,0.19240147309176336
5.53,1.88697473934598,1.5354431161167548,1.756898782926077,0.35153162322922515,195.39871673459697,13.365680206050286
5.535,1.8921353784099797,1.5399372866016985,1.7602311713675447,0.3521980918082812,-976.9935836832085,15.452429309448561
5.54,1.897281426155431,1.5430636660694848,1.7703295491928186,0.3542177600859462,1953.9871673684065,9.329833538061138
5.545,1.902411104345556,1.5465808429707448,1.7783909346268698,0.3558302613748112,2149.3858841027177,31.846329235634812
5.55,1.907523668729768,1.550098019872005,1.7863669752334124,0.3574256488577632,-976.9935836848528,59.97789901158356
5.555,1.9126282433530724,1.554201392923475,1.7913722656460085,0.3584268504295973,-3907.974334731076,56.10732726353095
5.5600000000000005,1.9177333133982275,1.5586955634084183,1.7944261894898073,0.3590377499898092,-586.1961502073289,14.964197285109478
5.565,1.9228467733315409,1.5618219428762052,1.804361132651633,0.3610248304553356,3907.974334731846,-29.80520497032934
5.57,1.9279664674880712,1.564948322343992,1.8143273387627048,0.36301814514407926,781.5948669452009,-30.195588011569118
5.575,1.933081658478245,1.5688562966787254,1.820363128173791,0.3642253617995197,-2735.5820343127575,-21.875707346055616
5.58,1.93819332579433,1.5727642710134586,1.8263813579876549,0.3654290547808714,1758.588450630973,-53.38424270064593
5.585,1.9433027032051744,1.576086049197982,1.8353191660449464,0.3672166540071924,4103.373051469706,-40.60202394669206
5.59,1.9483920126096577,1.5794078273825054,1.8441566716852933,0.36898418522715226,-3517.176901260535,76.58315596983435
5.595,1.953456523269628,1.5852697888846057,1.840169297107082,0.36818673438502225,-4884.96791841582,193.01730541085965
5.6000000000000005,1.9585219259101083,1.5889823645026022,1.846933335925451,0.3695395614075061,1758.5884506298582,210.6310914433601
5.605,1.9636197018275765,1.592890338837336,1.8528822668038831,0.3707293629902404,2149.3858841016295,134.86819221726168
5.61,1.9687760830010912,1.5966029144553326,1.8601012329532824,0.37217316854575855,976.9935836840625,28.164451190945414
5.615,1.974002869970462,1.6007062875068023,1.8657182532402343,0.3732965824636596,976.9935836843467,-7.953847041052768
5.62,1.979289352074824,1.6044188631247993,1.8735877462300172,0.3748704889500247,-2540.1833175764596,27.608690831474405
5.625,1.9846341921494757,1.609694628476689,1.8739330882901903,0.3749395636727866,-2540.183317577028,9.956456350438941
5.63,1.9900537792842663,1.6134072040946863,1.8824681206312528,0.37664657518958,781.5948669449208,-63.511120135903724
5.635,1.9955412770554493,1.6173151784294195,1.8903657176191755,0.37822609862602974,1172.3923004193543,-97.63954986028901
5.64,2.001079321085768,1.6210277540474165,1.899493043525324,0.3800515670383515,1563.1897338951917,-114.24687222984956
5.6450000000000005,2.0066606135682483,1.6243495322319397,1.9107906020907408,0.38231108133630864,3.0826186048216186e-10,-153.09452169104745
5.65,2.0122683379294704,1.62845290528341,1.9183123483000044,0.38381543264606033,-976.9935836851469,-166.73378548829518
5.655,2.0178779548156403,1.6323608796181432,1.926820552785592,0.385517075197497,1758.5884506304033,-117.41724807848722
5.66,2.02346773529368,1.6356826578026666,1.9381594074760644,0.3877850774910132,195.39871673857468,-34.982457156048284
5.665,2.029026567012138,1.6403722270043464,1.94250479463827,0.38865434000779175,-3126.3794677876363,0.6032206744080923
5.67,2.034560095930319,1.6444756000558167,1.949654833634474,0.39008449587450245,-1367.7910171589367,-43.098474643560735
5.675,2.040071467700586,1.6485789731072868,1.956694234958578,0.39149249459329916,2149.3858841027804,-89.13264127299291
5.68,2.0455460230600626,1.6517053525750736,1.968434640601124,0.39384067048498905,2149.3858841054216,-86.87327065073617
5.6850000000000005,2.050969558406341,1.6556133269098068,1.9760120666061265,0.3953562314965342,195.39871673867765,-80.91546374631343
5.69,2.0563363840416384,1.6595213012445402,1.983306019866768,0.3968150827970982,-390.79743347468377,-83.90405504430626
5.695,2.0616339658587504,1.6636246742960106,1.9892768211012333,0.3980092915627398,-976.9935836843468,-61.23734312240276
5.7,2.066850263411298,1.6681188447809538,1.992887262364262,0.39873141863034434,-1758.588450628982,-22.969312672956278
5.705,2.0719807860027712,1.6722222178324238,1.9980228548042824,0.3997585681703475,-976.9935836834941,-14.44853285988927
5.71,2.0770264238259206,1.6765209896006308,2.001757060870998,0.40050543422528984,1172.3923004186581,-52.29874260607198
5.715,2.0819870495257304,1.6796473690684175,2.0109281926647165,0.40233968045731294,976.9935836827636,-98.23032199217675
5.72,2.0868504167526454,1.6837507421198874,2.014728084048824,0.403099674632758,1367.7910171581946,-101.14509122810341
5.7250000000000005,2.0916004576850225,1.6870725203044108,2.0218693341935983,0.40452793738061166,2930.980751051485,-50.65258421584815
5.73,2.0962240118694817,1.6907850959224076,2.0264241761503152,0.40543891594707415,-1563.189733894645,10.941134619558795
5.735,2.100719865389418,1.695865462557561,2.0235027200335858,0.40485440283185703,-3907.9743347345434,31.749955286104353
5.74,2.1050965565922115,1.7005550317592413,2.021939217606636,0.40454152483297023,390.79743347373875,22.549098450781912
5.745,2.109356213773537,1.7044630060939745,2.023698341893588,0.4048932076795626,-195.39871673743778,19.090651657052547
5.75,2.1134998008761223,1.709152575295655,2.020968999441301,0.40434722558046743,-2149.385884103572,10.783201516631152
5.755,2.117532051935831,1.7132559483471248,2.0206138439170456,0.40427610358870614,1367.7910171578012,-13.915466361425217
5.76,2.1214528353728705,1.7163823278149113,2.0245862273109534,0.40507050755795926,2735.5820343124037,-38.86675677132496
5.765,2.125258163077816,1.7200949034329085,2.0250502785838056,0.4051632596449073,781.5948669466245,-48.757444328041856
5.7700000000000005,2.128941744616096,1.7236120803341684,2.0258825344394,0.40532966428192774,390.7974334749813,-30.867045565272065
5.775,2.132495680442721,1.7277154533856385,2.0231355344515665,0.4047802270570824,-586.19615020997,8.263072074567106
5.78,2.135917771161469,1.7316234277203717,2.020706265280755,0.40429434344109727,-2540.1833175773118,30.937354045762675
5.785,2.13921373698498,1.7365083956387886,2.012761373933516,0.4027053413461914,-781.5948669471932,20.578802679837736
5.79,2.142389178081065,1.739830173823312,2.0120297837931576,0.40255900425775315,781.5948669463419,6.833989734787053
5.795,2.145443270058639,1.743933546874782,2.006783454665145,0.40150972318385714,586.196150209187,7.324395349427903
5.8,2.1483765441775637,1.747450723776042,2.003864001746638,0.4009258204015218,1367.7910171570156,9.142178612690998
5.805,2.1511911136534336,1.750772501960565,2.001328006997911,0.4004186116928685,-586.1961502073833,10.336253616613476
5.8100000000000005,2.153887193846315,1.755071273728772,1.9933145881569163,0.3988159201175432,-781.5948669459923,19.651639391002334
5.815,2.156466409947976,1.7583930519132955,1.9896018089711047,0.39807335803468047,1758.588450629316,38.70846926726523
5.82,2.1589314633409344,1.762105627531292,1.9833642228287207,0.39682583580964237,390.7974334731703,60.10955587044208
5.825,2.161288810581657,1.7660136018660255,1.9756111073449087,0.39527520871563127,-1758.5884506306859,71.73327713701752
5.83,2.16354806113069,1.7703123736342323,1.9654135172380336,0.39323568749645754,-976.9935836834941,72.12686348339344
5.835,2.165718425110347,1.774024949252229,1.957701321677699,0.39169347585811787,781.5948669466247,71.85040931773523
5.84,2.1678087204927183,1.7779329235869623,1.9486120170209795,0.389875796905756,2149.385884102444,79.6079586709406
5.845,2.1698273803975296,1.7814501004882224,1.941119854282641,0.38837727990930726,586.1961502105896,88.1296466281072
5.8500000000000005,2.171785291836338,1.7857488722564294,1.929415890430772,0.38603641957990864,-3126.379467784801,79.81160006520426
5.855,2.173695284401876,1.7904384414581092,1.915518277486163,0.38325684294376705,-2344.7846008392407,54.428265767664385
5.86,2.175565904808176,1.7943464157928428,1.905331724032873,0.3812194890153333,1172.3923004192281,26.469896254469774
5.865,2.177401948723451,1.797863592694103,1.896926232054051,0.37953835602934816,1758.588450628695,8.177908868560905
5.87,2.1792049876740007,1.8013807695953632,1.8883568308212129,0.37782421807863753,781.5948669457694,9.653892749668302
5.875,2.180973843258509,1.8048979464966235,1.879616255054028,0.3760758967618856,-390.79743347259904,22.121314605386758
5.88,2.1827107183426806,1.80861052211462,1.869738577038158,0.37410019622806057,-586.1961502103225,21.023403125185524
5.885,2.1844206218998,1.8123230977326168,1.8597258764563769,0.3720975241671831,781.594866946251,8.35243096703114
5.89,2.1861052181288207,1.81564487591714,1.851540494456949,0.3704603422116808,586.1961502131837,8.45413028515246
5.8950000000000005,2.187763308050449,1.8195528502518727,1.840291494613894,0.3682104577985763,-976.9935836831391,22.13383342478025
5.9,2.189396839463389,1.8232654258698704,1.8298966113665804,0.36613141359351853,195.39871673413086,30.359911652616773
5.905,2.191010355840741,1.8271734002046036,1.8184245918020552,0.3638369556361376,2149.3858841038577,28.31202488863685
5.91,2.192607716179809,1.8304951783891268,1.8098027187526828,0.3621125377906822,-781.594866946909,23.214470319033396
5.915,2.194192125182329,1.835380146307544,1.7933012472753538,0.358811978874785,-2149.3858841035735,18.451676898791938
5.92,2.19576616030297,1.8394835193590136,1.780654465943097,0.35628264094395634,1172.3923004206479,14.06532974641651
5.925,2.197331830545532,1.843391493693747,1.7689428721397529,0.35394033685178505,-4.121147867408581e-11,10.02480376002083
5.93,2.1988906235097705,1.848081062895427,1.7532889322785583,0.35080956061434354,-390.7974334718027,8.667111141279825
5.9350000000000005,2.2004435372600963,1.8523798346636335,1.739559595249962,0.3480637025964628,1367.7910171561957,11.974704620454476
5.94,2.2019911306039712,1.8562878089983676,1.727757652744315,0.3457033216056036,-2540.18331757963,12.07241988481468
5.945,2.2035359124371627,1.8619543717837308,1.7071487179423732,0.34158154065343194,-2735.5820343136133,2.3159894874428986
5.95,2.205079656290192,1.8654715486849909,1.6972815286683542,0.3396081076052011,1563.189733894955,-10.531718681648043
5.955,2.206621028496617,1.8695749217364608,1.684471505216837,0.337046106760156,2930.980751051335,-18.57592343441294
5.96,2.20815851655792,1.872896699920984,1.6755500392196978,0.3352618166369361,2149.3858841021524,-14.252157828878556
5.965,2.2096883537197765,1.8768046742557176,1.6636593410504874,0.33288367946405883,-1758.5884506315285,0.15947917262515787
5.97,2.2112091354837213,1.8814942434573976,1.647815394017949,0.32971489202632376,-2930.9807510480177,1.8156076527047986
5.9750000000000005,2.212723635948813,1.8857930152256044,1.6338940296272857,0.3269306207232088,390.79743347482304,-17.598134403445552
5.98,2.214231672546769,1.8895055908436011,1.6228713282270093,0.32472608170316763,195.39871673492257,-37.752256829722796
5.985,2.215728690791379,1.8936089638950715,1.609839549152652,0.32211972689630763,586.1961502091871,-42.08419029737575
5.99,2.2172085296126585,1.897321539513068,1.598675861137019,0.31988699009959043,3712.5756179973887,-29.520844318257303
5.995,2.218665765990645,1.900447918980855,1.5903312926222135,0.31821784700978983,-586.1961502091871,-8.989128566554257
6.0,2.220097622491093,1.905528285616008,1.5720896594960427,0.3145693368750848,-4689.569201682305,4.774320143497334
6.005,2.221505340702292,1.910022456100952,1.5566581321652069,0.3114828846013402,-2.644640062499093e-09,7.034020823376395
6.01,2.222889962053506,1.913539633002212,1.5459947914854515,0.309350329051294,1172.3923004242329,0.49535801992657014
6.015000000000001,2.2242521892464646,1.917643006053681,1.5322897620091078,0.3066091831927835,-781.5948669435556,-15.777868319739383
6.0200000000000005,2.225592582320721,1.9213555816716783,1.5204294091433772,0.3042370006490429,2930.980751048345,-27.512597529275126
6.025,2.226906806981182,1.9244819611394648,1.5113679328292904,0.30242484584171714,3712.5756179968203,-15.18086371078266
6.03,2.2281897054244184,1.9281945367574616,1.4992189851335254,0.29999516866695686,-3321.7781845239356,7.678673713655996
6.035,2.229441681308915,1.933470302109352,1.479099588338986,0.29597137919956307,-4494.17048494572,14.477219446860403
6.04,2.2306661505008867,1.9377690738775588,1.4637277158917523,0.29289707662332787,976.9935836834941,5.06003483167251
6.045,2.2318644909033774,1.941286250778819,1.4521332457450595,0.29057824012455846,781.5948669480474,-5.531856234312954
6.05,2.2330363947695733,1.9455850225470253,1.4364986761127294,0.287451372222548,586.1961502096574,-7.23779393495235
6.055,2.234180295799401,1.9489068007315489,1.4256079560815968,0.28527349506785193,2149.385884103457,-0.2606342471179772
6.0600000000000005,2.2352949063742438,1.952423977632809,1.4135940570433865,0.2828709287414348,-1367.7910171566798,2.2810351370486046
6.065,2.2363818582030506,1.9569181481177529,1.3965571098378058,0.2794637100852977,-2735.582034314436,-5.567527925062279
6.07,2.237441424680651,1.9604353250190127,1.3842683745795896,0.27700609966163836,5.669562597176991e-10,-11.982709609981413
6.075,2.238471459149463,1.9639525019202728,1.371832115905415,0.2745189572291902,2344.7846008412926,-9.620589421218142
6.08,2.23947038216087,1.9668834826713224,1.3621713899976515,0.2725868994895475,2344.78460083902,-2.608463343563429
6.085,2.240437115929029,1.9700098621391096,1.3513728117318764,0.2704272537899195,-1172.3923004209291,2.263290027997712
6.09,2.241372158225479,1.9741132351905792,1.3355308781426654,0.26725892303489984,-1367.7910171563021,2.8706098211838906
6.095,2.2422762200784043,1.9774350133751024,1.3234420726333862,0.2648412067033019,1172.3923004200506,5.3924064869297865
6.1000000000000005,2.243149016164507,1.980952190276363,1.3102199894765667,0.26219682588814397,390.79743347427166,11.837007744180099
6.105,2.2439916422074107,1.984860164611096,1.294893104752595,0.2591314775963147,-781.5948669453501,16.010045969199624
6.11,2.24480634838444,1.9885727402290927,1.280403642935897,0.25623360815534735,-976.9935836843467,15.0168215208177
6.115,2.245595219323792,1.992676113280563,1.2638310406858206,0.25291910604322876,-781.5948669488971,9.032935864752659
6.12,2.246360164931248,1.9961932901818236,1.2500698108652073,0.25016687474942434,976.9935836826414,1.0674660435937113
6.125,2.2471019682490687,1.99990586579982,1.2352158906830566,0.2471961024492486,2930.9807510504797,2.1587855877669853
6.13,2.247819498740795,2.003032245267607,1.223171598857736,0.2447872534731883,586.1961502114011,16.496696856058264
6.135,2.248512956449285,2.00752641575255,1.2041679974194548,0.24098654069673486,-3712.575617994544,27.37233733825471
6.140000000000001,2.2491865085986693,2.0120205862374934,1.185064875696849,0.23716592236117595,-2540.183317577711,20.210474865215375
6.1450000000000005,2.2498446806212966,2.016123959288964,1.1678388465167846,0.23372072133233246,1758.5884506292664,5.641917148005085
6.15,2.250488566842209,2.019445737473487,1.1544493674700536,0.2310428293687221,1563.189733895806,-0.14068943642087817
6.155,2.251117351239969,2.0231583130914834,1.139030395985925,0.2279590381484855,-1172.3923004206463,0.6934492679988722
6.16,2.251731315388562,2.027066287426217,1.1225603327488665,0.22466502796234478,586.1961502077645,1.4369523381674654
6.165,2.2523308276158653,2.030192666894004,1.1099259867013676,0.22213816072186132,2344.7846008410083,5.236027563740045
6.17,2.252915447686996,2.033709843795264,1.095262044514819,0.21920560389173227,-976.9935836823558,10.080355003481536
6.175,2.2534865467013243,2.0378132168467338,1.0775997479003931,0.21567332985459053,-2735.5820343146615,7.558808754315457
6.18,2.254046199765076,2.0417211911814674,1.060857400402507,0.21232500858360837,390.7974334729265,0.4710039016277676
6.1850000000000005,2.254594588851349,2.045042969365991,1.0469898619968725,0.20955161948535794,2540.1833175778165,-2.2410829879544707
6.19,2.255131130431555,2.0483647475505142,1.033063204643784,0.20676638288104066,7.673861546209245e-11,1.0979259917537405
6.195,2.255655425069841,2.0522727218852475,1.0161444266963453,0.20338270318459362,-1563.1897338946692,6.221432903714991
6.2,2.2561679986034453,2.056180696219981,0.9991671191185354,0.19998730238346418,781.5948669463406,8.823438741672092
6.205,2.2566701532827924,2.0595024744045043,0.9850687587349248,0.19716767887828812,195.39871673800624,7.800091234173927
6.21,2.257163025713651,2.063605847455974,0.967016061345682,0.19355717825767682,-976.9935836840626,4.656213587566349
6.215,2.257647596928945,2.067513821790708,0.949898890319538,0.19013377513823704,976.9935836823573,3.412082271838983
6.22,2.258124011853406,2.070835599975231,0.935671949676069,0.1872884118781748,-195.39871673487008,5.242980504933712
6.2250000000000005,2.2585924122218857,2.0753297704601747,0.9155429996192234,0.18326264176171092,-1172.3923004194828,3.295037081440025
6.23,2.259054369104982,2.078846947361435,0.9002668199487827,0.18020742174354698,781.5948669458774,-1.9838377576802273
6.235,2.25950984214212,2.0827549216961683,0.8830042497971076,0.17675492044595176,781.5948669474775,-0.23269726426616089
6.24,2.259957392505461,2.086467497314165,0.8666790725928746,0.1734898951912962,-781.5948669469091,6.189787044377358
6.245,2.26039790285189,2.0905708703656347,0.8483647183229035,0.1698270324862552,-781.5948669477617,7.398972022656714
6.25,2.2608328493575782,2.0944788447003684,0.8309995465818639,0.16635400465720984,781.5948669477617,4.788477893100943
6.255,2.26126278413824,2.097996021601628,0.8155644600620554,0.1632667625366122,195.39871673699017,2.604601443467182
6.26,2.2616881386333563,2.1020993946530986,0.7971741163869984,0.15958874398025769,-781.5948669473737,-0.3708233646175465
6.265000000000001,2.262109274479063,2.105811970271095,0.780716716810921,0.15629730420796806,195.3987167374038,-3.461281100387083
6.2700000000000005,2.262525864934239,2.109524545889092,0.7642366304251118,0.1530013190451469,781.5948669468053,-2.892657136898496
6.275,2.262937003050995,2.1132371215070886,0.7477304646213783,0.14969988154390634,-390.79743347459,0.13822273047035338
6.28,2.263342566979126,2.1169496971250856,0.7311962235340241,0.14639286985404043,-586.1961502100397,0.8725917484751555
6.285,2.2637430771968985,2.1210530701765555,0.7126814130952851,0.14269000702034296,3126.3794677879173,1.4004564934566872
6.29,2.2641383829907475,2.1239840509276053,0.70000264129308,0.1401543320631422,2735.5820343130436,6.524101717673554
6.295,2.2645283695085223,2.1286736201292857,0.6785044102605908,0.13585474937923658,-3712.57561799739,10.773917260281037
6.3,2.264914713425597,2.133753986764439,0.6550340425798283,0.13116072666115786,-5471.16406862636,6.038837130689728
6.305,2.265299404087584,2.1388343533995924,0.6315554594417022,0.12646505068799163,-390.7974334730412,-2.1282271472941403
6.3100000000000005,2.2656823322009347,2.1425469290175894,0.6149070593006348,0.12313540318334537,4494.170484943279,-2.665488208038342
6.315,2.266062219771214,2.1460641059188497,0.5992204825514603,0.11999811385236425,2930.9807510483424,2.662540917980806
6.32,2.2664391110896136,2.149972080253583,0.5815649633943776,0.11646703083603072,-2930.9807510504825,3.7787118691315156
6.325,2.2668141510712045,2.1548570481719995,0.559015240449917,0.11195710289920502,-2735.5820343110554,-0.9050866199801195
6.33,2.2671877126325515,2.158960421223469,0.5403661163910365,0.1082272914090825,1758.5884506309715,-4.272770917453086
6.335,2.2675589766994246,2.1622821994079926,0.525613492516174,0.10527677729143203,-2.5565896066837013e-09,-3.6979713712526845
6.34,2.2679272317431285,2.1667763698929363,0.5049838726806847,0.10115086185019218,-976.9935836857437,-3.1114840180620487
6.345,2.268292423884957,2.17009814807746,0.4902009083637776,0.09819427580749718,3126.3794677881115,-3.134247694445964
6.3500000000000005,2.2686539704499733,2.173419926261983,0.4753997229834971,0.0952340441879902,1172.392300422099,-2.0156803265094343
6.355,2.2690113811437835,2.1773279005967163,0.4576468829526857,0.09168348054706721,-2735.5820343149985,-1.527018450816831
6.36,2.269364794505391,2.1820174697983967,0.4359660862913648,0.08734732470699447,195.3987167357326,-1.217545015492874
6.365,2.2697138327955777,2.185143849266183,0.4220793664345991,0.08456998352939449,586.196150211745,1.0227195718927042
6.37,2.270058176890932,2.189833418467863,0.400353229727955,0.08022475842306864,-781.5948669469091,1.9935838761855305
6.375,2.270398561295324,2.193741392802597,0.3825164212960703,0.0766571684927273,976.9935836812205,0.8167121976044829
6.38,2.270735140326167,2.197453968420594,0.3656373513361587,0.07328117190557304,-1563.1897338937526,1.7196532442662988
6.385,2.2710675602268986,2.2023389363390105,0.3428764917882522,0.06872862388788814,-1367.79101715471,3.453919872243622
6.390000000000001,2.2713965015232938,2.2058561132402703,0.3269368181963432,0.06554038828302344,1953.9871673673165,2.0087844774239247
6.3950000000000005,2.2717225492435458,2.2093732901415306,0.3109823758372333,0.062349259102015164,390.79743347216845,-1.148047489324469
6.4,2.272045714402185,2.213672061909737,0.2911053056261409,0.058373652492447636,195.3987167365865,-2.8136206762497444
6.405,2.2723655371297427,2.216798441377524,0.2770732921943915,0.05556709575221852,-2.842170943040401e-10,-3.5980554869753902
6.41,2.272681630915351,2.2212926118624674,0.256183524913234,0.05138901905288362,-8.526512829121202e-10,-4.619401389902855
6.415,2.2729937102648137,2.2248097887637277,0.2401585301266614,0.04818392150108597,2930.9807510507653,-1.8551839849580034
6.42,2.273300653007305,2.228717763098461,0.2221537665433806,0.04458288990884407,195.39871673686946,5.847308979696512
6.425,2.273602449247368,2.233407332300141,0.200215217237641,0.040195116947227216,-5471.164068628477,10.385666970763417
6.43,2.273900925494062,2.238878496368768,0.1743520305298532,0.035022429125294074,-3517.176901258392,6.869432460804063
6.4350000000000005,2.2741976013863865,2.242786470703501,0.1562957402393075,0.0314111306828857,2149.385884106439,-0.5232219075434799
6.44,2.274492834042593,2.246303647604761,0.1401861805512399,0.02818918643783208,3712.575617994379,-6.575744625934873
6.445,2.274786036114329,2.249430027072548,0.1260204228007473,0.025356009041781036,976.9935836806492,-8.035370590562602
6.45,2.2750758554309902,2.253142602690545,0.1089067446778787,0.02193325274044522,-1367.7910171560945,-4.444721522532017
6.455,2.27536117768657,2.2570505770252782,0.0907935669891563,0.018310600661291865,-195.39871673544687,0.2754060807319618
6.46,2.275641954288663,2.2603723552098014,0.0755886252426424,0.015269599078861607,-195.39871673686793,2.4928690208981212
6.465,2.2759185813815868,2.2642803295445346,0.0574319419661049,0.011638251837052138,-1172.3923004206633,1.8394248104428748
6.47,2.276191406021692,2.2677975064457945,-0.0007592748731478,0.008393899575897645,781.5948669472157,-1.536003921954256
6.4750000000000005,2.2764607400684005,2.2709238859135814,-0.0007592409963415,0.005536854154819082,1172.3923004214878,-5.13185464768768
6.48,2.2767260500548883,2.2742456640981046,-0.0007592138948965,0.0024803859567836817,-390.797433473257,-4.097223346947306
6.485,2.276986117743089,2.277762840999365,-0.0007591922137405,-0.0007767232562758686,-390.79743347544405,0.7710301377982631
6.49,2.2772407545336035,2.280889220467152,-0.0007580247089836,-0.003648465933548284,-390.797433475444,4.4269267334586395
6.495,2.277490617182305,2.284406397368412,-0.0007547903855142,-0.006915780186107057,-781.5948669460564,6.188679261356665
6.5,2.2777362904879754,2.287337378119462,-0.0487553407645071,-0.009601087631486482,-586.1961502083336,6.737387224973512
6.505,2.2779786653127827,2.2904637575872484,-0.0631668531173236,-0.012485092274465703,390.79743347340263,4.101991333699216
6.51,2.278218846597266,2.2928085421880886,-0.0736796105299488,-0.014589695590822682,586.1961502103233,-0.7008045389500719
6.515000000000001,2.2784569995217465,2.295348725505665,-0.0851781046806065,-0.016891725983918526,-195.39871673626635,-3.5440126134752994
6.5200000000000005,2.2786925248528083,2.2976935101065057,-0.0957093239784798,-0.019000985253697422,586.1961502098073,-3.260947102035841
6.525,2.2789249190046577,2.299647497273872,-0.1042983264562577,-0.02072257826921442,390.79743347203345,-1.5122589235262538
6.53,2.279153781241989,2.301796883157976,-0.1138800238111135,-0.022643101915987174,-1172.3923004212154,-0.45324765295618974
6.535,2.279379162814414,2.303946269042079,-0.1234764077073089,-0.024567106227665114,-195.39871673459487,-0.7339788254511586
6.54,2.2796011035058847,2.305509458775972,-0.1301568418306712,-0.02590835527008739,1367.7910171580847,-0.029120987221720185
6.545,2.279819277703363,2.3070726485098656,-0.136854369682757,-0.027253370806502808,195.3987167348791,2.5146604264137373
6.55,2.28003375766567,2.308635838243759,-0.1435701278775321,-0.028602080578088884,-1563.1897338945137,3.669587273692432
6.555,2.2802452345505166,2.3103944266943888,-0.1512754020571041,-0.030149192143872128,-586.1961502089022,2.2166477373285733
6.5600000000000005,2.2804542583817717,2.311371420278072,-0.1550841229407789,-0.03091716189630045,586.1961502120703,1.7036064545542207
6.565,2.2806607029431496,2.312348413861755,-0.158903914630703,-0.03168771091860556,-195.398716737629,2.898527721412475
6.57,2.2808648223019263,2.3131300087287023,-0.1617591786351159,-0.032265186426776005,-2.5580675355740823e-09,1.8121536288618172
6.575,2.281067386487716,2.313520806162176,-0.1626666029255578,-0.03245341967446036,781.5948669471932,-1.3522362607432408
6.58,2.281268347953856,2.3137162048789124,-0.162606044821003,-0.032447856925056584,390.7974334745912,-2.200767737861134
6.585,2.281467097337844,2.313911603595649,-0.1625561950397228,-0.03244450625780493,-5.684341886080801e-10,-0.6127654737043144
6.59,2.281663483101299,2.313911603595649,-0.1615385877877711,-0.03224812049435011,-390.7974334733155,0.5249479480092685
6.595,2.281857634725797,2.313911603595649,-0.1605323859585495,-0.032053968869852234,-390.79743347278173,0.4540718052233803
6.6000000000000005,2.282049614978783,2.3137162048789124,-0.1585613853453906,-0.031666589900129605,586.1961502096684,-0.577697263680319
6.605,2.282239523599522,2.3131300087287023,-0.1546455257601832,-0.030890485129180245,390.7974334730313,-1.5863429047166093
6.61,2.282427197658112,2.312739211295229,-0.1517191489163391,-0.030312013637117108,-195.39871673658513,-0.5825935534176665
6.615,2.282612186261756,2.312153015145019,-0.1478314090009169,-0.029540828883262815,390.79743347402274,1.2875932563361676
6.62,2.2827946447963816,2.311371420278072,-0.1429810884368072,-0.028576775481690575,2.8398972062859684e-10,1.0317152330686206
6.625,2.282975040118945,2.310785224127862,-0.139119487588613,-0.027810184008917105,-976.9935836837781,-0.14236285579727692
6.63,2.2831532439868485,2.310003629260916,-0.1342929784875748,-0.026850385274067357,-3.8829739423817955e-10,-0.004499487430775773
6.635,2.2833291168863226,2.309026635677232,-0.1285020330910256,-0.025697518790909424,586.1961502085662,0.2804694759114099
6.640000000000001,2.2835028528666568,2.307658844660076,-0.1207685070796373,-0.024155991793419318,-781.5948669465898,0.4189845691364038
6.6450000000000005,2.283674412064401,2.3068772497931285,-0.1159774232977026,-0.023202837728727665,586.196150211849,1.4263772737869695
6.65,2.283843751905282,2.304923262625762,-0.1053347866905252,-0.021079510720479977,1758.588450630687,1.5741335448638312
6.655,2.284011344637749,2.3035554716086053,-0.09763361621016,-0.01954412697085628,-586.1961502100397,0.01317878712829934
6.66,2.2841773674799986,2.302383079308185,-0.0909186886315145,-0.018205711828186644,-586.1961502114607,-0.5240532959760129
6.665,2.2843414887399125,2.300819889574292,-0.0822604016907476,-0.01647840083437968,586.1961502089028,0.7634327184291738
6.67,2.284503712769593,2.2994520985571354,-0.0745906405595112,-0.014948385787542318,-195.39871673487986,1.7982874138056495
6.675,2.284664320317595,2.2980843075399786,-0.0669305986964144,-0.013419987222383689,-586.1961502080153,1.9320189147724562
6.68,2.284823551206784,2.296716516522822,-0.0592787496151801,-0.011892965316037785,-1.4382806057255948e-09,1.5930851671445687
6.6850000000000005,2.28498163765821,2.295153326788929,-0.0506578268891457,-0.010171689130718864,390.79743347025857,0.49129488729651083
6.69,2.2851388148104865,2.293590137055036,0.0002145525236625,-0.008451322244549253,390.7974334734023,-0.5162863138256863
6.695,2.285295033846925,2.2920269473211423,0.0002268496908658,-0.006731913474217421,586.1961502123133,0.47218480148108943
6.7,2.2854499948755875,2.2904637575872484,0.0002378375844603,-0.005013762711660874,586.1961502111761,2.114258315373352
6.705,2.285603992597426,2.289095966570092,0.000247778059168,-0.003491973972665985,-195.39871673658547,1.6184776512773513
6.71,2.2857575635868885,2.2879235742696715,0.0002557304389341,-0.002166010682782993,-781.5948669483297,0.40225298562291734
6.715,2.2859106281680286,2.286946580685989,0.000260942182915,-0.0010359525179604034,-1.2409486771502998e-09,0.6858229835416432
6.72,2.286063139422041,2.2857741883855685,0.0002639614182677,0.00028895103647252895,781.5948669476226,1.3136196648133884
6.7250000000000005,2.286215342811718,2.284797194801885,0.0002629263270539,0.0014181480098329757,195.3987167371364,1.197427295664849
6.73,2.2863674082040286,2.2840155999349383,0.0002597979344189,0.0023518082690903164,-390.79743347338507,0.632726341507275
6.735,2.2865194501481594,2.2834294037847283,0.0002538447408149,0.0030900463634311315,-195.39871673630097,-0.29158419408759695
6.74,2.2866715673601465,2.282843207634518,0.0002444815466037,0.0038283597256283386,-195.3987167363009,-0.6115651336813375
6.745,2.2868235829036943,2.282452410201045,0.0002335405117388,0.004371172702649417,-195.3987167374377,0.5573198282604727
6.75,2.286975325306201,2.282061612767572,0.0002201870445188,0.004913712538629156,195.3987167360167,1.2513251428458982
6.755,2.287127129513189,2.2816708153340985,0.0002049036314149,0.005456314179090427,195.39871673683453,-0.39714127439066393
6.76,2.2872792393620203,2.281475416617362,0.0001892264214358,0.0058038227446584045,-195.39871673658507,-2.517233937168999
6.765000000000001,2.287431341301786,2.281280017900625,0.0001720840141245,0.00615132340116098,-390.79743347281646,-2.653654828179683
6.7700000000000005,2.28758291238633,2.281280017900625,0.0001560697686115,0.0063028944857048685,5.206857167650014e-11,-1.3710376640575133
6.775,2.2877337010355485,2.2810846191838885,0.0001398078927051,0.006649081851660021,195.39871673630083,-0.6948602182887655
6.78,2.287883690724302,2.2810846191838885,0.000124498072316,0.006799071540413593,-195.39871673658504,-1.3680124052940568
6.785,2.288032837676812,2.2810846191838885,0.0001087997365088,0.006948218492923708,-195.39871673658504,-2.308698699380468
6.79,2.2881808795157177,2.2810846191838885,9.394074819903354e-05,0.007096260331829196,0.0,-2.0782136070352397
6.795,2.288327383213172,2.2810846191838885,7.975323788720484e-05,0.007242764029283588,-195.39871673686926,-1.1228471697678062
6.8,2.288472170061878,2.2810846191838885,6.725306980574739e-05,0.007387550877989479,2.1479752492687334e-10,-1.1374029838854733
6.805,2.288615259431021,2.2810846191838885,5.6102775508586926e-05,0.0075306402471326805,586.1961502102022,-1.8754626918840298
6.8100000000000005,2.288756439515613,2.280889220467152,4.6032380238864045e-05,0.007867219048461216,-6.378537579849865e-10,-1.4298225264047932
6.815,2.2888953289273752,2.2810846191838885,3.797606402308574e-05,0.007810709743486743,-586.1961502100046,0.45270074934867743
6.82,2.289031812414231,2.2810846191838885,3.0380851218468596e-05,0.007947193230342542,2.8421709430405217e-10,1.8743170335256254
6.825,2.289166161879708,2.2810846191838885,2.430468097477488e-05,0.008081542695819621,0.0,1.480136746749925
6.83,2.289298741458481,2.2810846191838885,1.9443744779819906e-05,0.008214122274592395,0.0,0.0836885112676562
6.835,2.289429632605053,2.2810846191838885,1.5554995823855922e-05,0.008345013421164449,390.7974334731701,-0.8496656698753844
6.84,2.28955870678511,2.280889220467152,1.244399665908474e-05,0.008669486317958164,2.842170943039765e-10,-1.0079147034495621
6.845,2.2896858247919214,2.2810846191838885,9.955197327267792e-06,0.008601205608032902,-5.206857167650014e-11,-0.9850617607290495
6.8500000000000005,2.289810858728448,2.280889220467152,0.0446161554643406,0.008921638261296216,-6.378537579849866e-10,-1.4239825443959493
6.855,2.28993373052561,2.2810846191838885,0.0442519280348958,0.008849111341721283,-586.1961502097724,-1.9504391951849573
6.86,2.2900542122267344,2.2810846191838885,0.0448530622752613,0.008969593042845947,-195.39871673630083,-1.4190880312981182
6.865,2.2901719258235738,2.2810846191838885,0.0454406108472515,0.009087306639685266,586.1961502097552,-0.5073877440509573
6.87,2.290286816840774,2.280889220467152,0.046991243987172,0.009397596373622363,586.1961502097552,-1.1868732880771642
6.875,2.2903989915977823,2.280889220467152,0.0475514653484004,0.009509771130630451,0.0,-2.984619080450665
6.88,2.290508165182823,2.280889220467152,0.0480968113345542,0.009618944715671152,-586.1961502094189,-3.252401991743305
6.885,2.290613740974947,2.2810846191838885,0.0476472791602522,0.009529121791058692,-390.79743347315275,-0.9210769144362168
6.890000000000001,2.2907152726338005,2.2810846191838885,0.0481546034135269,0.009630653449911986,195.3987167359819,1.9827237983336694
6.8950000000000005,2.2908129215530764,2.2810846191838885,0.0486425807771129,0.009728302369187869,-5.206857167650014e-11,2.9957423689084255
6.9,2.290907218116792,2.2810846191838885,0.0491138498094563,0.009822598932903492,-195.39871673630083,2.2839737547998116
6.905,2.2909985160559687,2.2810846191838885,0.0495701684763522,0.009913896872080219,390.7974334731701,1.4571302054378368
6.91,2.2910869973741668,2.280889220467152,0.0509894318278356,0.010197776907014955,586.1961502097552,1.087273926145894
6.915,2.2911728084573784,2.280889220467152,0.0514183777853414,0.01028358799022655,-195.39871673658504,0.9495966727968792
6.92,2.29125606753613,2.280889220467152,0.0518345856122589,0.010366847068978391,-781.5948669466244,0.9003997882928356
6.925,2.291336886031232,2.2810846191838885,0.0512616144506121,0.010252266847343705,-6.941956937710313e-11,0.8687525235026001
6.93,2.291415378199355,2.280889220467152,0.0526310128321315,0.010526157732203334,586.1961502102542,0.8206981272003979
6.9350000000000005,2.291491649177318,2.280889220467152,0.053012322887722,0.010602428710166034,0.0,0.6829494850527666
6.94,2.291565798116365,2.280889220467152,0.0533830317155787,0.010676577649213037,-195.3987167368172,0.2124678977103489
6.945,2.291637918593763,2.280889220467152,0.0537436054086666,0.010748698126611167,0.0,-0.4305979658170678
6.95,2.2917080102366443,2.280889220467152,0.0540940406679509,0.010818789769492465,0.0,-0.3796805034994666
6.955,2.291775906748465,2.280889220467152,0.0544335048629595,0.010886686281313285,195.39871673658504,0.41109760843485965
6.96,2.291841583962228,2.280889220467152,0.0547618762404944,0.010952363495076334,0.0,0.8111892478269
6.965,2.2919052339609207,2.280889220467152,0.0550801144809347,0.011016013493768906,-586.1961502097204,0.7097049905275759
6.97,2.2919669303907244,2.2810846191838885,0.0544115936438517,0.010882311206835915,195.3987167364809,0.8965236409614086
6.9750000000000005,2.2920267114203776,2.280889220467152,0.0556874848538667,0.011137490953225804,586.1961502095643,1.139409907010993
6.98,2.292084759227124,2.280889220467152,0.0559777178700503,0.011195538759972035,-586.1961502098419,0.9949351684206622
6.985,2.292141235650477,2.2810846191838885,0.0552831015890941,0.011056616466588398,0.0,0.8212648236849818
6.99,2.2921962098813333,2.280889220467152,0.0565349624758292,0.011306989414181512,586.1961502097552,0.648319436606962
6.995,2.292249801586387,2.280889220467152,0.0568029179201134,0.011360581119235214,-586.1961502097552,0.12149749721855052
7.0,2.2923021036181765,2.2810846191838885,0.0560874320305901,0.01121748443428805,-195.39871673658504,-0.39430170943434995
7.005,2.2923530575475444,2.280889220467152,0.0573191932892827,0.011463837080392558,586.1961502097724,-0.23237126640602312
7.01,2.292402561935151,2.280889220467152,0.0575667136498514,0.011513341467999094,6.941956937700833e-11,3.3366612680652388
7.015000000000001,2.2924506092322394,2.280889220467152,0.0578069488733228,0.01156138876508761,-195.39871673655034,14.512502438322153
7.0200000000000005,2.2924973524609897,2.280889220467152,0.0580406640074974,0.011608131993837922,0.0,25.486369132181927
7.025,2.292545793301741,2.280889220467152,0.0582828674035911,0.011656572834588985,0.0,20.62334432309944
7.03,2.2926009876981315,2.280889220467152,0.0585588387394153,0.011711767230979664,0.0,5.414482429273665
7.035,2.29266409612518,2.280889220467152,0.0588743803577526,0.011774875658028261,0.0,-3.042395395596184
7.04,2.292734090990899,2.280889220467152,0.0592243542728272,0.011844870523747275,0.0,-6.170245682426678
7.045,2.2928109321849868,2.280889220467152,0.0596085599124475,0.01192171171783496,0.0,-11.39539832820493
7.05,2.2928936199438974,2.280889220467152,0.060021998442346,0.012004399476745586,0.0,-16.78601129640385
7.055,2.2929801312354785,2.280889220467152,0.0604545546885279,0.01209091076832669,0.0,-21.744047809305883
7.0600000000000005,2.293068179158798,2.280889220467152,0.060894794135746,0.012178958691646091,0.0,-27.95068823104403
7.065,2.2931549072653588,2.280889220467152,0.0613284345330472,0.012265686798206943,0.0,-31.183290607544432
7.07,2.293236024587791,2.280889220467152,0.0617340210368068,0.012346804120639376,0.0,-29.712477647195904
7.075,2.2933073095863965,2.280889220467152,0.0620904459431114,0.01241808911924469,0.0,-32.56298473360316
7.08,2.29336597294027,2.280889220467152,0.0623837626431002,0.012476752473117969,0.0,-44.1756577674842
7.085,2.293407625720945,2.280889220467152,0.0625920264909744,0.012518405253793219,0.0,-56.92757649768751
7.09,2.2934254612315,2.280889220467152,0.0626812039993483,0.012536240764348339,0.0,-71.55561104893403
7.095,2.293411680011236,2.280889220467152,0.0626122978625066,0.012522459544084263,0.0,-100.95959664508958
7.1000000000000005,2.2933575618849846,2.280889220467152,0.0623417072028323,0.012468341417832818,0.0,-131.02391878648308
7.105,2.293247916846221,2.280889220467152,0.0617934819862815,0.01235869637906939,0.0,-120.47414295070283
7.11,2.293061315304078,2.280889220467152,0.0608604742573796,0.012172094836926384,0.0,-82.36096884928997
7.115,2.292785312307114,2.280889220467152,0.059480459258008,0.011896091839961986,0.0,-82.04665563198779
7.12,2.29241624734583,2.280889220467152,0.0576351344399485,0.011527026878678015,0.0,-119.23711236022939
7.125,2.2919415054250645,2.280889220467152,0.0552614248268101,0.011052284957912661,0.0,-125.8260068675608
7.13,2.291340311354608,2.280889220467152,0.0522554544670752,0.010451090887455994,0.0,-80.47504408404751
7.135,2.290597259087713,2.280889220467152,0.0485401931266464,0.009708038620561243,0.0,-34.02972244027262
7.140000000000001,2.2897076813235446,2.280889220467152,0.0440923043010344,0.008818460856392818,0.0,-33.64480045069797
7.1450000000000005,2.2886720982509754,2.280889220467152,1.525629551247796e-11,0.007782877783823583,0.0,-58.032910460550966
7.15,2.2874843275302,2.280889220467152,1.2205036409982369e-11,0.006595107063048111,0.0,-58.703944864933305
7.155,2.286132378114401,2.280889220467152,9.764029127985896e-12,0.0052431576472491415,0.0,-48.595840361829005
7.16,2.284612217064113,2.280889220467152,7.811223302388717e-12,0.003722996596961181,-195.39871673686926,-61.00600857280642
7.165,2.282919394733125,2.280889220467152,6.248978641910973e-12,0.0020301742659731836,-195.39871673686926,-86.34929584190274
7.17,2.2810427540849223,2.280889220467152,4.999182913528779e-12,0.0001535336177704849,390.7974334737385,-101.79144937240358
7.175,2.2789721420985747,2.280693821750415,3.9993463308230226e-12,-0.0017216796518404465,390.79743347375586,-80.10146151825052
7.18,2.2766895892967858,2.280693821750415,3.199477064658419e-12,-0.004004232453629353,-195.39871673681722,-34.62950308026427
7.1850000000000005,2.274188828761377,2.280693821750415,2.559581651726735e-12,-0.006504992989038172,-390.79743347343697,-21.626189458536373
7.19,2.2714726212381846,2.280693821750415,-0.0461060025591049,-0.00922120051223052,-390.7974334734543,-35.78114049397311
7.195,2.268534825218452,2.280693821750415,-0.0607949826581771,-0.012158996531963062,-195.39871673686926,-27.751699344379517
7.2,2.2653702237196613,2.2804984230336784,-0.075639846408943,-0.015128199314017099,2.842170943040401e-10,-0.7997558432763299
7.205,2.2619743503293064,2.2803030243169418,-0.0916412996494309,-0.01832867398763538,195.39871673658504,-9.599099801108423
7.21,2.2583546450418712,2.2799122268834684,-0.107783952657325,-0.021557581841597173,-5.684341886080801e-10,-36.790832027407646
7.215,2.254506604338096,2.279521429449995,-0.1250675098394698,-0.025014825111898897,-586.1961502091867,-2.8983494979685247
7.22,2.250416286105013,2.2791306320165217,-0.1435606861823637,-0.028714345911508676,-586.1961502087809,47.70514121113467
7.225,2.246094796412794,2.278349037149575,-0.1612543178649337,-0.03225424073678074,-195.3987167373333,46.97023505948471
7.23,2.241552248559588,2.2775674422826286,-0.1800509583617112,-0.03601519372304063,586.1961502085489,61.94139552796173
7.235,2.236786631694611,2.276199651265472,-0.1970289874138621,-0.039413019570861074,195.39871673561026,97.45232783493873
7.24,2.2318095026406573,2.275027258965052,-0.216040340552474,-0.04321775632439495,-1172.392300419226,37.76671943740064
7.245,2.226644051579075,2.273659467947895,-0.2350130254721968,-0.047015416368819896,195.398716738007,-75.95130082421827
7.25,2.221285500676055,2.271705480780528,-0.2520153007897168,-0.05041998010447335,1367.791017157232,-55.41300965461721
7.255,2.215704822785624,2.269556094896425,-0.2691472750139326,-0.053851272110800874,-195.39871673623134,79.42017752134973
7.26,2.2099042913649565,2.2677975064457945,-0.2893305002591888,-0.057893215080838,-586.1961502115121,127.46128824886762
7.265000000000001,2.203913532304602,2.2652573231282185,-0.3065552863301448,-0.061343790823616295,-195.39871673637106,61.299328194122495
7.27,2.197745294884884,2.2631079372441145,-0.326620168934876,-0.06536264235923062,-586.1961502090315,-9.318190409360795
7.275,2.19139764142426,2.2601769564930647,-0.3436719813052515,-0.06877931506880453,-1953.9871673710702,-71.2359216683484
7.28,2.1848698105640296,2.257441374458752,-0.3626010835338475,-0.07257156389472241,-976.9935836838636,-123.75145996976732
7.285,2.178147831954188,2.2537287988407546,-0.3776131836936268,-0.07558096688656679,3712.575618002506,-80.93802137040768
7.29,2.1712066024807277,2.248843830922337,-0.3878539078711322,-0.07763722844160936,3126.3794677876344,72.22184009350929
7.295,2.164040352434415,2.2449358565876043,-0.40410131795254,-0.08089550415318936,-586.1961502131661,202.5038990586936
7.3,2.156674732613607,2.241027882252871,-0.4213463194829002,-0.08435314963926421,-586.1961502100397,195.67007674738602
7.305,2.1491474247050357,2.236924509201401,-0.4384245120894054,-0.08777708449636545,-1172.3923004181822,86.31831071062561
7.31,2.1414767048617254,2.233407332300141,-0.4591509903376269,-0.09193062743841551,195.39871673472393,-23.07538867250912
7.315,2.1336647188427955,2.2291085605319343,-0.47667717146263,-0.09544384168913878,2930.9807510475057,-26.58868828523532
7.32,2.1256988375357926,2.2248097887637277,-0.494975056254559,-0.09911095122793512,-586.1961502080786,123.41886423395442
7.325,2.1175691594590247,2.2216834092959403,-0.5199591186581595,-0.10411424983691564,-2930.980751049343,265.52526460649517
7.33,2.1093145419475263,2.218166232394681,-0.5436180768766466,-0.10885169044715459,781.5948669452023,214.7268708770941
7.335,2.100984165417956,2.2140628593432106,-0.5647281980813156,-0.11307869392525438,1367.7910171569472,61.80392545189608
7.34,2.0925893433615315,2.2105456824419503,-0.5890953567486417,-0.1179563390804188,-1563.1897338921099,-22.422984097264475
7.345,2.084124463590467,2.2070285055406904,-0.613815867251036,-0.12290404195022342,-781.594866943956,-16.120768986499797
7.35,2.07558504570326,2.203315929922693,-0.6379356755197848,-0.1277308842194329,2149.385884102035,52.475326485838195
7.355,2.0669676309924583,2.199017158154487,-0.6595173677709162,-0.13204952716202856,586.1961502045939,141.98951799952562
7.36,2.058285528203724,2.195695379969964,-0.6863086226626658,-0.1374098517662401,-2344.784600840406,168.99183337327844
7.365,2.0495661429504186,2.192178203068704,-0.7123113699194465,-0.1426120601182852,-390.7974334708966,94.75765481540097
7.37,2.0408327803809256,2.18827022873397,-0.7364316754904895,-0.1474374483530445,1563.189733894385,-17.035907585242086
7.375,2.03208899129772,2.1841668556825,-0.7596284471669601,-0.15207786438478,5.684341886080801e-10,-79.73638306282737
7.38,2.023321559889679,2.18064967878124,-0.7858754729151023,-0.15732811889156073,-7.418066161335446e-10,-84.10390290093129
7.385,2.014519140126777,2.17654630572977,-0.8093673090436538,-0.16202716560299324,-1.6988508377835387e-09,-87.2752848067685
7.390000000000001,2.00567213034692,2.172833730111773,-0.8350367619100661,-0.167161599764853,-1172.3923004190463,-105.24501003944744
7.395,1.996772485534689,2.169316553210513,-0.8619469271106083,-0.1725440676758243,781.5948669478903,-53.50108794116821
7.4,1.9877972164678448,2.164822382725569,-0.8843506805366602,-0.17702516625772424,1563.1897338914741,89.53272715160978
7.405,1.9787437825114147,2.1613052058243096,-0.9120305742257546,-0.18256142331289493,-195.39871673749178,193.73496302163022
7.41,1.9696433171645105,2.157397231489576,-0.9379919160172002,-0.1877539143250655,-1172.3923004189426,181.65070866047972
7.415,1.960522563784109,2.154075453305053,-0.9669859013810655,-0.19355288952094374,-781.5948669463378,103.45025210057706
7.42,1.9514041673999385,2.150362877687056,-0.994014292719514,-0.1989587102871173,1367.7910171563788,52.45508391198369
7.425,1.942290480061431,2.1464549033523226,-1.0200411375846172,-0.20416442329089168,586.1961502103225,41.372441889681426
7.43,1.93318321742623,2.1429377264510627,-1.047990190131307,-0.20975450902483272,-2540.183317575964,-35.2853214175703
7.435,1.924099986427292,2.139811346983276,-1.0777733468886508,-0.21571136055598372,-976.993583684717,-132.71396359612086
7.44,1.9150218396852727,2.135707973931806,-1.1026463346226651,-0.22068613424653316,1172.392300419127,-96.88775983163914
7.445,1.9059157975602736,2.1316046008803355,-1.1276589754153277,-0.22568880332006191,586.1961502103296,1.2617252082236803
7.45,1.896787320213474,2.1276966265456023,-1.153759776655841,-0.23090930633212836,586.1961502091871,34.68080501875551
7.455,1.887641025700547,2.1230070573439224,-1.1760420321562213,-0.23536603164337544,2.842170943040401e-10,-4.107412927115291
7.46,1.87848092073604,2.119489880442662,-1.2042567257876011,-0.24100895970662206,781.5948669488986,-103.99773975849138
7.465,1.8693103516531295,2.114604912524245,-1.2256847742621888,-0.24529456087111545,586.1961502106082,-170.35213688303168
7.47,1.860098533840044,2.111087735622985,-1.2541580129430108,-0.25098920178294115,-781.5948669480232,-106.67492687131471
7.475,1.8508197776782624,2.107179761288252,-1.281011949375608,-0.25635998360998946,586.1961502087695,32.80885427530123
7.48,1.841469807388601,2.1030763882367816,-1.3072449574044476,-0.26160658084818045,-781.5948669478472,133.77519112166155
7.485,1.832062628849073,2.099950008768995,-1.338648970233465,-0.2678873799199222,-1563.1897338930562,133.27078246047677
7.49,1.82262755023599,2.096042034434262,-1.366284505601458,-0.27341448419827175,-195.3987167360168,80.57061153579528
7.495,1.8131726803566857,2.092134060099528,-1.3940189945053076,-0.2789613797428425,-390.7974334745928,17.752460088334857
7.5,1.8037050331646696,2.088421484481532,-1.422794361320204,-0.2847164513168625,1563.1897338952392,-86.89168859320276
7.505,1.7942305028126355,2.0835365165631146,-1.4457421806441269,-0.28930601375047904,1367.7910171593958,-140.34268541591658
7.51,1.784720008634728,2.079823940945118,-1.4747317791683516,-0.2951039323103901,-1953.9871673693037,-47.63889651372
7.515000000000001,1.7751492045283268,2.075720567893648,-1.502068939022745,-0.3005713633653213,-586.196150210932,31.487821244678997
7.52,1.7655321339607497,2.071617194842178,-1.5296374302670712,-0.3060850608814285,2735.5820343148275,-38.087084311060465
7.525,1.7558811466072497,2.066732226923761,-1.553467530373517,-0.31085108031651143,1563.1897338935312,-113.36132442806874
7.53,1.7461728969639772,2.063215050022501,-1.5844228964284022,-0.3170421530585237,-1758.588450631472,-73.07548522108377
7.535,1.7363882419650911,2.059307075687768,-1.6138063016250284,-0.32291883372267693,-1953.987167367838,13.519775233988014
7.54,1.726528936319986,2.056180696219981,-1.647470934012307,-0.32965175989999507,586.196150211745,104.14594802938606
7.545,1.71659741511663,2.0516865257350374,-1.6746576888049187,-0.3350891106184073,390.79743347430576,179.80542179288466
7.55,1.7066137718040084,2.048560146267251,-1.708944008989535,-0.3419463744632425,-1172.3923004206479,156.40569755590596
7.555,1.6966128120098962,2.044456773215781,-1.7384319434710964,-0.3478439612058848,-195.39871673569698,66.69329977598153
7.56,1.6866072088378374,2.040744197597784,-1.7698970818560895,-0.3541369887599466,976.9935836834594,41.73354107819871
7.565,1.6765908383424435,2.036445425829577,-1.7984850759837718,-0.3598545874871335,1367.7910171539843,71.84755878227847
7.57,1.6665759407212473,2.032537451494844,-1.8290196928094808,-0.36596151077359695,195.39871673593004,113.21878703086226
7.575,1.6565732276553535,2.0286294771601106,-1.8594933867800003,-0.372056249504757,-2344.7846008376005,163.52851370982998
7.58,1.6465918150130237,2.025307698975587,-1.8927915593208056,-0.3787158839625633,-976.9935836834941,86.39785043073019
7.585,1.6366731987356553,2.021204325924117,-1.9218677756517168,-0.3845311271884617,2735.5820343119076,-114.72643246435968
7.59,1.6268183602268746,2.0167101554391738,-1.948671115932039,-0.3898917952122991,195.39871673942724,-165.9883039891987
7.595,1.61697714943378,2.013192978537913,-1.98029243567995,-0.3962158291041331,-2735.5820343108235,-72.60674612382316
7.6,1.6071408499303357,2.0094804029199165,-2.01091197533818,-0.4023395529895808,-390.7974334779608,-76.32078436528857
7.605,1.5973190914457362,2.004790833718237,-2.0365725077777403,-0.4074717422725007,390.79743346907026,-129.02813667039734
7.61,1.5874866773772816,2.0008828593835037,-2.066194375266315,-0.4133961820062222,1758.5884506332454,-88.73230500483848
7.615,1.5776227039871624,1.995607094031613,-2.089136300673267,-0.41798439004445065,2930.980751052756,-20.5351853870188
7.62,1.5677268144310452,1.9913083222634065,-2.117122597785465,-0.42358150783236126,-1.9895196601282805e-09,3.5410218353605103
7.625,1.557799254753052,1.9874003479286733,-2.1472210910398832,-0.42960109317562134,-781.5948669469105,23.440443700622424
7.63,1.547840725906238,1.9836877723106765,-2.178451310414462,-0.4358470464044386,-976.9935836815117,89.54007576761191
7.635,1.53785228476524,1.980170595409416,-2.2108079941975456,-0.4423183106441759,-2149.385884104344,177.25019221245847
7.640000000000001,1.5278518522465585,1.9772396146583664,-2.24615554310322,-0.4493877624118079,586.1961502106011,215.76292950498578
7.645,1.5178713340994945,1.9729408428901596,-2.274564507051519,-0.4550695087906651,586.1961502112732,179.01354225498892
7.65,1.5079374436442228,1.9698144634223729,-2.308602247632153,-0.4618770197781501,-2735.582034314865,62.22035368523524
7.655,1.4980721656853184,1.9662972865211128,-2.340342901434942,-0.4682251208357944,-390.797433472005,-104.36866930375226
7.66,1.4882765136414842,1.9619985147529055,-2.367827421624734,-0.4737220011114214,2540.1833175778793,-194.30756597984515
7.665,1.4785169998764007,1.9575043442679625,-2.394154233074758,-0.47898734439156176,1367.7910171555277,-168.17168952088156
7.67,1.468764693569039,1.9534009712164924,-2.422398975393675,-0.4846362776474533,-195.39871673658516,-144.1130455501226
7.675,1.4590115291067598,1.9491021994482856,-2.4496709996956043,-0.49009067034152576,-781.5948669463405,-121.84933063168421
7.68,1.449233811737366,1.9453896238302888,-2.479996757117843,-0.4961558120929228,781.5948669466476,15.719781472109048
7.685,1.4394116403308452,1.9408954533453455,-2.5066368006579345,-0.5014838130145003,1367.7910171570406,215.70439039349813
7.69,1.429562018815832,1.9371828777273483,-2.537322061288777,-0.5076208589115163,-2735.582034314517,264.8383968263945
7.695,1.4197330533301278,1.9336657008260885,-2.568881029127607,-0.5139326474959607,-3517.176901261413,67.91104756273828
7.7,1.4099650191948343,1.9301485239248288,-2.6001364853908946,-0.5201835047299945,3126.3794677879205,-183.78575689895166
7.705,1.4002406065014372,1.9246773598562017,-2.6214036645892422,-0.5244367533547645,5080.366635154052,-226.21705046931226
7.71,1.3905107239219334,1.9207693855214685,-2.6505139546726912,-0.530258661599535,-976.993583684631,-56.936427878330925
7.715,1.3807505140878726,1.917056809903472,-2.6807527248406897,-0.5363062958155993,-3907.9743347317,121.03299021789243
7.72,1.3709729159466606,1.9141258291524212,-2.71498629106164,-0.5431529132057606,-1367.7910171549065,168.87631459467588
7.725,1.361205839661556,1.9098270573842149,-2.7423281970622435,-0.5486212177226588,781.5948669440315,71.62715367996503
7.73,1.3514726282592315,1.9063098804829548,-2.773408676300457,-0.5548372522237233,1367.7910171548197,-113.82982879296937
7.735,1.34177545953708,1.9016203112812748,-2.798446919289128,-0.5598448517441947,195.39871673903795,-252.7510177134215
7.74,1.3320814880133296,1.8981031343800143,-2.829331088710628,-0.5660216463666847,-390.7974334726019,-213.85203717245133
7.745,1.3223455438856555,1.893804362611808,-2.8565171075552063,-0.5714588187261525,586.196150207766,-41.369809243290405
7.75,1.31254674419124,1.889700989560338,-2.8849943664077258,-0.5771542453690981,-390.7974334726019,88.61997090378016
7.755,1.302702240670108,1.885988413942341,-2.915654106433635,-0.583286173272233,-3126.379467785838,95.59133265555522
7.76,1.292827026983719,1.8816896421741345,-2.9435363964327323,-0.5888626151904155,-3517.176901261137,-35.6824328257332
7.765000000000001,1.2829341698613397,1.877781667839401,-2.9734608746975133,-0.5948474979780614,4884.967918419916,-264.9682916829685
7.77,1.2730179277234226,1.8709427127536176,-2.9888473614194213,-0.597924785030195,8988.340969887071,-318.13559445109
7.775,1.263005649026528,1.865666947401728,-3.012529969313434,-0.6026612983752,-1758.5884506329905,-84.76816534725276
7.78,1.252854478118666,1.862345169217204,-3.0466769658653217,-0.609490691098538,-7229.752519254553,81.88770374697924
7.785,1.2425985425712205,1.8586325935992072,-3.07939379186072,-0.6160340510279867,-586.1961502083344,52.30419169081529
7.79,1.2322519100041052,1.854138423114264,-3.1086561233501016,-0.6218865131101587,3712.575617995685,126.18307677400355
7.795,1.221794738199164,1.849448853912584,-3.1374941532292278,-0.6276541157134199,390.7974334725436,288.38530405835786
7.8,1.2112625275714295,1.8457362782945872,-3.1715923417681715,-0.6344737507231577,-1953.9871673661082,239.67963336773676
7.805000000000001,1.2007204189871308,1.8418283039598533,-3.204764173968033,-0.6411078849727225,586.1961502117204,62.95870176101472
7.81,1.1901747161246972,1.837529532191647,-3.235999758200797,-0.6473548160669498,1367.7910171560438,29.021257851262114
7.815,1.179615264568492,1.8338169565736504,-3.270234880901143,-0.6542016920051583,-7.842118066037074e-10,131.08623649117382
7.82,1.1690514343656675,1.8301043809556532,-3.3044905980728903,-0.6610529465899857,-781.59486694565,214.88696567061712
7.825,1.1585082962010975,1.82678260277113,-3.3405969533712114,-0.6682743065700325,-1758.5884506298319,202.34409135157568
7.83,1.1480237685308352,1.8234608245866064,-3.3764114952782096,-0.6754370560557712,-1563.1897338946692,156.45784965472325
7.835,1.1376144008506175,1.8199436476853468,-3.41087308475564,-0.6823292468347293,781.5948669457707,147.40604631100808
7.84,1.1272940627115502,1.8158402746338769,-3.441957268499909,-0.6885462119223267,195.39871673942594,93.94863756413002
7.845,1.117090036366707,1.8117369015824063,-3.4724600216118,-0.6946468652156994,-1953.9871673644118,-71.10105275503582
7.85,1.1070097229541231,1.8080243259644095,-3.504299450060588,-0.7010146030102864,1953.9871673624186,-249.44916869729252
7.855,1.097029151386928,1.8023577631790464,-3.5258700855504275,-0.7053286117921185,4298.771768203342,-274.2062169819394
7.86,1.0870996482057975,1.7980589914108396,-3.55402306571976,-0.7109593432050421,976.9935836852051,-73.57942467305509
7.865,1.077182296742587,1.7937602196426328,-3.582115422678549,-0.7165779229000457,-1758.5884506286966,207.4651437291793
7.87,1.0672896322495948,1.7902430427413727,-3.6139924274242254,-0.7229534104917779,-2735.58203431361,324.627467504841
7.875,1.0574758930090091,1.7869212645568493,-3.646453036293982,-0.7294453715478402,-1172.3923004192268,209.0291852410149
7.88,1.0477871402292425,1.7828178915053792,-3.67437942764719,-0.7350307512761367,-4.476987669477239e-10,2.30947139297092
7.885,1.0382345676536993,1.7791053158873826,-3.703579006604303,-0.7408707482336834,976.9935836816595,-114.63192661565876
7.890000000000001,1.0288012013299797,1.7746111454024391,-3.728274661133687,-0.7458099440724595,1953.9871673680718,-53.53703661650036
7.895,1.0194606301480502,1.7703123736342323,-3.753483398470703,-0.7508517434861821,195.39871673768783,88.04647557620234
7.9,1.0102171836251943,1.7665997980162358,-3.781137545209721,-0.7563826143910415,-586.1961502120805,128.3962191740797
7.905,1.001100543455444,1.7624964249647657,-3.806203714572901,-0.7613958815093216,-390.7974334737032,69.75920361643807
7.91,0.9921231335904608,1.7589792480635058,-3.83350474640894,-0.766856114473045,-781.5948669449195,53.43208055635216
7.915,0.983282703795058,1.755071273728772,-3.858166917326223,-0.7717885699337139,-195.3987167357325,86.82857997243798
7.92,0.9745888104293956,1.7513586981107754,-3.8830734209557023,-0.7767698876813798,1172.3923004181652,65.87251992038853
7.925,0.9660605432474468,1.7472553250593057,-3.905197823521017,-0.7811947818118589,976.9935836824498,-12.554099667028254
7.930000000000001,0.9577010427219698,1.7435427494413085,-3.928431243428921,-0.7858417067193387,-976.993583681289,-56.10809756029357
7.935,0.9494999343325308,1.740220971256785,-3.9528269307499015,-0.7907210369242543,-1172.392300420327,-23.730364453116294
7.94,0.9414472763685192,1.7365083956387886,-3.9745265715171,-0.7950611192702693,-976.9935836855706,25.968028369758827
7.945,0.9335447689527484,1.7329912187375285,-3.996452607319352,-0.7994464497847801,-586.196150209791,-0.8060983533141552
7.95,0.9258037810045892,1.729083244402795,-4.01561718197024,-0.8032794633982059,1563.1897338943863,-102.48442955969995
7.955,0.918221015136472,1.7245890739178515,-4.031059764153114,-0.8063680587813795,1758.588450630119,-153.74100009552518
7.96,0.9107697505318264,1.720681099583118,-4.04877589971628,-0.8099113490512917,195.3987167368693,-94.7226345510947
7.965,0.9034261884541406,1.7165777265316482,-4.064976592218244,-0.8131515380775076,-976.9935836826415,-32.153442397774484
7.97,0.8961914439501354,1.713060549630388,-4.083564228128678,-0.8168691056802525,-976.9935836835297,-44.856519921300276
7.975,0.889065566271203,1.709152575295655,-4.099653583167038,-0.8200870090244519,-6.549214504047995e-10,-65.88834327619003
7.98,0.8820367078171172,1.705244600960921,-4.115257874417692,-0.8232078931438038,781.5948669458077,-28.23265729528015
7.985,0.8750942920677368,1.701336626626188,-4.1304299780140425,-0.8262423345584512,781.5948669452207,25.91842301075701
7.99,0.8682396537894981,1.697233253574718,-4.144186221366377,-0.82899359978522,-195.3987167354483,28.88425525213796
7.995,0.8614841331864492,1.6939114753901945,-4.161354867233797,-0.8324273422037453,390.79743347610486,9.579958065978815
8.0,0.8548262002902876,1.689808102338724,-4.174127613477089,-0.8349819020484364,390.7974334724272,34.828718100501646
8.005,0.8482639738825899,1.6866817228709376,-4.191306805792512,-0.8384177489883478,-1953.987167369562,96.39741087472476
8.01,0.8418059272775514,1.6833599446864145,-4.206988113987782,-0.841554017408863,-1563.1897338932465,116.33341915399325
8.015,0.8354686428742616,1.6800381665018909,-4.222065617955769,-0.8445695236276293,976.9935836849156,12.824788146306162
8.02,0.8292752321621646,1.6759347934504207,-4.232515784558228,-0.8466595612882561,-586.1961502094725,-151.60986088176963
8.025,0.8232144735806174,1.6724176165491609,-4.245233675599123,-0.8492031429685435,-3126.3794677847923,-215.16827898396338
8.03,0.8172469397322734,1.668509642214427,-4.255531459278743,-0.8512627024821536,2149.385884102289,-181.81966292491077
8.035,0.8113498561407754,1.6632338768625372,-4.258638039366037,-0.8518840207217618,7034.3538025150965,-148.68269077141412
8.040000000000001,0.8055058817088917,1.657958111510647,-4.261479075877407,-0.8524522298017553,1367.7910171541648,-102.47139915288496
8.045,0.7996929708918106,1.6546363333261238,-4.27393473192932,-0.8549433624343132,-4884.967918415193,-27.230735280170734
8.05,0.7939033754012526,1.6513145551416004,-4.286273812770791,-0.8574111797403479,-3712.5756179956816,34.61204033698115
8.055,0.7881413464345701,1.6479927769570768,-4.298475062130623,-0.8598514305225067,781.5948669463389,81.58155106742001
8.06,0.7824121900740734,1.6436940051888702,-4.305626981451304,-0.8612818151147968,2735.582034312758,117.77475613542336
8.065,0.776729594809391,1.6395906321374,-4.313523089604751,-0.8628610373280091,976.9935836840625,107.85782338885926
8.07,0.7711139072784216,1.635878056519403,-4.323038646839521,-0.8647641492409816,-1172.3923004178048,60.329333486779205
8.075,0.7655754907724087,1.6321654809014066,-4.332167849415529,-0.8665899901289978,-1758.5884506297307,34.52912567319612
8.08,0.7601163848376861,1.6288437027168832,-4.342854486675265,-0.8687273178791971,195.3987167330702,54.736678380469016
8.085,0.7547393636571078,1.6245449309486766,-4.348245732544116,-0.8698055672915688,1172.3923004189846,84.1266292386544
8.09,0.7494541518775403,1.6208323553306796,-4.356108912397564,-0.8713782034531393,1.989092422673672e-09,74.48565731650359
8.095,0.744275950141873,1.6169243809959462,-4.362460048638709,-0.8726484308540732,390.7974334740221,33.224166618171466
8.1,0.7392113350272224,1.6130164066612127,-4.368243251927475,-0.8738050716339903,-195.39871673715365,5.299463546464949
8.105,0.7342597358840186,1.6093038310432162,-4.374438369064855,-0.8750440951591976,-781.5948669457716,6.493893474015238
8.11,0.7294211584533509,1.605786654141956,-4.381045371320968,-0.8763654956886052,1172.3923004198348,28.643145582714965
8.115,0.7246960203470912,1.6014878823737493,-4.383177202698493,-0.876791862026658,-390.7974334762215,46.088287069919375
8.120000000000001,0.7200901160493981,1.5983615029059628,-4.390574826597835,-0.8782713868565647,-2540.1833175763536,19.438209444980885
8.125,0.7156134466766735,1.5946489272879658,-4.394396445331151,-0.8790354806112923,781.5948669483303,-28.757865014626645
8.13,0.7112642961024375,1.590350155519759,-4.394648109169208,-0.8790858594173215,1563.1897338929662,-26.226798017748195
8.135,0.7070314530822104,1.586246782468289,-4.395295274859323,-0.8792153293860787,-781.5948669471937,18.883734767032195
8.14,0.7029149407474524,1.5825342068502923,-4.397314811120192,-0.8796192661028399,1172.3923004206465,33.519255013633256
8.145,0.6989238127656843,1.5778446376486122,-4.393823637322114,-0.8789208248829279,2344.7846008404413,12.411654613088274
8.15,0.6950609337192101,1.5741320620306156,-4.394575980305688,-0.8790711283114055,-976.9935836817893,5.2153774949196645
8.155,0.6913240449821086,1.570614885129355,-4.395675200157842,-0.8792908401472465,-3517.176901259576,15.264962921911376
8.16,0.6877146866723235,1.5674885056615686,-4.398090622906193,-0.8797738189892451,-1367.7910171604758,8.393957707113486
8.165000000000001,0.6842373651089774,1.5635805313268354,-4.395937781879945,-0.879343166217858,2344.7846008401943,-16.30373018860638
8.17,0.6808914645697145,1.559086360841892,-4.390196770416092,-0.8781948962721774,1758.5884506329608,-32.835851214659556
8.175,0.677672167104,1.555373785223895,-4.387730650266319,-0.8777016181198949,781.5948669469066,-32.18684018008918
8.18,0.6745749636811945,1.5512704121724252,-4.382700018612311,-0.8766954484912307,-390.7974334734552,-22.025209782156992
8.185,0.6715956151159606,1.547753235271165,-4.380011050123628,-0.8761576201552044,-2930.9807510504806,-16.730458173413638
8.19,0.6687329971665836,1.544822254520115,-4.379669374668421,-0.8760892573535313,-976.9935836840613,-24.487818742501815
8.195,0.6659856839350768,1.5403280840351714,-4.370935199243766,-0.8743424001000946,1953.9871673684088,-33.934962989975986
8.2,0.6633488345677083,1.536810907133911,-4.36653365024833,-0.8734620725662028,1563.1897338929643,-33.19340566598379
8.205,0.6608178857426062,1.5321213379322314,-4.355740619304658,-0.8713034521896251,-1953.9871673698997,-26.955231410285364
8.21,0.6583885409215777,1.5291903571811811,-4.3532324964059255,-0.8708018162596034,-1953.9871673658572,-30.80572421403093
8.215,0.6560590271328831,1.524696186696238,-4.34240925832578,-0.868637159563355,3517.176901261373,-43.44759362197857
8.22,0.6538251609967834,1.5200066174945577,-4.330130779318757,-0.8661814564977742,1953.987167366703,-38.50403077251673
8.225,0.6516783023816932,1.5160986431598242,-4.321325229777244,-0.864420340778131,-3712.575617995969,-18.11606460137392
8.23,0.6496152471997025,1.5127768649753008,-4.315031638009944,-0.8631616177755983,-976.9935836812192,-15.559736319944022
8.235,0.647637207458264,1.5082826944903576,-4.30245100288871,-0.8606454870320935,2930.980751049414,-26.98515649646083
8.24,0.6457406834657334,1.503788524005414,-4.289462785303678,-0.8580478405396806,-195.3987167403291,-25.034571807368536
8.245000000000001,0.643920182626275,1.5002713471041542,-4.2809794168962965,-0.8563511644778792,-1172.3923004195926,-16.786713697045457
8.25,0.64217448463838,1.4959725753359474,-4.268214057516039,-0.8537980906975674,1172.3923004223534,-19.01270117841102
8.255,0.6405021933139201,1.4918692022844773,-4.25605980665786,-0.8513670089705572,5.68722052955983e-10,-23.13529215051392
8.26,0.6388998640039449,1.4881566266664803,-4.245509501339249,-0.8492567626625354,-781.5948669466239,-18.27630246296684
8.265,0.6373642268200203,1.484248652331747,-4.233648556562405,-0.8468844255117268,-1172.3923004209323,-12.344386868151105
8.27,0.6358936862702779,1.4803406779970136,-4.221460830259376,-0.8444469917267358,-1563.1897338946712,-19.31765068107515
8.275,0.6344880068421124,1.476628102379017,-4.209927053567594,-0.8421400955369047,2344.784600842716,-33.85418468177386
8.28,0.6331436070505105,1.4713523370271269,-4.19027078917205,-0.8382087299766163,2344.7846008421348,-36.79707613013534
8.285,0.6318542157295155,1.4674443626923934,-4.177178324828078,-0.8355901469628779,-2149.3858841056926,-27.22052097688419
8.290000000000001,0.6306157721599608,1.46353638835766,-4.163831031581958,-0.8329206161976992,-976.99358368266,-19.034177184271414
8.295,0.6294260564060995,1.4590422178727167,-4.147309046390369,-0.8296161614666172,1758.5884506309717,-16.400616889456444
8.3,0.6282829610776527,1.45474344610451,-4.1315308949626255,-0.8264604850268572,976.993583682924,-15.53762113971456
8.305,0.6271844946946801,1.4504446743363033,-4.1155295526533004,-0.8232601796416232,-1367.7910171555277,-14.780091164397732
8.31,0.6261287731866962,1.4467320987183063,-4.10224542979671,-0.8206033255316101,-1367.791017156379,-14.102257619584265
8.315,0.6251139929741174,1.4426287256668366,-4.086802583757037,-0.8175147326927192,1172.3923004186581,-13.413154745336868
8.32,0.624138428395927,1.4381345551818931,-4.069209648747096,-0.8139961267859661,1758.5884506309708,-11.806336218143969
8.325,0.623200448986792,1.4342265808471597,-4.054359749738163,-0.8110261318603676,976.993583684068,-7.728376501131692
8.33,0.6222985135505998,1.4301232077956894,-4.038352622157021,-0.8078246942450895,-1953.9871673693242,-4.362749854607671
8.335,0.6214320563964856,1.4269968283279029,-4.027053058984857,-0.8055647719314173,-3321.7781845239415,-7.896882393697922
8.34,0.6206013002742135,1.4236750501433797,-4.01459798739056,-0.8030737498691662,781.5948669480446,-13.710978758326178
8.345,0.6198044524533439,1.4189854809416993,-3.995134411460073,-0.7991810284883554,2149.3858841038564,-12.452019170297646
8.35,0.6190388916843742,1.4154683040404392,-3.981376355577475,-0.796429412356065,1563.1897338923964,-7.7170738654790085
8.355,0.6183039261786085,1.410974133555496,-3.9625803505046697,-0.7926702073768874,195.39871673772154,-5.609780425430856
8.36,0.6175988357619118,1.4076523553709723,-3.9494969275240015,-0.7900535196090606,-3712.575617995661,-5.586222847517604
8.365,0.6169227604984138,1.4045259759031858,-3.937245419189332,-0.7876032154047721,-2149.3858841055267,-9.667560625530939
8.370000000000001,0.6162755227264005,1.4004226028517155,-3.9199647529414654,-0.784147080125315,3517.1769012609147,-15.784791216171115
8.375,0.6156553691899123,1.3959284323667722,-3.900594676318725,-0.78027306317686,3517.1769012610894,-14.60377764360102
8.38,0.6150592850172153,1.3916296605985656,-3.882081244836805,-0.7765703755813503,-3126.3794677884866,-7.876522548287156
8.385,0.6144859674618878,1.3886986798475154,-3.870292934054693,-0.7742127123856276,-4103.37305147113,-6.571957597359216
8.39,0.6139355188567124,1.384790705512782,-3.853505309564104,-0.7708551866560696,3712.5756179985265,-9.503390777112713
8.395,0.613406678791792,1.3797103388776286,-3.830747680038701,-0.7663036600858366,5080.366635155191,-7.898526082073218
8.4,0.6128976522872944,1.3758023645428952,-3.813752943548131,-0.7629047122556007,-1563.1897338935341,-3.021361411228611
8.405,0.6124079997888479,1.3726759850751085,-3.800569310829917,-0.7602679852862606,-3907.974334733871,-1.2901195799621803
8.41,0.6119377867828792,1.3697450043240584,-3.788265473807301,-0.7578072175411792,-586.1961502119862,-3.2199452502370463
8.415000000000001,0.6114869090916439,1.3660324287060617,-3.771956985535725,-0.7545455196144177,390.79743347264355,-4.884885834557011
8.42,0.611054632223887,1.362710650521538,-3.757509480041677,-0.751656018297651,-1563.1897338923964,-5.099523298426618
8.425,0.6106401867549304,1.3591934736202782,-3.741995823751989,-0.7485532868653478,8.515144145349041e-10,-7.359403017304331
8.43,0.610243303724483,1.355090100568808,-3.7234633743443375,-0.7448467968443251,3126.379467786213,-11.01629796423289
8.435,0.6098627332554086,1.3505959300838646,-3.7028953748229623,-0.740733196828456,781.5948669454885,-10.00319448287754
8.44,0.6094964418816501,1.346883354465868,-3.6861628038883167,-0.737386912584218,-3321.7781845219456,-5.419082911970726
8.445,0.6091435322951143,1.3433661775646075,-3.6703405475439297,-0.7342226452694932,-976.9935836806528,-4.71573513394236
8.45,0.6088040435009052,1.3388720070796645,-3.649566403273647,-0.7300679635787592,3907.974334732074,-7.461152169348978
8.455,0.6084771647911356,1.3341824378779843,-3.627752362160805,-0.7257052730868487,3126.3794677825263,-6.771307307147374
8.46,0.6081613928471146,1.3300790648265144,-3.608812735541097,-0.7219176719793998,-1758.5884506310397,-2.7197833152482644
8.465,0.6078561695913031,1.3269526853587277,-3.5947056576152487,-0.7190965157674246,-2540.183317574754,-0.7816422961327021
8.47,0.607561718612971,1.323630907174204,-3.5795679840915158,-0.716069188561233,-195.39871673630157,-1.124279081636999
8.475,0.6072778269123015,1.3199183315562075,-3.5624237345106597,-0.712640504643906,-2149.3858841030033,-1.4239794781190014
8.48,0.6070042391561784,1.3169873508051573,-3.5491361055406463,-0.7099831116489789,-1758.5884506278442,-2.816222088242249
8.485,0.6067410124750492,1.3128839777536871,-3.5299348424926404,-0.706142965278638,3321.7781845221316,-4.652397858825985
8.49,0.6064875304972586,1.3079990098352705,-3.5067769878324686,-0.701511479338012,2149.385884100128,-4.162019498466016
8.495000000000001,0.6062429100574579,1.304091035500537,-3.488459878392172,-0.6978481254430792,-586.1961502095045,-2.953317825948872
8.5,0.6060069402383527,1.2999876624490672,-3.469123740417674,-0.6939807222107145,1563.1897338946683,-3.351697256235518
8.505,0.6057793576400292,1.2956888906808604,-3.4487684971181176,-0.6899095330408311,586.1961502100381,-3.6609946735668686
8.51,0.6055595150616349,1.2923671124963367,-3.4332593811273595,-0.6868075974347019,-3517.17690125995,-3.2707297543057336
8.515,0.6053470035255069,1.2892407330285505,-3.4186904911009792,-0.6838937295030436,-3126.3794677869237,-4.346487629760606
8.52,0.6051415939724314,1.2857235561272902,-3.402132014065584,-0.6805819621548588,1172.3923004187973,-7.257458939804703
8.525,0.6049425769841367,1.281229385642347,-3.380656534346762,-0.6762868086582102,3126.3794677877772,-10.14899136983206
8.53,0.6047488304831127,1.27693061387414,-3.360131638222388,-0.6721817833910274,1953.9871673688463,-10.357094703864997
8.535,0.6045588205569787,1.2728272408226695,-3.340563856605104,-0.6682684202656908,-586.1961502122704,-6.91982348719516
8.540000000000001,0.6043710756023087,1.2691146652046732,-3.3229400806558225,-0.6647435896023645,-3321.7781845252193,-4.641175412556366
8.545,0.6041853771493292,1.2659882857368865,-3.3082369774756675,-0.6618029085875573,-976.9935836827815,-7.26574681685608
8.55,0.6040014095065326,1.2616895139686797,-3.287663198363721,-0.6576881044621471,3712.5756179972477,-9.607280172119598
8.555,0.6038176055857755,1.257390742200473,-3.267088552338557,-0.6535731366146976,1758.5884506309708,-6.863082289783341
8.56,0.6036325664489672,1.2536781665824763,-3.2494510245022816,-0.6500456001335091,-2930.9807510486307,-2.7019506013915886
8.565,0.6034458985861454,1.250747185831426,-3.2357295837168727,-0.6473012872452807,-1367.7910171585359,-1.987661935272583
8.57,0.6032576833473229,1.246839211496693,-3.2171308871619075,-0.6435815281493702,390.7974334701337,-3.8370357881234654
8.575000000000001,0.6030675541998376,1.243126635878696,-3.1995187339490183,-0.6400590816788585,-1367.7910171560486,-4.416950900109175
8.58,0.6028747725396644,1.2398048576941727,-3.183873814639003,-0.6369300851545083,195.39871673715447,-2.5833159928369245
8.585,0.602678735391064,1.234919889775756,-3.16042921143931,-0.6322411543846921,1953.987167366561,-0.8996392648441471
8.59,0.6024794170750915,1.231207314157759,-3.142862965448699,-0.6287278970826676,2344.784600840299,-0.713518645412103
8.595,0.6022768588438318,1.2263223462393424,-3.119450949428523,-0.6240454873955107,781.594866945914,-0.053870149088224295
8.6,0.6020707173143394,1.223000568054819,-3.103872792085854,-0.6209298507404797,-3517.1769012596674,1.0455425322675236
8.605,0.6018612110394955,1.2196787898702957,-3.0883114532834464,-0.6178175788308001,-1953.9871673647128,1.1544360592808278
8.61,0.601648619387259,1.215966214252299,-3.0708115500514364,-0.6143175948650399,2540.1833175756465,2.0490726173265337
8.615,0.6014328375205875,1.2114720437673556,-3.049419620237511,-0.6100392062467681,-3.1235458664014004e-09,3.7017841564333853
8.620000000000001,0.6012142777299094,1.2081502655828322,-3.033903538890232,-0.6069359878529228,-2149.385884102472,2.3908263274541373
8.625,0.6009937873597251,1.2042422912480988,-3.015466127565043,-0.6032485038883737,390.79743347544394,-1.3923751128430428
8.63,0.6007713941264474,1.1995527220464186,-2.993130254521076,-0.5987813279199712,586.1961502103235,-2.8677280235457996
8.635,0.6005464513832356,1.1958401464284218,-2.9756920955855883,-0.5952936950451863,2735.5820343120477,0.10738982012970766
8.64,0.60031857620176,1.1905643810765318,-2.9504526490842653,-0.5902458048747719,2930.9807510486326,5.715290879493528
8.645,0.6000879618630955,1.186851805458535,-2.9330428461682034,-0.5867638435954395,-2540.183317575888,9.825675294266404
8.65,0.5998559313456673,1.183920824707485,-2.9195480977845745,-0.5840648933618178,-2540.183317574325,9.919928016799911
8.655,0.5996240340901845,1.1802082490894883,-2.9021458583594213,-0.5805842149993038,-390.79743347314235,7.7882701651774315
8.66,0.5993932852334636,1.1770818696217016,-2.8876686272140235,-0.577688584388238,-586.1961502124267,5.038868496640714
8.665000000000001,0.599164587992519,1.1733692940037048,-2.870249972856709,-0.5742047060111858,195.39871673683183,1.634171282845914
8.67,0.598938426135314,1.169656718385708,-2.8528184940751067,-0.570718292250394,781.5948669477604,-0.7511457467757037
8.675,0.5987146624385961,1.1657487440509746,-2.8343979129029147,-0.5670340816123786,781.5948669471918,-0.07264848996158868
8.68,0.5984929882225014,1.1618407697162412,-2.8159667899240293,-0.5633477814937398,-390.7974334728859,2.90940921658504
8.685,0.5982735062826687,1.1581281940982444,-2.798501623624656,-0.5598546878155757,-1953.9871673664195,5.240212628336989
8.69,0.5980568988465359,1.154415618480248,-2.7810220243884944,-0.5563587196337122,390.79743347275974,4.978659425344615
8.695,0.5978440289339535,1.1501168467120408,-2.760592708448897,-0.5522728177780873,3907.974334730723,3.3743555544421504
8.700000000000001,0.5976353982200456,1.145427277510361,-2.738188170680858,-0.5477918792903155,586.1961502082081,2.6555796863220245
8.705,0.5974312090518759,1.1421054993258375,-2.722600349335747,-0.5446742902739616,-3712.5756179958257,2.527402828249709
8.71,0.5972318606985854,1.1387837211413143,-2.706988299168908,-0.541551860442729,-976.9935836826404,1.945569093209162
8.715,0.5970377022161221,1.1346803480898442,-2.6874423055153334,-0.5376426458737221,1172.3923004205035,1.587401797564798
8.72,0.5968488136849831,1.1307723737551107,-2.668846939850529,-0.5339235600701276,-390.7974334734551,1.498879886270359
8.725,0.5966654539957853,1.1268643994203773,-2.650223917305385,-0.530198945424592,976.9935836823568,0.825883540542879
8.73,0.5964878445810364,1.1225656276521707,-2.6296181460841246,-0.5260777830711343,2735.58203431489,0.03025449245801326
8.735,0.5963159632707519,1.1182668558839637,-2.6089837262313345,-0.5219508926132118,-195.39871673492098,-0.09917586993833183
8.74,0.596149779270286,1.115140476416177,-2.594182774844188,-0.518990697145891,-2540.1833175789143,0.42619994097490377
8.745000000000001,0.5959892602955142,1.111623299514917,-2.5773995059713126,-0.5156340392194027,-1758.5884506303769,0.950282211892997
8.75,0.5958345185768619,1.1083015213303935,-2.56156434024961,-0.5124670027535316,-390.7974334724588,0.5609508581728235
8.755,0.5956857712700134,1.10439354699566,-2.5427682183963074,-0.5087077757256466,1367.791017156807,-0.5386224147229761
8.76,0.5955430127829758,1.1002901739441902,-2.5229651562030435,-0.5047471611612143,1758.588450629975,-1.2848662994002922
8.765,0.5954060571451076,1.09618680089272,-2.503133077638153,-0.5007807437476124,390.79743347316827,-1.4400473597221435
8.77,0.5952747232662132,1.0924742252747233,-2.4852280259049677,-0.49719950200851004,-195.39871673629932,-1.3080442921166195
8.775,0.5951488330544973,1.0887616496567265,-2.4672955244434243,-0.4936128166022292,-586.1961502083324,-0.8684910142875815
8.78,0.5950282099792142,1.0852444727554664,-2.450313495769428,-0.4902162627762522,-1367.7910171566675,-0.4094779354383178
8.785,0.5949127909538904,1.0819226945709433,-2.434281142178311,-0.4870099036170529,-781.5948669497487,-0.6200198568252198
8.790000000000001,0.5948026044309647,1.0780147202362098,-2.4152929070430083,-0.48321211580524515,781.5948669466268,-1.270690626636565
8.795,0.5946975213653515,1.074302144618213,-2.3972560074200784,-0.4796046232528616,1953.9871673679822,-1.400442573285023
8.8,0.5945972866016077,1.0700033728500062,-2.376263772908954,-0.47540608624839853,390.7974334728868,-0.9891667522055307
8.805,0.594501753598254,1.0666815946654828,-2.360132907412058,-0.4721798410672289,-2344.784600839873,-0.7447666716586987
8.81,0.59441085604857,1.0631644177642228,-2.3430017989813394,-0.46875356171565274,-1758.5884506281295,-0.910846616619704
8.815,0.5943244984858456,1.059451842146226,-2.3248709393667077,-0.46512734366038044,195.3987167364055,-1.4728570794659213
8.82,0.59424256800518,1.0551530703780192,-2.3037869174583845,-0.46091050237283915,781.5948669433567,-2.329780822520968
8.825000000000001,0.5941648451815097,1.0508542986098126,-2.2826818203592105,-0.4566894534283029,1172.3923004202609,-2.9090112054999704
8.83,0.5940909496143582,1.0461647294081324,-2.259603570285373,-0.4520737797937743,1367.791017158368,-2.7052148257668165
8.835,0.5940204639044239,1.0416705589231892,-2.2374852408893724,-0.4476500950187653,781.5948669467673,-2.0196814105589276
8.84,0.5939530918648989,1.0373717871549823,-2.216328317829199,-0.4434186952900835,4.2723513615783304e-10,-1.4883112275044148
8.845,0.5938886494397622,1.0332684141035122,-2.19613372516412,-0.43937976466375006,-1367.7910171576582,-1.3418568933332935
8.85,0.5938269750753917,1.0295558384855157,-2.1778792672692604,-0.43572886341012396,-976.9935836839204,-1.4890208632324011
8.855,0.5937679134762973,1.025647864150782,-2.158634742289681,-0.4318799506744847,781.594866948898,-1.5908984096313823
8.86,0.5937112573889434,1.0213490923825752,-2.13742419484431,-0.42763783499363184,586.1961502104,-1.1344729507116504
8.865,0.5936567669931659,1.0178319154813154,-2.120110787084012,-0.4241751484881494,390.79743347097207,-0.24908972704911747
8.870000000000001,0.5936043479071441,1.0135331437131083,-2.098879043486779,-0.4199287958059642,-1367.7910171578685,0.14342483936653672
8.875,0.5935540755174173,1.0104067642453218,-2.0834985239474326,-0.4168526887279045,-1367.7910171569479,-0.35250485268535314
8.88,0.593505997540267,1.0064987899105884,-2.06419905484028,-0.4129927923703214,1953.9871673676976,-0.9794652943640365
8.885,0.5934599824738909,1.002004619425645,-2.041958287892053,-0.408544636951754,-390.79743347231727,-1.0688098980438694
8.89,0.5934158537834593,0.9988782399578584,-2.026547042120966,-0.4054623861743991,-1367.7910171565222,-0.8403852632455209
8.895,0.5933735083972922,0.9945794681896516,-2.005264916703318,-0.4012059597923594,976.9935836837782,-0.6726230379428069
8.9,0.5933328478268229,0.9902806964214448,-1.9839743659086717,-0.39694784859462184,-586.1961502093304,-0.7282043975465458
8.905,0.593293812902358,0.9867635195201848,-1.966583660179928,-0.39346970661782676,1367.7910171549413,-0.899353782558415
8.91,0.59325630704732,0.9816831528850312,-1.9413693596035368,-0.38842684583771114,2735.582034309866,-0.7189448685096398
8.915000000000001,0.5932201677846909,0.9779705772670346,-1.922987180486048,-0.38475040948234374,-1563.1897338934873,-0.1509222324347821
8.92,0.593185332091168,0.9744534003657744,-1.90557547657484,-0.38126806827460646,-2930.980751048066,0.16073503999792216
8.925,0.5931518540994223,0.9709362234645144,-1.888156983729252,-0.3777843693650921,-1172.392300420363,-0.11424191249886739
8.93,0.5931197720361344,0.9670282491297812,-1.868777523733611,-0.37390847709364683,1367.7910171555254,-0.6342694534567057
8.935,0.5930890325815922,0.9627294773615744,-1.847437363254557,-0.36964044477998226,3517.176901262082,-0.9129274859987335
8.94,0.5930595126403068,0.9582353068766308,-1.8251141114076823,-0.36517579423632407,1172.3923004214605,-0.7211410314774387
8.945,0.5930310689617471,0.9547181299753708,-1.807670445991313,-0.3616870610136237,-3712.5756179989235,-0.3094793006397767
8.950000000000001,0.593003640976199,0.951591750507584,-1.7921756891378255,-0.3585881095313851,-3712.575617996092,-0.1816578293293678
8.955,0.5929772420988555,0.948074573606324,-1.7747206493045753,-0.35509733150746847,390.79743347388035,-0.4246613245584414
8.96,0.5929518475645105,0.943385004404644,-1.7513988561969664,-0.35043315684013354,1367.7910171562362,-0.6522589907121108
8.965,0.5929273703350882,0.9390862326364372,-1.7300254975264648,-0.34615886230134896,1367.7910171569483,-0.5930512765673033
8.97,0.5929037077439168,0.9340058660012838,-1.7047404685252918,-0.341102158257367,2540.1833175767433,-0.39187437423040317
8.975,0.5928808014114545,0.929120898082867,-1.6804289535705088,-0.3362400966714125,1953.987167366419,-0.30025801535772967
8.98,0.5928586284631412,0.9248221263146604,-1.6590449938510332,-0.33196349785151924,586.1961502116026,-0.23240589669627187
8.985,0.59283714345358,0.92071875326319,-1.6386347811454811,-0.32788160980961,-2149.3858841021647,0.0013296974538472561
8.99,0.5928163094641684,0.9177877725121402,-1.624083429340484,-0.32497146304797175,-3907.9743347356916,0.18024544274906606
8.995000000000001,0.592796164055568,0.9144659943276168,-1.607574771063425,-0.32166983027204876,-781.5948669459273,0.05702938153764592
9.0,0.5927767520766959,0.91075341870962,-1.5891085573498462,-0.3179766666329241,2540.1833175780216,-0.09056739365575872
9.005,0.5927580434628614,0.9064546469414132,-1.56770792516362,-0.31369660347855177,195.39871673544872,-0.03622974801942869
9.01,0.5927400133301052,0.9029374700401532,-1.55021193818961,-0.31019745671004806,-3126.3794677872074,-0.08208110678255087
9.015,0.5927226911080665,0.8992248944221565,-1.5317354687046263,-0.30650220331408995,-586.1961502089016,-0.3628237601560742
9.02,0.5927060569946482,0.8945353252204764,-1.5083706312591632,-0.30182926822582823,3126.3794677870656,-0.5351121515673349
9.025,0.5926900249100765,0.8896503573020595,-1.4840258224866136,-0.29696033239198305,3321.778184523225,-0.4069065763445914
9.03,0.5926745202465649,0.8849607881003796,-1.460655396113113,-0.29228626785381473,976.9935836839214,-0.13859727182820247
9.035,0.5926595097567399,0.8808574150489095,-1.4402135003587602,-0.2881979052921696,-2930.9807510489168,0.08410860125708108
9.04,0.5926449961792789,0.877535636864386,-1.4236771109665458,-0.28489064068510705,-4103.373051470712,0.1451038645679641
9.045,0.5926310070507848,0.8738230612463893,-1.405184125433512,-0.28119205419560456,195.39871673335017,-0.004601405478875886
9.05,0.5926175689013914,0.8693288907614459,-1.382780421287345,-0.27671132186005454,3907.9743347338426,-0.2222522341806712
9.055,0.5926046618960756,0.8644439228430292,-1.358420082747106,-0.27183926094695354,781.5948669493253,-0.3034360108955658
9.06,0.592592233811497,0.8605359485082957,-1.3389423243165457,-0.2679437146967988,-1758.5884506299767,-0.27704500574544677
9.065,0.5925802520403785,0.8566279741735624,-1.3194623397546417,-0.26404772213318395,1563.189733892681,-0.25036647656407696
9.07,0.5925686874735847,0.8519384049718822,-1.296072299185146,-0.2593697174982975,390.7974334738818,-0.16587969120962986
9.075,0.5925575004386874,0.8486166267873589,-1.279520479680797,-0.25605912634867156,-2735.5820343132173,-0.015649772749093183
9.08,0.592546679521178,0.8450994498860988,-1.261989608757068,-0.25255277036492074,976.9935836804129,0.06603777300994773
9.085,0.5925362412113112,0.840800678117892,-1.2405475185015564,-0.24826443690658084,1172.39230041842,0.04314813089960001
9.09,0.5925261943045042,0.837283501216632,-1.2230115301582416,-0.24475730691212783,-2149.3858841020074,-0.013830207024055463
9.095,0.5925165403960231,0.8341571217488452,-1.207427631664873,-0.24164058135282207,-195.3987167358741,-0.05025237193479026
9.1,0.5925072749716941,0.8296629512639019,-1.185004039964162,-0.2371556762922078,586.196150209896,-0.03098447429295459
9.105,0.5924983841626158,0.8265365717961152,-1.169416193392676,-0.23403818763349937,-195.39871673658578,-0.005409636045786925
9.11,0.5924898712703758,0.8220424013111718,-1.146987582806804,-0.229552530040796,195.3987167372955,-0.05513552999047766
9.115,0.5924817415266151,0.8185252244099116,-1.1294420889214225,-0.22604348288329645,390.7974334748766,-0.1341137226518212
9.12,0.5924739777909133,0.814226452641705,-1.1079879924404237,-0.22175247485079175,976.9935836832101,-0.1653826543448509
9.125,0.5924665573524911,0.8103184783069715,-1.088485977904086,-0.21785192095448036,-781.5948669494702,-0.16729050493325848
9.13,0.5924594604195839,0.8066059026889748,-1.069959188434815,-0.21414644226939095,-1563.1897338929693,-0.17098350689058361
9.135,0.5924526662575894,0.802893327070978,-1.0514296141599122,-0.21044066081338864,586.196150211601,-0.1668725581538455
9.14,0.5924461518658826,0.7983991565860346,-1.0289919502576477,-0.205953004720152,-195.3987167377229,-0.15505727397169955
9.145,0.5924398972584031,0.794686580968038,-1.0104608384561975,-0.20224668370963494,390.7974334724609,-0.15077848686929218
9.15,0.5924338852572514,0.7901924104830944,-0.9880204406381464,-0.19775852522584303,2735.582034314038,-0.1374854759461689
9.155,0.5924280952976582,0.7855028412814143,-0.9646018601084386,-0.19307474598375618,-1563.1897338925382,-0.08045111435706387
9.16,0.5924225098152034,0.7823764618136277,-0.9489981427263606,-0.18995395199842435,-3907.9743347314165,0.07518461174527424
9.165,0.5924171228898788,0.7780776900454209,-0.9275314205476144,-0.18566056715554213,1953.987167366296,0.42955168083806783
9.17,0.5924119450886242,0.7733881208437408,-0.9041096251740188,-0.1809761757551166,4689.569201676206,1.013788674129094
9.175,0.5924070552196766,0.768503152925324,-0.8797093642294983,-0.17609609770564738,-390.79743347514557,1.8722908532711104
9.18,0.5924026206291946,0.7651813747408006,-0.863122749701552,-0.17277875411160604,-3907.9743347321273,3.2870988277268482
9.185,0.5923989060757259,0.7614687991228039,-0.8445785271327201,-0.16906989304707798,-586.1961502091874,5.455538051038166
9.19,0.5923964087277679,0.7573654260713338,-0.8240742148182066,-0.16496901734356595,1758.5884506304023,8.188213921514272
9.195,0.5923959625568541,0.753066654303127,-0.8025826397941788,-0.1606706917462729,586.1961502111758,11.23098336833598
9.2,0.5923987649223952,0.7493540786851303,-0.7840057922464395,-0.15695531376273508,586.1961502090868,14.471277072084142
9.205,0.592406412876983,0.7450553069169236,-0.7624748776882587,-0.15264889403994053,-390.79743347650435,17.101550143863758
9.21,0.5924209201964448,0.7417335287324003,-0.7457943974129672,-0.14931260853595552,-1758.5884506293037,17.54899925672205
9.215,0.5924447283131846,0.7380209531144034,-0.7271132365349904,-0.1455762248012188,-976.9935836816461,18.128777992530644
9.22,0.5924799761000605,0.7341129787796701,-0.7073977321635095,-0.14163300267960954,195.39871673658456,25.145872910529107
9.225,0.5925284578647156,0.7302050044449367,-0.6876159366558198,-0.1376765465802211,1953.9871673665618,36.56447244417095
9.23,0.5925940614112349,0.7255154352432566,-0.6638404609062243,-0.13292137383202163,1758.5884506299772,40.39420024355594
9.235,0.5926827474044866,0.7218028596252599,-0.6448344632431043,-0.12912011222077335,-781.594866946484,32.21785453284693
9.24,0.5927997406024121,0.7178948852905265,-0.6247098738943065,-0.12509514468811433,-2735.5820343121927,22.79388778390613
9.245,0.592947991132741,0.7145731071060031,-0.607359928971643,-0.12162511597326209,-2344.7846008405522,25.896566678269167
9.25,0.5931292315281251,0.710469734054533,-0.5859370206586499,-0.11734050252640782,2540.183317573368,42.91695842468539
9.255,0.5933469829372628,0.7057801648528529,-0.5614005447415836,-0.11243318191559004,5471.164068626776,56.62391189562419
9.26,0.593608430755052,0.7008951969344361,-0.5356685677701721,-0.10728676617938415,2.9834836823283695e-09,47.43233590595452
9.265,0.5939226397764767,0.6979642161833861,-0.5194427002754927,-0.10404157640690936,-4298.7717682068605,22.193817521555218
9.27,0.5942939621950885,0.6946424379988627,-0.5009784125138047,-0.10034847580377426,-2540.183317577311,7.612750700403552
9.275,0.5947223939862887,0.6911252610976026,-0.4812513412546932,-0.09640286711131396,586.1961502106083,14.875679678781353
9.28,0.5952080196657561,0.6874126854796059,-0.4602611125299244,-0.09220466581384978,3126.3794677863552,28.04630306172939
9.285,0.595753858317399,0.6827231162779259,-0.4340846954733516,-0.0869692579605269,586.1961502103233,28.90364000478607
9.29,0.5963654788467336,0.6797921355268758,-0.4163721868394612,-0.08342665668014215,-1563.1897338939489,25.65506248425197
9.295,0.5970450790728695,0.6758841611921423,-0.3934347122495411,-0.07883908211927282,390.7974334701322,28.918725451987825
9.3,0.5977952433780261,0.6723669842908824,-0.3720983247889995,-0.07457174091285623,-781.5948669470405,27.186743218101753
9.305,0.5986217113151845,0.6690452061063589,-0.3513573490378233,-0.07042349479117438,-1367.791017155242,23.19092497543926
9.31,0.5995262319850851,0.6655280292050988,-0.3292490650678061,-0.06600179722001365,390.7974334734541,26.63177050593032
9.315,0.6005109417875619,0.6614246561536288,-0.3038088139067013,-0.06091371436606685,976.9935836830666,19.772696044953648
9.32,0.6015816355928862,0.6579074792523687,-0.2808695908606826,-0.056325843659482455,195.39871673857434,2.0566569050118915
9.325,0.6027394022605078,0.6534133087674253,-0.2526100094873805,-0.0506739065069175,-2149.385884101665,9.492017979941352
9.33,0.6039812268974745,0.6504823280163752,-0.2317460660589146,-0.04650110111890071,390.7974334703198,36.92714673881761
9.335,0.6053091493909276,0.6452065626644852,-0.1987276936414934,-0.03989741327355756,3126.379467785152,25.980649979816803
9.34,0.6067344979168297,0.641103189613015,-0.1710841392020682,-0.034368691696185394,-195.39871673523604,-10.559783489086556
9.345,0.6082571103255593,0.6371952152782816,-0.1439312482427012,-0.02893810495272231,8.528786565875635e-10,4.515796637676203
9.35,0.6098674293009317,0.6328964435100749,-0.1143858287311642,-0.02302901420914316,586.1961502107497,51.88881370372917
9.355,0.6115727252809141,0.6291838678920781,-0.0872964981063556,-0.017611142611164032,-2344.784600840584,67.56605000667867
9.36,0.6133845368464184,0.6258620897075547,-0.061628571248287,-0.012477552861136387,-781.5948669478312,67.47341444843221
9.365,0.6153078830706958,0.6217587166560847,0.0007591755437391,-0.006450833585388893,1953.9871673684095,65.64307300728234
9.37,0.6173533866032961,0.6176553436046146,0.0007591615328146,-0.0003019570013185202,1367.7910171574567,44.16291880465019
9.375,0.6195300571093529,0.6141381667033546,0.0007591503240749,0.005391890405998301,390.7974334704804,12.155400437664298
9.38,0.6218396216445732,0.6102301923686212,0.0588051375770111,0.011609429275951988,-1563.1897338944543,-10.526560373427401
9.385,0.62428341031569,0.6076900090510444,0.0837217698993562,0.01659340126464559,-390.79743347302804,-3.3784603059682468
9.39,0.6268553973706856,0.6039774334330478,0.1151397008477552,0.022877963937637857,1758.5884506301159,15.115118355950926
9.395,0.6295574161293337,0.600851053965261,0.1442743355671837,0.02870636216407274,-195.39871673658445,-5.554222675172355
9.4,0.6323973353213282,0.5985062693644211,0.1701862186019992,0.03389106595690716,-390.7974334731688,-36.55207768652332
9.405,0.6353671896686399,0.5953798898966343,0.2006534782946784,0.03998729977200566,-390.7974334724597,-26.71296136903078
9.41,0.6384598812738259,0.5936213014460042,0.2248941504281799,0.04483857982782169,-195.39871673559048,3.6462682403724216
9.415,0.6416761788559222,0.5908857194116909,0.2546306145552772,0.05079045944423133,1563.1897338931476,30.52806696058832
9.42,0.6450163222668095,0.5889317322443242,0.2810737190039306,0.05608459002248534,781.594866945268,29.247143382063427
9.425,0.648488029959422,0.5871731437936941,0.3071962600070581,0.06131488616572789,-586.1961502100837,-20.7232758667962
9.43,0.6520971863672396,0.586000751493274,0.3310716504991222,0.06609643487396555,-586.1961502093287,-63.21570460443462
9.435,0.6558319901225191,0.5850237579095907,0.3545955534759813,0.07080823221292842,195.3987167369403,-50.67886335055937
9.44,0.6596817502992495,0.584242163042644,0.3777139102815144,0.07543958725660549,390.79743347345413,-23.637060445340353
9.445,0.6636448436406103,0.5838513656091707,0.399444578306579,0.07979347803143955,-195.3987167372245,-25.501742973972227
9.45,0.6677193351994887,0.5838513656091707,0.4197756559831985,0.08386796959031795,1.1391421139705926e-10,-52.58665373154588
9.455,0.67190295345325,0.5840467643259073,0.4396698476561204,0.08785618912734272,-195.39871673626124,-66.67397202917817
9.46,0.6761844393249846,0.5846329604761173,0.4580995701753257,0.09155147884886727,-195.3987167368375,-52.52308506889284
9.465,0.6805537329067068,0.5856099540598008,0.4750110375366337,0.09494377884690608,976.9935836832809,-49.19967218029598
9.47,0.6850103887037052,0.5863915489267474,0.4933382649649598,0.09861883977695785,-3.5561242839321494e-10,-54.06516705676569
9.475,0.689544658915912,0.5883455360941141,0.5061885666534619,0.10119912282179788,-586.1961502106788,-30.670660259917213
9.48,0.6941479836634715,0.5901041245447443,0.5203610058710624,0.10404385911872727,781.5948669466959,-1.6859092130515023
9.485,0.6988216663138086,0.5922535104288476,0.5329265438107782,0.10656815588496105,-195.39871673580365,5.1650667309396
9.49,0.7035665535440236,0.5951844911798975,0.5419398178951215,0.10838206236412617,-195.39871673758012,1.9772631543441435
9.495,0.7083830691911834,0.5981154719309476,0.5513086838084998,0.11026759726023583,-3.6357050703372806e-10,-0.9346288769544913
9.5,0.7132712634120927,0.601437250115471,0.5590810653785413,0.11183401329662168,-3126.379467783953,-3.6845409206869704
9.505,0.7182308448111928,0.6057360218836778,0.5623224025656817,0.112494822927515,-1953.9871673650164,-15.822911165009998
9.51,0.7232611786388015,0.6088624013514644,0.5717782036729471,0.11439877728733705,2149.3858841022225,-54.775313644486516
9.515,0.7283613086329125,0.6119887808192512,0.5815854283126042,0.11637252781366125,976.993583682499,-96.98946028394028
9.52,0.7335204763129852,0.6155059577205113,0.5897369585344405,0.11801451859247392,-781.594866946979,-94.00776977060397
9.525,0.7387196853426997,0.6190231346217714,0.5980900288004429,0.11969655072092833,1172.3923004205765,-62.2356612434789
9.53,0.74395216697436,0.6223449128062948,0.6075909727761195,0.12160725416806517,1172.392300421145,-24.868594238967063
9.535,0.749211967170784,0.6260574884242914,0.6152769859414263,0.12315447874649255,-1953.9871673686935,36.23464205333018
9.54,0.7544940149616819,0.6305516589092349,0.6191716840504065,0.12394235605244697,-1563.1897338950212,68.07195824631931
9.545,0.7598132855229264,0.6342642345272317,0.6271659575505154,0.1255490509956947,195.39871673940536,6.91511069248952
9.55,0.7651822549170066,0.638172208861965,0.6344372715546824,0.12701004605504163,-781.5948669464024,-83.98545917711482
9.555,0.770591712357373,0.6420801831966985,0.6419166078889609,0.12851152916067454,586.1961502080496,-121.40494603671152
9.56,0.7760238019510226,0.6454019613812219,0.652445701579483,0.13062184056980075,2930.9807510504083,-102.92522713385732
9.565,0.7814632622149468,0.6487237395657451,0.6630149911325683,0.13273952264920164,781.5948669471936,-46.6106024330783
9.57,0.7868972511176953,0.6528271126172153,0.6696527737138248,0.13407013850048,-2540.18331757859,21.410649123937908
9.575,0.792325009868514,0.6571258843854221,0.675285471286776,0.13519912548309188,-976.9935836833394,69.0458286311311
9.58,0.7977559918145912,0.661229257436892,0.6819137258877263,0.13652673437769924,976.993583685826,108.9411501880065
9.585,0.8031983659672004,0.6647464343381523,0.6915318802468013,0.13845193162904812,-1563.1897338950837,131.5738893548325
9.59,0.8086690698703418,0.6696314022565689,0.6944542946522898,0.1390376676137729,-781.5948669490391,69.37065446096024
9.595,0.8141922716611903,0.672562383007619,0.707410387436774,0.1416298886535714,1953.9871673669884,-54.03912014316083
9.6,0.8197680591743018,0.6764703573423524,0.7157454433970576,0.14329770183194945,1953.9871673667012,-117.97304172617983
9.605,0.8253760976049463,0.6797921355268758,0.7271735366823777,0.14558396207807056,781.5948669464813,-70.27389083618044
9.61,0.8309989206063282,0.6837001098616091,0.735745213659392,0.14729881074471907,-3517.1769012588147,21.5719439623296
9.615,0.8366318707567424,0.6883896790632892,0.7404600653180801,0.1482421916934532,-2930.980751050623,38.60907654342507
9.62,0.8422913802755846,0.6921022546812859,0.7501930923543212,0.15018912559429864,2930.9807510480714,-38.36318859967582
9.625,0.847981163060541,0.6948378367155994,0.7649627821331474,0.15314332634494165,3712.5756179987657,-92.5661539463346
9.63,0.8536840472586166,0.6987458110503327,0.7739362802703472,0.15493823620828384,976.9935836842047,-45.00327276159932
9.635,0.8593856113277424,0.7020675892348561,0.7858343687497504,0.15731802209288626,-2735.5820343137534,58.04638450470863
9.64,0.8650843554014738,0.7073433545867464,0.7879485896040691,0.15774100081472742,-4103.373051470277,103.52301248517315
9.645,0.8708002122855847,0.711055930204743,0.7979644577307308,0.15974428208084168,-1172.3923004206463,36.84372771118993
9.65,0.8765503510886629,0.7151593032562131,0.8061967057658113,0.16139104783244973,2344.7846008408674,-62.045434792994854
9.655,0.8823284889465535,0.7176994865737898,0.8223852138890132,0.16462900237276368,3907.9743347338317,-92.80491328610714
9.66,0.8881188780478949,0.7210212647583132,0.8347272568104093,0.16709761328958173,2540.183317574611,-32.64440776206598
9.665,0.8939083958758555,0.7243430429428366,0.8470651456974396,0.1695653529330189,-1758.588450629533,72.91354148148557
9.67,0.8996971313658839,0.72883721342778,0.8535373232587407,0.17085991793810396,-4689.569201676075,129.7585327498051
9.675,0.9055072886657308,0.73352678262946,0.8591397457782749,0.1719805060362708,-1367.791017155159,101.20178929810602
9.68,0.9113580245841114,0.7368485608139834,0.8717841200705219,0.174509463770128,2344.7846008381694,43.03141843948515
9.685,0.9172549258489252,0.7405611364319802,0.8827054168029753,0.17669378941694502,2149.385884103004,-18.97839288602654
9.69,0.9232027594918756,0.743687515899767,0.8968124224774878,0.17951524359210858,1367.7910171573733,-72.01982326251158
9.695,0.92919433884388,0.7477908889512369,0.9062532418191156,0.18140344989264312,-390.7974334745925,-60.37672450077373
9.7,0.9352123576962902,0.7515034645692338,0.9177802882623473,0.1837088931270564,-3126.379467786226,6.219937605437877
9.705,0.941253507827333,0.7565838312043872,0.9225840699587258,0.18466967662294576,-781.594866943506,51.531474755961895
9.71,0.9473264424728568,0.7599056093889106,0.9363397436372738,0.1874208330839462,1953.9871673659916,55.78526390182894
9.715,0.9534386527368892,0.763813583723644,0.9473608363826048,0.18962506901324516,-586.1961502121704,47.58765321128308
9.72,0.9595965452963272,0.7681123554918509,0.9566563708178288,0.19148418980447635,7.122480383259244e-10,40.15203031471759
9.725,0.9658055588364508,0.7714341336763741,0.9710924919790866,0.19437142516007666,1172.3923004213557,33.35749656230337
9.73,0.9720702538199144,0.7755375067278442,0.9818990571456588,0.19653274709207025,-586.1961502101825,27.108180355953465
9.735,0.9783943781563323,0.7794454810625776,0.993979771559364,0.19894889709375474,-976.9935836840609,-2.5328459638279526
9.74,0.984780925540181,0.783353455397311,1.0063726083291669,0.20142747014287,-586.1961502111753,-99.5901630607024
9.745,0.99123221887689,0.7872614297320444,1.019089180558426,0.20397078914484557,1367.791017156534,-192.73618467891993
9.75,0.9977260276111632,0.7905832079165678,1.0349493150826807,0.20714281969459547,1563.18973389525,-113.2593524566453
9.755,1.004219490835065,0.7942957835345645,1.0488537385326098,0.20992370730050047,-976.99358368434,87.95192687048552
9.76,1.010712823848182,0.7985945553027713,1.0598265330934835,0.2121182685454106,-1172.3923004212138,173.60541290515235
9.765,1.0172429346783964,0.8021117322040313,1.074891193407315,0.21513120247436512,-390.7974334728846,111.8266278290059
9.77,1.0238292661781077,0.8064105039722381,1.0863289846000836,0.21741876220586953,1367.7910171560952,46.10890775723391
9.775,1.0304761558197917,0.8095368834400247,1.1039315294977674,0.22093927237976696,2735.5820343134687,26.16085821586256
9.78,1.0371871812287694,0.8136402564914949,1.1169697865078645,0.22354692473727455,-586.1961502089032,21.107284198650603
9.785,1.0439652631670078,0.8179390282597016,1.129366333536069,0.22602623490730622,-4689.56920168202,3.6933310011055482
9.79,1.0508127298583831,0.8230193948948551,1.1382018307596156,0.22779333496352805,-2344.784600841499,-49.74135205774121
9.795,1.0577313640042436,0.8267319705128519,1.1542321209528836,0.23099939349139176,3321.7781845256945,-107.35384009620958
9.8,1.0647096053979523,0.8298583499806385,1.173491428625654,0.2348512554173139,3321.7781845227514,-90.63979604258688
9.805,1.0717247169794413,0.8335709255986353,1.19000295671781,0.23815379138080595,-390.79743347444816,-10.876056568919722
9.81,1.078770454007376,0.8374788999333687,1.2056908488035734,0.24129155407400726,-1953.9871673667026,44.53612343908668
9.815,1.0858546822965582,0.8417776717015754,1.219618544464089,0.24407701059498288,-1367.791017156948,52.83769026320556
9.82,1.0929843996300874,0.8454902473195721,1.2367045834862609,0.2474941523105153,-1172.3923004213573,32.94755805683613
9.825,1.1001657960790336,0.8493982216543056,1.2530708082531004,0.2507675744247281,781.5948669463219,-25.007402505701833
9.83,1.10740427995635,0.8525246011220923,1.273630621657369,0.25487967883425766,4103.373051471893,-87.57553658852879
9.835,1.1146910058849269,0.8552601831564056,1.2963857742139837,0.25943082272852125,1172.392300418,-72.0260487291169
9.84,1.1220050875836578,0.8593635562078759,1.3124388639185245,0.26264153137578194,-2930.9807510513338,9.986402048555249
9.845,1.129342736177644,0.8634669292593458,1.3286098788056957,0.26587580691829826,-976.9935836824989,66.45314294246674
9.85,1.136714796463282,0.8671795048773426,1.346907011883573,0.26953529158593936,390.797433473313,73.2133126099686
9.855,1.1441309733592364,0.871087479212076,1.364447792481416,0.27304349414716045,-976.9935836832079,50.13386469343871
9.86,1.151599859738165,0.8749954535468092,1.3822521669357823,0.27660440619135573,390.79743347302747,-13.00005462497191
9.865,1.159128930742314,0.8785126304480694,1.4023114888369392,0.28061630029424467,2540.1833175751776,-80.81714566415747
9.87,1.166710411273,0.8818344086325928,1.4236098816771214,0.28487600264040724,390.79743347440694,-66.18535537984155
9.875,1.174323608272252,0.8861331804007996,1.440181912719844,0.2881904278714523,-1953.9871673632279,18.456978202146928
9.88,1.1819656339221258,0.8902365534522696,1.4578750996218588,0.29172908046985624,-1172.3923004200533,75.94380966440303
9.885,1.1896488205936702,0.8943399265037396,1.4757741068502277,0.29530889408993055,390.7974334711802,80.96547568982638
9.89,1.197383984663739,0.8982479008384732,1.494911156989134,0.2991360838252659,781.5948669464831,69.82215491647094
9.895,1.2051805115162333,0.9019604764564698,1.5153317943314055,0.30322003505976347,-586.196150209613,59.38818237609689
9.9,1.2130464289735323,0.9062592482246766,1.533167077552862,0.3067871807488557,-1172.392300419794,34.46373332479527
9.905,1.2209885031948575,0.9097764251259366,1.555292358133816,0.3112120780689209,-390.79743347359624,-33.12987560818294
9.91,1.2290123550338816,0.91368439946067,1.5758723808397723,0.3153279555732116,1953.987167365281,-90.5072072839655
9.915,1.2371072593628678,0.9166153802117202,1.601692506877054,0.32049187915114763,2149.3858841042024,-47.151992830453054
9.92,1.2452486329691788,0.92013255711298,1.6248138969203905,0.3251160758561987,-976.993583679856,4.213579689453468
9.925,1.2534462728129832,0.9244313288811868,1.644307412353012,0.3290149439317963,-195.39871673596224,-29.380798328842303
9.93,1.2617081107865933,0.9277531070657102,1.6690070513421529,0.33395500372088305,586.1961502094712,-10.885580117730996
9.935,1.2700097571248872,0.9322472775506536,1.6880439026438696,0.33776247957423355,-1563.1897338933923,81.4290915342066
9.94,1.2783614076877965,0.9363506506021236,1.7092848678290384,0.34201075708567286,-1758.588450630829,95.72162716736776
9.945,1.286786826718465,0.9406494223703306,1.7299177662437248,0.34613740434813445,195.39871673559026,43.88315140773017
9.95,1.2952899527643225,0.9443619979883272,1.7538702480649304,0.35092795477599525,1172.392300420214,-1.415667905369503
9.955,1.3038732032208842,0.9478791748895872,1.779201549746793,0.355994028331297,586.1961502115513,-71.56731638986588
9.96,1.312537629167582,0.9519825479410576,1.8020075613472133,0.36055508122652447,1758.5884506309644,-130.7110589382354
9.965,1.321267470964239,0.955108927408844,1.8300254706909904,0.3661585435553949,1.7061552171071526e-09,-71.01927146493449
9.97,1.3300328695811794,0.959798496610524,1.850405095926836,0.3702343729706554,-2540.1833175764586,41.92904011660434
9.975,1.3388389188895915,0.9640972683787308,1.872941866155495,0.3747416505108607,586.1961502080501,73.94728725557786
9.98,1.3477046547336524,0.9678098439967278,1.8987079733079215,0.37989481073692466,781.59486694506,67.84390534648182
9.985,1.356629476037058,0.9723040144816713,1.920861472217918,0.3843254615553868,-2344.7846008395895,61.31342000742822
9.99,1.3656269319122565,0.976602786249878,1.944355088607024,0.38902414566237853,-1563.1897338929627,-6.349700473720247
9.995,1.3747069863119854,0.9805107605846112,1.9702156456153208,0.3941962257273742,1172.3923004190176,-124.17109191149567
10.0,1.3838610145369994,0.9838325387691348,1.9993770211644284,0.4000284757678646,1953.987167367774,-221.36489318769128
10.005,1.393065100013903,0.9871543169536582,2.028788657903652,0.40591078306024475,781.5948669472723,-254.60493123542176
10.01,1.40228273151597,0.990671493854918,2.0572910111295477,0.411611237661052,-4.263256414560601e-10,-218.96257796471394
10.015,1.4114824522496163,0.9941886707561782,2.085703794468965,0.4172937814934381,-390.79743347331197,-126.591251392374
10.02,1.4206374779179325,0.9979012463741748,2.1129172462223846,0.4227362315437577,-1367.7910171563794,-32.40080551591876
10.025,1.4297400804411644,1.0016138219921715,2.139868341950017,0.4281262584489929,-976.9935836837788,-26.392526516473964
10.03,1.438798662491494,1.0051309988934318,2.167576136656532,0.4336676635980621,1758.5884506282707,-80.00548211527004
10.035,1.447805583783031,1.008061979644482,2.1979564545278985,0.43974360413854896,2930.9807510486335,-65.6210469711074
10.04,1.4567398927101387,1.0113837578290052,2.226019600375966,0.44535613488113346,1.982584763027262e-09,20.4529405857904
10.045,1.4655989567931011,1.0152917321637385,2.2507754428252293,0.4503072246293627,-3126.379467783235,63.79639263826817
10.05,1.4743955475268982,1.0195905039319453,2.2732648526196737,0.4548050435949529,-2540.183317576614,-1.122203355574328
10.055,1.4831406524119604,1.023303079549942,2.298427750928196,0.4598375728620183,1953.9871673644293,-112.74747169836277
10.06,1.4918294233344047,1.0266248577344654,2.3252629161963565,0.4652045655999393,4884.967918416616,-91.19589402786701
10.065,1.500429548436253,1.0295558384855157,2.353608799213193,0.4708737099507374,-390.7974334720333,113.17500019913874
10.07,1.508928772660963,1.0344408064039323,2.3716802097549343,0.4744879662570307,-4689.569201681168,241.63123495612626
10.075,1.5173744489719514,1.0389349768888756,2.39143784209338,0.4784394720830758,390.7974334720495,147.9980682671776
10.08,1.5258067705067726,1.0426475525068724,2.415036654244079,0.48315921799990025,1953.9871673687828,52.04821362640683
10.085,1.5342169852540148,1.0467509255583425,2.4365709287762005,0.48746605969567236,-2540.1833175773018,55.52067498085932
10.09,1.5426114149400998,1.0516358934767591,2.454118290457151,0.49097552146334067,-976.993583685058,16.777272633135425
10.095,1.5510092054960634,1.0549576716612823,2.4794983945884392,0.49605153383478107,1758.5884506299763,-57.979266667305055
10.1,1.559398226635926,1.058865645996016,2.5019036624333544,0.5005325806399101,-2.8410340746631846e-10,-92.1084469553129
10.105,1.5677678869707337,1.0625782216140127,2.525189113072825,0.5051896653567209,1953.9871673675561,-91.9167341027154
10.11,1.5761092263275838,1.0660953985152728,2.549309946995108,0.510013827812311,3907.9743347342583,-8.999344293842057
10.115,1.58440092123107,1.0696125754165329,2.5731825543217046,0.514788345814537,-3517.1769012627947,129.07140325496252
10.12,1.5926524972809706,1.0752791382018962,2.586107634496764,0.5173733590790743,-6643.556369047901,161.87484845744103
10.125,1.6008993089327783,1.0799687074035764,2.603893857829301,0.5209306015292019,1367.791017158934,78.11571560723026
10.13,1.609157110899344,1.0828996881546264,2.6305279727723963,0.5262574227447177,2930.9807510491287,-7.174009031700759
10.135,1.6174249249243164,1.0870030612060964,2.651351334892156,0.5304218637182201,-781.5948669484726,-91.21276114911193
10.14,1.6257011828983057,1.09032483939062,2.6761246596412813,0.5353763435076857,1172.3923004202188,-199.6334749947053
10.145,1.6339705951966526,1.0936466175751434,2.7008635708518374,0.5403239776215092,2930.98075105048,-235.0673468998944
10.15,1.6421935005167092,1.09677299704293,2.7263467926263374,0.5454205034737791,390.79743347302895,-117.31876080603664
10.155,1.6503366862747917,1.1010717688111369,2.7455693365862364,0.5492649174636548,-2149.3858841034294,74.01183790989816
10.16,1.6583989964076549,1.105175141862607,2.765364401201618,0.5532238545450479,-2149.3858841051356,193.8215467578279
10.165,1.6664058793979282,1.1096693123475505,2.7829282670950013,0.5567365670503777,-1367.7910171569583,162.17755503335349
10.17,1.6743916824090528,1.113381887965547,2.804293496594195,0.5610097944435057,3.26281224261038e-09,17.76663300745446
10.175,1.6823719961128225,1.1172898623002805,2.8246544674662184,0.565082133812542,4298.771768208285,-91.15755181285695
10.18,1.690333736075936,1.1200254443345938,2.850784676331695,0.5703082917413422,3907.9743347332624,-41.963653478661016
10.185,1.6982528030524766,1.1239334186693273,2.870839674917911,0.5743193843831493,-4689.56920168202,63.97538724854954
10.19,1.706133999856492,1.129404582737954,2.8828894668965983,0.576729417118538,-5666.5627853652295,-9.311892266909297
10.195,1.7140063365634148,1.133507955789424,2.901733987815257,0.5804983807739907,2344.784600839303,-220.3894910144371
10.2,1.7218564491379689,1.1368297339739477,2.9243754218785263,0.5850267151640212,4103.373051470951,-246.81852844844175
10.205,1.7296232847533697,1.1403469108752076,2.945623525139722,0.5892763738781621,-586.1961502061724,-30.87677600491162
10.21,1.737280694429355,1.1446456826434142,2.962416562431011,0.5926350117859409,-1953.987167366394,139.03435084864344
10.215,1.744856829093893,1.1485536569781476,2.980756092122117,0.5963031721157455,1367.7910171546746,144.25739830074696
10.22,1.75237585895464,1.1522662325961444,2.9997873457695343,0.6001096263584957,976.9935836830678,121.4305435542008
10.225,1.759846003935834,1.1561742069308776,3.017597384948772,0.6036717970049563,-3126.3794677874944,113.2484726633725
10.23,1.7672862001121274,1.1610591748492949,3.0303728749957006,0.6062270252628326,-781.5948669454879,69.1421727984258
10.235,1.774712239822746,1.1641855543170812,3.051870655215898,0.6105266855056648,2930.980751051477,7.472339987946171
10.24,1.7821249663744807,1.167898129935078,3.070370993089417,0.6142268364394028,781.5948669437834,-43.67419583474319
10.245,1.7895246789274275,1.1718061042698116,3.087829350744349,0.6177185746576159,-195.39871673700475,-50.942834253914825
10.25,1.796899630081688,1.1757140786045446,3.105163968093076,0.6211855514771434,195.3987167401785,13.269045202265119
10.255,1.8042396470540467,1.179817451656015,3.1213469742983917,0.6244221953980318,-1953.9871673675552,56.009685132189325
10.26,1.811559248399495,1.1843116221409582,3.1354739578816138,0.6272476262585367,-1953.9871673686932,-1.1161022163735765
10.265,1.8188704132478009,1.1884149951924283,3.151512780290349,0.6304554180553725,2540.1833175774527,-61.53090341684214
10.27,1.826159831013034,1.191736773376952,3.171352019093378,0.6344230576360821,2540.1833175777397,-43.42187114275676
10.275,1.833415861406476,1.1956447477116852,3.188093132106504,0.6377711136947908,-2930.980751050907,-4.998973923877131
10.28,1.8406398470188885,1.200529715630102,3.19978888675215,0.6401101313887865,-2735.5820343147498,4.063940332629045
10.285,1.847832569658929,1.204046892531362,3.2181659982267545,0.643785677127567,976.9935836827825,-11.356943860220454
10.29,1.8549942974431344,1.2077594681493586,3.235411265282359,0.6472348292937757,2735.5820343134164,-56.53178529537803
10.295,1.8621246019454931,1.2108858476171456,3.255430495434867,0.6512387543283475,1758.5884506317348,-103.58364060408377
10.3,1.8692118253419137,1.2144030245184054,3.27328041189439,0.6548088008235082,-1953.9871673671923,-87.88173942010877
10.305,1.8762354264808727,1.218897195003349,3.2859273123514443,0.6573382314775238,-195.39871673857328,-10.51725191189206
10.31,1.8831888470746172,1.2222189731878723,3.304085322147128,0.6609698738867449,1758.58845062898,64.12463440341577
10.315,1.8900771615256475,1.226126947522606,3.318986860928275,0.6639502140030416,-2735.5820343130436,73.94392334788571
10.32,1.8969148453893363,1.2310119154410226,3.328749161054535,0.6659029299483137,-1758.588450629549,9.379993180687848
10.325,1.903713931714221,1.234333693625546,3.346134678076261,0.6693802380886751,1758.588450630396,-55.155191487540804
10.33,1.9104637642094184,1.2380462692435428,3.3613201435182,0.6724174949658757,586.1961502121212,-86.91545662771381
10.335,1.9171551170397765,1.2417588448615395,3.3762133744247547,0.675396272178237,195.39871673686304,-130.98081585159713
10.34,1.9237804483433756,1.245080623046063,3.3927306158959305,0.6786998252973127,195.39871673558974,-146.61792616238483
10.345,1.9303138020456811,1.2489885973807964,3.4058570934344328,0.6813252046648848,781.5948669469077,-69.38457458290293
10.35,1.9367339169753568,1.2523103755653198,3.4213484417207027,0.684423541410037,1563.1897338938177,44.76323866896439
10.355,1.9430433688057749,1.256218349900053,3.433355560847537,0.6868250189057219,-976.9935836834946,118.99271198331485
10.36,1.9492547855307791,1.2605171216682596,3.442918570950253,0.6887376638625196,-2930.980751050197,121.36568239868075
10.365,1.955388580558727,1.265011292153203,3.4511165219202566,0.6903772884055239,976.9935836819326,64.30639395432783
10.37,1.9614620467216255,1.2687238677711998,3.462920837248752,0.6927381789504257,3907.974334732876,42.088514454437075
10.375,1.967470802986936,1.2724364433891966,3.474401630568507,0.6950343595977395,-2540.1833175728066,87.74532930914256
10.38,1.9734200069418528,1.2779076074578233,3.476791742066508,0.6955123994840295,-5471.164068625432,98.39155664731209
10.385,1.9793321246048567,1.2824017779427668,3.483881407610053,0.69693034666209,1172.3923004170965,33.73998351094315
10.39,1.985216411520766,1.2855281574105537,3.4976708885732566,0.6996882541102123,2735.582034313187,-46.51192161645906
10.395,1.991070936969136,1.289436131745287,3.5074035991195127,0.701634805223849,8.522533789800946e-10,-94.32762480856161
10.4,1.9968850004418777,1.2927579099298103,3.519864989543064,0.7041270905120673,390.7974334734537,-81.60801044909087
10.405,2.0026407281581573,1.2962750868310704,3.531057714804129,0.7063656413270869,781.5948669460558,-27.64249091939172
10.41,2.0083314460803794,1.2995968650155938,3.542902390441396,0.7087345810647856,-390.7974334754432,9.072454678289404
10.415,2.013959890161472,1.3033094406335908,3.552481714315893,0.7106504495278811,-781.5948669458413,6.175944309962716
10.42,2.019528105945352,1.3068266175348506,3.562736893976206,0.7127014884105012,976.993583686231,-28.198971255622354
10.425,2.02503749543376,1.310148395719374,3.573674938693405,0.714889099714386,1367.7910171556025,-64.38704130492846
10.43,2.030481155981105,1.313665572620634,3.5833073474820463,0.7168155833604708,-195.39871673800553,-48.199592830259235
10.435,2.035845345003762,1.3177689456721042,3.589611419784556,0.7180763993316579,781.5948669477613,25.198792012590786
10.44,2.041126209146334,1.3214815212901008,3.5974528563646917,0.719644687856233,586.1961502117445,84.09524607543915
10.445,2.04633523927865,1.325975691775044,3.6010271497673623,0.7203595475036058,-3126.379467789055,65.99242963432349
10.45,2.051488464233051,1.3310560584101976,3.601391437496247,0.7204324058228535,-2540.183317579404,-6.15061432677922
10.455,2.056591273504498,1.3353548301784044,3.6054116219185657,0.7212364433260938,1367.7910171590547,-46.51852298422608
10.46,2.0616339136708928,1.3392628045131378,3.611084948601764,0.7223711091577549,1367.7910171580613,-19.8141128342763
10.465,2.066607297066981,1.3433661775646075,3.615434998344774,0.7232411195023736,-390.7974334745918,4.596340252475784
10.47,2.071516038936871,1.347469550616078,3.619461840852801,0.7240464883207929,-390.7974334748746,-36.69088002482147
10.475,2.076363495853264,1.3513775249508115,3.624159252493844,0.7249859709024524,1.4210854715202004e-12,-106.46935593741182
10.48,2.0811394363712403,1.3552854992855448,3.628499082396256,0.7258539370856956,2.856381797755603e-10,-125.72863282856156
10.485,2.085823178983322,1.3589980749035415,3.633354916555637,0.7268251040797804,195.3987167374366,-74.3056516688527
10.49,2.090397636618063,1.362710650521538,3.637664325990525,0.7276869860965249,195.3987167365839,-7.425162115169371
10.495,2.0948606178243265,1.366227827422798,3.6423933469964753,0.7286327904015286,-195.3987167379368,24.29262390144686
10.5,2.0992163340256704,1.3699404030407951,3.645609049497956,0.7292759309848753,586.1961502115655,26.70984194281948
10.505,2.1034683872141637,1.3732621812253183,3.6502604241856,0.7302062059888454,976.993583684562,22.591388748972292
10.51,2.1076198212179644,1.3767793581265784,3.6534317094325446,0.7308404630913861,-390.79743347430804,19.120976026843095
10.515,2.111673196994774,1.380687332461312,3.6541587164303135,0.7309858645334619,-5.696847438230179e-10,16.251254336908858
10.52,2.115630689583693,1.384204509362572,3.6563602946985214,0.731426180221121,781.5948669466244,13.743681955701675
10.525,2.119494168142185,1.3881124836973056,3.656137815681245,0.7313816844448795,-195.39871673687014,11.59569144931669
10.53,2.123265190377194,1.3922158567487757,3.6544772116499136,0.7310493336284183,-1172.3923004192256,10.092323521178457
10.535,2.126945044338353,1.3963192298002454,3.6523605362391423,0.7306258145381077,-586.1961502114603,9.017655820002801
10.54,2.130534919289916,1.4006180015684524,3.648816788188544,0.7299169177214637,781.5948669449881,3.8201615846066375
10.545,2.134035917906799,1.4041351784697125,3.6487364855927584,0.7299007394370864,-781.594866943641,-12.506298314746687
10.55,2.137448893977681,1.4088247476713924,3.642353990999647,0.7286241463062884,-976.9935836815805,-29.32418998603447
10.555,2.1407706090091074,1.4123419245726525,3.641378208659016,0.7284286844364549,1367.791017156378,-22.30607331427217
10.56,2.1439946081421706,1.416054500190649,3.6389365478411775,0.7279401079515215,586.1961502094714,4.4999677317039755
10.565,2.1471197934552926,1.4199624745253827,3.635023580018582,0.7271573189299099,-195.39871673885824,23.153619067388377
10.57,2.150149755710073,1.4236750501433797,3.6316112950308703,0.7264747055666934,586.1961502083342,25.715506986900095
10.575,2.1530879712130857,1.427583024478113,3.626761976175131,0.7255049467349728,2.163460521842353e-09,19.5108191483136
10.58,2.155937490300455,1.431490998812846,3.621469280180603,0.7244464914876092,-1758.5884506263192,5.13918038535536
10.585,2.158700857789475,1.435789770581053,3.613791922978502,0.7229110872084221,-195.39871673719614,-6.224398733598264
10.59,2.161377322732465,1.4395023461990497,3.608611100958535,0.7218749765334154,1758.5884506284115,5.611869711970257
10.595,2.163963592364844,1.442824124383573,3.604933343281866,0.721139467981271,-1563.1897338935323,25.22881288484831
10.6,2.1664630286073696,1.447513693585253,3.593982506553336,0.7189493350221166,-1367.7910171577996,19.47022372576265
10.605,2.1688817868089054,1.4504446743363033,3.591421256259558,0.7184371124726021,1758.5884506301172,-2.0288767152009655
10.61,2.1712198367380533,1.4539618512375632,3.585526661521865,0.7172579855004901,1367.7910171572323,-8.821127098599902
10.615,2.173474911345385,1.4572836294220868,3.5801939757342023,0.7161912819232983,390.79743347203384,3.9834492397965846
10.62,2.175645718247801,1.4606054076066102,3.5744397850023,0.7150403106411909,-1172.3923004190517,19.649186147657872
10.625,2.177734144847184,1.46470878065808,3.564365585284769,0.713025364189104,2.6972202249453403e-09,22.79902375079388
10.63,2.1797446565858536,1.467835160125867,3.5587866726735107,0.7119094964599866,1367.7910171554918,21.86100579956434
10.635,2.1816791365004504,1.4715477357438635,3.549896534983973,0.7101314007565869,-1758.5884506306854,27.50531052072472
10.64,2.18353945077596,1.4756511087953337,3.5386815137661407,0.7078883419806261,976.9935836860523,24.483251375216696
10.645,2.1853317473109835,1.4791682856965935,3.530057330064533,0.7061634616143899,3907.974334733688,16.657970379868118
10.65,2.1870576061286418,1.4822946651643805,3.5230549013175496,0.7047629409642613,-4298.771768210555,27.094511011968336
10.655,2.188716460530159,1.488547424099954,3.500085518250194,0.7001690364302047,-4689.569201681734,35.00160545229477
10.66,2.1903157806142786,1.4916738035677406,3.492450333014204,0.698641977046538,3126.3794677873498,19.09203699625604
10.665,2.191860370668988,1.4953863791857371,3.48161049454364,0.696473991483251,2344.7846008405168,6.770676559180487
10.67,2.193348975838323,1.4990989548037343,3.47049071377703,0.6942500210345885,390.7974334752354,12.669956480522671
10.675,2.194782569764468,1.5028115304217309,3.459095862499132,0.6919710393427372,1367.7910171571632,20.891952460675896
10.68,2.196163962477334,1.506914903473201,3.4454860065512,0.6892490590041331,-1172.392300420078,25.194458472698045
10.685,2.1974957277730782,1.5112136752414076,3.430651010784957,0.6862820525316706,-4689.569201680883,24.15776495297581
10.69,2.198781632483773,1.5164894405932978,3.4107017368558368,0.682292191890475,-586.1961502114611,14.782653518353499
10.695,2.200025039153292,1.5194204213443476,3.402263889869665,0.6806046178089442,4103.373051469138,6.852307925839824
10.7,2.2012261436225917,1.5231329969623446,3.3897065528633656,0.6780931466602471,1563.1897338939618,8.644280945616373
10.705,2.2023852865586275,1.5268455725803411,3.3769394044433145,0.6755397139782864,-1367.7910171537796,11.85912039943588
10.71,2.2035043482017174,1.5309489456318115,3.36201670923338,0.6725554025699059,-1563.1897338939634,8.279393676928095
10.715,2.2045851142700306,1.5350523186832816,3.3469027637831696,0.6695327955867489,-195.39871673885924,2.813087996287294
10.72,2.2056281053415483,1.5385694955845417,3.334531106206919,0.6670586097570066,390.7974334743075,4.348992119389408
10.725,2.206632801681178,1.5424774699192747,3.3200141334893685,0.6641553317619031,781.5948669466243,11.648172605590105
10.73,2.207600228130081,1.5457992481037983,3.30824190861764,0.6618009800262825,976.9935836820723,16.423557372037152
10.735,2.208532697784189,1.549511823721795,3.2943410058432985,0.659020874062394,195.39871673743897,16.627732031509495
10.74,2.209432364739921,1.5534197980565283,3.279299170584366,0.6560125666833927,586.1961502094719,15.446850356966848
10.745,2.210301226136436,1.557132373674525,3.2650803607858223,0.653168852461911,586.1961502101143,15.263506271897327
10.75,2.2111411429031,1.5616265441594686,3.2468089012415158,0.6495145987436315,-1563.1897338895483,16.85498828976563
10.755,2.211953833588276,1.5659253159276751,3.2293783430640373,0.6460285176606009,-3126.3794677874257,16.176429162706214
10.76,2.21274182612589,1.571005682562829,3.207916350366479,0.6417361435630613,-3.410036697459873e-09,9.81740888164532
10.765,2.2135073751279983,1.574327460747352,3.195135106686513,0.6391799143806463,1953.987167366134,4.387651626984834
10.77,2.214250590837454,1.5784308337988222,3.178334241762128,0.6358197570386317,-586.1961502091871,5.4646023465923435
10.775,2.214971668164485,1.5823388081335557,3.162399694152167,0.6326328600309292,1.988804558325378e-09,7.404833720841481
10.78,2.215671824689418,1.5858559850348155,3.148314542213373,0.6298158396546025,2344.784600838452,5.4495325517225695
10.785,2.2163521773000823,1.589373161936076,3.134130380714665,0.6269790153640062,586.1961502069128,4.482917771042835
10.79,2.217012932515504,1.5932811362708093,3.117894253081525,0.6237317962446947,-3321.778184520045,7.860393887722594
10.795,2.217654352067342,1.5977753067557523,3.098630472786734,0.6198790453115897,-2344.7846008363285,8.43263855671195
10.8,2.2182783972334823,1.6012924836570126,3.084164793607722,0.6169859135764697,3517.176901259736,3.227810291819253
10.805,2.218886052860152,1.6042234644080626,3.072548151583089,0.6146625884520895,4689.569201679178,1.062378242409224
10.81,2.21947665148191,1.607545242592586,3.0588922406470798,0.611931408889324,-1953.9871673689756,4.72898399408443
10.815,2.2200505074888044,1.6122348117942664,3.0383136641754023,0.607815695694538,-4298.771768207715,7.806978319706701
10.82,2.220608757639029,1.6167289822792097,3.0186340541036123,0.6038797753598195,586.1961502108924,8.000800259822554
10.825,2.221152444937293,1.6198553617469964,3.005720586537441,0.6012970831902964,-195.39871673518314,6.6688856395651825
10.83,2.22168252268316,1.6245449309486766,2.984923123883528,0.5971375917344832,-781.5948669445148,3.528898021443169
10.835,2.222199866005877,1.627671310416463,2.9718767886984727,0.594528555589414,3321.77818452336,0.23563348206781143
10.84,2.222704615499941,1.63079768988425,2.9587677152620886,0.591906925615691,586.1961502100379,0.16713416016498428
10.845,2.2231962995925785,1.6349010629357197,2.9407085316137134,0.5882952366568588,-1953.9871673658504,1.4405336690969435
10.85,2.2236752717228554,1.6388090372704534,2.9235629295080585,0.584866234452402,1563.189733893533,1.6501318373230163
10.855,2.224141912831558,1.6421308154549763,2.909286771262257,0.5820110973765815,195.39871673544764,4.172619038343143
10.86,2.2245959318855717,1.64662498593992,2.88908563581425,0.5779709459456517,-3907.9743347348276,7.734981475664931
10.865,2.225038355854652,1.6509237577081268,2.8698035941839337,0.5741145981465252,781.5948669460576,7.110860429975489
10.87,2.2254707686071287,1.654440934609387,2.854379531332269,0.5710298339977418,4884.967918417073,6.304871898526983
10.875,2.2258933636433365,1.657371915360437,2.841837409071857,0.5685214482828995,-2735.5820343100067,8.593124198625976
10.88,2.226306892747956,1.6630384781458003,2.815572085719177,0.5632684146021558,-5080.366635151271,6.5576852901403555
10.885,2.2267132410695103,1.6663602563303237,2.8009948124451665,0.5603529847391866,2149.3858841018664,-1.6410962089708363
10.89,2.227112897432252,1.669682034514847,2.786384104168922,0.557430862917405,5080.366635154052,-5.6953979938614445
10.895,2.227504545818463,1.6728084139826338,2.772710369427178,0.5546961318358292,1563.1897338943859,0.15614042524706306
10.9,2.227887141563808,1.6765209896006308,2.756061556756657,0.5513661519631774,-5080.366635155473,7.916905221066205
10.905,2.2282615824922014,1.6817967549525208,2.731555803993364,0.5464648275396806,-3712.5756179985256,7.606280643415481
10.91,2.2286297812830496,1.6851185331370444,2.7167886025083394,0.5435112481460052,3712.575617995967,2.1852151860457916
10.915,2.228992267995946,1.6882449126048311,2.702969695120573,0.5407473553911151,2344.784600840643,1.3082351122797107
10.92,2.2293484228706197,1.6917620895060912,2.6871650300969816,0.5375863333645285,-1172.392300416334,3.890735792992764
10.925,2.2296987875448835,1.695865462557561,2.66840034429843,0.5338333249873224,781.5948669481011,2.4777612145453887
10.93,2.230044374561631,1.6987964433086111,2.6554736604968983,0.5312479312530198,390.79743347260256,-1.3860801644228786
10.935,2.230385031874806,1.7034860125102913,2.6337293289503574,0.5268990193645147,-1367.791017156379,-1.5693846859221665
10.94,2.2307201141172976,1.7070031894115512,2.6178190379733044,0.5237169247057465,-586.1961502111773,1.393772400888409
10.945,2.2310496149055496,1.7114973598964949,2.596995835343277,0.5195522550090548,-586.1961502114601,3.3147442510996328
10.95,2.231374072152934,1.7150145367977547,2.581032353756643,0.5163595353551793,390.79743347520844,3.314916119453045
10.955,2.231693930409515,1.719313308565961,2.561136729384879,0.512380621843554,2540.1833175787797,3.255903685612905
10.96,2.232009563412791,1.7222442893170116,2.548059145195099,0.5097652740957797,-390.7974334761806,3.6796132343365997
10.965,2.2323212933028223,1.727324655952165,2.52421528510876,0.5049966373506574,-3517.176901261373,2.235945420068317
10.97,2.2326298438005545,1.7312326302868983,2.5062176248351724,0.5013972135136562,-976.9935836826396,-1.7287054001259694
10.975,2.232935383198705,1.7351406046216318,2.4882050172813948,0.4977947785770733,3126.3794677856445,-4.228174117315781
10.98,2.2332371492616443,1.7384623828061552,2.473104610376778,0.4947747664554891,4103.373051469705,-2.234859030920676
10.985,2.2335344713917635,1.7417841609906786,2.457982053067404,0.49175031040108497,-1953.9871673655657,2.217748705959492
10.99,2.233827251621943,1.7470599263425688,2.4330680559888,0.4867673252793743,-4884.967918416899,4.5714385262842665
10.995,2.234116323022967,1.7513586981107754,2.413020296976845,0.48275762491219143,1758.5884506300686,3.7190301583243173
11.0,2.234402368630157,1.755071273728772,2.395888241181979,0.4793310949013849,3517.1769012611776,2.848094226237839
11.005,2.234685509530841,1.7589792480635058,2.377764549419064,0.4757062614673351,-1758.588450632309,2.532576596932058
11.01,2.234966219316444,1.7642550134153956,2.3527896519134983,0.47071120590104853,-1758.5884506315401,1.3689246375748105
11.015,2.235244879009612,1.768162987750129,2.334643382966364,0.46708189125948296,195.39871673686855,0.7316055237538261
11.02,2.2355213362574013,1.772852556951809,2.312578066605466,0.46266877930559236,-1367.7910171563785,0.7051506065636124
11.025,2.235795800383918,1.7771513287200158,2.292456723123858,0.458644471663902,-1367.7910171563785,-0.8551986027783354
11.03,2.2360684510585527,1.7810593030547492,2.2742802606048405,0.45500914800380343,1367.791017156095,-3.687060094250776
11.035,2.236338978804365,1.784576479956009,2.258047139452784,0.45176249884835595,3517.176901258529,-5.817074969627541
11.04,2.2366067085212955,1.7875074607070596,2.2447309839823277,0.44909924781423594,976.9935836843393,-6.278957629884937
11.045,2.2368707272108592,1.7918062324752662,2.224557298349228,0.44506449473559306,-2735.5820343092846,-5.257032071028943
11.05,2.23713029157066,1.7957142068099994,2.206315312282656,0.44141608476066074,-1953.9871673661473,-3.0746443260938143
11.055,2.237384766645771,1.7998175798614695,2.1870720236071666,0.4375671867843014,586.1961502083341,-0.46038503256796304
11.06,2.237633943174575,1.802943959329256,2.1726869698772995,0.4346899838453191,1367.7910171566632,1.140145363933847
11.065,2.2378780224647734,1.806656534947253,2.155345257010343,0.43122148751752043,1563.189733892396,1.387818758189475
11.07,2.238117202948008,1.80978291441504,2.140909877105212,0.4283342885329682,586.1961502080503,1.224098531054107
11.075,2.238351634813231,1.8136908887497731,2.1225426567717607,0.42466074606345794,-2149.3858841031915,0.8790725053164792
11.08,2.2385814587097173,1.8177942618012437,2.1031753046081234,0.42078719690847355,-1172.3923004173116,0.016883510340992558
11.085,2.238806827789675,1.82150683741924,2.085739586806955,0.41729999037043486,976.9935836843825,-0.4483685185652426
11.09,2.239027589532208,1.8248286156037636,2.070234756508222,0.4141989739284444,-195.39871673687043,-0.13412053078817365
11.095,2.239243618277615,1.828931988655233,2.0507982365068846,0.4103116296223819,781.5948669463385,-0.8742871702337673
11.1,2.2394551470469617,1.831862969406284,2.0372011378215498,0.4075921776406777,2344.784600839588,-1.9042927024771075
11.105,2.2396618721565207,1.8357709437410168,2.018695020674224,0.4038909284155039,-195.39871673715265,0.15956336085315215
11.11,2.239863256966808,1.8396789180757505,2.0001621762348285,0.40018433889105753,-3126.379467786497,3.680259671341613
11.115,2.2400596851336894,1.8443684872774304,1.9776965536071032,0.39569119785625895,-1758.5884506298344,3.7969282649897966
11.12,2.240252078855108,1.848081062895427,1.9600957101612275,0.3921710159596812,1953.9871673655377,1.378632900357868
11.125,2.2404407374687927,1.8515982397966877,1.9434531715529628,0.388842497672105,2149.385884105244,1.0337710480713351
11.13,2.240625409640127,1.855310815414684,1.92581369658334,0.3853145942254428,-976.9935836821763,2.3193626586221985
11.135,2.2408064077947314,1.859414188466154,1.9062018559099645,0.3813922193285775,-1953.9871673695452,1.900906288767736
11.14,2.240984283092912,1.8635175615176245,1.886574394192276,0.3774667215752874,586.1961502080496,0.7456397145234046
11.145,2.241159015474163,1.866839339702148,1.870839186814924,0.37431967577201486,1172.392300422069,0.771313830512101
11.15,2.2413306001197526,1.8707473140368809,1.8521584058402447,0.3705832860828717,-390.7974334711789,0.5760988202041677
11.155,2.2414993061468027,1.8744598896548776,1.8344399918623435,0.36703941649192506,781.5948669460553,-0.31222333603863994
11.16,2.241665132034479,1.8781724652728744,1.8167069903922068,0.36349266676160474,2149.3858841004444,0.17681653048385648
11.165,2.241827855911471,1.8818850408908712,1.7989583294323537,0.35994281502059966,-1563.1897338936642,2.2759846538648443
11.17,2.2419875666137554,1.8865746100925516,1.7763095151315134,0.35541295652120386,-4689.5692016756475,3.279623221601444
11.175,2.2421448415846976,1.891264179294231,1.7536484265347358,0.35088066229046655,-195.3987167335116,1.6953056243075437
11.18,2.2423001798422355,1.894390558762018,1.7387935265290186,0.3479096210802175,4689.569201679177,-0.37679844211887037
11.185,2.2424535427897045,1.8979077356632776,1.721973551436655,0.3445458071264269,2540.183317574469,-0.2115846271521722
11.19,2.2426046670255437,1.9014249125645384,1.7051437140106516,0.34117975446100535,-3517.1769012602354,1.8511880020356868
11.195,2.24275358272805,1.9065052791996917,1.680486800068301,0.3362483035283581,-4298.771768205725,2.8503997330632354
11.2,2.242900816579053,1.910217854817688,1.662659213650208,0.3326829617613649,976.9935836818304,1.3034175049153767
11.205,2.2430468125877354,1.913539633002212,1.646779600704503,0.32950717958552334,3907.974334734259,-0.6579116805481924
11.21,2.2431914789024963,1.9164706137532617,1.6328474668698572,0.3267208651492346,2344.7846008402726,-0.6563642330101587
11.215,2.243334535786266,1.919987790654522,1.615976417459844,0.323346745131744,195.39871673573407,0.6691786538226863
11.22,2.243475996084193,1.924091163705992,1.5961664942340816,0.3193848323782009,-976.9935836832078,1.5042498202434098
11.225,2.2436160959594087,1.9281945367574616,1.576349840786372,0.31542155920194714,-2735.582034313329,1.5191729522712931
11.23,2.243755037302797,1.9332749033926155,1.5516424842743974,0.3104801339101815,-2149.38588410272,1.2959126294731833
11.235,2.243892997356984,1.9371828777273483,1.532792228829143,0.30671011962963557,2.8467184165492654e-10,1.087237200749783
11.24,2.24403012173126,1.941286250778819,1.5129608382091535,0.30274387095244126,781.594866944635,0.6511458349223007
11.245,2.2441665358916207,1.944803427680079,1.4960557565576134,0.2993631082115418,1758.5884506299435,-0.4325787790541482
11.25,2.244302336606784,1.9481252058646024,1.4801248548531765,0.29617713074218166,586.1961502128459,-1.579697464819605
11.255,2.2444373627091543,1.9518377814825991,1.4622362957889352,0.29259958122655516,-1367.7910171577655,-1.837449057405116
11.26,2.2445712493505887,1.955550357100596,1.4443422017172374,0.2890208922499926,976.9935836809361,-1.9783345877045422
11.265,2.24470389811212,1.958872135285119,1.4283960352511655,0.28583176282700107,1953.9871673681241,-2.121262783134754
11.27,2.2448350225136173,1.9621939134696424,1.4124423508551491,0.2826411090439749,-2149.3858841015826,-0.6387060190605114
11.275,2.24496416376593,1.9668834826713224,1.389639878723602,0.2780806810946077,-1953.9871673678397,1.2672525474500649
11.28,2.2450915348330867,1.9700098621391096,1.3746445708126818,0.2750816726939771,1367.791017155811,0.8851432434653796
11.285,2.245217520964565,1.973722437757106,1.356712560813711,0.27149508320745896,1563.1897338929643,-0.7304372959993408
11.29,2.245342053561544,1.9770442159416293,1.3407270828228806,0.26829783761991477,976.9935836837086,-1.0077274438901105
11.295,2.245464854851269,1.980756791559626,1.3227788111390402,0.264708063291643,-586.1961502070222,-0.03234060443455
11.3,2.245585848261694,1.984860164611096,1.302867392899824,0.260725683650598,586.1961502106706,0.9905783454643213
11.305,2.2457051576985974,1.9889635376625665,1.282947458799799,0.25674162003603085,1172.392300418656,2.043529875379728
11.31,2.2458228865929315,1.9928715119973,1.2639965387760503,0.25295137459563155,-4884.967918418321,2.4905236347195494
11.315,2.245939420084896,1.9989288722161365,1.234291500724457,0.24701054786875964,-2930.9807510524697,1.1993156732615065
11.32,2.246055212085132,2.00225065040066,1.2182608462692304,0.24380456168447173,3712.575617995968,-0.4077013008440673
11.325,2.2461701325337997,2.00576782730192,1.2012489851792387,0.24040230523187978,586.1961502136935,-1.0479262877529307
11.33,2.2462840240539688,2.0100665990701265,1.1803241208774296,0.23621742498384224,-586.1961502060246,-2.0235972283446144
11.335,2.2463968873440074,2.013192978537913,1.1652561695393897,0.23320390880609443,1367.7910171537178,-3.0803501152839985
11.34,2.246508274573154,2.0169055541559104,1.1472487810758658,0.2296027204172435,-586.1961502128834,-2.636884192384181
11.345,2.246617660918291,2.020618129773907,1.1292316774961508,0.22599953114438387,-586.1961502077675,-1.489541390071781
11.35,2.246724883292573,2.024135306675167,1.1121809790889277,0.22258957661740597,781.5948669474775,-0.7903257989028702
11.355,2.2468298163724576,2.0274570848596905,1.0960960129478667,0.21937273151276715,-195.3987167385736,-0.4729477137743565
11.36,2.2469323606708347,2.0311696604776874,1.0780452638554738,0.21576270019314725,-390.79743347373926,-0.8061080868060149
11.365,2.247032563380709,2.0344914386622106,1.0619369124867952,0.2125411247184985,976.9935836840605,-1.3468788480964413
11.37,2.247130233760226,2.0378132168467338,1.0458159942654168,0.20931701691349236,1367.791017156886,-0.8756025391657509
11.375,2.247225095834958,2.041330393747994,1.0287041167756965,0.20589470208696392,-390.7974334726631,0.2237966279494117
11.38,2.2473171556818987,2.045042969365991,1.0106012952347525,0.20227418631590766,-1563.1897338934632,0.8162614770393084
11.385,2.2474065381326653,2.0493417411341976,0.9895541544990224,0.19806479699846768,390.7974334731706,0.8959224646788009
11.39,2.2474933502324803,2.052468120601984,0.9743561623403408,0.19502522963049618,195.39871673573302,0.8466698372444892
11.395,2.247577706535308,2.056962291086928,0.9523069671747002,0.19061541544838034,-1367.7910171586536,0.7407736106301819
11.4,2.247659713334436,2.060479467988188,0.9351310172599928,0.1871802453462479,-781.5948669454883,0.5404759491512188
11.405,2.247739447712724,2.064387442322921,0.9159897379545304,0.183352005389803,-586.196150207197,0.03361644672852471
11.41,2.247816985761377,2.067709220507444,0.8997684736565884,0.18010776525393268,1953.9871673652815,-0.6348067483941406
11.415,2.247892302140862,2.070835599975231,0.884513107320207,0.17705670216563085,4689.569201677382,-0.5355107617772212
11.42,2.2479652011297486,2.0735711820095446,0.871199651377175,0.17439401912020402,-195.39871673505263,0.4070692659751831
11.425,2.248035635012973,2.078260751211225,0.8481050923720114,0.1697748838017481,-5080.366635152682,0.8722679660860262
11.43,2.24810382392879,2.0827549216961683,0.8259760785960686,0.16534890223262177,-1367.7910171575172,0.6659885212912187
11.435,2.248169853398324,2.086467497314165,0.8077440631095077,0.16170235608415906,1563.1897338941017,0.7107039201060221
11.44,2.248233726426467,2.0901800729321613,0.7895011223648425,0.15805365349430556,-390.79743347288456,0.6875769710745931
11.445,2.248295623285435,2.094088047266895,0.7702711927496964,0.15420757601853996,195.39871673488076,0.15567545574412378
11.45,2.2483556193267,2.097409825451418,0.753963798404182,0.15094579387528162,1953.9871673657462,-0.17259844810127678
11.455,2.248413632251278,2.100731603635942,0.7376450350412459,0.1476820286153364,390.7974334759359,1.8213620882083381
11.46,2.2484696583049444,2.104639577970675,0.7183853439853426,0.14383008033426936,-1758.5884506298753,9.108239817975452
11.465,2.248523707697405,2.108352153588672,0.7000927531372072,0.14017155410873317,-1172.3923004206465,16.70514210729904
11.47,2.2485776647232885,2.112260127923405,0.680822698816594,0.13631753679988368,1563.1897338943847,13.417981434145647
11.475,2.2486349578636338,2.1151911086744555,0.6664542865419785,0.1334438491891783,1758.5884506301174,2.4557210184640184
11.48,2.2486963437238394,2.1190990830091887,0.647221364792468,0.12959726071465072,-5.679794412571937e-10,-2.83345014906911
11.485,2.2487608007313984,2.1228116586271857,0.6289807882387798,0.1259491421042127,-390.79743347458987,-2.578739826617605
11.49,2.248828151027616,2.126915031678656,0.6088006876613166,0.12191311934895976,-1953.9871673675566,-5.47564928297131
11.495,2.24889840285055,2.131213803446862,0.5876592486538293,0.1176845994036877,-2344.7846008380657,-11.041107405843864
11.5,2.2489705078947915,2.1353171764983325,0.5675038371927842,0.11365333139645895,781.5948669486204,-11.962282583795165
11.505,2.2490422885718053,2.138443555966119,0.5522315860989998,0.11059873260568631,1953.9871673641924,-7.450011376589857
11.51,2.24911237321796,2.1419607328673798,0.5349967191115341,0.10715164035058011,976.99358368179,-3.6110729692497197
11.515,2.2491804956125807,2.1452825110519025,0.5187289155924729,0.10389798456067822,390.79743347402484,-2.546317339522486
11.52,2.2492462969857447,2.148799687953163,0.5014724182963519,0.10044660903258196,781.5948669469071,-1.7781641608394807
11.525,2.249309412899907,2.152707662287896,0.4822484304689851,0.09660175061201093,1367.7910171572303,-0.6237267163556002
11.53,2.2493697328808064,2.156224839189156,0.464964389287574,0.09314489369165058,-2344.78460083959,0.1166008871678006
11.535,2.249427262269623,2.1615006045410463,0.438873404208518,0.08792665772857688,-3712.5756179979567,0.3234157412634975
11.54,2.249482057176429,2.165603977592516,0.4186306692742471,0.08387807958391269,1758.58845062928,0.2794623884502361
11.545,2.249534160322616,2.169316553210513,0.4003284315464365,0.08021760711210302,3321.778184525966,0.27650816690541014
11.55,2.249583593288353,2.1732245275452464,0.3810358244064507,0.07635906574310658,-1758.5884506321006,0.4526536642382908
11.555,2.2496303865212752,2.177914096746927,0.3578220243266513,0.07171628977434841,-4298.771768209419,0.6050121535850206
11.56,2.2496746177247458,2.18240826723187,0.3355723917304824,0.06726635049287566,1172.392300423205,0.4920565473298968
11.565,2.249716393519264,2.1855346466996566,0.3201494244130954,0.06418174681960753,3907.9743347342574,0.37317470997777846
11.57,2.249755735497761,2.18885642488418,0.3037372842221281,0.06089931061358067,-1367.7910171600743,0.5535014372526383
11.575,2.24979267337313,2.1933505953691235,0.2814511538455888,0.05644207800400647,-1172.3923004199191,0.8254550581924853
11.58,2.249827319782108,2.19647697483691,0.2659925146886107,0.05335034494519819,2344.784600842027,1.013080255916119
11.585,2.2498597795843103,2.1999941517381703,0.2485701002628063,0.049865627846140015,-586.1961502130065,1.09376078995479
11.59,2.249890196032846,2.2040975247896406,0.2282062541037213,0.04579267124320552,-976.9935836849138,0.9848967360426659
11.595,2.249918725233061,2.207810100407637,0.2097867714992842,0.04210862482542366,2149.3858841052784,0.8569133029823544
11.6,2.2499454580107643,2.2111318785921603,0.1933121440527595,0.03881357941860397,-976.9935836829255,0.8812024762506052
11.605,2.2499704952161177,2.2158214477938407,0.1699911139010173,0.03414904742227698,-2344.784600839874,0.9127191938774022
11.61,2.249993962629166,2.219729422128574,0.1505698831565073,0.03026454050059213,2344.784600840725,0.8789024204248079
11.615,2.2500159707359573,2.223051200313097,0.1340720758589788,0.026964770422860163,1367.7910171543886,0.883704050522776
11.62,2.250036622607245,2.227545370798041,0.1117053172636063,0.022491251809204194,-2735.5820343144014,0.9241895233465778
11.625,2.250056030695,2.2318441425662474,0.0903091664396709,0.01821188812875274,-1953.9871673647808,0.8592013983843776
11.63,2.250074321649052,2.2359475156177178,0.0698854401750695,0.014126806031334205,781.5948669474079,0.6595333223904758
11.635,2.250091599282769,2.2394646925189776,0.0523872912153485,0.01062690676379141,1758.588450631254,0.516115354685124
11.64,2.250107918955985,2.242981869420237,-0.000745014541382,0.007126049535747914,-586.1961502103237,0.5201850734693134
11.645,2.250123336032587,2.2466944450382345,-0.0007420819317689,0.003428890994352507,-2344.7846008427146,0.5053057785176209
11.65,2.250137930643399,2.250407020656231,-0.0007374355244144,-0.0002690900128321516,390.7974334728856,0.4004693721526764
11.655,2.2501517611295268,2.2529472039738083,-0.0007314180788669,-0.0027954428442815704,1953.9871673689754,0.323614243882282
11.66,2.250164862017072,2.2558781847248577,-0.0007243038027648,-0.005713322707785462,586.1961502100396,0.32546697269709624
11.665,2.250177275042961,2.2586137667591712,-0.0007151619023872,-0.008436491716210082,-2.1344703782238393e-09,0.40852535477181506
11.67,2.250189036691249,2.261349348793485,-0.0565059584137686,-0.011160312102235892,-1563.1897338912595,0.5167110910520161
11.675,2.2502002032398627,2.2642803295445346,-0.0710895172671183,-0.014080126304671925,-1758.5884506279901,0.8524506145586424
11.68,2.2502108631912834,2.2668205128621115,-0.083720123731507,-0.01660964967082812,1172.3923004175208,2.0789206800487587
11.685,2.250221062431322,2.268383702596005,-0.0914657171085067,-0.01816264016468283,976.993583681789,3.4319797342165286
11.69,2.2502311939677906,2.2705330884801085,-0.102140750773703,-0.020301894512317897,-781.5948669446348,2.9148614547126592
11.695,2.25024193153802,2.272096278214001,-0.1098802703344757,-0.021854346675981073,8.52423909236677e-10,1.0970459598525408
11.7,2.2502534610005047,2.2734640692311583,-0.1166364841428116,-0.023210608230653573,390.79743347188776,0.12008133893404782
11.705,2.2502657254214107,2.2746364615315784,-0.1224078470897051,-0.024370736110167712,-195.39871673718835,-0.027382018004147746
11.71,2.250278761335385,2.275613455115262,-0.127197313318716,-0.025334693779876627,-586.1961502110308,-0.374106167839213
11.715,2.2502925641628333,2.2763950499822085,-0.1309993640624302,-0.026102485819375243,1.136982064053882e-09,-1.1859784120816153
11.72,2.2503070675904144,2.276785847415681,-0.13284210525021,-0.026478779825266585,781.5948669494666,-2.3999872604464283
11.725,2.25032207365612,2.276785847415681,-0.1327280407295171,-0.026463773759560993,195.3987167360167,-3.8256014602213186
11.73,2.25033719378718,2.276981246132418,-0.1335867047058441,-0.026644052345238034,-1.4210854715202004e-09,-5.196262903268909
11.735,2.2503518539140104,2.276590448698945,-0.131517182623859,-0.0262385947849344,-1.1368683772161603e-13,-6.801516991004351
11.74,2.250365314324222,2.2763950499822085,-0.1304310484459214,-0.026029735657986386,-390.7974334737386,-9.991974642673965
11.745,2.250376708673601,2.2758088538319985,-0.1274004238347637,-0.025432145158397645,586.1961502090132,-15.256853400268431
11.75,2.2503846276845496,2.275027258965052,-0.1234083653162271,-0.02464263128050259,976.993583683819,-20.445723412195363
11.755,2.250386645960249,2.2740502653813683,-0.1184719639169033,-0.023663619421119275,-390.79743347256056,-22.270135967804585
11.76,2.2503798770147623,2.2734640692311583,-0.1155360034122034,-0.023084192216396016,-586.1961502106075,-19.433632645019223
11.765,2.2503612200505425,2.272291676930738,-0.1097293661873411,-0.02193045688019568,195.39871673630074,-17.070442538057065
11.77,2.2503287921788924,2.2713146833470548,-0.1049704183929263,-0.020985891168162407,586.1961502100393,-20.75777725906481
11.775,2.2502809973118363,2.269946892329898,-0.0983357914558641,-0.019665895018061708,390.7974334734546,-26.62612896614405
11.78,2.2502143027344017,2.268774500029478,-0.0927749852523615,-0.018560197295076186,-1172.3923004183735,-32.82200805216603
11.785,2.2501252199668715,2.267602107729058,-0.0873279828777239,-0.017476887762186255,-976.9935836817882,-41.14958529783229
11.79,2.2500097825523238,2.266234316711901,-0.081037250457205,-0.016224534159577253,1367.7910171534334,-41.348742674899924
11.795,2.249861066007596,2.2640849308277984,-0.0710049814351838,-0.014223864820202436,586.1961502068784,-32.15823393361694
11.8,2.249674082047361,2.2627171398106416,-0.0650743578109619,-0.013043057763280519,-1172.3923004175554,-34.50176039936258
11.805,2.2494471866913344,2.2607631526432748,-0.0564130274432475,-0.011315965951940399,195.39871673800562,-49.02636275091001
11.81,2.24917504298558,2.258809165475908,-0.0479796626068779,-0.009634122490327801,1758.5884506295497,-48.55590825059363
11.815,2.248849080257688,2.256464380875068,0.0002148685067383,-0.0076153006173802495,781.5948669469085,-25.10602804250209
11.82,2.24846363900423,2.254705792424438,0.0002363037559823,-0.006242153420207952,-781.5948669469086,1.05444478919037
11.825,2.248018190798406,2.2529472039738083,0.0002569024348735,-0.004929013175402286,-195.3987167365088,12.252890182122655
11.83,2.247514764075268,2.2511886155231777,0.0002756816976505,-0.0036738514479095485,6.394884621839902e-12,7.120370470090393
11.835,2.246955572758277,2.249430027072548,0.000291855267704,-0.0024744543142709574,-586.1961502101087,-1.3164945352582151
11.84,2.2463406710888765,2.2480622360553912,0.0003059442835789,-0.0017215649665147659,586.1961502080502,1.0864854036187808
11.845,2.245668346507772,2.245912850171288,0.0003172154962787,-0.00024450366351613795,390.79743347260205,8.02997910142301
11.85,2.24494004355052,2.244740457870868,0.0003262324664386,0.0001995856796517259,-390.79743346975965,9.66672468990788
11.855,2.2441575985322944,2.242981869420237,0.0003311457229026,0.0011757291120573221,-2.8458657652663533e-10,11.63057086216702
11.86,2.2433209114393,2.241614078403081,0.0003327760084097,0.001706833036218658,-195.39871673971138,11.472020448479952
11.865,2.2424329955565336,2.2402462873859244,0.0003317799171514,0.002186708170609286,195.39871673857473,7.109326764407911
11.87,2.2414949053260784,2.238683097652031,0.0003275325646489,0.0028118076740475395,390.7974334750901,11.086429438794767
11.875,2.2405060096009386,2.237510705351611,0.0003218343629828,0.0029953042493278126,-2.2737367544323206e-09,24.224205377551044
11.88,2.23946913453762,2.2361429143344544,0.0003149754819859,0.0033262202031654198,-195.39871673736866,37.32591388736569
11.885,2.238387727094948,2.2351659207507706,0.0003071880575245,0.003221806344177569,-586.1961502080496,41.15085761640262
11.89,2.237267823279302,2.2339935284503505,0.0002986577982913,0.003274294828951696,-195.3987167368693,30.143693940376025
11.895,2.236115473952449,2.2330165348666675,0.0002883831114088,0.003098939085781627,976.9935836817881,21.288994825568295
11.9,2.234932122408742,2.2316487438495107,0.0002778630422388,0.0032833785592312204,390.79743347402314,30.073839101306433
11.905,2.2337193938673825,2.230867148982564,0.0002671466672388,0.0028522448848185,-781.5948669463405,39.89128378037995
11.91,2.2324833209207644,2.2300855541156173,0.0002562732475748,0.002397766805147139,195.39871673601675,35.71918820512279
11.915,2.231229560678849,2.2291085605319343,0.0002452741921797,0.002121000146914742,195.39871673789557,27.662249293036943
11.92,2.2299613100991498,2.228522364381724,0.0002353247880315,0.0014389457174259768,-781.5948669463469,24.588350022157776
11.925,2.2286816935750537,2.227936168231514,0.000225064945049,0.0007455253435395548,-3.254001512686955e-10,23.631636592531127
11.93,2.227393752193191,2.2271545733645675,0.0002145567509991,0.0002391788286235652,586.1961502103238,22.26783238796881
11.935,2.22610038090602,2.2265683772143574,0.0002026997162631,-0.00046799630833760375,-1.4211707366484916e-09,20.377456000632012
11.94,2.2248042788394806,2.225982181064148,0.0001920639286423,-0.0011779022246671822,-586.1961502097554,17.694874235303946
11.945,2.2235078905041346,2.225591383630674,0.0001812549788817,-0.0020834931265394374,-195.39871673459555,13.913060998050014
11.95,2.22221326749402,2.225005187480464,0.0001714576592412,-0.0027919199864441246,586.1961502099699,8.82368383599627
11.955,2.220921917243633,2.2244189913302543,0.0001613194838649,-0.0034970740866211436,390.7974334726711,6.92893269160882
11.96,2.2196346312178057,2.2240281938967805,0.0001520587837318,-0.004393562678974838,-195.39871673878937,17.178846743209878
11.965,2.2183512848083518,2.223637396463308,0.0001435000637933,-0.005286111654956294,-390.79743347402257,29.616848733554804
11.97,2.2170752989435307,2.223441997746571,0.0001355029280105,-0.006366698803040194,-195.3987167334587,13.88762126566722
11.975,2.2158131720450336,2.223051200313097,0.0001279550595523,-0.007238028268063523,1.1368683772171943e-09,-30.00062079536428
11.98,2.214564887519928,2.2228558015963604,0.0001196164451218,-0.008290914076432454,-2.2737367544325712e-09,-63.26975995961244
11.985,2.213321466574944,2.2224650041628875,-0.0456058925459738,-0.009143537587943396,-1.4210854715207356e-09,-69.59101208395003
11.99,2.2120733963262023,2.222269605446151,-0.0508766572069305,-0.010196209119948563,-195.3987167348797,-64.56007426123976
11.995,2.210812898638124,2.221878808012677,-0.055232234240535,-0.011065909374552874,-390.79743347167965,-57.46331995252535
12.0,2.20953123435027,2.2216834092959403,-0.0606703728644127,-0.012152174945670335,-195.39871673832494,-58.001974874461666
12.005,2.2082229081603115,2.2210972131457307,-0.0642864716777929,-0.012874304985419194,-195.39871673807568,-69.14231301069042
12.01,2.206880938272178,2.2207064157122574,-0.0690466928428017,-0.013825477440079226,-195.39871673487966,-72.52491958979928
12.015,2.205493493166633,2.21992482084531,-0.0720782809893241,-0.014431327678677164,195.39871673743795,-72.53174574373435
12.02,2.204053365778916,2.219143225978364,-0.0753705128363435,-0.015089860199447802,390.7974334706122,-75.29184399999446
12.025,2.2025521287374983,2.218166232394681,-0.0779902353597168,-0.015614103657182632,390.79743347345413,-50.95594830095433
12.03,2.20097598512474,2.217189238810997,-0.0809813392133538,-0.016213253686256923,-586.1961502071975,-26.134334490564925
12.035,2.1993235230289074,2.2162122452273136,-0.0843526644210447,-0.016888722198406203,-976.9935836834937,-73.98640975111812
12.04,2.1975978403613494,2.2152352516436307,-0.0880878454784813,-0.017637411282281246,1172.3923004177423,-150.97057524078565
12.045,2.1957815417063697,2.2134766631930005,-0.0883640342115181,-0.01769512148663077,1172.392300420016,-142.5886915490094
12.05,2.1938449450789923,2.2123042708925804,-0.0921728656956721,-0.018459325813588112,-976.993583682281,-67.66533452527233
12.055,2.1917752141946445,2.2111318785921603,-0.0966452058554765,-0.01935666439751582,-586.1961502117447,-39.97647128386666
12.06,2.189574710586121,2.2095686888582677,-0.0998168425412658,-0.019993978272146773,-195.3987167382902,-74.2207452026413
12.065,2.1872368751592064,2.2082008978411105,-0.1046505178008361,-0.020964022681904115,-586.1961502080503,-101.78151214831041
12.07,2.1847471604114506,2.2064423093904804,-0.1082906115354256,-0.0216951489790298,390.797433476013,-100.4725341084661
12.075,2.1820923038548528,2.204488322223113,-0.1117779276414214,-0.02239601836826033,1563.1897338917997,-90.57965960764716
12.08,2.1792605130428333,2.2023389363390105,-0.1151717269695481,-0.023078423296177153,390.79743347140055,-60.626476025048646
12.085,2.176241027747474,2.200384949171643,-0.1204800367210151,-0.02414392142416899,-2540.1833175762786,18.57118380358895
12.09,2.173024188820661,2.19882175943775,-0.1287306376551573,-0.025797570617088983,-1367.7910171578008,77.60161832834865
12.095,2.1696224203610472,2.1962815761201737,-0.1330186965418187,-0.026659155759126474,1563.189733892965,3.3128049875588204
12.1,2.166056758928738,2.1933505953691235,-0.1361716058499655,-0.027293836440385633,586.1961502108929,-145.76031456699036
12.105,2.1623140833139,2.190810412051547,-0.1421630714184251,-0.02849632873764696,976.9935836846305,-199.16818150051927
12.11,2.158361536172051,2.1874886338670234,-0.1452955188314469,-0.02912709769497246,1758.5884506309706,-98.68647095857534
12.115,2.154170256291465,2.184557653115973,-0.1515752959409125,-0.030387396824508084,-1563.1897338935335,60.128296778433764
12.12,2.1497393523691,2.1822128685151334,-0.1619850672384734,-0.03247351614603344,-1758.5884506312486,152.88661220252595
12.125,2.145092252822784,2.179281887764083,-0.170544400327421,-0.03418963494129912,1563.1897338907038,150.18661262530838
12.13,2.1402503358166616,2.17596010957956,-0.1781234850861848,-0.03570977376289841,195.39871673631285,85.0874513956444
12.135,2.135232959520059,2.1732245275452464,-0.1895105682789148,-0.03799156802518722,-2344.78460083902,2.8737914976780985
12.14,2.1300446731273643,2.170293546794196,-0.2007761355126706,-0.04024887366683183,390.7974334731708,-42.346009552435476
12.145,2.1246774638346864,2.1665809711762,-0.2090256341475121,-0.04190350734151371,1953.9871673681232,-43.243206939395805
12.15,2.119125238092704,2.162868395558202,-0.2182014984970897,-0.04374315746549806,-195.39871673573285,-17.497726616681234
12.155,2.1133834197571133,2.159742016090416,-0.2312550330206726,-0.04635859633330286,-195.39871673743673,46.65949534995741
12.16,2.107448787505742,2.155638643038946,-0.2403878005284976,-0.04818985553320365,-195.39871673715254,115.7706994931159
12.165,2.101333329560723,2.1525122635711598,-0.2553086193221575,-0.051178934010436716,-390.7974334747994,105.37517864702193
12.17,2.095061980861828,2.1484088905196894,-0.2661253882057866,-0.053346909657861374,1172.3923004185935,26.942832165279697
12.175,2.088642963945006,2.1446963149016924,-0.2796345065777821,-0.05605335095668629,390.7974334736751,-26.108461945394993
12.18,2.082070193339609,2.140788340566959,-0.2929365669539017,-0.05871814722735014,-1758.588450629834,-29.378776097530476
12.185,2.075339265742133,2.137466562382436,-0.3099624769172454,-0.06212729664030325,8.529300291263663e-10,-2.993673638515247
12.19,2.068447316477139,2.133167790614229,-0.3229101944003794,-0.06472047413708992,2344.7846008412944,78.88706292817426
12.195,2.061392856176003,2.129064417562759,-0.3376487943284046,-0.06767156138675601,-1563.1897338918286,177.34354117409032
12.2,2.05419035660078,2.125547240661499,-0.3560607884821414,-0.0713568840607186,-3126.379467787696,125.78100258603513
12.205,2.0468826223095453,2.1218346650435023,-0.3740248864754722,-0.07495204273395695,3712.5756179912623,-51.88033695559437
12.21,2.039476657251704,2.116363500974876,-0.3836895351232554,-0.07688684372317223,4103.3730514689505,-96.72873800305172
12.215,2.0319343451453458,2.1126509253568786,-0.4028295823665999,-0.08071658021153283,-2149.3858841001625,15.34717499197501
12.22,2.0242543380929594,2.1093291471723554,-0.4246138185471454,-0.08507480907939602,-3126.3794677876344,110.74640428120773
12.225,2.016451295945401,2.1056165715543584,-0.4450606246679336,-0.08916527560895737,-2344.784600840725,130.67892081125467
12.23,2.0085387462995365,2.1022947933698357,-0.4680112109128616,-0.09375604707029916,195.39871673914126,38.00982337793266
12.235,2.000544221113992,2.097605224168155,-0.4845322238229249,-0.09706100305416276,4103.373051468853,-118.54696399183786
12.24,1.9924605607922463,2.092915654966476,-0.5014996658158498,-0.10045509417422949,2344.784600839306,-141.1174702744288
12.245,1.984251130474497,2.088812281915005,-0.5220275412613214,-0.10456115144050804,-1367.7910171540366,28.961285175114767
12.25,1.9759012346070968,2.0852951050137447,-0.5461892073832815,-0.10939387040664794,-1758.5884506327113,236.63966142095768
12.255,1.9674309065566384,2.081582529395748,-0.5699764265785999,-0.11415162283910973,-3.608420229284093e-10,300.51265863524856
12.26,1.9588897290292635,2.078065352494488,-0.5950951953355799,-0.11917562346522437,976.993583686619,177.44890227164052
12.265,1.9503201890218436,2.074157378159754,-0.6184020362001388,-0.12383718913791064,-781.5948669474772,7.502064822802879
12.27,1.9417265567173811,2.0712263974087044,-0.6467145039680977,-0.12949984069132325,-586.1961502123115,-57.43934988601333
12.275,1.9330964267723807,2.067513821790708,-0.6713016436038364,-0.13441739501832717,976.9935836820732,-0.08241810576359399
12.28,1.924419219736273,2.063996644889448,-0.6971012886786515,-0.13957742515317495,-1367.7910171552414,80.69321625669397
12.285,1.915702180458364,2.0610656641383978,-0.7260311768334107,-0.1453634836800337,-781.5948669426446,83.95984025412847
12.29,1.906967635667833,2.0573530885204008,-0.7511406991124481,-0.15038545285256788,2540.183317575147,53.9705603006298
12.295,1.8982181432960503,2.053445114185668,-0.7753480304307888,-0.15522697088961768,195.39871673221043,60.39438546480278
12.3,1.889455764352312,2.0505141334346177,-0.8045048143007085,-0.16105836908230575,-1953.9871673646865,48.65787394293041
12.305,1.88069828584574,2.047192355250094,-0.8316831502361326,-0.16649406940435418,-390.7974334708971,22.431200689540407
12.31,1.8719440001751813,2.043675178348834,-0.8578685615427669,-0.17173117817365258,195.39871673573197,49.22062103418652
12.315,1.863191265981376,2.0403534001643107,-0.885023235557296,-0.17716213418293458,390.7974334731707,87.14387728758948
12.32,1.8544547743371276,2.036445425829577,-0.909165737279364,-0.18199065149244942,-1367.7910171555266,52.235490386178235
12.325,1.8457463043239928,2.033123647645054,-0.9360991285620104,-0.18737734332106104,-1563.1897338939496,-93.48044634433525
12.33,1.8370752307154383,2.0292156733103206,-0.9599145706427932,-0.19214044259488228,3321.7781845205786,-248.88711305009485
12.335,1.8284156363639728,2.024135306675167,-0.9778106657936934,-0.19571967031119408,2930.9807510480873,-211.44717684646628
12.34,1.819711888863769,2.0204227310571703,-1.0027664904602012,-0.2007108421934014,-1953.9871673661332,-27.56795147178346
12.345,1.8109503749882727,2.0167101554391738,-1.028011153952078,-0.20575978045090104,-976.9935836817875,62.043661927762486
12.35,1.8021533016052729,2.0129975798211768,-1.0534336205405943,-0.2108442782159039,1367.7910171577996,37.505026164128694
12.355,1.7933229522454175,2.008894206769707,-1.0770684842933236,-0.21557125452428938,-2.843307811417617e-10,-0.6073831517034591
12.36,1.784461512601878,2.0059632260186566,-1.1067207645244117,-0.2215017134167787,-1172.3923004209305,-33.08583686021338
12.365,1.7755708731615714,2.0020552516839234,-1.1316340786671917,-0.22648437852235204,-2540.1833175764577,-26.209583431865667
12.37,1.7666359144704329,1.99931966964961,-1.1626309528432488,-0.23268375517917717,-781.5948669470705,13.924510511483277
12.375,1.7576610518998736,1.9950208978814032,-1.1860125497283862,-0.2373598459815296,3712.575617993686,48.068252789907305
12.38,1.7486502976275022,1.99052672739646,-1.2085963829642268,-0.24187642976895773,390.7974334709571,59.41800680941158
12.385,1.7396074129708368,1.9870095504952,-1.236224503020383,-0.24740213752436313,-2735.5820343127602,-34.004486638250214
12.39,1.7305527303258823,1.9832969748772031,-1.2629347031784743,-0.25274424455132083,2540.183317579016,-163.48949215399466
12.395,1.7214693743812692,1.978412006958786,-1.28392752548793,-0.2569426325775168,2735.5820343141804,-66.2895683939345
12.4,1.7123092080789315,1.9748948300575264,-1.3121431782360975,-0.2625856219785949,-2540.18331757873,187.22989937743617
12.405,1.7030834466390177,1.9717684505897397,-1.342640652690957,-0.26868500395072203,-1953.9871673669873,228.72719719175626
12.41,1.693853441318256,1.9680558749717427,-1.3702282528801617,-0.27420243365348673,-195.39871673374375,39.10445569772746
12.415,1.684636859643459,1.9645386980704824,-1.3987256380881488,-0.2799018384270233,-976.9935836821826,-121.9225056439347
12.42,1.6754141572410477,1.9608261224524857,-1.4262765610824646,-0.28541196521143797,1172.392300416169,-188.50945791371782
12.425,1.666168717850288,1.956527350684279,-1.4510101304530232,-0.2903586328339911,2540.1833175747242,-173.89386991568443
12.43,1.6568694333416627,1.9522285789160725,-1.4760128791613507,-0.2953591455744098,-195.39871673459612,-38.893300367137584
12.435,1.6474905118015972,1.9489068007315489,-1.5062987439440494,-0.30141628892995165,-1172.392300419226,127.69899009499093
12.44,1.6380453757501854,1.944803427680079,-1.5330076773477497,-0.3067580519298936,-976.9935836834934,181.33494081866678
12.445,1.6285633481970163,1.9414816494955556,-1.563809018914168,-0.31291830129853926,-390.7974334723161,103.87504720171353
12.45,1.6190696834567102,1.9373782764440857,-1.5907605531369051,-0.31830859298737546,1563.1897338925414,-14.949837325537715
12.455,1.609568561977364,1.9332749033926155,-1.6177493558991274,-0.32370634141525145,976.9935836822449,-80.94709473198108
12.46,1.600046231508436,1.9295623277746183,-1.6467981786520582,-0.3295160962661823,-976.9935836816489,-83.91379280852387
12.465,1.5904912033053151,1.9258497521566216,-1.6760116305361294,-0.33535854885130645,-195.39871673743772,-33.25331793774791
12.47,1.5808940728106375,1.922332575255362,-1.7064123496699806,-0.3414385024447244,1172.3923004180883,114.05601838334002
12.475,1.5712473583880606,1.918229202203892,-1.7341286672990917,-0.3469818438158314,-1172.3923004186565,271.7535397047852
12.48,1.5615799540453734,1.9154936201695785,-1.7687886176196534,-0.35391366612420505,-2930.9807510487753,211.13834686589263
12.485,1.5519510832439842,1.911585645834845,-1.797393770975888,-0.3596345625908608,195.39871673601522,-50.44408482092947
12.49,1.5423756287523482,1.907873070216848,-1.826708702162447,-0.3654974414644998,2149.3858841044253,-218.81633942968836
12.495,1.5328135162199514,1.9029881022984316,-1.850094854687039,-0.3701745860784802,195.39871673807573,-202.22412526433146
12.5,1.5232306528467414,1.899666324113908,-1.881400624194225,-0.3764356712671666,1367.7910171546323,-150.57013400651078
12.505,1.5136158409765292,1.8945859574787545,-1.9040731252205203,-0.38097011650222523,2344.784600838951,-69.95167329536491
12.51,1.503942802203289,1.8910687805774944,-1.934852654461224,-0.38712597837420537,-1953.987167365566,86.08131034663512
12.515,1.4942074873797184,1.887747002392971,-1.9669205135611003,-0.39353951501325257,-4298.771768207713,182.718092113996
12.52,1.4844421251486952,1.884425224208448,-1.999138574517314,-0.3999830990597528,-1172.3923004209319,107.17349908816809
12.525,1.474674536739862,1.8805172498737144,-2.0284367574667828,-0.40584271313385245,3712.5756179976747,-60.64015712781044
12.53,1.464911339775074,1.8754368832385613,-2.051850999178135,-0.41052554346348735,2735.5820343147493,-132.50423298928456
12.535,1.4551241625560478,1.871724307620564,-2.0822240792338205,-0.41660014506451626,-1172.3923004183746,-20.23270725999251
12.54,1.4452898059252972,1.8678163332858309,-2.11185604835434,-0.42252652736053364,-976.9935836840273,126.14622543792937
12.545,1.435423860595287,1.864103757667834,-2.1426229430267543,-0.42867989707254717,-390.79743347537317,129.1605075590465
12.55,1.425557290892102,1.8603911820498371,-2.1733929503425724,-0.4348338911577352,-781.594866947088,28.347807680669536
12.555,1.4156997770830169,1.8566786064318408,-2.2041188209697475,-0.44097882934882393,195.39871673573214,-40.098761766386396
12.56,1.4058429551830538,1.8527706320971076,-2.2338640025332834,-0.4469276769140538,1758.5884506309696,-30.042336153710945
12.565,1.3959802598269186,1.848667259045637,-2.262660218886685,-0.45268699921871836,390.7974334760103,45.36687783740882
12.57,1.3861067000363831,1.8451500821443767,-2.294441817197125,-0.45904338210799356,-2149.385884101299,124.76208980359985
12.575,1.3762352664908384,1.8418283039598533,-2.327190991253313,-0.4655930374690149,-586.196150211771,106.90814896149276
12.58,1.366393892329927,1.83792032962512,-2.356858708185068,-0.47152643729519306,586.1961502046179,7.163787994393843
12.585,1.3565895591645762,1.834012355290387,-2.386341076578849,-0.47742279612581084,-781.5948669470051,-60.972807700614155
12.59,1.3468114402126476,1.8304951783891268,-2.417646246224744,-0.48368373817647914,976.9935836863359,-68.24698293656368
12.595,1.3370503016361337,1.8258056091874464,-2.4430044606129573,-0.4887553075513127,1953.9871673669868,-56.87380529139359
12.6,1.327298370876844,1.82209303356945,-2.4732015303306567,-0.4947946626926061,-1.1362999430275522e-09,-29.96037288596626
12.605,1.3175492469225705,1.8181850592347168,-2.5024075136373445,-0.5006358123121464,-390.7974334743076,42.3647474718839
12.61,1.3077978105172248,1.8146678823334568,-2.5335789993249627,-0.506870071816232,-195.39871673630256,135.62933660708646
12.615,1.298056434651001,1.8111507054321965,-2.5646989945237006,-0.5130942707811954,-390.79743347061367,212.12957458474438
12.62,1.2883521238812616,1.8078289272476729,-2.596612007908748,-0.5194768033664112,-1367.791017155574,289.40183214477827
12.625,1.278707494158032,1.8045071490631492,-2.628226545969453,-0.5257996549051172,-2540.183317579625,270.0146154003794
12.63,1.269173440543536,1.801185370878626,-2.659288147413056,-0.5320119303350901,390.79743347334454,40.5315592872069
12.635,1.2597918272758084,1.7968865991104197,-2.6847025343456528,-0.5370947718346113,3321.778184525356,-201.55702954796806
12.64,1.2505317751194551,1.7921970299087393,-2.70755509266701,-0.5416652547892842,976.9935836834936,-240.8846930951919
12.645,1.2413499655636175,1.7886798530074792,-2.735878370778294,-0.5473298874438617,-1.421199158357922e-09,-157.3098803949396
12.65,1.2322255705794676,1.7841856825225362,-2.7590295851450435,-0.5519601119430686,-8.527649697498418e-10,-52.84878100156138
12.655,1.223141024328364,1.7808639043380126,-2.787842348814684,-0.5577228800096485,-1953.9871673658495,21.469363281454292
12.66,1.2140975170431785,1.7771513287200158,-2.814496145820022,-0.5630538116768373,-586.1961502089023,-23.102577852256303
12.665,1.2051121547890462,1.7734387531020193,-2.840859389936213,-0.568326598312973,976.993583682918,-121.01398484631842
12.67,1.1961690838738692,1.7691399813338122,-2.864081484579306,-0.572970897459943,-1172.392300421437,-136.96074443502218
12.675,1.1872402543678091,1.7658182031492888,-2.892117220313584,-0.5785779487814797,1.131035544089481e-09,-112.94359366884042
12.68,1.1783192570866936,1.761128633947609,-2.9132735938522067,-0.5828093768609155,2540.183317578165,-89.86864975370288
12.685,1.1693883623202237,1.756829862179402,-2.936433595356676,-0.5874414998591784,-390.7974334740228,-24.727385693664118
12.69,1.1604350930879828,1.7531172865614053,-2.962636572638421,-0.5926821934734225,-1563.1897338938193,46.35269714981761
12.695,1.1514666099965332,1.7490139135099352,-2.9869617302067373,-0.597547303513402,781.5948669488992,77.27951703657354
12.7,1.142491864492043,1.7447151417417284,-3.010341284782889,-0.6022232772496854,1172.392300420086,100.7061770311924
12.705,1.1335213500938874,1.7408071674069951,-3.0356525836559576,-0.6072858173131077,-390.79743347664504,144.26363977407294
12.71,1.1245668508159077,1.736703794355525,-3.059907093633272,-0.6121369435396173,-1367.791017156379,166.9005393083091
12.715,1.1156532887893176,1.7333820161710016,-3.087865115919416,-0.617728727381684,586.1961502108915,134.21989707638497
12.72,1.1068043156993572,1.7286924469693217,-3.108661417821468,-0.6218881312699645,390.7974334717485,82.51068920700047
12.725,1.098029326622132,1.7253706687847985,-3.135926898253498,-0.6273413421626666,-1172.3923004195103,52.86823344747023
12.73,1.089338479039465,1.7212672957333282,-3.158863811684297,-0.6319288166938632,976.9935836849147,81.35108709553276
12.735,1.0807319742815376,1.717163922681858,-3.1813791028364355,-0.6364319484003205,1367.791017156096,156.3554063149361
12.74,1.072222209069678,1.7132559483471248,-3.204387763317949,-0.6410337392774468,-195.39871673601647,184.5783799969126
12.745,1.0638425828546298,1.7097387714458647,-3.2286997747635957,-0.6458961885912349,-390.7974334731006,150.94548782970747
12.75,1.0556118611963117,1.706026195827868,-3.251290316866569,-0.6504143346315563,-976.9935836859481,111.175920628315
12.755,1.047545730721403,1.7028998163600813,-3.275990071583101,-0.6553540856386784,-390.79743347239423,85.82738014436495
12.76,1.0396583809071955,1.6991872407420845,-3.296864742308893,-0.659528859834889,1367.7910171580847,104.62501612438041
12.765,1.031952593802491,1.6956700638408244,-3.3178084331219067,-0.6637174700383335,586.1961502089036,144.18496269059267
12.77,1.024447595582474,1.692348285656301,-3.338723894976176,-0.6679006900738271,-1563.1897338932476,131.175321025558
12.775,1.0171677971140154,1.689417304905251,-3.360467472904659,-0.6722495077912356,-2735.5820343130426,67.32889177940183
12.78,1.0101236901848374,1.6860955267207276,-3.379079858260916,-0.6759718365358902,-976.9935836832104,-16.259435421094963
12.785,1.0033225159770016,1.6825783498194673,-3.3955004381001817,-0.6792558338424657,2930.980751051902,-77.89732892590723
12.79,0.9967539936060654,1.6776933819010509,-3.4039175348480586,-0.6809393882949855,1953.9871673667662,-69.96335547470812
12.795,0.9904004909560288,1.6741762049997908,-3.418098623180164,-0.683775714043762,-1367.791017158917,-40.80201117873014
12.8,0.98426060851723,1.6700728319483205,-3.428280737787384,-0.6858122234310905,390.7974334747935,-47.45124868278151
12.805,0.978331758695622,1.666164857613587,-3.438384769358219,-0.6878330989179651,1563.1897338949536,-56.486168270740905
12.81,0.9726027329071566,1.6618660858453804,-3.445535762768684,-0.6892633529382238,-1953.9871673681241,-65.61698902956584
12.815,0.9670688679470985,1.6589351050943304,-3.4585499624610603,-0.6918662371472319,-1563.1897338949534,-102.07131399127934
12.82,0.9617238806075724,1.6546363333261238,-3.463780863235525,-0.6929124527185514,1758.5884506321079,-120.22635920388927
12.825,0.9565462017214288,1.6505329602746537,-3.469152250743188,-0.6939867585532249,195.39871673906686,-102.35913751368366
12.83,0.951521980304486,1.6468203846566567,-3.4757115165651853,-0.6952984043521707,-586.1961502129936,-94.59496587539115
12.835,0.9466435336594072,1.6427170116051868,-3.479586563835212,-0.6960734779457796,781.5948669452733,-94.3339383580983
12.84,0.941894672860384,1.638613638553717,-3.482813746014563,-0.6967189656933329,195.39871673857544,-102.86801956425978
12.845,0.937266268795162,1.6349010629357197,-3.4873926830039568,-0.6976347941405577,586.1961502103228,-140.48363699914057
12.85,0.932747624336908,1.63079768988425,-3.489470026000326,-0.698050065547342,586.1961502103228,-138.53566218103282
12.855,0.9283115391091268,1.6272805129829897,-3.494065356402888,-0.6989689738738629,-1367.791017156095,-64.52256123353408
12.86,0.9239403510970592,1.6239587347984663,-3.499311886396744,-0.7000183837014071,-1953.9871673672706,-33.37189804384124
12.865,0.9196408089391208,1.6204415578972062,-3.503223297365042,-0.7008007489580854,-781.5948669460558,-94.46432727344634
12.87,0.9154083305796036,1.6167289822792097,-3.505822478820571,-0.7013206516996061,1172.3923004195165,-152.8955820143196
12.875,0.9112207063871004,1.6124302105110029,-3.5052676253002257,-0.7012095041239025,2344.7846008371757,-150.55180728368276
12.88,0.9070570984572666,1.6083268374595328,-3.5055683570187504,-0.7012697390022662,1367.7910171563856,-102.03442072563048
12.885,0.9028983358710508,1.6044188631247993,-3.506821944137527,-0.7015205272537485,-2344.7846008375996,-48.53341085905194
12.89,0.8987361029227675,1.601097084940276,-3.511023934645418,-0.7023609820175084,-3907.9743347322683,-54.00332309534735
12.895,0.8945716629702469,1.5977753067557523,-3.5152381669965083,-0.7032036437855054,2149.385884101582,-118.50627425389484
12.9,0.8903968105652457,1.5926949401205992,-3.510711334654633,-0.7022981295553535,4298.771768205154,-143.04533810204654
12.905,0.886186684361593,1.588591567069129,-3.5112445413028217,-0.7024048827075361,-1563.1897338918263,-79.80981326938166
12.91,0.8819207151104471,1.5852697888846057,-3.5159650493457546,-0.7033490737741586,-1758.5884506278442,-14.530471106440103
12.915,0.8776003547069872,1.5811664158331356,-3.517050778433392,-0.7035660611261484,1563.1897338928607,-10.936335845271202
12.92,0.8732280067451026,1.577258441498402,-3.5193732804312985,-0.7040304347532995,390.79743347138844,-15.572086585676857
12.925,0.8687981435353211,1.573741264597142,-3.523937219063626,-0.7049431210618209,-976.9935836835356,24.95824560323649
12.93,0.8643077491333668,1.5702240876958822,-3.5288037122388745,-0.7059163385625153,-781.5948669463405,76.80459281317891
12.935,0.8597644787600127,1.566706910794622,-3.5339345041367665,-0.7069424320346094,-781.5948669466248,78.20057700115905
12.94,0.8551849005208431,1.563189733893362,-3.5392467704562507,-0.708004833372519,586.1961502097555,45.327276137360386
12.945,0.8505761649738732,1.5592817595586286,-3.5427507842213823,-0.7087055945847553,1172.3923004220683,49.84406355675003
12.95,0.8459376614845324,1.555373785223895,-3.5464035961575777,-0.7094361237393625,-390.7974334717827,86.29384765569357
12.955,0.8412785294530403,1.5520520070393715,-3.5530904983229488,-0.7107734775863312,-2.69579913947382e-09,85.7350284570651
12.96,0.83661587608799,1.5479486339879014,-3.555887006235272,-0.7113327578999113,195.39871673591261,46.37665858551995
12.965,0.8319578660451694,1.544626855803378,-3.5625682506022955,-0.7126689897582086,-976.9935836829245,21.650844857391853
12.97,0.8273052793596761,1.5409142801853817,-3.5672683740002094,-0.7136090008257056,-586.1961502111757,30.95862045739815
12.975,0.8226605514088463,1.537201704567385,-3.5719291901127206,-0.7145411531585386,976.9935836826396,65.34110894492412
12.98,0.8180275221444466,1.5332937302326517,-3.575554508319727,-0.7152662080882051,1953.9871673681225,105.08887517659518
12.985,0.8134175441645283,1.5291903571811811,-3.578087567808908,-0.7157728130166529,-781.5948669452025,122.17668555337568
12.99,0.8088479455512464,1.5260639777133946,-3.585304841573768,-0.7172160321621482,-2344.7846008401557,108.32186648045655
12.995,0.8043339331873917,1.5225468008121346,-3.590289961316649,-0.7182128676247429,1367.7910171564272,71.52169929179715
13.0,0.7998887262656286,1.5184434277606642,-3.5919987344522064,-0.7185547014950356,1953.9871673657858,29.376235207227467
13.005,0.7955180403439156,1.514926250859404,-3.596265962581746,-0.7194082105154883,-2149.385884105451,6.938137191862722
13.01,0.7912213859868854,1.5117998713916176,-3.6021182336096165,-0.7205784854047322,-1953.9871673672699,11.316227001144625
13.015,0.7869992418693107,1.5082826944903576,-3.605643786956512,-0.7212834526210469,1953.9871673686919,34.841875096703404
13.02,0.7828528628522085,1.5039839227221508,-3.604882397013246,-0.7211310598699423,1172.3923004209294,57.837312253357766
13.025,0.7787888539905761,1.5006621445376274,-3.6085940094485967,-0.7218732905470513,-781.5948669474778,55.60318695074989
13.03,0.7748179987366944,1.4969495689196308,-3.609885774867867,-0.7221315701829364,586.1961502097552,41.431149067252875
13.035,0.7709447140199653,1.4932369933016338,-3.610689614153403,-0.7222922792816685,195.39871673772208,37.827971412413035
13.04,0.7671723968272941,1.4899152151171104,-3.6129425442276433,-0.7227428182898163,-586.1961502097137,26.821983587192335
13.045,0.7635082531065456,1.486593436932587,-3.614654559935569,-0.7230851838260415,390.79743347111844,4.164857275983309
13.05,0.7599538850954187,1.483076260031327,-3.614840665906344,-0.7231223749359083,-586.1961502110642,0.45718233885560267
13.055,0.7565062932339042,1.4801452792802772,-3.6174238417958193,-0.723638986046373,-1758.5884506292662,16.658832960418067
13.06,0.7531666283983467,1.4768235010957538,-3.6175133713207113,-0.7236568726974071,-390.79743347288735,25.145605378469554
13.065,0.7499392915843799,1.4733063241944937,-3.616064247900023,-0.7233670326101138,1367.7910171563794,16.335671069783018
13.07,0.7468272855690371,1.4693983498597605,-3.612084467915692,-0.7225710642907234,1172.3923004209314,-4.785637252665765
13.075,0.7438323937633511,1.4656857742417635,-3.608496098144237,-0.7218533804784124,-1563.1897338928027,-28.318133841271504
13.08,0.74095219227856,1.4621685973405036,-3.6053112604939694,-0.7212164050619436,-1953.9871673683508,-40.37748012478994
13.085,0.7381808141335644,1.4584560217225064,-3.600606454834456,-0.720275207588942,2540.183317578406,-39.73284809283092
13.09,0.7355130303930738,1.45357105380409,-3.5895203291493907,-0.7180580234110162,3126.3794677882033,-35.53868142134468
13.095,0.7329441752148966,1.4496630794693566,-3.58282456953026,-0.7167189042544599,-1758.5884506312545,-31.92743726060678
13.1,0.7304700670644859,1.4461459025680965,-3.5776090947069337,-0.7156758355036106,-2149.385884103857,-26.565744576460077
13.105,0.7280869383259259,1.4424333269500995,-3.5709617554544857,-0.7143463886241737,1367.791017156663,-15.330071737765138
13.11,0.7257913748555356,1.4381345551818931,-3.5609467802410264,-0.7123431803263576,976.9935836834923,-4.146025794540947
13.115,0.7235825377220754,1.4346173782806328,-3.5544059344225234,-0.7110348405585575,-586.1961502083345,-6.905667035966758
13.12,0.7214616236944851,1.4309048026626363,-3.5464471587270574,-0.7094431789681512,195.39871673768715,-20.83742701819267
13.125,0.7194268273775507,1.427192227044639,-3.5380578880269966,-0.7077653996670884,-586.1961502117105,-27.93814633562863
13.13,0.7174739079142978,1.423870448860116,-3.5312132950648465,-0.7063965409458182,-976.9935836841732,-21.079149474385474
13.135,0.7155989698653336,1.420353271958856,-3.5230018613187286,-0.7047543020935225,390.7974334731707,-11.371518733228868
13.14,0.7138002893686395,1.4164452976241229,-3.512455200540824,-0.7026450082554834,-195.39871673743676,-13.040690233481826
13.145,0.7120778860359496,1.4131235194395992,-3.5044581730114865,-0.7010456334036497,2.840777211968823e-10,-23.85418718233774
13.15,0.7104293965387762,1.4090201463881291,-3.4921836326238687,-0.6985907498493529,976.9935836851982,-29.062027219454478
13.155,0.7088505351991653,1.405307570770132,-3.481516113298861,-0.6964570355709666,-781.5948669454868,-24.30080856370995
13.16,0.7073373752375257,1.4015949951521356,-3.470519876670616,-0.6942576199146099,-1563.1897338929634,-21.403031304886042
13.165,0.7058878553277614,1.3978824195341388,-3.459204121292453,-0.6919945642063774,781.5948669446414,-28.213749761969012
13.17,0.7044999246563242,1.3933882490491956,-3.443672540755322,-0.6888883243928714,2344.7846008366073,-32.406834998539495
13.175,0.7031684433904325,1.3892848759977254,-3.4298127766517497,-0.6861164326072929,1172.3923004206533,-22.434641089674244
13.18,0.7018888310454094,1.3851815029462553,-3.415694879138802,-0.6832926719008459,-1172.3923004178055,-8.480577538421784
13.185,0.700659892552181,1.381859724761732,-3.4052314054977577,-0.6811998322095509,-1172.392300419795,-3.0953271470935704
13.19,0.699481659763692,1.3781471491437352,-3.392559121042731,-0.6786654893800431,-390.7974334728851,-5.7056958883093785
13.195,0.6983537222354679,1.3744345735257386,-3.3796354743478787,-0.6760808512902707,-390.79743347231664,-12.734614263224188
13.2,0.697275315484025,1.371112795341215,-3.3684182521856827,-0.67383747985719,1758.5884506276766,-20.68469029143347
13.205,0.6962442267444048,1.366618624856272,-3.3511025514616346,-0.6703743981118672,781.5948669435045,-23.497093703071556
13.21,0.6952570635921445,1.3636876441052217,-3.3413832298697383,-0.6684305805130772,-1953.9871673649618,-18.73811338210882
13.215,0.6943107213887004,1.3601704672039616,-3.3285288695023003,-0.6658597458152612,-781.5948669443512,-12.24255791640877
13.22,0.6934034069943483,1.3566532903027015,-3.315479407465074,-0.6632498833083532,-8.536744644516148e-10,-11.918232899575855
13.225,0.6925344680549725,1.3531361134014417,-3.302238098053504,-0.6606016453464691,976.9935836815048,-15.922833672875612
13.23,0.6917021031327196,1.3492281390667082,-3.286859955309383,-0.6575260359339886,1367.7910171569483,-15.40891049074898
13.235,0.6909035485103218,1.3455155634487113,-3.27228862362618,-0.6546120149383895,-1172.3923004180901,-10.873448448621062
13.24,0.6901372291735857,1.3423891839809243,-3.260487341606761,-0.6522519548073387,-2149.3858841018673,-10.601166078032861
13.245,0.6894025538442573,1.3386766083629278,-3.245597055072087,-0.6492740545186705,390.79743347215066,-14.028662202482522
13.25,0.6886979116684977,1.3349640327449313,-3.230556759787836,-0.6462661210764336,2735.5820343102837,-13.368601712784894
13.255,0.6880208828907006,1.3304698622599875,-3.21147054879365,-0.6424489793692869,781.5948669458202,-9.18093765589174
13.26,0.6873701219552533,1.327343482792201,-3.199092054165192,-0.6399733608369478,-2149.3858841015817,-9.49359329680999
13.265,0.6867451670479396,1.323630907174204,-3.183653629038365,-0.6368857401262644,-1953.9871673669863,-15.078998660272347
13.27,0.6861446790961966,1.320309128989681,-3.170046920615736,-0.6341644498934843,195.3987167354469,-17.284325831639848
13.275,0.6855659127226773,1.316010357221474,-3.1514466878353167,-0.6304444444987968,2344.7846008418633,-12.249202004710938
13.28,0.6850065040926673,1.3119069841700035,-3.1337267010824297,-0.6269004800773362,1172.3923004206486,-7.102916397770059
13.285,0.6844658355890819,1.307803611118534,-3.115913046626539,-0.6233377755294521,-2344.7846008412953,-6.964245160361671
13.29,0.6839433477426605,1.3044818329340109,-3.101916489562854,-0.6205384851913504,-1758.5884506303269,-8.21668995542943
13.295,0.6834378327307558,1.3001830611658038,-3.082950121482804,-0.6167452284350481,1758.5884506284594,-7.808663005875282
13.3,0.6829482458010159,1.2956888906808604,-3.062927136267953,-0.6127406448798445,2149.385884102948,-6.704015428612706
13.305,0.6824736874577434,1.2913901189126538,-3.0438060151922177,-0.6089164314549104,-1367.791017155242,-6.236076053341158
13.31,0.682013389604728,1.2872867458611836,-3.025590596039092,-0.6052733562564556,-2540.183317576602,-6.824558667659794
13.315,0.6815666957546161,1.2835741702431869,-3.009262302830816,-0.6020074744885707,1953.987167366419,-6.2975749270323576
13.32,0.6811325430777432,1.2779076074578233,-2.983099994633452,-0.5967750643800801,2540.183317577312,-3.271890833787424
13.325,0.6807100330627065,1.2741950318398267,-2.966649460494723,-0.5934849987771202,-1.2306600183364935e-09,-2.0201692183341606
13.33,0.6802994086451343,1.2695054626381466,-2.94525457167504,-0.5892060539930123,390.79743347027147,-4.299326958800748
13.335,0.6799004274911805,1.2657928870201498,-2.92868646743551,-0.5858924595289693,-390.79743347334386,-4.4469890009595545
13.34,0.6795119661376834,1.262080311402153,-2.9120657905775595,-0.5825683452644697,-2344.7846008380266,-0.4599213518475054
13.345,0.6791335797130794,1.2587585332176296,-2.8973487473496014,-0.5796249535045502,-1367.7910171549597,2.951463417275775
13.35,0.6787657685663893,1.2552413563163691,-2.8816018510340613,-0.5764755877499799,1758.5884506302598,3.9626672258920124
13.355,0.6784090298070514,1.250747185831426,-2.860914638371882,-0.5723381560243747,586.1961502080501,4.40740664600991
13.36,0.678063767394669,1.2476208063636394,-2.847010160027372,-0.5695570389689704,-1758.5884506316806,4.224703315714059
13.365,0.6777307404403226,1.2435174333121697,-2.828159315087764,-0.5657866928718471,-195.39871673445217,3.402391097608991
13.37,0.6774103700291689,1.2398048576941727,-2.811198997490355,-0.5623944876650038,1172.3923004212531,3.772885973337651
13.375,0.6771029363162083,1.2353106872092292,-2.790265880379886,-0.5582077508930209,390.7974334691204,5.8062971213248815
13.38,0.6768089788609863,1.231598111591233,-2.7731732429655693,-0.5547891327302465,-8.857625743985409e-10,8.309826808253256
13.385,0.676529390320682,1.227299339823026,-2.753077689545702,-0.550769949502344,1172.3923004234894,10.618674746041734
13.39,0.6762654001872429,1.2233913654882922,-2.7348580587149454,-0.5471259653010493,976.9935836840609,12.757496732689972
13.395,0.676018412280552,1.219483391153559,-2.7165533587153066,-0.5434649788730069,-1563.1897338945275,14.730234879750157
13.4,0.6757902526826846,1.2163570116857725,-2.7020624450781687,-0.5405667590030879,-1563.1897338926801,17.289229541433542
13.405,0.675582759692551,1.2128398347845122,-2.685514174092503,-0.5372570750919612,1172.3923004206463,19.329059399241004
13.41,0.6753982665821909,1.2089318604497787,-2.6668968868266094,-0.5335335938675878,-8.529355000064243e-10,18.399375742178222
13.415,0.6752397217862204,1.2058054809819925,-2.6520578085523083,-0.5305657591957721,-2149.385884104109,19.82639366130948
13.42,0.6751087709451613,1.202288304080732,-2.635126754319125,-0.5271795331355706,781.5948669457725,27.660731629311783
13.425,0.6750076979373023,1.1983803297459985,-2.6160923085390118,-0.5233726318086962,2930.9807510505952,31.120542835217265
13.43,0.674941592165257,1.1942769566945284,-2.595906020825294,-0.5193353645292714,-976.9935836826409,25.95069461378438
13.435,0.6749143488774262,1.1913459759434786,-2.581387372455924,-0.5164316270660524,-3907.9743347342583,25.238885759507554
13.44,0.6749278507853131,1.1878287990422185,-2.563734009567569,-0.5129009482569054,195.39871673672565,31.0392183052968
13.445,0.6749856253012056,1.183725425990748,-2.542928296656659,-0.5087398006895423,4298.7717682089915,29.99661805333301
13.45,0.6750927856910894,1.1790358567890682,-2.518945818799396,-0.5039430710979788,1367.7910171578305,22.863092472920385
13.455,0.6752525664269463,1.1757140786045446,-2.5015389602779377,-0.5004615121775983,-2735.5820343159667,24.74371153823722
13.46,0.6754663935006391,1.1721969017032847,-2.48288468926753,-0.49673050820264564,-2149.3858841036235,36.35694140005381
13.465,0.6757380353471206,1.1686797248020246,-2.4639411946203063,-0.492941689454904,390.79743347515836,47.85782350964689
13.47,0.6760734179255004,1.1645763517505543,-2.4417478957442444,-0.48850293382505394,781.5948669463385,61.09429346622878
13.475,0.6764783890031288,1.1604729786990846,-2.4192065585173026,-0.48399458969595577,390.79743347203384,70.02759752083733
13.48,0.676961716789183,1.1565650043643512,-2.397250354648204,-0.4796032875751681,1953.9871673678397,51.65490009688028
13.485,0.6775347216884373,1.151875435162671,-2.370937729531404,-0.4743407134742337,-586.1961502081921,15.743674425579457
13.49,0.6782013176892077,1.1485536569781476,-2.350996054915233,-0.47035233928893994,-3321.778184523225,3.495090669645492
13.495,0.6789586883031428,1.144841081360151,-2.3286464808038128,-0.4658823930570083,1172.392300418206,18.788577330397686
13.5,0.6798079643000001,1.1399561134417342,-2.299975386866032,-0.4601481491417341,2344.784600838318,36.38887819306689
13.505,0.6807537839379154,1.1360481391070003,-2.27570651751366,-0.4552943551690849,-781.5948669465814,50.169289760969264
13.51,0.6818004451988905,1.1319447660555308,-2.2499575765199658,-0.45014432085664036,390.79743347387875,43.97806134136482
13.515,0.6829563974709474,1.1278413930040605,-2.2236619343571533,-0.4448849955331131,976.9935836830665,1.4865216859051884
13.52,0.6842289296756401,1.1237380199525906,-2.1967831956401995,-0.4395090902769505,-976.9935836839182,-30.190542239695105
13.525,0.6856105069635805,1.120611640484804,-2.174244041912651,-0.4350011335212236,586.1961502108921,-16.81238130459036
13.53,0.6870949042519345,1.116312868716597,-2.1453287006707167,-0.42921796446466254,1.563045527431376e-09,-2.416563146567796
13.535,0.6886859218735751,1.113381887965547,-2.12271911203996,-0.4246959660919719,-2930.980751049629,-8.829216550055037
13.54,0.6903815565464694,1.1102555084977603,-2.098609363922712,-0.41987395195129096,-976.9935836846713,-13.89174276418754
13.545,0.6921802256377844,1.1061521354462902,-2.06909826111788,-0.41397190980850584,586.1961502080085,-1.9039372584455236
13.55,0.6940800573426952,1.10263495854503,-2.0420125044143,-0.40855490120233473,1563.1897338947074,31.291568395277864
13.555,0.6960795265134444,1.09794538934335,-2.0085667416139725,-0.40186586282990555,586.1961502123135,59.593112625722256
13.56,0.6981885027033523,1.0940374150086165,-1.9784815322402212,-0.3958489123052642,-1367.791017156806,54.81226970659054
13.565,0.7004151160689505,1.09032483939062,-1.9487852219218127,-0.3899097233216695,2344.784600838452,6.981459544022982
13.57,0.7027664857410669,1.08504907403873,-1.910649254481432,-0.38228258829766304,1172.3923004197954,-66.8586374321498
13.575,0.7052418065740089,1.0819226945709433,-1.8826405191215096,-0.37668088799693433,-2540.183317576699,-92.36653176394174
13.58,0.7078209879153832,1.0780147202362098,-1.8502057038157804,-0.37019373232082664,781.5948669442265,-44.36928973092779
13.585,0.7104927393911887,1.0739113471847397,-1.816330851639249,-0.36341860779355095,-390.7974334744705,9.993532778127133
13.59,0.713259642694537,1.0703941702834796,-1.7849110669840853,-0.3571345275889426,-2735.5820343131854,38.3494105871323
13.595,0.7161235452307572,1.0670723920989562,-1.7539831564746695,-0.35094884686819905,2540.1833175777374,35.51044211562396
13.6,0.7190924436113066,1.0617966267470662,-1.7127602322879143,-0.34270418313575957,1758.5884506322486,-8.61828412823121
13.605,0.7221725735033021,1.0586702472792793,-1.6817280010693558,-0.33649767377597717,-1953.9871673664181,-53.30441501883115
13.61,0.7253549011078076,1.054762272944546,-1.6462767438374448,-0.3294073718367384,1172.3923004186593,-71.26919523244965
13.615,0.7286312059246953,1.0504635011763392,-1.6084015628833983,-0.3218322952516439,195.3987167372965,-79.63262338691817
13.62,0.7319937107690213,1.0473371217085523,-1.5759573028999758,-0.315343410939531,-1953.9871673663774,-64.29462537914173
13.625,0.7354281732997044,1.0436245460905555,-1.5402222414182882,-0.3081963727908511,195.3987167332251,-21.920773684913684
13.63,0.7389292399715619,1.0397165717558223,-1.503177139794705,-0.3007873317842604,781.594866945605,7.061464330369176
13.635,0.7424991810029505,1.0361993948545625,-1.4677416328589576,-0.29370021385161194,781.5948669490397,2.411944246318228
13.64,0.7461395679417421,1.032096021803092,-1.429022899089646,-0.2859564538613498,-195.39871673630086,-31.605457105427263
13.645,0.7498512904987638,1.0289696423353054,-1.3948324419112017,-0.27911835183654166,-1172.392300421784,-68.0809971913744
13.65,0.7536271066238094,1.0252570667173089,-1.357390525552469,-0.2716299600934995,-4.27180116365219e-10,-61.2610787921185
13.655,0.7574528963300386,1.0217398898160488,-1.3206757264002047,-0.26428699348601015,976.9935836846298,-25.21635489628909
13.66,0.7613237750205722,1.0180273141980518,-1.2827584819656976,-0.25670353917747957,195.39871673814798,-32.293054828472236
13.665,0.7652427374179831,1.014510137296792,-1.2455778071588608,-0.24926739987880886,-1367.7910171569506,-90.83504772861009
13.67,0.7692043567771347,1.0113837578290052,-1.2101378303733823,-0.24217940105187052,-2.4144242161128204e-09,-116.77234411095604
13.675,0.77318852070777,1.0074757834942718,-1.1706771529259097,-0.2342872627865018,1172.392300420083,-61.6297431450354
13.68,0.7771780168457677,1.0039586065930115,-1.133143798833116,-0.2267805897472438,-2149.385884101868,24.102062797482624
13.685,0.7811734738552857,1.0006368284084883,-1.0965576317457078,-0.21946335455320265,-2540.1833175767433,89.59889117875667
13.69,0.7851831254833266,0.9969242527904916,-1.057946502621758,-0.211741127307165,3126.3794677860724,121.72018407526406
13.695,0.7892216989233292,0.991843886155338,-1.0123518079309677,-0.20262218723200887,4689.569201681025,93.88318724732004
13.7,0.7933092815809899,0.987740513103868,-0.971397033933306,-0.1944312315228781,-195.398716736128,7.422695609850251
13.705,0.7974549160959753,0.984223336202608,-0.9330829804904718,-0.18676842010663275,-3126.3794677887745,-65.95554895412155
13.71,0.8016503683260066,0.9810969567348212,-0.8964726747522649,-0.17944658840881467,-1758.5884506294556,-72.94481905954711
13.715,0.8058805480688344,0.9775797798335611,-0.8577349737325325,-0.1716992317647268,-976.993583681646,-46.77480263723305
13.72,0.8101404301694195,0.9738672042155644,-0.8178719509001876,-0.16372677404614489,-586.1961502094708,-15.393975487115256
13.725,0.8144256500228466,0.9701546285975676,-0.7778823861515208,-0.155728978574721,3321.7781845218033,19.819853961565016
13.73,0.8187326923085929,0.9650742619624144,-0.7309448716337839,-0.1463415696538215,2735.582034311764,0.5766360480666037
13.735,0.8230748279825251,0.9613616863444177,-0.6906709392435486,-0.13828685836189258,-1758.5884506286961,-64.26654180785445
13.74,0.8274469745974884,0.958039908159894,-0.6522010145016425,-0.13059293356240564,-976.9935836805091,-69.7275807000637
13.745,0.8318286585839175,0.953936535108424,-0.6097754887165682,-0.1221078765245065,-390.7974334732469,-25.168416420634543
13.75,0.8362190104942979,0.951005554357374,-0.5731686329329543,-0.11478654386307607,-195.39871673961002,4.794308152471373
13.755,0.8406174142463256,0.946902181305904,-0.5306595949342957,-0.10628476705957834,195.39871673651376,30.341449836307497
13.76,0.8450236315826011,0.9435804031213804,-0.4920183439855324,-0.09855677153877929,-1563.1897338918293,51.237183447343526
13.765,0.8494458892778989,0.9400632262201204,-0.4523201523269292,-0.09061733694222152,-390.79743347317094,51.369213843346415
13.77,0.853891179312234,0.9359598531686504,-0.4095760219572514,-0.08206867385641636,1758.5884506295492,42.22531735749264
13.775,0.8583653208620861,0.9318564801171804,-0.36668779699812,-0.07349115925509431,1367.7910171566637,33.546042178047415
13.78,0.8628730228970402,0.9277531070657102,-0.3236319000039819,-0.06488008416867008,586.196150210183,16.929689450080815
13.785,0.8674179343162446,0.9240405314477136,-0.2823440475683623,-0.056622597131469,-586.1961502089017,-14.630604761693206
13.79,0.8720027083791975,0.9203279558297168,-0.2408569653639244,-0.04832524745051936,-1563.1897338925037,-33.220832674792646
13.795,0.8766206593298246,0.91720157636193,-0.202135046232102,-0.040580917032105424,-586.1961502122717,-23.583356597074214
13.8,0.881265605153946,0.91309820331046,-0.158393238222342,-0.03183259815651396,-1.0255689630866982e-09,-23.591804914226515
13.805,0.8859402750701512,0.9097764251259366,-0.1184108268132577,-0.023836150055785432,586.1961502103221,-31.91353452905426
13.81,0.8906381298646853,0.90547765335773,-0.0734275572752003,-0.014839523493044737,2149.385884103712,-22.000554938870266
13.815,0.8953531897323102,0.9017650777397332,0.0007701695695055,-0.006411888007423094,976.9935836843464,-29.96599401726195
13.82,0.9000883689768882,0.8980525021217365,0.0007702570730916,0.002035866855151669,-1367.7910171562353,-61.36668754834528
13.825,0.9048374027613628,0.8953169200874231,0.0483727404456584,0.009520482673939679,-195.39871673810012,-62.3077405562331
13.83,0.9095863564965372,0.8917997431861631,0.0897034496301269,0.017786613310374122,586.1961502080271,-53.749528202766456
13.835,0.9143315474697624,0.8890641611518495,0.1271062093098239,0.02526738631791292,-1563.1897338929962,-86.85406503474749
13.84,0.9190697846830762,0.8865239778342728,0.163496277518048,0.03254580684880337,-781.5948669461977,-105.55029657467969
13.845,0.9237818743293028,0.8835929970832228,0.2017065514679517,0.04018887724608,1563.189733893249,-46.119724990065336
13.85,0.9284517994714704,0.8806620163321728,0.2397035680253605,0.047789783139297604,1172.3923004205055,37.48149945650583
13.855,0.933082833043411,0.878121833014596,0.2755478913468447,0.05496100002881499,195.39871673672678,74.82069547279904
13.86,0.9376862811367296,0.875777048413756,0.3102738951175944,0.06190923272297355,-195.39871673701157,64.58330854471427
13.865,0.9422719051115436,0.8738230612463893,0.3429517719496405,0.06844884386515426,-195.39871673615858,22.746528429849377
13.87,0.9468480503743266,0.8720644727957593,0.3746023964546275,0.07478357757856735,3.21847437589895e-10,-12.685347225829496
13.875,0.9514136738422452,0.8705012830618659,0.4052188259353678,0.08091239078037926,195.39871673547998,14.50688882386175
13.88,0.9559598537126932,0.8693288907614459,0.433780376288397,0.08663096295124728,781.5948669467253,70.05686281487058
13.885,0.96049545388829,0.8681564984610259,0.4622837886691131,0.09233895542726411,195.39871673786388,76.05743923122488
13.89,0.9650361980406498,0.8677657010275525,0.4869007550004642,0.09727049701309731,-586.1961502097549,39.99007100674466
13.895,0.9695873021124928,0.8675703023108159,0.5105891740667908,0.10201699980167689,586.196150209613,9.30113740110918
13.9,0.9741531407974292,0.8675703023108159,0.5333715899918944,0.10658283848661332,390.79743347260205,8.030692146688821
13.905,0.9787292085858604,0.8681564984610259,0.5532720245850196,0.1105727101248345,-1367.791017156664,-1.353635473292897
13.91,0.9833199831204325,0.8693288907614459,0.5703098447995777,0.11399109235898652,-586.1961502098974,-58.51146559692315
13.915,0.9879292040005396,0.8703058843451292,0.588416206918416,0.1176233196554104,1172.3923004202657,-81.23500633302768
13.92,0.9925353713741863,0.8716736753622859,0.6045527676119219,0.12086169601190044,781.5948669476188,-25.36024802112026
13.925,0.997128776890935,0.8734322638129159,0.6186676439935429,0.1236965130780191,-781.5948669475187,5.5838522780448265
13.93,1.001718070552358,0.875777048413756,0.6298313205389602,0.12594102213860203,-390.7974334744488,-17.694651274667457
13.935,1.006302567009022,0.8783172317313327,0.6399919893104147,0.1279853352776893,1172.3923004205053,-11.805969359812625
13.94,1.0108736645072254,0.8808574150489095,0.6500851909162103,0.1300162494583159,-1172.3923004187998,26.81801858742145
13.945,1.015432879703528,0.8845699906669061,0.65425204097239,0.1308628890366218,-2735.582034314322,25.52683073076969
13.95,1.0199903472694285,0.8880871675681662,0.6593854639494956,0.1319031797012623,586.1961502087665,-9.521791978665028
13.955,1.02454653299304,0.8910181483192163,0.6674444127772743,0.13352838467382377,781.594866948474,-13.698123081696412
13.96,1.0290936456697,0.8947307239372131,0.6715484851647521,0.13436292173248687,-781.5948669461989,-0.4617191297053189
13.965,1.0336340050855797,0.8982479008384732,0.6765991559746913,0.1353861042471065,781.5948669454879,-6.451878387422404
13.97,1.0381698615849548,0.9015696790229966,0.682607002699935,0.13660018256195827,1172.3923004197945,14.769592171147908
13.975,1.0426948342620173,0.90547765335773,0.6856350575733764,0.13721718090428725,-976.9935836826403,84.57656879898389
13.98,1.0472125431368071,0.9093856276924632,0.6886301296842723,0.1378269154443439,-3126.3794677872074,116.41174756378005
13.985,1.0517437901145237,0.9138797981774068,0.6887691811971308,0.13786399193711685,-1563.1897338943854,54.563949502580904
13.99,1.056306266894056,0.91720157636193,0.694933309091707,0.13910469053212593,2540.183317576316,-33.789428272259386
13.995,1.060897284390663,0.9203279558297168,0.7022227068517694,0.14056932856094617,3126.3794677872143,-64.8921940023743
14.0,1.065505596806204,0.9234543352975034,0.7096041875234785,0.1420512615087005,195.39871673846744,-29.39703129328531
14.005,1.0701215276621645,0.9273623096322372,0.7131214228759626,0.1427592180299273,-2149.3858841040046,27.07846561365252
14.01,1.0747456406792486,0.9312702839669704,0.7166840784847961,0.14347535671227818,-1953.9871673678385,47.79757879845332
14.015,1.0793871228977314,0.935178258301704,0.7203371876612066,0.14420886459602744,586.1961502113181,11.624240927118606
14.02,1.0840534769788035,0.9385000364862272,0.7270485229500827,0.14555344049257635,1953.987167367413,-36.99281397530451
14.025,1.0887418676761642,0.9418218146707504,0.733872350159173,0.14692005300541378,-586.1961502111756,-42.71510144932008
14.03,1.093440729945796,0.945729789005484,0.7378194015495885,0.147710940940312,-1758.5884506308284,-29.390902030286014
14.035,1.0981487691834872,0.949246965906744,0.7437678026044834,0.1489018032767433,976.9935836826396,-35.22547131382136
14.04,1.1028646844787766,0.9523733453745308,0.7517107532401879,0.15049133910424584,2344.7846008401284,-22.520241232660045
14.045,1.1075784365176704,0.9556951235590542,0.7586668397105929,0.15188331295861623,781.5948669494674,23.14969799641411
14.05,1.112290115106433,0.9594076991770508,0.7636593283232647,0.15288241592938223,-1367.7910171570584,52.65637135735768
14.055,1.117008349437481,0.963511072228521,0.7667312137282281,0.15349727720896,-1953.987167368834,50.7855250333509
14.06,1.1217401715267588,0.9676144452799912,0.7698715221229255,0.15412572624676757,-781.5948669460545,31.358813519803242
14.065,1.1264911643142763,0.9713270208979876,0.7750620585350574,0.1551641434162887,1172.3923004205042,-2.4151877666170662
14.07,1.1312656392647886,0.9750395965159844,0.780370315649257,0.15622604274880425,2930.9807510484907,-13.518237196593859
14.075,1.1360582399615762,0.9783613747005078,0.7877234365718758,0.1576968652610684,1563.1897338936055,29.088852354111395
14.08,1.140864103132756,0.9828555451854514,0.7892811066920948,0.15800855794730462,-3126.379467782945,56.619570566877215
14.085,1.1456960581421858,0.9875451143871312,0.7899924010820744,0.15815094375505456,-4298.77176820581,11.025713514111544
14.09,1.1505646519830146,0.9926254810222848,0.7889330293914351,0.15793917096072985,195.3987167336012,-35.671596703823724
14.095,1.1554612384266685,0.9957518604900716,0.7977836580955578,0.1597093779365969,1563.1897338921126,-31.2476761114078
14.1,1.160378311529079,1.0000506322582785,0.8008759899862411,0.1603276792708006,-195.39871673615903,-26.89719490305947
14.105,1.1653181092183222,1.003177011726065,0.8099437412692516,0.16214109749225725,781.5948669476182,-40.0264220482428
14.11,1.170273834094838,1.0066941886273253,0.8171370092861124,0.1635796454675127,1563.1897338935319,-50.57273928329748
14.115,1.1752397733222442,1.009625169378375,0.8273122241803613,0.16561460394386907,390.7974334711802,-67.37092569537431
14.12,1.1802111932582429,1.013337744996372,0.8336067837803445,0.16687344826187078,195.39871673602727,-71.58409110217158
14.125,1.1851756579991506,1.0166595231808953,0.841820486970245,0.16851613481825534,2.7142732506035827e-09,-29.892040629563205
14.13,1.1901230180936002,1.020372098798892,0.8479946256788924,0.1697509192947082,-1758.5884506296873,23.5447593416826
14.135,1.1950541791579397,1.024475471850362,0.8521337388043454,0.17057870730757774,-195.39871673772205,32.857643731320366
14.14,1.199979416560277,1.027797250034885,0.8601511733423017,0.17218216652539198,2344.7846008394454,22.812562983036493
14.145,1.2048988815579529,1.0313144269361456,0.8671627245834874,0.17358445462180727,781.5948669461982,41.2466771237534
14.15,1.2098132463020064,1.0354177999876155,0.8712177716536919,0.17439544631439086,-976.9935836830662,65.2255025841007
14.155,1.2147325777621734,1.0395211730390856,0.8752976345830054,0.17521140472308772,-1367.7910171565227,66.42822128753943
14.16,1.2196657539959117,1.0440153435240291,0.8774927200356419,0.17565041047188257,-1172.3923004210744,57.22291012404343
14.165,1.224620493273185,1.048118716575499,0.8817495965315907,0.17650177669768596,390.79743347303514,48.3288797950121
14.17,1.229603367863281,1.0522220896269692,0.8861471405182643,0.17738127823631178,976.9935836856711,39.88703922019087
14.175,1.234619851001114,1.055934665244966,0.892666707152281,0.178685185756148,-586.1961502100329,31.772097373184465
14.18,1.2396744167839089,1.0604288357299092,0.8954687068694079,0.17924558105399968,-1.8471268958819564e-09,23.81557091879975
14.185,1.2447705379851768,1.0639460126311695,0.9033634469517408,0.18082452535400728,1172.392300419652,25.495761256311454
14.19,1.2499106728551688,1.0680493856826394,0.908547270910187,0.18186128717252936,-195.3987167367269,44.713150469708694
14.195,1.2550963697962938,1.0721527587341098,0.9139589022511292,0.18294361106218404,-1563.1897338946703,31.829627012741753
14.2,1.2603376318383168,1.0762561317855797,0.9196483567180296,0.18408150005273716,-781.5948669460508,-54.71288618212043
14.205,1.265642059584935,1.0803595048370498,0.9256536378050776,0.18528255474788513,2344.7846008421566,-109.49165043484037
14.21,1.2709871233603678,1.0834858843048365,0.9367470654323546,0.1875012390555313,976.9935836813746,-52.75987990098932
14.215,1.276352894464918,1.0877846560730433,0.942082066985309,0.18856823839187475,-3126.379467787918,-13.30229946532485
14.22,1.281749655770883,1.09208342784125,0.9475720185710902,0.18966622792963306,-586.1961502093285,-63.465073179575164
14.225,1.287176114556342,1.0954052060257735,0.9580954246933594,0.19177090853056855,3126.3794677867827,-88.01431181638253
14.23,1.292611926770399,1.0989223829270334,0.9676886037514184,0.19368954384336567,781.5948669469078,-44.63842620211442
14.235,1.2980482547860277,1.10263495854503,0.9763073677348366,0.1954132962409978,-3321.778184523224,-16.835976637994698
14.24,1.3034859220470996,1.1071291290299736,0.9810248532116854,0.19635679301712594,-1367.7910171577992,-46.635668028047895
14.245,1.3089246767277725,1.1102555084977603,0.992586730553082,0.19866916823001213,2344.7846008399415,-89.05024460373126
14.25,1.3143548056243466,1.113381887965547,1.0041054787185917,0.20097291765879954,390.7974334760738,-89.45185828082623
14.255,1.3197587447135504,1.1168990648668071,1.013539290475568,0.20285967984674325,390.79743347437284,-70.79309590041014
14.26,1.3251295272575363,1.1200254443345938,1.0247613065103705,0.20510408292294247,2735.5820343117657,-71.06206763979071
14.265,1.3304610068850768,1.122956425085644,1.0367638014158682,0.20750458179943276,-586.1961502117457,-55.529913315697485
14.27,1.3357392938507682,1.1274505955705874,1.0406832340782115,0.20828869828018082,-3126.379467786355,-17.725532853490677
14.275,1.3409604011747138,1.131163171188584,1.0482249728148405,0.20979722998612993,781.5948669490429,-9.6960383800145
14.28,1.3461285754907266,1.1350711455233171,1.0545252368867437,0.2110574299674095,3907.9743347335475,-5.9924411073089345
14.285,1.3512392020496078,1.1383929237078407,1.0634688900909377,0.21284627834176706,-1563.189733897514,47.674338802894795
14.29,1.3562876761390317,1.143668689059731,1.0623319628445302,0.21261898707930071,-5080.366635153724,78.32118004560672
14.295,1.3612914170686514,1.1485536569781476,1.0629254511532853,0.21273776009050382,1953.9871673704965,16.26574878088178
14.3,1.366264270134488,1.1516800364459343,1.0721575177457263,0.21458423368855373,2344.784600837448,-51.258195299542706
14.305,1.3711953674118909,1.1565650043643512,1.0723879234224092,0.21463036304753969,-1953.987167370397,-44.2689706386563
14.31,1.376074623225873,1.1610591748492949,1.074313157173005,0.21501544837657804,390.79743347430644,2.3142240485201455
14.315,1.3808997948840258,1.1647717504672912,1.0798759830581084,0.2161280444167346,1.9897470338037238e-09,33.52019254038052
14.32,1.3856744664425498,1.1698521171024447,1.0783473842224185,0.21582234934010502,-1758.5884506304023,21.256386175708343
14.325,1.3904070137091054,1.1735646927204413,1.0834471437031796,0.21684232098866407,-976.9935836832196,-25.364332664096196
14.33,1.3950973199770584,1.1780588632053848,1.0844277436086005,0.21703845677167366,586.1961502117005,-73.5955727478212
14.335,1.3997382802733065,1.1811852426731717,1.0920005845432044,0.21855303760013478,2930.9807510501987,-98.83830107358958
14.34,1.4043178194967352,1.1847024195744316,1.097312345587887,0.2196153999223036,2735.5820343127593,-78.35985615145577
14.345,1.408819999003878,1.1882195964756916,1.1022373181643723,0.22060040252818647,-976.9935836846296,-21.08151832857351
14.35,1.4132371267005062,1.1927137669606351,1.101852071860452,0.22052335973987103,-4103.373051469991,11.611412393790602
14.355,1.4175738100446706,1.197403336162315,1.1000876166829987,0.22017047388235556,-1172.392300418658,-4.105742159765725
14.36,1.4218341600700433,1.201115911780312,1.1028264680079796,0.2207182482897312,3712.575617995969,-7.709281622964056
14.365,1.4260113248080777,1.2046330886815722,1.106126390622329,0.22137823612650553,1367.7910171538222,21.318866113234208
14.37,1.4301048138631862,1.2087364617330425,1.1060769573849063,0.22136835213014372,-4494.170484942259,16.97691408855991
14.375,1.4341248340124766,1.213621429651459,1.1017522079347826,0.22050340436101767,-1563.1897338892813,-31.150057552051976
14.38,1.4380704069460502,1.2169432078359823,1.1048700230366073,0.22112719911006784,4298.771768207075,-60.48740055751472
14.385,1.4419313145719557,1.2198741885870323,1.1095187304961438,0.22205712598492333,976.9935836822136,-53.77457568755807
14.39,1.4456997892610797,1.2241729603552391,1.1068665035689371,0.22152682890584052,-586.1961502096118,-32.33523623436031
14.395,1.4493702790859575,1.2276901372564992,1.107632474961593,0.22168014182945828,3126.3794677872083,10.042442477810766
14.4,1.4529391862325889,1.2314027128744958,1.1069136580244174,0.22153647335809312,-390.7974334745919,78.81161100727059
14.405,1.4564093923182475,1.2364830795096493,1.098862475612666,0.2199263128085982,-5666.562785364378,121.51324918875713
14.41,1.4597986403030556,1.2417588448615395,1.089429585045833,0.21803979544151608,-1758.5884506304023,89.77074669644975
14.415,1.463127465879833,1.2458622179130094,1.085556604687233,0.21726524796682356,2735.5820343135024,33.46588103202663
14.42,1.4663996647216686,1.2495747935310062,1.0833545264183169,0.2168248711906624,390.7974334759301,13.875338495948569
14.425,1.4696142705174118,1.2540689640159497,1.076956547461827,0.2155453065014621,195.3987167382483,16.012851611679167
14.43,1.4727757253694598,1.2575861409172095,1.075177812807377,0.21518958445225023,1172.3923004196517,30.93284367082765
14.435,1.4758836815694776,1.261494115251943,1.0711776226070864,0.21438956631753459,-1953.987167368693,56.513013021801925
14.44,1.4789428350980411,1.2659882857368865,1.0640024582038168,0.21295454936115465,-195.3987167374366,49.89234277388917
14.445,1.4819666318797022,1.2693100639214097,1.0625124874924103,0.21265656795829257,4103.373051470419,20.298834796790914
14.45,1.4849575069204342,1.2728272408226695,1.0598809272320928,0.21213026609776464,-195.39871673675106,21.479705118582174
14.455,1.4879130137908596,1.2773214113076137,1.05218756839336,0.21059160248324593,-5666.562785360741,27.110874605396177
14.46,1.4908400396714367,1.28220637922603,1.0423978255912496,0.20863366044540665,-1172.3923004174019,-16.188294936821734
14.465,1.493744307008068,1.285332758693817,1.0412872388451409,0.20841154831425102,4884.967918415479,-65.55745056516888
14.47,1.496617544225652,1.2884591381616035,1.0400215067218637,0.20815840606404845,3321.7781845242207,-42.60347874122934
14.475,1.4994443232363912,1.2921717137796,1.0355925069877656,0.20727260945679116,-1563.1897338923952,27.688776967239676
14.48,1.502224463132516,1.296470485547807,1.0279993342691058,0.2057539775847088,-3712.575617999665,56.62293226919461
14.485,1.5049704589970874,1.3011600547494877,1.0182814568969607,0.20381040424759966,-1367.791017157802,30.02956432311629
14.49,1.507688485168996,1.3046772316507471,1.0142856947009262,0.2030112535182489,1563.1897338941014,-4.6316833996235545
14.495,1.510379337222426,1.3085852059854806,1.008200076454986,0.20179413123694534,3321.7781845230684,-13.704012001177247
14.5,1.5130396398994153,1.3117115854532673,1.0058696870294592,0.20132805444614799,976.993583685539,5.7570504293385625
14.505,1.5156663262290082,1.316010357221474,0.9975092554591588,0.19965596900753413,-3712.5756179972113,22.154300327748416
14.51,1.5182642233117725,1.320895325139891,0.9860738977791108,0.19736889817188152,-2149.3858841058454,9.583014542329394
14.515,1.5208371830672618,1.324412502041151,0.9813516590889972,0.19642468102611077,1367.7910171569495,-15.524956094454083
14.52,1.5233843897063952,1.3285158750926211,0.9735699046583058,0.19486851461377408,1953.9871673667012,-25.340904473126685
14.525,1.52590149075173,1.331642254560408,0.9705239248106712,0.19425923619132202,-390.797433473739,-21.974907632512014
14.53,1.5283846141271895,1.3359410263286144,0.9614460126586368,0.19244358779857507,-781.594866946907,-28.26316698332343
14.535,1.5308339083779394,1.3396536019466112,0.955129869671763,0.19118030643132822,3321.7781845222307,-27.31202581685625
14.54,1.5332429216665222,1.342779981414398,0.9515432498552318,0.1904629402521243,1.3937878650777828e-09,9.104474181946387
14.545,1.535606172778907,1.3476649493328146,0.9389348346886632,0.18794122344609243,-5861.9615020958045,33.864274550407146
14.55,1.537932000298578,1.3523545185344947,0.9271162613694894,0.18557748176408317,-1367.7910171541316,0.8861365551778704
14.555,1.5402273884288145,1.355676296719018,0.9219844191707532,0.18455109170979656,3712.575617994831,-39.4203322599667
14.56,1.542485714297905,1.358802676186805,0.9176442376354292,0.18368303811109987,1758.588450628696,-32.61775014920164
14.565,1.544698441464217,1.362319853088065,0.9111232082870496,0.18237858837615217,-1172.392300419509,-4.7832539289059355
14.57,1.5468646433322442,1.365837029989325,0.9043693085819716,0.18102761334291917,-976.9935836846292,1.110816051834263
14.575,1.5489867141349656,1.369354206890585,0.8973945584581479,0.1796325072443805,976.9935836824322,-8.834764779203368
14.58,1.5510640041476669,1.372285187641635,0.8931255789016679,0.17877881650603178,781.5948669487597,-8.697405914971824
14.585,1.5530933172571129,1.3758023645428952,0.8856858392508083,0.1772909527142177,-195.39871673551667,-2.3026322461186624
14.59,1.555074961979394,1.3791241427274186,0.8789848353861658,0.17595081925197542,1172.3923004200778,-2.1218407070473404
14.595,1.557009553424742,1.3824459209119415,0.8720486324475445,0.17456363251280038,586.1961502083335,3.0612457959487926
14.6,1.558895214195179,1.386158496529939,0.8629149929753803,0.17273671766524012,-2540.183317577595,15.324512147571767
14.605,1.5607333007971471,1.3904572682981455,0.8506111647968655,0.17027603249900158,-1563.1897338921126,15.402915387597943
14.61,1.562527822040818,1.3939744451994056,0.8419987147908912,0.16855337684141247,2344.784600839305,5.053458527868685
14.615,1.5642798838864755,1.397296223383929,0.8341507957221413,0.16698366050254654,1563.1897338918284,6.127945681554877
14.62,1.5659881884316988,1.4010087990019255,0.8241299704587381,0.1649793894297733,-1367.7910171547098,19.31804633957404
14.625,1.567654356151255,1.405307570770132,0.8109673742958565,0.16234678538112313,-976.993583680396,27.740273491758956
14.63,1.5692824413135034,1.4088247476713924,0.801522254865093,0.16045769364211093,-586.196150211848,27.185148288396718
14.635,1.5708760356378253,1.4131235194395992,0.7879966390571057,0.15775251619822606,-781.5948669494652,21.817550445463866
14.64,1.5724383209597224,1.4164452976241229,0.7791993918731226,0.1559930233355995,2.844444679794833e-10,8.33084495809534
14.645,1.5739721074944746,1.4201578732421194,0.7683056201602207,0.1538142342523552,2540.183317577026,-9.454163650276314
14.65,1.5754776449208014,1.4230888539931694,0.7611785424992606,0.15238879092763202,3321.7781845236514,-8.507053902633842
14.655,1.5769509025661614,1.4264106321776928,0.7519360509735683,0.15054027038846862,-1563.1897338926794,19.038751817960375
14.66,1.578390959033091,1.4312956000961097,0.734711582652231,0.14709535893698122,-3126.379467788489,44.360833531984554
14.665,1.5798039137989828,1.435203574430843,0.7222365559569041,0.14460033936813987,-5.699946471876867e-10,41.42114138433085
14.67,1.5811973020484082,1.4395023461990497,0.7077096952821011,0.14169495584935854,195.39871674060055,19.282290257934598
14.675,1.5825755020264716,1.443410320533783,0.6950608690340346,0.13916518149268864,-781.5948669457722,5.065737384471646
14.68,1.5839380951081383,1.4477090923019895,0.6803800120295619,0.1362290028061488,-195.39871673914388,6.278884280277957
14.685,1.5852849495388843,1.4512262692032498,0.6695295789794036,0.1340586803356345,1172.39230041951,7.506041468161477
14.69,1.5866184039496651,1.4551342435379833,0.656657922801571,0.13148416041168187,1367.7910171575163,6.585680644662013
14.695,1.5879385352205015,1.4584560217225064,0.6466504429866815,0.1294825134979951,-781.5948669483284,10.245281171990491
14.7,1.589245734614457,1.46295019220745,0.6307161913345771,0.12629554240700713,-1953.9871673679158,11.063429323890155
14.705,1.5905428447519685,1.4664673691087102,0.6196163405581013,0.12407547564325827,-781.594866944205,7.342022215938037
14.71,1.5918303323836864,1.4703753434434434,0.6065142934768396,0.12145498894024298,1172.3923004210076,4.00031334350345
14.715,1.5931089415626092,1.4733063241944937,0.5982527447632539,0.11980261736811548,2344.784600838736,0.9816747621014486
14.72,1.594379539279568,1.476628102379017,0.5879970897430719,0.11775143690055101,390.7974334728868,5.505689778147353
14.725,1.5956408259657666,1.4801452792802772,0.5767178365218782,0.11549554668548945,-2149.385884103004,16.223263980067113
14.73,1.5968943369768651,1.4840532536150106,0.5634456781869941,0.1128410833618545,781.5948669480434,17.793517043003895
14.735,1.598144003651219,1.487375031799534,0.5530852472627773,0.11076897185168488,3126.3794677876335,14.057661473430489
14.74,1.5993909487395574,1.4905014112673207,0.5436881766668435,0.10888953747223673,-2344.784600843567,15.39823202989572
14.745,1.6006362681360091,1.495777176619211,0.5235360279306955,0.10485909151679818,-3321.778184526271,13.729510728238495
14.75,1.6018834322291182,1.4990989548037343,0.5131630223064598,0.10278447742538388,976.9935836856826,7.057489883664975
14.755,1.603133017652168,1.5030069291384676,0.4998711296143117,0.10012608851370053,586.1961502112648,-1.388637574847122
14.76,1.604385516956276,1.5065241060397276,0.4885477831215656,0.09786141091654832,390.79743347260313,-15.95576292118134
14.765,1.605641309689578,1.5100412829409875,0.4772408954761877,0.09560002674859058,2149.3858841027204,-20.772868394090967
14.77,1.6068958142834555,1.513363061125511,0.4669034039186566,0.0935327531579444,2344.7846008398724,6.9662498859209725
14.775,1.6081451884853186,1.5172710354602443,0.4536095043708629,0.09087415302507429,-976.9935836834937,47.093212104416324
14.78,1.609393551342263,1.5217652059451876,0.437379747124115,0.08762834539707542,-4689.569201680031,53.487460059502
14.785,1.6106516202892756,1.5270409712970778,0.4172906898143237,0.08361064899219772,-1367.7910171575172,21.874049594147202
14.79,1.611925821344803,1.5307535469150746,0.4050983567736532,0.0811722744297283,3126.379467786677,-2.576448667649288
14.795,1.613214092561508,1.534661521249808,0.3919994730008544,0.0785525713116999,781.5948669497459,5.790656209967601
14.8,1.6145144983406694,1.5389602930180148,0.3770073485095014,0.07555420532265456,-2149.3858841030446,22.346513865737883
14.805,1.615830028853349,1.5432590647862214,0.3620909065949651,0.07257096406712749,-976.9935836857678,16.748049980038893
14.81,1.617165372986072,1.547167039120955,0.3492275670753913,0.06999833386511689,781.5948669457716,-9.73674731255889
14.815,1.6185217756786638,1.5506842160222152,0.3384235452244336,0.06783755965644866,1172.392300421216,-31.79579396715043
14.82,1.619895193330991,1.5543967916402115,0.3267276347499937,0.06549840169077958,781.5948669466252,-33.05551943327748
14.825,1.62127959629014,1.557718569824735,0.317040662106247,0.06356102646540496,-976.9935836833621,-26.40587338589968
14.83,1.6226721635814596,1.5618219428762052,0.3034865560919944,0.060850220705254365,-586.1961502078834,-25.20467980417675
14.835,1.6240704351683448,1.5651437210607286,0.2938689613330037,0.058926714107616185,1367.7910171565177,-18.978966550657454
14.84,1.6254698778640913,1.568465499245252,0.2842572344724791,0.057004378618839224,-390.7974334740223,-6.152691566115221
14.845,1.626869087633473,1.5723734735799857,0.271713372112409,0.05449561405348735,5.686615622835234e-10,-4.848951027440382
14.85,1.6282693572123357,1.5756952517645089,0.2621057974574556,0.05257410544782681,2149.3858841032875,-13.316502116538933
14.855,1.629669400993959,1.5790170299490325,0.2524971001416355,0.05065237104492648,-1563.1897338941012,-10.400649781559636
14.86,1.6310657526751653,1.5835112004339755,0.2370079858818951,0.04755455224118976,-2344.784600840724,4.68386787247288
14.865,1.6324580587476862,1.5872237760519723,0.2254066219616715,0.045234282695713945,2149.3858841030046,15.231242929303733
14.87,1.633848663602799,1.590350155519759,0.2167277359440256,0.0434985080830399,-195.3987167353647,14.2354663179834
14.875,1.635239744762527,1.5946489272879658,0.202189272538212,0.04059081747456128,-2540.183317574245,3.159154589696062
14.88,1.6366333212381663,1.5983615029059628,0.1905942685356878,0.0382718183322035,1758.5884506309917,-11.380064340471332
14.885,1.6380286945048,1.601097084940276,0.1838932180647002,0.036931609564524015,1953.9871673667012,-18.575527871861503
14.89,1.6394228847358556,1.6050050592750094,0.1713242922402401,0.03441782546084626,-1172.3923004209312,-16.971999475573043
14.895,1.640813527910164,1.6083268374595328,0.1616686129443074,0.03248669045063135,-1563.1897338946687,-12.920630722135476
14.9,1.642198778567996,1.6122348117942664,0.1490549911639135,0.029963966773729478,976.9935836854827,-6.591913976308554
14.905,1.6435772729791436,1.615165792545316,0.1412914065878635,0.028411480433827574,2930.980751051902,6.960552468626801
14.91,1.6449480821038651,1.6184875707298394,0.131535638987623,0.02646051137402572,-195.39871673999681,23.80893156555542
14.915,1.6463133377977626,1.6225909437813095,0.1178443143587725,0.02372239401645304,-1563.1897338948722,35.30442337676701
14.92,1.6476777558959317,1.62669431683278,0.1041489493194776,0.020983439063151588,195.39871673948352,44.877428731526784
14.925,1.6490455312975871,1.6304068924507764,0.0924244760195412,0.018638638846810718,-2149.385884105056,49.62832304045256
14.93,1.6504231043675723,1.6352918603691935,0.074887124002797,0.01513124399837884,-1953.9871673689763,30.669528628949926
14.935,1.6518187309073475,1.6388090372704534,0.0642790699757059,0.013009693636894193,2149.385884105561,-2.6129853441146267
14.94,1.6532337558418275,1.6421308154549763,0.0547450619497568,0.011102940386851223,2344.7846008401557,-11.40339585134712
14.945,1.6546636061556734,1.6458433910729735,0.0433312420084118,0.008820215082699923,195.39871673374262,9.107129806409553
14.95,1.6561070973333534,1.6493605679742336,-0.0007699881415565,0.006746529359119791,-2344.784600838715,20.584408530326115
14.955,1.6575687536467136,1.6538547384591769,-0.0007701119307325,0.003714015187536779,-1953.9871673626608,4.578647260871449
14.96,1.6590522359719564,1.6571765166437002,-0.0007690608022413,0.0018757193282561424,1172.392300419899,-11.92607170706654
14.965,1.660554757788998,1.6604982948282236,-0.0007670697396163,5.646296077443935e-05,976.993583681503,-11.684981707845267
14.97,1.6620737504048968,1.6636246742960106,-0.0007643267296843,-0.0015509238911137757,-195.39871673601624,-11.42972553566382
14.975,1.6636096925108197,1.6669464524805335,-0.0007586818422427,-0.0033367599697138317,390.79743347345493,-11.176220429263445
14.98,1.665159955650467,1.669682034514847,-0.0007507154527935,-0.0045220788643800525,-195.39871673772166,3.2397975996902133
14.985,1.6667221280866429,1.6730038126993705,-0.0007397417019061,-0.0062816846127276005,-1367.7910171566639,12.464562485093367
14.99,1.668299675488238,1.6757393947336838,-0.0007240617422042,-0.007439719245445842,-781.5948669477618,-5.470172937407469
14.995,1.6698953043140676,1.6784749767679974,-0.0007069171351148,-0.008579672453929765,586.1961502100397,-29.160845561482404
15.0,1.6715053744806945,1.680428963935364,-0.0453042477637989,-0.008923589454669534,781.5948669493281,-29.24934786591469
15.005,1.6731237510201569,1.6825783498194673,-0.0479370503721126,-0.009454598799310432,390.79743347260825,-15.218125186882695
15.01,1.6747478917822756,1.6843369382700977,-0.0485868928834292,-0.009589046487822106,586.1961502080497,-11.831727712490093
15.015,1.6763782188570435,1.6860955267207276,-0.0492045322185877,-0.009717307863684077,2.8404656404745765e-10,-11.411865763193163
15.02,1.6780120092677937,1.6878541151713575,-0.0498026874236736,-0.009842105903563825,-781.5948669460556,3.2351359615748816
15.025,1.6796468760970158,1.6896127036219877,-0.0503937265762686,-0.009965827524971882,-195.39871673658513,15.032719491330743
15.03,1.6812863150714863,1.6909804946391442,-0.0490076808269855,-0.009694179567657946,-2.8467184165492654e-10,4.743469787910161
15.035,1.6829329578760353,1.692348285656301,-0.0475842761608611,-0.00941532778026577,195.39871673658524,-17.5975547281846
15.04,1.684585841912844,1.693520677956721,-0.0451539002562585,-0.008934836043876793,781.5948669470476,-33.134609174391706
15.045,1.6862412076638895,1.6943022728236676,-0.0004516354595864,-0.008061065159778114,-195.39871673605802,-29.90949612154766
15.05,1.68789299223714,1.6956700638408244,-0.0004234169985968,-0.00777707160368446,-390.7974334733156,-13.779493697825263
15.055,1.6895384908514048,1.6962562599910345,-0.0003962415904772,-0.006717769139629626,390.79743347260194,-2.7076241207170355
15.06,1.691177856548251,1.697233253574718,-0.0003676003049895,-0.00605539702646718,195.39871673686937,-1.3731608015628751
15.065,1.6928110279448827,1.6978194497249277,-0.0003412367971034,-0.005008421780045014,-390.7974334723175,-3.1201089214502957
15.07,1.6944377272220572,1.6986010445918742,-0.0003155453514665,-0.00416331736981701,-781.5948669463404,-4.749252018712383
15.075,1.6960574457835218,1.6991872407420845,-0.000289241395797,-0.0031297949585626927,195.39871673566307,-6.127177101114526
15.08,1.6976694841496371,1.6993826394588212,-0.0002647477517654,-0.0017131553091840335,976.9935836819686,-9.46537999198108
15.085,1.699272995115304,1.699578038175558,-0.0002405521972122,-0.00030504306025402883,195.3987167369452,-18.83932857823033
15.09,1.7008670001538893,1.6997734368922943,-0.0002165951142416,0.001093563261594932,-195.39871673544815,-30.82700954365781
15.095,1.702448210560236,1.699968835609031,-0.0001939789683692,0.0024793749512050933,0.0,-33.71338150060537
15.1,1.704011435906236,1.699968835609031,-0.0001735857320073,0.004042600297204935,-5.684626103175106e-10,-20.545656228706108
15.105,1.7055522651087751,1.7001642343257677,-0.0001538206634217,0.005388030783007425,195.39871673658504,-2.814245417823784
15.11,1.707069078025176,1.699968835609031,-0.0001345581290573,0.007100242416145042,2.842170943040401e-10,-6.237517167733458
15.115,1.708564613104692,1.7001642343257677,-0.0001156976220698,0.008400378778924411,195.39871673658504,-27.496151148797125
15.12,1.710037112265292,1.699968835609031,0.050243074384489,0.010068276656260977,586.196150210393,-29.157027811073945
15.125,1.7114790170308196,1.699968835609031,0.0574676593521624,0.011510181421788612,-390.79743347324603,-6.181766848671188
15.13,1.7128880424754358,1.7001642343257677,0.06354899206342,0.012723808149668114,-390.7974334735303,11.22160489385395
15.135,1.7142663198593466,1.7001642343257677,0.0704520884002943,0.014102085533578945,586.1961502106078,13.8204696799
15.14,1.715615686888757,1.7001642343257677,0.0772094412410358,0.01545145256298941,195.39871673686926,10.253856206361803
15.145,1.716937743195167,1.7003596330425044,0.0828511433443508,0.01657811015266253,-390.7974334740228,2.1651490837373473
15.15,1.718233865974937,1.7005550317592413,0.0883614949834771,0.017678834215695716,-2.8418867259460967e-10,-7.714434557897164
15.155,1.7195035408944868,1.700750430475978,0.0937382610567108,0.0187531104185088,390.7974334737385,-10.370315230261923
15.16,1.7207447448830586,1.7009458291927144,0.0989704453033904,0.0197989156903442,195.3987167360166,-0.43184535911704813
15.165,1.7219559985227484,1.701336626626188,0.1030741024846415,0.02061937189656038,-6.94626578479074e-11,16.29916833054972
15.17,1.723137953297892,1.7017274240596612,0.1070286897934653,0.021410529238230946,-195.3987167351988,25.17821934105767
15.175,1.7242946842345928,1.702313620209871,0.1098781038866342,0.021981064024721775,-390.7974334733847,19.217935162865217
15.18,1.7254297903877682,1.7028998163600813,0.1126177457103672,0.022529974027686972,-195.39871673743775,6.041637623469214
15.185,1.7265447762493604,1.7034860125102913,0.1152554673947395,0.02305876373906912,976.9935836834937,-1.7338023513957666
15.19,1.7276394740878491,1.7040722086605014,0.1177906940184381,0.023567265427347772,1172.3923004200788,4.418231887939044
15.195,1.7287123162046751,1.7046584048107114,0.1202157980776981,0.024053911393963734,-1367.7910171569479,15.878020443268198
15.2,1.7297652705957838,1.7062215945446046,0.1176546702652233,0.02354367605117913,-1367.7910171569758,19.033606500907894
15.205,1.7308017223324252,1.7070031894115512,0.1189186934151926,0.023798532920874083,976.9935836826883,18.184360956184165
15.21,1.731823057932016,1.7079801829952348,0.1191287440564277,0.023842874936781167,390.7974334725044,15.843091946396804
15.215,1.7328320282391112,1.709152575295655,0.1183000062195003,0.023679452943456303,-586.196150209471,4.796858864609142
15.22,1.733831020457501,1.7103249675960746,0.1174202530336101,0.023506052861426374,-195.39871673658502,-7.561082807115035
15.225,1.7348190770166796,1.7114973598964949,0.1164860717871474,0.023321717120184715,2.8421709430354175e-10,-7.518982706074169
15.23,1.7357939550311037,1.7126697521969143,0.115486198005299,0.023124202834189367,390.7974334743071,1.3500476580929544
15.235,1.736755307582323,1.7138421444973346,0.1144188570581375,0.022913163084988364,586.196150208903,7.127722024051927
15.24,1.7377043426701182,1.7150145367977547,0.1132900569144221,0.022689805872363467,-195.39871673829086,7.329702800689361
15.245,1.7386420699836995,1.7165777265316482,0.1101496830688926,0.022064343452051327,-781.5948669465204,4.488785200756716
15.25,1.7395693110965686,1.7179455175488048,0.1079341838326165,0.021623793547763892,-586.196150208015,-2.0012009798620483
15.255,1.7404866939236108,1.719508707282698,0.1046926492068257,0.02097798664091277,586.1961502112106,-9.990727386658158
15.26,1.7413933490956557,1.720681099583118,0.1033516631720576,0.020712249512537584,1172.3923004186577,-13.71358046014943
15.265,1.7422871782010758,1.722048890600275,0.1009685628195636,0.02023828760080071,-5.679225978383329e-10,-10.18076932979352
15.27,1.743166465939993,1.7238074790509048,0.0965602764661213,0.019358986889088214,-586.1961502100398,0.1886577175015418
15.275,1.7440298092356348,1.7253706687847985,0.0930493177192939,0.018659140450836276,-586.1961502103236,7.585676875976745
15.28,1.7448784808602502,1.727324655952165,0.0875122086012529,0.017553824908085325,195.39871673715322,1.532768827985663
15.285,1.745714775685005,1.7288878456860584,0.0838670086124682,0.01682692999894675,1758.588450629549,-3.933475926487496
15.29,1.7465369795333034,1.730646434136688,0.0791753550865039,0.015890545396615385,-195.39871673656305,6.7027153210187365
15.295,1.747343610318015,1.7327958200207916,0.0724514948584366,0.014547790297223528,-2735.5820343117102,16.915253536352836
15.3,1.7481380284832264,1.735531402055105,0.0627364575682061,0.012606626428121492,-195.39871673507304,12.60585355622743
15.305,1.7489230158499856,1.7368991930722617,0.0598127646407784,0.012023822777723847,1367.7910171569476,6.512784871404627
15.31,1.7496985429635552,1.7392439776731017,0.0519575873042433,0.010454565290453521,-390.797433474307,4.123888996332518
15.315,1.7504655981344728,1.7410025661237318,0.0469916588257016,0.009463032010740946,-586.1961502103239,-1.6540479140304498
15.32,1.7512250357591612,1.7431519520078351,-0.0003312610518181,0.008073083751326093,390.7974334737383,-5.196411906638524
15.325,1.751975481060473,1.7447151417417284,-0.0003374689108701,0.007260339318744702,-390.79743347375137,-1.4908137390470841
15.33,1.752715852822131,1.7466691289090954,-0.0003424351981117,0.006046723913035512,-1172.3923004191695,-3.2672391989775775
15.335,1.75344746821608,1.7484277173597254,-0.000346408227905,0.005019750856354754,1172.3923004220612,-11.8358736074317
15.34,1.7541695033387248,1.7494047109434088,-0.0003495866517397,0.00476479239531602,1758.588450629834,-6.019502464198645
15.345,1.7548782923620945,1.750967900677302,-0.0003498290711434,0.003910391684792458,-1172.3923004217836,16.28001423910157
15.35,1.7555741514353354,1.7525310904111957,-0.0003477226870024,0.0030430610241396483,-2344.7846008398733,28.8621902805642
15.355,1.756261933996052,1.7540942801450887,-0.0003425871001936,0.0021676538509631804,8.527649697498418e-10,18.70517788120268
15.36,1.756946077126202,1.7548758750120357,-0.0003350281512506,0.0020702021141663085,2149.385884103288,2.1108938042859755
15.365,1.7576272553082335,1.7554620711622455,-0.0003243803527682,0.002165184145987986,390.7974334731698,-2.0114669104034792
15.37,1.7583039855892058,1.7564390647459287,-0.0003101113148223,0.0018649208432770514,-1367.791017157128,4.682986104854853
15.375,1.7589763671924428,1.7572206596128757,-0.0002929452853056,0.0017557075795671118,1.4551915228366852e-10,11.676014043190138
15.38,1.7596458653574365,1.7576114570463488,-0.0002757619821963,0.0020344083110876987,976.9935836835348,16.72414808893783
15.385,1.760313952634785,1.7580022544798222,-0.0002585648602128,0.0023116981549629045,2.8416025088517927e-10,17.18017259719387
15.39,1.760983392444937,1.7583930519132955,-0.0002379062036341,0.002590340531641422,-586.1961502097553,9.69247086231953
15.395,1.761656735783349,1.758783849346769,-0.0002167786390431,0.0028728864365801243,195.39871673601667,3.232267443138456
15.4,1.7623337470243046,1.758783849346769,-0.0001964261078744,0.0035498976775356628,390.79743347317014,5.378131687337222
15.405,1.7630144091089976,1.7589792480635058,-0.0001766936034434,0.004035161045491842,-2.842455160134705e-10,9.595116905814258
15.41,1.7637001613629824,1.7589792480635058,-0.0001563069605707,0.004720913299476548,195.39871673630083,10.401954488657328
15.415,1.7643923507434176,1.7589792480635058,-0.0001365471667765,0.0054131026799117965,390.79743347448704,8.178667081886939
15.42,1.7650922305778762,1.7589792480635058,-0.0001184390120771,0.006112982514370424,1.4537795554989642e-10,1.711859294175344
15.425,1.7658009626410982,1.7589792480635058,-0.0001016521686536,0.006821714577592397,-586.1961502112109,-6.962102292215093
15.43,1.7665181333360684,1.7591746467802425,-8.59223742509343e-05,0.007343486555825951,-2.8421709430405217e-10,-11.620329617301586
15.435,1.7672419566613329,1.7589792480635058,-7.103821906473645e-05,0.008262708597827073,586.1961502106078,-9.681633869434428
15.44,1.7679709075352663,1.7589792480635058,0.0449003166237187,0.008991659471760505,2.842170943040522e-10,-1.845791391588282
15.445,1.7687037124745046,1.7589792480635058,0.0485747873070951,0.009724464410998834,-5.684341886080801e-10,9.575921044984774
15.45,1.7694408715416003,1.7589792480635058,0.0522700895921534,0.01046162347809454,390.79743347338484,19.4422248699684
15.455,1.770184384289222,1.7589792480635058,0.0559952588899254,0.011205136225716172,-2.842170943040401e-10,20.051306369452846
15.46,1.770937601276116,1.7591746467802425,0.0587904346884443,0.011762954495873501,-586.1961502102541,9.508202257682598
15.465,1.7717034143303547,1.759370045496979,0.0616473739341394,0.012333368833375769,-195.39871673516393,0.6484385414751159
15.47,1.772481148045182,1.7595654442137154,0.0645617928113098,0.012915703831466674,586.196150210892,2.7196890823691007
15.475,1.7732703108001606,1.7595654442137154,0.0685086515357432,0.013704866586445208,-1.4210961769309181e-09,7.389447206378925
15.48,1.7740721602873406,1.7599562416471888,0.0705647477639088,0.014115918640151826,-390.7974334745912,5.7403906555466335
15.485,1.7748877933877218,1.7601516403639257,0.0736654382900057,0.014736153023796161,390.7974334748754,-3.3549451359254263
15.49,1.7757180274497977,1.760347039080662,0.0768380797431676,0.015370988369135752,195.39871673743772,-15.336950919505064
15.495,1.776561602483694,1.7607378365141355,0.0790995893666258,0.01582376596955859,-195.39871673839454,-22.621961968244886
15.5,1.7774153945874174,1.761128633947609,0.0814115098551157,0.016286760639808273,-1.389253156958148e-10,-22.719220289389597
15.505,1.7782764011371586,1.7615194313810822,0.0837578128265851,0.016756969756076323,-195.39871673548288,-17.541115310557622
15.51,1.7791416397382316,1.762105627531292,0.0851480808331724,0.01703601220693951,-2.842170943040401e-10,-11.422411851925368
15.515,1.7800094701278248,1.7624964249647657,0.0875269898959238,0.017513045163059182,390.7974334728861,-10.396390724452347
15.52,1.7808792217869298,1.7630826211149755,0.08893861270629,0.01779660067195432,195.3987167365851,-14.622627135452529
15.525,1.7817493870438412,1.7636688172651855,0.0903512341328452,0.018080569778655686,-390.79743347430707,-20.364449369197914
15.53,1.782617744342787,1.7644504121321325,0.0907769666876144,0.018167332210654585,-781.5948669460561,-27.606180063061228
15.535,1.7834815292580726,1.7652320069990788,0.0911803030852982,0.01824952225899379,1.1369020807255735e-09,-35.37234483843668
15.54,1.784336842956435,1.7658182031492888,0.0925174994311865,0.018518639807146187,1172.3923004189483,-36.690778198349015
15.545,1.7851782905904556,1.7664043992994989,0.0937858935745083,0.018773891290956746,976.9935836833891,-27.41569726936318
15.55,1.7860011452830349,1.7671859941664456,0.093983601762421,0.018815151116589268,-586.1961502097547,-14.081591058936255
15.555,1.786802980262792,1.7683583864668655,0.0921227922470764,0.018444593795926556,-1172.3923004209314,-6.821387381137697
15.56,1.787583235625317,1.7695307787672858,0.0901522387484796,0.01805245685803114,-195.39871673630086,-7.328478679085578
15.565,1.7883415166840229,1.770507772350969,0.0890496309164645,0.017833744333053847,390.79743347402257,-7.779341658249649
15.57,1.7890762925959,1.7716801646513891,0.0868520124883831,0.017396127944510953,781.594866946056,-2.817370967420729
15.575,1.7897865713754693,1.7726571582350723,0.0855085089598556,0.017129413140396954,195.3987167370779,4.82922398704612
15.58,1.7904725368531265,1.774024949252229,0.0820902874961597,0.016447587600897373,-781.5948669456396,10.717952965251698
15.585,1.7911353269661638,1.7755881389861226,0.0775787140592569,0.015547187980041288,-1.0741132427938282e-09,11.97536979189536
15.59,1.791776797620983,1.7767605312865429,0.0749141452454907,0.015016266334440198,-195.3987167371536,7.628360254728136
15.595,1.7923985014090715,1.7785191197371728,0.0692194531445087,0.013879381671898727,-781.594866944919,0.5769223005815576
15.6,1.7930010502692617,1.7798869107543291,0.0653838771692271,0.013114139514932566,390.79743347402274,-3.4354132534988793
15.605,1.793583723064447,1.781254701771486,0.0614496437471765,0.012329021292960984,781.5948669463401,-2.3275000256721086
15.61,1.794145871720263,1.7826224927886425,0.0574122177710559,0.011523378931620476,-5.685194537363714e-10,0.3282296057704741
15.615,1.7946875565190368,1.7841856825225362,0.05229617160009,0.0105018739965006,-390.7974334748752,2.044339956057783
15.62,1.795208934473961,1.7857488722564294,0.0470791453491198,0.009460062217531595,-586.1961502103994,3.5760193955659645
15.625,1.7957103300024468,1.7873120619903229,-0.0002286897832702,0.008398268012123955,-781.5948669444961,5.580879777654076
15.63,1.7961922828703123,1.788875251724216,-0.0002358591788879,0.007317031146096387,1.2063310350640677e-09,7.979987390158271
15.635,1.7966556195340726,1.790047644024636,-0.000241594695382,0.006607975509436592,781.5948669454873,10.584891489884583
15.64,1.7971014977890938,1.791220036325056,-0.0002461831085774,0.005881461464037674,-5.682636583514977e-10,13.255183597494067
15.645,1.7975314051013045,1.792392428625476,-0.0002498538391336,0.005138976475828505,-976.9935836829249,15.116511185056638
15.65,1.797947164121796,1.793564820925896,-0.0002504901039147,0.004382343195899807,-390.79743347317014,14.48366273393809
15.655,1.7983509418877397,1.7943464157928428,-0.0002486987960755,0.004004526094896876,781.5948669466242,13.999462217385052
15.66,1.7987443983796036,1.7949326119430529,-0.0002438152703082,0.003811786436550779,390.7974334734542,20.36140615757699
15.665,1.7991287135561125,1.7955188080932627,-0.0002376081300303,0.003609905462849783,-586.1961502104687,29.879571568755196
15.67,1.7995072000247343,1.796105004243473,-0.0002280417784801,0.00340219578126133,390.797433472671,29.35214495011061
15.675,1.79988508151258,1.7963004029602097,-0.0002157880579119,0.003584678552370324,976.9935836833548,18.994943644085495
15.68,1.8002654486287568,1.7964958016769463,-0.0002025346019614,0.003769646951810479,-586.1961502089025,10.055215518321262
15.685,1.8006493979020923,1.7970819978271562,-0.0001884813577049,0.0035674000749361667,-586.1961502091867,5.1722414534085495
15.69,1.8010381391353152,1.7970819978271562,-0.0001737882828038,0.003956141308159022,586.1961502091867,5.180291485658412
15.695,1.801431717940168,1.7972773965438928,-0.000158583343387,0.00415432139627514,390.79743347288587,13.58962668916828
15.7,1.8018304437858628,1.7972773965438928,-0.0001429689123575,0.004553047241969921,-195.3987167361967,24.48946460133464
15.705,1.8022372219182927,1.7974727952606295,-0.0001270268880379,0.00476442665766319,-1.4537260284439528e-10,29.7095831203374
15.71,1.8026559522070889,1.7974727952606295,-0.0001108227890863,0.005183156946459322,390.7974334729206,30.324666540202713
15.715,1.8030903993010683,1.7974727952606295,-9.670935009302576e-05,0.005617604040438762,-195.3987167360166,27.928994026639288
15.72,1.803544373982113,1.797668193977366,-8.311827923439312e-05,0.0058761800047471,-390.79743347260165,19.498896776611645
15.725,1.8040215747550343,1.797668193977366,-7.109526271549252e-05,0.006353380777668338,195.39871673630083,9.041595765495927
15.73,1.804523638104963,1.797668193977366,-6.032668966837753e-05,0.006855444127596977,390.7974334734543,7.716247388600877
15.735,1.805050247176967,1.797668193977366,-5.056167139869103e-05,0.007382053199600946,195.39871673715348,14.923066733843498
15.74,1.8056027861714037,1.797668193977366,-4.274965678294183e-05,0.007934592194037693,-390.79743347430696,19.414228114841038
15.745,1.8061841328142556,1.797863592694103,-3.534988525834797e-05,0.008320540120152708,-390.7974334743417,17.951767434259224
15.75,1.806796741248169,1.797863592694103,0.0446363127022914,0.008933148554066017,195.39871673704934,14.566031086929456
15.755,1.807442645895015,1.797863592694103,0.0478705717902976,0.009579053200912124,390.7974334739186,11.167126102429819
15.76,1.8081234551026932,1.797863592694103,0.0512784065117104,0.010259862408590337,390.7974334734543,7.766369491833245
15.765,1.808840352450332,1.797863592694103,0.0548659241963187,0.010976759756229137,-2.842170943040401e-10,2.3924228455031766
15.77,1.8095940948610787,1.7980589914108396,0.0576600674235028,0.011535103450239115,-390.7974334737386,-8.560537141022877
15.775,1.8103850188496984,1.7982543901275765,0.0606396335886255,0.012130628722121894,-195.39871673715348,-22.038663603326484
15.78,1.8112110529461711,1.798449788844313,0.063793212172038,0.012761264101858183,2.8421709430374317e-10,-29.43494406452011
15.785,1.8120680845559731,1.7986451875610496,0.0671016979851522,0.013422896994923494,1.4210854715203315e-09,-27.523131838053246
15.79,1.8129522906943671,1.798840586277786,0.0705448420118362,0.01411170441658105,195.39871673733356,-17.653551456095627
15.795,1.813860114625092,1.7990359849945228,0.0741051034566623,0.014824129630569116,586.1961502085835,-3.1555865794532565
15.8,1.814790284973829,1.7992313837112597,0.0777763197567405,0.015558901262569425,195.39871673484504,9.01300730875505
15.805,1.815743455505598,1.799622181144733,0.0805849216004476,0.016121274360864968,-586.1961502097552,9.00084195279831
15.81,1.8167218801979768,1.8002083772949429,0.0825411530734117,0.016513502903033883,-390.79743347118057,-5.364361060174346
15.815,1.8177271202048009,1.8005991747284162,0.0856082867900279,0.01712794547638463,5.684341886089001e-10,-17.648127123096444
15.82,1.8187560772087632,1.801185370878626,0.0878168775788504,0.01757070633013713,586.1961502074814,-13.996668933203011
15.825,1.81980574436164,1.8015761683121,0.0911059052320804,0.018229576049539897,781.594866947477,-3.0107154438646546
15.83,1.8208752278790652,1.8021623644623093,0.0935157849934676,0.01871286341675593,-781.5948669444958,-1.7824292345392223
15.835,1.8219653313071824,1.803139358045993,0.094072638076386,0.01882597326118951,-1172.3923004220744,-16.468884584512693
15.84,1.8230763214934391,1.80392095291294,0.0957115076017043,0.019155368580499044,390.7974334731699,-34.50822712324174
15.845,1.824204098612193,1.8045071490631492,0.0984106264677753,0.019696949549043774,781.5948669483295,-39.66313659873515
15.85,1.8253428891673005,1.8052887439300964,0.1001872758075944,0.020054145237204057,195.39871673601667,-30.375943509285428
15.855,1.826487538049549,1.806070338797043,0.1019939324434863,0.02041719925250618,-195.39871673743775,-16.920665038640657
15.86,1.8276352677640504,1.8070473323807263,0.1028384220254156,0.02058793538332404,-390.79743347345436,-9.45596799681458
15.865,1.8287852736757413,1.8080243259644095,0.1036938304880629,0.020760947711331745,-195.39871673573236,-8.864562020960527
15.87,1.8299365366186504,1.8090013195480927,0.1045563045824454,0.020935217070557677,390.7974334743829,-10.303507190484119
15.875,1.8310878495227725,1.809978313131776,0.105418502703581,0.021109536390996553,390.79743347267737,-13.07052631574459
15.88,1.83223783116908,1.81095530671546,0.1062736239121902,0.02128252445361989,-586.1961502118136,-19.90409334865786
15.885,1.8333849620834528,1.8123230977326168,0.1051613179548271,0.021061864350836013,-390.7974334737385,-28.33947561583834
15.89,1.8345260808890225,1.8133000913163,0.1059724393898422,0.02122598957272248,390.79743347402257,-31.622174246593985
15.895,1.835656707264433,1.81447248361672,0.1057548558654295,0.021184223647712885,390.7974334731703,-27.590936871890037
15.9,1.8367729463028624,1.81564487591714,0.1054647861163205,0.021128070385722397,586.1961502089466,0.9810914343155801
15.905,1.8378714628914667,1.81681726821756,0.1050856644862526,0.02105419467390668,390.7974334722674,30.689230286683852
15.91,1.8389508364737277,1.818380457951453,0.1026564889516336,0.020570378522274613,-7.574385563201484e-10,35.44489964886569
