Bicep,Tricep
0.0024678469562552214,0.004460157721077475
