t_s,q_rad,q_des_rad,jerk
0.009805679321289062,0.0,0.003956698769035521,0.0
0.018828153610229492,0.0,0.019121502589170968,0.0
0.033843278884887695,0.0,0.04752463685646373,0.0
0.05067920684814453,0.00019539871673667023,0.08675475888117064,0.0
0.058150291442871094,0.00039079743347334047,0.13463247053801544,0.276038359678681
0.07614254951477051,0.0015631897338933619,0.1892027493735405,0.8612396821974845
0.08963155746459961,0.0035171769012600643,0.24872564135268185,2.528621790000589
0.10635566711425781,0.007425151235993469,0.31166560413846883,5.0
0.12314772605895996,0.013873308888303588,0.37667984725274023,5.0
0.1387040615081787,0.020321466540613703,0.44260597500019894,5.0
0.14910244941711426,0.024229440875347112,0.5084491998560788,5.0
0.16707801818847656,0.031459193394603915,0.5733693582613256,5.0
0.18070554733276367,0.03693035746323068,0.6366679275273515,5.0
0.19109010696411133,0.04083833179796408,0.6977752118728416,5.0
0.20308732986450195,0.04572329971638084,0.756237837617272,5.0
0.21605992317199707,0.0511944637850076,0.8117066725515487,3.242041337011201
0.22907471656799316,0.056665627853634375,0.8639252624560825,0.5976881874353845
0.2420825958251953,0.06194139320552447,0.912718857857944,-2.112867506329969
0.25608086585998535,0.06741255727415124,0.9579840858271219,-4.028342067754318
0.27014684677124023,0.07307912005951467,0.9996793049320464,-5.0
0.2914597988128662,0.0820674610294015,1.0378157700185626,-5.0
0.3075883388519287,0.08792942253150161,1.0724495513044552,-5.0
0.3219733238220215,0.09340058660012837,1.1036738972021183,-5.0
0.3342466354370117,0.09867635195201847,1.1316121849414045,-5.0
0.3484969139099121,0.10473371217085524,1.1564118841230917,-5.0
0.3640737533569336,0.11137726853990204,1.178239221049397,-5.0
0.37918591499328613,0.11743462875873882,1.197274172793952,-5.0
0.4000544548034668,0.12583677357841566,1.2137074361939415,-5.0
0.4157278537750244,0.13228493123072574,1.2277373583924451,-5.0
0.4275779724121094,0.13716989914914252,1.2395628421889935,-4.798551717284585
0.44317126274108887,0.14322725936797928,1.2493807108833508,-4.612637465801823
0.4581301212310791,0.14948001830355273,1.2573870378766911,-4.411697230568048
0.47292375564575195,0.15514658108891616,1.2637729517121057,-4.191156906494054
0.4881551265716553,0.1613993400244896,1.2687218436187635,-3.955914132509628
0.5102519989013672,0.17077847842784977,1.2724151640657309,-3.713162327121024
0.525122880935669,0.17644504121321322,1.2750310804768707,-3.4695575087186246
0.5411341190338135,0.18289319886552335,1.276732089161866,-2.9542898858388513
0.5571131706237793,0.18934135651783346,1.2776648411176286,-2.690034569313199
0.571115255355835,0.1950079193031969,1.277965806413877,-2.5245333107417474
0.5874319076538086,0.20184687438898036,1.2777658947117592,-2.3919816982311977
0.5962047576904297,0.20536405129024043,1.2771848317151722,-2.266520897750439
0.6100845336914062,0.2110306140756039,1.276321735268655,-2.139982640061592
0.6316707134246826,0.22021435376222737,1.275277750936009,-2.0114599184319673
0.645702600479126,0.2256855178308541,1.2741597168424457,-1.8825799975017885
0.6536736488342285,0.22881189729864085,1.2730433664012581,-1.755481283403632
0.6664512157440186,0.23389226393379428,1.2719747113698006,-1.6320390981831303
0.6771340370178223,0.238191035702001,1.270996387908004,-1.2376055015961744
0.6901106834411621,0.24307600362041779,1.2701505149525343,-1.0920421475604092
0.7125551700592041,0.25245514202377795,1.2694915221692546,-1.0411675431221232
0.7226784229278564,0.2567539137919847,1.2690755599095205,-1.0179548803800578
0.7396266460418701,0.2633974701610315,1.2689352670792111,-0.9958443102205969
0.7498352527618408,0.2676962419292382,1.269088572919114,-1.242377850159065
0.767824649810791,0.274925994448495,1.2695482207261748,-0.9615881674014258
0.7840838432312012,0.28176494953427844,1.270331167202414,-0.8288497483295578
0.8001136779785156,0.288017708469852,1.271448785890948,-0.7590579388081713
0.8207623958587646,0.29622445457279206,1.2729162492654746,-0.7136866861054014
0.8370504379272461,0.30306340965857553,1.2747598648621956,-0.6762351504784548
0.850125789642334,0.30853457372720233,1.2769818094529843,-0.6403347337133651
0.8621923923492432,0.3134195416456191,1.2795635004690795,-0.6040708396025527
0.874976396560669,0.3184999082807725,1.282484765791885,-0.8433695552709985
0.8901596069335938,0.3249480659330826,1.2857249555413655,-0.8397738809693087
0.9033377170562744,0.33022383128497274,1.2892638773223486,-0.7485721046430344
0.917116641998291,0.33549959663686285,1.2930813012201536,-0.6375066357110564
0.9311201572418213,0.3411661594222262,1.2971578647712336,-0.5334974172285682
0.9471032619476318,0.3474189183577997,1.3014744669853928,-0.44512009389576923
0.9634041786193848,0.3544532721603198,1.3060165965646418,-0.3732264911077159
0.9796650409698486,0.36129222724610327,1.3107807315941251,-0.3158217129714417
0.9880945682525635,0.3646140054306266,1.3157518681695888,-0.2701993836632518
1.0056824684143066,0.37203915666662013,1.320901999658063,-0.5098352125210317
1.0211894512176514,0.3780965168854569,1.3262238126965833,-0.5136369785963371
1.0312690734863281,0.3820044912201903,1.3317078191913245,-0.43461419715821814
1.0507655143737793,0.3900158386063938,1.3373366531091502,-0.3387208695281206
1.0679521560668945,0.39685479369217724,1.343111184248898,-0.2515503078396336
1.0834295749664307,0.4031075526277507,1.3490270136923708,-0.18073227981096895
1.1006364822387695,0.4101419064302709,1.3550739684108775,-0.1264664055885983
1.1126036643981934,0.4150268743486876,1.3612405246989165,-0.08632324412691503
1.1302974224090576,0.42245202558468103,1.3675149049676405,-0.05731891792249314
1.1380400657653809,0.42557840505246775,1.373882280330468,-0.03672429163464636
1.1579649448394775,0.43378515115540794,1.3803225219096245,-0.02230987621493862
1.172130823135376,0.4392563152240347,1.386840227014525,-0.012356509110023459
1.187093734741211,0.4453136754428715,1.3934383325600013,-0.005582461203008506
1.2031199932098389,0.45176183309518164,1.4000987525258164,-0.0010522336456741015
1.2257888317108154,0.4611409714985418,1.406823508042339,0.0019073673269277085
1.2411220073699951,0.46719833171737857,1.4136330016615708,0.0037760139465148196
1.2551071643829346,0.4730602932194786,1.4205237145729803,0.004893018239411424
1.270186185836792,0.4793130521550521,1.4274719111306444,0.005497046668537101
1.2841780185699463,0.4849796149404155,1.4344566056717754,0.005755166908015513
1.2999587059020996,0.491232373875989,1.4414629352596664,0.005783799861947157
1.3211133480072021,0.4998299174124025,1.4484969512836265,0.28170205172913204
1.3371291160583496,0.5062780750647126,1.455574991174703,0.31461350873213006
1.360633134841919,0.5158526121848095,1.4627092830233002,0.25924823885352793
1.368084192276001,0.5187835929358594,1.469893229133024,0.18286628532971616
1.3911139965057373,0.5281627313392196,1.4771009126991583,0.11203513541769769
1.4147849082946777,0.5379326671760531,1.4843458238305267,0.05510484112694452
1.4283607006072998,0.54340383124468,1.4916560109041237,0.012806120168051886
1.4420967102050781,0.5490703940300434,1.4990164204822296,-0.2929365103166017
1.4553406238555908,0.5543461593819334,1.506394518450483,-0.06982502239521753
1.4710850715637207,0.560598918317507,1.5137616411033339,-0.27005251014084236
1.4842407703399658,0.5660700823861337,1.521092730018195,-0.2892729355791954
1.4990620613098145,0.5721274426049705,1.5283660636999428,0.0329524287843701
1.5140595436096191,0.577794005390334,1.535562991089868,0.12746672941090378
1.5360841751098633,0.5869777450769574,1.5426835295353196,0.1291707496422243
1.551065444946289,0.5930351052957942,1.5497431898424394,0.09911604674652531
1.567044973373413,0.599678661664841,1.5567383871624676,0.06335603599324378
1.5828328132629395,0.6061268193171511,1.5636508207139386,0.03179304572097527
1.5950732231140137,0.6110117872355679,1.5704650316843511,0.007196947646682283
1.6144318580627441,0.6192185333385081,1.5771755632603324,-0.010568915877483766
1.6230740547180176,0.6223449128062948,1.5837781718294448,0.2534052568623521
1.6450629234313965,0.6309424563427082,1.5902656303729146,0.002827046018773427
1.657996416091919,0.6364136204113349,1.5966462181079282,-0.08982273715188026
1.6660714149475098,0.6395399998791217,1.602909289709152,-0.11293823496358871
1.6860809326171875,0.6477467459820617,1.6090326548563232,-0.10791648948591917
1.6990666389465332,0.653022511333952,1.6150260350908736,-0.09349368543594941
1.7120811939239502,0.6582982766858421,1.6208989148947297,-0.07766214907002514
1.7270917892456055,0.6641602381879422,1.626646952314117,-0.06345304701905218
1.7410619258880615,0.6698268009733056,1.632267853370301,-0.05170466164297308
1.7540721893310547,0.6751025663251957,1.6377611734495447,-0.042360364317905866
1.7700645923614502,0.6819415214109791,1.6431281225158223,-0.035057275465209044
1.7830946445465088,0.6870218880461326,1.6483713751454792,0.2466600043616877
1.7997565269470215,0.6936654444151793,1.6534978338345265,0.28421409078404314
1.811004400253296,0.6985504123335962,1.6585150097863415,0.2326017834205169
1.8263590335845947,0.7051939687026428,1.6634274830246323,0.15929301425600373
1.8380529880523682,0.7098835379043231,1.6682407647290056,0.0910151343617383
1.8510327339172363,0.7149639045394763,1.6729591129494845,-0.2398005432987407
1.8705849647521973,0.7229752519256799,1.6775958622106837,-0.3133824468860183
1.880530834197998,0.7292280108612532,1.6821687906478922,-0.2863939241775767
1.9007353782653809,0.7346991749298801,1.6866908558974631,-0.2287128164263699
1.9150745868682861,0.7409519338654537,1.6911830905005818,-0.16936355296709546
1.9290454387664795,0.7464230979340803,1.6956605854630469,-0.11872114079136699
1.9450454711914062,0.7528712555863905,1.7001254371574506,-0.07907973935288562
1.9684689044952393,0.762641191423224,1.7045934514134702,-0.04956357277280471
1.9820756912231445,0.7683077542085874,1.7090928974006985,-0.3043594002729034
1.9970738887786865,0.7743651144274242,1.7136332516643138,-0.3226018101597268
2.0120010375976562,0.7802270759295242,1.7182078135591434,-0.25733673997463546
2.0260398387908936,0.7858936387148877,1.7228106193977895,-0.17449458366195947
2.04115629196167,0.7921463976504612,1.7274363313925551,-0.09963868031155952
2.05507755279541,0.7978129604358245,1.7320812178910932,-0.04038130788792299
2.0727953910827637,0.8048473142383447,1.7367504272747567,-0.2729593471671232
2.083059310913086,0.8093414847232882,1.7414456808418062,-0.2760046897070337
2.1010735034942627,0.8167666359592817,1.7461612986775557,-0.20124983253779205
2.1116714477539062,0.8210654077274883,1.7508978118087766,-0.11323173593382249
2.1313729286193848,0.8292721538304285,1.7556565891551204,-0.03630753375549563
2.144785165786743,0.8345479191823186,1.7604422074433612,0.022864526408941523
2.1600608825683594,0.840214481967682,1.7652540975070365,0.06480333109677917
2.1750454902648926,0.8464672409032555,1.770082584853236,0.09244701465733782
2.1890268325805664,0.8523292024053557,1.774918927175901,0.10912600516248519
2.208817958831787,0.8605359485082957,1.7797639464463422,0.11779584424584558
2.2211720943450928,0.8656163151434492,1.7846240103601612,0.12082591701467543
2.2353076934814453,0.871087479212076,1.7894942928741238,0.12001436019985595
2.2492473125457764,0.8771448394309127,1.794367730816663,0.11667982213160871
2.2580511569976807,0.8806620163321728,1.7992300995933739,0.38780464814577187
2.278191089630127,0.8886733637183762,1.8040648131614125,0.41509965699534124
2.2938454151153564,0.8945353252204764,1.8088801310143647,0.3537142171525758
2.308173418045044,0.9007880841560499,1.8136891793706147,0.2711923357952262
2.319913148880005,0.90606384950794,1.8184880288005463,0.19428936969850108
2.335892677307129,0.91251200716025,1.8232684319030208,0.13147578543762278
2.3489389419555664,0.9177877725121402,1.828026602841108,0.08355585371224589
2.3639442920684814,0.9238451327309769,1.832759598626748,0.04853379488662836
2.375951051712036,0.9287301006493937,1.837463739373233,0.02373663677295781
2.388962745666504,0.9342012647180205,1.8421362683281777,0.00665851708878952
2.402956247329712,0.9396724287866473,1.846775245645305,-0.004769131686145919
2.414977550506592,0.9445573967050639,1.8513794450811243,-0.01214884598074693
2.4281435012817383,0.9496377633402174,1.8559482548138369,-0.016677193505040364
2.438101291656494,0.953936535108424,1.8604761261997933,-0.01922688857760188
2.4469337463378906,0.9572583132929476,1.8649454704390889,-0.020424292833934498
2.455002546310425,0.9607754901942076,1.869326279223992,-0.020713661124760994
2.474634885787964,0.9689822362971477,1.873607184556021,-0.020407097925943675
2.4819936752319336,0.9719132170481978,1.8778011647779036,-0.019722006620111674
2.503896474838257,0.9805107605846113,1.8819212335197604,0.25722982714623205
2.5189480781555176,0.9867635195201847,1.88599946258947,0.29139358596474063
2.5289714336395264,0.9908668925716548,1.890062915697394,0.2373917474430229
2.5583105087280273,1.0027862142925916,1.8941279485331763,0.43845059460623537
2.5670077800750732,1.0063033911938517,1.8982213992208197,0.4021380347849738
2.5810160636901855,1.0123607514126884,1.902344414377574,0.015427252184625317
2.6049633026123047,1.0223260859662586,1.9064971882833472,0.14125488287469087
2.619929790496826,1.028188047468359,1.9106995965157805,0.13047921453994804
2.6319806575775146,1.0328776166700389,1.9149544754214474,0.0761989103283385
2.6449451446533203,1.0381533820219289,1.9192502514892595,0.01730898424072036
2.659937620162964,1.0438199448072925,1.9235763756176318,-0.3081222216240199
2.674989700317383,1.0498773050261292,1.9279232922300849,-0.37781196412441187
2.688934564590454,1.055934665244966,1.932282400885064,-0.3473781607770127
2.708935022354126,1.0639460126311695,1.93665622558846,-0.2863184603732233
2.716911792755127,1.0670723920989562,1.9410464410949313,-0.22356274266955745
2.73889422416687,1.0762561317855797,1.9454459176802996,0.10653661883166987
2.75022554397583,1.0811410997039963,1.9498532270256947,0.1826849558458657
2.760948657989502,1.0852444727554664,1.9542526585580686,0.16040065947235294
2.77290678024292,1.0901294406738833,1.958620650819243,0.10873026354534401
2.7884223461151123,1.0959914021759836,1.9629523478075974,0.0561101556256302
2.79998779296875,1.1010717688111367,1.967248727391687,0.012508739081573472
2.8097734451293945,1.105175141862607,1.9714960623909923,-0.02005449456522975
2.827932596206665,1.112795691815337,1.9756829048095204,-0.042635764991358654
2.8456661701202393,1.1198300456178572,1.9798277101856314,-0.333239132378296
2.853978157043457,1.1231518238023808,1.9839460835359626,-0.37489374591587965
2.87455677986145,1.1315539686220573,1.988037227701528,-0.3239737591907733
2.882009267807007,1.1346803480898442,1.9921002121748255,-0.24903186354858503
2.8941280841827393,1.1393699172915244,1.9961169506495822,-0.17760549104459905
2.911435127258301,1.1462088723773076,2.0000776343820466,0.15728749780441664
2.928989887237549,1.1534386248965642,2.0040021246197566,-0.04057710009583358
2.9369137287139893,1.1565650043643512,2.007895926682661,-0.0958700824484568
2.949962854385376,1.1620361684329779,2.0117388475899545,-0.09359889695829425
2.9720258712768555,1.1712199081196015,2.0155293241094268,-0.34813874758123897
2.9849681854248047,1.1764956734714915,2.019287113749635,-0.35679315556446356
3.0000712871551514,1.1823576349735918,2.0230184083929355,-0.28034659563413866
3.023155450820923,1.1919321720936886,2.026727022900512,-0.18765821127478963
3.0369913578033447,1.1975987348790518,2.030425104216569,0.17093950573650274
3.0530543327331543,1.2038514938146252,2.0341128099510697,-0.007101531796798899
3.0663092136383057,1.2091272591665154,2.0377803169578996,-0.047988873101827645
3.0800182819366455,1.2151846193853522,2.0414190205158236,-0.036368262896151964
3.095003843307495,1.2214373783209256,2.0450214696098183,-0.009611589088360763
3.102973222732544,1.224759156505449,2.048572753157726,0.017050468244881878
3.1211400032043457,1.2321843077414425,2.0520597868675683,0.03841166256109838
3.129019021987915,1.2351152884924925,2.0554806295533377,0.05354641211497156
3.1370110511779785,1.2384370666770161,2.0588187694835773,0.06315808709480455
3.1583590507507324,1.246839211496693,2.0620623383464394,0.06840721677040743
3.1780447959899902,1.2548505588828962,2.0652344423485265,-0.20560497406010114
3.1948530673980713,1.2616895139686797,2.0683620068786928,0.03706698521012333
3.2129886150360107,1.2691146652046732,2.071459199314196,0.12352040505039308
3.227936267852783,1.2751720254235102,2.0745350125076905,0.1417630605638715
3.2429819107055664,1.28162018307582,2.077589118734192,0.13287458868979912
3.264432430267334,1.2900223278954968,2.0806222855358953,0.11534420838878817
3.278671979904175,1.2958842893975973,2.083642439655805,0.09697777533080297
3.2949979305267334,1.3025278457666438,2.0866497206184715,0.3567063819408127
3.3174221515655518,1.3119069841700037,2.089643258733385,0.37631431980603214
3.3259928226470947,1.3150333636377907,2.092621678264869,0.31036212230331833
3.3392281532287598,1.3203091289896807,2.0955713542663883,0.2256661332701024
3.3499810695648193,1.324412502041151,2.0984808713676184,-0.12771947199762834
3.3579511642456055,1.3277342802256742,2.101338950166566,-0.2229088753493761
3.379952907562256,1.3367226211955612,2.104136459373219,-0.21419820854306276
3.4014596939086914,1.3459063608821848,2.106886282967493,-0.1711163673365932
3.409956216812134,1.3490327403499716,2.109599677776675,-0.12309916139446342
3.4287688732147217,1.3568486890194382,2.112274605481107,-0.0811388471996955
3.4369375705718994,1.359975068487225,2.114909574716711,-0.04812764567820432
3.459052562713623,1.3691588081738484,2.117503275375666,0.2523457047002833
3.4739491939544678,1.3748253709592118,2.120061177486833,0.30278542230363464
3.495412588119507,1.3832275157788887,2.122593677893531,0.259497338741195
3.5029454231262207,1.386549293963412,2.125103008272611,0.19113967101529988
3.5229883193969727,1.3947560400663521,2.1275845721112554,0.12540387800448197
3.536926031112671,1.4004226028517157,2.1300401890078877,0.07149728278795389
3.551950454711914,1.4062845643538158,2.132471239188453,0.030783974958885275
3.567476749420166,1.412537323289389,2.1348732687745446,-0.27435333322213473
3.577990770339966,1.4170314937743325,2.137242359865626,-0.3273284812847072
3.5920331478118896,1.4226980565596958,2.1395738775008724,-0.28511419388189096
3.604970693588257,1.427583024478113,2.1418638477244722,-0.216848252539122
3.6170825958251953,1.4324679923965296,2.1441095116114517,-0.15056202845229488
3.631028652191162,1.4379391564651562,2.1463085684892076,-0.09570091155706395
3.645963430404663,1.443996516683993,2.148459138302603,-0.053793880448799514
3.6633267402648926,1.4512262692032498,2.1505605619788892,-0.02337487430922619
3.675917387008667,1.4563066358384031,2.1526123938175528,-0.002154124884379615
3.6956875324249268,1.46412258450787,2.154616308308761,0.01209869298627992
3.7109477519989014,1.4699845460099703,2.1565779314690063,0.02125461718517393
3.7269275188446045,1.476628102379017,2.1584997016426652,0.026774660617800754
3.7390475273132324,1.481317671580697,2.160379401158027,0.029753846264033587
3.7539262771606445,1.4871796330827973,2.162214633089709,0.03099178427511821
3.7698488235473633,1.4934323920183705,2.164003904970959,0.031061930914244328
3.7844793796539307,1.4998805496706806,2.1657470183358627,-0.24566838197941496
3.80234432220459,1.5073057009066742,2.1674457775667486,-0.279963303130393
3.8141651153564453,1.5117998713916176,2.1691017426426615,-0.2263184334841005
3.8257665634155273,1.516294041876561,2.170712383298507,-0.15183365523196996
3.8359477519989014,1.5200066174945577,2.172273249589721,-0.0829685304139242
3.855835437774658,1.5278225661640248,2.1737837706703314,-0.02800168535210848
3.8657732009887695,1.5319259392154947,2.175246146912575,-0.2636561263879917
3.8758864402770996,1.535833913550228,2.176659101139748,-0.26891404455526047
3.8889453411102295,1.5413050776188546,2.178019973091841,-0.1957583093722513
3.900383710861206,1.5457992481037983,2.1793285721975293,-0.10890386778285377
3.9139716625213623,1.5510750134556883,2.1805855128547353,-0.03283394021917061
3.9278838634490967,1.556741576241052,2.181791176736462,0.025704094873786155
3.942946434020996,1.5627989364598887,2.182945657765735,-0.20887217489374144
3.9587297439575195,1.5694424928289352,2.18404881566727,-0.21471693379298346
3.979689359664917,1.5776492389318757,2.1851009923874916,-0.14322303879630885
3.989605665206909,1.5811664158331356,2.1861021274682018,-0.05869126082897175
4.006590127944946,1.588005370918919,2.187050116610935,-0.2613563869075775
4.021975755691528,1.5940627311377558,2.1879419203750174,-0.2388179058125543
4.0346999168396,1.5989476990561724,2.1887743311583074,-0.14518035974587956
4.050952672958374,1.605200457991746,2.1895437892049103,-0.32073624387275057
4.066457509994507,1.6114532169273195,2.190246575800594,-0.26972959993259826
4.07891058921814,1.616533583562473,2.1908789758145093,-0.15222432910441244
4.091941833496094,1.6216139501976263,2.1914375273022855,-0.03380580992633872
4.10703706741333,1.627671310416463,2.191918642435465,0.06281292629566115
4.121727705001831,1.6333378732018264,2.1923182400693855,0.1333008174081006
4.132834434509277,1.6376366449700333,2.192632885987026,0.18038226727508044
4.14925217628479,1.6438894039056067,2.192860057674401,0.20881678037889545
4.15986442565918,1.6481881756738137,2.192997222810722,0.2233386209907134
4.171851634979248,1.6530731435922303,2.193042342155394,0.2279413678920041
4.186965227127075,1.659130503811067,2.1929936056408303,-0.050298011386207514
4.203423738479614,1.6653832627466405,2.1928480186138604,-0.09010513741601762
4.224916219711304,1.6737854075663172,2.192597978024629,-0.044492462305149576
4.239908933639526,1.6796473690684175,2.1922339695929107,0.020492890049663707
4.262210845947266,1.6882449126048311,2.191748146683245,0.07912311284893031
4.2750303745269775,1.6927390830897744,2.191133493004129,0.12361776424530596
4.282933473587036,1.6956700638408244,2.1903943395942957,0.1536233647136895
4.302642345428467,1.7040722086605014,2.189539929921889,0.17141894631768217
4.3189287185668945,1.7103249675960746,2.1885671502708384,0.17984471398681035
4.3316051959991455,1.7154053342312279,2.1874715501157582,0.1814943691438792
4.345101594924927,1.720681099583118,2.1862565354869843,0.1784707491625555
4.3580873012542725,1.7253706687847985,2.1849277670450435,0.17237517339315667
4.3729212284088135,1.731428029003635,2.1834908088746783,0.16438008517546568
4.386904239654541,1.7368991930722617,2.1819511031096805,0.1553198596886537
4.4019060134887695,1.742565755857625,2.1803139480217277,0.14577426452742512
4.416873216629028,1.748232318642989,2.178584479333886,0.13613675223733884
4.434044361114502,1.7548758750120355,2.1767643302629187,0.12666712894000862
4.4512200355529785,1.7615194313810822,2.1748515054397686,0.11753078877755854
4.469540357589722,1.768749183900339,2.172843179566082,0.10882730095011467
4.482862234115601,1.7736341518187557,2.170737101045293,0.10061092665034568
4.499671220779419,1.780082309471066,2.168535080193425,0.0929051829036
4.519442319869995,1.7878982581405327,2.1662351816511833,0.08571309131202628
4.531132698059082,1.7921970299087393,2.163835481508808,0.07902433602109596
4.546605825424194,1.7980589914108396,2.161343242196833,0.07282022649193315
4.561872482299805,1.8041163516296763,2.1587642005094563,0.06707711099064723
4.5779197216033936,1.8101737118485133,2.156104256257263,0.061768702179780824
4.588526487350464,1.8144724836167199,2.15337306727302,0.05686764217111012
4.599893093109131,1.8193574515351367,2.1505818077374474,0.0523465381723472
4.615878105163574,1.8252194130372366,2.1477403193802833,0.048178631310481335
4.631886959075928,1.8310813745393368,2.14485224243855,0.04433821265471177
4.6551172733306885,1.839874316792487,2.141910994315715,0.0408008661940249
4.669846773147583,1.8451500821443771,2.1389038232501276,0.037543594413403485
4.6849329471588135,1.8510120436464772,2.1358301426368738,0.03454486518513036
4.698888778686523,1.8566786064318406,2.132699756582939,0.0317846068298171
4.714845657348633,1.8627359666506773,2.1295213337631576,0.029244169901131975
4.729344844818115,1.868207130719304,2.126300549173168,0.02690626844946437
4.749796390533447,1.8760230793887709,2.1230318880261265,0.024754909475832976
4.764910697937012,1.8818850408908712,2.11970420680175,0.02277531647143253
4.774651050567627,1.8857930152256044,2.116324385728384,-0.2550845086963065
4.787338733673096,1.8902871857105479,2.1129126673963543,-0.28988502805584787
4.803814649581909,1.8963445459293846,2.1094751372230336,-0.2363297319301766
4.812731742858887,1.9000571215473812,2.106013854616377,-0.16166341269887896
4.829347372055054,1.9065052791996915,2.1025377151933564,-0.09244598372922293
4.842939376831055,1.9117810445515817,2.099044286296676,-0.03702505712330295
4.856055021286011,1.9162752150365252,2.0955301947862943,0.003867720351915682
4.864484786987305,1.9195969932210482,2.092007341643532,-0.2437719662362557
4.877326488494873,1.9246773598562017,2.0884927317594824,-0.2583039425275049
4.888883113861084,1.9291715303411452,2.0849958448970813,0.08412384638126219
4.901273488998413,1.9338610995428254,2.0815196436934458,0.1993835539564772
4.915853977203369,1.9391368648947156,2.0780631076938714,0.21720319225546977
4.927869558334351,1.9436310353796589,2.074620546106563,0.1976549586636912
4.942828893661499,1.9492975981650225,2.0711866250930293,0.16741657520152461
4.965152740478516,1.957699742984699,2.067745779310852,-0.13856610224216664
4.978952646255493,1.9629755083365892,2.0642726308660198,-0.19750058072805177
4.98814582824707,1.966688083954586,2.0607642109659325,-0.1633179812683951
4.998887062072754,1.970986855722793,2.05724205446469,-0.3797249205111013
5.018052339553833,1.978021209525313,2.053713522907947,-0.3551093140350942
5.028119802474976,1.981538386426573,2.0501671605079976,-0.2533001012996719
5.043050527572632,1.9870095504951997,2.0465994869242947,-0.418977056231445
5.0597147941589355,1.9928715119973,2.0430059351781513,-0.6342782110403076
5.074826002120972,1.9979518786324533,2.0393752434520613,-1.3691165196208053
5.090863943099976,2.0024460491173963,2.0357048746038573,-2.9433121938861078
5.113602161407471,2.00811261190276,2.031985095981217,-4.729402375143408
5.127147912979126,2.0114343900872833,2.0281965100257415,-5.0
5.139908075332642,2.0137791746881235,2.0243388028403717,-5.0
5.1478002071380615,2.0151469657052803,2.020435192785121,-5.0
5.167240619659424,2.017296351589384,2.0165022222687106,-5.0
5.179137468338013,2.017882547739594,2.0125326490592883,-5.0
5.186862468719482,2.017882547739594,2.0085318184893186,-5.0
5.20731258392334,2.0176871490228567,2.0045119975258543,-5.0
5.21881365776062,2.017100952872647,2.000463753202766,-5.0
5.2351226806640625,2.0161239592889637,1.9963795857376678,-5.0
5.25086784362793,2.0143653708383336,1.992257585433173,-5.0
5.263859748840332,2.01280218110444,1.9880977791597776,-5.0
5.2781383991241455,2.0104573965036003,1.983905875284002,-5.0
5.29379940032959,2.0071356183190767,1.979686773473837,-5.0
5.306860446929932,2.004400036284763,1.975442568830064,-5.0
5.320864200592041,2.00107825810024,1.9711750149674305,-5.0
5.340522766113281,1.9959978914650867,1.9668781333945253,-5.0
5.349976062774658,1.993262309430773,1.9625447830748906,-4.1006788415785955
5.361798048019409,1.9893543350960396,1.9581859534253498,-3.4079597990760035
5.374754905700684,1.9846647658943595,1.9538151693722827,-1.7683342996711615
5.3885626792907715,1.979779797975943,1.9494352312492238,-1.7703439125067344
5.403332233428955,1.9741132351905792,1.9450445318027514,-1.4512189990588404
5.41480827331543,1.969619064705636,1.9406415093574139,-1.0719078737140484
5.4288413524627686,1.9633663057700625,1.93622792035387,-0.1803462881120531
5.4418604373931885,1.957699742984699,1.9318050458033844,0.15685068052838708
5.45696496963501,1.9512515853323888,1.9273710075349975,1.6297844086925641
5.474655866622925,1.9440218328131322,1.9229156271394654,2.616933832810517
5.492339849472046,1.9362058841436656,1.91841780832615,4.0568141934855015
5.509851694107056,1.9291715303411452,1.9138614124405207,5.0
5.533397436141968,1.9190107970708385,1.9092305486843064,5.0
5.543156862258911,1.9149074240193684,1.9045122397299825,5.0
5.561865568161011,1.9070914753499015,1.8997121712017557,5.0
5.575484752655029,1.9010341151310648,1.8948339583859657,5.0
5.589874505996704,1.8947813561954912,1.8898813365328,5.0
5.6038689613342285,1.8891147934101278,1.8848667443942595,5.0
5.615852355957031,1.8846206229251845,1.8798011710429208,5.0
5.629812717437744,1.8791494588565578,1.874694238260781,5.0
5.648689270019531,1.8721151050540379,1.8695530897188837,5.0
5.672842025756836,1.8635175615176243,1.8643675841461096,5.0
5.6915459632873535,1.857069403865314,1.859112369056486,5.0
5.711031198501587,1.8506212462130038,1.8537661750636754,5.0
5.725262403488159,1.8461270757280606,1.8483163493769528,5.0
5.738768100738525,1.8422191013933271,1.8427695903601158,5.0
5.747781276702881,1.8396789180757502,1.8371589725712678,5.0
5.765767335891724,1.8345985514405967,1.831512973539119,5.0
5.77878212928772,1.8308859758226002,1.825829699970775,5.0
5.794813632965088,1.8265872040543936,1.8201077176835447,5.0
5.809114694595337,1.8230700271531333,1.814358424264006,4.764202135937289
5.828989505767822,1.8177942618012435,1.8085742488663628,4.84309023272614
5.84481406211853,1.8138862874665098,1.802732872304796,4.674163028047955
5.858768939971924,1.8099783131317762,1.7968329492052673,4.1254071491709645
5.87374472618103,1.8062657375137796,1.7908903330001678,3.509105168398478
5.881741762161255,1.8041163516296763,1.7849362343202977,2.3939647377843203
5.896093368530273,1.7998175798614697,1.7790119160117388,1.0253090716057425
5.923694849014282,1.7910246376083194,1.7730986986461987,-1.2813910714246286
5.937506675720215,1.786530467123376,1.767132447963846,-3.4364918159684272
5.951054334640503,1.7814501004882224,1.761094507419188,-5.0
5.965819597244263,1.776369733853069,1.7550024646163405,-5.0
5.978302955627441,1.7718755633681256,1.7488716044756738,-5.0
5.991652488708496,1.7662090005827624,1.7427150689791882,-5.0
6.003327131271362,1.7615194313810822,1.736548072666623,-5.0
6.011819124221802,1.7576114570463488,1.7304016147068702,-5.0
6.032192945480347,1.7496001096601452,1.7242932589250144,-5.0
6.047852516174316,1.742761154574362,1.718200529302611,-5.0
6.060821533203125,1.7376807879392087,1.7121079951432687,-4.276387289744036
6.0767693519592285,1.7308418328534252,1.706020612767526,-3.3435692984811154
6.0907511711120605,1.7247844726345882,1.6999422379046305,-2.2044614338134796
6.103745460510254,1.7193133085659613,1.693875748350565,-0.912866827311944
6.120696783065796,1.7122789547634414,1.6878182888776645,0.19337993675255705
6.136693239212036,1.7050492022441845,1.6817551889664726,0.7513988914603693
6.144824266433716,1.7015320253429245,1.675683601071114,1.5699248228206448
6.157805919647217,1.6960608612742978,1.6696247294969995,2.0219366161520615
6.170793056488037,1.690589697205671,1.6635912175705585,2.2457853769114147
6.179306745529175,1.6872679190211477,1.6575975449901312,2.3266849521153246
6.198748350143433,1.679256571634944,1.6516551947056075,2.318263750856266
6.212809801101685,1.6731992114161074,1.6457404824574229,2.2548621228050854
6.225796222686768,1.6677280473474807,1.6398327823557148,2.1587447611828487
6.24980354309082,1.6575673140771736,1.633911209590605,2.04445029492482
6.263786792755127,1.6517053525750736,1.6279386339437332,1.9214853460240096
6.27877950668335,1.6450617962060268,1.6219033345461251,2.07207237752976
6.294269561767578,1.6386136385537167,1.6158131183310291,1.7051900228525385
6.30570912361145,1.6339240693520367,1.6096750791778491,1.49696625261762
6.318739414215088,1.62845290528341,1.6034999654693307,1.6374678275649475
6.331722736358643,1.622981741214783,1.5972971343758156,1.5678756908115679
6.341048240661621,1.6190737668800494,1.5910790606673928,1.425041376583974
6.353691816329956,1.6137980015281594,1.5848606873126907,1.2686611043938179
6.369056940078735,1.6067636477256393,1.5786412836889985,1.122407352203211
6.3834826946258545,1.6007062875068025,1.572411981679641,0.9937336641422356
6.396400451660156,1.5954305221549125,1.5661718007313592,0.8832439534928594
6.405086040496826,1.5919133452536525,1.5599346344363294,0.7890036011514061
6.421496868133545,1.5846835927343956,1.5537179443811868,0.7084331659162393
6.430537462234497,1.5807756183996624,1.547530194963115,0.6390716286930436
6.441726446151733,1.5764768466314556,1.541386227862781,0.5788291891576675
6.454726219177246,1.571396479996302,1.535295654649098,0.5260232123196648
6.467825412750244,1.565534518494202,1.5292516494063702,0.4793326335215875
6.47925329208374,1.5608449492925216,1.5232446950521168,0.4377304312617919
6.493864297866821,1.5543967916402117,1.5172660965819038,0.40041833950153566
6.508859157562256,1.5481440327046383,1.5113079708525026,0.09073358100379875
6.520893573760986,1.5430636660694848,1.5053632274595212,0.027134484637800424
6.535796642303467,1.5366155084171749,1.4994255423310794,0.33057154565086105
6.5507659912109375,1.5303627494816012,1.4934893255031372,0.13849762984229705
6.564775466918945,1.5246961866962379,1.4875496843912246,0.09773961162134646
6.576884508132935,1.5194204213443476,1.4816023837287107,0.11227646054620488
6.590814590454102,1.5137538585589845,1.4756438032043004,-0.13552942180897015
6.6047682762146,1.508087295773621,1.4696708937018403,-0.14306183324846883
6.624879598617554,1.4990989548037343,1.4636620699184781,-0.07007828688064306
6.632758140563965,1.4955817779024738,1.4575994184595968,0.015805463533835405
6.651777505874634,1.4877658292330072,1.4514896726720947,0.08933550151025209
6.666146993637085,1.4819038677309073,1.4453183471010707,0.14384491084782758
6.675900459289551,1.4779958933961739,1.4390792601021571,0.18014675105944944
6.684786796569824,1.4738925203447035,1.4328093007088116,0.47756500303823607
6.699762344360352,1.4674443626923934,1.4265415327649915,0.5207841320150415
6.716656684875488,1.4606054076066102,1.4202792717895487,0.1916517396166823
6.72979211807251,1.45532964225472,1.4140159596036208,0.35493421037314776
6.738312005996704,1.4516170666367234,1.4077706056475912,0.36545302741864405
6.7516772747039795,1.4459505038513598,1.4015682191393182,0.044359576722843935
6.774970531463623,1.4361805680145263,1.3953707348294775,-0.04699922379544272
6.782797574996948,1.432858789830003,1.3891273199868313,-0.04646130417254354
6.790740013122559,1.4297324103622162,1.3828750143080417,-0.015877309742492875
6.806485176086426,1.423284252709906,1.376659855131775,0.29479944922929724
6.828003168106079,1.4142959117400193,1.3704413927392534,0.35706154110949606
6.835798740386963,1.4111695322722326,1.364174576616119,0.3232195742356541
6.849847793579102,1.4053075707701321,1.357875269064379,0.2609834392581898
6.870764970779419,1.396514628516982,1.351541730887852,-0.07774091315257417
6.886464357376099,1.3896756734311988,1.3451356815769737,-0.16416559398244468
6.9008073806762695,1.3834229144956252,1.338646574312258,-0.15095910407770619
6.914770603179932,1.377756351710262,1.3320874673689753,-0.10636910102947134
6.92543625831604,1.373457579942055,1.3254741685820501,-0.05886927811583828
6.940765619277954,1.3672048210064816,1.3188207276240629,0.25728733145691246
6.9547412395477295,1.3613428595043817,1.3121317636136953,0.32075586285896707
6.969602584838867,1.3548947018520714,1.3054131859014437,0.28695074176931623
6.984781265258789,1.348641942916498,1.2986742525285644,0.22480306868323474
6.992690801620483,1.3453201647319744,1.2919409225779381,0.16263951491633596
7.021762847900391,1.3330100455775644,1.2852141089983062,0.11033024860699209
7.035754919052124,1.327343482792201,1.2784331451164774,0.06980886047446228
7.048736095428467,1.3216769200068375,1.271568422720088,0.039944526534410385
7.062739372253418,1.316010357221474,1.264637959544565,0.018706653174450024
7.0854651927948,1.3066312188181142,1.25763693441132,0.004057216221661459
7.100000619888306,1.3003784598825405,1.2505412899209545,-0.005736037781714504
7.107733964920044,1.2972520804147536,1.2433738168360695,-0.012036050161337599
7.12273383140564,1.2908039227624437,1.2361880945299033,-0.015869803784091138
7.132754325866699,1.2870913471444472,1.229008777870144,-0.01799057125331383
7.144398927688599,1.28220637922603,1.2218558855522819,-0.018940924506974103
7.158675670623779,1.2759536202904564,1.214746059055022,-0.019106546170950804
7.167747735977173,1.2716548485222499,1.2076936168177657,-0.018758737592809105
7.186743497848511,1.2642296972862568,1.2007099914136434,0.25795177642327455
7.201149225234985,1.2579769383506831,1.1937746961551472,0.2919423029314907
7.21271538734436,1.253091970432266,1.1868698791986694,0.23781548579054101
7.220834016799927,1.2499655909644793,1.1800194471219108,0.16274519342173746
7.240842819213867,1.2415634461448029,1.1732430838271894,0.09324151525865651
7.256220817565918,1.234919889775756,1.1665060714980449,0.03761708753761666
7.2677435874938965,1.2304257192908123,1.1597788361030217,-0.003420985324473269
7.283782243728638,1.223586764205029,1.1530628007435062,-0.03192396625430058
7.293758153915405,1.219483391153559,1.1463594844333558,-0.050591993610283735
7.3018293380737305,1.2161616129690356,1.1397026047338954,-0.06193913679444232
7.330383539199829,1.2038514938146252,1.1331024941748231,0.2080086312498733
7.343098878860474,1.1985757284627352,1.1264984967855476,0.23870882152770917
7.357238531112671,1.1929091656773718,1.119857530799183,0.18367374975363077
7.371750354766846,1.1866564067417984,1.1131931573937819,0.1092845022388039
7.379775762557983,1.1835300272740117,1.1065383304593062,0.04148575313638088
7.4007556438446045,1.1749324837375983,1.099921996700571,-0.011806922185351114
7.408649444580078,1.1718061042698116,1.0933501531306622,-0.0501613503723905
7.428767919540405,1.163208560733398,1.0868286259089455,-0.07581638542199617
7.450877666473389,1.1538294223300378,1.0803289011130348,-0.09159796259695567
7.464751482009888,1.1479674608279375,1.0738115175743193,-0.10010261112176674
7.48078727722168,1.1415193031756277,1.0672803819436998,-0.1034469740681547
7.495817184448242,1.1352665442400542,1.0607577122630996,-0.10325293240956557
7.518836736679077,1.125887405836694,1.054248575565601,-0.37675571687311726
7.534701347351074,1.1190484507509104,1.0477437137785854,-0.405863922018773
7.555430173873901,1.1106463059312337,1.04124266896542,-0.34587614658214316
7.563796758651733,1.1071291290299736,1.0347614829322516,-0.26444662897201787
7.585018634796143,1.09794538934335,1.0283215925040048,-0.46444947885901966
7.598990201950073,1.0922788265579866,1.0219275418816913,-0.43546125617648157
7.614425897598267,1.0860260676224132,1.015583644893764,-0.3330201353621359
7.630661725997925,1.07918711253663,1.00930726128689,-0.2223947526797783
7.653549671173096,1.0698079741332696,1.00310063306837,0.14855423632533488
7.6687352657318115,1.0633598164809595,0.9969509317292758,-0.02101225153788637
7.6887123584747314,1.0549576716612825,0.9908533090624363,0.21992177611714497
7.69865870475769,1.0506588998930757,0.9848163624184404,0.26858208352248547
7.720747947692871,1.0414751602064523,0.9788453288263509,-0.033176550080578654
7.732905149459839,1.0365901922880356,0.9729363509564601,-0.11399946402407032
7.7496559619903564,1.0297512372022521,0.9670920278140214,-0.10695672901969064
7.75765061378479,1.0268202564512021,0.9613269631970731,-0.07167589395660892
7.765681743621826,1.0234984782666787,0.9556815074622796,-0.033145638609138
7.7926294803619385,1.0119699539792153,0.9501649380407214,0.2755462888958761
7.804738998413086,1.0070849860607984,0.9447233007293351,0.3332338934641629
7.817809343338013,1.0016138219921717,0.9393251827229406,0.29513865445734566
7.828954219818115,0.9969242527904917,0.9339788642038325,0.22989777137715872
7.843760967254639,0.990671493854918,0.9286894652336732,0.16555298543399644
7.851667881011963,0.9875451143871313,0.9234631272991399,0.11173561627297887
7.8736348152160645,0.9783613747005078,0.9183037683994573,0.07019254806117287
7.881643295288086,0.9752349952327212,0.9132041274261373,0.039652677138458735
7.899556636810303,0.9680052427134643,0.9081630799375913,0.01798257909252633
7.923764705657959,0.9574537120096842,0.9031470797618747,0.0030700755924845478
7.9397077560424805,0.9510055543573741,0.8981003057138021,0.2691684119728773
7.954624891281128,0.9449481941385374,0.8930087341427728,0.29592517426008447
7.969771385192871,0.9386954352029638,0.887883932011928,0.23697906276357228
7.985509157180786,0.9324426762673904,0.8827335957285846,0.15879263833993668
8.004623174667358,0.9240405314477135,0.8775521429665115,0.08736074213413574
8.018646240234375,0.9183739686623502,0.8723309381228351,0.030627535388039952
8.031705379486084,0.91309820331046,0.8670796768768602,-0.010960914494975684
8.045790195465088,0.9072362418083599,0.861819334424808,-0.039639416216386766
8.058698654174805,0.9015696790229966,0.8565696134232822,-0.0582363263081064
8.066681861877441,0.8980525021217365,0.8513604117470105,-0.06935471506195479
8.087411642074585,0.889454958585323,0.846218183234495,-0.07512026950097733
8.095688819885254,0.8861331804007996,0.8411536690355448,-0.07716531271321658
8.10694694519043,0.8816390099158562,0.8361900515169107,-0.07669780934752088
8.130707502365112,0.8716736753622859,0.8313367118807995,-0.07458971791113195
8.143616199493408,0.8665933087271326,0.8265736809156576,0.20457954180480611
8.159613370895386,0.8601451510748225,0.8218944858890721,0.24142702418029344
8.179653644561768,0.8513522088216723,0.8172969117035949,-0.085689611367877
8.187609195709229,0.8482258293538855,0.812778321867417,0.08525446256032806
8.208629369735718,0.8392374883839987,0.808345345937853,0.1070332976641998
8.216716527938843,0.8359157101994752,0.8040023777973991,0.07535854762494704
8.230668783187866,0.8302491474141118,0.7997621603615508,0.03158564310562333
8.259063959121704,0.8187206231266484,0.795612863000817,-0.008145043014939148
8.267510652542114,0.8152034462253882,0.7915199807455825,-0.03892756393204085
8.28742265701294,0.8066059026889748,0.7874733578837029,0.21552539376652202
8.303776979446411,0.7997669476031912,0.783466107551418,-0.041184910465976
8.327900886535645,0.7899970117663577,0.7794805397063352,0.13885611104689685
8.335750818252563,0.7864798348650976,0.7755102421057891,0.14761863235109418
8.3577401638031,0.7778822913286844,0.7715605487665463,0.09779317395202072
8.365592241287231,0.7749513105776341,0.767635780880178,0.03739570509692042
8.38668441772461,0.766744564474694,0.763739717523574,0.26065917917498854
8.401597261428833,0.7614687991228039,0.7598652179770186,1.0817902260099936
8.41978907585144,0.7552160401872305,0.7559990374359586,2.4785149690191846
8.427664041519165,0.7526758568696538,0.752141590394782,3.2133842820392537
8.441673755645752,0.7485724838181836,0.748309648782269,5.0
8.457548141479492,0.7446645094834503,0.7445155700850798,5.0
8.471920013427734,0.7411473325821902,0.7407596361263729,5.0
8.488332271575928,0.7370439595307202,0.7370415471215069,5.0
8.497713804244995,0.7350899723633534,0.7333665993289405,5.0
8.511715650558472,0.73235439032904,0.7297489317597214,5.0
8.521671772003174,0.7305958018784101,0.7262015078135813,5.0
8.54356861114502,0.7268832262604134,0.7227264012143297,5.0
8.55726170539856,0.7251246378097833,0.7193175125705294,4.841221319884856
8.567842483520508,0.72356144807589,0.715978180922982,4.133919651663996
8.576681137084961,0.7225844544922065,0.7127247223401333,3.88685058177251
8.59274673461914,0.7206304673248398,0.7095710380657104,2.9601622458051393
8.611660242080688,0.7182856827239998,0.7065171313724051,2.507262062402808
8.627601623535156,0.716331695556633,0.7035547914881163,1.7108088348666692
8.642768383026123,0.7143777083892665,0.7006829500362605,0.38245121497554146
8.655611991882324,0.7124237212218996,0.6979062377969721,-1.421457805411592
8.67058277130127,0.7102743353377963,0.6952284592956991,-3.294732528898695
8.692750215530396,0.7067571584365363,0.6926490415333031,-4.794884020974556
8.70857834815979,0.7036307789687495,0.6901639139104535,-5.0
8.72361135482788,0.7008951969344361,0.6877734640012189,-5.0
8.73909878730774,0.6975734187499129,0.6854813342654119,-5.0
8.752692222595215,0.6948378367155994,0.6832901977302068,-5.0
8.765262842178345,0.6921022546812859,0.6812020653495031,-5.0
8.77959156036377,0.6893666726469726,0.6792180831903687,-5.0
8.800129652023315,0.6848725021620292,0.6773367734278474,-5.0
8.807582378387451,0.6831139137113991,0.6755562515615984,-4.929136340553462
8.825563907623291,0.6794013380934025,0.6738769229277892,-5.0
8.834601163864136,0.6776427496427724,0.6722984335716901,-4.232635015482102
8.842640161514282,0.6760795599088789,0.6708214823701711,-3.0072877804239573
8.86290168762207,0.6723669842908824,0.6694454825542585,-1.2791220626304252
8.874577522277832,0.6706083958402522,0.6681651251168481,0.5739875446533423
8.89763879776001,0.6674820163724656,0.666974846837278,2.384388768111869
8.912723541259766,0.6657234279218355,0.6658696343874069,4.0844873539829525
8.926720142364502,0.6643556369046788,0.6648454293454873,5.0
8.949658393859863,0.6622062510205755,0.6638985261246528,5.0
8.965686798095703,0.6610338587201554,0.6630244035416946,5.0
8.980646848678589,0.6602522638532087,0.662219487471606,5.0
9.003744840621948,0.6592752702695254,0.6614804161797352,5.0
9.0195791721344,0.6588844728360521,0.6608032514943992,4.789344883913791
9.033632040023804,0.6584936754025786,0.660184693143982,4.893766822707278
9.056814432144165,0.6581028779691054,0.6596215486877351,4.192963123892756
9.072316884994507,0.6579074792523687,0.6591102251486324,3.315713915056495
9.086658716201782,0.6577120805356321,0.6586476049476812,2.2324996750127557
9.101672887802124,0.6577120805356321,0.6582309444059786,1.2619854044284062
9.12319540977478,0.6575166818188953,0.6578572084689613,-0.055062308789535774
9.138726472854614,0.6573212831021586,0.6575231658139977,-0.956755617639933
9.15158224105835,0.6573212831021586,0.6572259493289356,-1.5419020121906915
9.166569471359253,0.6573212831021586,0.6569629844479534,-2.171478020904751
9.175928354263306,0.6573212831021586,0.6567317992474914,-2.3936448277941675
9.195573806762695,0.6575166818188953,0.6565299539023851,-2.6897288001322104
9.203641414642334,0.6573212831021586,0.6563549702204865,-2.9210813993989047
9.223718643188477,0.6573212831021586,0.6562044602261883,-2.7765421662044787
9.231659412384033,0.6573212831021586,0.6560761027581448,-2.7811480709487424
9.250418424606323,0.6573212831021586,0.65596768217134,-2.799529811356466
9.258583784103394,0.6573212831021586,0.6558771091415432,-2.785260482434082
9.279589891433716,0.6573212831021586,0.6558024250987846,-2.729765555893443
9.288067817687988,0.6573212831021586,0.6557417974882512,-2.638782836291731
9.311797142028809,0.6573212831021586,0.6556934776655874,-2.5219943700131777
9.320080280303955,0.6573212831021586,0.6556557980533243,-2.3888223294574473
9.340698480606079,0.6573212831021586,0.6556272760839403,-2.247011597736565
9.354243993759155,0.6573212831021586,0.6556066090263487,-2.1023991073146315
9.367638349533081,0.6571258843854221,0.6555926271866092,-1.9591320344833547
9.380492925643921,0.6571258843854221,0.6555843077909365,-1.820009345540405
9.395548582077026,0.6573212831021586,0.655580727800739,-1.6868143469621788
9.410563945770264,0.6571258843854221,0.6555810564607537,-1.5605933422477083
9.424697637557983,0.6571258843854221,0.6555845532563067,-1.441872834346141
9.432698726654053,0.6571258843854221,0.6555905891646473,-1.3308219089074753
9.449576616287231,0.6571258843854221,0.6555986098676159,-1.2273704019483227
9.457693338394165,0.6571258843854221,0.6556081097256173,-1.1312932492384289
9.467342376708984,0.6571258843854221,0.6556186814771762,-1.042269778620815
9.485692262649536,0.6571258843854221,0.6556299705014412,-0.9599248157108158
9.506104946136475,0.6571258843854221,0.6556416133327594,-0.8838567774470352
9.513700008392334,0.6571258843854221,0.655653305267926,-0.8136565548600933
9.536705017089844,0.6571258843854221,0.6556648248893187,-0.7489199325542896
9.544708013534546,0.6571258843854221,0.6556759933109548,-0.6892555085864641
9.56571650505066,0.6571258843854221,0.6556866708488305,-0.6342895069343171
9.585275888442993,0.6569304856686854,0.6556967459708007,-0.5836684634985145
9.592631578445435,0.6571258843854221,0.6557061464417613,-0.5370604732991957
9.613900423049927,0.6569304856686854,0.6557148719481498,-0.4941554787003042
9.622276544570923,0.6569304856686854,0.6557229676528736,-0.45466493191413637
9.641557216644287,0.6569304856686854,0.6557305419489228,-0.4183210620300681
9.655543804168701,0.6569304856686854,0.6557378268221741,-0.3848759046420872
9.668543338775635,0.6569304856686854,0.6557451421322547,-0.3541002017258584
9.676550388336182,0.6571258843854221,0.6557527176360124,-0.32578224428290614
9.698639631271362,0.6569304856686854,0.6557609632035323,-0.29972670586511596
9.712800979614258,0.6569304856686854,0.655770859405658,-0.27575349820242623
9.727595329284668,0.6569304856686854,0.6557835891838251,-0.25369666852036066
9.742184400558472,0.6571258843854221,0.6558004709705304,-0.23340335016540453
9.759834289550781,0.6569304856686854,0.6558241841294309,-0.21473277274323416
9.771157026290894,0.6569304856686854,0.6558583142732298,-0.1975553343387147
9.780506610870361,0.6569304856686854,0.6559046182439804,-0.1817517359826727
9.789968729019165,0.6569304856686854,0.6559635412881345,-0.16721217697809643
9.806578159332275,0.6571258843854221,0.6560375232493293,-0.15383560873182445
9.814554691314697,0.6569304856686854,0.656129151297369,-0.1415290441717364
9.843588829040527,0.6569304856686854,0.65624508692649,-0.1302069195349554
9.85761833190918,0.6569304856686854,0.656400149038257,-0.11979050520004804
9.87947392463684,0.6569304856686854,0.6566106761249433,-0.11020736224357573
9.88759183883667,0.6569304856686854,0.6568867628492087,-0.10139084148576653
9.895638465881348,0.6569304856686854,0.6572241307576421,-0.0932796219220815
9.922681331634521,0.6569304856686854,0.6576269184348041,-0.08581728559693944
9.934890747070312,0.6569304856686854,0.658119956774278,-0.07895192614922206
9.949118614196777,0.6569304856686854,0.6587201150915798,-0.07263578843731097
9.963122844696045,0.6569304856686854,0.6594341952928525,-0.06682493682834498
9.972433090209961,0.6569304856686854,0.6602641933635793,-0.061478949908290614
9.989387512207031,0.6569304856686854,0.6612114760824828,-0.05656063953397671
10.004531145095825,0.6569304856686854,0.6622869894945139,-0.052035792304103046
10.01751446723938,0.6569304856686854,0.6635004883126218,-0.047872931672766024
10.025500297546387,0.6569304856686854,0.6648452135827004,-0.04404309906603856
10.041961193084717,0.6569304856686854,0.6663124008587797,-0.04051965248972116
10.0505051612854,0.6569304856686854,0.6679048271722681,-0.03727808123481944
10.064535140991211,0.6571258843854221,0.6696174877246153,-0.03429583539702712
10.078497409820557,0.6571258843854221,0.6714464883742945,-0.03155216902796016
10.088768005371094,0.6573212831021586,0.6733950083751191,0.24701036384907085
10.105513572692871,0.6575166818188953,0.6754659269398652,0.28245720645016076
10.114417552947998,0.6577120805356321,0.6776613249533655,0.7815731295681504
10.140501022338867,0.6586890741193153,0.6799970935893872,1.8778563130227075
10.155628204345703,0.6594706689862622,0.6825156879932462,2.10748419465696
10.169513702392578,0.6600568651364721,0.6852385456145588,2.265168320937361
10.182948350906372,0.6610338587201554,0.6881592499376672,3.1706596331853425
10.19650387763977,0.6622062510205755,0.6912710064881395,3.0027001556748196
10.21445631980896,0.6639648394712055,0.694575629822766,3.589122861435684
10.222933530807495,0.6647464343381523,0.6980744038192308,3.4358517627420953
10.234519958496094,0.6661142253553088,0.701745683617595,3.3083289062917367
10.247502088546753,0.6678728138059389,0.7055674926986797,4.001741458729808
10.262485980987549,0.6700221996900422,0.7095313515099736,3.6755724916472334
10.276888847351074,0.6723669842908824,0.7136315177978013,4.143116947839662
10.289484024047852,0.6747117688917224,0.7178621521382533,3.8995711972399607
10.297494411468506,0.6764703573423524,0.7221977371825417,3.702571597978938
10.308810472488403,0.6786197432264557,0.726601290462471,3.5135589241328122
10.326849222183228,0.6827231162779259,0.73107681686,3.872944460568818
10.335097312927246,0.6848725021620292,0.7356464270083213,4.018117275587325
10.345484733581543,0.6874126854796059,0.7402933287605827,3.742474992470166
10.35865330696106,0.6911252610976026,0.7449911590194672,3.6148309413145996
10.380481481552124,0.6977688174666494,0.7497529536646562,5.0
10.388645648956299,0.7005043995009628,0.7545965853891795,5.0
10.410661220550537,0.7085157468871662,0.7595188547835657,5.0
10.418646097183228,0.7112513289214797,0.7645165152426544,4.545582258049267
10.436726093292236,0.7180902840072632,0.7695828585828384,4.7231532078158684
10.444549322128296,0.7212166634750498,0.7747117575642274,3.9096547586513104
10.463991403579712,0.72883721342778,0.7799010052539496,3.9888342499830785
10.476561784744263,0.7339175800629335,0.785167074036494,3.1883924850870953
10.492631673812866,0.7407565351487168,0.7905267594126212,2.7706126205523742
10.507640361785889,0.7468138953675537,0.7959748727881829,1.1419889123555034
10.52050256729126,0.7520896607194437,0.8015027658271553,-0.5807918758914085
10.535487413406372,0.7581470209382805,0.8071024214716901,-2.2756317513155166
10.550572633743286,0.7645951785905907,0.8127664491760823,-3.612147495464355
10.572535514831543,0.7735835195604776,0.8185073544999151,-4.5359991080086415
10.58756685256958,0.7794454810625776,0.8243543661624788,-5.0
10.595893621444702,0.7825718605303643,0.83029830037538,-5.0
10.612660884857178,0.7896062143328845,0.8363111981653097,-5.0
10.621690511703491,0.7933187899508811,0.8423794740781548,-5.0
10.639544010162354,0.800548542470138,0.8484911781849129,-5.0
10.647544145584106,0.8038703206546614,0.8546358609558189,-4.860547060402851
10.676154613494873,0.8155942436588616,0.8608235530154863,-4.6393278172342
10.691632270812988,0.8222378000279084,0.8671049421708574,-4.378139546710746
10.705729246139526,0.8277089640965352,0.8735036964085631,-4.101169346217986
10.721618890762329,0.8341571217488452,0.879999124062832,-3.8225276702141207
10.737450361251831,0.840214481967682,0.8865719501641594,-3.8264577251724745
10.751549482345581,0.8460764434697822,0.8932050753207212,-3.598673314677879
10.765623569488525,0.8521338036886189,0.8998827104260649,-3.2963718045253243
10.777463912963867,0.8568233728902991,0.90659111834628,-2.987956613557456
10.78546404838562,0.860340549791559,0.9132997721397468,-2.7003162242883314
10.806409120559692,0.8687426946112359,0.9199807838817343,-2.165574840757272
10.837530612945557,0.8816390099158562,0.9266914024893821,-1.9029192615342412
10.845612525939941,0.8845699906669061,0.9335046806645413,-1.7549448402124397
10.86850357055664,0.8933629329200563,0.9404205261888093,-1.6509535537033901
10.883766651153564,0.9000064892891031,0.9474356281590104,-1.285033378717652
10.898548126220703,0.9064546469414132,0.9545460443554001,-1.1649148940237128
10.92135214805603,0.9158337853447734,0.9617475177141848,-1.1327880869673952
10.929549217224121,0.91896016481256,0.9690354020405679,-1.121505236407434
10.952467918395996,0.928534701932657,0.9763842718804788,-1.3816581782875403
10.960472583770752,0.9318564801171804,0.9837719597019388,-1.387166128557964
10.988101482391357,0.9427988082544339,0.9912000381982139,-1.2929858874359734
11.002545833587646,0.9488561684732707,0.9987108680933844,-1.1690844638496092
11.01046109199524,0.9517871492243207,1.0062978876468405,-1.04512507642484
11.027164936065674,0.9586261043101042,1.0139017721736656,-0.932157807337826
11.037467002868652,0.9627294773615743,1.0214929375096147,-0.8330078877939615
11.046374797821045,0.9670282491297811,1.02903116878694,-0.4711111851841282
11.065672874450684,0.9744534003657744,1.0364878577871826,-0.36375541737944106
11.085376262664795,0.9822693490352413,1.0439054747576328,-0.35439436145634495
11.100593328475952,0.9887175066875513,1.0513321291402264,-0.09807511136824751
11.115591764450073,0.9947748669063883,1.0587699137112874,-0.08579743861814142
11.1294584274292,1.000246030975015,1.0662043054128205,-0.15340434232989486
11.149897575378418,1.008648175794692,1.0736393966533984,-0.23204791584923506
11.157512903213501,1.0119699539792153,1.0810786899171163,-0.29651844308775266
11.171162605285645,1.0180273141980518,1.0884956926126799,-0.34061762793148403
11.184437990188599,1.0231076808332054,1.095868331404061,-0.3656909838685042
11.206976175308228,1.0320960218030921,1.1032095799631971,-0.37548579346324085
11.22043251991272,1.0373717871549823,1.1105518124935565,-0.3739940677910899
11.236443042755127,1.0436245460905555,1.117910010208191,-0.36466357682727013
11.248526573181152,1.048314115292236,1.1252756998996793,-0.6262441934794876
11.263527393341064,1.054762272944546,1.1326307577568302,-0.6418045796196544
11.27151107788086,1.0580840511290694,1.1399390280404111,-0.5674883232127835
11.285354852676392,1.0635552151976961,1.1471573379753843,-0.4715420167446084
11.304898738861084,1.0715665625838997,1.1542938456667584,-0.10516376850598161
11.323885202407837,1.079577909970103,1.1614108749080632,0.003905303360750262
11.33161997795105,1.0828996881546264,1.1685372887731473,0.009350833140667189
11.353565216064453,1.09149723169104,1.175665500539897,-0.019717278287165713
11.361596584320068,1.0946236111588266,1.182792155851494,-0.05413923367313988
11.381588697433472,1.1028303572617668,1.189910525833256,-0.08309528448632937
11.389559030532837,1.106347534163027,1.1970118935816145,-0.10379252095860383
11.408631801605225,1.1141634828324936,1.2040890683303251,-0.11665243403200122
11.416586637496948,1.1172898623002805,1.211137794936364,-0.12314551627856757
11.432698726654053,1.1239334186693273,1.218139320683399,-0.12487704717664064
11.451589584350586,1.1315539686220573,1.2250992269117924,-0.39928620278251487
11.475574016571045,1.141128505742154,1.2320745065236485,-0.42853001986711176
11.489437103271484,1.146599669810781,1.2391130145329687,-0.36813191246332866
11.497571468353271,1.1499214479953044,1.2461971699709022,-0.28592716283150266
11.51095700263977,1.155392612063931,1.253269019104046,-0.20888845087826577
11.533472299575806,1.164967149184028,1.2603212459755209,-0.14564389691815371
11.547436475753784,1.170829110686128,1.2673909463327213,-0.09710980032125126
11.570017576217651,1.1796220529392785,1.2745090601970515,-0.061368631744815466
11.577476263046265,1.1825530336903283,1.281679472652806,-0.035801184439475026
11.608474731445312,1.1954493489949485,1.2889045578144285,-0.01793787615825487
11.62037968635559,1.2001389181966287,1.2962213739515016,-0.005734074702350868
11.636508703231812,1.2061962784154654,1.3036392855849679,0.002397452175614445
11.650470733642578,1.2124490373510388,1.3111326196013786,0.007643947106599376
11.664885520935059,1.2187017962866122,1.3186785626963502,0.010872900348473609
11.67745852470398,1.2237821629217658,1.3262547156078233,-0.2633301304324066
11.69226861000061,1.2298395231406025,1.33384085495079,-0.295569362976358
11.701531887054443,1.2333567000418626,1.341403750500917,-0.24022396594889775
11.720519304275513,1.2409772499945926,1.3489169707757918,-0.16430925604333044
11.735860109329224,1.2474254076469027,1.3563888458892057,-0.0942233112004971
11.748491525650024,1.2523103755653198,1.3638260487132932,-0.03819987849368647
11.770491600036621,1.2612987165352065,1.3712373593740046,0.0031093716330684515
11.778496742248535,1.26462049471973,1.3786303785714475,0.03179458498527183
11.79604721069336,1.2716548485222499,1.3859846484496257,0.05058313293938432
11.804566621780396,1.2751720254235102,1.3932832032035263,0.06200813292872089
11.824225902557373,1.2835741702431867,1.4005212055304304,0.0681472228802844
11.833595991134644,1.2872867458611836,1.4076951735672691,0.07060005603434774
11.855633020401001,1.296079688114334,1.4148094397980648,0.34659103520670165
11.863391160964966,1.2992060675821204,1.4218682579231066,0.37802555925294434
11.886076927185059,1.3085852059854806,1.4288705438831881,0.3202040384686745
11.90759015083313,1.3169873508051573,1.4358554280667435,0.24078571173652003
11.93177318572998,1.3269526853587275,1.442890927602797,0.16661326702730128
11.944782018661499,1.3322284507106177,1.4500121174772678,0.10622340161992166
11.95250654220581,1.3353548301784044,1.4571905133550158,0.06047092035571742
11.975576400756836,1.3445385698650278,1.4643842893948105,-0.2486393624971806
11.9900803565979,1.3505959300838646,1.4715966891775216,-0.30479787169087486
12.004578590393066,1.3564578915859649,1.4788285430446977,0.010860141119509975
12.014600276947021,1.3603658659206983,1.4860562760003866,0.11009937020899137
12.024482727050781,1.3644692389721682,1.4932490974884411,-0.1565632547077707
12.033508539199829,1.3683772133069014,1.500370578578468,0.06357510053348116
12.049135446548462,1.374629972242475,1.507393551365223,0.12183582300466075
12.06253433227539,1.3795149401608922,1.5143188597140533,0.11544038057838694
12.081580400466919,1.3875262875470953,1.5211743709431984,0.08805550254906463
12.09757375717163,1.3943652426328788,1.5279877016580428,0.33409684672935946
12.111498832702637,1.4002272041349793,1.5347640982330697,0.341386057227403
12.126564741134644,1.4058937669203424,1.5414969402285157,0.2663154979983212
12.140513181686401,1.4117557284224425,1.5481809380800216,0.17579271319471412
12.156536102294922,1.4183992847914892,1.5548119932821043,0.09538412831054185
12.177440166473389,1.4266060308944293,1.5614056044309395,0.03236533738856069
12.186239242553711,1.4301232077956894,1.5679785249745044,-0.28950711332974777
12.206393003463745,1.4383299538986296,1.5745262488329739,-0.35406223182727836
12.214450120925903,1.4414563333664165,1.5810381707494279,-0.3192469500533469
12.237543106079102,1.4508354717697765,1.5875055116308308,-0.25521833952830153
12.245533227920532,1.4541572499542998,1.5939245763003576,-0.19088585307087313
12.257645845413208,1.4590422178727167,1.600265707251429,-0.13638806075330495
12.266418695449829,1.4625593947739768,1.6064931502969078,-0.09377496376010003
12.2775399684906,1.4668581665421834,1.6126049479242084,-0.061959927524867855
12.293407201766968,1.4733063241944937,1.6186234670457265,0.23711515507060113
12.314377069473267,1.4820992664476438,1.6245949971887683,0.286539965361397
12.33768105506897,1.491478404851004,1.6305830528756688,0.24274819443050005
12.345442771911621,1.4946047843187906,1.6366141699238503,0.17434814248985586
12.36747694015503,1.5039839227221508,1.6426741838360812,0.10892805622294388
12.375446796417236,1.5075010996234108,1.6487504441534417,0.055590198619058194
12.397540807723999,1.5159032444430878,1.654831740572138,-0.26042843047275976
12.420094728469849,1.525086984129711,1.660939588805598,-0.32182322761190035
12.434465646743774,1.5307535469150746,1.667108692276167,-0.285702260674446
12.449527502059937,1.5368109071339113,1.6733388118913541,-0.22161577429437435
12.464401960372925,1.5430636660694848,1.6796113307787732,-0.1580414337744444
12.486537218093872,1.5520520070393715,1.685923302173483,-0.10481463171500009
12.495360612869263,1.5557645826573687,1.6922745191160524,-0.06377505385054322
12.50902009010315,1.5614311454427319,1.698640189705796,-0.033691981324902635
12.518456935882568,1.565534518494202,1.704992622341812,-0.0124483835223737
12.535317420959473,1.5725688722967222,1.7113132684381207,-0.27397635923952524
12.552268028259277,1.579212428665769,1.7176060880904371,-0.29754039025426104
12.565608263015747,1.5842927953009225,1.7238811665024811,-0.23643238049893123
12.58152961730957,1.590936351669969,1.7301303318781758,-0.15683330690315925
12.595459222793579,1.596798313172069,1.7363453833180715,-0.08452193505109365
12.60942792892456,1.6022694772406958,1.742519500434648,-0.02728210059179422
12.624481916427612,1.6083268374595328,1.7486434883427777,0.014556515486785864
12.638423204421997,1.6143841976783697,1.7547098913041494,0.04331192400612939
12.652498006820679,1.6202461591804695,1.760712819809134,0.06187126898458324
12.674060106277466,1.6290391014336199,1.7666634869239937,0.07287875072912603
12.681496143341064,1.63197008218467,1.7725717193928658,0.07848856597218679
12.704460144042969,1.6409584231545566,1.7784301732147154,-0.1956857547647405
12.716415166854858,1.6458433910729737,1.784248399943303,-0.22947085761136454
12.730414867401123,1.6519007512918102,1.790034661995736,-0.1766778124651192
12.745519638061523,1.657958111510647,1.7957804046423063,-0.10391714849338848
12.75837254524231,1.663429275579274,1.8014785811782683,-0.037304431632586336
12.772344827651978,1.6689004396479008,1.8071235108007222,0.2911582429131286
12.782309293746948,1.6730038126993705,1.8127085196064976,0.36199643707620555
12.79245400428772,1.677302584467577,1.8182223228715158,0.3320763344201107
12.800600290298462,1.6806243626521005,1.8236460956188907,0.2714119636798892
12.812390089035034,1.6851185331370444,1.8289621270075884,0.20911722549307898
12.826343297958374,1.6907850959224076,1.834168199729304,0.15562410253806752
12.849766254425049,1.7003596330425044,1.83928699212246,0.11326130381862068
12.859174728393555,1.7042676073772378,1.8443433342029851,0.08117226561389043
12.871368646621704,1.7093479740123914,1.8493294842981338,0.057514228366507596
12.892369508743286,1.7179455175488048,1.854245189502729,0.040375829763955304
12.90541934967041,1.7232212829006948,1.8591159825359564,0.028108540582289315
12.9183509349823,1.7288878456860584,1.863953487203602,0.019403231091761043
12.926347732543945,1.732014225153845,1.868746477531286,0.013266049091881685
12.945890665054321,1.7396347751065753,1.8734851774641599,0.008962676134872437
12.954345703125,1.7431519520078353,1.8781722532241611,0.0059598784378440154
12.969576358795166,1.7494047109434088,1.8828021072841132,0.0038748789956474087
12.985103368759155,1.7554620711622455,1.8873841530264406,0.27847342161639593
13.000438928604126,1.7619102288145554,1.8919445364864496,0.0345719412665943
13.014338493347168,1.767772190316656,1.8964913871417413,0.2217165908490215
13.028346300125122,1.7734387531020193,1.901022199991338,0.23340165208000385
13.04243540763855,1.7791053158873826,1.9055347225661097,0.18356774440297774
13.059098243713379,1.7859442709731659,1.9100298939158293,0.12119035826339206
13.070412874221802,1.7904384414581092,1.9145083914942467,0.3412097508049092
13.084819555282593,1.7963004029602097,1.9189657366015025,0.3302243448105612
13.096317529678345,1.800794573445153,1.9233980750415172,0.24297992868881382
13.111324548721313,1.807242731097463,1.9278031381757943,0.14484079122484042
13.124317407608032,1.8125184964493533,1.9321790207925995,0.06010190011218678
13.13525104522705,1.8172080656510334,1.9365184889870732,-0.004942945165227124
13.151303768157959,1.8236562233033433,1.9408155579548252,-0.051228471739112394
13.159314155578613,1.8269780014878667,1.9450659997403867,-0.082064505980484
13.179700374603271,1.8347939501573334,1.9492665048050983,-0.10108218311313308
13.190978288650513,1.8392881206422769,1.9534258531848703,-0.11146800440422602
13.207322359085083,1.8457362782945872,1.957551665744284,-0.11576344601626266
13.224846601486206,1.8531614295305805,1.961656235292208,-0.3919308497917709
13.235336303710938,1.8574602012987873,1.9657498965254019,-0.1463893291117297
13.243334770202637,1.860586580766574,1.9698144179996773,-0.3298304710942048
13.266381025314331,1.870161117886671,1.9738344253719098,-0.3365538881456229
13.295102596282959,1.8818850408908712,1.9778483194115501,-0.005019742192920812
13.303502559661865,1.8852068190753946,1.9819001239977214,0.09646372854374656
13.321654558181763,1.8924365715946512,1.9859888076700893,0.10343145767826575
13.329465627670288,1.895562951062438,1.9901007196077865,0.07740007198918868
13.350414752960205,1.9045512920323246,1.994227125383046,0.04476013374404793
13.359585046768188,1.9082638676503216,1.9983622381272337,0.015656708237446228
13.377552032470703,1.9152982214528416,2.0024960791130106,-0.28300454949866066
13.386470794677734,1.9188153983541019,2.006615667264652,-0.33228337597004753
13.407119274139404,1.9274129418905153,2.0107161473813675,-0.2879106820330272
13.421374082565308,1.932884105959142,2.014806520628975,-0.21835808218817393
13.434323072433472,1.9379644725942955,2.0188908634826395,-0.1512922496252558
13.449387550354004,1.944217231529869,2.022961148854118,-0.09595415731853225
13.469996690750122,1.952423977632809,2.027021197793904,-0.05375518502474504
13.48156452178955,1.9573089455512258,2.0310792008440988,-0.023159751890732605
13.499411582946777,1.964929495503956,2.035130885304332,-0.0018358736388679221
13.514487504959106,1.9711822544395294,2.0391726194201243,0.012473057556793942
13.528489589691162,1.9766534185081563,2.0432011454683106,-0.25438355749629515
13.551549196243286,1.9858371581947796,2.0472183192127185,-0.28198175921267987
13.56767725944519,1.9924807145638264,2.0512357420778224,-0.2239113123980239
13.580493450164795,1.9977564799157166,2.05525247884918,-0.14660200990233777
13.588968515396118,2.0008828593835033,2.059248533468502,-0.0760273392327256
13.610488176345825,2.009675801636653,2.0632069561357893,-0.02011807936752942
13.627243757247925,2.0167101554391738,2.067134703476042,0.02068757579661782
13.638406991958618,2.021204325924117,2.0710377501180113,-0.22740981482234998
13.652408838272095,2.027066287426217,2.0749045978889042,0.0334101551693244
13.666377544403076,2.0327328502115805,2.078725689373992,0.13210643943851555
13.674916744232178,2.0360546283961036,2.0824915682548375,0.1582613256206154
13.690391778945923,2.0425027860484137,2.0861946527849877,0.1541893173366521
13.699462175369263,2.0462153616664107,2.089832355755001,0.1393076588005962
13.715970754623413,2.0528589180354575,2.0934030387045124,0.12210111609951342
13.726896524429321,2.057157689803664,2.0969107902035935,0.1059499904173302
13.743335723876953,2.063801246172711,2.10035958816481,0.09193602300983618
13.751400709152222,2.0671230243572345,2.103747079929109,0.08016964209817451
13.77888560295105,2.0782607512112246,2.1070767869803233,0.07040056070613188
13.788821935653687,2.0825595229794316,2.1103656015920937,0.06228592849540443
13.809370279312134,2.0905708703656347,2.1136268826162548,0.05549837789915714
13.822486162185669,2.096042034434262,2.1168702952735967,0.04976180166135952
13.837455987930298,2.1022947933698353,2.120099948732358,0.044856447032154634
13.852537870407104,2.108352153588672,2.1233109171120645,0.04061248577607636
13.866407632827759,2.1138233176572987,2.1264989462734136,0.03690049599548681
13.882301330566406,2.1198806778761354,2.1296603873370072,0.033622273136384134
13.897438764572144,2.126133436811709,2.1327921298334402,-0.24533524138703006
13.919373989105225,2.134535581631386,2.1358996597379343,-0.281077177491613
13.927350282669067,2.1376619610991727,2.1389875130825704,-0.5043781630343418
13.948296308517456,2.144891713618429,2.142050974071362,-1.567708516322559
13.961568593978882,2.1491904853866357,2.1450936572739967,-3.2327597760615276
13.976289510726929,2.153293858438106,2.14811837355961,-3.9082972319785343
13.997212886810303,2.158569623789996,2.1511265334209693,-5.0
14.005280494689941,2.160328212240626,2.154118993595078,-5.0
14.025266647338867,2.164626984008833,2.157088487091138,-5.0
14.033307790756226,2.1661901737427263,2.1600285919738798,-5.0
14.041885614395142,2.1677533634766197,2.1629212975769687,-5.0
14.07130742073059,2.1718567365280896,2.165758000621643,-5.0
14.092459201812744,2.1738107236954565,2.1685625819661856,-5.0
14.107438087463379,2.1749831159958766,2.1713542737073164,-5.0
14.12343692779541,2.1761555082962967,2.1741299038412825,-5.0
14.138411521911621,2.1767417044465067,2.17687991064568,-5.0
14.162533044815063,2.1773279005967163,2.1796013860828785,-5.0
14.185947895050049,2.177523299313453,2.1823020689548946,-4.730115047463976
14.193510055541992,2.17771869803019,2.1849834124814924,-3.4652715746185825
14.206013441085815,2.17771869803019,2.187630620547851,-1.8027500995000745
14.224979877471924,2.17771869803019,2.1902318210293,-0.30642238672816235
14.233658075332642,2.177914096746927,2.192781493436598,1.4078424571396153
14.250104665756226,2.178109495463663,2.1952714626671663,2.8496786273996917
14.268115043640137,2.1785002928971364,2.1976984804181665,4.44772446823726
14.281016826629639,2.17889109033061,2.2000630879445473,5.0
14.29115891456604,2.17947728648082,2.202360266662754,5.0
14.310441255569458,2.1802588813477666,2.2045847717933764,5.0
14.325448274612427,2.1810404762147133,2.2067369649916047,5.0
14.340433359146118,2.1822128685151334,2.2088167835008377,5.0
14.353246927261353,2.1835806595322897,2.2108213165107427,5.0
14.367335319519043,2.1849484505494465,2.2127485674464884,5.0
14.38241696357727,2.1869024377168134,2.214598808880606,5.0
14.401729106903076,2.18944262103439,2.2163757011561267,5.0
14.417452573776245,2.1915920069184933,2.2180849738124024,5.0
14.431320667266846,2.1939367915193335,2.2197289985772124,5.0
14.44642448425293,2.1962815761201737,2.221307395942127,5.0
14.461424589157104,2.199017158154487,2.222820420974084,5.0
14.483271837234497,2.203120531205957,2.2242712940782523,5.0
14.491343021392822,2.20468372093985,2.2256632616009604,5.0
14.511957883834839,2.20878709399132,2.226996687638322,5.0
14.525028705596924,2.211522676025634,2.228274487634398,4.69195227398227
14.536415815353394,2.2140628593432106,2.22949913840324,3.9480877389291047
14.552341222763062,2.2175800362444704,2.2306706788292323,3.157847400159468
14.568155527114868,2.2212926118624674,2.231790834340531,2.7409639078361465
14.58228063583374,2.224223592613517,2.232861301165173,2.2145792570372245
14.596255779266357,2.2271545733645675,2.2338828835588505,1.1742966464191678
14.61032247543335,2.229890155398881,2.2348564425617843,0.1521010289997473
14.633176326751709,2.2339935284503505,2.2357841578372284,-1.2239553410053885
14.648404836654663,2.2363383130511907,2.236669175253612,-2.713855058628758
14.664156913757324,2.2382923002185575,2.2375127966316284,-5.0
14.685855150222778,2.240441686102661,2.2383156374446784,-5.0
14.693392515182495,2.241027882252871,2.2390781539631535,-5.0
14.716398000717163,2.2425910719867646,2.2397997845684565,-5.0
14.729440689086914,2.243177268136974,2.2404807963022773,-5.0
14.7373206615448,2.243372666853711,2.241121112274998,-5.0
14.757358074188232,2.243763464287184,2.2417201178813606,-5.0
14.76535153388977,2.243763464287184,2.242278129533443,-5.0
14.788419723510742,2.2439588630039213,2.2427956609046253,-5.0
14.803329944610596,2.2439588630039213,2.243273578571455,-5.0
14.81733226776123,2.2439588630039213,2.243712898163714,-3.9068244164849144
14.82638669013977,2.2439588630039213,2.2441143997667288,-2.71937415255928
14.853281259536743,2.2439588630039213,2.2444790795780616,-1.418512142177928
14.866336345672607,2.2439588630039213,2.244808219605302,-0.035234826025486554
14.880275964736938,2.2439588630039213,2.2451031543214346,1.1121803464285878
14.900920391082764,2.2439588630039213,2.245365182843354,1.9522928616883846
14.908316373825073,2.2439588630039213,2.245595751552298,2.5104050290919933
14.929497957229614,2.2439588630039213,2.2457964592810873,2.8415469123301196
14.94537353515625,2.2439588630039213,2.245968897086875,3.0025888433037506
14.958383083343506,2.2439588630039213,2.246114741587988,3.042229556643589
14.966385126113892,2.2439588630039213,2.2462359071921956,2.998740587691046
14.990257263183594,2.2439588630039213,2.2463343008762977,2.9007618780890505
14.998793125152588,2.2439588630039213,2.246411690104745,2.7690442842852425
15.026252508163452,2.2439588630039213,2.2464696661524557,2.618260581179751
15.045866012573242,2.243763464287184,2.2465094457696675,2.4585673674950055
15.055384159088135,2.2439588630039213,2.246532399722562,2.2968441935938966
15.078222274780273,2.2439588630039213,2.2465401803491547,2.1376326452212115
15.093236207962036,2.2439588630039213,2.2465342817177274,1.9838284427168276
15.109232425689697,2.2439588630039213,2.2465162854056113,1.8371822627452692
15.121220588684082,2.243763464287184,2.2464879370277493,1.6986575530709331
15.144124746322632,2.2439588630039213,2.2464510119092247,1.5686837610335744
15.160298824310303,2.2439588630039213,2.2464073647707523,1.4473341798300194
15.174306631088257,2.2439588630039213,2.2463589086341513,1.3344500047856624
15.189231634140015,2.2439588630039213,2.24630755164628,1.2297262837255687
15.20330286026001,2.2439588630039213,2.2462551627113387,1.1327710204451198
15.211212873458862,2.2439588630039213,2.2462032562719836,1.0431454483476585
15.231352806091309,2.2439588630039213,2.246153320989597,0.9603911501294651
15.239278316497803,2.2439588630039213,2.2461069933798803,0.8840480249602995
15.260244369506836,2.2439588630039213,2.2460657891004323,0.8136659149955375
15.281764268875122,2.2439588630039213,2.246032129721327,0.7488118618399551
15.29522442817688,2.2439588630039213,2.246008726009713,0.6890743707344074
15.310210227966309,2.243763464287184,2.2459970312500297,0.6340656434702112
15.318230390548706,2.2439588630039213,2.2459971251551445,0.5834224486214865
15.339555501937866,2.243763464287184,2.246008956394939,0.5368060928483436
15.354272603988647,2.243763464287184,2.2460336509853347,0.4939018137402543
15.371939182281494,2.243763464287184,2.2460726973831893,0.4544178145839666
15.379276037216187,2.243763464287184,2.2461266173802072,0.4180840916368453
15.400822877883911,2.2435680655704475,2.2461952458964207,0.3846511558893873
15.415299415588379,2.243763464287184,2.246278992850853,0.3538887175415648
15.428958892822266,2.2435680655704475,2.2463780742479544,0.3255843780320131
15.43696141242981,2.2435680655704475,2.2464911808374493,0.2995423583188145
15.458209037780762,2.2435680655704475,2.2466168761992207,0.27558228102572363
15.469511270523071,2.2435680655704475,2.2467549402439646,0.25353801650528685
15.477181196212769,2.2435680655704475,2.246904318256992,0.2332565977584632
15.49354076385498,2.2435680655704475,2.2470629169082414,0.21459720573953878
15.505257606506348,2.2435680655704475,2.247229482995836,0.19743022434171836
15.529327869415283,2.243372666853711,2.2474035949242817,0.18163636293737892
15.553216457366943,2.243372666853711,2.247585878949591,0.16710584348251645
15.56118631362915,2.243372666853711,2.2477762623079713,0.15373764871001933
15.588073968887329,2.243372666853711,2.247973481773015,0.141438827707498
15.59815764427185,2.243372666853711,2.2481767250350315,0.1301238551168978
15.617167472839355,2.243177268136974,2.248384872414944,0.11971404024574736
15.633447408676147,2.243177268136974,2.248596421302778,0.11013698250282956
15.64729356765747,2.2429818694202375,2.248809533925961,0.10132606973632309
15.662253856658936,2.243177268136974,2.2490218420917616,-0.18281834343765938
15.676278352737427,2.2429818694202375,2.24923090061277,-0.22340052543985983
15.690268278121948,2.2429818694202375,2.249434164733649,-0.17516424811905007
15.70527172088623,2.2429818694202375,2.2496289735658803,-0.1053913486097561
15.727938413619995,2.2427864707035012,2.2498117862524314,-0.04067581147921912
15.74223804473877,2.2427864707035012,2.2499781046866367,0.010603412648306599
15.755271434783936,2.2425910719867646,2.2501239242067523,0.04768585045285324
15.767523765563965,2.2425910719867646,2.2502460650936826,0.07257902967310267
15.782252073287964,2.2425910719867646,2.2503412691519213,0.08794661522128372
15.795253276824951,2.2425910719867646,2.250405788909963,0.09627175897024877
15.809651374816895,2.242395673270028,2.250435931133618,0.0995921980399202
15.823888540267944,2.242200274553291,2.250428302835506,0.09947513240314204
15.837251424789429,2.242200274553291,2.250379582708278,0.09707973113303738
15.853118896484375,2.242200274553291,2.250286228429092,0.09324087525672525
15.867150783538818,2.242200274553291,2.2501448845411587,0.08854771911063286
15.882188558578491,2.2420048758365545,2.249952678756903,0.08340860531610128
15.90183687210083,2.2418094771198174,2.249703234578581,0.07810142151593988
15.914520740509033,2.2418094771198174,2.2493875222304895,0.07281126703780519
15.922245025634766,2.2418094771198174,2.249005264782901,0.06765799014775498
15.943238496780396,2.241614078403081,2.248559351908619,0.06271601456840428
15.951237916946411,2.2414186796863445,2.2480485278028186,-0.21800989848232594
15.971585273742676,2.2408324835361344,2.2474717898172694,-0.5315841971374141
15.9792001247406,2.2406370848193973,2.2468283623731695,-0.7897775488469896
15.999242305755615,2.2402462873859244,2.2461177268958514,-1.2476425279078076
16.01598286628723,2.2396600912357143,2.245333774553762,-1.3917973549405955
16.030158281326294,2.239269293802241,2.244471617546444,-1.3908465276248416
16.049260139465332,2.238487698935294,2.2435306217837607,-1.3266621784673522
16.062564373016357,2.238096901501821,2.242508510555058,-0.9623533557964579
16.078273057937622,2.237510705351611,2.2414031210135112,-0.8351132483708403
16.089642763137817,2.2373153066348745,2.240214499864811,-0.5223251690059376
16.10435914993286,2.236729110484664,2.238945997210406,-0.20295247572784636
16.11223793029785,2.2365337117679274,2.237604653235625,0.06029508121618998
16.124440670013428,2.2361429143344544,2.2362040525225333,0.25472976746669795
16.14492130279541,2.2353613194675077,2.2347464728024553,0.3870073617566951
16.15739417076111,2.2347751233172977,2.2332197851391844,0.19345518150054483
16.165730714797974,2.2343843258838243,2.231626326315021,0.20547762558987637
16.18483304977417,2.233407332300141,2.2299764598227063,0.0029067431557211754
16.197882652282715,2.232821136149931,2.2282676981500624,-0.23030960367437597
16.206592798233032,2.2324303387164575,2.226501497826538,-0.42631896889815435
16.226293087005615,2.2312579464160374,2.2246852386572544,-0.5679900790253956
16.24122166633606,2.2304763515490906,2.222816741623273,-0.6584308791390829
16.256242275238037,2.229694756682144,2.2208944757921927,-0.7072905968571257
16.270214557647705,2.2289131618151976,2.218922218421165,-0.7249903725150657
16.28423547744751,2.227936168231514,2.216903461537532,-0.7205938049844578
16.298284769058228,2.2265683772143574,2.2148417006065415,-0.9773087967968251
16.313225030899048,2.225005187480464,2.2127401108980256,-1.257598156711716
16.32584834098816,2.223246599029834,2.210603307263495,-2.8573241052846527
16.34228539466858,2.2207064157122574,2.2084353200895075,-3.4395193771984864
16.364227056503296,2.2164076439440503,2.206227273660777,-5.0
16.37923240661621,2.2128904670427905,2.2039637611598497,-5.0
16.40230894088745,2.2074193029741638,2.201634075328614,-5.0
16.41623544692993,2.2037067273561672,2.199229313188119,-5.0
16.429417848587036,2.200384949171643,2.1967507073675265,-5.0
16.44225573539734,2.1968677722703833,2.194208125270899,-5.0
16.450230360031128,2.1949137851030165,2.1916189957933123,-3.8945168218695625
16.471440315246582,2.189247222317653,2.1890002802060797,-2.7479291242197377
16.479228019714355,2.1874886338670234,2.1863579879834965,-0.9448672053114664
16.50498676300049,2.1810404762147133,2.18368875761054,1.5664511337492388
16.51964044570923,2.177914096746927,2.1809756278200196,3.2578034227151567
16.536243677139282,2.174592318562403,2.1782066019249338,4.876752786931783
16.551183223724365,2.171661337811353,2.175382155761964,5.0
16.55923104286194,2.17009814807746,2.1725165591894138,5.0
16.579226970672607,2.1659947750259896,2.169625760412529,5.0
16.58723783493042,2.164431585292096,2.166714244193653,5.0
16.605393409729004,2.1607190096740996,2.1637861144581194,5.0
16.61320924758911,2.159351218656943,2.1608447502023886,5.0
16.63279962539673,2.1558340417556825,2.157892173212099,5.0
16.647284269332886,2.153293858438106,2.1549202943934254,4.90361443444756
16.662195682525635,2.1505582764037925,2.151922564141017,4.726990088664786
16.685100317001343,2.1466503020690593,2.1488930822604884,4.225325240603876
16.700196027755737,2.144110118751483,2.1458170134207175,3.939648128732383
16.713515758514404,2.1419607328673793,2.1426918177730974,3.45448358194607
16.728198289871216,2.139811346983276,2.139525462756162,2.9558115420231976
16.74022102355957,2.1380527585326456,2.1363249059083484,2.512068038391397
16.75520086288452,2.1359033726485426,2.1330961597932916,2.4162163323533825
16.76901865005493,2.1339493854811757,2.129845895915277,2.4216030132995363
16.782187938690186,2.1321907970305456,2.126579718937808,2.429505749315237
16.79619526863098,2.130236809863179,2.123299184305481,2.131524706549852
16.810215711593628,2.1282828226958124,2.1200054758042084,1.766087188663807
16.833130836486816,2.125351841944762,2.1166902457960513,1.70320712760199
16.841203927993774,2.1243748483610787,2.1133463945944815,1.1771825743507138
16.8625431060791,2.1220300637602385,2.1099785458200317,1.4159590478760133
16.87045907974243,2.1210530701765555,2.1065897886516045,1.2865656941216728
16.890169382095337,2.1187082855757153,2.103182683372241,1.0477676048671922
16.913221836090088,2.1151911086744555,2.099738566762847,0.25446289712421927
16.921189546585083,2.1138233176572987,2.0962418111246275,-1.3978336811024032
16.944169282913208,2.1093291471723554,2.092700785329696,-3.272053647267153
16.956787109375,2.106593565138042,2.089115602396759,-5.0
16.974186182022095,2.1024901920865715,2.0854866018023697,-5.0
16.98307967185974,2.1001454074857318,2.0818270142286894,-5.0
17.011212825775146,2.092134060099528,2.078136296247109,-5.0
17.027191400527954,2.0874444908978482,2.074386607289458,-5.0
17.046004056930542,2.080996333245538,2.070557552398503,-5.0
17.054171800613403,2.0782607512112246,2.06665421019434,-5.0
17.07492709159851,2.070444802541758,2.0626871217219014,-5.0
17.083191633224487,2.067709220507444,2.0586656925004854,-4.923296880479936
17.102751970291138,2.060284069271451,2.054608724577808,-5.0
17.12456488609314,2.0520773231685108,2.0505142069934923,-4.349134862555441
17.134187936782837,2.0487555449839876,2.046365892044512,-3.046553419765748
17.15640950202942,2.0403534001643107,2.042161114055972,-1.4690128000690952
17.16417956352234,2.0378132168467338,2.0379053606934243,-0.0850398895499278
17.177321672439575,2.0333190463617905,2.033626796265746,2.0788232830047733
17.1952645778656,2.0272616861429538,2.02934199623725,3.781692878074789
17.210304260253906,2.022572116941274,2.025032281218867,4.967197003594534
17.223959922790527,2.01807794645633,2.020684065159245,5.0
17.240184545516968,2.0131929785379135,2.0163022358498526,5.0
17.24817728996277,2.0106527952203366,2.0119081613875265,5.0
17.262404680252075,2.00635402345213,2.0075296643149456,5.0
17.27416968345642,2.0032276439843435,2.00317756054876,5.0
17.288471698760986,1.99931966964961,1.998855517511457,5.0
17.308835744857788,1.9944347017311932,1.9945532618491144,5.0
17.328134536743164,1.9893543350960396,1.9902341319655523,5.0
17.33843421936035,1.9866187530617263,1.985876403188465,5.0
17.3596293926239,1.981538386426573,1.981477256759416,4.707205664302476
17.37527871131897,1.9782166082420496,1.9770255437167013,4.494872542506723
17.39030361175537,1.9746994313407895,1.9725188437460424,4.018814394539815
17.410804748535156,1.9704006595725827,1.9679551262631134,3.7761004232037108
17.41818618774414,1.9686420711219526,1.9633330704241685,3.0572490068607214
17.4311625957489,1.9657110903709027,1.9586763980796742,2.284976114248376
17.44615650177002,1.9623893121863794,1.9540052759228501,1.614813642502682
17.468687295913696,1.9575043442679625,1.9493097060001292,1.3615221918763656
17.476155519485474,1.9561365532508057,1.9445812087380523,0.9982119596883178
17.49916386604309,1.951446984049126,1.9398272129129783,0.9325644401155304
17.516001224517822,1.9479298071478657,1.9350379399914468,0.6880082097635885
17.536121606826782,1.9434356366629222,1.9301901279564624,0.14801460011182477
17.547990083694458,1.9407000546286088,1.9252663195953392,-0.6623255947206578
17.562740325927734,1.9367920802938754,1.9202673381514612,-1.9498815651839123
17.574992418289185,1.9332749033926153,1.9152084304564556,-3.6751435215873713
17.590141773223877,1.928780732907672,1.9101029288442406,-5.0
17.60414743423462,1.9242865624227286,1.9049623746329007,-5.0
17.620168209075928,1.9184246009206285,1.8997966457935342,-5.0
17.64413857460022,1.9098270573842149,1.894598304324836,-5.0
17.658560514450073,1.903965095882115,1.8893452830741686,-5.0
17.67311406135559,1.8977123369465414,1.8840360961867066,-5.0
17.687062740325928,1.892045774161178,1.878685581905966,-5.0
17.695157289505005,1.8887239959766546,1.8733202377908489,-5.0
17.715676069259644,1.8803218511569777,1.8679623339143543,-5.0
17.723133325576782,1.8771954716891908,1.8626155128408202,-4.623388467535686
17.746134519577026,1.8670347384188843,1.857282383995061,-3.209375051997533
17.769134044647217,1.8576556000155238,1.851931688398606,-1.9675066381166235
17.777134656906128,1.8541384231142637,1.8465368947349672,-0.4413371143919268
17.790658235549927,1.848081062895427,1.8411251336986358,0.8917012025675128
17.810102462768555,1.8402651142259603,1.8357024842852292,1.898573576295412
17.82364559173584,1.8349893488740703,1.8302411706323942,2.86237024205752
17.836169481277466,1.8304951783891268,1.8247344886720622,3.8708650801338527
17.84969687461853,1.82561021047071,1.8191924718997734,5.0
17.863160848617554,1.8211160399857669,1.8136237481000614,5.0
17.886093854904175,1.8129092938828264,1.8080190390415725,5.0
17.89415669441223,1.8101737118485133,1.802370653408391,5.0
17.915132522583008,1.8035301554794665,1.7966894220911849,5.0
17.928115367889404,1.7994267824279964,1.7909671600336958,5.0
17.942155599594116,1.7953234093765262,1.7851971730221705,5.0
17.95715069770813,1.7910246376083194,1.7793914255194698,5.0
17.972129821777344,1.7867258658401126,1.7735601983443523,5.0
17.98843812942505,1.7814501004882224,1.767706280773534,4.699121129059181
18.008264303207397,1.7753927402693859,1.761814122261093,3.2248747259923842
18.02313804626465,1.770507772350969,1.7558646678382244,1.3381739377732107
18.0356502532959,1.7658182031492888,1.7498620267750586,-0.6149604596354353
18.049080848693848,1.7607378365141355,1.7438219737264047,-2.48704977785847
18.062114477157593,1.755657469878982,1.737754029969158,-3.9475010127871752
18.0705668926239,1.7525310904111955,1.7316818879858284,-4.95054903810504
18.08631134033203,1.7464737301923585,1.72563416484515,-5.0
18.09636616706848,1.742174958424152,1.7196156181688256,-5.0
18.11534595489502,1.7345544084714217,1.7136160229070594,-5.0
18.131205081939697,1.7275200546689018,1.7076172265460672,-5.0
18.146100759506226,1.7212672957333282,1.701611086698094,-5.0
18.16111707687378,1.714819138081018,1.6956028211606946,-4.2374821792505015
18.177143812179565,1.7079801829952348,1.6895938352216233,-3.4538653221840327
18.190122604370117,1.7021182214931343,1.6835850654311715,-2.218818675042529
18.208626985549927,1.6939114753901945,1.6775707078633588,-1.0464446743532787
18.225051164627075,1.6874633177378842,1.6715266831333437,-0.10444498986032125
18.240145921707153,1.681210558802311,1.665431931550239,0.5856475646420825
18.248111963272095,1.6776933819010509,1.6593070284465858,1.0564806671562756
18.25689148902893,1.6739808062830537,1.6532112662903278,1.3545761686468052
18.28075098991394,1.6640154717294837,1.64715737286152,1.524157103300682
18.292571544647217,1.6589351050943304,1.64109294252148,1.601846084609373
18.30710458755493,1.6524869474420203,1.6349898193322339,1.6159627974769326
18.32208251953125,1.6458433910729737,1.6288513671878087,1.5875355108918767
18.33020544052124,1.64252161288845,1.6227015465249222,1.5317598148035252
18.3530056476593,1.6331424744850898,1.6165547139565966,1.4593941953342577
18.364766359329224,1.6280621078499362,1.6103823821423908,1.653961717570095
18.385130643844604,1.619464564313523,1.6041582812167798,1.601627981920751
18.400503396987915,1.6128210079444762,1.5978632902658012,1.4605159152226244
18.414149522781372,1.6067636477256393,1.5914928297393893,1.3001023276168842
18.42708730697632,1.601097084940276,1.5850619718268837,1.1483510039924303
18.44208288192749,1.5950397247214392,1.5785840458952702,1.0144414688108048
18.456141471862793,1.5889823645026022,1.5720707385515749,0.8995465035665118
18.471081733703613,1.5825342068502923,1.56553219958147,0.8018097151956247
18.49016308784485,1.574913656897562,1.558966012609478,0.7185461329861347
18.49804186820984,1.5715918787130385,1.5523703087636669,0.6471404501846014
18.50604486465454,1.568465499245252,1.5457860918172566,0.5853544053224731
18.525113821029663,1.5598679557088384,1.5392477117790881,0.5313809795368106
18.545886754989624,1.5508796147389516,1.532717123303702,0.20776323655988488
18.555084466934204,1.5467762416874815,1.5261618846937002,0.13235259545300562
18.57490563392639,1.5387648943012782,1.5195859803098988,0.14960443181309982
18.58910346031189,1.5323167366489678,1.5129725409209642,0.19162048382736058
18.60412049293518,1.5260639777133946,1.5063098731237428,0.2313281175936851
18.619383335113525,1.5196158200610843,1.4996073345120546,-0.016066306821321347
18.632108449935913,1.5143400547091945,1.492874717232337,-0.03267149797124326
18.648105144500732,1.5076964983401473,1.4861235804803326,0.028584488284292532
18.663090705871582,1.5012483406878376,1.4793638044097621,0.10293012241643541
18.68608283996582,1.4910876074175305,1.472581629467239,-0.10990856846794184
18.69409465789795,1.4877658292330072,1.4657655839744244,0.17861436143936538
18.71601128578186,1.478582089546384,1.458926808511495,0.2955746445432906
18.73365092277527,1.4709615395936537,1.4520412081265313,0.33152240585222503
18.743003606796265,1.46705356525892,1.4450889050000348,0.3305757916242145
18.75279712677002,1.4627547934907135,1.4381173961127092,0.313962135677183
18.773103952407837,1.4543526486710365,1.431166996150222,0.29169274129845285
18.796149015426636,1.4443873141174666,1.4242038500924619,-0.007705288497673157
18.808131217956543,1.4395023461990497,1.4171785965770356,0.21271606958251454
18.822099447250366,1.4336403846969494,1.4100878412174969,0.28004826000989663
18.837040662765503,1.4273876257613762,1.402950249464195,0.28193204315179043
18.856879472732544,1.4193762783751724,1.3957612632848457,0.2590003358329391
18.873088598251343,1.4123419245726525,1.388496734791299,0.22932706094630442
18.886724948883057,1.4062845643538158,1.381162653799545,0.20036899880002168
18.902070999145508,1.4002272041349793,1.3737857933432864,0.17473883897820908
18.9159893989563,1.3939744451994056,1.366380005486208,0.15295312800336175
18.938225269317627,1.3842045093625719,1.3589363870167166,0.1347091771064545
18.946075201034546,1.3808827311780487,1.351452505623513,0.11945551349973559
18.968061685562134,1.371894390208162,1.3439477236632922,0.10662945232369372
18.976074934005737,1.3689634094571117,1.33643865490902,0.09574247732594021
19.001124382019043,1.3578256826031216,1.3289393829843688,0.08639950359929073
19.02076029777527,1.3498143352169178,1.321420497118849,0.07829206924674204
19.0290687084198,1.346297158315658,1.3138573685270463,0.07118338626866719
19.05016827583313,1.3373088173457712,1.3062701252021904,0.064892750363883
19.05801248550415,1.3341824378779843,1.2986760990908983,0.3353203931128606
19.081006288528442,1.324412502041151,1.2910908217487937,0.36340786507002637
19.09197449684143,1.3197229328394708,1.283517230219689,0.3037642879795069
19.11105728149414,1.3119069841700037,1.2759576793543974,0.2235584212870308
19.129337549209595,1.304091035500537,1.2684008337880623,0.149287910958924
19.139472723007202,1.2997922637323305,1.2608355566714469,0.08924852741097396
19.15483570098877,1.2931487073632837,1.2532758700516065,0.044128067231369965
19.171053647994995,1.2867005497109734,1.2457158053835786,0.011854851003741708
19.194464445114136,1.2765398164406667,1.2381209964404143,-0.010291899800139257
19.207658052444458,1.2706778549385667,1.230463728616347,-0.024846543287211233
19.215017557144165,1.2677468741875166,1.222771694134572,-0.03389298743633045
19.227042198181152,1.2628619062690998,1.2151051294531994,0.23699810851755623
19.24106454849243,1.256804546050263,1.207493843744251,0.2676774471726084
19.25479245185852,1.2511379832648997,1.1999454082146936,0.21196739626679142
19.275324821472168,1.2423450410117491,1.192449341988922,0.1364812628393749
19.29006576538086,1.2362876807929126,1.1849746773896161,0.06733182103713005
19.298027276992798,1.2329659026083892,1.1775273252969054,0.012553206028128164
19.316213607788086,1.2251499539389223,1.1701389262986284,-0.027340704374040146
19.32503366470337,1.2216327770376625,1.162819417940914,-0.054533808463874234
19.34046983718872,1.214793821951879,1.1555786752339359,-0.07181615744260168
19.352073431015015,1.209908854033462,1.1484241263206476,0.1942765565985063
19.36960744857788,1.2024837027974689,1.1413510847031507,-0.05334961277243727
19.386062622070312,1.1958401464284218,1.1343340792562862,0.13337262428908647
19.40103793144226,1.1895873874928484,1.127339562514067,0.14683899201004308
19.414058446884155,1.1837254259907481,1.1203596036505727,-0.17584206764649168
19.429015636444092,1.1778634644886483,1.1134003864623947,0.008733626585290352
19.444055795669556,1.171610705553075,1.1064669966683187,0.04543345046741526
19.456194162368774,1.1663349402011847,1.0995688155394316,0.026999076153741183
19.471031427383423,1.1600821812656115,1.0927134536816223,-0.006009967773317033
19.494030714035034,1.1501168467120408,1.085876063882185,-0.3134065770350571
19.502033948898315,1.1467950685275177,1.079035543373585,-0.3709513879717703
19.52488899230957,1.1374159301241575,1.0721998901016838,-0.05662062943550836
19.548956394195557,1.1276459942873238,1.0653356392309365,-0.23366605345501834
19.556949138641357,1.1243242161028004,1.058415020921692,-0.25645362537359323
19.576385021209717,1.1159220712831237,1.051455924326613,-0.4982014464252479
19.59096360206604,1.1100601097810237,1.0444541347065288,-0.4825056046622171
19.61289882659912,1.1004855726609268,1.0373868992794015,-0.3811050461519268
19.62095594406128,1.09677299704293,1.0302561006820683,-0.2668004144121876
19.642974376678467,1.08798005478978,1.0230843511918304,-0.16685694615012003
19.650957822799683,1.0846582766052566,1.0158914914423212,-0.08852474814383082
19.670284509658813,1.076646929219053,1.0086962284104273,-0.03097219980334127
19.677988052368164,1.0733251510345296,1.0015146088016573,0.009325983557647825
19.69775629043579,1.064727607498116,0.9943573110020316,0.03629969475395817
19.705976724624634,1.0616012280303293,0.9872332538944544,0.05342232444889881
19.720689058303833,1.0555438678114926,0.980166392564282,0.3395168980436093
19.732975482940674,1.0500727037428659,0.9731764549215719,0.377749906135901
19.75373935699463,1.0416705589231892,0.9662490001395108,0.04833586004660442
19.761971712112427,1.0383487807386655,0.9593712255981114,0.21462482030449648
19.785568237304688,1.028578844901832,0.9525392175170551,-0.04571697104365982
19.7961368560791,1.0240846744168886,0.9457243800280821,-0.1173819607217369
19.806950092315674,1.0199813013654186,0.9389182258707385,0.16277027098405017
19.814939975738525,1.0162687257474219,0.9321635359042089,0.22498712102099017
19.837122917175293,1.0068895873440618,0.9254882177286822,0.20250773120121432
19.86098074913025,0.9967288540737549,0.9188522429897127,0.15459714343896544
19.868948221206665,0.9934070758892316,0.9122214977747282,0.10574555589282657
19.888694524765015,0.9853957285030279,0.9056054835673547,0.06460382137930093
19.89701223373413,0.9818785516017681,0.8990122961574283,0.03298634324330839
19.924598932266235,0.9705454260310411,0.8924301367622518,0.010047160387737043
19.93901300430298,0.9642926670954678,0.885811995312942,-0.005859732569606263
19.94709825515747,0.9609708889109442,0.8791560614301664,-0.01640960172697636
19.955013751983643,0.9574537120096842,0.8725358518540263,-0.023033118860077723
19.97600531578064,0.9488561684732707,0.8659947349436309,0.24918087471892536
20.004867553710938,0.9371322454690706,0.8594766805085599,0.280431357791862
20.021011114120483,0.930293290383287,0.8528979578873158,0.22478882240445172
20.02900505065918,0.9269715121987636,0.8462620993619615,0.14904135092755075
20.04904317855835,0.9183739686623502,0.8396097205109985,0.07942361339942106
20.064008235931396,0.9121212097267768,0.8329395565772886,0.02405393697225086
20.087008476257324,0.9025466726066799,0.8262332917249624,-0.016496272502911892
20.10196089744568,0.8957077175208964,0.8194778683293177,-0.044372118549112494
20.118006229400635,0.8890641611518495,0.8126810888002718,-0.06233794339996297
20.133023738861084,0.8833975983664862,0.8058656080295271,-0.07295117938334966
20.141034364700317,0.8800758201819627,0.7990685930881175,-0.07830495276198597
20.167490243911743,0.8687426946112359,0.7923055303407792,-0.08000830280681465
20.182302474975586,0.8626853343923993,0.7855372084810687,0.19678587928271185
20.196003675460815,0.8570187716070357,0.778748311325409,0.23226558189245153
20.210021495819092,0.8511568101049355,0.7719613206304253,0.1805136916311434
20.224929809570312,0.8445132537358887,0.765195534515569,0.10833992331539924
20.246623277664185,0.8357203114827386,0.7584542009470163,0.042003247166326696
20.25598454475403,0.8320077358647419,0.7517363314894694,-0.010353955802779792
20.27652096748352,0.8234101923283283,0.7450506345886353,-0.048137652374090206
20.290980577468872,0.8171574333927549,0.738395234217163,-0.07347212570832556
20.30009126663208,0.8136402564914949,0.7317868951657853,0.18693562596044824
20.3209171295166,0.8044565168048715,0.7252543643592864,0.21159331407292548
20.335973024368286,0.7983991565860346,0.7187919204690049,-0.122922958468627
20.35997986793518,0.7884338220324644,0.7123742944276406,0.04401664030106445
20.373984813690186,0.7825718605303643,0.7059784302012567,0.06413994650451577
20.391792058944702,0.7755375067278442,0.6995965549629743,0.0323952989648644
20.401935815811157,0.7712387349596374,0.6932385268331311,-0.010408090235140444
20.421577215194702,0.7630319888566973,0.6869157731542189,-0.048514853218859975
20.43089246749878,0.7589286158052272,0.6806378320018355,-0.07728683935544592
20.450557708740234,0.7509172684190237,0.674411445217169,-0.09665890790905486
20.46331286430359,0.7458369017838703,0.6682264423451972,-0.10816360308080084
20.472894191741943,0.7415381300156635,0.6620866983570377,-0.11365114870404211
20.489047288894653,0.7346991749298801,0.6560154893387186,-0.11479472471983404
20.499319314956665,0.7302050044449367,0.6500244208736982,-0.3889830860609451
20.511496543884277,0.7257108339599934,0.6441247676158389,-0.4182899229106369
20.53183102607727,0.7171132904235799,0.6383151371969408,-0.3581571307977458
20.541703939437866,0.7132053160888464,0.6325850208472261,-0.5523904827695024
20.5596125125885,0.7059755635695895,0.626934454824283,-0.5089583507899181
20.57245969772339,0.7001136020674896,0.6213551222633779,-0.391142537844654
20.58599042892456,0.6942516405653893,0.6158394073356217,-0.2670664736338687
20.602402687072754,0.6878034829130792,0.6103898400956316,-0.16134426303209165
20.615898370742798,0.6823323188444524,0.6050080440414579,-0.07968308215029127
20.62997007369995,0.6764703573423524,0.5996948553484145,-0.020328980220135108
20.643982887268066,0.6706083958402522,0.5944504338558964,0.02080891068356348
20.656975984573364,0.6651372317716254,0.5892743656428172,0.048015275436753956
20.664945125579834,0.661815453587102,0.5841800205890728,0.06499029616122678
20.67522144317627,0.6581028779691054,0.5791969111557908,0.07466568661679472
20.69599437713623,0.6491145369992186,0.5743208892400018,0.0792562836998792
20.709907293319702,0.643447974213855,0.5695095564455916,0.0803862884667694
20.725692749023438,0.6368044178448083,0.5647402998248159,0.0792226461406146
20.737945318222046,0.6317240512096549,0.5600127170053103,0.0765908697387547
20.750977993011475,0.6264482858577648,0.5553257625123166,0.07306730124399274
20.764973640441895,0.6211725205058746,0.5506783682397765,0.3450876057731129
20.78779649734497,0.6115979833857779,0.5460564814026262,0.37396976860733333
20.795984506607056,0.6080808064845178,0.5414482299609967,0.3145862016541193
20.817978858947754,0.5990924655146309,0.5368574037548951,0.2342889130105794
20.83096933364868,0.5938167001627408,0.5322740863163968,0.15970242386881683
20.844980239868164,0.5877593399439041,0.5276901357045304,0.09920981601724899
20.868103504180908,0.5781848028238072,0.5230999210559796,0.053558515640648036
20.883068799972534,0.5723228413217071,0.5184862052851406,0.020717161154862884
20.890949487686157,0.5691964618539204,0.5138600617066488,-0.0020081393356687245
20.9135959148407,0.5598173234505602,0.5092448922595777,-0.0171341656744464
20.92812705039978,0.5539553619484602,0.5046355428236624,-0.026733670743878214
20.940958738327026,0.5486795965965701,0.5000269931081006,-0.03240892595248535
20.948973178863525,0.5453578184120467,0.4954406189953592,-0.035353367104851804
20.971027135849,0.5363694774421598,0.49089509452177843,0.23960355777170894
20.97973871231079,0.5328523005408997,0.4863920964560511,0.272889304411144
21.00695013999939,0.5215191749701729,0.4819212035174426,0.2187579681438283
21.014960765838623,0.5181973967856495,0.4774646219060212,0.14413818945359613
21.03395938873291,0.5103814481161826,0.4730201795842292,0.07536923198090581
21.04372239112854,0.5064734737814492,0.4685905604727876,0.020645910076214434
21.060964822769165,0.49963451869566583,0.4641789564227147,-0.019405036934541302
21.083861351013184,0.49025538029230564,0.45978245603007395,-0.04688893885417839
21.099443435668945,0.48400262135673217,0.4553900582215122,-0.0645416436235207
21.110934257507324,0.4793130521550521,0.451011875147623,0.20113817039797896
21.120033740997314,0.47520967910358203,0.4466772204102914,-0.04691848659626381
21.14294719696045,0.4658305407002219,0.44240595316813774,0.13937221876798514
21.15692377090454,0.46016397791485847,0.4381981430953782,0.15241671448854216
21.169954538345337,0.45469281384623167,0.43405792190893056,0.10536847594297555
21.18187928199768,0.45000324464455155,0.42999939931895204,0.04664512057613561
21.19489026069641,0.44492287800939817,0.4260353718086719,-0.005239926334395038
21.207936763763428,0.43945171394077137,0.4221758779890958,-0.04500199989303032
21.220459938049316,0.43437134730561794,0.41843001087246035,-0.07276565805742853
21.234663248062134,0.4289001832369912,0.41480670305005857,0.18552081616176563
21.250020742416382,0.4226474243014178,0.4113138823147873,0.48461475311272184
21.2660174369812,0.4163946653658443,0.4079585163911118,1.0102438276841272
21.281012058258057,0.4103373051470075,0.40474665799973525,0.9447480471111551
21.30409002304077,0.4019351603273307,0.4016810464818904,2.070209083318566
21.31992483139038,0.3974409898423873,0.39876170408677303,3.064439748971399
21.331935167312622,0.3939238129411272,0.39599181330123817,4.342813851201264
21.346917867660522,0.38982043988965714,0.3933773216674539,4.8656005750134295
21.36093306541443,0.38630326298839707,0.39092320937122654,5.0
21.376899480819702,0.38278608608713705,0.3886331870235881,5.0
21.38892960548401,0.38063670020303364,0.3865099869619779,5.0
21.39692211151123,0.37907351046914023,0.38455507005680273,5.0
21.427923917770386,0.37457933998419685,0.3827703937479587,5.0
21.442923545837402,0.3726253528168302,0.38115952265961567,5.0
21.457942485809326,0.3712575617996735,0.3797243360263614,5.0
21.479933977127075,0.36949897334904347,0.3784671574272684,5.0
21.48792028427124,0.3691081759155701,0.3773891563831507,4.35813500010612
21.509924173355103,0.36793578361515006,0.3764884522677508,4.6554160965027
21.53039002418518,0.36734958746494006,0.37576990743485966,4.866715474752711
21.537906646728516,0.36734958746494006,0.37523671744996984,3.5715894738016214
21.5563542842865,0.36695879003146675,0.37488352688703885,2.82272444627892
21.565821647644043,0.36676339131473,0.37470489290619796,1.8060903947167122
21.587899208068848,0.36676339131473,0.37469863205214465,0.8747221024740367
21.595898151397705,0.36676339131473,0.3748620549530536,-0.6908423840073499
21.617818117141724,0.36676339131473,0.37518951883273455,-1.6027939646367002
21.63527798652649,0.36676339131473,0.3756854080946259,-2.663854581043848
21.645898580551147,0.36676339131473,0.376353518730311,-3.8153988945602473
21.665189504623413,0.36695879003146675,0.37718998591691,-4.7315007522429875
21.672900676727295,0.36695879003146675,0.37819014861825473,-5.0
21.69336771965027,0.36734958746494006,0.37934564872738424,-5.0
21.708990812301636,0.36774038489841343,0.38065706711449937,-4.998893266896829
21.722931623458862,0.3681311823318867,0.382127169272798,-4.516546966834616
21.737903594970703,0.36871737848209674,0.38374947696787404,-3.916688759621386
21.753222227096558,0.36930357463230673,0.3855168654959289,-3.345964512560588
21.766900777816772,0.3698897707825168,0.38742247252756173,-3.128945793138384
21.78089737892151,0.3706713656494634,0.38945692434694523,-2.477429741430993
21.797069311141968,0.3718437579498835,0.39161724482799126,-2.056102801333704
21.8068425655365,0.3724299541000935,0.39390161742725893,-2.0403139998560142
21.81989574432373,0.3732115489670402,0.3962965061809419,-1.305509504260283
21.84200429916382,0.3753609348511436,0.3988007444831694,-0.7391670549492969
21.854358911514282,0.3765333271515635,0.40142944920964624,-0.6018428049303637
21.869842290878296,0.3782919156021936,0.4041841325955784,-0.06945518957054975
21.883928775787354,0.3798551053360869,0.40705454395256907,-0.06225407457185195
21.897220611572266,0.381613693786717,0.4100312312430644,0.05125418403435639
21.90492844581604,0.3825906873704003,0.41309377492587684,0.4528500832172717
21.926832675933838,0.3861078642716604,0.4162244578784217,0.5894344211438477
21.934874296188354,0.3872802565720805,0.419419478370531,0.33162243940742814
21.963168382644653,0.39275142064070717,0.4226877469346785,1.3720114483899468
21.974520921707153,0.3950962052415472,0.42605943304368976,1.788168048260582
21.987548351287842,0.3976363885591239,0.4295439296667712,1.9027940418426241
21.995848417282104,0.3991995782930173,0.433114973528672,1.8757147129170473
22.017683744430542,0.4042799449281707,0.436756322848869,1.785642766084874
22.026214361190796,0.40623393209553743,0.4404668755531448,1.6709731529918737
22.04682207107544,0.41209589359763754,0.44424201220359366,1.550118640014659
22.056249856948853,0.4144406781984775,0.4480800245489529,1.1555951633815207
22.071542978286743,0.4191302474001577,0.45197911871111224,1.0100809587295827
22.07882285118103,0.4212796332842611,0.4559251745630989,0.9602744670347254
22.09980058670044,0.4275323922198345,0.45990607648238,0.9392257987296472
22.109723329544067,0.43085417040435786,0.4639219245393145,0.9201656869492643
22.128889322280884,0.43671613190645797,0.4679727430489369,0.618286963686057
22.136817693710327,0.4392563152240347,0.47205243930995955,-0.000760198297543424
22.15781283378601,0.44648606774329147,0.4761558312445468,0.22380756464339743
22.18097686767578,0.454497415129495,0.4803096467221989,0.6746657676755478
22.188984155654907,0.45742839588054507,0.48453613327565015,0.0004770059140875582
22.20198702812195,0.46211796508222514,0.48880834839872944,0.19626670086759093
22.222827911376953,0.46993391375169197,0.4931174298314995,-0.1954808626043948
22.236180782318115,0.4750142803868453,0.4974903165067691,-0.6996376158783753
22.24382758140564,0.4779452611378954,0.5019207123737796,-1.1358046937560355
22.264896869659424,0.48615200724083557,0.5063854629057173,-1.7296160547129282
22.272884368896484,0.4888875892751489,0.5108790377960538,-2.2406093235830005
22.29171085357666,0.49631274051114244,0.5153944821811929,-2.3249207741540943
22.3058922290802,0.5017839045797692,0.5199405221782452,-2.503960814013235
22.32317042350769,0.508427460948816,0.5245369431331119,-2.6494383222817195
22.337786197662354,0.5144848211676527,0.5291960615554819,-3.0007130686183343
22.347991943359375,0.5178065993521761,0.5339130802643679,-3.31550376698549
22.358842611312866,0.5219099724036462,0.5386626093679685,-3.518950324012929
22.370904207229614,0.5264041428885896,0.5434235526705595,-3.605661817805568
22.3858802318573,0.5320707056739531,0.548188706480252,-3.5950414956023837
22.404369115829468,0.5391050594764732,0.5529617899803193,-3.787996051598579
22.415940761566162,0.54340383124468,0.557746202854084,-3.6883460404378225
22.426440238952637,0.5473118055794133,0.5625251746553951,-3.745189067966456
22.438411474227905,0.5518059760643568,0.5672792233599914,-3.5206420502283993
22.44929575920105,0.5557139503990901,0.5720038008302867,-3.481942026360695
22.46786618232727,0.5625529054848736,0.5767073187234694,-3.468654434737725
22.47989583015442,0.5670470759698171,0.5814079919506079,-3.1484120758103815
22.494873762130737,0.5723228413217071,0.5861159095346369,-3.0284337447761427
22.50305199623108,0.5750584233560204,0.5908211726588132,-2.683356749004027
22.526113748550415,0.5832651694589607,0.5955218187338056,-2.5752006910737695
22.53586483001709,0.5867823463602206,0.6002433095864292,-2.2569420581636104
22.55686378479004,0.5944028963129508,0.6050117141748612,-2.1804545913436666
22.564859867095947,0.5971384783472642,0.6098334817250118,-2.1701846036043237
22.58408284187317,0.6037820347163111,0.6147035706742158,-1.8811073668776048
22.59984064102173,0.6092531987849378,0.6196341354636773,-1.8106439422310956
22.6158549785614,0.6149197615703013,0.624635052212131,-1.8022344884505208
22.634772777557373,0.621563317939348,0.6297051897969488,-2.0698157553243863
22.643858432769775,0.6242988999736614,0.6348430674270883,-1.7985110851216355
22.657217502593994,0.6284022730251315,0.6400255765654074,-1.9357276168546564
22.67286491394043,0.6328964435100749,0.6452329602980579,-2.155188103179459
22.680854558944702,0.6352412281109149,0.6504514914886281,-2.609609752921646
22.70986557006836,0.6440341703640652,0.6556871461192137,-3.0220334667980993
22.732158660888672,0.6508731254498485,0.6610081974847338,-3.3063089380877457
22.747851848602295,0.6555626946515287,0.6664720349978809,-2.9035559091050156
22.76099944114685,0.6594706689862622,0.672073799748764,-2.3212601076319284
22.775846004486084,0.6635740420377321,0.6777904595576769,-1.763932614405292
22.789865970611572,0.6674820163724656,0.68360136812689,-1.023331589095629
22.798201322555542,0.6700221996900422,0.689473534061756,-0.35215070219481803
22.81785011291504,0.6758841611921423,0.6953785751031873,-0.10266001962518684
22.8265118598938,0.6784243445097191,0.7013048647024342,0.24091346737577216
22.848767518997192,0.6850679008787659,0.7072425975480426,0.5466116932648742
22.862752199172974,0.6893666726469726,0.7132031963214315,0.7754720818379128
22.881020307540894,0.694447039282126,0.7192147046458449,1.2028399076629013
22.890815258026123,0.6979642161833861,0.725287818489142,1.5984931624842884
22.910852432250977,0.7044123738356962,0.7314128246980451,2.1656166487553845
22.925856113433838,0.7094927404708496,0.7375894691462372,2.654212687376664
22.940834045410156,0.7141823096725297,0.743817143003207,2.716800728589469
22.955498456954956,0.7188718788742098,0.7500868129688675,2.5977208580632327
22.96683645248413,0.7227798532089431,0.7563905638678521,2.6876348047389715
22.98988676071167,0.7307912005951467,0.762730717245055,3.071547852707141
22.997849464416504,0.73352678262946,0.7691090254805379,2.8882498385876847
23.017104625701904,0.7409519338654537,0.7755128003973257,3.3505925661316622
23.024813652038574,0.7440783133332403,0.781931236112137,3.064664304428319
23.037059545516968,0.7487678825349204,0.7883332416924906,3.107419901615206
23.05081558227539,0.7538482491700736,0.7946929847763677,2.6585223797224744
23.0748553276062,0.763813583723644,0.8010334270080076,3.2088542528037816
23.088857889175415,0.7696755452257441,0.807393826829479,3.385791964790307
23.110813856124878,0.7784684874788942,0.8138048121212709,3.092210728370617
23.119529247283936,0.781594866946681,0.8202769557586302,2.389757937064833
23.132127046585083,0.7866752335818344,0.8267833227457796,1.6604374401890574
23.144835710525513,0.7921463976504612,0.8332922477872828,0.7650728275650841
23.168813467025757,0.8017209347705582,0.8398090424341753,0.2532187718167411
23.18181276321411,0.8069967001224482,0.8463623767120602,-0.3169695989659449
23.194820642471313,0.8124678641910749,0.8529602748491427,-0.7938021935535061
23.20883011817932,0.8185252244099116,0.8595895198405779,-1.1404504089118586
23.221452951431274,0.8238009897618018,0.8662365164646253,-1.365630688333372
23.235769987106323,0.8294675525471652,0.8728897334634075,-1.4925264710331634
23.247822761535645,0.8341571217488452,0.8795439535197078,-1.5457541294232178
23.256436586380005,0.8376742986501053,0.8861801030456504,-1.8226367068168932
23.27483892440796,0.8449040511693621,0.8927802588332727,-1.821018478264588
23.284021377563477,0.8488120255040955,0.8993454253660573,-1.4321398722047627
23.297307014465332,0.8542831895727223,0.9058703581012746,-1.5273414006297488
23.30577778816223,0.8578003664739824,0.9123468386841422,-1.4659619854718469
23.318732261657715,0.8632715305426091,0.9187626697650277,-1.3482340515345812
23.32981538772583,0.8677657010275525,0.9251099605194292,-1.2185513933801153
23.343212842941284,0.8730414663794427,0.9313950237738612,-1.0950364023563717
23.35782814025879,0.8790988265982794,0.9376264055190721,-0.9838348116150519
23.373514413833618,0.8851561868171162,0.9438159507041939,-0.6098820605875204
23.386845111846924,0.890627350885743,0.9499743690085084,-0.4910942335945586
23.404523372650146,0.8976617046882631,0.9561150773576506,-0.47114606846629625
23.413841009140015,0.9017650777397332,0.9622497937652486,-0.4811606730113048
23.42970633506775,0.9086040328255167,0.9683788061129598,-0.4931465864513761
23.4408962726593,0.91309820331046,0.9745025658047521,-0.497572178764604
23.451433181762695,0.9173969750786667,0.9806048743899188,-0.21671325931152982
23.476826906204224,0.9279485057824469,0.986693054795657,-0.17079372233286555
23.488853931427002,0.9328334737008638,0.9928200988240412,-0.20719985386891968
23.503068447113037,0.9383046377694905,0.9990098691275404,-0.2607112874283925
23.512163162231445,0.9422126121042239,1.0052528713336626,-0.30643492041392273
23.521732091903687,0.945729789005484,1.0115197669647498,-0.33728617230252833
23.538660526275635,0.9525687440912673,1.0177870632469885,-0.3534393455513724
23.548839569091797,0.9568675158594742,1.0240556600348154,-0.3575493624143099
23.569082498550415,0.9650742619624143,1.0303333212819452,-0.6287483470468516
23.576822996139526,0.9685914388636743,1.03662658489959,-0.6508388323776912
23.595813751220703,0.9762119888164045,1.042933938996162,-0.30467076305330454
23.603832960128784,0.9791429695674545,1.0492540031922817,-0.1780776828236318
23.614300966262817,0.9834417413356613,1.0555577054798349,-0.14410350213217468
23.63171625137329,0.9904760951381815,1.061820744712981,-0.14467845939784338
23.65064001083374,0.9982920438076482,1.0680841967377872,-0.1545328556924159
23.666788339614868,1.0051309988934318,1.0744037617614024,0.11238985788863896
23.679808378219604,1.0106021629620585,1.080794195952248,0.140332447295832
23.689087390899658,1.0141193398633186,1.0872322730929347,0.08433035536418151
23.707218647003174,1.0219352885327855,1.093697004398623,0.010926509244120058
23.715079069137573,1.025061668000572,1.1001811742046803,-0.0542650890728006
23.731404304504395,1.0315098256528823,1.1066784630925224,-0.10377475884800491
23.73885703086853,1.0344408064039323,1.1131841620757708,-0.13758271326933147
23.75880265235901,1.0424521537901357,1.119694204966486,-0.15826021144739555
23.768141508102417,1.0459693306913957,1.1262097788486065,-0.16888185552397145
23.785601139068604,1.0533944819273893,1.1327318313982928,-0.17222081993898447
23.798843145370483,1.058865645996016,1.1392758571622774,-0.17051370842485064
23.80949854850769,1.0631644177642228,1.145843803979593,-0.16545994714815182
23.823256254196167,1.0684401831161128,1.1524106001626921,-0.15830325992465574
23.839167833328247,1.0750837394851596,1.1589768083634433,-0.14992956199967916
23.846729516983032,1.0782101189529465,1.1655405781876105,-0.14095583449059512
23.869760990142822,1.0875892573563064,1.1720894871751442,-0.13180243566830419
23.88290286064148,1.09266962399146,1.1786458231402421,-0.12274869923131612
23.895363330841064,1.09794538934335,1.1852283152166128,-0.11397427961465094
23.90987467765808,1.1041981482789236,1.1918314658431342,-0.10558924838594694
23.924866676330566,1.1102555084977603,1.1984503267718443,-0.09765568517095216
23.93533182144165,1.1145542802659671,1.2050680743690043,-0.09020300344521931
23.95170497894287,1.1210024379182773,1.2116704552167785,-0.08323873904553875
23.959726572036743,1.1243242161028004,1.2182494659576826,-0.07675609039221659
23.988794565200806,1.135852740390264,1.2248194643802863,-0.07073915216868971
24.003810167312622,1.1421054993258377,1.231442915936645,-0.06516652114001277
24.01874089241028,1.1479674608279375,1.2381509854912385,-0.060013758669815995
24.032798290252686,1.1536340236133011,1.2449270720785726,-0.05525505364073274
24.051433086395264,1.1616453709995045,1.2517661911792612,-0.05086432841951845
24.062397956848145,1.1661395414844482,1.2586640023452005,-0.3228543182261908
24.07472038269043,1.1712199081196015,1.265595974988385,-0.35224818871111424
24.09628987312317,1.1796220529392785,1.2725600095208112,-0.29371429511784564
24.10930037498474,1.1856794131581152,1.2795783926958437,-0.49050288941135584
24.12576460838318,1.1919321720936886,1.286649175984375,-0.17415273785823954
24.142079830169678,1.1983803297459985,1.2937622084855678,-0.026626965762045735
24.163771390914917,1.2067824745656754,1.300928825195421,0.03882698303986338
24.171754360198975,1.210495050183672,1.3081501490381107,0.0649516306722017
24.193762063980103,1.2198741885870323,1.3154056642049434,-0.2033692189690554
24.215227842330933,1.2288625295569193,1.3227153631873223,-0.23704176699413984
24.22374987602234,1.2319889090247058,1.330095319275955,-0.18591527657015422
24.236539602279663,1.237264674376596,1.3375079839902404,-0.11496654562730999
24.255446910858154,1.245080623046063,1.3449368632482543,-0.04973571356902283
24.264357805252075,1.2485977999473228,1.3523797755181126,0.0018569255202174131
24.284661293029785,1.2566091473335264,1.359823162900551,0.039233181940289685
24.295532941818237,1.2611033178184698,1.3672651456947333,0.06445947623768256
24.305418491363525,1.2652066908699398,1.3746807916199333,0.08020697310032919
24.3197603225708,1.2708732536553033,1.3820282315090595,0.08894778910781406
24.33516788482666,1.2775168100243501,1.3892885564474233,0.09270432536926435
24.354723691940308,1.2855281574105535,1.3964787743964124,0.09302972975828142
24.367693424224854,1.2904131253289703,1.4036384856255204,0.09107212609343901
24.38169550895691,1.2962750868310704,1.4107812546670502,0.36369683269717556
24.393537282943726,1.3019416496164338,1.4178918445624937,0.39253562728155567
24.410717010498047,1.3079990098352705,1.4249575988295924,0.332685559697352
24.423775672912598,1.3134701739038972,1.431978519010291,0.2516569646195114
24.435014724731445,1.3179643443888407,1.4389549912890018,0.1761844331779688
24.442808389663696,1.320895325139891,1.445862846040113,0.11472652200318813
24.463454246520996,1.3294928686763046,1.4526823273562337,0.06808160341342495
24.4718496799469,1.3328146468608277,1.4594174829112738,0.03425202372708466
24.494826078414917,1.3419983865474514,1.4660726015951195,0.010565579023416104
24.516661643981934,1.3511821262340749,1.4726910077957984,-0.005481138670525977
24.524744987487793,1.3543085057018613,1.4793095530579865,-0.01595321424135097
24.532756328582764,1.3576302838863845,1.4858813636560924,-0.022449122119222557
24.553396701812744,1.3660324287060617,1.4923692416119758,-0.02616109203766025
24.57376003265381,1.3740437760922652,1.498819665577288,-0.0279574265443384
24.595092058181763,1.3826413196286786,1.5053057453644547,-0.028460133773542506
24.602811574935913,1.3859630978132023,1.5118499133598182,0.24792910263815776
24.626758575439453,1.3959284323667722,1.5184339177441175,0.2819500810736153
24.648406505584717,1.4045259759031858,1.5250787034585944,0.22808109356510883
24.65581750869751,1.4076523553709723,1.5318008611947356,0.15340967152647103
24.668150901794434,1.4127327220061259,1.538557105429012,0.0843865196980979
24.681737661361694,1.4183992847914892,1.5453100730891653,0.029283871488563505
24.690195083618164,1.4219164616927495,1.5520356177783925,-0.011218277853852685
24.70565104484558,1.427973821911586,1.5587133777623343,-0.03918903885170477
24.7211332321167,1.434031182130423,1.5653481937120084,-0.057339979746858144
24.732078552246094,1.4385253526153663,1.571944437205701,-0.06819218004182451
24.74654197692871,1.4443873141174666,1.5784951713318922,-0.3498523213257049
24.762840747833252,1.4508354717697765,1.5849948583325968,-0.38496060522955
24.776081323623657,1.4565020345551398,1.5914339107557691,-0.32938908985243204
24.79174828529358,1.4625593947739768,1.597804758723269,-0.2512245979503205
24.80005168914795,1.4660765716752369,1.6040957592916183,-0.17762172589315164
24.809004545211792,1.469593748576497,1.610279433259027,-0.11734078040611871
24.830759525299072,1.478582089546384,1.616361397592697,-0.07139478555242565
24.843729734420776,1.483857854898274,1.6223843438316619,-0.03793764639821063
24.86138939857483,1.4910876074175305,1.628375550676558,0.2616348362169466
24.87286376953125,1.4955817779024738,1.6343404833968436,0.3107997100163442
24.88727355003357,1.5018345368380475,1.6402708590592125,0.2662624112349655
24.903270721435547,1.508673491923831,1.64617080911517,0.19681995071622257
24.911824464797974,1.5117998713916176,1.6520485501591633,0.13019025620806152
24.926928997039795,1.517661832893718,1.657889840864786,-0.2004747284413814
24.945226907730103,1.525282382846448,1.6636937055703958,-0.27488867301290326
24.960776567459106,1.5313397430652846,1.669483769615366,-0.2493524691346239
24.968728065490723,1.534661521249808,1.6752608432625984,-0.1934919665627261
24.98973298072815,1.5434544635029583,1.6810108420020695,-0.13615863170141773
24.997703313827515,1.5465808429707448,1.6867314927765493,-0.08761047488615403
25.019723176956177,1.5555691839406316,1.69242098387694,-0.050063969497953026
25.03089475631714,1.560258753142312,1.6980847579537177,-0.022593064259072242
25.0548415184021,1.5702240876958822,1.7037397959395728,-0.2793532171713175
25.067633152008057,1.5753044543310357,1.7094142832807637,-0.29946074347008317
25.081655979156494,1.580971017116399,1.7151215219122447,-0.235952165080822
25.096802949905396,1.586832978618499,1.7208564315521546,-0.15475440489510583
25.110806465148926,1.5928903388373359,1.7266134049204998,-0.0814312497474626
25.134466409683228,1.6024648759574327,1.7323977386153318,-0.023597941903168385
25.14279842376709,1.605786654141956,1.7382113916360598,0.018542481921893117
25.16107749938965,1.6137980015281594,1.744030654938622,0.04740060678296388
25.177734375,1.6204415578972062,1.7498507919127186,0.06592998037257722
25.190803050994873,1.6257173232490965,1.7556837437994568,0.0768217553063705
25.205795526504517,1.6317746834679334,1.7615227900443589,0.08226292517179257
25.216020107269287,1.635878056519403,1.7673476042446392,0.08392802282872408
25.232683420181274,1.6423262141717134,1.7731404267869704,-0.1929846392728465
25.24764847755432,1.6487743718240233,1.7788971037910382,-0.22863175886744586
25.255633115768433,1.6520961500085467,1.784599075833517,-0.17707483994536044
25.27299690246582,1.659130503811067,1.7902152098519204,-0.1051091371368478
25.294224739074707,1.6679234460642172,1.795755195885159,-0.03898397980482415
25.304718494415283,1.6720268191156873,1.8012472608008039,0.013164549748323488
25.31664800643921,1.6771071857508406,1.8066868174322737,0.05074640994456505
25.338926792144775,1.6859001280039907,1.8120710295694435,0.35192665192986533
25.346654176712036,1.688831108755041,1.8174038338497207,0.40049984737230393
25.36813974380493,1.6978194497249277,1.8226733968987145,0.35369866852540677
25.375792264938354,1.7009458291927144,1.8278695471190551,0.2808347811159757
25.397795915603638,1.710129568879338,1.8329884113340478,0.2100528227837823
25.40646266937256,1.7138421444973346,1.8380308913404406,0.15086918382415743
25.432633876800537,1.7243936752011149,1.8430075103954808,0.10485466489892181
25.44494891166687,1.7294740418362682,1.8479401343714306,0.0705651052418272
25.452770233154297,1.7327958200207916,1.8528239026976083,0.32175757721964987
25.46917700767517,1.739048578956365,1.857634859087617,0.337249243102844
25.48547649383545,1.7458875340421487,1.8623766347479536,-0.006183517690139778
25.494201183319092,1.749209312226672,1.8670509537883606,-0.12382515743127104
25.51425313949585,1.7572206596128757,1.8716485258994016,0.1311141169250241
25.52762198448181,1.762887222398239,1.8761782129566362,-0.09606410526757193
25.542614698410034,1.7691399813338122,1.8806484448636176,0.11790918948834594
25.556607723236084,1.7748065441191758,1.8850565877072958,0.155825076745531
25.571609020233154,1.7806685056212759,1.889401347803425,0.12797655928822602
25.580819129943848,1.7847718786727458,1.8936739812578993,0.08270740311832765
25.59687900543213,1.7910246376083194,1.8978677641008095,0.3154758117966314
25.604679822921753,1.7943464157928428,1.901983730947824,0.3137222492867993
25.614631414413452,1.798449788844313,1.9060069537387776,0.23302112193986046
25.638617753982544,1.8082197246811464,1.9099410162311428,0.1394358394479369
25.65472674369812,1.8150586797669297,1.9138277467680107,0.05780983259954821
25.666385889053345,1.8199436476853468,1.9176924226096437,-0.005150064181702836
25.677770376205444,1.8246332168870267,1.9215345584551726,-0.05007529236275403
25.691781997680664,1.8301043809556534,1.925352338991349,-0.0800566603916949
25.703627347946167,1.8347939501573334,1.9291467535648885,-0.09856896560151371
25.71502685546875,1.8390927219255402,1.9329175797868763,-0.10868806700649157
25.72421169281006,1.8428052975435372,1.9366582641845302,-0.11287767071531017
25.73580288887024,1.8474948667452171,1.940358286986381,-0.3890457790913594
25.748703956604004,1.852966030813844,1.9440104599952415,-0.4196121163510081
25.76640272140503,1.8601957833331009,1.9476224898214665,-0.3602517338356505
25.77574110031128,1.8637129602343607,1.951208440472806,-0.278890399424621
25.78930354118347,1.869379523019724,1.9547685437100737,-0.20255672724819532
25.800662994384766,1.8740690922214043,1.958298583947049,-0.13991467929787124
25.813689708709717,1.879540256290031,1.9617979245051163,-0.0919043473072957
25.83588695526123,1.8883331985431815,1.9652783390480288,-0.05662453876629099
25.8507342338562,1.8941951600452813,1.9687625289500974,0.24457073174500968
25.86666965484619,1.9008387164143281,1.9722586368368897,0.2951904711539952
25.88159704208374,1.9072868740666384,1.9757617606825417,0.25196485340651675
25.894599676132202,1.9125626394185284,1.9792666126526635,0.18371031978569635
25.908599853515625,1.9180338034871551,1.9827680716464342,-0.15787804687445917
25.922605752944946,1.9237003662725185,1.9862612616264894,-0.24464522186660106
25.93558931350708,1.9291715303411452,1.9897416229741576,-0.22993846723081637
25.953507661819458,1.9360104854269287,1.993209219131819,-0.18259212902882532
25.973899364471436,1.944217231529869,1.9966715368834194,-0.13154054362855155
25.998144149780273,1.9539871673667024,2.0001441358302205,-0.08741718333293014
26.006927967071533,1.957699742984699,2.003635375544165,-0.052859143777173045
26.02726721763611,1.9662972865211126,2.007138586264086,-0.027312855289943337
26.040745496749878,1.971963849306476,2.010651886020349,-0.28523275087464345
26.054490566253662,1.9772396146583662,2.0141728029735293,-0.3059628248801432
26.069663047790527,1.9832969748772031,2.0176915544109675,0.03333085130120922
26.084882020950317,1.9895497338127766,2.0212005903328403,-0.12839031300479284
26.098586082458496,1.9952162965981397,2.024693685564088,-0.143132191294812
26.11274266242981,2.0006874606667666,2.0281644627325903,-0.10602819631709667
26.13002586364746,2.00752641575255,2.0316120302175302,-0.05800725083711484
26.139583110809326,2.0116297888040204,2.0350366979109964,-0.014898939926477974
26.159319639205933,2.020031933623697,2.0384387985059442,0.018615710858896864
26.16875648498535,2.0239399079584306,2.0418200296657045,0.04245003090435585
26.187795162200928,2.031755856627897,2.0451776699427877,0.058129363272139134
26.201067686080933,2.037031621979787,2.0485171277841383,0.06750616409849643
26.21286153793335,2.0415257924647303,2.0518415154224057,-0.2037764760362387
26.2307448387146,2.0487555449839876,2.0551453490753055,-0.2354040771438709
26.24531602859497,2.0542267090526143,2.0584312672206213,-0.7331053819059457
26.260563135147095,2.059697873121241,2.0617017375726396,-1.0014835470783159
26.282397270202637,2.066927625640498,2.0649639004262506,-1.9611250863911867
26.295876026153564,2.070835599975231,2.0682325591788997,-3.489564758028575
26.304038763046265,2.0729849858593346,2.071503011433167,-4.31680239420953
26.316239595413208,2.076502162760595,2.0747548283744757,-5.0
26.32657289505005,2.078846947361435,2.0779768035717248,-5.0
26.336559295654297,2.081191731962275,2.081164267750149,-5.0
26.351590156555176,2.0843181114300617,2.0843152902833952,-5.0
26.36561107635498,2.0866628960309015,2.0874336743706357,-5.0
26.379635095596313,2.088812281915005,2.0905228392239628,-5.0
26.39263367652893,2.0901800729321613,2.0935837514434827,-5.0
26.407598733901978,2.0919386613827915,2.0966173295928416,-5.0
26.420669078826904,2.0931110536832116,2.0996244229773713,-5.0
26.435107707977295,2.0942834459836317,2.10260579891764,-5.0
26.448636770248413,2.095260439567315,2.1055621372604127,-4.972392796879285
26.461410760879517,2.0956512370007885,2.1084940306286537,-5.0
26.47655177116394,2.096237433150998,2.111401988834782,-3.97215165776734
26.491839170455933,2.097019028017945,2.114288330547057,-3.046452932338238
26.50383162498474,2.097605224168155,2.117155926831857,-1.7408949868060013
26.518444538116455,2.0985822177518383,2.120004305989905,0.011889077147378746
26.5326247215271,2.0995592113355217,2.122831155069611,2.127585029512792
26.549464225769043,2.100731603635942,2.125639994318365,3.932625358643322
26.56279683113098,2.101903995936362,2.128440097333722,5.0
26.57767343521118,2.1034671856702554,2.1312360191588464,5.0
26.59058690071106,2.104639577970675,2.134026791110127,5.0
26.603332996368408,2.106398166421305,2.136808725049233,5.0
26.61286950111389,2.1075705587217253,2.1395733024954917,5.0
26.623552322387695,2.108938349738882,2.1423089911246733,5.0
26.63917899131775,2.1112831343397223,2.1450094271135027,5.0
26.654932498931885,2.1138233176572987,2.1476780846549417,5.0
26.667900800704956,2.116168102258139,2.1503208450072644,5.0
26.67858338356018,2.1181220894255053,2.15293645324225,5.0
26.696884393692017,2.1220300637602385,2.155524248198205,5.0
26.713564157485962,2.125351841944762,2.1580938576622715,5.0
26.721722841262817,2.1271104303953923,2.1606467416024384,5.0
26.742647409439087,2.1319953983138094,2.163176333291838,5.0
26.757583618164062,2.1359033726485426,2.165687748204076,5.0
26.774605751037598,2.1400067457000125,2.16818599281153,5.0
26.794343948364258,2.145477909768639,2.1706726308458784,4.798456877089617
26.809708833694458,2.149385884103373,2.173151785433264,4.285792119055222
26.82362651824951,2.153293858438106,2.1756219183717933,3.4428846334300527
26.8396635055542,2.1575926302063126,2.1780758875806367,2.612476796188317
26.85363221168518,2.1613052058243096,2.1805058740895036,1.9125216132477054
26.87164545059204,2.1665809711761996,2.1829062903304624,0.8125366910344141
26.882805109024048,2.169316553210513,2.18527294586481,-0.21701111229655645
26.893545627593994,2.1720521352448263,2.187598693740086,-1.0256599473669474
26.906597137451172,2.175178514712613,2.1898751547745885,-1.8732664763043614
26.92057156562805,2.1783048941803997,2.1920966787450697,-2.5498929444532346
26.943127155303955,2.1835806595322897,2.194263201354906,-3.564382808103749
26.957064628601074,2.18709783643355,2.1963782167704085,-3.9000622979576507
26.964545011520386,2.1886610261674435,2.19843712258568,-4.1826233564799615
26.975471019744873,2.1910058107682833,2.2004274038352407,-4.344202198716535
26.990714073181152,2.194327588952807,2.2023424486398198,-4.660032720578188
27.006076335906982,2.197258569703857,2.2041847784106143,-4.909604091478521
27.01454186439514,2.1986263607210135,2.2059568363524256,-4.755467846521751
27.027632474899292,2.2005803478883803,2.207657058156661,-4.995634740999945
27.04064679145813,2.2017527401888004,2.2092844553091,-5.0
27.053696632385254,2.2029251324892205,2.2108397708547756,-5.0
27.067542791366577,2.20351132863943,2.212324002281828,-5.0
27.082564115524292,2.2039021260729035,2.213738362827374,-5.0
27.09656262397766,2.2037067273561672,2.2150842411383818,-5.0
27.11162567138672,2.2037067273561672,2.2163631565456114,-5.0
27.120397329330444,2.2037067273561672,2.2175752398417794,-5.0
27.137634754180908,2.2037067273561672,2.218720892957674,-5.0
27.145643949508667,2.2037067273561672,2.2198022608692805,-4.752098712463307
27.166692972183228,2.2037067273561672,2.220821341333272,-3.1279751424466946
27.17560124397278,2.2037067273561672,2.221780365351942,-1.0557174143866652
27.201595783233643,2.2037067273561672,2.222681969893596,0.7797791532045873
27.217661380767822,2.2037067273561672,2.223529171362875,2.180936929444095
27.23259925842285,2.2037067273561672,2.2243231659902234,3.149846394229525
27.24548602104187,2.2037067273561672,2.2250628749700914,3.7576809476867465
27.260517597198486,2.2037067273561672,2.2257470740063567,4.088668643167164
27.269070148468018,2.2037067273561672,2.2263748175445826,4.2185599645197716
27.286684274673462,2.2037067273561672,2.226944947200947,4.208396182771983
27.2946138381958,2.2037067273561672,2.227456363898256,4.104565022164693
27.308948040008545,2.2037067273561672,2.227908869326408,3.9410461058140536
27.330539226531982,2.2037067273561672,2.2282999194549475,3.742083772950901
27.344976902008057,2.2037067273561672,2.2286235627655646,3.5246064979393124
27.357520580291748,2.2037067273561672,2.228874898589992,3.300192815832852
27.36769986152649,2.2037067273561672,2.229053117020568,3.076581896452079
27.379583835601807,2.2037067273561672,2.2291593278647444,2.858796558593898
27.394659280776978,2.2037067273561672,2.2291930556469173,2.649960713475925
27.417545795440674,2.2037067273561672,2.229148994615168,2.451885887031
27.425660848617554,2.2037067273561672,2.2290225842190297,2.265487694978956
27.439446926116943,2.2037067273561672,2.228817111240572,2.0910791833515665
27.458585262298584,2.2037067273561672,2.228530969953567,1.9285760158299001
27.47252321243286,2.2037067273561672,2.2281548965087152,1.7776390587494266
27.48118758201599,2.2037067273561672,2.2276896806184943,1.6377727745713215
27.50264310836792,2.2037067273561672,2.22714024937575,1.508392567766764
27.510525941848755,2.2037067273561672,2.226507286360522,1.3888704063561503
27.530799388885498,2.2037067273561672,2.225791630237236,1.2785653013541292
27.550525665283203,2.2037067273561672,2.2249824217485514,1.1768432748498117
27.560364484786987,2.2037067273561672,2.224067847798938,1.0830900653593751
27.570596933364868,2.2037067273561672,2.223055468212428,0.99671884396628
27.586679935455322,2.2037067273561672,2.221955873475825,0.9171745286776225
27.597668886184692,2.2037067273561672,2.220772665523508,0.8439358027153039
27.614917516708374,2.2037067273561672,2.2195081985293195,0.7765156048163268
27.63258934020996,2.2037067273561672,2.21815815918842,0.7144606232967543
27.646015882492065,2.20351132863943,2.216716322784674,0.6573501604605068
27.659597635269165,2.20351132863943,2.215184552469358,0.6047946186536513
27.674686670303345,2.2033159299226934,2.2135685252058055,0.5564337789377191
27.689595222473145,2.203120531205957,2.211873641699837,0.23589662781515786
27.70313310623169,2.202729733772484,2.210105016987827,-0.11420999640083304
27.714540481567383,2.2023389363390105,2.208267474734497,-0.6819855720737416
27.727590084075928,2.2021435376222733,2.2063663928614643,-0.9277510041943584
27.74075675010681,2.2017527401888004,2.2044067140319434,-1.0120007259378885
27.74964213371277,2.201361942755327,2.202395028765816,-1.016090933097471
27.759483098983765,2.2011665440385904,2.200345068871416,-0.9813995460035325
27.776503324508667,2.200775746605117,2.198265430010114,-0.929035054555766
27.78649091720581,2.200384949171643,2.1961556816292087,-0.5937422965477905
27.796161651611328,2.200189550454907,2.1940259820901695,-0.22392735317037166
27.814814567565918,2.199603354304697,2.191882670102759,-0.1866123367863373
27.8254873752594,2.1992125568712235,2.1897150978003483,0.014825557712977597
27.843428373336792,2.1986263607210135,2.187515676005534,0.23065991231798763
27.853484630584717,2.1980401645708034,2.185283738117456,0.13131512107558074
27.876490592956543,2.1966723735536466,2.1830136516687193,-0.052217626246543386
27.891299724578857,2.1953045825364903,2.1806921041609173,-0.7794377812775357
27.906577587127686,2.19354599408586,2.1783138011730485,-2.6383536374742897
27.926363468170166,2.19061501333481,2.175877898658209,-4.200782893440659
27.935585021972656,2.189247222317653,2.1733840953974157,-4.768395791420586
27.95603632926941,2.185143849266183,2.1708340281425937,-5.0
27.967947483062744,2.1826036659486063,2.168222679028984,-5.0
27.984338760375977,2.17889109033061,2.165549927407068,-5.0
27.99856734275818,2.1755693121460866,2.1628203887449535,-5.0
28.012168645858765,2.1722475339615634,2.160038377754493,-5.0
28.024304628372192,2.1687303570603027,2.1572141775144993,-5.0
28.041645288467407,2.163454591708413,2.1543567078636725,-5.0
28.059650897979736,2.1577880289230493,2.1514626037660056,-5.0
28.071559190750122,2.153880054588316,2.1485291724774798,-4.495812208872316
28.08453679084778,2.1495812828201095,2.1455657958145196,-3.8092891014749983
28.09848642349243,2.144891713618429,2.142580474058155,-2.5967052240693063
28.119295835494995,2.1388343533995924,2.139565542874296,-1.1379218930604782
28.12758207321167,2.136294170082016,2.136514208331205,0.6887006111910122
28.14209508895874,2.1317999995970722,2.1334364780513866,2.8305213654418875
28.16032075881958,2.126719632961919,2.130331264508214,4.632923756499614
28.174115657806396,2.1228116586271857,2.127186294357017,5.0
28.183342695236206,2.1204668740263455,2.1240097123122106,5.0
28.20262384414673,2.1153865073911917,2.120813008506637,5.0
28.210631370544434,2.113627918940562,2.1175993867103813,5.0
28.230905532836914,2.1085475523054082,2.114372610967024,5.0
28.23861026763916,2.1067889638547785,2.111133775726855,5.0
28.254438638687134,2.1030763882367816,2.107890099307046,5.0
28.263461589813232,2.1009270023526785,2.1046474234577808,5.0
28.27775526046753,2.0979960216016282,2.101409291731004,5.0
28.300817489624023,2.0929156549664754,2.09816511233123,5.0
28.313740730285645,2.089984674215425,2.094886322874487,4.64142549488295
28.32546615600586,2.0878352883313216,2.091564000172073,4.593375226524661
28.340449810028076,2.0849043075802713,2.0882068712657804,4.047246091315094
28.357934713363647,2.0813871306790115,2.0848148190064837,3.671971503252188
28.374455451965332,2.078065352494488,2.0813741538520265,3.378950593063376
28.389103889465332,2.0751343717434376,2.077873419771167,2.8515035732904868
28.402695655822754,2.072594188425861,2.074314837168023,2.3145682371088534
28.41624116897583,2.0700540051082847,2.070706268055257,1.8488205580728854
28.425496339797974,2.0684908153743913,2.067064426806387,1.7483398766363534
28.44448971748352,2.0651690371898677,2.0634030978431954,1.4875480597015263
28.45754599571228,2.062824252589028,2.059714353696729,1.2068359256374712
28.468747854232788,2.060870265421661,2.055997842048191,1.2346010835009336
28.484526872634888,2.058330082104084,2.0522630406040756,0.7895286170117216
28.499523878097534,2.0557898987865078,2.048506085664705,0.5433302203883559
28.51253652572632,2.0536405129024042,2.0447236603754675,0.12538864729693444
28.52846360206604,2.051295728301564,2.0409188424507207,0.2821267258599535
28.542463779449463,2.0489509437007243,2.037094186971405,0.3147075369397395
28.565242767333984,2.044847570649254,2.033238971785634,0.021304503662799845
28.573518753051758,2.043088982198624,2.0293441869159086,-0.5976127648970404
28.592982053756714,2.038790210430417,2.0254150181655293,-2.024695062048891
28.601634979248047,2.036640824546314,2.02145306248237,-3.6926028808825566
28.620092630386353,2.0319512553446337,2.0174597545030446,-5.0
28.627798795700073,2.0299972681772673,2.0134411844173927,-5.0
28.646095275878906,2.0245261041086406,2.0094024883387855,-5.0
28.65346384048462,2.0221813195078004,2.005346988644879,-5.0
28.673476219177246,2.0155377631387537,2.001277370689417,-5.0
28.681429862976074,2.01280218110444,1.997194769470667,-5.0
28.703507661819458,2.004400036284763,1.9930999706510484,-5.0
28.72147798538208,1.9979518786324533,1.9889761373729153,-5.0
28.73149871826172,1.99404390429772,1.9848090651104668,-5.0
28.743508100509644,1.9889635376625665,1.980607681267742,-5.0
28.75649380683899,1.9836877723106763,1.9763796369600863,-4.470466064602183
28.76448893547058,1.9803659941261529,1.9721419118850274,-3.5539895530039542
28.784501791000366,1.972745444173423,1.9679086474709808,-2.9204385541154503
28.79915189743042,1.9670788813880593,1.9636621758167785,-1.635203918422903
28.811509609222412,1.9623893121863794,1.9593873846151761,0.18737743391738937
28.825178623199463,1.9573089455512258,1.955090933725939,2.3865221622239967
28.841493368148804,1.9512515853323888,1.950778393323011,3.984406173588125
28.86465358734131,1.9436310353796589,1.9464321723023599,5.0
28.87524437904358,1.940504655911872,1.9420227217929928,5.0
28.88809561729431,1.9362058841436656,1.9375432564404258,5.0
28.9024555683136,1.9321025110921954,1.933003201349791,5.0
28.91733169555664,1.927608340607252,1.9284109713903117,5.0
28.933507442474365,1.922723372688835,1.9237740185944303,5.0
28.947432041168213,1.918619999637365,1.9190988847565793,5.0
28.955492973327637,1.9160798163197883,1.9144065346171306,4.804282449463029
28.975443124771118,1.910804050967898,1.9097145817638095,4.465441423291276
28.99822163581848,1.9045512920323246,1.9049914951406932,4.367347495536879
29.006403923034668,1.902206507431485,1.9002106771388072,3.7609270904424257
29.021050691604614,1.8979077356632779,1.895395803365971,3.6129910308844964
29.039411306381226,1.8934135651783346,1.890551220491978,3.3214005298560183
29.052398681640625,1.8904825844272846,1.8856504213655931,3.2751370471898045
29.066572666168213,1.8869654075260245,1.8806869992141886,3.0013189218978926
29.08247423171997,1.883252831908028,1.8756711327669717,2.3941994587445077
29.094409704208374,1.8805172498737142,1.8706117782897063,2.0424176289726685
29.107572555541992,1.8773908704059277,1.8655167433149533,1.2631073339012717
29.123966217041016,1.8734828960711942,1.8603903457839024,1.307159620096169
29.14396381378174,1.868207130719304,1.8552198776949893,0.7641637286046405
29.15147304534912,1.8660577448352007,1.8499996735797655,-0.14990078114048755
29.163554906845093,1.8625405679339408,1.8447581385117622,-1.2840166794167074
29.176568508148193,1.8586325935992072,1.8395168276724936,-2.534137263653127
29.189966917037964,1.8533568282473172,1.8342827744823509,-4.381793877635987
29.205520629882812,1.8484718603289005,1.8290615118201101,-5.0
29.218608617782593,1.8437822911272206,1.823844845081111,-5.0
29.23248529434204,1.8388973232088037,1.8186254670631914,-5.0
29.255587816238403,1.8297135835221803,1.8133879116519886,-5.0
29.271576404571533,1.8230700271531333,1.8081018673392915,-5.0
29.287575483322144,1.8162310720673498,1.8027576860263381,-5.0
29.307640314102173,1.8076335285309364,1.7973504902774955,-5.0
29.315510511398315,1.8045071490631495,1.7918766639369872,-4.5937926655591355
29.336569786071777,1.7951280106597896,1.7863444886995892,-3.557845244457712
29.352555513381958,1.788289055574006,1.7807438087843368,-1.9211806631699795
29.364152669906616,1.7834040876555892,1.7750698483184821,-0.37899725878883483
29.387667894363403,1.7736341518187557,1.7693188471802062,0.5682579672226922
29.395567178726196,1.7707031710677057,1.7634883276369695,1.6892254506077322
29.418572187423706,1.7613240326643456,1.7575946182967483,2.9089121132952274
29.42724299430847,1.7578068557630855,1.7516507197248101,3.8937389404479834
29.444589853286743,1.7513586981107754,1.7456679888752862,5.0
29.452505588531494,1.7490139135099352,1.7396589148259594,5.0
29.462509155273438,1.7453013378919386,1.7336597994610705,5.0
29.485466480255127,1.7374853892224718,1.7276812643770585,5.0
29.500505447387695,1.7318188264371084,1.7216803845189987,5.0
29.50845694541931,1.7288878456860584,1.715657534679841,4.408526223499673
29.529500246047974,1.7204857008663814,1.7096387258515744,3.213313503535555
29.55238652229309,1.7111065624630215,1.7035900288758645,1.184112419490702
29.560482263565063,1.707784784278498,1.6974828721094215,-0.19021734149612057
29.584460020065308,1.697624051008191,1.6913305930786597,-1.6423499931301904
29.60637927055359,1.6886357100383043,1.6851070075623666,-2.2718450524671825
29.629513025283813,1.6800381665018909,1.678752605447356,-1.6614695261450043
29.6455020904541,1.6737854075663172,1.6722369288084344,-0.7478893869279344
29.66148805618286,1.6683142434976903,1.6655738532914373,0.6507938031905989
29.67773985862732,1.6624522819955905,1.658792915471108,2.484197563295814
29.690492391586304,1.6583489089441203,1.6519203826773077,3.2513091827212612
29.70286226272583,1.6540501371759135,1.6449922994413102,4.594461253679075
29.72622799873352,1.6464295872231836,1.6380201782219095,5.0
29.741541385650635,1.6415446193047667,1.6309773885694026,5.0
29.749862670898438,1.6388090372704534,1.6238781221307024,4.272277885838055
29.766981601715088,1.6335332719185633,1.6167621955318576,3.6005901187451226
29.774522066116333,1.6309930886009865,1.6096496116957852,2.4792822863738073
29.78797435760498,1.6263035193993067,1.6025796781197428,0.8444171743396206
29.80251955986023,1.6208323553306796,1.5955819773320679,-0.6553220165517182
29.828999280929565,1.6096946284766893,1.5886211432015926,-3.4749665084390435
29.837534427642822,1.6061774515754295,1.5816467150494598,-4.761996657293901
29.850486040115356,1.6007062875068025,1.5746636443858222,-5.0
29.86637043952942,1.5942581298544924,1.5676958138931143,-5.0
29.889467000961304,1.5840973965841858,1.560731204909064,-5.0
29.902372121810913,1.5788216312322956,1.5537393254955305,-5.0
29.916122913360596,1.5731550684469322,1.5467145357338294,-3.968507128786045
29.939987182617188,1.5627989364598887,1.5396521057110741,-3.22013271265733
29.9475200176239,1.559672556992102,1.5325483552371593,-2.114395266221305
29.961458206176758,1.553615196773265,1.525441001394448,-1.0783042956544764
29.982452630996704,1.544626855803378,1.5183414804876085,-0.24855712317746248
29.995514154434204,1.5391556917347513,1.5112185947338626,0.360078069022193
