t_s,q_rad,q_des_rad,jerk
0.005559682846069336,-0.04826348303395755,0.0006620960170447169,0.0
0.020009279251098633,-0.048068084317220885,0.0031941037824712516,0.0
0.030420541763305664,-0.048068084317220885,0.007922166769374479,0.0
0.049475908279418945,-0.0472864894502742,0.014422773298273876,0.552076719357362
0.05961155891418457,-0.046504894583327516,0.022309295804172048,1.1704026450376073
0.0762319564819336,-0.04494170484943416,0.03123988260692278,2.5066491365701666
0.09062433242797852,-0.04318311639880412,0.04091292571199852,4.066137786955823
0.10260581970214844,-0.04142452794817409,0.05106632666766312,5.0
0.1176600456237793,-0.038884344630597374,0.06147489213033104,5.0
0.13217401504516602,-0.03556256644607399,0.07194082438115927,5.0
0.14709711074829102,-0.031459193394603915,0.08229644192379637,5.0
0.16005373001098633,-0.027746617776607176,0.09240388912904428,5.0
0.17239999771118164,-0.023447846008400428,0.10215010274053028,5.0
0.18709707260131836,-0.01758588450630032,0.11144443571755767,5.0
0.20209765434265137,-0.011333125570726873,0.12021635800541326,5.0
0.2176530361175537,-0.005275765351890096,0.1284123618840312,5.0
0.2369556427001953,0.0021493858841033727,0.13599104874715787,5.0
0.2459263801574707,0.005861961502100107,0.1429265519871452,5.0
0.2591688632965088,0.011137726853990204,0.1492132661633357,3.0310602979049506
0.28217244148254395,0.020321466540613703,0.15485134195169298,0.48146323829137305
0.29617738723754883,0.02618342804271381,0.15984112797019523,-1.7764596079761308
0.31017398834228516,0.031849990828077254,0.1641953126701946,-3.766178861138274
0.3231837749481201,0.03693035746323068,0.16793767044685184,-5.0
0.33608078956604004,0.042401521531857445,0.17109641642639978,-5.0
0.3591928482055664,0.05138986250174427,0.17369917506154117,-5.0
0.3744776248931885,0.05725182400384438,0.17577244298151434,-5.0
0.38805603981018066,0.06252758935573448,0.1773494249617007,-5.0
0.4020872116088867,0.06780335470762457,0.17846915090746357,-5.0
0.4170961380004883,0.0742515123599347,0.17917103733505024,-5.0
0.4300398826599121,0.07952727771182479,0.17949399114494013,-5.0
0.4440889358520508,0.08480304306371489,0.17947597360105275,-5.0
0.45917749404907227,0.09125120071602501,0.17915364321003024,-4.8666375362419725
0.47216796875,0.0965269660679151,0.17856207081790015,-4.696257304400399
0.4845292568206787,0.10121653526959519,0.17773613112930306,-4.76601286731167
0.5022668838500977,0.10844628778885199,0.17670802666260568,-4.290569725415089
0.5225625038146973,0.1162622364583188,0.17550060758842703,-3.95445832050447
0.5371682643890381,0.1221241979604189,0.17413263716947872,-3.955657761669011
0.5530900955200195,0.1287677543294657,0.17262771807082478,-3.741737148629758
0.567072868347168,0.13423891839809246,0.17101117666372584,-3.4542919488306922
0.5820653438568115,0.14010087990019257,0.1693060071987036,-3.156334916670901
0.6040782928466797,0.1490892208700794,0.1675292786336523,-2.8737288916012718
0.6200776100158691,0.15514658108891616,0.16569289800136597,-2.8913146485573766
0.6330716609954834,0.16003154900733293,0.16381167212746128,-2.967525089721449
0.6490800380706787,0.16589351050943302,0.16190226360075738,-3.0125223943025667
0.6610672473907471,0.16980148484416643,0.15997937712714544,-3.5548460316593067
0.6750624179840088,0.17449105404584653,0.1580566612504194,-3.8355707450134933
0.6904778480529785,0.1791806232475266,0.15614522478054924,-5.0
0.7030661106109619,0.18250240143205002,0.15425423619796705,-5.0
0.7261462211608887,0.1873873693504668,0.15238990693429316,-5.0
0.7402238845825195,0.18953675523457011,0.1505545284383268,-5.0
0.7541623115539551,0.1910999449684635,0.14875249583033737,-5.0
0.7701430320739746,0.19207693855214686,0.1469905650105256,-5.0
0.7903866767883301,0.19227233726888354,0.1452721551564858,-5.0
0.8007285594940186,0.1918815398354102,0.14359890624261698,-5.0
0.8128762245178223,0.19129534368520015,0.14197566353274013,-5.0
0.8287341594696045,0.18992755266804345,0.14040678799821887,-5.0
0.8429775238037109,0.18797356550067676,0.13889302944967383,-5.0
0.8521759510040283,0.18680117320025674,0.13743640532460633,-5.0
0.8734362125396729,0.18289319886552335,0.13603855108648627,-5.0
0.8880553245544434,0.17976681939773664,0.13469713889790663,-5.0
0.9030554294586182,0.17605424377973988,0.13341048200287114,-5.0
0.9250905513763428,0.1701922822776398,0.13217718407779733,-5.0
0.9335513114929199,0.16784749767679974,0.13099519377593555,-3.940004793162264
0.9450316429138184,0.16452571949227635,0.1298654399082934,-2.8796468721711865
0.958045244216919,0.16061774515754293,0.12878907531126244,-1.710046040066301
0.9701476097106934,0.15670977082280954,0.12776503736945113,0.12114248283412621
0.9820988178253174,0.15280179648807612,0.12679159567938053,1.5399443533469346
0.9970662593841553,0.14772142985292272,0.12586682433411775,2.261867674474688
1.011033058166504,0.14264106321776926,0.12498852816104662,2.3190498999137805
1.0282065868377686,0.13619290556545915,0.12415403600101721,3.2276457096234377
1.0390019416809082,0.1326757286641991,0.1233607645457836,4.475070100786604
1.050966739654541,0.12837695689599235,0.12260696757799643,5.0
1.064382553100586,0.12329659026083893,0.12189083413848173,5.0
1.077920913696289,0.1182162236256855,0.12121012410339486,5.0
1.090959072113037,0.11411285057421541,0.12056265965376116,5.0
1.1037335395812988,0.11040027495621868,0.1199463908011503,5.0
1.1150553226470947,0.10727389548843196,0.11935958339165274,5.0
1.129263162612915,0.10395211730390858,0.11880051440955612,5.0
1.1419663429260254,0.10082573783612185,0.11826725631283805,5.0
1.1503410339355469,0.09906714938549181,0.11775901444232174,5.0
1.17103910446167,0.09476837761728506,0.11727485914403246,5.0
1.1850380897521973,0.09261899173318171,0.11681184579722415,5.0
1.19913649559021,0.09046960584907832,0.11636755747930672,5.0
1.216672420501709,0.08832021996497495,0.11594074981892226,5.0
1.228137731552124,0.08734322638129159,0.11553032111423676,5.0
1.251420259475708,0.08578003664739824,0.11513483232079079,5.0
1.266047477722168,0.08538923921392488,0.11475227973577463,5.0
1.2790963649749756,0.08519384049718824,0.11438177650202588,5.0
1.2906222343444824,0.08519384049718824,0.11402355915159265,5.0
1.2980217933654785,0.08519384049718824,0.11367831919419133,5.0
1.3200397491455078,0.08558463793066157,0.11334638174418248,5.0
1.332951307296753,0.08617083408087158,0.11302678588497911,5.0
1.3463757038116455,0.0867570302310816,0.11271882869103458,4.255984926997001
1.361032485961914,0.08753862509802827,0.11242255119122405,3.650731816295243
1.3753712177276611,0.08851561868171162,0.1121379700665537,2.88531100701361
1.389129877090454,0.08949261226539497,0.11186507484465551,2.1791224204685915
1.4031307697296143,0.09066500456581499,0.11160382586575623,1.6000329720427133
1.4177463054656982,0.09183739686623502,0.11135415301622845,0.8766576859489029
1.4326832294464111,0.0932051878833917,0.11111592941067941,-0.04229458742621034
1.4536242485046387,0.09535457376749508,0.11088878956448223,-0.5730758240368528
1.4657118320465088,0.0965269660679151,0.1106722527022761,-1.423217361322222
1.4820160865783691,0.09828555451854513,0.11046601711021245,-1.921549055326086
1.4970202445983887,0.0996533455357018,0.11026985248299274,-2.740933088626023
1.5125336647033691,0.10121653526959519,0.11008359503043907,-3.1990834521101155
1.5250968933105469,0.10258432628675188,0.10990716604631767,-3.6915173631048885
1.539048671722412,0.10395211730390858,0.1097404720798172,-3.7810915652731416
1.5521094799041748,0.10512450960432859,0.10958337047159106,-4.230629463361384
1.572139024734497,0.10610150318801194,0.10943553598291127,-4.65989591733876
1.581007719039917,0.10649230062148528,0.10929662800064929,-5.0
1.5924561023712158,0.10668769933822195,0.10916653755240899,-5.0
1.615360975265503,0.1070784967716953,0.10904497705979543,-5.0
1.6310126781463623,0.1070784967716953,0.10893139696367249,-5.0
1.643306016921997,0.1070784967716953,0.10882544363418734,-5.0
1.6566011905670166,0.1070784967716953,0.10872691791847569,-5.0
1.67038893699646,0.1070784967716953,0.10863554236830346,-5.0
1.686103105545044,0.10688309805495863,0.1085509778132756,-5.0
1.7095801830291748,0.1070784967716953,0.10847282798710953,-4.1968363765057095
1.7170255184173584,0.1070784967716953,0.10840072258502027,-3.1034630950246873
1.7401177883148193,0.1070784967716953,0.10833437733155457,-2.087141670013036
1.7565078735351562,0.1070784967716953,0.10827343447777495,-1.263686313496576
1.7753431797027588,0.1070784967716953,0.10821749682128923,-0.6436261130117388
1.7885463237762451,0.1070784967716953,0.10816622139886245,-0.19914707750506092
1.7974903583526611,0.1070784967716953,0.10811934751316533,0.10673357106244057
1.809938669204712,0.1070784967716953,0.10807667139972103,0.3085874129549524
1.8301970958709717,0.1070784967716953,0.10803790605795409,0.4348893441830827
1.845306634902954,0.1070784967716953,0.10800268687528887,0.5076475211137368
1.8609416484832764,0.1070784967716953,0.10797069215708543,0.5432487852904178
1.8759791851043701,0.1070784967716953,0.10794165598128824,0.553602297943264
1.8900041580200195,0.1070784967716953,0.10791532170406945,0.5472156396260754
1.9030559062957764,0.1070784967716953,0.10789143569537578,0.5300855236612882
1.9218883514404297,0.1070784967716953,0.107869727741047,0.5063897100833495
1.9407379627227783,0.1070784967716953,0.10784988741644992,0.47900526993278325
1.9560630321502686,0.1070784967716953,0.10783161309538446,0.4498880724152459
1.9691081047058105,0.1070784967716953,0.10781466799581677,0.42034653768489283
1.9830644130706787,0.1070784967716953,0.10779885310412458,0.3912370995185608
2.00028395652771,0.1070784967716953,0.10778395977591079,0.363102744503224
2.011932611465454,0.1070784967716953,0.10776979170032779,0.33627066078138257
2.0340287685394287,0.1070784967716953,0.10775613932933394,0.31092075639382144
2.050063371658325,0.1070784967716953,0.10774275037872921,0.2871335465088083
2.063054084777832,0.1070784967716953,0.10772944710946461,0.26492349157366246
2.0781149864196777,0.1070784967716953,0.10771613753448889,0.24426210907116727
2.1025238037109375,0.1070784967716953,0.10770268252874658,0.22509391645860638
2.115337610244751,0.1070784967716953,0.1076889078409015,0.2073473605894875
2.129918098449707,0.1070784967716953,0.10767473923273126,0.19094224903981533
2.1439151763916016,0.1070784967716953,0.107660191697992,0.17579474676696522
2.1589109897613525,0.1070784967716953,0.10764529898048007,0.16182068315188958
2.1740028858184814,0.1070784967716953,0.10763011809158217,0.14893769067365925
2.1890907287597656,0.1070784967716953,0.10761473467003044,0.13706653938427282
2.213073253631592,0.1070784967716953,0.10759927198454043,0.1261319212300664
2.2296664714813232,0.1070784967716953,0.10758392487749334,0.11606286113992625
2.2428085803985596,0.1070784967716953,0.10756898155365684,0.10679287782986302
2.2550787925720215,0.1070784967716953,0.10755477206351906,0.09825997953793797
2.2699666023254395,0.1070784967716953,0.10754164271462753,0.09040655354286407
2.286628007888794,0.1070784967716953,0.10753005755454934,0.083179189923926
2.3049845695495605,0.1070784967716953,0.10752071978701246,0.07652846719861481
2.3189761638641357,0.1070784967716953,0.10751442233903764,0.07040871855247713
2.332937002182007,0.1070784967716953,0.10751179167224562,0.06477779117996976
2.347895622253418,0.1070784967716953,0.10751333562156394,0.05959680696418821
2.362950563430786,0.1070784967716953,0.10751955324241103,0.054829929762300465
2.384877920150757,0.1070784967716953,0.10753130136408821,0.05044414253009771
2.399519681930542,0.1070784967716953,0.107549747287116,0.046409036131890825
2.408055067062378,0.1070784967716953,0.10757530007494084,0.04269661074430722
2.4270102977752686,0.1070784967716953,0.10760795539955917,0.039281090136853554
2.442951202392578,0.1070784967716953,0.10764823998202275,0.0361387487023756
2.4561541080474854,0.1070784967716953,0.10769657730557088,0.0332477508497182
2.470918655395508,0.1070784967716953,0.10775306073105208,0.03058800221221529
2.48286509513855,0.1070784967716953,0.10781773112870927,0.02814101203657107
2.506098985671997,0.1070784967716953,0.10789105461877864,0.025889766074578918
2.5200157165527344,0.1070784967716953,0.10797394337798889,0.02381860928926629
2.533949613571167,0.1070784967716953,0.10806663818969596,0.021913137696582666
2.5499823093414307,0.1070784967716953,0.10816875957158963,0.020160098686176478
2.5649466514587402,0.1070784967716953,0.10827994423490224,0.01854729919500667
2.57677960395813,0.1070784967716953,0.10839973116143861,0.017063521142013198
2.5909178256988525,0.1070784967716953,0.10852770994847548,0.01569844356847707
2.6039657592773438,0.10688309805495863,0.10866376709270903,0.014442570965476373
2.6169753074645996,0.1070784967716953,0.10880780332516643,0.013287167305972517
2.6319732666015625,0.1070784967716953,0.10895961529316964,0.01222419533390866
2.6459829807281494,0.1070784967716953,0.10911903906885836,0.011246260695885742
2.6589698791503906,0.1070784967716953,0.10928594787257494,0.010346560532297717
2.6753287315368652,0.1070784967716953,0.109460468173812,0.009518836174171891
2.6859049797058105,0.1070784967716953,0.10964271633910531,0.008757329619358722
2.6999454498291016,0.1070784967716953,0.10983235325576682,0.008056743487194453
2.715866804122925,0.1070784967716953,0.11002912607623434,0.007412204174387973
2.7289559841156006,0.1070784967716953,0.11023303430490346,0.006819227956755297
2.749016761779785,0.1070784967716953,0.11044493697966254,0.006273689801637729
2.763949155807495,0.1070784967716953,0.1106664661100748,0.005771794674502715
2.773129463195801,0.1070784967716953,0.11089758493542964,0.005310051140439699
2.7809669971466064,0.1070784967716953,0.11113625346341043,0.004885247077132563
2.796356439590454,0.1070784967716953,0.11138064218615881,0.004494427330511582
2.811643362045288,0.1070784967716953,0.11163040644987077,0.0041348731577553945
2.8234713077545166,0.1070784967716953,0.11188560146031606,0.0038040833147142813
2.8368585109710693,0.1070784967716953,0.11214545886043077,0.0034997566562426563
2.8589398860931396,0.1070784967716953,0.11240988745989312,0.0032197761284371096
2.874929666519165,0.1070784967716953,0.11267983835632084,0.0029621940414478526
2.8879220485687256,0.1070784967716953,0.11295516653140153,0.002725218520432022
2.899855613708496,0.1070784967716953,0.11323468167434245,0.002507201040407453
2.9159178733825684,0.1070784967716953,0.11351720322644977,0.0023066249583018547
2.930927038192749,0.1070784967716953,0.11380157170351024,0.002122094962426602
2.9429311752319336,0.1070784967716953,0.1140866600361306,0.0019523273659847048
2.9601895809173584,0.1070784967716953,0.11437161825638126,0.001796141177092489
2.9722161293029785,0.1070784967716953,0.11465574587350708,0.0016524498831956818
2.9922938346862793,0.1070784967716953,0.11493845096749572,0.0015202538927294395
3.005291700363159,0.1070784967716953,0.11521926235382601,0.0013986335814436751
3.019806385040283,0.1070784967716953,0.11549732502664103,0.0012867428950209924
3.035914182662964,0.1070784967716953,0.11577172565301468,0.001183803463484281
3.056490898132324,0.1070784967716953,0.11604196314329139,0.001089099186451017
3.063927173614502,0.1070784967716953,0.1163074397247398,0.0010019712515667721
3.0763773918151855,0.1070784967716953,0.11656684725439177,0.0009218135514637161
3.0905141830444336,0.10727389548843196,0.11681910673817635,0.0008480684673622156
3.10593318939209,0.10746929420516863,0.11706406312743028,0.27681858266866516
3.1199240684509277,0.1076646929219053,0.11730164497014962,0.5859191276695968
3.141915798187256,0.10805549035537865,0.11753208380682179,0.8399274095057965
3.1503753662109375,0.10825088907211532,0.11775585319873237,1.0178552801400054
3.167694091796875,0.10883708522232532,0.11797299735065286,1.401303059263674
3.182913064956665,0.10942328137253533,0.11818364786377214,1.4852191744976067
3.1988325119018555,0.10981407880600867,0.11838800234387453,1.7149577616493077
3.2139203548431396,0.11040027495621868,0.11858609486059773,1.927421360059915
3.2369320392608643,0.1109864711064287,0.11877848144671257,1.5187485527197944
3.250849485397339,0.11118186982316537,0.1189661608540557,0.9694926734899227
3.2617857456207275,0.11137726853990204,0.11914949626865988,-0.08438296927401279
3.2757606506347656,0.11137726853990204,0.11932844399093848,-0.8234588484607998
3.29121994972229,0.11137726853990204,0.11950332207728448,-1.862939999906089
3.3069143295288086,0.11137726853990204,0.11967448912903585,-2.779294950245138
3.3297924995422363,0.11137726853990204,0.11984270740216278,-3.172505924181936
3.3458497524261475,0.11137726853990204,0.12000922464200917,-2.732407662221669
3.359839916229248,0.11137726853990204,0.12017470080255993,-2.074813604128341
3.37494158744812,0.11137726853990204,0.12033928212858049,-1.4472310074683585
3.3967971801757812,0.11157266725663871,0.12050375336834547,-0.9311860226656905
3.41290545463562,0.11176806597337538,0.12066944923158696,-0.5379304637215954
3.4283227920532227,0.11176806597337538,0.12083700469582907,0.023561869140000746
3.4460551738739014,0.11235426212358537,0.12100667782309207,0.80829851720833
3.4652392864227295,0.11274505955705873,0.12117937540649841,1.230081929755065
3.478900671005249,0.11294045827379541,0.12135610125143655,1.4400945689229028
3.493901491165161,0.11294045827379541,0.12153713137726105,1.2486951231150938
3.5113604068756104,0.11294045827379541,0.12172242725471231,0.6733841794925488
3.5273494720458984,0.11294045827379541,0.12191223786935988,0.0756822027080295
3.538910150527954,0.11313585699053208,0.12210664189136322,-0.4165744975980821
3.5519161224365234,0.11313585699053208,0.12230509449207552,-0.7763501518488078
3.568821668624878,0.11333125570726875,0.1225074169408862,-0.7397549734611957
3.5788965225219727,0.1135266544240054,0.12271375283057676,-0.5736044111761501
3.594325542449951,0.11372205314074207,0.1229236909359269,-0.1143840094974953
3.614842653274536,0.11411285057421541,0.12313766194327475,0.6293639719396081
3.6309680938720703,0.11469904672442544,0.123356819206151,1.5919037096012874
3.6493468284606934,0.11528524287463544,0.12358158770661236,1.8708322787389842
3.668888568878174,0.11587143902484545,0.12381245748572463,1.8541916361309294
3.6839168071746826,0.11587143902484545,0.12404995194127741,1.171212410445341
3.696838617324829,0.11606683774158212,0.12429361184888249,0.11334530528502174
3.7118890285491943,0.11587143902484545,0.12454244677564172,-0.8656010907491208
3.726884365081787,0.11587143902484545,0.12479552929228953,-1.3467096304304782
3.739877700805664,0.11587143902484545,0.1250519997612531,-1.8359816019402948
3.752912998199463,0.11606683774158212,0.12531107247975193,-1.9368503850100454
3.7668635845184326,0.11606683774158212,0.1255720431416523,-1.5942077083200406
3.7888259887695312,0.1162622364583188,0.12583507653323342,-0.8786875979799731
3.802637815475464,0.11665303389179212,0.12610110106939926,-0.16850552379343942
3.81488299369812,0.11704383132526547,0.12636985578999133,0.4070451749417363
3.8295111656188965,0.11723923004200215,0.12664039926845225,0.825005395922591
3.843798875808716,0.11763002747547549,0.1269126280955275,1.3789473360077995
3.856829881668091,0.1182162236256855,0.12718656150920693,1.5788406933176482
3.8708977699279785,0.11880241977589551,0.12746203788568963,1.6078045807651486
3.880053997039795,0.11899781849263219,0.12773846971972,1.556932385332763
3.890266180038452,0.11977941335957885,0.128014672320262,1.4713354997212156
3.90791392326355,0.12017021079305219,0.12829066389085453,1.3731646461415177
3.9239954948425293,0.12056100822652555,0.12856837907641905,0.9970811016238406
3.938534736633301,0.12075640694326222,0.12884978467441993,0.03892385150564054
3.946359395980835,0.12075640694326222,0.12913491352350004,-0.6490399808328493
3.965785264968872,0.12056100822652555,0.12942358300435403,-1.6635766440893334
3.981830596923828,0.12056100822652555,0.12971767030738837,-2.294506513474926
3.994870662689209,0.12075640694326222,0.13001889698755176,-2.378465882210447
4.008869409561157,0.12075640694326222,0.13032789111724086,-2.2418068790903707
4.022806167602539,0.12095180565999888,0.13064527699628006,-1.7571339285978422
4.035888433456421,0.12114720437673555,0.13097166069424493,-1.23140274050179
4.050703525543213,0.12153800181020889,0.13130761677089867,-0.5015245330709523
4.062871932983398,0.12173340052694555,0.13165367607200767,0.16143044957068164
4.084029674530029,0.12251499539389225,0.13201169795521864,1.2270142610907926
4.0989830493927,0.12310119154410225,0.132384977293128,1.6529827408304998
4.113674163818359,0.12368738769431226,0.13277522951111706,2.048263639375092
4.128877878189087,0.12427358384452228,0.1331821298754003,2.0579422427001983
4.143842458724976,0.12505517871146896,0.13360497206613942,2.19296102509914
4.155248165130615,0.12583677357841566,0.13404290798706595,2.040331884524189
4.170807361602783,0.12642296972862566,0.13449510766710984,1.7995956668465927
4.19357967376709,0.126813767162099,0.13496290684990167,1.0025569843411706
4.207169771194458,0.12700916587883565,0.13544855524328298,-0.11024278565355994
4.223851680755615,0.12700916587883565,0.13595178703821878,-1.3880011157716845
4.236879110336304,0.12700916587883565,0.13647158267109702,-2.735484365816522
4.25178074836731,0.12720456459557233,0.13700688938903613,-2.988456331143404
4.266845464706421,0.12720456459557233,0.13755599870359775,-3.0811078730839507
4.2876551151275635,0.12759536202904564,0.13811918833359896,-2.5154824318910265
4.301638841629028,0.12779076074578233,0.13869811399025828,-1.5391364870944078
4.315849781036377,0.1281815581792557,0.13929203584153307,-0.5975746318036226
4.330843687057495,0.128572355612729,0.1398987494033191,0.43709924942136047
4.345848083496094,0.12915855176293903,0.14051617519387002,1.575960334250033
4.370300769805908,0.1301355453466224,0.14114389476285896,1.9609978491532782
4.385846376419067,0.13111253893030572,0.1417831470853435,2.558691791876447
4.401753664016724,0.1318941337972524,0.1424328853693439,2.5285182343803507
4.414844036102295,0.13248032994746242,0.1430901481137235,2.2715620989253402
4.428401231765747,0.13345732353114578,0.143752216828078,2.2391832535955967
4.449842929840088,0.13482511454830248,0.1444182310165691,2.2584000772556783
4.465787410736084,0.13560670941524913,0.1450888556037786,1.9874403492293355
4.480830430984497,0.13677910171566918,0.14576271543766084,1.6506768356942063
4.494852066040039,0.13775609529935254,0.14643675518626192,1.3369014487685973
4.508815765380859,0.13873308888303587,0.14710820360871302,1.0741027447418983
4.522846937179565,0.13971008246671923,0.14777456348431778,0.5887226937581275
4.5368382930755615,0.1404916773336659,0.1484336035946712,0.11682898641600603
4.548826217651367,0.14088247476713922,0.1490833526019665,-0.8145409810728563
4.563838481903076,0.14107787348387593,0.14972209437475678,-1.9831658784118849
4.58687162399292,0.1412732722006126,0.15034957498190546,-3.5344268614846897
4.602817058563232,0.1412732722006126,0.15096677065435946,-5.0
4.617821931838989,0.14146867091734927,0.15157326126527287,-5.0
4.6373138427734375,0.14146867091734927,0.15216839534363533,-4.753251839878088
4.652155876159668,0.1418594683508226,0.15275284744328238,-3.7136210073896336
4.660310745239258,0.1418594683508226,0.15332559853532113,-2.5716483604832865
4.680229663848877,0.1424456645010326,0.15388479957437237,-1.0307599525634203
4.69579005241394,0.14283646193450597,0.15443095762142683,0.08214129265010495
4.707706689834595,0.14342265808471594,0.1549644667075802,1.1208320990484986
4.722822666168213,0.144008854234926,0.15548485816626903,1.6487875460654609
4.736746072769165,0.14479044910187266,0.15599255798260706,2.1682275815542758
4.750773191452026,0.14557204396881931,0.15648824275702924,2.5602133168095
4.768232345581055,0.146353638835766,0.1569728695635408,2.805958917889306
4.781269788742065,0.1471352337027127,0.15744771961731122,2.6482136648661045
4.799307823181152,0.14830762600313271,0.15791485803904298,2.6347757505964324
4.807899475097656,0.14889382215334274,0.15837657000115654,2.3627023344307965
4.8239405155181885,0.15006621445376275,0.1588339632037806,2.0306898077129625
4.833816051483154,0.15065241060397278,0.15928777712611622,1.718090989781154
4.855270862579346,0.1522156003378661,0.15974047692131133,1.4505200696081202
4.868840217590332,0.1529971952048128,0.16019705161462391,0.954842006832298
4.8837056159973145,0.15377879007175946,0.16066127574084224,0.4684341719838069
4.897805452346802,0.15397418878849614,0.16113485232863395,-0.4802690902720385
4.912814617156982,0.15416958750523282,0.16161959096550843,-1.6678529909198576
4.926818609237671,0.1543649862219695,0.16211736983790367,-2.686701280115774
4.940837860107422,0.1543649862219695,0.16263009702399225,-3.7014334717942505
4.953709840774536,0.1543649862219695,0.16315967204154191,-4.477623961991658
4.967738389968872,0.1543649862219695,0.16370794861027962,-4.423719624273396
4.982544660568237,0.1543649862219695,0.16427692942017727,-4.059681940641481
5.003377199172974,0.15456038493870616,0.16487170860066774,-3.064155576870366
5.010798692703247,0.15475578365544285,0.16549644533278135,-2.017670000288501
5.028207302093506,0.15514658108891616,0.1661504237175088,-0.8533574170499849
5.041325092315674,0.15534197980565284,0.1668346778533832,0.13791636052125233
5.058828353881836,0.15592817595586284,0.1675522754050868,1.159512988281517
5.073791027069092,0.15651437210607286,0.16830567403322771,1.9828560586688244
5.088797330856323,0.15690516953954617,0.16909558326301397,2.562132027504423
5.1092848777771,0.15788216312322959,0.1699232837089304,2.9220103712315537
5.1211159229278564,0.15846835927343958,0.17079123491261053,2.8317633102321453
5.138645648956299,0.1594453528571229,0.17169997627195194,2.8557800104565736
5.153821229934692,0.16042234644080625,0.17265004969214193,2.8777571086269558
5.169743061065674,0.16159473874122632,0.1736402113296852,2.8603687209800364
5.183784246444702,0.16257173232490962,0.17466684904222804,2.7992840159010983
5.195379734039307,0.16335332719185633,0.1757263385986647,2.426105422704566
5.209784984588623,0.16433032077553966,0.17681521918703746,2.2702616248477243
5.232770204544067,0.16628430794290636,0.17793436357973327,1.9107284535062146
5.248293876647949,0.16765209896006306,0.17908785918770512,1.530989865015456
5.262820243835449,0.16901988997721973,0.18027470232841103,1.1985235856356915
5.277472496032715,0.17038768099437648,0.18149002804554984,0.9300652998441934
5.288146018981934,0.17136467457805982,0.18272936190744762,0.7220638786903906
5.303829908370972,0.17292786431195314,0.1839884791323851,0.5643850714248444
5.316807270050049,0.1741002566123732,0.18526356995353865,0.4460964983546742
5.33178186416626,0.17585884506300323,0.1865512307913405,0.35761325159848134
5.354450464248657,0.17820362966384326,0.1878523757187612,0.2912477777799124
5.366448879241943,0.17957142068099996,0.18917026517717705,0.24111869353941034
5.3827221393585205,0.18152540784836665,0.19050359385571974,0.20284882842625798
5.39874792098999,0.18328399629899667,0.19184984258392557,0.17323472030250775
5.422775030136108,0.18601957833331006,0.19321081844159183,-0.12608272984944646
5.4387407302856445,0.1873873693504668,0.19459069188316874,-0.7298997075261101
5.45670223236084,0.18855976165088678,0.19598995469976205,-1.860358230174211
5.472028970718384,0.18953675523457011,0.19740659680784323,-2.9232839122378866
5.488220691680908,0.18992755266804345,0.19883966257614327,-4.279505452451774
5.506790399551392,0.19012295138478016,0.20028915978220513,-5.0
5.529222726821899,0.19070914753499016,0.20175854294756354,-5.0
5.545794486999512,0.1909045462517268,0.2032526151448025,-5.0
5.560713529586792,0.19129534368520015,0.20477048762909128,-4.668107521324361
5.575758695602417,0.1918815398354102,0.2063070308910659,-3.2120405993490806
5.590764999389648,0.19227233726888354,0.20785757973330263,-1.6320977346144445
5.611768007278442,0.19344472956930353,0.2094229598777626,-0.016832428116820397
5.622824192047119,0.1938355270027769,0.211007444748965,1.0270699258526772
5.631195306777954,0.1942263244362502,0.2126055712618577,1.952365482422341
5.652761697769165,0.19578951417014356,0.21421059290221545,2.916273468370637
5.667720079421997,0.1969619064705636,0.21582585515440805,3.398438497949548
5.678926467895508,0.19774350133751029,0.21745281866427849,3.5930896779821424
5.686779260635376,0.198525096204457,0.21908326911172696,3.3390222384401507
5.706248998641968,0.20028368465508697,0.2207107420426803,3.5007486694042043
5.717036008834839,0.20126067823877036,0.2223375151244841,3.447585361076503
5.733768701553345,0.20301926668940037,0.22396546434516623,3.5699959206248852
5.748752117156982,0.20497325385676707,0.2255961574792191,3.4068049485889818
5.763779640197754,0.2067318423073971,0.22723098161710556,3.6938516280440647
5.783463001251221,0.20946742434171048,0.2288719553553379,3.7509713829675775
5.800719261169434,0.21220300637602388,0.23052597783810802,3.4021518984821504
5.814496994018555,0.2141569935433906,0.2321974762250229,3.224108217856182
5.830780982971191,0.21689257557770397,0.23388486961714589,3.0961933467776124
5.844774961471558,0.21904196146180732,0.23558476129506553,2.695531098038227
5.868365526199341,0.22275453707980408,0.23729947208645644,2.250823647776073
5.882768392562866,0.22509932168064412,0.23903615373359904,1.8494181744000913
5.896716594696045,0.22744410628148415,0.24079540787906503,1.2399915997514164
5.910750865936279,0.22998428959906086,0.24257227443600307,0.6644933804791419
5.924740314483643,0.23271987163337426,0.24436242201576408,0.4773291924127481
5.939756870269775,0.23545545366768764,0.24616210848751252,0.16900344813963877
5.952742576599121,0.23799563698526438,0.2479681385784251,-0.39782082687650144
5.967705488204956,0.24073121901957772,0.24977781934453244,-0.9354111666163134
5.989731073379517,0.24463919335431117,0.2515943967557556,-1.3502210806471882
5.999303102493286,0.24639778180494118,0.25342345839928937,-1.630479160966174
6.01127552986145,0.2483517689723079,0.2552596972138508,-2.0706351253163717
6.0317511558532715,0.2510873510066213,0.25709841906100506,-2.453800953594312
6.044114589691162,0.25265054074051463,0.2589446423716407,-2.992407198919728
6.058754205703735,0.2540183317576713,0.26079988268634524,-4.270936264571586
6.07205605506897,0.25499532534135466,0.2626608115064924,-5.0
6.087740182876587,0.255972318925038,0.2645245182109765,-5.0
6.111873149871826,0.2567539137919847,0.2663939324398673,-5.0
6.125670671463013,0.257144711225458,0.26827683650168294,-5.0
6.141840934753418,0.2573401099421947,0.27017402252122746,-5.0
6.156708240509033,0.25773090737566806,0.2720803617814179,-5.0
6.168663263320923,0.2581217048091414,0.27399126554453795,-4.99533015143148
6.1826558113098145,0.25851250224261474,0.27590265303976047,-3.600109940512965
6.199332237243652,0.2592940971095614,0.27781247678145593,-1.9790230337061159
6.207695007324219,0.2596848945430347,0.2797188798198156,-0.29342692703334583
6.2218592166900635,0.2604664894099814,0.2816170836096534,1.372237364531465
6.234735488891602,0.26124808427692814,0.28350301796885974,2.974578907538525
6.24965763092041,0.2624204765773481,0.28537483059204677,4.2163906854481885
6.272515535354614,0.26437446374471485,0.28723613256785063,5.0
6.281297445297241,0.2653514573283982,0.28909134566265465,5.0
6.3017590045928955,0.26750084321250156,0.2909391080596262,5.0
6.316751718521118,0.2692594316631316,0.29278078515999967,5.0
6.331739902496338,0.27121341883049827,0.2946176418880035,5.0
6.35124945640564,0.27375360214807504,0.29645056008125215,5.0
6.358648061752319,0.274925994448495,0.29828044911595547,4.759438446650047
6.381712436676025,0.2784431713497551,0.30010666250883505,4.804921162946558
6.397734880447388,0.2809833546673318,0.3019342583553997,4.876209364017518
6.411625862121582,0.28352353798490854,0.30376603056824725,4.607709300935506
6.426752805709839,0.2862591200192219,0.3055993463555434,4.22551991717058
6.442977666854858,0.28919010077027196,0.30743372956073145,3.27655559669767
6.452762126922607,0.290948689220902,0.30926907590471153,2.286074300334283
6.465720891952515,0.29329347382174203,0.31110266499909617,1.719021452117877
6.488075256347656,0.29798304302342216,0.3129383663188081,1.3754243479405026
6.503763437271118,0.30130482120794555,0.3147870526276927,1.152558350962119
6.518762111663818,0.3042358019589956,0.3166521947154795,0.9970816097161358
6.530462265014648,0.3065805865598356,0.31853085159337624,0.6048414506574633
6.5411481857299805,0.308729972443939,0.320417357010704,0.20363100387636524
6.558746814727783,0.3122471493451991,0.32230687097326477,-0.40271982238815857
6.574683904647827,0.31537352881298575,0.3242014745054308,-0.9550865559874248
6.589423656463623,0.31830450956403583,0.3261039255787403,-1.3736596936927483
6.600733280181885,0.32064929416487586,0.3280132740690315,-1.653138481031919
6.6156675815582275,0.32338487619918926,0.3299263079833491,-1.8148902561863498
6.626099348068237,0.3249480659330826,0.33183816531118876,-2.4382991324210748
6.641710042953491,0.32729285053392265,0.3337456540705033,-3.062654319130007
6.654707193374634,0.32885604026781606,0.33564978146893143,-4.636088319222126
6.674618721008301,0.33081002743518273,0.3375542893171898,-5.0
6.690379858016968,0.3321778184523394,0.33946460074979123,-5.0
6.7055041790008545,0.33295941331928613,0.3413841453453738,-5.0
6.72070574760437,0.3335456094694961,0.34331178732972056,-5.0
6.732072114944458,0.33393640690296944,0.3452409806795652,-5.0
6.746456146240234,0.3343272043364428,0.3471648933967567,-5.0
6.761707067489624,0.3349134004866528,0.34908303900312937,-5.0
6.775705099105835,0.3351087992033895,0.3509948752497026,-4.848981134213346
6.7896881103515625,0.33589039407033616,0.3528971250184719,-3.3813762457340184
6.812556982040405,0.33706278637075615,0.3547920605514662,-1.4520607121312226
6.821423292160034,0.33764898252096615,0.3566832821712506,0.2767804263623762
6.831632852554321,0.3384305773879129,0.35856371161396783,1.6092676282006606
6.846676826477051,0.33960296968833287,0.36042410259679136,3.0937218019056294
6.861655235290527,0.34077536198875297,0.362261936123656,4.307938385924842
6.882632255554199,0.34253395043938295,0.3640821189338447,4.87670369479182
6.8967320919036865,0.3440971401732763,0.36589411531385274,5.0
6.9209699630737305,0.34683272220758965,0.3677061192823257,5.0
6.932464361190796,0.3482005132247464,0.36952326789631784,5.0
6.949700832366943,0.3505452978255864,0.37134483261938334,5.0
6.9657135009765625,0.35289008242642644,0.37316891984653394,5.0
6.989224910736084,0.3564072593276865,0.3749991845289787,5.0
7.003711938858032,0.35875204392852655,0.37684208906625094,4.779535842931258
7.018694877624512,0.36109682852936664,0.3786979370074079,4.531993678080758
7.042588949203491,0.36500480286410003,0.38056718564192465,3.992343122230489
7.053260087966919,0.36676339131473,0.3824528336807493,3.4132591526230582
7.0697877407073975,0.3698897707825168,0.3843521231066787,2.614506108501115
7.084676504135132,0.3724299541000935,0.3862630557051014,2.141446987145308
7.099676609039307,0.37516553613440684,0.38818398533939213,1.5614068184533543
7.12345814704895,0.37926890918587697,0.390116409930811,1.3144278624279142
7.139622926712036,0.3823952886536637,0.3920673101307239,0.6537707648194143
7.14937949180603,0.3841538771042937,0.3940333211622267,-0.022411095011050264
7.166648626327515,0.3872802565720805,0.39600592696159775,-0.29881008209039284
7.180524587631226,0.38982043988965714,0.3979851852447441,-0.6664158152923694
7.20390248298645,0.3933376167909172,0.39997702863901674,-1.2615864013326368
7.219682693481445,0.3952916039582839,0.4019886996576095,-2.3538881411805765
7.2330482006073,0.39685479369217724,0.40402039877763285,-3.370482124289298
7.247696161270142,0.3978317872758606,0.4060663410356836,-4.95721464648191
7.262682199478149,0.39900417957628065,0.408121574936892,-5.0
7.276674509048462,0.3995903757264907,0.410181922223684,-5.0
7.2996721267700195,0.40076276802691063,0.41224999081310726,-5.0
7.310473680496216,0.4013489641771207,0.4143300571091806,-5.0
7.328675746917725,0.40232595776080404,0.4164197259447357,-5.0
7.342596054077148,0.4033029513444874,0.4185191177188913,-4.045359851880051
7.365874767303467,0.40486614107838076,0.42063464764779973,-2.3281385510282235
7.381500244140625,0.40603853337880075,0.42277395821682706,-0.3876621438675808
7.395684480667114,0.4074063243959575,0.4249372282252232,0.9846254762117108
7.409672260284424,0.40857871669637746,0.427118306843741,2.1774445129998776
7.423677206039429,0.4101419064302709,0.429312033016813,3.3357480745012524
7.442245244979858,0.4119004948809009,0.43151740489229096,3.6707542800236155
7.4516823291778564,0.4132682858980576,0.43373376653189694,3.9089968661898795
7.473757266998291,0.4158084692156343,0.43596129040849735,4.023907513157656
7.4816694259643555,0.41678546279931766,0.4382003934244608,4.028985362621724
7.5028369426727295,0.419521044833631,0.44044826410576743,4.225422795218643
7.5186767578125,0.42186582943447104,0.4427102015157055,4.671488187526981
7.540833234786987,0.4251876076189945,0.44499775334767777,4.505046780716142
7.556193113327026,0.4275323922198345,0.44732153525879514,4.394979850193037
7.570687532424927,0.4298771768206745,0.44968495764724903,3.9952000999530304
7.58368444442749,0.4322219614215146,0.45208344377209336,3.5301485731103117
7.594523906707764,0.43398054987214457,0.45450959189858875,3.0900775414243036
7.610681772232056,0.43710692933993134,0.45695721881151824,2.4285444350233534
7.624692440032959,0.43984251137424474,0.4594266090830042,2.068287657238745
7.639708042144775,0.4425780934085581,0.46191808301543935,1.8486711931608177
7.653609275817871,0.4451182767261348,0.4644292545114116,1.969922343632014
7.669601202011108,0.4480492574771848,0.46695814229701,1.3261410002388676
7.681577682495117,0.45039404207802497,0.469503100962298,1.0945006764205873
7.703840255737305,0.4548882125629683,0.47207137558029183,0.750409054635183
7.718599319458008,0.4578191933140183,0.47467764492550785,0.7025189740666244
7.733645439147949,0.4613363702152784,0.47732545880124555,0.4746363177104532
7.74932336807251,0.4646581483998018,0.4800094825886254,0.502436480524471
7.76163911819458,0.46719833171737857,0.48272484098932406,0.325216882731691
7.778759002685547,0.4709109073353753,0.4854687149733336,0.11175004301132585
7.797229766845703,0.47520967910358203,0.4882462048184843,-0.35020906925763773
7.810039281845093,0.4779452611378954,0.491063185011859,-0.5241695934464041
7.817933797836304,0.47970384958852547,0.49390920668430144,-0.8420903972347704
7.832343339920044,0.4826348303395755,0.49676597329832567,-0.8598180138889061
7.8436524868011475,0.4851750136571522,0.49962436579161257,-1.0432357206335972
7.8575756549835205,0.48810599440820224,0.5024792439506698,-1.2326374434583296
7.870579481124878,0.4910369751592523,0.5053269488207928,-1.373188042802637
7.886892795562744,0.49494494949398576,0.5081690232670498,-1.4548257099972166
7.897659778594971,0.49728973409482574,0.5110068556904772,-1.4845243477526242
7.91264796257019,0.5006115122793491,0.5138371599385124,-1.1980032250033963
7.9246697425842285,0.5033470943136626,0.516656660974038,-1.1257606736726542
7.946563005447388,0.5080366635153426,0.5194739923392316,-1.1227327790074277
7.960062503814697,0.5111630429831293,0.5223068865007486,-1.1290945104267722
7.975410461425781,0.5144848211676527,0.5251615740024281,-1.1237218383505954
7.983619689941406,0.5162434096182827,0.5280247253705271,-1.102106833983133
8.014402389526367,0.5232777634208029,0.5308946416127038,-1.0661433674398442
8.02864670753479,0.5264041428885896,0.5337978794844822,-1.2956373939886323
8.036622047424316,0.5283581300559563,0.5367382412127972,-1.5514572195409295
8.060619831085205,0.532656901824163,0.5397005877427233,-2.3006074182402463
8.08202338218689,0.5357832812919499,0.5427013019118849,-3.314702529999865
8.096553564071655,0.5375418697425798,0.5457641565938267,-4.733732121527947
8.110331296920776,0.5387142620429999,0.5488895672517491,-5.0
8.125555753707886,0.5398866543434199,0.5520675853087966,-5.0
8.140627145767212,0.5410590466438399,0.5552893498852759,-5.0
8.163628816604614,0.54281763509447,0.5585571521920418,-5.0
8.178709745407104,0.5441854261116267,0.5618822324233514,-5.0
8.19253945350647,0.5455532171287834,0.5652631732477057,-4.230937438313246
8.205563068389893,0.5467256094292033,0.5686885485619343,-2.6645097107841424
8.220621347427368,0.54809340044636,0.5721479979097153,-0.5549008321975892
8.234549283981323,0.5496565901802534,0.575631788264307,1.3354455000844014
8.252543449401855,0.5520013747810935,0.5791363652473435,2.779998143321737
8.262625455856323,0.5531737670815134,0.5826582713998425,3.773180238751771
8.282364130020142,0.5561047478325636,0.58619115824868,4.663076616469747
8.293102502822876,0.5576679375664568,0.5897337144004259,5.0
8.3034508228302,0.5594265260170869,0.5932758137294504,5.0
8.31467080116272,0.5615759119011904,0.5968000105304477,5.0
8.329636812210083,0.5643114939355037,0.6002975201878717,5.0
8.351400375366211,0.5688056644204471,0.6037749081710125,5.0
8.366970539093018,0.5721274426049705,0.6072483523206925,5.0
8.378937005996704,0.5748630246392838,0.6107224675118347,5.0
8.39078950881958,0.577794005390334,0.6141888206030603,5.0
8.398635864257812,0.5797479925577007,0.617630281581319,4.800931614504134
8.419840335845947,0.5858053527765374,0.6210376255293606,5.0
8.43459415435791,0.5899087258280075,0.6244227311903161,5.0
8.450595617294312,0.5944028963129508,0.6277932945805916,5.0
8.473767757415771,0.6012418513987344,0.6311556540477552,5.0
8.487659215927124,0.605540623166941,0.6345244829472753,4.553396570156241
8.498169660568237,0.6090578000682011,0.6378977780623252,3.8242719073731877
8.516597509384155,0.6151151602870378,0.6412639312385507,3.6488945499813235
8.532578706741333,0.6205863243556646,0.6446217821406972,2.813243709194116
8.553738832473755,0.6274252794414481,0.6479788440221969,1.889999541992833
8.569706916809082,0.6330918422268116,0.6513451651724064,1.091286720950544
8.585593938827515,0.6387584050121751,0.6547193678360845,0.47133298871810836
8.598580360412598,0.6432525754971185,0.6580904979563683,-0.25496346333674424
8.615978002548218,0.6495053344326919,0.6614509344797372,-1.1504847434026302
8.636609554290771,0.6559534920850019,0.6648012472506005,-1.9165415579547014
8.651599407196045,0.660643061286682,0.6681439493466532,-2.7483998808296066
8.664600849151611,0.6649418330548889,0.6714722863373193,-3.410412409468367
8.679585456848145,0.6696314022565689,0.6747743239576438,-4.12706562268673
8.694596290588379,0.6741255727415123,0.678039444552736,-4.675624238356006
8.70853304862976,0.6778381483595091,0.6812583000106792,-5.0
8.720533609390259,0.6807691291105592,0.684422764570041,-5.0
8.735573291778564,0.6840909072950825,0.6875258874416281,-5.0
8.757598876953125,0.6878034829130792,0.6905677368759534,-5.0
8.77260947227478,0.690343666230656,0.6935542215028606,-5.0
8.785589456558228,0.6917114572478126,0.6964842541763453,-5.0
8.799595355987549,0.693274646981706,0.6993510780319261,-5.0
8.811809778213501,0.694447039282126,0.7021493390196404,-5.0
8.823832511901855,0.6954240328658093,0.7048732328599542,-5.0
8.839536666870117,0.6964010264494928,0.7075184682465352,-5.0
8.85453486442566,0.6971826213164394,0.7100856677993417,-5.0
8.87797737121582,0.6989412097670694,0.7125812173048989,-5.0
8.892909288406372,0.6999182033507527,0.7150145478802422,-4.645130675700713
8.908573389053345,0.7010905956511728,0.7173891450024236,-2.779234320546985
8.924566984176636,0.7024583866683295,0.7197035098383145,-0.7479567570908336
8.945969820022583,0.7042169751189595,0.7219621602806818,1.511683018824542
8.960250854492188,0.7055847661361163,0.7241746918867569,3.3973836735019374
8.973996639251709,0.7067571584365363,0.7263448364225146,4.76362420267
8.98852252960205,0.7083203481704297,0.7284713492558723,5.0
9.004534721374512,0.7100789366210597,0.7305538597693392,5.0
9.0263090133667,0.7126191199386365,0.732598014347924,5.0
9.042527437210083,0.7145731071060031,0.734614568285767,5.0
9.057578325271606,0.7167224929901064,0.7366080783679807,5.0
9.080340385437012,0.7204350686081032,0.7385833532387408,5.0
9.096517562866211,0.7231706506424166,0.7405506967589328,5.0
9.112605571746826,0.7259062326767299,0.7425139881817918,5.0
9.130850315093994,0.7290326121445166,0.7444749658333256,5.0
9.140503168106079,0.7307912005951467,0.7464356989882557,4.433115026411798
9.161187171936035,0.7343083774964068,0.7483983271869528,4.002090549001393
9.175132989883423,0.7368485608139834,0.7503720462016435,3.3726443558014623
9.183081865310669,0.7382163518311402,0.7523567164566818,2.7584294145556987
9.193602561950684,0.7401703389985068,0.7543395697203893,2.232718622301216
9.215598344802856,0.7440783133332403,0.7563226844671609,2.084636952761322
9.23019027709961,0.7466184966508169,0.7583232566153052,1.5091950151576057
9.242534399032593,0.7491586799683937,0.760350804216368,0.8873666992001639
9.256879806518555,0.751894262002707,0.7624069981076603,0.35810094905433326
9.264583110809326,0.7532620530198638,0.7644854409867812,0.23094198591757695
9.27964973449707,0.7559976350541772,0.7665766305819133,-0.021388052315981856
9.291098833084106,0.7581470209382805,0.7686839274531853,-0.26582381283852946
9.311230421066284,0.7614687991228039,0.7708210760565012,-0.4580849356847778
9.323644876480103,0.763813583723644,0.7730051056317783,-0.5915191926302559
9.33954668045044,0.7665491657579574,0.7752458609672025,-0.6735604596244842
9.352214097976685,0.7686985516420607,0.7775457857597158,-0.991420977288675
9.36554741859436,0.7708479375261642,0.7799070546929135,-1.036886383906273
9.3815438747406,0.7731927221270041,0.7823311244202792,-1.5256362202600064
9.39454436302185,0.7751467092943709,0.7848190843439236,-2.045953539438463
9.415157794952393,0.7780776900454209,0.7873784333459262,-2.4530238549692642
9.422492980957031,0.7792500823458409,0.7900150311370122,-2.440810629436427
9.43719482421875,0.781594866946681,0.7927206831457481,-2.266618888979047
9.449488162994385,0.7835488541140476,0.7954877761168087,-2.04616707073514
9.464467287063599,0.7858936387148877,0.798313588573653,-1.5521129883828102
9.4839346408844,0.7890200181826744,0.8012019235484874,-1.0452038967739108
9.500542402267456,0.7915602015002512,0.8041671475572674,-0.6179257728288124
9.516550302505493,0.794100384817828,0.8072172726011473,-0.01401819506837676
9.531852960586548,0.7962497707019311,0.8103479254745544,0.2561514857082494
9.553827285766602,0.7997669476031912,0.813560487213994,0.36445150648001373
9.568103551864624,0.8017209347705582,0.816862719079504,0.39567907470583086
9.579040050506592,0.8036749219379247,0.8202466642068454,0.6674462860311459
9.593415975570679,0.8062151052555014,0.8236947212198898,0.9570221368503321
9.607383012771606,0.8085598898563414,0.8271953205285435,1.1858286922886996
9.62247371673584,0.8111000731739182,0.8307376048261654,1.3373643447736652
9.637566804885864,0.8136402564914949,0.834309205397565,1.4191786203982355
9.651557922363281,0.8163758385258082,0.8378989410224329,1.445967756860277
9.666548013687134,0.8191114205601217,0.8414968180508282,1.4325972495019048
9.689516305923462,0.823605591045065,0.8451037003372095,1.667682925916092
9.705600023269653,0.8269273692295884,0.8487296649768942,1.9180930198753623
9.717535018920898,0.8292721538304285,0.8523731717252112,1.8268041825146928
9.730603456497192,0.8322031345814787,0.856023012720532,1.8969498778560436
9.742913484573364,0.834938716615792,0.8596697548525608,1.9829864120783078
9.755889177322388,0.8376742986501053,0.8633056904347378,1.757958658294388
9.766713619232178,0.8406052794011555,0.8669214456870289,1.4544279730919047
9.776946783065796,0.8429500640019953,0.8705011937152204,1.4418753981626553
9.793492555618286,0.8468580383367289,0.8740357859510706,1.508100259200012
9.804544925689697,0.8493982216543056,0.8775300933253734,1.5690115279111123
9.815548658370972,0.8521338036886189,0.8809839480954486,1.8738489001817957
9.835548400878906,0.8572141703237723,0.884399926695846,1.9007868305863704
9.852384090423584,0.8617083408087157,0.8877962256905472,2.086351851644805
9.875013828277588,0.8677657010275525,0.891193576489278,2.5387395793517245
9.892542600631714,0.8730414663794427,0.8946130642977561,2.4085489560254283
9.906525611877441,0.8773402381476494,0.8980698879752466,2.362640094304915
9.921560525894165,0.8816390099158562,0.9015660134544645,2.0482026027379816
9.934535264968872,0.8851561868171162,0.9050987221900542,1.4064252248466391
9.957491397857666,0.8921905406196363,0.9086778200618204,1.0403433623387763
9.973472356796265,0.8972709072547898,0.9123246348344916,0.5440685296341016
9.988007307052612,0.9015696790229966,0.9160464929698358,-0.18240340329431742
10.009135246276855,0.90782243795857,0.9198459548476378,-0.5667419347201911
10.017518520355225,0.91016722255941,0.9237237308630581,-1.0371266463533797
10.028474569320679,0.9134890007439334,0.9276611948118796,-1.4333996130467561
10.041448593139648,0.9172015763619301,0.931642178737732,-1.713315938841221
10.05652403831482,0.9215003481301368,0.9356620539774808,-1.8820215330991794
10.079306840896606,0.9283393032159203,0.9397301673554115,-2.5123556698535263
10.093375444412231,0.9324426762673904,0.9438675192565092,-2.589345723912779
10.108517169952393,0.9365460493188604,0.9480775603598041,-2.7184970840647393
10.123517513275146,0.9408448210870671,0.9523487726295371,-3.0833220210195234
10.147241115570068,0.9472929787393772,0.9566841240976287,-3.1416788877525494
10.161528587341309,0.9512009530741107,0.961098722683227,-3.0525650845418353
10.176456212997437,0.9551089274088441,0.9655906242578555,-2.89626656720476
10.190543413162231,0.9588215030268408,0.9701434600831426,-2.713276091406596
10.204440593719482,0.9623386799281008,0.9747423696529605,-2.247861322610075
10.21942400932312,0.9660512555460977,0.9793739052493822,-2.305037121025415
10.235458135604858,0.9701546285975677,0.9840259266675163,-2.2159248752530782
10.252328634262085,0.9744534003657744,0.9886941786825996,-2.0700481074460386
10.268748044967651,0.9787521721339812,0.9933866071439824,-1.908769172137793
10.283790111541748,0.9826601464687146,0.9981082110805958,-1.4742301468584291
10.298496723175049,0.9867635195201847,1.0028500642282119,-1.292611385327763
10.314498901367188,0.9908668925716548,1.0075974028869736,-0.9353908171124142
10.32749891281128,0.9941886707561782,1.0123363600368558,-0.8543120449788828
10.34249234199524,0.9979012463741749,1.017054414396077,-0.5912657936706399
10.36484980583191,1.003177011726065,1.0217514417543456,-0.03647125261389228
10.380501747131348,1.0074757834942718,1.0264374951171358,0.23125457029372098
10.404101133346558,1.0137285424298452,1.0311188493422345,0.6289396644399815
10.418303728103638,1.017441118047842,1.035798468797349,0.9853642000640654
10.432530164718628,1.0211536936658387,1.0404669232374473,0.9729194439959737
10.44853401184082,1.0254524654340456,1.045104703052475,1.1084266060066255
10.470409393310547,1.0313144269361456,1.0497030556689726,1.252526805584596
10.486500024795532,1.0360039961378256,1.0542629067084766,1.080946243993737
10.501450061798096,1.0403027679060324,1.0587764088836975,1.1033837887594782
10.515491008758545,1.0440153435240291,1.0632273981755795,0.8947530651228119
10.528532981872559,1.0479233178587624,1.0676016061787694,0.9166595194486797
10.542452573776245,1.0516358934767591,1.0718873157795468,0.7215984448445697
10.557541847229004,1.055934665244966,1.0760752334039079,0.7611146084403178
10.574093580245972,1.0608196331633828,1.0801618886539495,0.5834848366732697
10.583478689193726,1.0633598164809595,1.0841453896134996,0.6387202719936983
10.595445394515991,1.0666815946654828,1.088018293664349,0.47474056834284645
10.609538316726685,1.0707849677169528,1.0917757648017048,0.5416712064954241
10.623442649841309,1.0746929420516864,1.0954189152412548,0.3876997393031504
10.63761043548584,1.0787963151031563,1.0989505028782411,0.4632383357633746
10.646623373031616,1.0815318971374697,1.102374487244203,0.31672961968444713
10.660511255264282,1.08563527018894,1.105696263633503,0.3987959292653408
10.66952395439148,1.0881754535065165,1.1089169357942397,0.25804688745849247
10.687681198120117,1.0936466175751434,1.112039705705823,0.34523541747723074
10.70076847076416,1.0977499906266135,1.1150817715085835,0.48511119991060436
10.714232206344604,1.1022441611115568,1.1180599547381833,0.6095545445601371
10.72942042350769,1.1065429328797636,1.1209844413648646,0.4220313945465016
10.741586208343506,1.1102555084977603,1.1238659922283831,0.164620055019326
10.751660823822021,1.1131864892488104,1.1267117241724915,0.20767579199740854
10.762372732162476,1.1161174699998604,1.1295221492997598,0.06077086840172599
10.774645805358887,1.1200254443345938,1.132298378934682,-0.12011870283637958
10.792158365249634,1.1251058109697472,1.135052695471856,-0.2761408876460338
10.810365438461304,1.1303815763216374,1.1378124521669637,-0.667236227938822
10.825483560562134,1.1346803480898442,1.1406065093821016,-1.0517101749063076
10.839394807815552,1.1381975249911043,1.1434508253531697,-1.624419820879025
10.85494065284729,1.1421054993258377,1.1463553844173866,-2.129433491346094
10.865415811538696,1.144254885209941,1.1493292498287433,-2.7671816180940794
10.878400087356567,1.1467950685275177,1.1523774260470214,-3.5693302759439733
10.892401456832886,1.1493352518450946,1.155504388631147,-5.0
10.90641164779663,1.1514846377291978,1.1587155419478599,-5.0
10.920421361923218,1.1534386248965642,1.1620153756926042,-5.0
10.934410572052002,1.155001814630458,1.1654074582213318,-5.0
10.946501016616821,1.1561742069308776,1.1688944506960361,-5.0
10.96323037147522,1.1577373966647713,1.1724804605993908,-5.0
10.983819246292114,1.1596913838321379,1.1761842576751185,-5.0
10.995563745498657,1.160863776132558,1.180025651833761,-4.963234989453916
11.012574911117554,1.162622364583188,1.1840045446502678,-3.5401739530865743
11.024301052093506,1.1639901556003445,1.1881155656724196,-1.6225867461988654
11.03947114944458,1.1657487440509746,1.1923528394346263,0.385405718920782
11.048143148422241,1.1669211363513945,1.1966986343848647,2.036365240191317
11.059481859207153,1.1682889273685515,1.2011240255811098,3.51027982129749
11.080414295196533,1.171610705553075,1.2056242599365865,5.0
11.094404697418213,1.1739554901539149,1.210219848981955,5.0
11.10688066482544,1.1761048760380182,1.214914697236657,5.0
11.121121883392334,1.1788404580723315,1.2196972715430916,5.0
11.135385990142822,1.1815760401066449,1.2245563534392785,5.0
11.150417566299438,1.1850932170079052,1.2294822153672638,5.0
11.163468599319458,1.1882195964756916,1.234465203380461,5.0
11.175806283950806,1.1913459759434786,1.2394951431185364,5.0
11.191456317901611,1.1954493489949485,1.2445620502844053,5.0
11.207101583480835,1.1997481207631555,1.2496572516850668,5.0
11.217386722564697,1.2026791015142053,1.2547721010990516,5.0
11.230400562286377,1.2069778732824121,1.2598957925183731,5.0
11.241403341293335,1.211081246333882,1.2650180042633117,5.0
11.25670862197876,1.2167478091192456,1.2701295144878004,5.0
11.270384311676025,1.2220235744711359,1.2752215287212514,5.0
11.282305002212524,1.2265177449560791,1.2802867491522802,5.0
11.294427394866943,1.2314027128744958,1.2853162687636523,5.0
11.302478551864624,1.2345290923422825,1.290290368931334,4.541865061132597
11.314373254776001,1.2398048576941727,1.2951831999526915,4.143454906536791
11.33847689628601,1.2491839960975328,1.2999949116503595,3.5142142432925123
11.35245418548584,1.254459761449423,1.3047490853259387,2.059916232324266
11.36745572090149,1.2607125203849965,1.3094544473273286,0.5915473826850093
11.380383491516113,1.2659882857368865,1.314105440430857,-0.8854991238457843
11.398092269897461,1.2732180382561433,1.318701058989385,-2.0740750101686327
11.417447566986084,1.28103398692561,1.323251657018469,-2.643006678582517
11.432377099990845,1.28689594842771,1.327769372883902,-3.1486381713667306
11.447385311126709,1.292953308646547,1.3322528125515396,-3.500033365912789
11.465341329574585,1.3003784598825405,1.3366984621300255,-3.692998985071454
11.48266339302063,1.3074128136850605,1.3411131033887358,-3.75397082549442
11.492788314819336,1.3115161867365306,1.34549574386327,-3.7158083695780952
11.5123929977417,1.3193321354059975,1.3498373384264728,-3.608385836429754
11.52638554573059,1.3251940969080978,1.3541394937756213,-3.4557712096737654
11.539392948150635,1.330860659693461,1.3584029082225488,-3.276132253343598
11.552386045455933,1.3357456276118778,1.3626215618452902,-3.0826092775532046
11.56735348701477,1.3416075891139778,1.3667910535916383,-2.884393701566162
11.58136248588562,1.347469550616078,1.3709084273254826,-2.6877153433344674
11.604065418243408,1.3564578915859649,1.3749817283492245,-2.7726866328427797
11.616552114486694,1.3619290556545915,1.3790261711233818,-2.6228939646439695
11.63219666481018,1.368181814590165,1.3830465912582002,-2.1184548217667123
11.642524719238281,1.372285187641635,1.3870356673966184,-2.12231821268599
11.659396171569824,1.3787333452939452,1.3909855580037431,-1.987614796982153
11.674360752105713,1.384790705512782,1.3949014365437904,-2.086073500644193
11.690366506576538,1.3912388631650918,1.3987896184633526,-2.491908730717345
11.70235538482666,1.3955376349332989,1.4026483266554526,-2.8897076038122966
11.716461896896362,1.4006180015684524,1.4064754231342325,-3.45069885250513
11.732408046722412,1.4055029694868688,1.4102704463172393,-3.9162413226587907
11.74535346031189,1.4094109438216025,1.4140331368144188,-4.215601320921785
11.768527269363403,1.4158591014739124,1.417771439462682,-5.0
11.781694412231445,1.4189854809416993,1.4215023729695502,-5.0
11.795516729354858,1.4217210629760126,1.4252306070433136,-5.0
11.80350661277771,1.423284252709906,1.42894208403436,-5.0
11.81721830368042,1.425629037310746,1.432619181127947,-5.0
11.828933000564575,1.4273876257613762,1.4362528494907447,-5.0
11.840749025344849,1.4289508154952695,1.439838024933318,-5.0
11.851358413696289,1.4303186065124263,1.4433707746045636,-5.0
11.863349437713623,1.4320771949630564,1.446850429459342,-4.940513972665926
11.876451015472412,1.4338357834136866,1.450278337006671,-4.5060940803588565
11.890544176101685,1.4359851692977899,1.453657192707645,-3.4273354147471173
11.903870344161987,1.4377437577484196,1.4569897319033174,-2.028897425941908
11.918442487716675,1.4400885423492595,1.4602787229838756,-0.49284078415137
11.933440446853638,1.4422379282333628,1.4635269569190446,1.3536691107273633
11.949086427688599,1.444582712834203,1.4667390147196981,2.9330640437448268
11.963512659072876,1.4469274974350432,1.4699205940693978,4.091166153244735
11.97616171836853,1.4490768833191465,1.4730743580134382,4.844478578928027
11.986357927322388,1.4508354717697765,1.4762000281036907,5.0
11.999387264251709,1.4531802563706164,1.4792973427298481,5.0
12.01341199874878,1.4557204396881933,1.4823678339739936,5.0
12.0273277759552,1.4584560217225064,1.4854141702529315,5.0
12.049479722976685,1.4627547934907135,1.4884469892002326,5.0
12.06413197517395,1.4658811729585002,1.4914848973662167,5.0
12.07940125465393,1.469593748576497,1.4945367045644191,5.0
12.093400478363037,1.473110925477757,1.4975999809324787,5.0
12.108406782150269,1.476628102379017,1.5006709184680433,5.0
12.12439489364624,1.4807314754304872,1.503745953382915,5.0
12.14343523979187,1.4856164433489039,1.5068287975692314,5.0
12.156855821609497,1.489133620250164,1.509927794468535,4.639384909994812
12.17063021659851,1.492650797151424,1.5130408007641052,4.1352983596784645
12.189399719238281,1.4975357650698409,1.5161627147562313,3.6311668633859226
12.20333480834961,1.5016391381213108,1.5192930244164726,3.179231876423975
12.218318223953247,1.505742511172781,1.5224272485042583,2.515782670793453
12.232333183288574,1.5094550867907774,1.5255576182254027,1.8800918437719967
12.243311166763306,1.512190668825091,1.5286769116646253,1.351559369671437
12.257328271865845,1.5159032444430878,1.5317784458513,0.6656959831757859
12.273900270462036,1.5207882123615046,1.5348577521800404,0.32753609420363766
12.293008804321289,1.526454775146868,1.5379176717545622,-0.11438168247033917
12.308504581451416,1.5307535469150746,1.5409639859054882,-0.5043725412266156
12.324422597885132,1.535247717400018,1.543994058724183,-0.5214538390762936
12.34132719039917,1.5397418878849616,1.5469995404763885,-0.9610320850110734
12.363248825073242,1.545408450670325,1.5499796738740157,-1.1655637368028102
12.377406120300293,1.549121026288322,1.5529403930890386,-1.7936393259557701
12.391308546066284,1.5520520070393715,1.5558797707077052,-3.245353108124582
12.407384872436523,1.5549829877904218,1.5587894079384639,-4.647508532534918
12.430377960205078,1.5588909621251552,1.5616688668819452,-5.0
12.445379495620728,1.5604541518590485,1.5645244531820923,-5.0
12.458412647247314,1.5620173415929417,1.5673551493860103,-5.0
12.47306227684021,1.563189733893362,1.5701538153633436,-5.0
12.488116025924683,1.564362126193782,1.5729152222743497,-5.0
12.50033450126648,1.5651437210607286,1.575635373355989,-5.0
12.513314962387085,1.5657299172109387,1.5783104462956041,-5.0
12.527313709259033,1.5663161133611485,1.580937793644288,-5.0
12.547995328903198,1.567293106944832,1.5835210744026016,-5.0
12.560019254684448,1.567879303095042,1.5860669134301815,-4.171633139864165
12.576210021972656,1.5688562966787254,1.5885775622874247,-2.577712093525099
12.59239912033081,1.569833290262409,1.5910564131341858,-0.45711833355333087
12.607463121414185,1.5710056825628287,1.5935072811379636,1.9877133651735428
12.624799013137817,1.5725688722967222,1.5959317033670868,4.048579097039337
12.6373872756958,1.573741264597142,1.5983306707106388,4.993583629999536
12.648371458053589,1.5747182581808254,1.6007031662968036,5.0
12.661383152008057,1.576281447914719,1.6030490201151932,5.0
12.674304246902466,1.5776492389318757,1.6053700420624013,5.0
12.689418315887451,1.579798624815979,1.6076684236657235,5.0
12.705291271209717,1.5819480107000823,1.6099482613785445,5.0
12.718287944793701,1.5842927953009225,1.6122135664030681,5.0
12.740528583526611,1.588005370918919,1.614472141255249,5.0
12.755362033843994,1.590936351669969,1.6167384520988104,5.0
12.770376920700073,1.5938673324210193,1.6190196927620435,5.0
12.784399509429932,1.596407515738596,1.6213145486370732,5.0
12.797347068786621,1.5991430977729093,1.6236216346085814,5.0
12.814363718032837,1.6026602746741694,1.6259423588063382,4.679513923713805
12.827180862426758,1.6055912554252194,1.6282799011957938,4.283277142955154
12.840541124343872,1.6087176348930061,1.6306326063905463,3.6104959383063733
12.861475467681885,1.6136026028114228,1.6330028702977322,3.4852466261459263
12.874879121780396,1.6167289822792097,1.6354014092819964,2.966200273806077
12.890385627746582,1.620636956613943,1.6378313712316976,2.3833756781873645
12.904313087463379,1.624154133515203,1.6402883011048344,2.138189012940838
12.924578189849854,1.629429898867093,1.642772263778082,1.4705722401583516
12.933481216430664,1.6315792847511963,1.6452835411418871,0.7761332926960904
12.946378231048584,1.6349010629357197,1.6478144497084475,-0.08035095418630078
12.959304094314575,1.6382228411202433,1.6503579132773043,-0.5492792094453955
12.97230339050293,1.64193541673824,1.6529119853971836,-1.0737650760679
12.989150047302246,1.6458433910729737,1.6554770100545186,-1.5036029979783174
13.000308990478516,1.6485789731072868,1.6580533644023503,-1.8032518405527536
13.012001037597656,1.651509953858337,1.6606360667483206,-1.9824074974051715
13.026389598846436,1.6548317320428605,1.663220978176794,-2.3409742433629903
13.040368795394897,1.6581535102273839,1.6658106809989421,-2.6610919873604164
13.064471244812012,1.6632338768625372,1.6684159715207862,-2.876073677518774
13.078304767608643,1.6655786614633772,1.671052211536624,-3.533918872437993
13.091609001159668,1.6677280473474807,1.6737234284127622,-4.1669685023862835
13.102970838546753,1.6694866357981104,1.6764198510550108,-5.0
13.118431568145752,1.6714406229654772,1.6791328755448158,-5.0
13.13435983657837,1.6733946101328439,1.6818632581904915,-5.0
13.14932656288147,1.6747624011500006,1.6846113860007499,-5.0
13.17177152633667,1.6761301921671574,1.6873817350207851,-5.0
13.185617446899414,1.676911787034104,1.6901862956609008,-5.0
13.201337337493896,1.6778887806177873,1.6930261402661893,-5.0
13.224982261657715,1.6796473690684175,1.6959012500369013,-5.0
13.239320755004883,1.6806243626521005,1.6988195131386188,-3.813999086046463
13.250288486480713,1.6814059575190474,1.7017756173980045,-2.0543325149400453
13.264476776123047,1.6825783498194673,1.704753480040159,-0.14359190088267604
13.28127145767212,1.6841415395533608,1.7077456072033628,1.7305153008232885
13.294264316558838,1.6855093305705175,1.7107502720054446,3.215979991818061
13.310259580612183,1.6872679190211477,1.7137622513134936,4.531510102851717
13.326184749603271,1.689221906188514,1.7167761696432016,5.0
13.338274002075195,1.6909804946391442,1.719787236710857,5.0
13.353233337402344,1.6933252792399842,1.7227890573519808,5.0
13.36440372467041,1.6950838676906144,1.7257760752327045,5.0
13.377356767654419,1.6970378548579812,1.7287423335278151,5.0
13.393311977386475,1.7001642343257677,1.7316827509719779,5.0
13.410107851028442,1.7032906137935544,1.7345987853656273,5.0
13.427696466445923,1.7068077906948147,1.7374992233303388,5.0
13.441777229309082,1.7099341701626012,1.7403900558708163,5.0
13.457273244857788,1.7134513470638615,1.7432684291024032,5.0
13.472347974777222,1.7167731252483849,1.7461289772657749,5.0
13.491573810577393,1.7218534918835382,1.7489703997549495,5.0
13.507750034332275,1.7263476623684817,1.7517964914063369,4.675663764821422
13.516339302062988,1.7286924469693217,1.7546040371835858,4.392246488662192
13.537268877029419,1.7343590097546853,1.7573875128307574,3.5710707225561262
13.551291465759277,1.7380715853726818,1.7601530627753799,2.689907269576703
13.566216707229614,1.7423703571408884,1.7629040586137277,2.2006083099338687
13.581255435943604,1.7466691289090954,1.765636438495266,1.6280108600796914
13.59985613822937,1.7521402929777221,1.768351680753815,1.1178486815287734
13.614460945129395,1.7564390647459287,1.771056896725558,0.435268930405212
13.624623775482178,1.759370045496979,1.7737507973244278,-0.1783623535382065
13.63807201385498,1.7632780198317124,1.7764247214216422,-0.6510619388578656
13.650240659713745,1.7665997980162358,1.7790742309910534,-1.2567942124223292
13.665410041809082,1.771093968501179,1.7816983423265527,-1.7751923490753272
13.684025764465332,1.776369733853069,1.7843062842970348,-2.1456709394898157
13.699249744415283,1.7806685056212759,1.7869142086477132,-2.6484188122415944
13.71342134475708,1.7845764799560093,1.7895290871524616,-3.0664542723362254
13.722033500671387,1.7867258658401126,1.792142855722157,-3.340988146869263
13.733854293823242,1.7894614478744262,1.7947417456084784,-4.029137936285075
13.751378059387207,1.793564820925896,1.7973291635098607,-5.0
13.766303539276123,1.7955188080932627,1.7999238135541322,-5.0
13.779500961303711,1.797668193977366,1.802538868772552,-5.0
13.795296907424927,1.799622181144733,1.8051786097385991,-5.0
13.81233549118042,1.801185370878626,1.8078447294958473,-5.0
13.835304737091064,1.8031393580459931,1.8105496246865793,-5.0
13.851250171661377,1.8039209529129396,1.813314713671056,-5.0
13.870858430862427,1.8047025477798866,1.8161543250273082,-5.0
13.886609315872192,1.8052887439300964,1.819080899842357,-5.0
13.894721508026123,1.8054841426468329,1.822094668653084,-5.0
13.907889604568481,1.806070338797043,1.8251759037045772,-4.208993450359836
13.927120923995972,1.8070473323807266,1.8283183836477115,-2.577919248918627
13.938270568847656,1.8076335285309364,1.8315289148109082,-0.6792739712056415
13.947320461273193,1.8082197246811464,1.834793398402502,1.2289762376345377
13.95924687385559,1.8091967182648299,1.8380871906779943,3.315080699123768
13.9739248752594,1.81036911056525,1.8414021435584746,4.746275054214907
13.98525094985962,1.8117369015824063,1.8447383263325836,5.0
13.999301195144653,1.8133000913163,1.8480911841037424,5.0
14.014379262924194,1.8152540784836664,1.8514563570020468,5.0
14.035874605178833,1.8181850592347166,1.8548424132691408,5.0
14.050223350524902,1.8205298438355566,1.8582666210743428,5.0
14.062550783157349,1.8226792297196601,1.8617319505409988,5.0
14.0770263671875,1.8254148117539735,1.865229349000881,5.0
14.09328579902649,1.8285411912217602,1.8687505106757887,5.0
14.11343240737915,1.833426159140177,1.872294818369512,5.0
14.129686832427979,1.8377249309083836,1.8758716344304718,5.0
14.137584447860718,1.839874316792487,1.8794764213947361,5.0
14.147218704223633,1.8426098988268003,1.883084206696465,5.0
14.162475824356079,1.8467132718782704,1.886677633458818,5.0
14.17654275894165,1.8510120436464772,1.8902533000620225,5.0
14.192330121994019,1.8558970115648938,1.8938131636971405,4.828183728246541
14.206108570098877,1.8601957833331009,1.8973621813584614,4.366758180614668
14.218152284622192,1.8642991563845706,1.900898598278187,3.8473482020326335
14.233958721160889,1.8695749217364608,1.90441808698409,3.361786954190817
14.24422025680542,1.8732874973544575,1.9079184030157448,2.6630018316083204
14.25927209854126,1.8787586614230845,1.9113940996931913,2.2724101323493926
14.274730682373047,1.8844252242084478,1.914848657487161,1.7519618569930022
14.288679838180542,1.889700989560338,1.9182922884527474,1.2675613941669779
14.299646377563477,1.8936089638950713,1.9217253353194068,0.5955553185040572
14.31178331375122,1.8982985330967515,1.9251401532228003,-0.0163252739385068
14.323207378387451,1.9029881022984314,1.9285289962614187,-0.49239224493271344
14.335213661193848,1.9076776715001116,1.9318880010967714,-0.8283657983924597
14.348217725753784,1.9123672407017918,1.9352181890790165,-1.3214922663467403
14.36119556427002,1.9174476073369449,1.938522760626161,-1.7556700366608138
14.373424291610718,1.9225279739720984,1.9418028339515339,-2.067304509535077
14.387479543685913,1.927608340607252,1.9450596874806199,-2.255461836673258
14.403225660324097,1.9338610995428254,1.9482985954627223,-2.617082448366732
14.41499948501587,1.938159871311032,1.9515223121098546,-2.9344453320848487
14.42919397354126,1.9434356366629222,1.9547314186692528,-3.1420449355034674
14.442208051681519,1.948320604581339,1.9579304695472848,-3.237152298790038
14.456228017807007,1.9535963699332293,1.9611234304155036,-3.5151592938228653
14.470219850540161,1.9586767365683826,1.964311769614819,-3.7570567296958917
14.48226261138916,1.9629755083365892,1.9674948238588261,-4.172320053625862
14.496216773986816,1.9676650775382694,1.970672064836981,-4.514439321319999
14.51022744178772,1.9721592480232129,1.9738469497023978,-4.9898686298671295
14.52110767364502,1.9754810262077362,1.9770200682823436,-5.0
14.533985376358032,1.978607405675523,1.9801884085400037,-5.0
14.548969268798828,1.9825153800102562,1.9833540470607098,-5.0
14.563194513320923,1.9856417594780431,1.9865217796035877,-5.0
14.577199935913086,1.9883773415123565,1.9896932353784818,-5.0
14.586026430130005,1.9899405312462497,1.9928612365058667,-5.0
14.602142333984375,1.9924807145638264,1.9960181296878192,-5.0
14.614419937133789,1.99404390429772,1.9991696957130216,-5.0
14.622543573379517,1.9948254991646663,2.002315484537446,-5.0
14.634154558181763,1.9961932901818233,2.005441033440634,-5.0
14.647920370101929,1.9973656824822434,2.008539957904058,-5.0
14.660285711288452,1.9981472773491897,2.011615785523111,-5.0
14.675708770751953,1.99931966964961,2.0146727716944746,-5.0
14.68819546699524,2.00049206195003,2.0177145862741153,-4.280021010823274
14.705176830291748,2.0020552516839234,2.020747297612505,-3.108444736830206
14.72054409980774,2.0034230427010797,2.0237825650272128,-1.424675572985656
14.72919225692749,2.0042046375680265,2.0268233762925254,0.6732763864937765
14.743108749389648,2.00576782730192,2.0298598562693937,2.4979050172286215
14.755157470703125,2.0071356183190767,2.0328871754120432,4.133907595740051
14.769186973571777,2.0090896054864436,2.03590555512408,5.0
14.787648439407349,2.0118251875207567,2.038920029119398,5.0
14.80085277557373,2.01397457340486,2.0419413827202217,5.0
14.81027340888977,2.015342364422017,2.044968420977632,5.0
14.82513165473938,2.017882547739594,2.047990575482874,5.0
14.836249113082886,2.0198365349069602,2.0510036648220433,5.0
14.849245071411133,2.0221813195078004,2.0540054479263983,5.0
14.871248483657837,2.026480091276007,2.0570020128538675,5.0
14.88630747795105,2.029606470743794,2.060009435922791,5.0
14.90156626701355,2.033123647645054,2.0630336005741134,5.0
14.91428017616272,2.0362500271128408,2.066069746578206,5.0
14.929270029067993,2.0399626027308373,2.069112386703425,5.0
14.944190979003906,2.043870577065571,2.072156506806226,5.0
14.95700454711914,2.047192355250094,2.0751965983567167,5.0
14.979214906692505,2.052663519318721,2.0782350834060903,5.0
14.990236759185791,2.0557898987865078,2.08127915931894,4.372636970815883
15.009236097335815,2.0612610628551344,2.0843283982244887,3.830102748043217
15.022350549697876,2.064973638473131,2.0873813361557696,3.0959653106066627
15.035829067230225,2.0688816128078646,2.09043516480213,2.402466167434003
15.049164533615112,2.0729849858593346,2.0934846852386646,1.8249877982079499
15.06514573097229,2.077869953777751,2.0965253058061784,1.3726891547670954
15.078243494033813,2.0817779281124844,2.099551772497903,0.7541244957470175
15.092212200164795,2.0858813011639548,2.1025595781134987,0.1904999709752393
15.10692048072815,2.089984674215425,2.105545497462981,-0.250631170513654
15.11918830871582,2.0938926485501583,2.1085068422815985,-0.5654969516563773
15.133308410644531,2.098386819035102,2.1114402339630867,-1.0491331846093228
15.151105880737305,2.103662584386992,2.114346109234578,-1.4826330205688096
15.162149667739868,2.107179761288252,2.1172255478213353,-1.799832371617278
15.185227870941162,2.1138233176572987,2.1200808842020495,-2.2737554610444777
15.20018196105957,2.117731291992032,2.122921777053438,-2.404774782027246
15.213184595108032,2.121443867610029,2.1257517676814137,-2.923704840557159
15.228811025619507,2.1257426393782355,2.128566899461867,-3.985937706727284
15.243305206298828,2.129064417562759,2.131365461085713,-4.697420220225851
15.256207466125488,2.1316046008803355,2.1341443599866032,-5.0
15.276348352432251,2.1349263790648587,2.1369036966162875,-5.0
15.291919946670532,2.1368803662322255,2.1396517002778963,-5.0
15.30516505241394,2.138443555966119,2.1423922340746038,-5.0
15.321211576461792,2.1400067457000125,2.1451211205959,-5.0
15.338928461074829,2.1413745367171693,2.1478357934417502,-5.0
15.349222898483276,2.1419607328673793,2.1505340688716674,-5.0
15.367347955703735,2.1429377264510627,2.15321300717027,-5.0
15.377280473709106,2.1431331251677994,2.1558701674328358,-5.0
15.39024305343628,2.1435239226012723,2.158498691676649,-5.0
15.404247283935547,2.143914720034746,2.161093443165627,-4.58125445139658
15.421299457550049,2.1446963149016924,2.1636574112502855,-3.2416265099629764
15.431232213973999,2.1452825110519025,2.1661922937124554,-1.5450658691122146
15.450978517532349,2.146259504635586,2.16869710621371,0.5146980889759633
15.467968702316284,2.147431896936006,2.1711780186868426,2.569920345788796
15.48216462135315,2.1484088905196894,2.173641508239831,4.2023489018470555
15.498216152191162,2.149972080253583,2.176086865663793,5.0
15.510127067565918,2.150949073837266,2.1785113109374006,5.0
15.532209157943726,2.1534892571548427,2.1809176916110333,5.0
15.543197631835938,2.1548570481719995,2.183311697747226,5.0
15.553126811981201,2.156224839189156,2.185687343322473,5.0
15.575559377670288,2.1595466173736795,2.188039266383255,5.0
15.590292930603027,2.1622821994079926,2.1903745411537834,5.0
15.605136156082153,2.1648223827255695,2.1926961651630124,5.0
15.62011170387268,2.167557964759883,2.1950004451383136,5.0
15.6361665725708,2.170879742944406,2.1972851694008564,5.0
15.651859283447266,2.1738107236954565,2.199552010072882,5.0
15.661774396896362,2.1761555082962967,2.2018010851408043,4.938572880135284
15.682078123092651,2.1804542800645033,2.204031314772113,4.603198256533744
15.691635370254517,2.182799064665343,2.206244379883352,4.1880953361347935
15.710328817367554,2.1874886338670234,2.208439317353267,3.7759323150092885
15.725215435028076,2.1910058107682833,2.210616264005995,3.121677368004896
15.74025011062622,2.1947183863862803,2.2127753345979295,2.752355492060941
15.754204034805298,2.1980401645708034,2.2149134529902392,2.235886595844407
15.77617621421814,2.2033159299226934,2.2170331944422057,1.4672964505524142
15.784781217575073,2.205465315806797,2.219137119134829,1.0219861929356537
15.804011821746826,2.210350283725214,2.2212214941557176,0.20104045442491691
15.819228649139404,2.2142582580599472,2.2232875284211975,-0.3112543443910708
15.834226369857788,2.218166232394681,2.225337564913623,-0.8991308363962947
15.847464323043823,2.2210972131457307,2.227368643158904,-1.388858530090692
15.86112642288208,2.224223592613517,2.2293774760510194,-1.7372677465659874
15.875179290771484,2.2271545733645675,2.2313613117514426,-2.5052041686450157
15.890597105026245,2.229890155398881,2.2333182424066846,-4.060373059745709
15.902166843414307,2.2318441425662474,2.2352467448207882,-5.0
15.916265487670898,2.2337981297336142,2.237144932995974,-5.0
15.931192874908447,2.2355567181842444,2.2390113528572235,-5.0
15.944562196731567,2.237119907918138,2.240844112937505,-5.0
15.961771726608276,2.238487698935294,2.242642142596921,-5.0
15.980523824691772,2.239269293802241,2.2444115321734026,-5.0
15.995180368423462,2.2400508886691877,2.2461612780541347,-5.0
16.0091609954834,2.240441686102661,2.2478933361302977,-5.0
16.024186372756958,2.240441686102661,2.249605265099802,-5.0
16.046907901763916,2.2406370848193973,2.2512992732000843,-5.0
16.056403875350952,2.2406370848193973,2.2529791435594455,-4.641137235376483
16.0685293674469,2.2406370848193973,2.254640945765624,-3.7114193637377517
16.08701801300049,2.241027882252871,2.256281680768656,-2.1779187915292355
16.103184461593628,2.2412232809696078,2.257904749359217,-0.1631535536011659
16.11917233467102,2.2418094771198174,2.259511133266611,1.9017697138041654
16.134171962738037,2.242395673270028,2.2610988669936063,3.5676872093284997
16.15114140510559,2.243177268136974,2.262667146772566,4.745788275645609
16.17214608192444,2.244545059154131,2.2642193566103748,5.0
16.195139408111572,2.246108248888025,2.2657644626728732,5.0
16.206670999526978,2.246889843754971,2.267308908041165,5.0
16.21572256088257,2.247671438621918,2.2688480909710025,5.0
16.22809886932373,2.2488438309223375,2.270372387041675,5.0
16.242104291915894,2.250407020656231,2.2718759149665093,5.0
16.26146960258484,2.2525564065403345,2.273359630464244,5.0
16.275758266448975,2.2541195962742275,2.274828932107246,5.0
16.290278434753418,2.2558781847248577,2.2762863486740983,4.8273946872151186
16.304540872573853,2.2578321718922245,2.2777305945217434,4.721422128853321
16.31918430328369,2.2597861590595913,2.279159842747538,4.32434467827958
16.334161281585693,2.2615447475102215,2.280572531095831,3.8570840318832516
16.34816074371338,2.263694133394325,2.2819674856823697,3.6857572705434287
16.371142387390137,2.2674067090123216,2.2833474864435406,3.5980442175998557
16.387152194976807,2.2701422910466347,2.2847186189344173,3.234705368529273
16.40313959121704,2.2726824743642116,2.2860824793052132,2.812832930006845
16.425125122070312,2.276590448698945,2.287440441002714,2.4185144438401127
16.442129611968994,2.2797168281667317,2.2887972875804015,1.8029283096988251
16.455159425735474,2.282061612767572,2.2901534771810246,1.2114202186801784
16.47012233734131,2.2846017960851484,2.2915058133829462,0.44947639253774385
16.491897106170654,2.2879235742696715,2.2928551912425834,-0.22797213005795813
16.50716495513916,2.289682162720302,2.294205951090958,-1.2988389994150837
16.522159099578857,2.291049953737459,2.29555816663616,-2.8294125226159057
16.535087823867798,2.2922223460378786,2.296908302142845,-4.183249668674867
16.55012059211731,2.293199339621562,2.298253373796526,-5.0
16.56514263153076,2.293785535771772,2.299590898835567,-5.0
16.586240768432617,2.2943717319219816,2.3009219703504176,-5.0
16.601449728012085,2.2943717319219816,2.302251065673813,-5.0
16.617106437683105,2.2945671306387183,2.3035792004676705,-5.0
16.632153749465942,2.2945671306387183,2.3049036745099354,-5.0
16.645120859146118,2.2945671306387183,2.306221810919925,-5.0
16.660134315490723,2.294762529355455,2.3075313739551433,-3.9911710848386273
16.681475400924683,2.2949579280721917,2.308833947969155,-2.686486759822597
16.694907188415527,2.2953487255056655,2.3101343088127964,-0.9501124541111705
16.709262371063232,2.2957395229391384,2.3114330087889305,0.6067562567483519
16.72407817840576,2.296325719089349,2.31272703416282,2.0787763955999345
16.748305559158325,2.2973027126730323,2.314017162709889,3.494884510814641
16.76311993598938,2.2980843075399786,2.3153073440392835,4.581989798397713
16.773780584335327,2.298865902406926,2.3165957591238073,5.0
16.789379358291626,2.2998428959906088,2.3178774478580166,5.0
16.804136514663696,2.301015288291029,2.319151609138824,4.95835336304365
16.81805443763733,2.302187680591449,2.3204175513814853,5.0
16.832059383392334,2.3033600728918686,2.3216729685870434,4.82235469960791
16.84702754020691,2.3047278639090254,2.3229159088990263,4.51108778381332
16.8657968044281,2.306681851076392,2.324145976692711,4.437840728132997
16.876840114593506,2.307463445943339,2.3253636161874423,3.8498221998937856
16.897186517715454,2.309808230544179,2.3265696242172695,3.4376112711360323
16.91035509109497,2.3109806228445993,2.327765939750848,3.119079130621644
16.925169706344604,2.312739211295229,2.328952293237228,2.577765357373195
16.937153100967407,2.3141070023123858,2.3301256175205403,2.3126706906917986
16.945123434066772,2.3148885971793325,2.3312805410677524,1.8830961550274807
16.967095375061035,2.3176241792136456,2.332413494137867,1.735619469145222
16.9820613861084,2.319968963814486,2.3335268249431365,1.4101330679019974
16.99783992767334,2.3219229509818526,2.3346221579830906,1.0722483577339266
17.009065628051758,2.323486140715746,2.3356981222015056,0.7817025067311815
17.02828884124756,2.3260263240333225,2.3367540762998305,0.27618469031074694
17.047125816345215,2.328566507350899,2.337791614371834,-0.20581993013803998
17.063105821609497,2.330520494518266,2.338812467837078,-0.8622409441157064
17.079298496246338,2.332474481685633,2.3398161644181164,-1.1637187931458368
17.09112048149109,2.333842272702789,2.340800935279313,-1.5556978859080899
17.104132890701294,2.3348192662864724,2.3417643813880966,-1.88367397689635
17.11703872680664,2.3357962598701563,2.3427044974253786,-2.658198275660196
17.140223026275635,2.3367732534538397,2.343621819673048,-4.225568180290812
17.148147106170654,2.336968652170576,2.34451686232701,-5.0
17.17012310028076,2.336968652170576,2.34538828634865,-5.0
17.18610191345215,2.336968652170576,2.346236621734131,-5.0
17.207387447357178,2.336968652170576,2.347063892946076,-5.0
17.218726634979248,2.3367732534538397,2.347870963468504,-5.0
17.235414028167725,2.336968652170576,2.3486570188578204,-4.1635083559039225
17.25106644630432,2.336968652170576,2.3494213081279276,-2.699826209549189
17.267695903778076,2.3367732534538397,2.3501636406895794,-1.2798904147599683
17.28010869026184,2.336968652170576,2.3508832820701615,-0.12847006120769033
17.293126344680786,2.336968652170576,2.3515792088717196,0.719260093825861
17.30714249610901,2.336968652170576,2.3522506892365067,1.2995021543540919
17.329163312911987,2.336968652170576,2.3528985647876235,1.6677730310990007
17.34217858314514,2.336968652170576,2.3535244872430328,1.877804443710956
17.358110666275024,2.3367732534538397,2.3541287865184346,1.974443127151301
17.372135400772095,2.3367732534538397,2.354711166553737,1.9925146844189041
17.38603901863098,2.3367732534538397,2.355271478760057,1.95794385496501
17.400113344192505,2.3367732534538397,2.3558094743672355,1.8894953083234602
17.414024114608765,2.3367732534538397,2.3563250502675666,1.800469416909489
17.432106494903564,2.3367732534538397,2.3568184474824543,1.7001269068445484
17.446277856826782,2.336968652170576,2.357290081849852,1.5948039996041938
17.463478803634644,2.3367732534538397,2.3577405880937374,1.488751108853775
17.47777223587036,2.3367732534538397,2.3581709934312522,1.3847481993494475
17.491344451904297,2.3367732534538397,2.35858180573972,1.2845489582199927
17.506014347076416,2.3367732534538397,2.3589729742679153,1.1891977666232045
17.52106237411499,2.3367732534538397,2.3593445338233563,1.0992540001798434
17.53499674797058,2.336968652170576,2.3596966187125985,1.0149496922579695
17.54999852180481,2.3367732534538397,2.3600294498779664,0.9362997121780705
17.565002918243408,2.3367732534538397,2.3603433218908125,0.8631783253323351
17.585391998291016,2.3367732534538397,2.360638892794454,0.7953720691047008
17.599213361740112,2.3367732534538397,2.3609170829293022,0.7326160087900886
17.61510467529297,2.3367732534538397,2.361178376012093,0.674618370913765
17.630110263824463,2.3367732534538397,2.3614229096662074,0.6210770758081079
17.643089294433594,2.336968652170576,2.361650859292773,0.571690644234982
17.657004833221436,2.3367732534538397,2.36186242314339,0.5261652129874048
17.67005157470703,2.3367732534538397,2.36205780972192,0.48421887322584634
17.693995475769043,2.336968652170576,2.3622371976890704,0.44558417899877006
17.704784393310547,2.3367732534538397,2.3624007247655787,0.4100094163889573
17.71549367904663,2.3367732534538397,2.362548567190337,0.37725904365910123
17.734654426574707,2.336968652170576,2.3626808074433394,0.3471135867653536
17.74757957458496,2.3367732534538397,2.3627973854903397,0.31936918653946067
17.75648045539856,2.3367732534538397,2.3628984900083907,0.2938369323650636
17.774975299835205,2.3367732534538397,2.362984332396349,0.27034207432400276
17.791035175323486,2.3367732534538397,2.3630547924867567,0.24872317597378957
17.806074857711792,2.3367732534538397,2.3631098640831216,0.22883124921888418
17.82736563682556,2.336968652170576,2.3631494523235794,0.21052889841047384
17.84402370452881,2.336968652170576,2.3631731049639355,0.19368949092950677
17.858217000961304,2.3367732534538397,2.3631807058269656,0.178196364730206
17.871423721313477,2.3367732534538397,2.3631726741802046,0.1639420787047069
17.886110305786133,2.3367732534538397,2.3631495707131442,0.15082770861555972
17.899019956588745,2.336968652170576,2.3631119421061237,0.1387621892714696
17.915054321289062,2.3367732534538397,2.363060359382633,0.1276617022714071
17.929062366485596,2.336968652170576,2.3629954306419996,0.11744910778887654
17.946658849716187,2.3367732534538397,2.3629173955609413,0.10805341835520543
17.955087423324585,2.3367732534538397,2.362826561219035,0.09940931231940221
17.971482276916504,2.3367732534538397,2.3627238152729864,0.09145668453668218
17.990872383117676,2.3367732534538397,2.3626093617683455,0.0841402318157316
18.006993293762207,2.3367732534538397,2.3624829024415406,0.07740907069986269
18.030994415283203,2.3367732534538397,2.3623442613770766,0.07121638524444687
18.045995712280273,2.3367732534538397,2.362193119910844,0.06551910256529242
18.06107211112976,2.3367732534538397,2.362029940788749,0.06027759405835009
18.076027870178223,2.3367732534538397,2.361855907074778,0.05545540032247878
18.091059923171997,2.336968652170576,2.361672160035366,0.05101897794883824
18.114078521728516,2.3367732534538397,2.361479061713998,0.04693746646944162
18.127994775772095,2.3367732534538397,2.3612763138923434,0.043182473881443556
18.143043756484985,2.3367732534538397,2.3610644855954668,0.03972787928161824
18.16125464439392,2.3367732534538397,2.3608445633459847,0.036549651256571884
18.17098593711853,2.3367732534538397,2.3606174862696974,0.03362568077828428
18.185962915420532,2.3367732534538397,2.360384774768373,0.030935627451588267
18.199761390686035,2.336968652170576,2.3601476853729038,0.028460778050357884
18.21800661087036,2.3367732534538397,2.3599065782724615,0.02618391636275698
18.2260422706604,2.3367732534538397,2.359662021796114,0.024089203443235757
18.237959623336792,2.3367732534538397,2.3594154331669883,0.022162067440426474
18.247994422912598,2.3367732534538397,2.359168113967481,0.020389102236047035
18.260562658309937,2.3367732534538397,2.3589208282910143,0.018757974190761577
18.274037837982178,2.3367732534538397,2.3586738433587353,0.017257336349019447
18.288994312286377,2.3367732534538397,2.3584271553855416,0.01587674950656107
18.30495548248291,2.3367732534538397,2.3581809223895602,0.014606609591860406
18.32811164855957,2.3367732534538397,2.357934609229054,0.013438080856588507
18.344151735305786,2.3367732534538397,2.3576869796713167,0.012363034410515297
18.357094287872314,2.3367732534538397,2.35743769103189,0.011373991673391776
18.37306571006775,2.3367732534538397,2.357187162830716,0.01046407235052284
18.38804841041565,2.3367732534538397,2.3569357135807296,0.009626946570182697
18.402039527893066,2.3367732534538397,2.3566835673386355,0.008856790849959256
18.4231960773468,2.3367732534538397,2.356430017321285,0.008148247585736327
18.437988758087158,2.336577854737103,2.3561735552992213,0.007496387781519085
18.451975107192993,2.336577854737103,2.3559136769155997,0.006896676760846727
18.46822738647461,2.336577854737103,2.355650744866757,0.0063449426212734234
18.49075937271118,2.3363824560203663,2.355384068230922,-0.27020101246620337
18.50596809387207,2.336187057303629,2.3551120426499037,-0.3037926034040091
18.519965171813965,2.336187057303629,2.3548341813816704,-0.2491249755665894
18.536476612091064,2.3357962598701563,2.35455088852493,-0.7255119482232198
18.55000138282776,2.3356008611534196,2.3542624617592267,-0.7216021146981342
18.56750726699829,2.335014665003209,2.3539689670235777,-0.8311587122546054
18.586095094680786,2.3344284688529995,2.353669246444687,-1.2225002022152336
18.600032329559326,2.333842272702789,2.353361587598253,-1.3395131823322173
18.61502504348755,2.3332560765525794,2.353045612080247,-1.8819624772266978
18.636968851089478,2.3320836842521597,2.352720775217453,-2.1597149900441783
18.653148889541626,2.331302089385213,2.3523852924153386,-1.9975072220383332
18.667991876602173,2.330520494518266,2.352038408343766,-1.9765199925427064
18.683012008666992,2.3295435009345824,2.3516807587490085,-1.7052367504623471
18.69702696800232,2.328761906067636,2.3513131355372674,-1.384439167319425
18.711037158966064,2.327589513767216,2.3509362113716104,-1.0920362371436754
18.733123302459717,2.3260263240333225,2.350549041686434,-0.8512285071110276
18.74814224243164,2.325049330449639,2.3501492885922923,-0.6625731581453276
18.759392738342285,2.3240723368659557,2.349736732026501,-0.5186045142889273
18.77253007888794,2.3230953432822723,2.3493129801271504,-0.13411741796029109
18.78005862236023,2.322704545848799,2.3488804509931693,-0.01966487890118468
18.802135944366455,2.3209459573981692,2.348440542983415,0.2623648885213882
18.81495690345764,2.319968963814486,2.347991360371336,0.5416204890044588
18.82834768295288,2.318991970230803,2.347531557533032,0.48438643809449666
18.84299349784851,2.317819577930382,2.34706162064428,0.599902911530403
18.859023094177246,2.3166471856299626,2.3465819228591256,0.7418980889145039
18.872069597244263,2.3156701920462788,2.346092735798391,0.8565375481999696
18.887001037597656,2.3148885971793325,2.3455942412013884,0.9303085184150346
18.899946928024292,2.3141070023123858,2.345086542374527,1.2417780082662682
18.922131299972534,2.312739211295229,2.3445675993686623,1.2796675225907312
18.929996252059937,2.312348413861755,2.3440356621599308,1.4829476264815253
18.95300555229187,2.3109806228445993,2.3434912392199596,1.6830649089556424
18.975857496261597,2.310003629260916,2.3429304701409888,1.8239447003560554
18.99201202392578,2.309026635677232,2.3423478437369276,1.897095522860373
19.008798122406006,2.3084404395270224,2.3417427576194685,1.911773814829993
19.023804903030396,2.3076588446600756,2.3411164971480494,1.8818937907152615
19.03572368621826,2.3072680472266023,2.3404701557195664,1.8207604679146003
19.046998739242554,2.3068772497931285,2.3398058204658283,1.7393297886541976
19.06199049949646,2.3064864523596555,2.3391258707974134,1.6459632322093938
19.08389687538147,2.3059002562094455,2.33842926609323,1.546741410249214
19.097838878631592,2.305509458775972,2.3377123165273175,1.4459254420425203
19.113135814666748,2.3051186613424988,2.336974511108465,1.346400087399224
19.127928972244263,2.3045324651922887,2.3362180746811294,0.9740049669780855
19.151888608932495,2.303946269042079,2.3354422478625954,0.8488511549314424
19.166677474975586,2.3033600728918686,2.3346441383419694,0.5408636949323957
19.18200135231018,2.3029692754583957,2.3338241248171423,0.2260310533532995
19.19601798057556,2.302773876741659,2.3329845542597223,-0.03389990743477854
19.210989475250244,2.302187680591449,2.332127525416316,-0.22635884556920302
19.232962369918823,2.301601484441239,2.331252356726557,-0.35780828801677445
19.241828680038452,2.301210687007765,2.3303574580712336,-0.44034357933193885
19.257516860961914,2.300819889574292,2.3294455961187173,-0.4861626856806104
19.274429082870483,2.3002336934240817,2.3285186573954015,-0.7816579577143308
19.288902759552002,2.299647497273872,2.3275760192603294,-0.8159865982409804
19.303951025009155,2.299061301123662,2.3266184007567663,-0.749905302543397
19.320720195770264,2.298475104973452,2.325647095245052,-0.9310869496123123
19.341907501220703,2.297498111389769,2.3246602893217285,-0.8702513482349127
19.35488748550415,2.2969119152395585,2.3236541391214183,-1.008640300619378
19.36830186843872,2.296325719089349,2.322629306412271,-0.8967436150759924
19.379713535308838,2.2957395229391384,2.321590454439617,-0.990792760670851
19.395915031433105,2.2949579280721917,2.32054031731566,-0.8453592534224763
19.407437562942505,2.2943717319219816,2.3194795937871238,-0.9163387469733795
19.421945571899414,2.293785535771772,2.3184096184745213,-0.7564826983646215
19.434653759002686,2.2930039409048253,2.317332001414114,-0.8196308217144143
19.446871995925903,2.2924177447546152,2.316248855520141,-0.6567142154591474
19.455448150634766,2.2918315486044056,2.315163761081327,-0.7201167105527302
19.467899560928345,2.291049953737459,2.3140812685434122,-0.8357060816862236
19.48942732810974,2.289682162720302,2.313000759031157,-0.9361091734089676
19.503493309020996,2.288509770419882,2.311915288343363,-1.0013123856532218
19.516921520233154,2.287728175552935,2.3108202972503036,-1.0307768777511612
19.53189492225647,2.2865557832525156,2.3097155098989948,-1.306804285609046
19.55523133277893,2.2844063973684117,2.308598099620076,-1.594098093421324
19.570411443710327,2.2830386063512553,2.3074616426198484,-1.535266321734841
19.58376121520996,2.2816708153340985,2.3063033777126476,-1.633775313888053
19.600000143051147,2.2803030243169418,2.305124890496885,-1.4685876600432137
19.61307144165039,2.278935233299785,2.303928120748794,-1.2322522884969864
19.625919818878174,2.2775674422826286,2.302714687450566,-1.0031240449827359
19.63988494873047,2.276004252548735,2.301485909030151,-0.8078133744226914
19.654070377349854,2.2746364615315784,2.300242825256943,-0.65080722926725
19.668010711669922,2.2728778730809482,2.2989862203109586,-0.5281566221204126
19.69160771369934,2.2705330884801085,2.297712047443015,-0.15749587442611263
19.702472686767578,2.268969898746215,2.296413714652282,-0.05154981272301809
19.71110248565674,2.2681883038792683,2.295094865208555,0.22568532579867706
19.732952117919922,2.2656481205616914,2.293759944121546,0.22665428714857672
19.748940229415894,2.263694133394325,2.2924031302188936,0.1357615853468822
19.764044761657715,2.2619355449436944,2.2910210591366376,0.030929902328559078
19.783259868621826,2.2597861590595913,2.289612466780021,0.21719508798267223
19.793349504470825,2.258809165475908,2.288174820293598,0.4591967390192647
19.804871320724487,2.2574413744587516,2.2867124906133296,0.6676548573438046
19.818881273269653,2.2558781847248577,2.285232274892138,0.8176930573652872
19.833843231201172,2.2541195962742275,2.2837354952765967,0.9106004690007079
19.848212480545044,2.2527518052570716,2.282219696770309,1.2325705126157813
19.865082263946533,2.2507978180897044,2.280681109376172,1.2762952096113742
19.87303113937378,2.249820824506021,2.279120597731706,1.2068016700509627
19.890687704086304,2.2478668373386546,2.277542339858762,1.0995740107954173
19.902193307876587,2.2466944450382345,2.2759459682759378,0.9873743321270241
19.921243906021118,2.244545059154131,2.2743284252481546,0.8830431101691636
19.935880184173584,2.2429818694202375,2.272685135478949,0.790471946122075
19.950908184051514,2.2412232809696078,2.2710144095462077,0.7097903785377212
19.965869903564453,2.2394646925189776,2.2693187232462675,0.6397492743129647
19.989877939224243,2.236924509201401,2.2675942286302115,0.8548035774795825
20.006046295166016,2.2349705220340343,2.2658317239485974,0.8345022816161655
20.018894910812378,2.2336027310168776,2.2640295997804882,1.008298061378413
20.03195333480835,2.232234939999721,2.262192750599019,0.9234339649220702
20.046955823898315,2.2306717502658273,2.2603255424512065,0.7603243590709958
20.06312322616577,2.2289131618151976,2.2584311381606734,0.5938866319976384
20.084226846694946,2.2265683772143574,2.2565059388285738,0.45087377845069443
20.099979877471924,2.225005187480464,2.2545420332684074,0.33716569101177346
20.11712384223938,2.223246599029834,2.2525378758564667,0.25045228658087115
20.130688667297363,2.2218788080126775,2.250497394966418,0.18590128948145357
20.145484685897827,2.2201202195620473,2.248425112209865,0.4145588211965849
20.1584050655365,2.218947827261627,2.2463245303363824,0.41317150263107805
20.171427488327026,2.217775434961207,2.2442000004803138,0.33301527477106824
20.19087290763855,2.2156260490771036,2.2420516979504472,0.2387289581143783
20.20625901222229,2.2140628593432106,2.2398734938373486,0.15494240553257263
20.22087335586548,2.2123042708925804,2.2376651056976202,-0.18744144657168366
20.23693084716797,2.210350283725214,2.2354319888347502,-0.5457913998634843
20.253201723098755,2.208396296557847,2.2331767448539397,-0.8346464498138528
20.271039962768555,2.2062469106737437,2.230895258619334,-1.0362259239999465
20.282965898513794,2.204879119656587,2.2285832954844365,-0.8829294919279174
20.291760683059692,2.2039021260729035,2.22624966747281,-0.9099325459099836
20.305001735687256,2.2021435376222733,2.2239099552506207,-0.7029039039152906
20.3279972076416,2.199603354304697,2.2215645314872674,-0.7274560106267758
20.341859102249146,2.197453968420594,2.2192010847157304,-0.8131827460189693
20.355934619903564,2.195499981253227,2.2168159973877066,-0.8925614391695567
20.369919538497925,2.19354599408586,2.214413643244324,-1.2201417334284304
20.394094467163086,2.1900288171846003,2.211990177315668,-1.8267993462124648
20.410037994384766,2.1872932351502867,2.2095348126651158,-2.11009495729947
20.425016164779663,2.18475305183271,2.2070461752635646,-2.2101206982458663
20.4488627910614,2.1804542800645033,2.2045231267883496,-1.929568842169541
20.464848279953003,2.17771869803019,2.201957131357613,-1.8326593860790734
20.487972497940063,2.173419926261983,2.1993410567168064,-1.5152653071295772
20.502917051315308,2.170879742944406,2.1966690228238024,-1.4450352306130374
20.517822742462158,2.16833955962683,2.1939443661705536,-1.1743568949719938
20.531928062438965,2.165799376309253,2.191178215584779,-0.6004324612463162
20.55150556564331,2.1622821994079926,2.1883759583393187,-0.030703236810307122
20.569910764694214,2.1587650225067327,2.1855339665616693,0.42979501643331475
20.58701777458191,2.155638643038946,2.182649517823414,0.4864303289607891
20.59988021850586,2.1534892571548427,2.1797287508023566,0.6724622609286182
20.614896297454834,2.150753675120529,2.176780996096083,0.856744290151223
20.628000259399414,2.148604289236426,2.173814155161798,1.2712066933344128
20.643007040023804,2.146259504635586,2.170834812222271,1.3897464803294421
20.66444969177246,2.1425469290175894,2.1678393860173233,1.3737996676188438
20.677192211151123,2.140202144416749,2.1648156557897416,1.3010924682066283
20.68714141845703,2.1380527585326456,2.1617665001811024,1.2083096825463302
20.705812215805054,2.135707973931806,2.1587032123100016,1.388229930877729
20.720884799957275,2.133167790614229,2.155626368177806,1.3290785901222808
20.73589038848877,2.1310184047301255,2.152536299454715,1.7403127287003184
20.751736879348755,2.1282828226958124,2.1494350787593834,1.6519160331921379
20.763819694519043,2.126133436811709,2.1463242891029632,1.3996105888564294
20.78683114051819,2.1220300637602385,2.1432003318258794,1.1256692347557737
20.801822662353516,2.119489880442662,2.140050276207367,0.8833019441728429
20.822811365127563,2.1155819061079284,2.1368637149585856,0.41051330424463417
20.833133220672607,2.1140187163740354,2.133638697795811,0.22447103144134922
20.843879222869873,2.1124555266401424,2.1303869736814005,0.16341546830760736
20.85805106163025,2.109915343322565,2.127123683905304,0.15224519706320028
20.875702619552612,2.1069843625715152,2.1238492417687262,0.15743339897881686
20.88589334487915,2.1052257741208855,2.120562392176511,-0.11102428957839722
20.907426595687866,2.1013177997861514,2.1172628938624203,-0.1392183428884121
20.92291235923767,2.0985822177518383,2.113939222977521,-0.35905837508393396
20.942242860794067,2.0948696421338417,2.110581472133733,-0.3184917461837329
20.955707550048828,2.092329458816265,2.1071869178379448,-0.4739982906262375
20.967825651168823,2.089984674215425,2.103760018088555,-0.6574061739535071
20.98192858695984,2.0874444908978482,2.1003116945349074,-0.807061916482028
21.00131916999817,2.0837319152798512,2.096841055853258,-0.907730135595179
21.015923738479614,2.081191731962275,2.093336351770664,-0.9626046489099579
21.02989387512207,2.0786515486446984,2.0897957307739454,-0.7047178159621983
21.044899463653564,2.075720567893648,2.086226205353774,-0.38666371398644317
21.05888295173645,2.0731803845760712,2.082633756366282,0.17101229348742208
21.073867321014404,2.0706402012584944,2.0790234250966777,0.6978359655898433
21.09688401222229,2.066732226923761,2.075387930008988,1.1062546564160747
21.11180830001831,2.0641920436061842,2.0717096113093763,1.385672336137413
21.12787103652954,2.061651860288608,2.0679851629531454,1.8298726227809674
21.14060091972351,2.059697873121241,2.0642235419647825,1.944738023239125
21.155802249908447,2.0573530885204008,2.06043256003836,2.1844346676583655
21.168952465057373,2.0552037026362977,2.056618963271181,2.1165330345028135
21.18512725830078,2.052663519318721,2.05278586993009,1.9370876698537332
21.204964876174927,2.0499279372844073,2.048923959556348,1.732574790908807
21.21983313560486,2.048169348833777,2.045018723528248,1.538056721869227
21.232884407043457,2.0464107603831474,2.0410700346286004,1.365258734074263
21.2468101978302,2.0444567732157806,2.037087339108436,1.2159031253122472
21.262800931930542,2.0426981847651504,2.0330787795413667,1.363921050438515
21.279533863067627,2.0403534001643107,2.0290485275780625,1.011126075740215
21.297054529190063,2.0378132168467338,2.024988979706129,0.828005239260901
21.312804698944092,2.0350776348124207,2.020886680885392,0.17229965199063996
21.328802585601807,2.0319512553446337,2.016739999128148,-1.065138478634188
21.340802907943726,2.0298018694605307,2.0125574260817185,-1.9659612219781588
21.355877161026,2.026480091276007,2.0083476284093584,-3.9438377531120317
21.373422384262085,2.022572116941274,2.004114531769271,-5.0
21.390052795410156,2.01807794645633,1.9998545600723363,-5.0
21.402179718017578,2.014756168271807,1.9955650219963441,-5.0
21.41975975036621,2.0094804029199165,1.991243884325569,-5.0
21.432955265045166,2.0053770298684466,1.9868853405085503,-5.0
21.448968410491943,2.0001012645165566,1.9824909082817417,-5.0
21.46387243270874,1.9952162965981397,1.9780688215985684,-5.0
21.488879680633545,1.9862279556282532,1.9736121524720363,-5.0
21.50217604637146,1.9811475889930996,1.9691011507292582,-5.0
21.51677107810974,1.9756764249244727,1.9645330957064473,-5.0
21.531874179840088,1.969619064705636,1.9599198067160113,-4.774104347994227
21.545888423919678,1.9639525019202726,1.9552714951628112,-4.073221532638845
21.55880904197693,1.9586767365683826,1.9505968850931787,-2.7516052078533173
21.57409119606018,1.952423977632809,1.9459027984684298,-1.1721621725676497
21.586941957473755,1.9477344084311288,1.941194898925571,0.2042728328656087
21.60255527496338,1.941872446929029,1.9364767032898509,1.803442047017009
21.623804330825806,1.9348380931265086,1.9317362160353282,3.97696330015883
21.63880205154419,1.929953125208092,1.9269522016221783,5.0
21.652771472930908,1.9256543534398853,1.9221215188307554,5.0
21.668766975402832,1.9209647842382052,1.9172543017827746,5.0
21.688645124435425,1.915102822736105,1.91234922535201,5.0
21.70575714111328,1.9106086522511616,1.907390211427287,5.0
21.720956325531006,1.9065052791996915,1.9023690369918078,5.0
21.739943265914917,1.9016203112812748,1.8972859305258971,5.0
21.75516986846924,1.8975169382298047,1.8921348780225005,5.0
21.77186369895935,1.8934135651783346,1.8869132316658923,5.0
21.787880182266235,1.889700989560338,1.8816280985199982,5.0
21.810604333877563,1.8844252242084478,1.8762778635776658,4.970362683548222
21.826855659484863,1.8811034460239244,1.8708502357180985,4.652353342593781
21.842779636383057,1.8775862691226646,1.8653512588667411,4.246081744419737
21.85590124130249,1.8748506870883508,1.8598024119536303,3.2855516027836003
21.87857699394226,1.8695749217364608,1.8542076127184879,2.289624317830184
21.891154050827026,1.8662531435519374,1.848560928767936,0.8919731256984078
21.9004168510437,1.8637129602343607,1.8428855360299194,-0.9322598349054998
21.91377592086792,1.8598049858996273,1.8372216035969477,-3.088137463781235
21.935770750045776,1.8531614295305805,1.8315786501109448,-5.0
21.950756072998047,1.8478856641786905,1.8259396175540685,-5.0
21.97492289543152,1.8388973232088037,1.820287311222425,-5.0
21.989743947982788,1.8328399629899665,1.8146073096619109,-5.0
22.001908779144287,1.8277595963548137,1.8089025746366525,-5.0
22.016765594482422,1.8217022361359765,1.8031906789170515,-5.0
22.040347814559937,1.8119323002991432,1.7974716457865616,-5.0
22.05681610107422,1.8048979464966233,1.7917299398534903,-5.0
22.072821378707886,1.7982543901275763,1.785966287295407,-4.827896605339452
22.088552713394165,1.7918062324752662,1.7801916854531452,-3.526826193647646
22.09877896308899,1.7871166632735858,1.7744156798423438,-2.0671098663695036
22.122759342193604,1.776565132569806,1.7686391984584944,-0.5328119783802678
22.135600328445435,1.771093968501179,1.7628470504092184,0.4643399575018735
22.15175700187683,1.7644504121321325,1.7570371556107887,1.645576668855272
22.165749311447144,1.7587838493467687,1.7512221397221686,2.3658684230482603
22.181742668151855,1.7527264891279322,1.74541230735196,3.3245667660198146
22.203763246536255,1.7443243443082552,1.7395999621006888,4.414022903899831
22.217744827270508,1.739048578956365,1.733761703893414,5.0
22.23375105857849,1.7337728136044748,1.7278943068911965,5.0
22.246746301651,1.7294740418362682,1.7220179668600077,5.0
22.26351761817932,1.7236120803341684,1.7161486282838865,5.0
22.284507989883423,1.7169685239651216,1.710270885495949,5.0
22.300748109817505,1.712474353480178,1.704357917694519,5.0
22.315741539001465,1.7081755817119713,1.6984104932317274,5.0
22.33755135536194,1.702313620209871,1.6924290539550313,5.0
22.353922367095947,1.6974286522914546,1.6863985164132316,4.880165783019356
22.3677978515625,1.6931298805232475,1.6803235005637895,3.949730607232034
22.386434078216553,1.6870725203044108,1.6742186663130871,2.335591119464312
22.39781379699707,1.6835553434031507,1.6680971368301594,0.7799582524812599
22.4218111038208,1.6751531985834738,1.6619678067129038,-2.1268548949841906
22.436732053756714,1.669291237081374,1.6558229571666387,-4.6148929763280835
22.453370332717896,1.6630384781458003,1.649661980761679,-5.0
22.466343879699707,1.6583489089441203,1.6434972831098735,-5.0
22.477922439575195,1.6538547384591769,1.637347757791779,-5.0
22.492265939712524,1.6479927769570768,1.631235764878508,-5.0
22.50569486618042,1.64252161288845,1.625173661071156,-5.0
22.526592254638672,1.6337286706352998,1.6191538864779402,-5.0
22.54181146621704,1.6268897155495166,1.6131589823947663,-4.527701864757983
22.55773115158081,1.6202461591804695,1.6071887675817131,-3.803281463918648
22.573508501052856,1.6134072040946863,1.6012530809144285,-2.8136398324708005
22.58474349975586,1.6087176348930061,1.595359850106442,-1.6168268370736796
22.60070538520813,1.6018786798072226,1.5895186228007592,-0.5612972095655911
22.61173725128174,1.5973845093222792,1.5837367787354515,0.25492411077060234
22.626839876174927,1.5913271491034424,1.5780197279951593,0.8359470160042587
22.63875961303711,1.5860513837515526,1.5723711135870715,1.2208103153884662
22.653728723526,1.5794078273825054,1.5667941456891725,1.4547364710214565
22.67565417289734,1.5704194864126186,1.5612750836664833,1.5781580591440818
22.689882278442383,1.5645575249105188,1.5557842902598698,1.623609178075288
22.70570182800293,1.557913968541472,1.5503115090040651,1.8918731428717386
22.720690965652466,1.5516612096058984,1.5448630697910892,1.8821718533323053
22.743733167648315,1.5420866724858016,1.5394284679211387,1.762222934669235
22.757725477218628,1.5366155084171749,1.5339831696823394,2.1604946181157416
22.773765087127686,1.5307535469150746,1.528522131484416,2.9000741398478875
22.786789894104004,1.5260639777133946,1.5230569382392856,3.5742337867008427
22.801796197891235,1.5205928136447677,1.5175976922057572,5.0
22.817618131637573,1.5153170482928777,1.5121498465737049,5.0
22.83228039741516,1.5110182765246711,1.5067116593668723,5.0
22.845378637313843,1.5065241060397276,1.501282728129207,5.0
22.86465334892273,1.5024207329882575,1.4958619125104908,5.0
22.88071084022522,1.4977311637865773,1.490443141128766,5.0
22.90187168121338,1.4924553984346873,1.4850209469336824,5.0
22.91112470626831,1.4905014112673207,1.4795976814579945,5.0
22.93152952194214,1.4856164433489039,1.4741812537521475,4.491855129287673
22.946683406829834,1.4820992664476438,1.468770861841763,3.7404965178300236
22.960867404937744,1.4781912921129103,1.4633721232306762,2.7326569001367464
22.975674629211426,1.4738925203447035,1.4580015624768414,0.6967746042808993
22.990758180618286,1.469593748576497,1.4526715647869324,-1.5677194526607505
23.012852907180786,1.4625593947739768,1.4473802227387849,-3.456759992421147
23.025225162506104,1.4588468191559802,1.442116420464843,-5.0
23.03797459602356,1.45474344610451,1.436885932869815,-5.0
23.052969455718994,1.4496630794693566,1.4317025854250345,-5.0
23.06519889831543,1.4453643077011498,1.4265759250820764,-5.0
23.07295846939087,1.4422379282333628,1.4215265842755036,-5.0
23.093351125717163,1.4344219795638962,1.416568052624641,-5.0
23.10140633583069,1.4309048026626363,1.4116994092558146,-5.0
23.122708797454834,1.422111860409486,1.4069214678261655,-5.0
23.13570785522461,1.416836095057596,1.4022226036815033,-5.0
23.14977478981018,1.4111695322722326,1.3975919406983985,-4.982461310598769
23.164762496948242,1.4047213746199223,1.393030538146277,-5.0
23.18802046775818,1.3953422362165622,1.388526170666093,-4.1325120833685505
23.203696966171265,1.3886986798475154,1.3840555055619823,-3.2635203527569487
23.21769881248474,1.3828367183454155,1.3796104109171676,-2.243952218948153
23.231852293014526,1.3767793581265784,1.3751957416715985,-0.7906122827488482
23.246679306030273,1.3713081940579517,1.3708151473088748,0.5357549333353612
23.26068902015686,1.3662278274227981,1.366471224798154,2.1148748226438374
23.27369260787964,1.3617336569378549,1.3621656624636613,4.002046515247598
23.29472255706787,1.3543085057018613,1.3578903064921328,5.0
23.303487300872803,1.3513775249508115,1.3536355954267165,5.0
23.323902368545532,1.3453201647319744,1.3493990646584746,5.0
23.33680248260498,1.3414121903972414,1.3451706816215019,5.0
23.345134973526,1.3390674057964012,1.3409545435152819,5.0
23.363676071166992,1.3341824378779843,1.3367639027689449,5.0
23.37910485267639,1.3304698622599875,1.3325905395281865,5.0
23.39374041557312,1.3263664892085176,1.328427225165488,5.0
23.404982566833496,1.323630907174204,1.3242771768334787,4.755989738038491
23.41967248916626,1.3199183315562075,1.3201428604003915,4.555155619945498
23.43466544151306,1.3164011546549474,1.316026059835659,4.075682475497812
23.449663162231445,1.3134701739038972,1.3119279442277458,3.824717631981729
23.46369433403015,1.3107345918695839,1.3078491314784515,3.6491191700498673
23.48484778404236,1.306435820101377,1.3037772296613168,3.487362960714548
23.494495391845703,1.3046772316507471,1.2996949956455133,2.7668725616031464
23.50467300415039,1.302918643200117,1.295612836591269,1.9701604584757204
23.527116775512695,1.298815270148647,1.2915396923297784,1.5526767004263742
23.541661024093628,1.296079688114334,1.2874575273958564,1.5940326227951074
23.55899143218994,1.2933441060800202,1.283355588589045,1.4801105458561792
23.572683095932007,1.2911947201959169,1.279237396288907,0.7679961018508963
23.59573531150818,1.2874821445779203,1.2750956779763163,0.26538786646773005
23.611736536026,1.2843557651101334,1.2709111733742113,-1.1816018981286125
23.634673833847046,1.27986159462519,1.2666659717694273,-2.6435752370807855
23.650683641433716,1.2761490190071934,1.2623449219034453,-5.0
23.666679859161377,1.2720456459557232,1.2579489204861924,-5.0
23.689749240875244,1.2657928870201498,1.2534787791169097,-5.0
23.704686641693115,1.261494115251943,1.248921890715299,-5.0
23.727721214294434,1.254459761449423,1.2442676868154765,-5.0
23.736268997192383,1.2517241794151095,1.2395205723133074,-5.0
23.756880283355713,1.2452760217627994,1.2346987957932534,-5.0
23.771739721298218,1.2405864525611194,1.2298058797228422,-5.0
23.78576111793518,1.235506085925966,1.2248451859757414,-5.0
23.800734758377075,1.2298395231406025,1.2198330346936326,-5.0
23.823601245880127,1.2216327770376625,1.2147683115354577,-4.943627957370281
23.839674949645996,1.2153800181020888,1.2096350305394055,-4.401592199243961
23.853652000427246,1.209908854033462,1.2044347502923287,-3.753340412380755
23.868648767471313,1.2042422912480988,1.1991840052680043,-2.596938099462397
23.889909744262695,1.1974033361623153,1.1938824413004778,-0.9133877800578389
23.905680894851685,1.1927137669606351,1.1885142073606072,1.1830670094664792
23.919649124145508,1.1884149951924285,1.1830794866228145,3.2759921839248043
23.933680534362793,1.1843116221409582,1.1775945178600036,4.930813132977702
23.948625802993774,1.1800128503727516,1.172074587270647,5.0
23.970784664154053,1.1743462875873882,1.1665168748971793,5.0
23.98189353942871,1.171415306836338,1.1609086619463107,5.0
23.9930260181427,1.1686797248020246,1.1552646183860158,5.0
24.011590480804443,1.1641855543170812,1.1496028738801558,5.0
24.02661919593811,1.160277579982348,1.1439211763705244,5.0
24.04179883003235,1.1563696056476145,1.1382232276116,4.465677621876893
24.055811643600464,1.152461631312881,1.1325212936731168,3.0043575317412436
24.069836378097534,1.1479674608279375,1.1268258350518299,1.2101043454037836
24.082701921463013,1.1440594864932043,1.1211456597386986,-0.6410048043300687
24.105371952056885,1.1364389365404741,1.1154744844018833,-3.255172216890902
24.11312484741211,1.1340941519396341,1.1098028060811462,-4.751175436056793
24.124670267105103,1.1297953801714273,1.104149833318302,-5.0
24.146546602249146,1.1217840327852238,1.0985239946975611,-5.0
24.162696599960327,1.1153358751329137,1.0929026548927956,-5.0
24.17670512199402,1.109864711064287,1.08727847155203,-5.0
24.200775623321533,1.09970397779398,1.081646553809964,-5.0
24.216236114501953,1.0930604214249333,1.0759870445642576,-5.0
24.23160457611084,1.08680766248936,1.0702970357053805,-4.698288583445478
24.244632720947266,1.0813364984207332,1.0645903031319492,-3.519938618066572
24.2586190700531,1.075474536918633,1.0588798311714707,-2.2409582699714417
24.281583786010742,1.0657046010817994,1.0531611716839144,-1.1456897055400057
24.290535926818848,1.0619920254638027,1.0474269808052763,-0.027890726545235833
24.308512210845947,1.0545668742278094,1.0416875441562339,0.8851159286484982
24.3244366645813,1.0479233178587624,1.0359423612811565,1.548086799947742
24.33864164352417,1.0420613563566625,1.030187799506351,1.9860046416867903
24.35364580154419,1.0356131987043522,1.0244330525673326,2.520457321955444
24.369615077972412,1.0283834461850954,1.0186873280820605,2.402126003758673
24.390713930130005,1.0199813013654186,1.0129412579897041,2.3432940361470687
24.406655311584473,1.0135331437131085,1.0071697543835312,2.5627177645150594
24.41715693473816,1.008648175794692,1.0013710627681056,2.2472199860669253
24.433690071105957,1.002590815575855,0.9955601489535741,2.6205704995323775
24.44762921333313,0.9977058476574382,0.9897431197874661,3.1133467194412727
24.461776733398438,0.9928208797390216,0.9839247856993403,3.5135903744088868
24.47562313079834,0.9879359118206047,0.978111946660264,4.869982603243468
24.488622665405273,0.9836371400523979,0.9723098860583641,5.0
24.504595041275024,0.9779705772670346,0.966522563881703,5.0
24.524956226348877,0.9709362234645145,0.9607351948860487,5.0
24.539678812026978,0.9658558568293609,0.9549173214553102,4.507033020782733
24.552684545516968,0.9615570850611541,0.9490608485258093,3.363083713389779
24.566216945648193,0.9568675158594742,0.9431768185532531,1.634434740810945
24.581427812576294,0.9512009530741107,0.9372754725710238,0.02634256394249579
24.605348825454712,0.9422126121042239,0.9313498484139962,-1.7897856412269837
24.621668577194214,0.9357644544519137,0.9253752859173284,-3.030321301153717
24.636672496795654,0.9300978916665504,0.9193453966276239,-3.537412170833696
24.648690700531006,0.9252129237481336,0.9132739610068884,-3.945575966443693
24.663650274276733,0.91896016481256,0.9071752243786754,-3.6449104920825954
24.686305284500122,0.91016722255941,0.9010440780051672,-3.4054278666930458
24.701672077178955,0.9039144636238364,0.8948591753966896,-2.91424432341739
24.71667790412903,0.8978571034049997,0.8886210092386779,-2.6764053856024095
24.730674505233765,0.8919951419028997,0.8823485272889448,-1.9811392249460782
24.75373935699463,0.8826160034995394,0.8760410831922543,-1.7989851177175589
24.768641710281372,0.8763632445639661,0.8696834944871608,-0.9669594716174863
24.782034158706665,0.8708920804953393,0.8632813626231021,-0.3481949087791101
24.79561734199524,0.8658117138601857,0.8568539389681121,0.08851265721506696
24.81161904335022,0.8605359485082957,0.8504182202054001,2.038791438872053
24.826607704162598,0.8558463793066157,0.8439910159363639,2.977268247476363
24.848297119140625,0.848421228070622,0.8375702471576608,4.4800604468679674
24.863678455352783,0.8433408614354688,0.8311380238550935,5.0
24.87656283378601,0.8386512922337885,0.8246966919555945,4.659132074877402
24.890641689300537,0.8331801281651618,0.8182655704109756,3.3219256530432566
24.906612873077393,0.8271227679463251,0.8118613445254237,1.8781043475799843
24.93028163909912,0.817743629542965,0.8054823471947752,-0.17637323358094315
24.94458293914795,0.8122724654743383,0.7991115212509621,-1.482938196935454
24.960566759109497,0.8060197065387646,0.7927509314887122,-2.2826326959556864
24.983179330825806,0.7970313655688779,0.7864031766405595,-3.015819717973765
24.99837303161621,0.7911694040667778,0.7800553329871425,-3.2760576019192875
25.012571811676025,0.7851120438479411,0.7737125523349568,-3.0192096145541125
25.028645992279053,0.7784684874788942,0.7673950880536384,-2.608430578851687
25.04416561126709,0.7726065259767941,0.7611189991512292,-1.918794235743128
25.05708384513855,0.7671353619081673,0.7548960359252047,-1.5234095736901425
25.076910495758057,0.7593194132387007,0.7487248559849089,-1.00357776416423
25.086294412612915,0.7556068376207038,0.7426035083217402,-0.5303990837920011
25.10104727745056,0.7495494774018672,0.736549873274833,-0.15578187127249743
25.119759798049927,0.741928927449137,0.7305699878924622,0.11779066067507207
25.134583711624146,0.7358715672303001,0.7246515716187332,0.3054345364802734
25.148002862930298,0.7302050044449367,0.7187946990031701,0.4260918341669135
25.162649154663086,0.7239522455093631,0.7130081908860533,0.49714146512886315
25.176612615585327,0.7180902840072632,0.7072989301687408,0.5327522999411681
25.2001051902771,0.7087111456039029,0.7016579963238613,0.2677543965009661
25.21476697921753,0.7030445828185395,0.6960632831843597,0.5051737475964804
25.228334665298462,0.6977688174666494,0.6905100126325102,0.5771613332945662
25.241581916809082,0.692688450831496,0.6850080308755988,0.8513146729309922
25.25662112236023,0.6876080841963426,0.6795652697477047,1.956375553765713
25.28034543991089,0.6801829329603492,0.6741742636022792,4.199704027577106
25.295571088790894,0.6752979650419323,0.6688146755707077,5.0
25.310550689697266,0.6711945919904623,0.6634829346974828,5.0
25.324564695358276,0.6672866176557288,0.6581896292340453,5.0
25.33955478668213,0.6635740420377321,0.6529434562804923,5.0
25.36256217956543,0.6581028779691054,0.6477381066755663,5.0
25.37671732902527,0.6547810997845819,0.6425547375662147,5.0
25.391542434692383,0.6510685241665852,0.6373908281591705,4.260137627900909
25.415430307388306,0.6446203665142752,0.6322446494369355,2.330718288079932
25.430622339248657,0.6403215947460684,0.6271019096631751,0.08084430008281984
25.446526527404785,0.6356320255443884,0.6219639899503978,-2.3977868778658715
25.469826221466064,0.6282068743083947,0.6168328501292492,-4.1743261449556845
25.48428177833557,0.6237127038234513,0.6116979741522418,-5.0
25.498635053634644,0.6192185333385081,0.6065637884658924,-5.0
25.513550519943237,0.6143335654200912,0.6014472211263379,-5.0
25.536492824554443,0.6065176167506244,0.5963517638572714,-5.0
25.550795793533325,0.6018280475489444,0.5912687710202681,-5.0
25.565560340881348,0.5967476809137909,0.5862017888776341,-5.0
25.57910418510437,0.5922535104288476,0.5811662641615863,-4.770117343445588
25.593261003494263,0.5869777450769574,0.5761762708037733,-4.422321365095085
25.607561349868774,0.581897378441804,0.5712436459227896,-4.3256090363103485
25.62749981880188,0.5742768284890738,0.5663724089552392,-4.000175317040521
25.642886638641357,0.5686102657037104,0.5615583335566535,-3.338885253212608
25.651546955108643,0.5658746836693971,0.5568090897924558,-2.3789895758470356
25.672991514205933,0.5584495324334036,0.5521346674005059,-1.4767751947116121
25.68862509727478,0.5531737670815134,0.547526578396876,-0.4707952613627853
25.703625440597534,0.5482887991630967,0.5429808500955952,1.2112256146347604
25.718626499176025,0.5437946286781532,0.5385046005718663,2.224736280992824
25.735231399536133,0.5389096607597365,0.5340981100593305,3.0797611575455965
25.748870372772217,0.5351970851417398,0.5297559840387948,3.6843417493455495
25.758544445037842,0.5328523005408997,0.5254839475079269,4.601273587378332
25.77479839324951,0.5289443262061664,0.5212948031021027,5.0
25.795605421066284,0.5240593582877495,0.5171842388690614,5.0
25.812055110931396,0.5203467826697529,0.51313790943241,5.0
25.825591802597046,0.5176112006354395,0.5091536372454034,5.0
25.84954571723938,0.5135078275839694,0.5052295751072691,5.0
25.863045692443848,0.5115538404166027,0.5013563988419393,5.0
25.87770128250122,0.5092090558157627,0.49753542742542434,5.0
25.891523599624634,0.507255068648396,0.49377707857111625,4.925500119646562
25.908971786499023,0.5045194866140825,0.490088655043591,3.5951290447625452
25.921531915664673,0.5025654994467159,0.48647679435894575,2.069996400930412
25.93567442893982,0.4998299174124025,0.48295088145240594,0.1950090580565913
25.955907583236694,0.49572654436093233,0.479513655653047,-1.7147623711380138
25.97019648551941,0.4926001648931457,0.4761616813412116,-3.528338915805957
25.985528230667114,0.48927838670862234,0.4728982892768268,-5.0
25.99853277206421,0.4863474059575722,0.4697318325724083,-5.0
26.011563301086426,0.4832210264897855,0.4666696271995054,-5.0
26.02560520172119,0.47970384958852547,0.46371777191396635,-5.0
26.04050612449646,0.47599127397052876,0.46088121122194936,-5.0
26.055521965026855,0.47169250220232195,0.4581637995877139,-5.0
26.076457500457764,0.4656351419834852,0.4555654961612664,-5.0
26.091687202453613,0.4611409714985418,0.4530830417526847,-5.0
26.10654592514038,0.45684219973033496,0.4507164045155108,-5.0
26.12052321434021,0.45273882667886495,0.44846817192947347,-4.8339736823924255
26.134521961212158,0.44902625106086824,0.44633993383903064,-3.7012634337539914
26.14960479736328,0.44550907415960816,0.4443322504548613,-1.8760040260024833
26.171496868133545,0.4406241062411914,0.44244316305223685,0.4000456911799888
26.187681436538696,0.437302328056668,0.440668608372346,2.660038253119109
26.203606843948364,0.43398054987214457,0.43900598810918356,5.0
26.22760558128357,0.4298771768206745,0.43745259304073103,5.0
26.241552352905273,0.42792318965330783,0.43600389206879486,5.0
26.262845754623413,0.42499220890225775,0.4346555130931241,5.0
26.271524667739868,0.42401521531857445,0.4334038592012262,5.0
26.28820300102234,0.42225662686794435,0.43224567154628574,5.0
26.299168348312378,0.4212796332842611,0.43117669288155025,5.0
26.3106107711792,0.420107240983841,0.43019216053947673,4.657756222615875
26.324602842330933,0.41893484868342096,0.42928707798962124,3.9952605750847985
26.33653736114502,0.41815325381647434,0.42845538616236206,3.3075748714962865
26.349529504776,0.4173716589495276,0.4276904058909905,2.7027473550811854
26.364578008651733,0.4165900640825809,0.4269851493749529,2.4831227944725107
26.38468098640442,0.4158084692156343,0.42633111005132956,2.9515414979728076
26.393473863601685,0.4156130704988976,0.425719850666591,2.965015361518091
26.417577266693115,0.4150268743486876,0.42514322959470835,3.069895127864738
26.43819546699524,0.41483147563195094,0.42458925300551964,2.595364978415797
26.451720714569092,0.41463607691521426,0.42404583972541265,1.7172428250563552
26.461569786071777,0.41463607691521426,0.4235069868369455,0.5793619819966077
26.4748113155365,0.41463607691521426,0.422970277472302,-0.1568777830705132
26.497514009475708,0.4144406781984775,0.4224279257286661,-0.6220210322644163
26.512584924697876,0.4144406781984775,0.4218671735676997,-1.1800680932918513
26.529289960861206,0.4144406781984775,0.42127921201933777,-1.9238787826936101
26.540655612945557,0.4144406781984775,0.42065946783021885,-2.563094784053243
26.55353832244873,0.4144406781984775,0.42000485871968063,-2.740384758517666
26.568590879440308,0.4144406781984775,0.41931238962762407,-2.978403199750068
26.584639072418213,0.4144406781984775,0.41857674476547535,-3.1550118650506
26.5965678691864,0.41424527948174095,0.41779314419401303,-3.240430793713359
26.61870265007019,0.41424527948174095,0.4169555769519363,-3.241371861208274
26.634601354599,0.41424527948174095,0.41605323195091376,-3.176035792248607
26.648662328720093,0.41424527948174095,0.4150801912881212,-3.0636599089459158
26.661593675613403,0.41424527948174095,0.4140368100412308,-2.920724704344935
26.677554845809937,0.4140498807650042,0.412923568303734,-2.7600583907079566
26.69688892364502,0.4140498807650042,0.41173581395912534,-2.591088558863909
26.70729970932007,0.4140498807650042,0.41046649927724865,-2.4204561995011926
26.7224223613739,0.4140498807650042,0.40911638695339875,-2.2526631801623624
26.739221811294556,0.4140498807650042,0.4076865491052555,-2.0906331438236547
26.747511863708496,0.4140498807650042,0.40618160576906925,-1.936156897189457
26.768548011779785,0.4140498807650042,0.4046092332972365,-1.7902295749343382
26.783679246902466,0.4140498807650042,0.4029650306134414,-1.6532984426585422
26.802021503448486,0.4138544820482676,0.4012422166229107,-1.5254414173765851
26.81615972518921,0.4134636846147942,0.3994388681115728,-1.6825321520203784
26.83361506462097,0.4128774884645843,0.39755459074910077,-2.15737679963238
26.84863305091858,0.41209589359763754,0.3955909642626182,-2.618429202578275
26.8625168800354,0.41131429873069086,0.39355400012603264,-3.2320577554297047
26.877498865127563,0.4103373051470075,0.3914532063366652,-4.567556789479832
26.89556121826172,0.4087741154131142,0.389295570808377,-4.998827541496617
26.905476808547974,0.4077971218294308,0.3870882038570577,-5.0
26.920490264892578,0.40603853337880075,0.3848428195013375,-4.692718713772903
26.94005012512207,0.4036937487779607,0.38256540377190384,-4.940458454786953
26.95647668838501,0.40154436289385737,0.38025392677797437,-4.9845205546438605
26.972480535507202,0.39939497700975396,0.3779122437238177,-5.0
26.98646855354309,0.3974409898423873,0.37555126539910233,-4.83918004395191
27.000548124313354,0.3950962052415472,0.3731825268723261,-4.858357432842357
27.01679825782776,0.3923606232072338,0.37081594312580807,-4.045434894683663
27.029076099395752,0.3902112373231304,0.36845982981746844,-3.346524603207784
27.041775465011597,0.3876710540055538,0.3661232389892348,-2.500922555627008
27.053560495376587,0.38532626940471365,0.3638166288437513,-2.014777440631969
27.070026636123657,0.3818090925034536,0.36154913303108877,-1.9886060601696807
27.08144736289978,0.3794643079026136,0.35932793470610447,-2.091655511792749
27.098942279815674,0.37555633356788015,0.3571591443323418,-1.6395580900400295
27.109471321105957,0.3732115489670402,0.35504820451620944,-1.0749271881128686
27.128973960876465,0.3685219797653601,0.3529990827008607,-0.5684412506783176
27.138132095336914,0.36637259388125676,0.3510147225927338,-0.1700890249148035
27.15580177307129,0.36207382211305,0.34909927964905835,0.11979829109450613
27.163857221603394,0.3601198349456833,0.34725704156879256,0.3182437366280866
27.185147047042847,0.35503946831052985,0.34549088725350907,0.7217597000562287
27.19581389427185,0.35210848755947977,0.3438014092853345,1.105979220794431
27.20440435409546,0.34995910167537636,0.34219067817153287,1.3977118273966593
27.224838733673096,0.345464931190433,0.34066123451639224,1.8635002701426018
27.237043380737305,0.34272934915611963,0.3392123417304808,2.5505112444420543
27.24660015106201,0.3411661594222262,0.3378444552597725,3.6996943732089056
27.260741472244263,0.3388213748213862,0.3365589616216058,5.0
27.271425485610962,0.3372581850874929,0.33535521246998135,5.0
27.292689085006714,0.3347180017699161,0.33423070171381736,5.0
27.305869340896606,0.33335021075275945,0.3331815915615337,5.0
27.319342136383057,0.3319824197356028,0.33220483917406307,5.0
27.334510803222656,0.33081002743518273,0.3312984049152596,5.0
27.349510192871094,0.32983303385149937,0.3304599473668423,5.0
27.36713194847107,0.3290514389845527,0.3296866819531201,5.0
27.377450942993164,0.3286606415510793,0.3289756504859508,5.0
27.396968841552734,0.3280744454008694,0.3283239226606958,5.0
27.41355800628662,0.32787904668413265,0.3277279583452191,5.0
27.4285306930542,0.32787904668413265,0.3271840178725795,4.619697537966758
27.44351625442505,0.32768364796739596,0.32668898711532207,4.386332200155062
27.459507703781128,0.32768364796739596,0.32624004211124563,3.0878306054103515
27.47251319885254,0.32787904668413265,0.32583431953324826,2.2080931910271078
27.496533632278442,0.32768364796739596,0.3254686356330759,1.0517741138034122
27.510517120361328,0.32787904668413265,0.32513958959601613,-0.2625632832267265
27.525540590286255,0.32787904668413265,0.3248442810798975,-1.3749077144000932
27.548316717147827,0.32787904668413265,0.324580002944646,-2.1943660760718497
27.563578605651855,0.32768364796739596,0.324343919743208,-2.737485641733577
27.57601261138916,0.32787904668413265,0.3241336059098715,-3.0555815699035476
27.583853721618652,0.32768364796739596,0.32394717341454,-3.2041146816100428
27.596578121185303,0.32768364796739596,0.3237829096432921,-3.2313778990117443
27.616484880447388,0.32768364796739596,0.3236387679684955,-3.1756356643528294
27.631582975387573,0.32768364796739596,0.32351253583679873,-3.0656490707433686
27.646498203277588,0.32787904668413265,0.32340234103331206,-2.9223054574886933
27.66050696372986,0.32768364796739596,0.3233065744444253,-2.760388504936797
27.68407106399536,0.32787904668413265,0.3232236301859877,-2.5901304960568066
27.698607921600342,0.32768364796739596,0.3231519245715384,-2.418454122773685
27.713430166244507,0.32768364796739596,0.3230901220546015,-2.2499180976032687
27.729591369628906,0.32787904668413265,0.3230371164665259,-2.087416092136281
27.7456316947937,0.32768364796739596,0.32299187014000663,-1.9326834289468944
27.76535701751709,0.32787904668413265,0.32295336296782556,-1.7866594988295117
27.773581504821777,0.32768364796739596,0.32292071575141695,-1.6497444134976638
27.79650068283081,0.32768364796739596,0.3228931932668013,-1.521979309437836
27.811486959457397,0.32768364796739596,0.32287002658156244,-1.4031721174057132
27.83228349685669,0.32768364796739596,0.32285043878302183,-1.2929846741237445
27.84730863571167,0.32787904668413265,0.32283370975263537,-1.1909925880734162
27.863525867462158,0.32787904668413265,0.3228192404376055,-1.0967259923443569
27.879790782928467,0.32768364796739596,0.322806521583568,-1.0096969457791374
27.890440464019775,0.32768364796739596,0.3227950720257839,-0.9294175455427143
27.913557767868042,0.32768364796739596,0.322784359019447,-0.8554116069225695
27.928492069244385,0.32768364796739596,0.32277376817381753,-0.787221911997625
27.943495273590088,0.32787904668413265,0.32276282462532263,-0.7244144266343046
27.965405225753784,0.32768364796739596,0.32275109028361143,-0.6665804618492439
27.98245644569397,0.32768364796739596,0.32273801847939604,-0.6133374584573548
27.997488260269165,0.32787904668413265,0.32272319828292306,-0.5643288657770367
28.012906312942505,0.32787904668413265,0.3227064036890179,-0.5192234395657811
28.025463819503784,0.32787904668413265,0.32268747991575736,-0.47771418266291327
28.037471294403076,0.32768364796739596,0.322666333414572,-0.43951708089693575
28.053462266921997,0.32768364796739596,0.32264290859665123,-0.404369737449809
28.075883150100708,0.32787904668413265,0.3226170288592747,-0.3720299745869088
28.085920333862305,0.32787904668413265,0.32258850560982977,-0.34227444792103795
28.097130060195923,0.32768364796739596,0.3225575222625627,-0.31489730200207317
28.11636972427368,0.32768364796739596,0.32252442669062265,-0.28970888478419055
28.132460832595825,0.32787904668413265,0.322489496432458,-0.2665345308620442
28.148465394973755,0.32768364796739596,0.32245316461274126,-0.24521341819598813
28.172532320022583,0.32768364796739596,0.32241611484249205,-0.2255974996025918
28.196472644805908,0.32768364796739596,0.3223794054752455,-0.2075505080381059
28.21140742301941,0.32768364796739596,0.3223443827497183,-0.19094703327772455
28.226402759552002,0.32787904668413265,0.32231228911865634,-0.1756716667334047
28.242395639419556,0.32787904668413265,0.3222842360560442,-0.16161821067727627
28.26042604446411,0.32768364796739596,0.3222615674910593,-0.1486889479208826
28.271517992019653,0.32787904668413265,0.322245643529072,-0.1367939679556678
28.28598165512085,0.32787904668413265,0.32223737124895624,-0.12585054562713538
28.30013918876648,0.32787904668413265,0.32223766067840137,-0.11578256855251048
28.314292192459106,0.32787904668413265,0.32224761555862674,-0.10652000967119202
28.32484769821167,0.32787904668413265,0.3222679024129888,-0.0979984415195147
28.342415809631348,0.32787904668413265,0.32229897372495847,-0.09015858903336625
28.358186721801758,0.32768364796739596,0.3223417436840132,-0.0829459178954858
28.372302770614624,0.32787904668413265,0.3223969624647419,-0.07631025565319918
28.385918140411377,0.32768364796739596,0.3224646393845416,-0.07020544303348983
28.399770498275757,0.32768364796739596,0.3225444220087311,-0.06458901307359324
28.41331958770752,0.32787904668413265,0.3226357997952295,-0.0594218958656538
28.42667579650879,0.32787904668413265,0.3227380591208748,-0.05466814688296501
28.440501928329468,0.32787904668413265,0.32285038165335994,-0.050294697012922246
28.450573921203613,0.32768364796739596,0.3229717728649314,-0.04627112256830458
28.469435930252075,0.32787904668413265,0.32310131842463735,-0.04256943368433146
28.49242663383484,0.32787904668413265,0.323239008734752,-0.03916387963462882
28.50203824043274,0.32787904668413265,0.323384722076904,-0.036030769715389224
28.518498182296753,0.32768364796739596,0.3235374419417441,-0.03314830845422962
28.52636742591858,0.32787904668413265,0.32369601684186894,-0.030496443999141302
28.538376092910767,0.32787904668413265,0.3238590835779618,-0.02805672863408505
28.5513653755188,0.32787904668413265,0.32402555977678255,-0.025812190451770727
28.56636619567871,0.32787904668413265,0.32419492791390625,-0.02374721529151784
28.58774757385254,0.32768364796739596,0.3243674324416846,-0.021847438121318584
28.603180646896362,0.32787904668413265,0.3245440376375795,-0.02009964310879858
28.617449522018433,0.32768364796739596,0.324725131315574,-0.018491671686124554
28.630298137664795,0.32768364796739596,0.3249105795998481,-0.017012337969455497
28.643988370895386,0.32768364796739596,0.32510046017456096,-0.015651350944653687
28.65846347808838,0.32787904668413265,0.32529511416377815,-0.01439924287800964
28.67343497276306,0.32787904668413265,0.3254950590342828,-0.013247303454018639
28.689321994781494,0.32768364796739596,0.32570110572673266,-0.01218751918207197
28.699379205703735,0.32787904668413265,0.32591417271056516,-0.011212517650568585
28.720272541046143,0.32768364796739596,0.326135697266975,-0.010315516240666777
28.73513889312744,0.32787904668413265,0.3263682781870642,-0.009490274942913997
28.74661612510681,0.32768364796739596,0.32661358564593673,-0.00873105294853128
28.763134002685547,0.32787904668413265,0.3268723128683326,-0.008032568713384059
28.778435945510864,0.32787904668413265,0.3271461071593618,-0.007389963216828032
28.791359901428223,0.32787904668413265,0.32743618226150883,-0.00679876615984207
28.803332805633545,0.32787904668413265,0.32774222632127736,-0.006254864867306913
28.81352186203003,0.32787904668413265,0.3280629892686836,-0.0057544756780989
28.82546639442444,0.32768364796739596,0.3283973353793931,-0.005294117623974566
28.842873573303223,0.32768364796739596,0.3287456457926961,-0.004870588214143102
28.860024452209473,0.32787904668413265,0.3291099497188516,-0.004480941157072213
28.868353128433228,0.32787904668413265,0.3294910089015287,-0.004122465864548824
28.885624170303345,0.32787904668413265,0.3298881727972645,-0.00379266859541459
28.894541263580322,0.32768364796739596,0.33030082087725854,-0.0034892551078021888
28.905965328216553,0.32787904668413265,0.33072684326412055,-0.0032101146991925476
28.925901651382446,0.32787904668413265,0.33116590862622447,-0.002953305523267328
28.941426277160645,0.32787904668413265,0.33162059594585713,-0.002717041081413067
28.954420804977417,0.32787904668413265,0.332091944535967,-0.0024996777949050095
28.97042727470398,0.32768364796739596,0.3325792400073597,-0.0022997035713160996
28.990465879440308,0.32768364796739596,0.3330828892020489,-0.002115727285613253
28.99950361251831,0.32768364796739596,0.3336031098106487,-0.0019464691027659025
29.015380382537842,0.32787904668413265,0.33413793922381707,-0.0017907515745458295
29.035408973693848,0.32787904668413265,0.33468764694123626,-0.0016474914485830024
29.05043387413025,0.32768364796739596,0.3352545811005779,-0.0015156921326969462
29.0654194355011,0.32768364796739596,0.3358384751602666,-0.0013944367620816
29.078502893447876,0.32768364796739596,0.33643735155745585,-0.0012828818211153606
29.102500677108765,0.32787904668413265,0.3370513245069523,-0.0011802512754263343
29.115049362182617,0.32787904668413265,0.3376822422054115,-0.0010858311733923677
29.130481243133545,0.32787904668413265,0.3383293363474478,-0.0009989646795210767
29.144428730010986,0.3280744454008694,0.33898964785370195,-0.0009190475051594586
29.158350467681885,0.328269844117606,0.33966043825852205,0.27519283597393424
29.17132592201233,0.3284652428343427,0.34033920001008466,0.5844234407104367
29.18469786643982,0.32885604026781606,0.34102366597577105,0.8385513775033638
29.19941759109497,0.32944223641802606,0.3417118170768641,1.292627690376444
29.21440887451172,0.33002843256823605,0.3424018869993797,1.7093013486169317
29.230700254440308,0.33081002743518273,0.34309315385113526,2.014251740816629
29.2429621219635,0.33120082486865604,0.3437853743974538,2.2011156459434487
29.264240980148315,0.3325686158858127,0.34447875168777325,2.2880381725073846
29.27691102027893,0.33335021075275945,0.34517474473066306,2.2988078370568354
29.291327476501465,0.33413180561970607,0.3458734487188678,1.9793859900498634
29.305355310440063,0.3351087992033895,0.3465733575437249,1.8666183550511315
29.321313858032227,0.3362811915038095,0.3472732136707578,2.0954581663868783
29.337091207504272,0.33745358380422946,0.3479721924660458,1.813593793934538
29.357002019882202,0.33921217225485956,0.3486715142566792,1.6751121392198298
29.372345685958862,0.34057996327201623,0.34937369935049734,1.312971528663127
29.385850429534912,0.3417523555724363,0.350078909189468,0.9318637919871119
29.39973783493042,0.3429247478728562,0.3507853692869243,0.6058767451652836
29.41448450088501,0.3440971401732763,0.3514913748225444,0.07626721875197362
29.429490089416504,0.34487873504022304,0.35219536370277393,-0.6952365023749549
29.443389654159546,0.345464931190433,0.35289591010135846,-1.9417783285144334
29.467380046844482,0.34605112734064297,0.35359348070420143,-3.357176497237948
29.48343253135681,0.34605112734064297,0.3542901247412842,-5.0
29.504637241363525,0.3462465260573797,0.3549870866939907,-5.0
29.516780138015747,0.3462465260573797,0.3556845241198664,-5.0
29.526958465576172,0.3462465260573797,0.35638005870899536,-4.98433033390796
29.54630470275879,0.3464419247741163,0.35707153234594563,-4.254752583075452
29.56138300895691,0.346637323490853,0.3577597140764601,-3.382859170617787
29.57454562187195,0.3470281209243264,0.3584446222499334,-2.0381288340789956
29.589314222335815,0.347223519641063,0.35912503100880094,-0.7721862259195096
29.60151219367981,0.3476143170745364,0.359799900693581,0.5131622325412565
29.61530089378357,0.3482005132247464,0.3604686043743047,1.2783468612223128
29.629321575164795,0.3487867093749564,0.36113132433196893,1.991351854608916
29.644331216812134,0.34956830424190305,0.36178853767563457,2.804226194110617
29.659391403198242,0.3503498991088497,0.36244078622076403,2.909084904869375
29.669318914413452,0.3509360952590598,0.3630888983550644,2.7311304092703073
29.68403148651123,0.35171769012600645,0.36373395978751033,2.7391862101552764
29.69745635986328,0.35269468370968976,0.36437728101556016,2.496698130139423
29.71139907836914,0.3536716772933732,0.36502036159157963,2.465685637793518
29.726401805877686,0.3548440695937931,0.365664851602718,2.7551107902482244
29.740363836288452,0.3558210631774765,0.36631251107042734,2.507588036521992
29.763137817382812,0.3577750503448432,0.366968029657482,2.380144683453892
29.77838158607483,0.3591428413619999,0.3676385924585109,2.0109810386005265
29.794360876083374,0.3605106323791566,0.3683277478682479,1.6099927798512341
29.80427575111389,0.36129222724610327,0.36903581015644576,1.2556248512316037
29.82037329673767,0.36226922082978663,0.36976310440403715,0.6924927174579956
29.842925310134888,0.36324621441346994,0.3705132367729782,-0.6672913766037348
29.85683584213257,0.3636370118469433,0.37129207044194784,-2.0172309274872844
29.872278213500977,0.36383241056368,0.37210122537437174,-3.635381969027083
29.887284994125366,0.36402780928041667,0.3729396233471222,-4.712785469358636
29.901304006576538,0.36383241056368,0.37380613741807445,-5.0
29.914299964904785,0.36402780928041667,0.3746990937763124,-5.0
29.928305864334106,0.36402780928041667,0.375616858502383,-4.9704856127178765
29.944284915924072,0.36441860671389,0.3765578357866732,-3.9095961737070173
29.961060285568237,0.3646140054306266,0.37752206223195656,-2.671257807367092
29.971317529678345,0.36500480286410003,0.37850934723017093,-1.02693336298602
29.992389917373657,0.3655909990143101,0.3795193245252656,0.17198179476904296
