t_s,q_rad,q_des_rad,K,B,Kff,jerk,tau_Nm,reward
0.00531458854675293,-0.04044753436449074,[0.00276511],9.825212432529046,0.9790254919034855,1.9737818648793566,0.0,9.998999999999999,1.188344062850207
0.014235734939575195,-0.04044753436449074,[0.01336466],9.650424865058092,0.9580509838069711,1.9475637297587132,0.0,10.098989999999999,1.0603742484413385
0.024333715438842773,-0.04044753436449074,[0.03322418],9.475637297587138,0.9370764757104565,1.92134559463807,0.0,10.099989899999999,0.8377314164106249
0.03255295753479004,-0.04044753436449074,[0.06066939],9.300849730116184,0.9161019676139419,1.8951274595174268,0.0,10.099999898999998,0.6293897210096057
0.041217803955078125,-0.04044753436449074,[0.09418442],9.12606216264523,0.8951274595174274,1.8689093243967834,0.0,10.099999998989999,0.5266450360038627
0.049254417419433594,-0.04044753436449074,[0.1324035],8.951274595174274,0.8741529514209129,1.84269118927614,0.0,10.0999999999899,0.5025402423696226
0.0572819709777832,-0.04044753436449074,[0.17411076],8.77648702770332,0.8531784433243983,1.8164730541554968,0.0,-9.8980000000001,0.5001003293793685
0.0651252269744873,-0.04044753436449074,[0.2182346],8.601699460232366,0.8322039352278838,1.7902549190348536,0.0,-10.09798,0.5000015406766269
0.07323980331420898,-0.04044753436449074,[0.26383755],8.426911892761412,0.8112294271313693,1.7640367839142101,0.0,-10.099979799999998,0.5000000090737312
0.0814371109008789,-0.04044753436449074,[0.31010954],8.252124325290458,0.7902549190348547,1.7378186487935667,0.0,-10.099999797999999,0.5000000000211782
0.08930468559265137,-0.04044753436449074,[0.35635874],8.077336757819502,0.7692804109383402,1.7116005136729235,0.0,-5.100499997979999,0.5000000000000211
0.09870457649230957,-0.04044753436449074,[0.40200232],7.902549190348549,0.7483059028418256,1.6853823785522803,0.0,-5.0505049999797995,0.5
0.10611891746520996,-0.04044753436449074,[0.44655724],7.727761622877595,0.727331394745311,1.659164243431637,0.0,-5.050005049999798,0.5
0.11723160743713379,-0.04044753436449074,[0.48962932],7.55297405540664,0.7063568866487966,1.6329461083109935,0.0,-5.050000050499998,0.5
0.12529373168945312,-0.04044753436449074,[0.53090655],7.378186487935686,0.685382378552282,1.6067279731903503,0.0,-5.050000000504999,0.5
0.13439011573791504,-0.04044753436449074,[0.57014656],7.203398920464732,0.6644078704557674,1.5805098380697071,0.0,-5.050000000005049,0.5
0.14480376243591309,-0.04044753436449074,[0.60716912],7.028611352993777,0.643433362359253,1.5542917029490637,0.0,-5.05000000000005,0.5
0.15349578857421875,-0.04044753436449074,[0.64185262],6.853823785522822,0.6224588542627384,1.5280735678284203,0.0,-5.05,0.5
0.16192388534545898,-0.04044753436449074,[0.67412271],6.679036218051868,0.6014843461662238,1.501855432707777,0.0,-5.05,0.5
0.17239737510681152,-0.04044753436449074,[0.70395001],6.504248650580913,0.6,1.475637297587134,0.0,-5.05,0.5
0.1813201904296875,-0.04044753436449074,[0.73134551],6.329461083109958,0.6,1.4494191624664907,0.0,-5.05,0.5
0.1891345977783203,-0.04044753436449074,[0.75634606],6.154673515639004,0.6,1.4232010273458477,0.0,-5.05,0.5
0.2039179801940918,-0.04044753436449074,[0.77901405],5.97988594816805,0.6,1.3969828922252046,0.0,-5.05,0.5
0.21230244636535645,-0.04044753436449074,[0.79943878],5.805098380697095,0.6,1.3707647571045614,0.0,-5.05,0.5
0.22230768203735352,-0.04044753436449074,[0.81772283],5.63031081322614,0.6,1.3445466219839184,0.0,-5.05,0.5
0.2300872802734375,-0.04044753436449074,[0.83397447],5.455523245755186,0.6,1.3183284868632752,0.0,-5.05,0.5
0.24039244651794434,-0.04044753436449074,[0.84831163],5.280735678284231,0.6,1.292110351742632,0.0,-3.9176528079809634,0.5
0.24808716773986816,-0.04044753436449074,[0.86086096],5.105948110813277,0.6,1.2658922166219888,0.0,-2.7446316846425667,0.5
0.2597494125366211,-0.04044753436449074,[0.87175273],5.0,0.6,1.2396740815013456,0.0,-0.8299470740591148,0.5
0.2698657512664795,-0.04044753436449074,[0.8811207],5.0,0.6,1.2134559463807026,0.0,0.6843128596763678,0.5
0.278789758682251,-0.04044753436449074,[0.88909776],5.0,0.6,1.1872378112600595,0.0,2.3729017127144014,0.5
0.2891716957092285,-0.040056736931017405,[0.89581217],5.0,0.6,1.1610196761394163,0.0,2.8893803360874033,0.5
0.2985091209411621,-0.0381027497636507,[0.90139088],5.0,0.6,1.1348015410187733,0.8281150790360429,4.402752199002261,0.49948976954649793
0.3070979118347168,-0.03536716772933732,[0.90595598],5.0,0.6,1.10858340589813,2.583719046592454,4.101887126486319,0.4950552893095394
0.3169693946838379,-0.031849990828077254,[0.9096196],5.0,0.6,1.082365270777487,5.0,4.0360409939763215,0.4817320621239355
0.32616257667541504,-0.028332813926817187,[0.91248826],5.0,0.6,1.0561471356568437,5.0,4.0862986959663505,0.4817320621239355
0.3389134407043457,-0.02383864344187377,[0.91466662],5.0,0.6,1.0299290005362005,5.0,4.681726965895081,0.4817320621239355
0.3482480049133301,-0.019930669107140364,[0.91625429],5.0,0.6,1.0037108654155575,5.0,4.49856927149675,0.4817320621239355
0.35706663131713867,-0.01621809348914363,[0.91733896],5.0,0.6,0.9774927302949143,5.0,4.413989071721338,0.4817320621239355
0.36710572242736816,-0.012310119154410226,[0.91799709],5.0,0.6,0.9512745951742712,5.0,4.429405103400585,0.4817320621239355
0.3784372806549072,-0.008011347386203481,[0.91830324],5.0,0.6,0.9250564600536281,5.0,4.938570893457077,0.4817320621239355
0.3872063159942627,-0.004494170484943416,[0.91832724],5.0,0.6,0.898838324932985,5.0,4.282108015678092,0.4817320621239355
0.3951447010040283,-0.0013677910171566918,[0.91812755],5.0,0.6,0.8726201898123418,4.522320092366781,4.040118690248269,0.48500541874447584
0.4044818878173828,0.0027355820343133836,[0.91775658],5.0,0.6,0.8464020546916986,2.4319059792307907,4.402066427232369,0.49561681648558453
0.41210293769836426,0.005666562785363437,[0.91726094],5.0,0.6,0.8201839195710555,0.19018726166802558,4.194640359979858,0.4999730748685274
0.4230959415435791,0.009965334553570182,[0.91668173],5.0,0.6,0.7939657844504124,-2.2286839486806835,4.1911428017533865,0.49631617620944224
0.4350919723510742,0.015045701188723608,[0.91605923],5.0,0.6,0.7677476493297692,-3.9422301646772997,4.58311921463475,0.4885639505796757
0.4472944736480713,0.019735270390403698,[0.9154303],5.0,0.6,0.741529514209126,-5.0,5.151053517114854,0.4817320621239355
0.4562356472015381,0.023252447291663758,[0.91482401],5.0,0.6,0.715311379088483,-5.0,4.967371067897067,0.4817320621239355
0.4657015800476074,0.026965022909660494,[0.9142602],5.0,0.6,0.6890932439678399,-5.0,5.177266709215048,0.4817320621239355
0.4733390808105469,0.02989600366071055,[0.9137529],5.0,0.6,0.6628751088471967,-5.0,4.532684302328999,0.4817320621239355
0.4851670265197754,0.03458557286239063,[0.91331542],5.0,0.6,0.6366569737265535,-5.0,4.564829385314349,0.4817320621239355
0.49308347702026367,0.03771195233017736,[0.91296035],5.0,0.6,0.6104388386059104,-5.0,3.9367697015073415,0.4817320621239355
0.5037238597869873,0.0420107240983841,[0.91269721],5.0,0.6,0.5842207034852673,-5.0,4.2980444147135195,0.4817320621239355
0.5120820999145508,0.04552790099964417,[0.91253289],5.0,0.6,0.5580025683646241,-5.0,4.167319111392536,0.4817320621239355
0.5240144729614258,0.050412868918060925,[0.9124719],5.0,0.6,0.531784433243981,-5.0,4.672540649691639,0.4817320621239355
0.535153865814209,0.05471164068626767,[0.91251895],5.0,0.6,0.5055662981233379,-5.0,4.605407706204073,0.4817320621239355
0.5450754165649414,0.058619615021001076,[0.91267665],5.0,0.6,0.4793481630026947,-4.6647043682649585,4.77648914861264,0.4840617982958635
0.5537385940551758,0.06194139320552447,[0.91294142],5.0,0.6,0.4531300278820516,-4.42170055672173,4.341592969240642,0.48565568218571625
0.5624268054962158,0.06526317139004786,[0.91330669],5.0,0.6,0.42691189276140845,-4.477563388471475,4.370497330487668,0.48529636211987776
0.5704507827758789,0.06838955085783459,[0.91376794],5.0,0.6,0.4006937576407653,-4.289278220988761,4.1934302081105415,0.4864904512023229
0.579218864440918,0.07229752519256799,[0.91432017],5.0,0.6,0.3744756225201221,-4.006680240923076,3.9232908487258014,0.4881914529494343
0.5873229503631592,0.07561930337709137,[0.91495591],5.0,0.6,0.3482574873994789,-3.699326988527096,3.8770785037117537,0.4899159402171732
0.5966048240661621,0.07894108156161479,[0.91567016],5.0,0.6,0.3220393522788358,-3.398007732533642,4.079882175109784,0.4914782673418403
0.6080865859985352,0.08323985332982153,[0.91646025],5.0,0.6,0.2958212171581926,-3.115105989230099,4.200813930024161,0.4928283522846782
0.6175928115844727,0.0867570302310816,[0.9173232],5.0,0.6,0.2696030820375494,-2.8545047443696485,4.275317056005336,0.49397111980454833
0.6260683536529541,0.09046960584907832,[0.91825341],5.0,0.6,0.24338494691690624,-2.340306079920275,4.281246953888439,0.49593947175580333
0.6351094245910645,0.09418218146707506,[0.91924058],5.0,0.6,0.21716681179626307,-2.0901014793283523,4.159494603436479,0.49675862043316543
0.6450662612915039,0.09828555451854513,[0.92027545],5.0,0.6,0.19094867667561988,-1.9473606236589338,4.143307273914575,0.49718502825871125
0.6560008525848389,0.10258432628675188,[0.92135729],5.0,0.6,0.16473054155497668,-1.842975528947878,4.273804454517992,0.49747798186445613
0.6670925617218018,0.10727389548843196,[0.92249024],5.0,0.6,0.13851240643433352,-1.7486584509131604,4.3009630117515805,0.4977289406845698
0.675065279006958,0.11040027495621868,[0.92367238],5.0,0.6,0.11229427131369034,-1.6545196176638637,4.26869465858548,0.49796639858666575
0.6846096515655518,0.11411285057421541,[0.92489923],5.0,0.6,0.08607613619304716,-1.5584703221408773,4.377190822118306,0.4981952428510078
0.6934425830841064,0.11743462875873882,[0.9261721],5.0,0.6,0.05985800107240398,-1.4613535800494466,4.346448334490505,0.4984128167461036
0.7020654678344727,0.12114720437673555,[0.92748902],5.0,0.6,0.0336398659517608,-1.3648090581997123,4.20627252683374,0.49861532320152346
0.7140882015228271,0.1260321722951523,[0.92884547],5.0,0.6,0.0074217308311176206,-1.2704145417208812,4.184723987480325,0.49880001471923874
0.7235329151153564,0.12974474791314905,[0.93024298],5.0,0.6,0.0,-1.1794023106017577,4.160949284251309,0.498965617868346
0.7331008911132812,0.1332619248144091,[0.93168264],5.0,0.6,0.0,-1.092618671553962,4.150706983248873,0.49911211233893454
0.741631031036377,0.1365837029989325,[0.93316239],5.0,0.6,0.0,-1.010574106513495,4.142447757158635,0.4992403511449007
0.7504427433013916,0.14029627861692923,[0.93468027],5.0,0.6,0.0,-0.9335171013830077,4.132931225135795,0.49935170968905224
0.7596275806427002,0.1438134555181893,[0.93623443],5.0,0.6,0.0,-0.8615047163016565,4.124674452268021,0.49944781821783946
0.7690675258636475,0.14752603113618606,[0.9378201],5.0,0.6,0.0,-0.5184226357672083,4.086794056205517,0.4997999734234939
0.7790529727935791,0.15143400547091945,[0.93942998],5.0,0.6,0.0,-0.6990973563267067,4.085446962787669,0.4996363161622857
0.7887117862701416,0.15534197980565284,[0.94106393],5.0,0.6,0.0,-0.7296660419774821,4.11015058453406,0.49960382886138577
0.796086311340332,0.1582729605567029,[0.94272476],5.0,0.6,0.0,-0.6973365416103271,4.0729609313043245,0.49963814521198113
0.8057019710540771,0.16237633360817297,[0.94440848],5.0,0.6,0.0,-0.36649003223700527,4.067391164527613,0.49990002588047106
0.8150622844696045,0.16569811179269636,[0.94611157],5.0,0.6,0.0,-0.27402236203663727,4.064419392180864,0.4999441073872591
0.8262193202972412,0.1701922822776398,[0.94783404],5.0,0.6,0.0,-0.2725932670434543,4.054466432139568,0.4999446888227267
0.8361310958862305,0.1741002566123732,[0.94957576],5.0,0.6,0.0,-0.2974790021112884,4.046529482790842,0.49993412953965655
0.8487071990966797,0.17937602196426328,[0.95133966],5.0,0.6,0.0,-0.3225400747704827,4.059070735095347,0.4999225644463316
0.8572118282318115,0.18250240143205002,[0.95312805],5.0,0.6,0.0,-0.3390255214316286,4.017905372636595,0.4999144471852375
0.8671202659606934,0.1864103757667834,[0.95493626],5.0,0.6,0.0,-0.3455490753985427,4.011027519719688,0.49991112337704596
0.8751680850982666,0.18953675523457011,[0.95676011],5.0,0.6,0.0,-0.3434788357595176,4.007307279651663,0.4999121850417201
0.8859810829162598,0.1938355270027769,[0.9585991],5.0,0.6,0.0,-0.33491299408158753,3.997100984117974,0.4999165100099755
0.895066499710083,0.19774350133751029,[0.96045262],5.0,0.6,0.0,-0.04582576285831472,3.988048629639398,0.49999843676092154
0.9057183265686035,0.20184687438898036,[0.96231995],5.0,0.6,0.0,0.0031743313417535862,3.9777204121294933,0.4999999924991378
0.915701150894165,0.20595024744045046,[0.9642003],5.0,0.6,0.0,-0.31052010213242043,3.9674093443258087,0.4999282280172667
0.9247918128967285,0.20985822177518385,[0.96609286],5.0,0.6,0.0,-0.40163563025339877,3.9578798813453875,0.49987993429011135
0.9344956874847412,0.21376619610991726,[0.96799675],5.0,0.6,0.0,-0.12291081326587819,3.948039047628009,0.4999887544169824
0.9426600933074951,0.21708797429444063,[0.9699111],5.0,0.6,0.0,-0.052618550300569236,3.9410408543829867,0.49999793897368194
0.950096845626831,0.219823556328754,[0.97183181],5.0,0.6,0.0,-0.06216567709023096,3.9075844045797217,0.4999971232192604
0.9621868133544922,0.22451312553043412,[0.97375534],5.0,0.6,0.0,-0.09486114516581143,3.9315265375769526,0.4999933014547955
0.9717674255371094,0.22822570114843083,[0.97568185],5.0,0.6,0.0,-0.12765990645913106,3.8914852665111614,0.4999878686131903
0.9803500175476074,0.2313520806162176,[0.97760828],5.0,0.6,0.0,-0.1527282446454123,3.8923619345928513,0.4999826364766682
0.9894871711730957,0.23506465623421427,[0.97953207],5.0,0.6,0.0,-0.16871166339999216,3.888684327105845,0.4999788121110482
0.9989898204803467,0.2389726305689477,[0.98145436],5.0,0.6,0.0,-0.1767083485734407,3.8825604493115162,0.4999767560080251
1.0070888996124268,0.24209901003673442,[0.98337296],5.0,0.6,0.0,-0.17849343516790506,3.849186115587957,0.4999762840311647
1.0170600414276123,0.2462023830882045,[0.98528292],5.0,0.6,0.0,-0.17579729934495353,3.849322249520646,0.4999769950611987
1.0299291610717773,0.25128274972335796,[0.9871867],5.0,0.6,0.0,-0.1700609081178287,3.870554525058401,0.4999784718696998
1.040393590927124,0.255386122774828,[0.98909301],5.0,0.6,0.0,-0.16239473808635332,3.8569842980816293,0.49998036901659915
1.0496432781219482,0.25909869839282473,[0.99100607],5.0,0.6,0.0,-0.153615014728741,3.846071830886254,0.49998243426283245
1.061089277267456,0.2637882675945048,[0.99292622],5.0,0.6,0.0,-0.14430149446137402,3.8311615280263327,0.49998449964655123
1.072066307067871,0.26808703936271155,[0.99485703],5.0,0.6,0.0,-0.1348540425062928,3.8462630696815965,0.4999864628034146
1.0835456848144531,0.2727766085643917,[0.9968048],5.0,0.6,0.0,-0.12554023190915067,3.8247442005727907,0.4999882681248288
1.0920774936676025,0.27629378546565175,[0.99876813],5.0,0.6,0.0,-0.11653259505983887,3.7822228549623187,0.499989891257804
1.10219144821167,0.28020175980038514,[1.0007391],5.0,0.6,0.0,-0.10793660601798621,3.7770501820724762,0.49999132757755566
1.1145176887512207,0.2850867277188019,[1.00271764],5.0,0.6,0.0,-0.09981116621588165,3.794602729169849,0.49999258413671666
1.1240403652191162,0.2884085059033253,[1.00471036],5.0,0.6,0.0,-0.09218334283673851,3.7824835057936665,0.49999367429646885
1.1340956687927246,0.292707277671532,[1.00671603],5.0,0.6,0.0,-0.08505883827378198,3.737529482107159,0.4999946142867078
1.1421170234680176,0.29583365713931875,[1.00872684],5.0,0.6,0.0,-0.07842935217738725,3.737818203844719,0.49999542109174083
1.15238356590271,0.3001324289075255,[1.01074289],5.0,0.6,0.0,-0.07227771215934845,3.7597446390707656,0.4999961112163616
1.1643261909484863,0.3048219981092056,[1.012771],5.0,0.6,0.0,-0.06658141763602878,3.7415231294224016,0.49999670001992375
1.1746079921722412,0.3089253711606756,[1.0148135],5.0,0.6,0.0,-0.33735342298856014,3.727623354007405,0.4999152889381863
1.183044672012329,0.3122471493451991,[1.01686542],5.0,0.6,0.0,-0.36561493912956206,3.6887760694026075,0.4999005026929977
1.192077398300171,0.31576432624645917,[1.01891907],5.0,0.6,0.0,-0.30603101040813635,3.688501750325865,0.4999302880436872
1.2036783695220947,0.32045389544813924,[1.02097473],5.0,0.6,0.0,-0.2258094227731123,3.709573055913737,0.4999620445353731
1.214371681213379,0.3245572684996093,[1.02303941],5.0,0.6,0.0,-0.1514748975453601,3.6946480108853677,0.4999829202860664
1.2230360507965088,0.3280744454008694,[1.02511217],5.0,0.6,0.0,-0.09134186743543803,3.6540189988201246,0.4999937892542535
1.2321417331695557,0.3315916223021294,[1.02718868],5.0,0.6,0.0,-0.04611089206510058,3.6821633304777097,0.49999841724739724
1.241015911102295,0.3349134004866528,[1.02926864],5.0,0.6,0.0,-0.013718932936575487,3.6424259313594645,0.4999998598970497
1.2508296966552734,0.3388213748213862,[1.03134836],5.0,0.6,0.0,0.00854901792295179,3.6388912314162476,0.4999999455949634
1.263054370880127,0.34370634273980294,[1.03342467],5.0,0.6,0.0,0.02322353924150278,3.628788787557055,0.49999959852055614
1.273953914642334,0.3480051145080097,[1.03550163],5.0,0.6,0.0,0.03238613472644001,3.64834676838442,0.49999921922738444
1.2850520610809326,0.35249928499295313,[1.03758589],5.0,0.6,0.0,0.037644363334098256,3.629570547748287,0.49999894511253884
1.2963931560516357,0.35757965162810657,[1.03968272],5.0,0.6,0.0,0.040194590011758444,3.635505282414822,0.4999987973441742
1.304551601409912,0.3607060310958933,[1.0417929],5.0,0.6,0.0,0.040905961919152675,3.5914429432826886,0.4999987543978367
1.314218521118164,0.3646140054306266,[1.04391008],5.0,0.6,0.0,0.04039919038497661,3.5811305337979515,0.4999987850693982
1.3250510692596436,0.3685219797653601,[1.04602858],5.0,0.6,0.0,0.03911167296952863,3.5709552511974,0.4999988612747083
1.3368346691131592,0.37340694768377686,[1.04814982],5.0,0.6,0.0,0.03734804361362515,3.582571250647663,0.49999896165437113
1.346045970916748,0.37672872586830025,[1.05027472],5.0,0.6,0.0,0.035318019267203155,3.5398515987160937,0.4999990714635637
1.3560154438018799,0.38063670020303364,[1.0523974],5.0,0.6,0.0,-0.24287425555035846,3.5316074442043632,0.49995609130090873
1.3654954433441162,0.3849354719712404,[1.05451264],5.0,0.6,0.0,-0.27818139205885956,3.520851430774003,0.4999423979672127
1.3759870529174805,0.38884344630597373,[1.05661908],5.0,0.6,0.0,-0.2252329813906616,3.5114066371385886,0.49996223806448997
1.3860490322113037,0.39255602192397054,[1.05871544],5.0,0.6,0.0,-0.15122368678176962,3.502475811481038,0.49998297688920296
1.39406156539917,0.3956824013917572,[1.06080055],5.0,0.6,0.0,-0.08267986927825258,3.4962639024292383,0.4999949113330444
1.4039015769958496,0.3995903757264907,[1.06287339],5.0,0.6,0.0,-0.027927102297038528,3.4860963102693376,0.4999994194252085
1.4152283668518066,0.4042799449281707,[1.06493313],5.0,0.6,0.0,0.0123170459171376,3.472027167228682,0.4999998870672907
1.423037052154541,0.4074063243959575,[1.0669791],5.0,0.6,0.0,0.04009522617664844,3.465554440230249,0.49999880328291596
1.433368444442749,0.4122912923143742,[1.0690108],5.0,0.6,0.0,0.05810036779132688,3.4506615139904913,0.49999748716861775
1.4413774013519287,0.4150268743486876,[1.071025],5.0,0.6,0.0,0.06884040964206449,3.418243617544015,0.49999647229683086
1.4490368366241455,0.4179578550997376,[1.07301617],5.0,0.6,0.0,0.07437439650146482,3.4214296393536787,0.4999958823275512
1.4570538997650146,0.4212796332842611,[1.07497993],5.0,0.6,0.0,0.07628808339239426,3.391410743902118,0.4999956677031982
1.4657304286956787,0.42499220890225775,[1.07691291],5.0,0.6,0.0,0.07575697618349742,3.3951366067682893,0.49999572781468193
1.4750761985778809,0.42850938580351783,[1.07881563],5.0,0.6,0.0,0.07363047192988165,3.3960097983294775,0.4999959642887004
1.4850785732269287,0.43241736013825127,[1.08069188],5.0,0.6,0.0,0.07051071997290143,3.3919672026872134,0.4999962990316897
1.4943933486938477,0.43632533447298466,[1.0825452],5.0,0.6,0.0,0.0668177664876293,3.385885128819099,0.4999966765500654
1.5030112266540527,0.439647112657508,[1.08437885],5.0,0.6,0.0,0.06284009007457736,3.381233477613621,0.49999706046255693
1.5135548114776611,0.4437504857089781,[1.08619581],5.0,0.6,0.0,0.33481076999503834,3.371569725343565,0.4999165609645431
1.5225880146026611,0.44746306132697483,[1.08799878],5.0,0.6,0.0,0.3639063025514393,3.363109688398764,0.4999014303945617
1.5308599472045898,0.45058944079476154,[1.08978723],5.0,0.6,0.0,0.028862651161476405,3.329177377807077,0.4999993798755613
1.542724847793579,0.4552790099964417,[1.09156085],5.0,0.6,0.0,0.19195484384844574,3.35083735664762,0.49997257207743345
1.5550107955932617,0.46016397791485847,[1.09332541],5.0,0.6,0.0,0.20611744391274534,3.3332214696403457,0.4999683755896363
1.565190076828003,0.4642673509663285,[1.09508582],5.0,0.6,0.0,-0.10887794786537433,3.319818613211848,0.4999911756505867
1.5742852687835693,0.46876152145127187,[1.0968433],5.0,0.6,0.0,-0.19266819352579934,3.304866988945494,0.49997236784696913
1.5870158672332764,0.4732556919362153,[1.09859887],5.0,0.6,0.0,-0.18377821713854636,3.2901346899869583,0.49997485892610133
1.596008062362671,0.4767728688374754,[1.10035338],5.0,0.6,0.0,-0.14452896615982655,3.2805566114089904,0.49998445074039244
1.6070330142974854,0.48107164060568214,[1.10210755],5.0,0.6,0.0,-0.10122703885472326,3.2673206395026178,0.4999923722503913
1.6170048713684082,0.4849796149404155,[1.10386198],5.0,0.6,0.0,-0.06363279149417082,3.2561450739119766,0.4999969858329526
1.6250097751617432,0.48810599440820224,[1.10561719],5.0,0.6,0.0,-0.034255730576431956,3.249055478196272,0.4999991264801782
1.6345150470733643,0.49181857002619894,[1.10737363],5.0,0.6,0.0,-0.012695176500675602,3.2392107599303857,0.49999988002683676
1.642052412033081,0.49494494949398576,[1.10912875],5.0,0.6,0.0,0.2784426588942565,3.204330252589238,0.4999422897234587
1.6550712585449219,0.4998299174124025,[1.11088046],5.0,0.6,0.0,0.04565015888480553,3.2245199840250907,0.49999844871858856
1.6660068035125732,0.504324087897346,[1.11263291],5.0,0.6,0.0,-0.03612677635097234,3.2088691438870973,0.4999990284510775
1.6758058071136475,0.5082320622320793,[1.11438957],5.0,0.6,0.0,-0.053305560718638026,3.1963980308795725,0.49999788480316093
1.685034990310669,0.5117492391333394,[1.1161475],5.0,0.6,0.0,0.23025825493041835,3.1584874880648197,0.49996053428703713
1.693009614944458,0.5148756186011261,[1.11790124],5.0,0.6,0.0,0.27798260407367703,3.158711794513764,0.49994248025770843
1.7049925327301025,0.5195651878028061,[1.11965194],5.0,0.6,0.0,-0.03867513226274083,3.1755987400980765,0.4999988865523398
1.7130258083343506,0.5228869659873295,[1.1214034],5.0,0.6,0.0,-0.13599646895386916,3.136075951384961,0.4999862324722383
1.7230067253112793,0.526794940322063,[1.12315283],5.0,0.6,0.0,-0.14256847336039347,3.1286922184662997,0.4999848697152114
1.73577880859375,0.5318753069572164,[1.12490032],5.0,0.6,0.0,-0.11695969025374425,3.1390544303437036,0.4999898170251338
1.7490456104278564,0.5369556735923698,[1.12665375],5.0,0.6,0.0,-0.08445084607510824,3.1380887109653206,0.4999946910042273
1.7580897808074951,0.5406682492103666,[1.12841893],5.0,0.6,0.0,-0.05488345247223874,3.1142655026854857,0.499997757726689
1.7664570808410645,0.5443808248283633,[1.13019203],5.0,0.6,0.0,0.244815950369022,3.069096611858135,0.49995538645653964
1.7761199474334717,0.54809340044636,[1.13196401],5.0,0.6,0.0,0.29557882256206724,3.0568563844157706,0.49993496830697715
1.785078525543213,0.5516105773476201,[1.13372693],5.0,0.6,0.0,0.2529922402989303,3.0214558663397417,0.49995235685907974
1.792999505996704,0.5547369568154068,[1.13547385],5.0,0.6,0.0,0.18540267744729827,3.018597648711159,0.49997441251707647
1.8030273914337158,0.5586449311501402,[1.13720107],5.0,0.6,0.0,0.1203793396586467,3.009326271503627,0.4999892128702176
1.8130297660827637,0.5625529054848736,[1.13890757],5.0,0.6,0.0,0.06709220844426804,2.9980980407174043,0.4999966491931446
1.8220288753509521,0.5658746836693971,[1.14059223],5.0,0.6,0.0,0.026903584176109527,2.9882489258986435,0.49999946120106936
1.8326284885406494,0.5699780567208671,[1.14225585],5.0,0.6,0.0,-0.0017543252544827328,2.994048763401447,0.4999999977089904
1.8430509567260742,0.5738860310556004,[1.1438989],5.0,0.6,0.0,-0.021233289812518975,2.953429908167397,0.4999996643851997
1.853605031967163,0.5785756002572806,[1.14551941],5.0,0.6,0.0,-0.033800831377785175,2.956087944441991,0.4999991495259418
1.8640143871307373,0.582483574592014,[1.14711554],5.0,0.6,0.0,-0.04134945186545533,2.9171943860647276,0.49999872724258376
1.8731591701507568,0.5861961502100108,[1.14868386],5.0,0.6,0.0,-0.04535154845112341,2.9056897501536474,0.4999984689469104
1.8830132484436035,0.5902995232614808,[1.15022143],5.0,0.6,0.0,-0.04690704740762981,2.891731872155284,0.49999836211970594
1.8946750164031982,0.5949890924631609,[1.15172962],5.0,0.6,0.0,-0.04681631255694832,2.892815165064918,0.4999983684500488
1.9020345211029053,0.5979200732142109,[1.1532097],5.0,0.6,0.0,-0.045650934291231814,2.8601295510692584,0.49999844866588855
1.9127399921417236,0.6022188449824176,[1.15465935],5.0,0.6,0.0,-0.04381313150495199,2.845938618252735,0.4999985710578565
1.9218285083770752,0.6057360218836778,[1.15607681],5.0,0.6,0.0,-0.041582232974341195,2.8351068153749055,0.4999987128720207
1.9337499141693115,0.6108163885188312,[1.15746438],5.0,0.6,0.0,-0.03914964153920977,2.834027837990978,0.4999988590627493
1.9433703422546387,0.6147243628535647,[1.15882598],5.0,0.6,0.0,0.23939385801569257,2.8151831913280025,0.49995734065768993
1.9531021118164062,0.6180461410380881,[1.1601617],5.0,0.6,0.0,0.27501071909484165,2.782782719865002,0.4999437034905352
1.9619908332824707,0.621563317939348,[1.16146841],5.0,0.6,0.0,0.22233787035069494,2.7732718378719516,0.4999632025624513
1.972581386566162,0.6256666909908181,[1.16274542],5.0,0.6,0.0,-0.12746283781822304,2.760296260040127,0.4999879060382803
1.980475902557373,0.6287930704586048,[1.1639941],5.0,0.6,0.0,-0.22890866843718125,2.7509728772371695,0.4999609955450393
1.9889945983886719,0.6321148486431284,[1.16521413],5.0,0.6,0.0,0.04767574303242221,2.722836207001021,0.49999830799796463
1.998114824295044,0.6358274242611249,[1.16640386],5.0,0.6,0.0,0.11682438568027245,2.7143914454562217,0.49998984057157314
2.007875919342041,0.6397353985958584,[1.16756366],5.0,0.6,0.0,0.10463857603627666,2.7030091996219157,0.4999918494525982
2.017022132873535,0.643447974213855,[1.1686956],5.0,0.6,0.0,0.0673227136742236,2.690890725863807,0.49999662612928303
2.026592969894409,0.6477467459820617,[1.16980147],5.0,0.6,0.0,0.02819711562156887,2.674530495128743,0.4999994081443626
2.0370328426361084,0.6514593216000585,[1.17088276],5.0,0.6,0.0,-0.004415719080784123,2.6599930233277647,0.4999999854852506
2.0460803508758545,0.6547810997845819,[1.17194065],5.0,0.6,0.0,-0.028682016762000044,2.6465336225632683,0.49999938761325774
2.056137800216675,0.6590798715527887,[1.17297602],5.0,0.6,0.0,-0.04530594876181811,2.6276022838538595,0.4999984720242184
2.064077377319336,0.661815453587102,[1.1739882],5.0,0.6,0.0,-0.05576682054716883,2.602413797547472,0.49999768496565106
2.0739948749542236,0.6659188266385723,[1.1749765],5.0,0.6,0.0,-0.06158641945762174,2.6009479229209522,0.4999971765808219
2.082073211669922,0.6692406048230957,[1.17594159],5.0,0.6,0.0,-0.06406676767586009,2.5723767069962555,0.4999969445795921
2.0900325775146484,0.672562383007619,[1.1768817],5.0,0.6,0.0,-0.06423180979768306,2.5481141635880387,0.49999692881725344
2.1013243198394775,0.6770565534925623,[1.17779531],5.0,0.6,0.0,-0.3388875433143914,2.5454864474773906,0.4999145168024463
2.1119751930236816,0.6811599265440325,[1.17868464],5.0,0.6,0.0,-0.3696396798936459,2.5274525596574438,0.49989830029926885
2.120917797088623,0.6846771034452925,[1.17955166],5.0,0.6,0.0,-0.03553791647151833,2.5120299042205576,0.49999905986506415
2.13053297996521,0.6881942803465526,[1.18039705],5.0,0.6,0.0,0.07695556301975849,2.496915788812475,0.4999955915613575
2.138014316558838,0.6913206598143393,[1.18122152],5.0,0.6,0.0,-0.18024441245298478,2.4842703205626817,0.4999758164644546
2.148190498352051,0.6956194315825459,[1.18202492],5.0,0.6,0.0,-0.22941639245612905,2.45477833907001,0.49996082233461164
2.1600756645202637,0.7005043995009628,[1.18280739],5.0,0.6,0.0,-0.19950768500806476,2.4486051148886983,0.4999703712679747
2.1710569858551025,0.7048031712691696,[1.1835715],5.0,0.6,0.0,-0.14742355839570012,2.4301591199189754,0.4999838216797358
2.180887460708618,0.7087111456039029,[1.18431977],5.0,0.6,0.0,-0.09632584816801174,2.4140852831101887,0.4999930930015402
2.1918489933013916,0.712814518655373,[1.18505366],5.0,0.6,0.0,-0.054098418781416996,2.3975920932273844,0.4999978214131786
2.203003406524658,0.7171132904235799,[1.18577476],5.0,0.6,0.0,-0.02210125038377714,2.3805776416731854,0.49999963638632605
2.2116341590881348,0.7204350686081032,[1.18648481],5.0,0.6,0.0,0.0007875269844863989,2.3687904988268054,0.4999999995383237
2.2190041542053223,0.7233660493591532,[1.1871857],5.0,0.6,0.0,0.016385084417510166,2.359276354394855,0.4999998001500909
2.228545904159546,0.7272740236938866,[1.1878794],5.0,0.6,0.0,-0.24956364757259764,2.3453967781809397,0.4999536393848877
2.236971378326416,0.7304004031616733,[1.18856669],5.0,0.6,0.0,-0.27660690222931583,2.321521167108754,0.49994304813293805
2.24737811088562,0.7348945736466168,[1.18924729],5.0,0.6,0.0,-0.21826509197313088,2.3087797442778064,0.49996453827646853
2.258373737335205,0.7391933454148236,[1.189924],5.0,0.6,0.0,0.13514330601877103,2.31073207631153,0.4999864046670265
2.2664647102355957,0.742515123599347,[1.19060085],5.0,0.6,0.0,0.23875547029212746,2.2829557039184705,0.49995756786264356
2.2769789695739746,0.7466184966508169,[1.1912788],5.0,0.6,0.0,0.23938187045269563,2.2712386088757084,0.49995734492970373
2.2872426509857178,0.7507218697022872,[1.19195903],5.0,0.6,0.0,0.20385525609301897,2.258977748305717,0.49996906592974005
2.296443462371826,0.7544344453202838,[1.19264424],5.0,0.6,0.0,0.16099116471299588,2.248128075713575,0.4999807068837545
2.3070905208587646,0.7587332170884905,[1.19333696],5.0,0.6,0.0,0.12197668911814295,2.2340742861844447,0.49998892469877065
2.3159825801849365,0.7624457927064873,[1.19403961],5.0,0.6,0.0,-0.1858875397790639,2.222828305858214,0.49997427851351417
2.328596591949463,0.767330760624904,[1.19475607],5.0,0.6,0.0,-0.24355817559302761,2.2228075868955552,0.4999558436748868
2.3360023498535156,0.7702617413759542,[1.19548972],5.0,0.6,0.0,-0.20678635552249752,2.1921392349496123,0.4999681700021252
2.3440098762512207,0.7731927221270041,[1.1962384],5.0,0.6,0.0,-0.14410927420419112,2.167010363490319,0.4999845409136425
2.356646776199341,0.7780776900454209,[1.19700036],5.0,0.6,0.0,-0.08327003292420537,2.173883648527101,0.4999948384289912
2.364008903503418,0.7810086707964708,[1.19777746],5.0,0.6,0.0,-0.30962115126331224,2.145543070567031,0.4999286429436886
2.372502326965332,0.7847212464144676,[1.19856934],5.0,0.6,0.0,-0.3056870394214805,2.1368594371007634,0.4999304446536186
2.381552219390869,0.7882384233157278,[1.19937548],5.0,0.6,0.0,0.051358039440309894,2.127590097225257,0.4999980365371203
2.389070749282837,0.7911694040667778,[1.20019532],5.0,0.6,0.0,0.17761162854684326,2.101567095567836,0.4999765177736659
2.3995742797851562,0.7952727771182478,[1.20102816],5.0,0.6,0.0,-0.07260752319918623,2.1105273537261704,0.4999960756456511
2.4076590538024902,0.7983991565860346,[1.20187486],5.0,0.6,0.0,-0.11959960871098185,2.080875823994702,0.499989352158732
2.416957139968872,0.8021117322040313,[1.2027342],5.0,0.6,0.0,-0.09078888734359467,2.0710525722438446,0.4999938642254019
2.4252383708953857,0.8056289091052914,[1.2036048],5.0,0.6,0.0,-0.04195423257276425,2.060589156716439,0.499998689739456
2.4346556663513184,0.8093414847232882,[1.2044869],5.0,0.6,0.0,0.28059135481695996,2.047650945180487,0.4999413956579586
2.443997859954834,0.8132494590580216,[1.20537872],5.0,0.6,0.0,0.07454438529090072,2.016134127259108,0.4999958634836061
2.4529573917388916,0.8167666359592817,[1.20627691],5.0,0.6,0.0,0.012583363703062574,2.0082490084598463,0.4999998821309241
2.4630115032196045,0.8210654077274883,[1.20718003],5.0,0.6,0.0,0.28467797076714074,1.9944715224758458,0.4999396762685554
2.4719648361206055,0.8243871859120117,[1.20808828],5.0,0.6,0.0,0.3331860195871823,1.9843134728216134,0.4999173687493183
2.482064723968506,0.8282951602467451,[1.20900163],5.0,0.6,0.0,0.2964844351417366,1.9705370480208781,0.49993456922667784
2.4932174682617188,0.8323985332982152,[1.20991993],5.0,0.6,0.0,-0.0402775230708286,1.9555462779562103,0.4999987923766245
2.5041189193725586,0.8368927037831586,[1.21084297],5.0,0.6,0.0,0.14288590005809396,1.9382461257056143,0.4999848022672142
2.513960599899292,0.8409960768346287,[1.21177054],5.0,0.6,0.0,0.18091125510513673,1.922960809886339,0.49997563719734356
2.525653839111328,0.8456856460363087,[1.21270408],5.0,0.6,0.0,0.1628063997096144,1.921952743680023,0.4999802693675118
2.5358917713165283,0.8499844178045155,[1.21364654],5.0,0.6,0.0,0.12811386228020671,1.9017410281037492,0.4999877821862131
2.546208143234253,0.8540877908559856,[1.21459899],5.0,0.6,0.0,0.0931343070001362,1.8844070498553667,0.49999354311725097
2.5560195446014404,0.857995765190719,[1.21556095],5.0,0.6,0.0,0.06359083579128741,1.869518181017708,0.4999969898142071
2.5668234825134277,0.8622945369589258,[1.21653228],5.0,0.6,0.0,0.0406479531536511,1.8539852597362008,0.4999987700738004
2.576249599456787,0.8658117138601857,[1.21751317],5.0,0.6,0.0,0.02370183229925562,1.8433736979756141,0.4999995818312188
2.586819648742676,0.8703058843451292,[1.21850418],5.0,0.6,0.0,0.011622009713764472,1.8287434641667824,0.49999989948245155
2.597975969314575,0.8748000548300726,[1.2195082],5.0,0.6,0.0,0.0032648373455286695,1.835657033895606,0.4999999921130779
2.606964111328125,0.8783172317313327,[1.22052811],5.0,0.6,0.0,-0.0023449569509224593,1.8002391811431362,0.4999999959739869
2.615142345428467,0.8812482124823828,[1.22156264],5.0,0.6,0.0,-0.005976095108558776,1.7967516430257016,0.499999973501897
2.6259207725524902,0.8853515855338528,[1.22261116],5.0,0.6,0.0,-0.008208476598206485,1.7876252404803286,0.4999999499748963
2.637084484100342,0.8898457560187963,[1.22367798],5.0,0.6,0.0,-0.009467804238487035,1.7998470335183323,0.4999999334814273
2.646277904510498,0.8937537303535298,[1.22476713],5.0,0.6,0.0,-0.010060922636789513,1.7610418131934789,0.49999992495417844
2.654050588607788,0.8968801098213164,[1.2258752],5.0,0.6,0.0,-0.010206098091879428,1.7329899093136982,0.49999992285675654
2.6629841327667236,0.900592685439313,[1.22699712],5.0,0.6,0.0,-0.010056979405731893,1.7336673544239205,0.4999999252664958
2.6720468997955322,0.9041098623405732,[1.22813366],5.0,0.6,0.0,-0.00972074680352187,1.7327364448982194,0.4999999304189845
2.681149482727051,0.90782243795857,[1.22928822],5.0,0.6,0.0,-0.009271498753200644,1.728992590981032,0.49999993706759027
2.6904332637786865,0.9115350135765666,[1.23046398],5.0,0.6,0.0,-0.008759958873030292,1.723696771969007,0.4999999443395013
2.7020552158355713,0.9160291840615101,[1.23166386],5.0,0.6,0.0,-0.008220434094481137,1.713579054107406,0.4999999519183124
2.713029384613037,0.9205233545464535,[1.23289044],5.0,0.6,0.0,-0.007675762677394612,1.70263369768659,0.49999995949079123
2.7209861278533936,0.9238451327309769,[1.234146],5.0,0.6,0.0,-0.007140812459790114,1.6968337792927506,0.4999999663737368
2.7319746017456055,0.9281439044991837,[1.23543245],5.0,0.6,0.0,-0.006624943260279506,1.68581843886467,0.4999999736124126
2.743117570877075,0.9324426762673904,[1.23675427],5.0,0.6,0.0,-0.00613373397741543,1.7013257671591688,0.4999999810381465
2.7512292861938477,0.9353736570184404,[1.23811509],5.0,0.6,0.0,-0.005670190143646788,1.6614985282034798,0.4999999870107319
2.7589805126190186,0.9385000364862272,[1.23950888],5.0,0.6,0.0,-0.005235585631259093,1.6288068031244451,0.49999999308567594
2.7675468921661377,0.9420172133874872,[1.24092734],5.0,0.6,0.0,-0.004830047410068007,1.6307743652049758,0.4999999999874509
2.7769510746002197,0.945729789005484,[1.24236914],5.0,0.6,0.0,0.27158539945094207,1.628455788246736,0.49994511979530615
2.7875804901123047,0.949833162056954,[1.24383597],5.0,0.6,0.0,0.30505971751823413,1.6218146892919842,0.4999307608740224
2.796936273574829,0.9533503389582141,[1.24532904],5.0,0.6,0.0,-0.02575220460779154,1.6165179808470462,0.49999954569963084
2.805495023727417,0.9570629145762107,[1.2468491],5.0,0.6,0.0,-0.13466264473803086,1.6090021889676425,0.49998655201045494
2.8139328956604004,0.9607754901942076,[1.24839647],5.0,0.6,0.0,-0.14981187230409843,1.6005628344684077,0.49998335849528247
2.825969696044922,0.9654650593958877,[1.24997409],5.0,0.6,0.0,0.14594446595946903,1.6133937187593297,0.4999842378263283
2.8376407623291016,0.9697638311640945,[1.25158706],5.0,0.6,0.0,-0.06820936079884529,1.5933307302019424,0.4999966629429961
2.8449370861053467,0.9724994131984078,[1.25323014],5.0,0.6,0.0,-0.12900816160182993,1.5877652695584192,0.4999877537985508
2.8582394123077393,0.9779705772670346,[1.25489241],5.0,0.6,0.0,0.14871158572323706,1.589159750959097,0.4999837561079612
2.8689355850219727,0.9822693490352413,[1.25657335],5.0,0.6,0.0,0.20484465484639874,1.5649497535629706,0.49996905634670924
2.8799588680267334,0.986568120803448,[1.25827812],5.0,0.6,0.0,0.1765033945970993,1.5681684413591404,0.49997719673048807
2.8891139030456543,0.9900852977047081,[1.26000764],5.0,0.6,0.0,0.12422819900196247,1.5203345252104057,0.49998898155450183
2.8989486694335938,0.9941886707561782,[1.26175635],5.0,0.6,0.0,0.07268782500055174,1.5056960567260653,0.4999966716852067
2.9092485904693604,0.9982920438076482,[1.26351913],5.0,0.6,0.0,0.03030448071259556,1.4919696675072478,0.5000000923962613
2.9204020500183105,1.0027862142925916,[1.26529721],5.0,0.6,0.0,-0.0014411183615375932,1.502372298697563,0.5000010321145943
2.9281394481658936,1.006107992477115,[1.26709126],5.0,0.6,0.0,-0.023712406232292753,1.4595138737901192,0.5000007943926192
2.9380035400390625,1.0102113655285851,[1.26889574],5.0,0.6,0.0,-0.038416872325379235,1.448714587871891,0.5000004416919493
2.946981906890869,1.013923941146582,[1.27070853],5.0,0.6,0.0,-0.047429970780481986,1.4654111406446093,0.5000001989683287
2.9579591751098633,1.0182227129147887,[1.27253328],5.0,0.6,0.0,0.2237095591784043,1.445423609655854,0.4999651598212368
2.9669437408447266,1.021544491099312,[1.27436717],5.0,0.6,0.0,0.2548188504055594,1.4057097131163159,0.49995447212918753
2.975919246673584,1.025061668000572,[1.2762019],5.0,0.6,0.0,0.19966981322308433,1.4006416173293383,0.49997364728843413
2.9854846000671387,1.028578844901832,[1.27803321],5.0,0.6,0.0,0.12482787359866143,1.3945705370532784,0.49999233629660045
2.9949889183044434,1.032291420519829,[1.27986024],5.0,0.6,0.0,0.056366853433407874,1.3867169944518052,0.5000023815661445
3.0067718029022217,1.0367855910047723,[1.28168228],5.0,0.6,0.0,0.0022916809242673405,1.3742912754802048,0.5000061718568188
3.0174508094787598,1.041084362772979,[1.28349874],5.0,0.6,0.0,-0.03690446603402922,1.362473587229261,0.5000068522917064
3.0258750915527344,1.0447969383909759,[1.28530913],5.0,0.6,0.0,-0.06341944525052257,1.3531836658879146,0.5000064585870523
3.036104202270508,1.048704912725709,[1.2871131],5.0,0.6,0.0,-0.08005220905990541,1.3427811333041753,0.50000679272302
3.0444324016571045,1.0522220896269692,[1.28891039],5.0,0.6,0.0,-0.08938204787577367,1.3343105146810093,0.5000076688365824
3.052917718887329,1.0555438678114926,[1.29069811],5.0,0.6,0.0,-0.09351509089414264,1.2998740576143268,0.5000092270907498
3.0629472732543945,1.0592564434294893,[1.29247117],5.0,0.6,0.0,-0.09406730640150714,1.29809992481939,0.500012285277257
3.0712194442749023,1.0627736203307494,[1.29422821],5.0,0.6,0.0,-0.09223276682716733,1.2949638421763625,0.5000158935715086
3.082265615463257,1.0670723920989562,[1.29597379],5.0,0.6,0.0,-0.08887146143365746,1.3122042220647088,0.5000222367154754
3.090650796890259,1.0705895690002163,[1.29771193],5.0,0.6,0.0,-0.08459072793394773,1.2723229532639726,0.5000277424402763
3.0983028411865234,1.073715948468003,[1.29944059],5.0,0.6,0.0,-0.07981218921377248,1.269311909755771,0.5000327899767871
3.10593843460083,1.0768423279357897,[1.30115539],5.0,0.6,0.0,-0.07482353329890865,1.238060055845398,0.5000384489085117
3.1154067516326904,1.0803595048370498,[1.30285278],5.0,0.6,0.0,-0.06981718187159908,1.2390072127346348,0.500046513495297
3.123947858810425,1.0836812830215732,[1.3045327],5.0,0.6,0.0,-0.06491853307801485,1.2378664055820112,0.5000548626964543
3.1331870555877686,1.0870030612060964,[1.3061953],5.0,0.6,0.0,-0.060206285406268406,1.2072364142308873,0.5000644204100265
3.141928195953369,1.0905202381073567,[1.30783819],5.0,0.6,0.0,-0.05572691052857698,1.2092772721633922,0.5000767392241592
3.1507318019866943,1.0940374150086165,[1.30946226],5.0,0.6,0.0,-0.3275432386697028,1.2079564360420862,0.5000132682281145
3.1594228744506836,1.09794538934335,[1.31107123],5.0,0.6,0.0,-0.3567128022932943,1.2018164211547864,0.5000186957865795
3.1669986248016357,1.1008763700944002,[1.31266562],5.0,0.6,0.0,-0.29792733702622787,1.1719148690745156,0.500060979918202
3.1772725582122803,1.10497974314587,[1.31424603],5.0,0.6,0.0,-0.21841446281282417,1.1960473083551135,0.5001216137028328
3.1874592304229736,1.1086923187638669,[1.3158158],5.0,0.6,0.0,-0.14471383546551256,1.158557148377292,0.5001722308646649
3.196493148803711,1.1124048943818636,[1.31737515],5.0,0.6,0.0,-0.08515130477942912,1.1549146022688013,0.500218894644554
3.2049400806427,1.115726672566387,[1.31892439],5.0,0.6,0.0,-0.040436306391240545,1.1510812456702453,0.5002579953568196
3.2169673442840576,1.1206116404848039,[1.32046922],5.0,0.6,0.0,-0.008512827420111658,1.1633265362543905,0.5003392512542791
3.225228786468506,1.1239334186693273,[1.32201453],5.0,0.6,0.0,0.013328475223237555,1.123764629703619,0.5003907027359057
3.2359962463378906,1.1280367917207974,[1.32355902],5.0,0.6,0.0,0.02761352788419642,1.114612055908189,0.5004774855481261
3.245900869369507,1.1319447660555308,[1.32510161],5.0,0.6,0.0,0.03641994571057649,1.1054915303166242,0.5005735685745105
3.255950927734375,1.135852740390264,[1.32664403],5.0,0.6,0.0,0.041351984384752946,1.0954695944478772,0.5006877312566188
3.266900062561035,1.1401515121584709,[1.32818775],5.0,0.6,0.0,0.04360316181111607,1.0829252296291347,0.5008475221606188
3.280026912689209,1.145427277510361,[1.32973663],5.0,0.6,0.0,0.044040140263044134,1.0902457436299648,0.5011190483804606
3.2879483699798584,1.148358258261411,[1.33129387],5.0,0.6,0.0,0.04328143905614458,1.0512620290762544,0.5012380553071457
3.2982802391052246,1.152461631312881,[1.33285941],5.0,0.6,0.0,0.041762504959703114,1.0664329236635957,0.5014891601204648
3.3081815242767334,1.1569558017978245,[1.33443576],5.0,0.6,0.0,0.03978622329162325,1.0466016068043615,0.501835443812334
3.3158788681030273,1.1598867825488746,[1.33602227],5.0,0.6,0.0,-0.23847762513572826,1.0103148152111052,0.5019774964584707
3.325920581817627,1.1639901556003445,[1.33761292],5.0,0.6,0.0,-0.2739358476781099,1.0027559474826457,0.5023521091013421
3.3364498615264893,1.1680935286518146,[1.33920529],5.0,0.6,0.0,-0.22118636623028143,0.9940566778352788,0.5028266928680586
3.3444366455078125,1.1712199081196015,[1.34080007],5.0,0.6,0.0,-0.14740216917797608,0.9893831573537165,0.5031618795071904
3.355577230453491,1.1753232811710714,[1.3423979],5.0,0.6,0.0,-0.07909496511078143,0.9787346445721254,0.5037574153696697
3.365983009338379,1.1794266542225416,[1.34399925],5.0,0.6,0.0,-0.02458058197627342,0.9678867771775903,0.5044407613782936
3.375910997390747,1.1835300272740117,[1.34560461],5.0,0.6,0.0,0.015429747006108368,0.9567736657927965,0.5052283075660853
3.3842222690582275,1.1870472041752715,[1.34721438],5.0,0.6,0.0,0.042982651080779595,0.9483069654945285,0.5059110172327483
3.3924171924591064,1.1901735836430585,[1.34882894],5.0,0.6,0.0,0.060773420748024484,0.9416224893576902,0.506507974205687
3.4009060859680176,1.1932999631108452,[1.35044586],5.0,0.6,0.0,0.07131125585030856,0.9080246705797386,0.5071582111176712
3.4101033210754395,1.1968171400121053,[1.3520603],5.0,0.6,0.0,0.0766557222830276,0.90683968751909,0.5080617068829938
3.419919729232788,1.200529715630102,[1.35367094],5.0,0.6,0.0,0.07839260671447713,0.9022876102298714,0.5091780060181136
3.42992901802063,1.2048284873983088,[1.3552767],5.0,0.6,0.0,0.07769713041905205,0.865768632020908,0.5108092998650877
3.442063570022583,1.209908854033462,[1.35687661],5.0,0.6,0.0,0.07541820890060216,0.8853316861981745,0.5132969197052925
3.4504809379577637,1.2134260309347222,[1.3584753],5.0,0.6,0.0,0.07215739460211645,0.875033396854822,0.5148743227468865
3.4583637714385986,1.2163570116857723,[1.36007655],5.0,0.6,0.0,0.0683340768098829,0.8672374470391637,0.5160623492108569
3.466761827468872,1.2196787898702957,[1.36167796],5.0,0.6,0.0,0.06423605435154488,0.8315168067179147,0.517722398155028
3.475008726119995,1.223000568054819,[1.36327207],5.0,0.6,0.0,0.060057368605470327,0.8028570674089327,0.5195387372586706
3.48608660697937,1.2274947385397625,[1.36485519],5.0,0.6,0.0,0.05592597114930309,0.8267274206768908,0.5229673875201594
3.495706558227539,1.231207314157759,[1.36643211],5.0,0.6,0.0,0.05192365438539279,0.816597291122382,0.5258039747923507
3.504885673522949,1.234919889775756,[1.36800679],5.0,0.6,0.0,0.04810025793690746,0.8056857918413176,0.5289413483332818
3.5139169692993164,1.2386324653937526,[1.3695798],5.0,0.6,0.0,0.044483716059901666,0.7944080788796543,0.5324035854235509
3.5218842029571533,1.2417588448615395,[1.37114894],5.0,0.6,0.0,0.04108711971888786,0.7607089440300828,0.5351407039322317
3.532982349395752,1.2460576166297461,[1.37270975],5.0,0.6,0.0,0.03791365370858278,0.7538053006639753,0.5404301759600143
3.54288387298584,1.2497701922477427,[1.37426349],5.0,0.6,0.0,0.03496003036217431,0.7718520308491997,0.5450610875881394
3.5529885292053223,1.2540689640159497,[1.37581625],5.0,0.6,0.0,0.032218864425111945,0.7538929592518759,0.5515865075652233
3.5619187355041504,1.2575861409172095,[1.37736806],5.0,0.6,0.0,0.029680304928702966,0.7161015353140068,0.5567242701605511
3.5728518962860107,1.2616895139686797,[1.37891387],5.0,0.6,0.0,0.027333147351420905,0.7078672771225967,0.5640354357867815
3.5830471515655518,1.2657928870201498,[1.38045436],5.0,0.6,0.0,0.025165583363587575,0.7221662511693262,0.5721175897598766
3.591488838195801,1.2693100639214097,[1.38199259],5.0,0.6,0.0,0.023165698668858706,0.6833159381416967,0.5789077870336091
3.5990726947784424,1.272631842105933,[1.38352619],5.0,0.6,0.0,0.021321796414471673,0.6776584778545635,0.5854763694806919
3.606912612915039,1.27575822157372,[1.38505074],5.0,0.6,0.0,0.019622600377217907,0.6472999135861943,0.591723748812224
3.617947816848755,1.2800569933419268,[1.38656257],5.0,0.6,0.0,0.01805737578445267,0.6423717051615806,0.6034476289747919
3.6279163360595703,1.2837695689599238,[1.38806119],5.0,0.6,0.0,0.01661599416001803,0.6377716904314084,0.6135683769926497
3.6389174461364746,1.2880683407281304,[1.38954883],5.0,0.6,0.0,0.015288960550138177,0.6284200699740241,0.6274973799971699
3.6469171047210693,1.2913901189126538,[1.39102759],5.0,0.6,0.0,0.014067415860197168,0.6226261569373207,0.6373083293597761
3.6579105854034424,1.2954934919641234,[1.39249943],5.0,0.6,0.0,0.012943123103179615,0.6121943845991206,0.6522804659948367
3.6679086685180664,1.2995968650155938,[1.39396622],5.0,0.6,0.0,0.011908443615265166,0.6012768862364453,0.6684501104386402
3.6769003868103027,1.302918643200117,[1.39542975],5.0,0.6,0.0,0.010956307379262531,0.593936759164568,0.68056554118336
3.6891231536865234,1.307803611118534,[1.39689433],5.0,0.6,0.0,0.01008018026664819,0.6035028738896812,0.7044500154686097
3.6968984603881836,1.3109299905863208,[1.39836382],5.0,0.6,0.0,0.00927403008000514,0.5650582186673747,0.7167663758936205
3.7068870067596436,1.3146425662043173,[1.39983646],5.0,0.6,0.0,0.008532292638023627,0.5578049135423362,0.7341952122576895
3.7162671089172363,1.318355141822314,[1.40131102],5.0,0.6,0.0,0.007849838702139999,0.5503656553795808,0.7525020788335006
3.7289657592773438,1.3234355084574676,[1.40279198],5.0,0.6,0.0,0.00722194223863875,0.5612704445057322,0.7837987340068109
3.736905574798584,1.3265618879252543,[1.40428334],5.0,0.6,0.0,0.006644250302402896,0.522886433244491,0.7987569885230159
3.7478981018066406,1.330860659693461,[1.40578325],5.0,0.6,0.0,0.006112754688165838,0.5139590372548912,0.8254068540826633
3.7572009563446045,1.3345732353114577,[1.40729039],5.0,0.6,0.0,0.005623765400142713,0.507471903749201,0.8473032698103744
3.767881393432617,1.3386766083629278,[1.40880656],5.0,0.6,0.0,0.005173885929063172,0.49848884478459654,0.873946699406881
3.77711820602417,1.3425845826976612,[1.41033351],5.0,0.6,0.0,0.0047599902873058896,0.4901514443240382,0.8993234822374092
3.784940242767334,1.3455155634487113,[1.41187291],5.0,0.6,0.0,0.004379201727166519,0.4863539296025476,0.9145094266792477
3.794431447982788,1.3494235377834447,[1.41342632],5.0,0.6,0.0,0.004028873052981951,0.47746984984029184,0.940752773025698
3.802919864654541,1.3525499172512316,[1.41499215],5.0,0.6,0.0,0.003706568433560758,0.44375514669989313,0.9584947189855504
3.8111624717712402,1.3560670941524915,[1.41656619],5.0,0.6,0.0,0.003410046616254009,0.4448639324573123,0.9809326042463604
3.8218607902526855,1.3601704672039616,[1.41814798],5.0,0.6,0.0,0.0031372454471013623,0.4406588174605235,1.0105440790870133
3.8329315185546875,1.3644692389721682,[1.41974026],5.0,0.6,0.0,0.0028862676034181276,0.4336481613826363,1.0428202064868786
3.8433923721313477,1.3683772133069014,[1.42134863],5.0,0.6,0.0,0.0026553674496681183,0.4550421820254166,1.070527305413515
3.8513965606689453,1.3713081940579517,[1.42297784],5.0,0.6,0.0,0.0024429389318331393,0.4160230465565227,1.0862842669768362
3.861952066421509,1.3756069658261585,[1.42462557],5.0,0.6,0.0,0.0022475044319927627,0.40832177929299823,1.1184340364085934
3.8728737831115723,1.3799057375943653,[1.42628982],5.0,0.6,0.0,0.002067704507689109,0.3996537686712231,1.1503161696401143
3.8828988075256348,1.3838137119290987,[1.42797196],5.0,0.6,0.0,0.0019022884482203808,0.39169929572872153,1.1770634999347553
3.8931896686553955,1.3881124836973056,[1.42967625],5.0,0.6,0.0,0.0017501055832588248,0.4091793968621161,1.2078597547480006
3.9059066772460938,1.3931928503324589,[1.43141249],5.0,0.6,0.0,0.0016100972841889016,0.41228426339261975,1.2466578486680278
3.9164891242980957,1.3974916221006655,[1.43318539],5.0,0.6,0.0,0.0014812896047557641,0.36076904580859004,1.2750644642834348
3.925776481628418,1.4010087990019255,[1.43498873],5.0,0.6,0.0,0.27740114618742734,0.35036218830622007,1.29374003802938
3.93388295173645,1.4041351784697123,[1.43681672],5.0,0.6,0.0,0.3104167264787767,0.3426482808019054,1.307586271643519
3.9441182613372803,1.408433950237919,[1.43866723],5.0,0.6,0.0,0.25521916883119883,0.3292672513689159,1.332877755430305
3.9519193172454834,1.4115603297057058,[1.44053487],5.0,0.6,0.0,0.1790418866944382,0.29266503701329716,1.3454104873974457
3.962578773498535,1.415663702757176,[1.44241154],5.0,0.6,0.0,0.10843431423778555,0.288827163465075,1.3666678594816046
3.9728996753692627,1.4195716770919091,[1.4442932],5.0,0.6,0.0,0.051734415293971395,0.2831934310777979,1.3849422038328962
3.981175422668457,1.4226980565596958,[1.44617918],5.0,0.6,0.0,-0.26637340464157805,0.27949497917563093,1.395537105975499
3.990438461303711,1.4262152334609561,[1.44806858],5.0,0.6,0.0,-0.32897924881426976,0.27245105394198127,1.408825306644645
3.9988794326782227,1.4295370116454795,[1.44996026],5.0,0.6,0.0,-0.2934705954127388,0.265218635595413,1.4198989263572364
4.010205984115601,1.434031182130423,[1.45185287],5.0,0.6,0.0,-0.22959407079367272,0.2511996899659237,1.4384137387763671
4.018675327301025,1.4373529603149464,[1.45374488],5.0,0.6,0.0,-0.16596450247067882,0.24230033346255728,1.447658935229755
4.028880834579468,1.4412609346496796,[1.45563457],5.0,0.6,0.0,-0.11251249802672084,0.2302171834729852,1.459512353466219
4.040133714675903,1.4457551051346231,[1.45752016],5.0,0.6,0.0,-0.07114340001985381,0.2147839398164824,1.4726925983093824
4.0495445728302,1.4494676807526197,[1.45939978],5.0,0.6,0.0,-0.0406714057067566,0.20283553282866013,1.480462784128955
4.056976556777954,1.45239866150367,[1.46126889],5.0,0.6,0.0,-0.01900990083416057,0.16913863635517284,1.4843867116958078
4.065520763397217,1.45532964225472,[1.46312077],5.0,0.6,0.0,-0.28011130035570914,0.16871604131039192,1.4878746471802873
4.072899341583252,1.4578698255722966,[1.46494975],5.0,0.6,0.0,-0.5792917535789327,0.14253684269611683,1.4897752770492254
4.08285117149353,1.4613870024735567,[1.4667535],5.0,0.6,0.0,-0.8269378749387661,0.16716935451445827,1.4937479149348487
4.092378377914429,1.46470878065808,[1.46853494],5.0,0.6,0.0,-1.001013923880811,0.15681866702769492,1.496331024001191
4.100207805633545,1.4674443626923934,[1.47029397],5.0,0.6,0.0,-1.1063137931188263,0.12550156570710927,1.4974669975333454
4.108891487121582,1.4705707421601801,[1.47202548],5.0,0.6,0.0,-1.432223351498188,0.12261815416619354,1.4980522028748267
4.11820125579834,1.4736971216279668,[1.47372745],5.0,0.6,0.0,-2.026098093149736,0.11765703610030742,1.496953316149674
4.125859975814819,1.4758465075120701,[1.47539828],5.0,0.6,0.0,-2.5691082457832746,0.09380369344252534,1.495070600664902
4.135390281677246,1.4787774882631204,[1.47703442],5.0,0.6,0.0,-2.685700413124575,0.0939316874779745,1.4940519051111705
4.142870903015137,1.4807314754304872,[1.47863308],5.0,0.6,0.0,-2.8866434321281704,0.0743893885026595,1.4929551814866073
4.151879549026489,1.4832716587480639,[1.48019213],5.0,0.6,0.0,-3.0419285305706985,0.07859929167289002,1.4912641453673163
4.160539388656616,1.4854210446321672,[1.48171209],5.0,0.6,0.0,-3.11650446752175,0.08131754339901108,1.4900744682685065
4.168247699737549,1.487375031799534,[1.48319569],5.0,0.6,0.0,-3.1135245728415075,0.08238171579725588,1.489348293002189
4.176997661590576,1.4895244176836373,[1.48464337],5.0,0.6,0.0,-3.3248139451698795,0.060392187360003895,1.4870848664330822
4.187855958938599,1.4920646010012137,[1.48605556],5.0,0.6,0.0,-3.801093633069227,0.08149423847140388,1.4821638147657905
4.196855545043945,1.4938231894518441,[1.48743469],5.0,0.6,0.0,-4.226593938284694,0.05900806945415367,1.4787478811626755
4.20598578453064,1.4959725753359474,[1.48878103],5.0,0.6,0.0,-3.952102377668292,0.05852891896944913,1.478216922448605
4.214406251907349,1.497340366353104,[1.49009472],5.0,0.6,0.0,-3.732979963917801,0.060048515488271226,1.479288590401798
4.2218663692474365,1.4989035560869972,[1.49137602],5.0,0.6,0.0,-3.5285239145037046,0.041601496628210916,1.4795484360259337
4.229896783828735,1.5000759483874173,[1.49262349],5.0,0.6,0.0,-3.3252947968205904,0.047028257461542274,1.4807897496844047
4.239149808883667,1.5014437394045743,[1.49383763],5.0,0.6,0.0,-3.3972091056314166,0.049190988816252654,1.479978338946755
4.246881008148193,1.5024207329882575,[1.49501901],5.0,0.6,0.0,-3.2272510101529988,0.035463866693625445,1.4814094554997588
4.256886720657349,1.5035931252886776,[1.49616662],5.0,0.6,0.0,-2.9729750265125032,0.04078299731807311,1.4824936838150498
4.265190601348877,1.5041793214388874,[1.49728129],5.0,0.6,0.0,-2.9802237791360655,0.04685536434498404,1.4839605116951327
4.274015188217163,1.5049609163058342,[1.49836389],5.0,0.6,0.0,-3.0345435484885415,0.03562782725632567,1.4845256087123175
4.2833030223846436,1.505742511172781,[1.49941534],5.0,0.6,0.0,-2.7812465467902214,0.05784308799326463,1.486300186797438
4.291027307510376,1.506328707322991,[1.50043807],5.0,0.6,0.0,-2.443648416574714,0.0452746397079637,1.4886586713762981
4.298844337463379,1.5067195047564643,[1.50143301],5.0,0.6,0.0,-2.113725186718716,0.05270222179501047,1.4911113638156237
4.3095738887786865,1.5073057009066742,[1.50240124],5.0,0.6,0.0,-1.8235939862105413,0.05819642634903374,1.4927314180201887
4.319955110549927,1.5076964983401473,[1.50334539],5.0,0.6,0.0,-1.8555559790930456,0.06428596658102265,1.4936642576101606
4.327940464019775,1.5076964983401473,[1.50426671],5.0,0.6,0.0,-1.686854170171835,0.057074369841102625,1.4955363770809873
4.337562561035156,1.508087295773621,[1.50516524],5.0,0.6,0.0,-1.1893113510441746,0.06661300255528849,1.4972419530735332
4.345005750656128,1.508087295773621,[1.50604288],5.0,0.6,0.0,-0.9421814857304252,0.0772629167283029,1.4985040525854139
4.35309362411499,1.508087295773621,[1.50690316],5.0,0.6,0.0,-0.5352947284469193,0.08678254635006633,1.4995063463512222
4.362710475921631,1.508087295773621,[1.5077495],5.0,0.6,0.0,-0.14785119909167382,0.0957243491971996,1.4999609073855036
4.372893810272217,1.508087295773621,[1.50858374],5.0,0.6,0.0,0.16149155468232,0.087624558098176,1.4999312974114873
4.381374359130859,1.508087295773621,[1.50940623],5.0,0.6,0.0,0.38497283684585143,0.1004497453162877,1.4995418320622027
4.390881299972534,1.508087295773621,[1.51021928],5.0,0.6,0.0,0.8097639671763012,0.11173675289744653,1.4986034667474313
4.399993419647217,1.508087295773621,[1.51102677],5.0,0.6,0.0,1.2089493862475869,0.12162025238016066,1.4971865877683599
4.408895492553711,1.508087295773621,[1.51183064],5.0,0.6,0.0,1.785575503713618,0.11243560693701636,1.4948336656700065
4.417922496795654,1.508087295773621,[1.51263103],5.0,0.6,0.0,2.5643900173783027,0.12479084279674724,1.4910080519170343
4.426854133605957,1.508087295773621,[1.51342984],5.0,0.6,0.0,2.9535233971354264,0.13493786551833148,1.4878560542278207
4.435219049453735,1.508087295773621,[1.51423039],5.0,0.6,0.0,3.383840188533549,0.14267833608565514,1.484029472923456
4.444169044494629,1.508087295773621,[1.51503529],5.0,0.6,0.0,3.705051765852013,0.1488529803670445,1.48027655873168
4.453176498413086,1.508087295773621,[1.51584649],5.0,0.6,0.0,3.8856406433561,0.1533501948520193,1.476917439423511
4.4608659744262695,1.508087295773621,[1.5166637],5.0,0.6,0.0,3.940009437073903,0.1406850897797279,1.4739734310395636
4.471083641052246,1.508087295773621,[1.51748464],5.0,0.6,0.0,3.8961251797612637,0.14780798012608193,1.4713199360118905
4.48078465461731,1.508087295773621,[1.5183084],5.0,0.6,0.0,3.782187946749075,0.15231968112163957,1.4687865728611924
4.490621328353882,1.508087295773621,[1.51913501],5.0,0.6,0.0,3.6219554744729616,0.15442651242537908,1.4662144270549744
4.499896049499512,1.508087295773621,[1.5199636],5.0,0.6,0.0,3.4337966391926606,0.15452006307507607,1.4634842354761342
4.510773420333862,1.508087295773621,[1.52079247],5.0,0.6,0.0,3.2311901340579405,0.1531866970812893,1.4605193752666417
4.520114898681641,1.508087295773621,[1.52161915],5.0,0.6,0.0,3.0236524335970087,0.15031201544687153,1.4572807317836203
4.52944540977478,1.508087295773621,[1.52244045],5.0,0.6,0.0,2.8176752221254464,0.14654724210922485,1.4537594720583227
4.538916110992432,1.508087295773621,[1.52325262],5.0,0.6,0.0,2.61752405562256,0.14169998963245195,1.4499701303950354
4.547910928726196,1.508087295773621,[1.52405102],5.0,0.6,0.0,2.425867308567658,0.13177611130704095,1.4459474243627346
4.559199094772339,1.508087295773621,[1.52483077],5.0,0.6,0.0,2.244250138812627,0.13214224026059868,1.4417388556269137
4.566883087158203,1.508087295773621,[1.52558755],5.0,0.6,0.0,2.0734419735358602,0.124051760104019,1.4373962880514553
4.576482057571411,1.508087295773621,[1.52631694],5.0,0.6,0.0,1.913686555421252,0.11965333656132297,1.432977912924259
4.584391117095947,1.508087295773621,[1.52701444],5.0,0.6,0.0,1.764879412669575,0.11449254047477417,1.428545823436502
4.595390319824219,1.508087295773621,[1.52767594],5.0,0.6,0.0,1.626692418755547,0.10916196065400927,1.4241619509670211
4.602902173995972,1.508087295773621,[1.52829771],5.0,0.6,0.0,1.4986603325858403,0.10646677943152155,1.4198864906767874
4.610856771469116,1.508087295773621,[1.52887655],5.0,0.6,0.0,1.3802402990910188,0.1010815594659095,1.4157757626680696
4.621990203857422,1.508087295773621,[1.52940934],5.0,0.6,0.0,1.270852269332436,0.09559889956322144,1.4118845294923221
4.631472110748291,1.508087295773621,[1.52989307],5.0,0.6,0.0,1.1699060431990636,0.09009306049908739,1.4082657228351794
4.643299579620361,1.508087295773621,[1.530325],5.0,0.6,0.0,1.0768189882799608,0.08479949376980653,1.4049680399223954
4.651883363723755,1.508087295773621,[1.53070282],5.0,0.6,0.0,0.9910272990671216,0.07962350212904824,1.4020349937564647
4.66216778755188,1.508087295773621,[1.53102381],5.0,0.6,0.0,0.9119928109733328,0.0661399791538371,1.3995106879894743
4.674295902252197,1.508087295773621,[1.53128498],5.0,0.6,0.0,0.8392067806460212,0.063355137879636,1.3974388932800783
4.685154676437378,1.508087295773621,[1.53148475],5.0,0.6,0.0,0.7721916181139483,0.060083138807433975,1.395849100616949
4.6941797733306885,1.508087295773621,[1.53162271],5.0,0.6,0.0,0.7105012564756719,0.05615069085237758,1.394757168910528
4.70386004447937,1.508087295773621,[1.53169878],5.0,0.6,0.0,0.6537206343587605,0.051778571936178124,1.3941729837724912
4.712980508804321,1.508087295773621,[1.53171423],5.0,0.6,0.0,0.6014646189576387,0.059241510722298656,1.3940912587487673
4.724762916564941,1.508087295773621,[1.53167028],5.0,0.6,0.0,0.5533765944177205,0.03747447144731121,1.3945037893866112
4.733927488327026,1.508087295773621,[1.53156705],5.0,0.6,0.0,0.5091268684646831,0.04630515028516349,1.3954085391355044
4.7443037033081055,1.5078918970568842,[1.53140462],5.0,0.6,0.0,0.46841100016612125,0.02227793395533104,1.395160669808123
4.7529706954956055,1.508087295773621,[1.53118304],5.0,0.6,0.0,0.4309481170070344,0.03189264485605265,1.3986726015650823
4.767996549606323,1.5078918970568842,[1.5309023],5.0,0.6,0.0,0.3964792654590002,0.00454120452276643,1.3994014387744502
4.777441740036011,1.5078918970568842,[1.53056051],5.0,0.6,0.0,0.3647658226983437,-0.0023030971927541504,1.4022325434655583
4.785817861557007,1.5078918970568842,[1.53015595],5.0,0.6,0.0,0.33558798581936744,-0.010101887065227255,1.405534219259808
4.795850515365601,1.5078918970568842,[1.52969065],5.0,0.6,0.0,0.30874334721146496,0.002290974116052681,1.409268201112136
4.804814338684082,1.5076964983401473,[1.52916838],5.0,0.6,0.0,0.28404555961581246,-0.010901705463116685,1.4118550828985563
4.820701360702515,1.5076964983401473,[1.52859044],5.0,0.6,0.0,-0.01471526870479234,-0.023968672059429024,1.4163915968823804
4.831138372421265,1.5075010996234108,[1.52795592],5.0,0.6,0.0,-0.06874489585477832,-0.03521117822010263,1.419722069608131
4.842215299606323,1.5073057009066742,[1.52726168],5.0,0.6,0.0,-0.032880508319070585,-0.06900252894389101,1.4234403117637067
4.85245156288147,1.5071103021899377,[1.52650033],5.0,0.6,0.0,-0.25052827526520566,-0.0952238257513157,1.4275162430578276
4.862823486328125,1.5067195047564643,[1.52566324],5.0,0.6,0.0,-0.505447540931546,-0.11459286924381534,1.4305520047862181
4.871479034423828,1.506133308606254,[1.52474843],5.0,0.6,0.0,-0.9939065578966906,-0.0829266625370777,1.4323076341216592
4.879866123199463,1.505742511172781,[1.52376242],5.0,0.6,0.0,-1.4528312828619123,-0.08476669298141581,1.4355517115968832
4.889863729476929,1.5047655175890977,[1.52270911],5.0,0.6,0.0,-1.7976162926654244,-0.10734617667978824,1.4352353456935796
4.899076461791992,1.5039839227221508,[1.52159024],5.0,0.6,0.0,-2.2946061264908924,-0.07766363774673367,1.4359820941870065
4.908340215682983,1.503202327855204,[1.52041326],5.0,0.6,0.0,-2.718642571706702,-0.07943389641437264,1.4370057942575327
4.917843818664551,1.5022253342715206,[1.51918552],5.0,0.6,0.0,-3.282035750017397,-0.07918867195426106,1.436139415397609
4.9281065464019775,1.500857543254364,[1.51791185],5.0,0.6,0.0,-3.7438726635054094,-0.07614736404609544,1.4331638427091629
4.937823534011841,1.4996851509539442,[1.51659739],5.0,0.6,0.0,-3.7642946145170466,-0.07340143622940441,1.4339630865331239
4.946824073791504,1.498121961220051,[1.51524972],5.0,0.6,0.0,-3.8695676012235545,-0.046460596715741986,1.4319930210860834
4.955893039703369,1.4969495689196308,[1.5138784],5.0,0.6,0.0,-3.6596875830562086,-0.049169954654579885,1.4344234010058692
4.965059518814087,1.4953863791857371,[1.51249024],5.0,0.6,0.0,-3.6203276094532884,-0.04725965579641349,1.4335082139064583
4.973817586898804,1.4940185881685808,[1.51108976],5.0,0.6,0.0,-3.047832834513869,-0.04481323938063514,1.4365137047560428
4.983727931976318,1.4922599997179506,[1.50968172],5.0,0.6,0.0,-2.9279453861257796,-0.03845701049722086,1.434761360687654
4.99248480796814,1.4906968099840574,[1.50827107],5.0,0.6,0.0,-2.6654024077687604,-0.03197234428540975,1.434837588187885
5.002055883407593,1.4889382215334273,[1.50686447],5.0,0.6,0.0,-2.09878432607767,-0.007478089946779983,1.434483403535401
5.011859893798828,1.4871796330827973,[1.50546835],5.0,0.6,0.0,-1.5167260847214044,-0.019984744056311402,1.4335834445910964
5.021326541900635,1.4854210446321672,[1.50408568],5.0,0.6,0.0,-1.0220864647939674,-0.00980934267289388,1.431921016926037
5.03061056137085,1.483857854898274,[1.50272085],5.0,0.6,0.0,-0.36127377149662177,0.01246187290155304,1.4312133487928438
5.039855241775513,1.4822946651643805,[1.50138079],5.0,0.6,0.0,-0.0442108347213887,0.01617561607129007,1.4297332045699624
5.050356149673462,1.4803406779970136,[1.50006902],5.0,0.6,0.0,0.37849161216178706,0.009982320917642045,1.4250044447469121
5.059167861938477,1.4787774882631204,[1.49878726],5.0,0.6,0.0,0.7503546170459572,0.030636182261466513,1.4226251898480067
5.067814588546753,1.4776050959627003,[1.49753931],5.0,0.6,0.0,1.0261890952738888,0.03223190309811717,1.4228182018398803
5.077810525894165,1.4758465075120701,[1.49632811],5.0,0.6,0.0,1.4824179275906293,0.03611830959703719,1.4178907050359926
5.088621377944946,1.4744787164949138,[1.49515456],5.0,0.6,0.0,2.168299608331381,0.03744353772735055,1.4145673227041644
5.096824645996094,1.473110925477757,[1.49401999],5.0,0.6,0.0,2.7717923916239116,0.05107428442844127,1.4105893347544107
5.106825828552246,1.471938533177337,[1.4929249],5.0,0.6,0.0,3.4768691720917593,0.033838992813353334,1.406764258329539
5.114819765090942,1.4707661408769173,[1.49186781],5.0,0.6,0.0,4.038968981296053,0.0466950889425747,1.4027969202654589
5.1235761642456055,1.4697891472932336,[1.49084792],5.0,0.6,0.0,4.3997636142291014,0.041168808279283806,1.400920825554286
5.133822202682495,1.4684213562760768,[1.48986372],5.0,0.6,0.0,4.574389836774794,0.037867012435165374,1.3968097555882761
5.143561840057373,1.4674443626923934,[1.48891186],5.0,0.6,0.0,4.877036530529468,0.033084114606401774,1.3945533721277887
5.151884317398071,1.466662767825447,[1.48799017],5.0,0.6,0.0,5.0,0.04274752529849344,1.3947757267514251
5.161841154098511,1.4656857742417637,[1.48709602],5.0,0.6,0.0,4.875607231823516,0.019212385237415208,1.3950112220756656
5.1728246212005615,1.4645133819413436,[1.4862237],5.0,0.6,0.0,4.569151336539484,0.01773870574330913,1.394737314186607
5.180811643600464,1.4639271857911336,[1.48536929],5.0,0.6,0.0,4.207467918392286,0.029952380169580694,1.3991424146799847
5.189837694168091,1.4631455909241868,[1.48453201],5.0,0.6,0.0,3.846231472310393,0.022747652918282218,1.4016915088864539
5.199840545654297,1.4623639960572403,[1.48370777],5.0,0.6,0.0,3.507619098321375,0.0005135288959176395,1.4038407582241454
5.211106061935425,1.4615824011902934,[1.48288975],5.0,0.6,0.0,3.198536597424333,0.0007024165148782733,1.4056418063733875
5.220373868942261,1.4609962050400835,[1.4820751],5.0,0.6,0.0,2.643267591985583,0.01639762760484197,1.4097959382927225
5.228781223297119,1.4604100088898735,[1.48126452],5.0,0.6,0.0,2.0825084320139124,0.010846680247272896,1.4134755017958647
5.238827705383301,1.4600192114564001,[1.48045703],5.0,0.6,0.0,1.8775739411717933,0.005613615827600001,1.417236142691561
5.247967004776001,1.45943301530619,[1.4796503],5.0,0.6,0.0,1.5275833000766323,0.0026324980601990563,1.4197703242144306
5.256793022155762,1.4590422178727167,[1.47884255],5.0,0.6,0.0,1.4550901604858462,-0.0003688218431808097,1.4230110268796525
5.266211271286011,1.4584560217225064,[1.4780325],5.0,0.6,0.0,1.1922254712971794,-0.0014030606444363164,1.4251590945825514
5.274853706359863,1.4580652242890333,[1.47722081],5.0,0.6,0.0,1.1797370881070068,0.01208253152756964,1.42820593455389
5.283799648284912,1.45767442685556,[1.47640973],5.0,0.6,0.0,0.9600474635184786,0.0066773454632831665,1.4315195711488906
5.294792652130127,1.4572836294220868,[1.4755988],5.0,0.6,0.0,0.7038594983092877,-0.010378767740730141,1.434743234844942
5.304830551147461,1.4568928319886134,[1.47478659],5.0,0.6,0.0,0.4761484668302554,0.005154062314507327,1.437801271475792
5.31279993057251,1.456697433271877,[1.47397612],5.0,0.6,0.0,0.5711966820701126,0.015009371758918106,1.4417943107544815
5.323824167251587,1.4565020345551398,[1.4731704],5.0,0.6,0.0,0.4692214939943399,-0.003486005725714416,1.4457849011382946
5.331800222396851,1.4563066358384031,[1.47236869],5.0,0.6,0.0,0.3175493978573903,-0.003678306330314079,1.4496356097592116
5.340710401535034,1.4561112371216667,[1.47157178],5.0,0.6,0.0,0.45092036249515444,0.007391987869486593,1.4531676712068795
5.35083270072937,1.45591583840493,[1.4707829],5.0,0.6,0.0,0.3692853053925967,0.003917953000443672,1.4566554115120538
5.361068964004517,1.4557204396881933,[1.47000395],5.0,0.6,0.0,0.2294975464744107,0.0014034431214689077,1.459978303443539
5.371507883071899,1.45532964225472,[1.46923572],5.0,0.6,0.0,0.09479032120835719,0.0007531851724785093,1.4620558972185687
5.380910396575928,1.4551342435379833,[1.46847908],5.0,0.6,0.0,-0.013824083275655645,-0.0002571177252166944,1.4650097242403355
5.390828371047974,1.4551342435379833,[1.46773425],5.0,0.6,0.0,-0.3692723332952598,-0.010209139738296544,1.4686452741550093
5.4006993770599365,1.45474344610451,[1.46700083],5.0,0.6,0.0,-0.7322346460740582,-0.006415437009346212,1.4699993204439308
5.409132242202759,1.45474344610451,[1.4662803],5.0,0.6,0.0,-1.0198668318804625,0.0027420986733134693,1.4729577126676712
5.4168078899383545,1.4545480473877732,[1.46557563],5.0,0.6,0.0,-0.9403158398372793,0.002021259428126618,1.4753141131912522
5.4248366355896,1.4543526486710365,[1.46488935],5.0,0.6,0.0,-1.0224011226153706,0.008650194997059827,1.4772627671341363
5.435176134109497,1.4541572499542998,[1.46422359],5.0,0.6,0.0,-1.128668268686694,0.006528029685398782,1.4789903640569628
5.442816257476807,1.4539618512375632,[1.46357955],5.0,0.6,0.0,-1.2089871977606537,0.005578147496660884,1.4805831725556873
5.450817346572876,1.4537664525208267,[1.46295822],5.0,0.6,0.0,-1.251182358064278,0.010787702476600037,1.4820802726111841
5.459808111190796,1.4537664525208267,[1.46236097],5.0,0.6,0.0,-1.2580703960693935,0.00824083677954039,1.484158623959177
5.467987775802612,1.4537664525208267,[1.46178847],5.0,0.6,0.0,-1.2371839687205854,0.00663485425443712,1.4860738327455012
5.475830316543579,1.45357105380409,[1.46124116],5.0,0.6,0.0,-1.1964763770994402,0.011070863603935208,1.4872383133841351
5.485816240310669,1.4533756550873536,[1.46071984],5.0,0.6,0.0,-1.1427630964654214,0.009834946870334016,1.488299402623325
5.496184587478638,1.4531802563706164,[1.46022431],5.0,0.6,0.0,-1.0813543501321383,0.00605511291202113,1.489255636897207
5.505106210708618,1.4529848576538797,[1.45975399],5.0,0.6,0.0,-1.0161590734454335,0.010645132103271395,1.4901095617019786
5.513896226882935,1.4527894589371433,[1.45930892],5.0,0.6,0.0,-0.9499377276740519,0.010716941421764041,1.490864069211294
5.524868488311768,1.4525940602204066,[1.45888875],5.0,0.6,0.0,-0.8845687906218811,0.008144118689987436,1.491524558663835
5.5338757038116455,1.45239866150367,[1.4584927],5.0,0.6,0.0,-0.8212796017297462,0.011771441485691656,1.4920982083124956
5.541995048522949,1.4522032627869332,[1.45812062],5.0,0.6,0.0,-0.7608296824138909,0.014467765666887586,1.49259071307414
5.550808668136597,1.4520078640701966,[1.45777214],5.0,0.6,0.0,-0.7036495363826396,0.01046601573048476,1.4930082173926762
5.561174631118774,1.4518124653534599,[1.45744585],5.0,0.6,0.0,-0.6499426906583793,0.01011058511931281,1.493358749292504
5.569301605224609,1.4516170666367234,[1.45714047],5.0,0.6,0.0,-0.5997592360326839,0.01264271811539317,1.4936492860840476
5.577077627182007,1.4514216679199867,[1.45685512],5.0,0.6,0.0,-0.5530480588872114,0.011047706469349983,1.4938852821049045
5.5851781368255615,1.4514216679199867,[1.45658872],5.0,0.6,0.0,-0.5096935020413625,0.01186982978442305,1.4944812011945936
5.593790292739868,1.4512262692032498,[1.45634001],5.0,0.6,0.0,-0.46954082070821235,0.009520604794741533,1.49461950390061
5.604877233505249,1.4510308704865131,[1.45610686],5.0,0.6,0.0,-0.43241366289494665,0.0029425951469345952,1.494720944126006
5.613265752792358,1.4506400730530398,[1.45588675],5.0,0.6,0.0,-0.39812591968486555,0.006690319885998533,1.4943916189482238
5.620880365371704,1.4504446743363033,[1.45567824],5.0,0.6,0.0,-0.6425279878293895,0.008657947336816723,1.494229701782465
5.631725311279297,1.4502492756195666,[1.45547959],5.0,0.6,0.0,-0.64648308675,-0.0010195735797947259,1.4942326738578613
5.6430487632751465,1.4500538769028297,[1.45528746],5.0,0.6,0.0,-0.5645049957445967,-0.004764618301403355,1.4942997411107426
5.650848150253296,1.4498584781860933,[1.45509899],5.0,0.6,0.0,-0.4636581949251073,-0.001788031740697081,1.4943624542544014
5.660815477371216,1.4496630794693566,[1.45491146],5.0,0.6,0.0,-0.37033266336208803,-0.016922399494195127,1.4944039702948966
5.672882080078125,1.4494676807526197,[1.45472033],5.0,0.6,0.0,-0.2927168395362767,-0.02275032349424359,1.494433352488754
5.682516813278198,1.4492722820358832,[1.45452089],5.0,0.6,0.0,-0.23139394605431493,-0.02964247647114771,1.4944657197404085
5.691319704055786,1.4488814846024096,[1.45431007],5.0,0.6,0.0,-0.1841919985519963,-0.02388339932472293,1.4940981723355014
5.7008888721466064,1.4484906871689365,[1.45408426],5.0,0.6,0.0,-0.14829506169793982,-0.048782380882200396,1.49374556496778
5.711492300033569,1.4480998897354633,[1.45383693],5.0,0.6,0.0,-0.3971175752131975,-0.05683755368925492,1.4933215170751915
5.718761920928955,1.4477090923019897,[1.45356325],5.0,0.6,0.0,-0.40953970359824,-0.04754885017230241,1.4930443770398325
5.72788143157959,1.44712289615178,[1.4532612],5.0,0.6,0.0,-0.890642946492373,-0.05962798699735893,1.491902421864552
5.737897634506226,1.4463413012848332,[1.45292675],5.0,0.6,0.0,-1.4205641767506436,-0.07028017992570418,1.4898639266730203
5.748928785324097,1.4453643077011498,[1.452554],5.0,0.6,0.0,-1.8484729950700867,-0.07952658407344612,1.487177863726992
5.756868124008179,1.444582712834203,[1.45213938],5.0,0.6,0.0,-2.4160878250023674,-0.06566778223739161,1.4843177196776096
5.766420364379883,1.4436057192505198,[1.45167906],5.0,0.6,0.0,-2.6158097594081458,-0.10463581072187143,1.4819811643743548
5.7748329639434814,1.4426287256668366,[1.45116709],5.0,0.6,0.0,-3.179810016161757,-0.08480335907742222,1.4780546305210414
5.78477668762207,1.4414563333664165,[1.45060063],5.0,0.6,0.0,-3.439751764055554,-0.09654411138572748,1.4746848704705322
5.7957751750946045,1.439893143632523,[1.4499738],5.0,0.6,0.0,-3.7871590785066926,-0.13282584839349365,1.4693177738777479
5.8061747550964355,1.4383299538986296,[1.44927569],5.0,0.6,0.0,-3.775238647022814,-0.1327271236826018,1.4658252257734374
5.814962387084961,1.4369621628814728,[1.44850269],5.0,0.6,0.0,-3.6045766995655333,-0.10500345125155389,1.4641358530373614
5.8238747119903564,1.4353989731475796,[1.4476577],5.0,0.6,0.0,-3.371970833586891,-0.11476423007145412,1.4619991741000264
5.83278751373291,1.4338357834136866,[1.44674014],5.0,0.6,0.0,-3.123150490377283,-0.1230272209622107,1.460035536763812
5.840909957885742,1.4324679923965296,[1.44574991],5.0,0.6,0.0,-2.878907144824612,-0.09852842293819836,1.4592014977074823
5.850860595703125,1.4303186065124263,[1.44469053],5.0,0.6,0.0,-2.924035302113257,-0.11019326928521268,1.453206925281937
5.860647439956665,1.427973821911586,[1.44356175],5.0,0.6,0.0,-2.742639950127911,-0.11740159988097984,1.4469970060361041
5.869832992553711,1.4262152334609561,[1.44236013],5.0,0.6,0.0,-2.7658958253107264,-0.12476009555032912,1.4435415156553795
5.879054069519043,1.4240658475768528,[1.44108297],5.0,0.6,0.0,-2.817440029453211,-0.12832429050435554,1.4378544801550839
5.887810707092285,1.422111860409486,[1.43972837],5.0,0.6,0.0,-2.5584520367015307,-0.13136917575219978,1.4349697492854876
5.897889137268066,1.4195716770919091,[1.4382952],5.0,0.6,0.0,-2.4940173304109745,-0.13070873540993358,1.4276785974439314
5.905812740325928,1.4178130886412792,[1.43678702],5.0,0.6,0.0,-2.198504808912535,-0.09985382081347499,1.4269439465955562
5.916768789291382,1.4150775066069659,[1.43520756],5.0,0.6,0.0,-1.8583505522949002,-0.13826937268847106,1.4195891600953172
5.927169561386108,1.4121465258559158,[1.43355284],5.0,0.6,0.0,-1.546150759098682,-0.1313482960546662,1.4106516305114396
5.938338756561279,1.4088247476713924,[1.43182036],5.0,0.6,0.0,-1.559754814400947,-0.12231588016587348,1.3978330981774731
5.946923732757568,1.406089165637079,[1.43001684],5.0,0.6,0.0,-1.6569658806394874,-0.08463405667419312,1.389766338276857
5.95778226852417,1.4027673874525557,[1.42814891],5.0,0.6,0.0,-1.1906679918891463,-0.11646035811260691,1.3780565749729572
5.967633008956909,1.3998364067015054,[1.42621522],5.0,0.6,0.0,-0.8932671622709705,-0.1079691431124183,1.3694879138815597
5.978464841842651,1.396514628516982,[1.42421558],5.0,0.6,0.0,-0.6960381373735217,-0.0981459648961095,1.3573672133663188
5.98577356338501,1.394169843916142,[1.42215866],5.0,0.6,0.0,-0.5601854906782162,-0.06254871641576899,1.3547485042107714
5.99639892578125,1.3906526670148822,[1.42005267],5.0,0.6,0.0,-0.18714745506928898,-0.09274531577818212,1.34121919172108
6.004209756851196,1.3879170849805686,[1.41790139],5.0,0.6,0.0,0.19363281846499086,-0.054936527769145815,1.3353995557055593
6.012786626815796,1.3851815029462553,[1.41571259],5.0,0.6,0.0,0.22619588713945557,-0.05758964253862874,1.3298790071777005
6.023202657699585,1.3814689273282585,[1.41349339],5.0,0.6,0.0,0.689808401512564,-0.05399294126031972,1.31420101359793
6.031028509140015,1.3789287440106817,[1.41125024],5.0,0.6,0.0,0.9198163991729036,-0.022171531719742132,1.310817936246497
6.0387938022613525,1.3759977632596319,[1.40899282],5.0,0.6,0.0,1.2959027857849426,-0.030250098976492792,1.3030902162995726
6.049823999404907,1.3724805863583718,[1.40672189],5.0,0.6,0.0,1.6320191667536905,-0.06216886001781271,1.2889927206777487
6.058701038360596,1.3695496056073215,[1.40443448],5.0,0.6,0.0,1.8718188635202113,-0.024473831451555454,1.2813636491782487
6.0667946338653564,1.367009422289745,[1.40213604],5.0,0.6,0.0,2.012580819225683,-0.02901080956606704,1.2783096790886828
6.076478958129883,1.3640784415386948,[1.39983146],5.0,0.6,0.0,2.346595240573462,-0.029834527222326917,1.2703262739802166
6.084810733795166,1.3609520620709084,[1.39752504],5.0,0.6,0.0,2.6512150729151056,0.004032784691329171,1.2600725585128059
6.096142530441284,1.357434885169648,[1.39522438],5.0,0.6,0.0,2.856677498576861,-0.0009931624881479376,1.2455182342007869
6.106777906417847,1.353917708268388,[1.39292859],5.0,0.6,0.0,2.9568932484290382,-0.03196270973371059,1.2311218004346491
6.11483359336853,1.351572923667548,[1.39063334],5.0,0.6,0.0,2.968695857217477,0.0027661940358987744,1.2305001746040738
6.122809171676636,1.3492281390667082,[1.38834623],5.0,0.6,0.0,3.4662393079843716,0.030122988484838138,1.2274891487214319
6.1319050788879395,1.3464925570323945,[1.38607393],5.0,0.6,0.0,3.7080248228480697,-0.011750685609202565,1.220872507760162
6.141777515411377,1.3437569749980813,[1.38381483],5.0,0.6,0.0,4.0530590963314115,0.021676350634581103,1.213396555708859
6.1512205600738525,1.3412167916805044,[1.38157127],5.0,0.6,0.0,4.5931846086511,0.014942393937496308,1.2065632651564306
6.161798000335693,1.3384812096461913,[1.37934545],5.0,0.6,0.0,5.0,0.01225661277216927,1.1978021829984251
6.171846389770508,1.3359410263286144,[1.3771325],5.0,0.6,0.0,5.0,-0.016768823506831336,1.1939670082075358
6.180400371551514,1.3339870391612478,[1.3749286],5.0,0.6,0.0,5.0,0.016855884562993733,1.196896830602662
6.188893795013428,1.332033051993881,[1.37273759],5.0,0.6,0.0,4.8864059945488005,0.01338106976895847,1.2004762836077183
6.198770761489868,1.3298836661097777,[1.37055982],5.0,0.6,0.0,5.0,-0.015054094627367542,1.2000019619269608
6.2114152908325195,1.3275388815089375,[1.36838943],5.0,0.6,0.0,5.0,-0.006137591161296651,1.1979624249735634
6.219913721084595,1.325975691775044,[1.36622827],5.0,0.6,0.0,5.0,0.02420979856900057,1.2049432486844847
6.230179786682129,1.3240217046076777,[1.36408445],5.0,0.6,0.0,5.0,0.019938281940429497,1.207151861335182
6.238744497299194,1.322458514873784,[1.36196177],5.0,0.6,0.0,4.729929228471022,0.015165875881472342,1.2155276567690056
6.247072458267212,1.3210907238566276,[1.35986036],5.0,0.6,0.0,4.316328403379723,0.010357017369320924,1.2266831493659291
6.255762815475464,1.3197229328394708,[1.35778327],5.0,0.6,0.0,3.883299116968154,0.0337611200814623,1.237374222818339
6.264743328094482,1.318355141822314,[1.35573585],5.0,0.6,0.0,3.4796898410260297,0.021522863799303585,1.2472566728607366
6.273098945617676,1.317182749521894,[1.3537194],5.0,0.6,0.0,3.120483292791776,0.010829669027754741,1.2584879898265786
6.281833171844482,1.316010357221474,[1.35173167],5.0,0.6,0.0,2.806377867530452,0.001702719329154629,1.2689311520712594
6.292760372161865,1.314837964921054,[1.34977035],5.0,0.6,0.0,2.256760140576991,-0.005900498805769638,1.2796682331094662
6.302353620529175,1.313665572620634,[1.34783307],5.0,0.6,0.0,1.9846920585916221,-0.012938517097627847,1.2888469485374285
6.309738397598267,1.3126885790369507,[1.34592043],5.0,0.6,0.0,1.5538332334813956,0.007865572390347953,1.3000259478208567
6.319786787033081,1.3117115854532673,[1.34403242],5.0,0.6,0.0,1.4110993267328182,-0.035374279252407895,1.3099742135284482
6.328043460845947,1.3109299905863208,[1.34216559],5.0,0.6,0.0,1.3713278940581417,-0.013389506321133863,1.3213277063013915
6.336798667907715,1.3099529970026373,[1.34031958],5.0,0.6,0.0,1.0797726558360214,-0.02683858093024381,1.3307144782407825
6.3459930419921875,1.3091714021356906,[1.33849351],5.0,0.6,0.0,0.7495812556198752,-0.03953813284472561,1.3415971205396455
6.353780508041382,1.308389807268744,[1.33668621],5.0,0.6,0.0,0.46069040221524454,-0.021248740004805675,1.3518688364114497
6.3617377281188965,1.3076082124017971,[1.33489928],5.0,0.6,0.0,-0.041579057474512376,-0.04014600305851128,1.3616019182185992
6.3698039054870605,1.3066312188181142,[1.33313356],5.0,0.6,0.0,-0.5166262823572998,-0.024140215754099786,1.3687469412808668
6.379351377487183,1.3056542252344305,[1.33138924],5.0,0.6,0.0,-0.886449459516202,-0.045559657631208186,1.375354941267843
6.390750408172607,1.3042864342172737,[1.32966257],5.0,0.6,0.0,-1.4175250558123542,-0.060954191453185404,1.377665291959801
6.401748418807983,1.3027232444833805,[1.32794293],5.0,0.6,0.0,-2.158647626783318,-0.1016094714616833,1.3770950998709233
6.411268472671509,1.3015508521829606,[1.32621712],5.0,0.6,0.0,-3.076726623272367,-0.1041686647488739,1.378429988668765
6.420197010040283,1.3001830611658038,[1.32448046],5.0,0.6,0.0,-3.5643915002873885,-0.0758336980321845,1.3792628272530119
6.42875862121582,1.2990106688653837,[1.32273558],5.0,0.6,0.0,-3.7780340061954822,-0.08912734409223037,1.3830178642442568
6.439023017883301,1.2972520804147536,[1.32098074],5.0,0.6,0.0,-4.369589543767612,-0.09756663919474938,1.3794862463064548
6.4467456340789795,1.2958842893975973,[1.31921421],5.0,0.6,0.0,-4.641964091192946,-0.07328430148085732,1.3810729350612712
6.457749605178833,1.2941257009469669,[1.31743403],5.0,0.6,0.0,-4.704107626685905,-0.12131244163108901,1.3808350952585997
6.4677557945251465,1.2919763150628636,[1.31563035],5.0,0.6,0.0,-4.630300213072752,-0.122393556507308,1.3784235690935684
6.478220701217651,1.2900223278954968,[1.3137945],5.0,0.6,0.0,-4.747214759555723,-0.12436267374524786,1.3766323693386724
6.4871506690979,1.2880683407281304,[1.31192689],5.0,0.6,0.0,-4.846361436243229,-0.09342269804495737,1.375213586583293
6.49576997756958,1.2863097522775002,[1.31002762],5.0,0.6,0.0,-4.862792653051031,-0.13860268606716775,1.3762942783745333
6.505010366439819,1.284160366393397,[1.30809254],5.0,0.6,0.0,-4.791114048747488,-0.10557677409699406,1.3749687153146104
6.515314817428589,1.281815581792557,[1.30612235],5.0,0.6,0.0,-4.647189648278799,-0.11396384483939669,1.372729885977906
6.525759935379028,1.2794707971917167,[1.30411751],5.0,0.6,0.0,-4.451581461754622,-0.1202957745564337,1.371062107302036
6.53576135635376,1.27693061387414,[1.30206947],5.0,0.6,0.0,-4.499116033697808,-0.1531170772581745,1.3664255103556324
6.544524669647217,1.2745858292732999,[1.29997103],5.0,0.6,0.0,-4.285883253115219,-0.11795997243926958,1.3655895506068367
6.554058074951172,1.2718502472389868,[1.29782521],5.0,0.6,0.0,-3.7017286546139863,-0.12196970598090673,1.363671533179454
6.563718557357788,1.2689192664879365,[1.29563474],5.0,0.6,0.0,-3.3407442202814535,-0.12319365434634444,1.358737251849209
6.571712255477905,1.2667698806038332,[1.29340233],5.0,0.6,0.0,-3.0801186906910822,-0.09322310783874894,1.3607323087902623
6.581544876098633,1.2636435011360463,[1.29113523],5.0,0.6,0.0,-2.8643661547615196,-0.1025141698772178,1.353640595373739
6.591724157333374,1.2607125203849965,[1.28883029],5.0,0.6,0.0,-2.3936449510815794,-0.13876663680874152,1.3494988957272875
6.602492094039917,1.257390742200473,[1.28647564],5.0,0.6,0.0,-2.1775754853508653,-0.13124554329682478,1.340834207413305
6.611308574676514,1.254459761449423,[1.28407135],5.0,0.6,0.0,-2.0584261719044465,-0.09517221026807249,1.336002888542752
6.619713306427002,1.2517241794151095,[1.28162768],5.0,0.6,0.0,-1.6923840433068928,-0.10100747401809486,1.3341089454325046
6.6301140785217285,1.2484024012305863,[1.27914447],5.0,0.6,0.0,-1.2960818241444845,-0.1290296138410863,1.326525257810915
6.639916658401489,1.245080623046063,[1.2766176],5.0,0.6,0.0,-1.2258186552500132,-0.09056119837517924,1.3185012801513496
6.647721529006958,1.2427358384452227,[1.27405388],5.0,0.6,0.0,-0.9831418790900672,-0.09480442506225123,1.3211584880107747
6.657726526260376,1.2390232628272257,[1.27146],5.0,0.6,0.0,-0.7192588063119905,-0.09066042691597914,1.3098521116544855
6.6688549518585205,1.2351152884924925,[1.26883791],5.0,0.6,0.0,-0.4900539841749072,-0.0838034920611177,1.2963890602466543
6.676915407180786,1.2321843077414425,[1.26619463],5.0,0.6,0.0,-0.30968382714023235,-0.04874748202536819,1.293397900383704
6.686717510223389,1.2290579282736558,[1.26353716],5.0,0.6,0.0,0.10044580349929172,-0.08383908262572205,1.2883816523084695
6.696196556091309,1.2257361500891324,[1.26086378],5.0,0.6,0.0,0.22938964549736765,-0.07471562533027556,1.28126555057772
6.704147577285767,1.223000568054819,[1.25817819],5.0,0.6,0.0,0.5165780175059803,-0.03821223396646906,1.2805570499856636
6.71270751953125,1.2198741885870323,[1.25549286],5.0,0.6,0.0,0.7939564012862856,-0.038967820342121644,1.2754260421127546
6.720828056335449,1.2167478091192456,[1.25281891],5.0,0.6,0.0,1.0059465991233625,-0.005140143200117877,1.270125497867012
6.729959964752197,1.213621429651459,[1.25016621],5.0,0.6,0.0,1.144532304308251,-0.01109027482532123,1.2646191326457639
6.739731311798096,1.2101042527501988,[1.24753634],5.0,0.6,0.0,1.495454450900933,-0.03889304658880178,1.253946217623283
6.750837564468384,1.2061962784154654,[1.24492408],5.0,0.6,0.0,1.8301282703635198,-0.024240717135650337,1.2383544676935716
6.760110855102539,1.202874500230942,[1.24233277],5.0,0.6,0.0,2.0740205635479496,0.015530133465051546,1.229235594385648
6.767711162567139,1.199943519479892,[1.23977265],5.0,0.6,0.0,2.2174534228031995,0.015777089904937234,1.2244858440209831
6.77974534034729,1.1962309438618952,[1.23724605],5.0,0.6,0.0,2.550715019679802,-0.005277191214864191,1.2094833688618019
6.790968179702759,1.1927137669606351,[1.23474865],5.0,0.6,0.0,2.8511731864278254,0.00859628983945617,1.1962909814863985
6.800821304321289,1.1901735836430585,[1.2322832],5.0,0.6,0.0,3.6018442381124496,0.043222772475593384,1.191858459690034
6.809721946716309,1.1876334003254816,[1.22985821],5.0,0.6,0.0,4.03559584839059,0.04077391986595036,1.1880840989071333
6.819711923599243,1.1850932170079052,[1.22747436],5.0,0.6,0.0,4.236459442402362,0.012409030388089926,1.1850289197982955
6.8316490650177,1.1819668375401182,[1.22512564],5.0,0.6,0.0,4.825408218362586,0.021617120857156058,1.1719485166730212
6.840217590332031,1.1796220529392785,[1.22281261],5.0,0.6,0.0,5.0,0.0531739917322728,1.170338904715155
6.84771203994751,1.1778634644886483,[1.22054129],5.0,0.6,0.0,5.0,0.04427696871216585,1.1764291267699258
6.855750799179077,1.1761048760380182,[1.21831609],5.0,0.6,0.0,5.0,0.06536073612275925,1.1819544393547186
6.865704536437988,1.1741508888706513,[1.21613996],5.0,0.6,0.0,5.0,0.051121577493866276,1.1845788169210651
6.875719308853149,1.1723923004200216,[1.21400827],5.0,0.6,0.0,5.0,0.009464218301453432,1.1889772538849561
6.8866260051727295,1.1702429145359179,[1.21190983],5.0,0.6,0.0,5.0,0.008924024193279673,1.1883774156729643
6.8955161571502686,1.1686797248020246,[1.20984071],5.0,0.6,0.0,5.0,0.034510237010461055,1.1943247025278225
6.9050657749176025,1.1669211363513945,[1.20780333],5.0,0.6,0.0,4.766470437993978,0.022024993295428206,1.1992305838923767
6.914750814437866,1.1655533453342382,[1.2057921],5.0,0.6,0.0,4.253811707516493,-0.020026022473143317,1.210082132686209
6.926605463027954,1.163794756883608,[1.20379459],5.0,0.6,0.0,3.9736711627704238,-0.021276066107987344,1.2145339464330926
6.935527563095093,1.162622364583188,[1.20180648],5.0,0.6,0.0,3.7739441233783717,0.004245898880303148,1.2251018274539038
6.944718360900879,1.1614499722827678,[1.1998305],5.0,0.6,0.0,3.316732681035562,-0.01110352122955834,1.236697591446724
6.95472526550293,1.1598867825488746,[1.19786073],5.0,0.6,0.0,2.547642283136626,-0.05367744871384906,1.244650417207694
6.964101552963257,1.158909788965191,[1.19588777],5.0,0.6,0.0,2.069720689430474,-0.027518805337988804,1.2575533182259833
6.972712755203247,1.1577373966647713,[1.19391457],5.0,0.6,0.0,1.7515239052054474,-0.0076758019926483016,1.26741912274347
6.9827187061309814,1.1565650043643512,[1.19194283],5.0,0.6,0.0,1.2481592520948959,-0.06436582592215317,1.2773947235391276
6.99253511428833,1.1551972133471944,[1.18996132],5.0,0.6,0.0,1.0418702779477773,-0.07307527803336603,1.2844776087124172
7.0007030963897705,1.1542202197635112,[1.18796414],5.0,0.6,0.0,0.40585541482208776,-0.04971147947763741,1.2962163147823662
7.00969672203064,1.1528524287463542,[1.18594973],5.0,0.6,0.0,-0.25255862553871217,-0.09974079249043895,1.303204947816541
7.020492792129517,1.1510938402957245,[1.18390769],5.0,0.6,0.0,-1.0660941894728213,-0.10322317871865358,1.305414116680879
7.029308795928955,1.1497260492785677,[1.18183343],5.0,0.6,0.0,-2.0382523562550823,-0.0760539619346325,1.3106061853572637
7.0387022495269775,1.1481628595446745,[1.17973177],5.0,0.6,0.0,-2.852317921190761,-0.09075235810489707,1.3132685710115817
7.04970383644104,1.1462088723773076,[1.17759753],5.0,0.6,0.0,-3.7026157556184907,-0.12994226661778588,1.3110480964169773
7.058981418609619,1.1444502839266775,[1.17542178],5.0,0.6,0.0,-4.634630762892609,-0.09950995213089951,1.309696770711635
7.067691326141357,1.1428870941927842,[1.17321114],5.0,0.6,0.0,-5.0,-0.07488286795616866,1.313743100082399
7.075856924057007,1.1413239044588908,[1.17097134],5.0,0.6,0.0,-5.0,-0.12756961539228973,1.3205227321865838
7.084787368774414,1.1395653160082608,[1.16869802],5.0,0.6,0.0,-5.0,-0.09919654926011941,1.3256138092602028
7.0940351486206055,1.1374159301241575,[1.16639254],5.0,0.6,0.0,-5.0,-0.1106834444439727,1.3271460784520315
7.103681802749634,1.1354619429567907,[1.16405635],5.0,0.6,0.0,-4.894243062584039,-0.1198435673089946,1.3316258543409296
7.113781690597534,1.1333125570726872,[1.16168625],5.0,0.6,0.0,-4.919950220431778,-0.12550904677902106,1.333582674591481
7.121685028076172,1.1313585699053208,[1.15928478],5.0,0.6,0.0,-4.6480266946394915,-0.09726885369747959,1.3397546719205864
7.131712913513184,1.1290137853044806,[1.15685455],5.0,0.6,0.0,-4.552193597958663,-0.14045251827825855,1.341206403854616
7.141517162322998,1.1266690007036406,[1.15438878],5.0,0.6,0.0,-4.476643584645588,-0.13930060647015066,1.3428510852082756
7.150250196456909,1.1243242161028004,[1.15188708],5.0,0.6,0.0,-4.368259503690652,-0.10693277228615415,1.3450333048551988
7.159697771072388,1.1219794315019607,[1.14935923],5.0,0.6,0.0,-3.9414383546134797,-0.11539954036582153,1.3493361683540854
7.169984817504883,1.1190484507509104,[1.14680474],5.0,0.6,0.0,-3.7219175873489605,-0.14588110649138933,1.346995138609193
7.1782636642456055,1.1165082674333338,[1.14421912],5.0,0.6,0.0,-3.566193477760171,-0.11151106897560441,1.3482556309125617
7.190213918685913,1.1129910905320737,[1.14160849],5.0,0.6,0.0,-3.6938435107104066,-0.110279998645613,1.3388648800171208
7.199693441390991,1.1100601097810237,[1.13897865],5.0,0.6,0.0,-3.2920836698117752,-0.11066537252862757,1.3379797814552012
7.210876226425171,1.1067383315965003,[1.13632593],5.0,0.6,0.0,-3.032721574945469,-0.13469378977391905,1.3325856294444922
7.21973180770874,1.1041981482789236,[1.13364776],5.0,0.6,0.0,-2.8320976934268804,-0.0995575314148589,1.3348190341690356
7.22905421257019,1.1010717688111367,[1.13095145],5.0,0.6,0.0,-2.378482522094915,-0.09938162046542785,1.332281074535203
7.23870587348938,1.09794538934335,[1.1282436],5.0,0.6,0.0,-1.9010492477310232,-0.09849630502463647,1.329588672334416
7.248629808425903,1.09442821244209,[1.12552557],5.0,0.6,0.0,-1.7598846350258655,-0.09491326491434263,1.3218444336906139
7.256702423095703,1.0916926304077768,[1.12280318],5.0,0.6,0.0,-1.1806244728111315,-0.062193694299988986,1.3229729652575601
7.266711711883545,1.0881754535065165,[1.12008145],5.0,0.6,0.0,-0.8322278404800876,-0.09921294711305204,1.3152745427297854
7.274882555007935,1.08563527018894,[1.11736025],5.0,0.6,0.0,-0.6143778908287462,-0.06616156198010044,1.3173903503968742
7.2848920822143555,1.0823134920044164,[1.1146439],5.0,0.6,0.0,-0.19654456906536694,-0.07050157673014287,1.311325068457677
7.294680118560791,1.078991713819893,[1.11193595],5.0,0.6,0.0,0.2086536022118328,-0.07284926480316575,1.3048456150397976
7.304940462112427,1.0756699356353696,[1.10923041],5.0,0.6,0.0,0.254253399584611,-0.10187781299618241,1.2982596781995113
7.314138412475586,1.072543556167583,[1.10652208],5.0,0.6,0.0,0.4483858779429929,-0.0645723521245283,1.2936628758200255
7.3252270221710205,1.0686355818328495,[1.10381536],5.0,0.6,0.0,0.924118437833999,-0.0634203551511586,1.2800966924222412
7.334693431854248,1.065313803648326,[1.10111378],5.0,0.6,0.0,1.1130092566665364,-0.06413185556061522,1.2729670905596318
7.34568977355957,1.0614058293135928,[1.09841104],5.0,0.6,0.0,1.160291668220065,-0.08910853945975855,1.2594242906522881
7.354655981063843,1.058279449845806,[1.09570162],5.0,0.6,0.0,1.1390690144159084,-0.052188724139080676,1.25475558183869
7.365550994873047,1.0545668742278094,[1.0929897],5.0,0.6,0.0,1.362189565295059,-0.05211674267250533,1.2429566669619325
7.374703884124756,1.0514404947600227,[1.09027857],5.0,0.6,0.0,1.6052494486317188,-0.05423212223822625,1.2376607491551037
7.383894205093384,1.048314115292236,[1.08756611],5.0,0.6,0.0,1.5132470661234079,-0.055459859257121824,1.2331078863252065
7.391784429550171,1.0455785332579226,[1.08485495],5.0,0.6,0.0,1.588714481574824,-0.024292432521593566,1.2326524459143697
7.401700973510742,1.0416705589231892,[1.08214698],5.0,0.6,0.0,1.6847037892546282,-0.06298264364331416,1.218493805088521
7.409716606140137,1.0389349768888756,[1.07943879],5.0,0.6,0.0,1.748846732301721,-0.03071026803494009,1.2180109970855992
7.420002222061157,1.0354177999876155,[1.07673205],5.0,0.6,0.0,1.7695618259705035,-0.036489122152851015,1.2084678278914205
7.4296793937683105,1.0320960218030921,[1.07402794],5.0,0.6,0.0,1.7511225424307941,-0.040438686130409365,1.2012438237716674
7.440312623977661,1.028578844901832,[1.0713176],5.0,0.6,0.0,1.7025655427932842,-0.06877309751404552,1.191821192812143
7.45276665687561,1.0246708705670988,[1.06858864],5.0,0.6,0.0,1.633105681989914,-0.058725877130824576,1.177956301241485
7.462134122848511,1.021544491099312,[1.0658356],5.0,0.6,0.0,1.8265535649385785,-0.05354939842857831,1.1729967382753204
7.470649242401123,1.0186135103482619,[1.06306389],5.0,0.6,0.0,1.7699456411571788,-0.019798546143700486,1.171240829936095
7.4801926612854,1.0156825295972118,[1.06027844],5.0,0.6,0.0,1.6223359054332993,-0.054841589615254864,1.1698684518313232
7.489468097686768,1.0123607514126884,[1.0574789],5.0,0.6,0.0,1.73003976486495,-0.019207850302096343,1.1633349450396828
7.499159097671509,1.008648175794692,[1.05467015],5.0,0.6,0.0,1.6026920317876674,-0.02019113832289058,1.1527743609623953
7.508677959442139,1.0057171950436417,[1.05185677],5.0,0.6,0.0,1.40462145082571,-0.02291018379326563,1.151798698007738
7.518890857696533,1.002004619425645,[1.04903826],5.0,0.6,0.0,1.2045560658176666,-0.02011248767927931,1.1413926689770943
7.5297300815582275,0.9984874425243848,[1.04621468],5.0,0.6,0.0,1.3034444639472302,-0.01715949906053805,1.1328183253599966
7.538694381713867,0.9955564617733349,[1.0433866],5.0,0.6,0.0,1.1881274913564996,-0.0162373232379655,1.1317860354341305
7.548680782318115,0.9922346835888115,[1.04055052],5.0,0.6,0.0,1.2875274439683881,-0.0386928103262977,1.1257203085676981
7.5588319301605225,0.9889129054042881,[1.03770403],5.0,0.6,0.0,1.4217299261717637,-0.0007379168983229025,1.119689741016291
7.567022085189819,0.9863727220867115,[1.0348589],5.0,0.6,0.0,1.2485412324921294,0.029806937373239938,1.1237295029006942
7.577681541442871,0.9832463426189246,[1.03202541],5.0,0.6,0.0,1.5463726565447269,-0.010886265131722769,1.1195615117798154
7.5907392501831055,0.9793383682841913,[1.02919487],5.0,0.6,0.0,1.6446897563799396,-0.028902378831466666,1.106261857573279
7.60119891166687,0.9764073875331412,[1.02635593],5.0,0.6,0.0,1.9163850774505513,-0.019759184416904104,1.1044285024485727
7.610316038131714,0.9740626029323012,[1.02351235],5.0,0.6,0.0,2.4453278135048633,0.013612415968699498,1.108773761636776
7.619669198989868,0.9717178183314611,[1.02067617],5.0,0.6,0.0,2.6512228038928316,0.00817196339403502,1.1139595289601592
7.629914045333862,0.9691776350138844,[1.0178492],5.0,0.6,0.0,2.95820005803448,-0.023492014162063386,1.1161695663698195
7.639139652252197,0.9670282491297811,[1.01502879],5.0,0.6,0.0,3.479940081800244,0.00826168706821135,1.121838408083558
7.647651672363281,0.965269660679151,[1.01222529],5.0,0.6,0.0,3.653905472209141,0.032625182806967926,1.1335739936959948
7.658685684204102,0.9627294773615743,[1.00944742],5.0,0.6,0.0,3.6389871408328975,-0.013510969522451483,1.1365249796814674
7.669973611831665,0.9603846927607341,[1.00668564],5.0,0.6,0.0,3.7984532479920383,-0.042106407182027204,1.1406932318090772
7.679394483566284,0.9584307055933676,[1.00393182],5.0,0.6,0.0,3.6621527853447624,-0.010527070873420507,1.1510700602591917
7.689984321594238,0.9560859209925274,[1.00119145],5.0,0.6,0.0,3.688605101377326,-0.015126412446337228,1.15568333573852
7.698652982711792,0.9543273325418974,[0.99846902],5.0,0.6,0.0,3.1660978915247173,-0.022014134745549318,1.1698549455192806
7.708876371383667,0.9521779466577941,[0.99576401],5.0,0.6,0.0,2.5281089095108045,-0.026392468300821304,1.1791611364426975
7.719492435455322,0.9500285607736906,[0.99307575],5.0,0.6,0.0,1.9438153965294513,-0.030382669822454102,1.187506939788908
7.730066537857056,0.9478791748895873,[0.99040344],5.0,0.6,0.0,1.1884634476060274,-0.033926384486138966,1.1954669999775303
7.7396790981292725,0.9459251877222207,[0.9877462],5.0,0.6,0.0,0.5072859912334121,-0.038176978922816955,1.204637884574911
7.751097679138184,0.9437758018381173,[0.98509892],5.0,0.6,0.0,-0.026670993721845393,-0.06861349621192264,1.2106886677953415
7.759461879730225,0.9418218146707505,[0.98245712],5.0,0.6,0.0,-0.6874894674932246,-0.03630539048218026,1.2183955165450806
7.768818378448486,0.9398678275033839,[0.9798252],5.0,0.6,0.0,-1.531390316715603,-0.04225729950103785,1.2249015364682323
7.7786805629730225,0.9377184416192806,[0.97720676],5.0,0.6,0.0,-1.9794874860016827,-0.04671441352132454,1.2291716416191216
7.788839817047119,0.9353736570184404,[0.97460052],5.0,0.6,0.0,-2.4672819180305963,-0.049291029531180044,1.230588514364362
7.796751260757446,0.9336150685678104,[0.97200936],5.0,0.6,0.0,-2.845570543560786,-0.021867878511382652,1.2386709433533607
7.807687044143677,0.9312702839669704,[0.96943559],5.0,0.6,0.0,-3.082576614025011,-0.064002926467611,1.240254239592682
7.818657398223877,0.9289254993661303,[0.96686859],5.0,0.6,0.0,-3.1920676290014054,-0.08900934955150394,1.2422821618245405
7.830772876739502,0.9259945186150802,[0.96429529],5.0,0.6,0.0,-3.2013906917172195,-0.07829559855788784,1.2381600062938327
7.839068651199341,0.9240405314477135,[0.96171714],5.0,0.6,0.0,-2.8622332439098113,-0.045152734876569164,1.2467765538844064
7.84765887260437,0.9218911455636103,[0.95914371],5.0,0.6,0.0,-2.716996547549109,-0.05025418715290978,1.2521719794941806
7.85871148109436,0.9193509622460335,[0.95657904],5.0,0.6,0.0,-2.6291933468922584,-0.05242762297690831,1.2527941726949172
7.866955280303955,0.9170061776451935,[0.95402238],5.0,0.6,0.0,-2.545016019814052,-0.054655890177438514,1.2555033567756735
7.875674247741699,0.9148567917610901,[0.95147716],5.0,0.6,0.0,-2.4474597239352684,-0.025011170802657058,1.2603077905728886
7.8861823081970215,0.9123166084435134,[0.94894612],5.0,0.6,0.0,-2.610799939311163,-0.06603309550707324,1.2595960908334922
7.894243240356445,0.9103626212761465,[0.94642735],5.0,0.6,0.0,-2.2437078717605705,-0.03572384809627795,1.2672155980032507
7.902649164199829,0.9080178366753067,[0.94392308],5.0,0.6,0.0,-2.0246779671597577,-0.04422782780902826,1.26967865059073
7.9136199951171875,0.9052822546409932,[0.94143495],5.0,0.6,0.0,-1.870643625297038,-0.048858889169704475,1.2673720644287247
7.924299478530884,0.9025466726066799,[0.93895991],5.0,0.6,0.0,-1.7443566560863384,-0.05170499054109234,1.264804259095346
7.935080528259277,0.8996156918556298,[0.93649504],5.0,0.6,0.0,-1.6300665851465712,-0.05263804026244528,1.2598670080313796
7.943662166595459,0.8972709072547898,[0.93403753],5.0,0.6,0.0,-1.2457554702281675,-0.05587627386590351,1.2619531798963795
7.951869249343872,0.8949261226539497,[0.93158464],5.0,0.6,0.0,-1.1086059850191219,-0.05870525060953623,1.2634054249115372
7.960310459136963,0.8927767367698464,[0.92913801],5.0,0.6,0.0,-1.0637976749459217,-0.028997884010030058,1.2668028408721366
7.968653202056885,0.8902365534522696,[0.92670296],5.0,0.6,0.0,-0.7684328704023611,-0.04035486455947642,1.2660305517575476
7.977092504501343,0.8876963701346929,[0.92427942],5.0,0.6,0.0,-0.7153253527364395,-0.048402367903912634,1.2647841292401858
7.985984563827515,0.8853515855338528,[0.92186704],5.0,0.6,0.0,-0.4656928458901585,-0.020446129830983893,1.2657600138241194
7.996645450592041,0.8826160034995394,[0.9194652],5.0,0.6,0.0,-0.4706595143566318,-0.06652910181491689,1.2620150464117605
8.006656408309937,0.8800758201819627,[0.91706447],5.0,0.6,0.0,-0.551015536092867,-0.06642044456968037,1.260385893320714
8.015414714813232,0.8777310355811228,[0.91466115],5.0,0.6,0.0,-0.35772873934028254,-0.034492943578326066,1.2611751355563228
8.024667978286743,0.8753862509802827,[0.91226074],5.0,0.6,0.0,-0.3847990612238549,-0.04476403772144019,1.2617855135428315
8.03467869758606,0.8726506689459693,[0.90985919],5.0,0.6,0.0,-0.1970250657370506,-0.079763483254549,1.25810538721209
8.046005249023438,0.8693288907614459,[0.90744445],5.0,0.6,0.0,-0.2494223180893086,-0.07116424041756485,1.2477989415328798
8.05409836769104,0.8669841061606058,[0.90501526],5.0,0.6,0.0,-0.09016780680308706,-0.037240137684362885,1.2488012045360202
8.062637567520142,0.8646393215597659,[0.90257944],5.0,0.6,0.0,0.10806222891200393,-0.044375678049567914,1.2498350432197642
8.072842359542847,0.861512942091979,[0.9001395],5.0,0.6,0.0,0.0038435702816767697,-0.04537164352649026,1.2420027964417208
8.083909749984741,0.8587773600576656,[0.89769348],5.0,0.6,0.0,0.09803021404716442,-0.04664206658419295,1.2386711076707158
8.094966650009155,0.8554555818731422,[0.89523993],5.0,0.6,0.0,-0.039006819378524835,-0.0437284232187969,1.2286509513952368
8.104641914367676,0.8525246011220923,[0.89277795],5.0,0.6,0.0,0.052045601002305965,-0.042089631714051036,1.2232002052669793
8.115298748016357,0.8493982216543056,[0.89030284],5.0,0.6,0.0,-0.07742004125420353,-0.06624371626385057,1.2155929543495478
8.124375820159912,0.8466626396199921,[0.88781096],5.0,0.6,0.0,-0.25236498715622996,-0.02845707581445852,1.2126937948074406
8.134038925170898,0.8435362601522054,[0.88530796],5.0,0.6,0.0,-0.12964798958608134,-0.02741738951810448,1.2053982358496318
8.142707347869873,0.8411914755513653,[0.88279887],5.0,0.6,0.0,0.06715570011876602,-0.02974725333485475,1.2073428113480658
8.153814315795898,0.8378696973668419,[0.88028393],5.0,0.6,0.0,-0.02642162443302363,-0.026655029139730346,1.1978199285351963
8.161641597747803,0.8353295140492653,[0.8777676],5.0,0.6,0.0,0.08063347526124841,0.005422734395867717,1.1975331916947956
8.17164421081543,0.8325939320149518,[0.8752537],5.0,0.6,0.0,0.23098414491770458,-0.03488759907390373,1.1948714866753616
8.183655500411987,0.8294675525471652,[0.87273715],5.0,0.6,0.0,0.36393755112828546,-0.030133106263975112,1.1875677396221889
8.193053722381592,0.8269273692295884,[0.87021358],5.0,0.6,0.0,0.4616606407157098,-0.028718325174083764,1.1873099212311482
8.201016664505005,0.8247779833454851,[0.86768762],5.0,0.6,0.0,0.7999706133189332,0.002085141664838773,1.1914698219483175
8.211043119430542,0.8220424013111718,[0.86516307],5.0,0.6,0.0,1.1418710200988786,-0.03740978328708254,1.1884683658235637
8.22000789642334,0.8196976167103317,[0.86263883],5.0,0.6,0.0,1.4062640171543215,-0.005146018710297727,1.1901010090968531
8.23206639289856,0.8165712372425449,[0.86011372],5.0,0.6,0.0,1.8546281503107513,-0.041153816521854375,1.1818619759695626
8.240648031234741,0.8144218513584416,[0.8575865],5.0,0.6,0.0,1.9787479065095819,-0.009808089225208622,1.1860088540604603
8.251375913619995,0.8114908706073914,[0.85505579],5.0,0.6,0.0,1.9511332447721244,-0.04627582775809471,1.1813224959424016
8.260678768157959,0.8091460860065515,[0.85252012],5.0,0.6,0.0,1.8564932872521152,-0.014030252826500642,1.1838638643491666
8.26964259147644,0.8069967001224482,[0.84998235],5.0,0.6,0.0,1.7359748569718323,-0.024213266147933152,1.1888046646541266
8.279659271240234,0.804065719371398,[0.8474445],5.0,0.6,0.0,1.6091903619323784,-0.029127235538924247,1.1844424436476264
8.289809942245483,0.8013301373370847,[0.84490339],5.0,0.6,0.0,1.2091286040760758,-0.03365343234593647,1.1829618878038046
8.297733783721924,0.7991807514529814,[0.84236052],5.0,0.6,0.0,0.7825737583365138,-0.006007036653379772,1.1882795037606249
8.307678461074829,0.7966405681354046,[0.8398166],5.0,0.6,0.0,0.4191426738890463,-0.052878667521246966,1.1886488245267537
8.318730592727661,0.7937095873843545,[0.83726232],5.0,0.6,0.0,0.1400596345359968,-0.052762673204345,1.1842790411176773
8.32802152633667,0.7915602015002512,[0.83468928],5.0,0.6,0.0,-0.06051827243403607,-0.05638811626616907,1.1893353176925183
8.33648157119751,0.7894108156161478,[0.83209965],5.0,0.6,0.0,-0.19698150518320728,-0.02800878750248368,1.1945375985715139
8.347622156143188,0.7864798348650976,[0.82949486],5.0,0.6,0.0,-0.28450802054868946,-0.0692521288638481,1.190633647222154
8.35672926902771,0.783939651547521,[0.82687081],5.0,0.6,0.0,-0.33623277875062896,-0.03933276274496202,1.1916061742336066
8.369521617889404,0.7802270759295242,[0.82422363],5.0,0.6,0.0,-0.3625668737425249,-0.07280727831818043,1.1788985809307744
8.379080057144165,0.7776868926119475,[0.8215444],5.0,0.6,0.0,-0.37137089464741335,-0.07292535978287341,1.1805547112659023
8.388063192367554,0.7753421080111076,[0.81882541],5.0,0.6,0.0,-0.6444393766672587,-0.07461027039688298,1.184812189863279
8.39660120010376,0.7731927221270041,[0.81607068],5.0,0.6,0.0,-0.6669463713837125,-0.048302897002617896,1.1919912144695757
8.404927492141724,0.7710433362429008,[0.81328908],5.0,0.6,0.0,-0.8725312414144035,-0.06170578976459728,1.1992476385936048
8.417123079299927,0.7675261593416408,[0.81048276],5.0,0.6,0.0,-1.0875356870934416,-0.06547898913339775,1.190508486023715
8.426612615585327,0.764985976024064,[0.8076481],5.0,0.6,0.0,-1.2516719632071203,-0.07190969048682867,1.1937183645993032
8.435614585876465,0.7624457927064873,[0.80478216],5.0,0.6,0.0,-1.0771843730219908,-0.07709456285013128,1.1978790575475686
8.443840265274048,0.7599056093889106,[0.80188264],5.0,0.6,0.0,-1.0899246872262407,-0.08131910240905856,1.2021053655328078
8.453141927719116,0.7573654260713338,[0.7989479],5.0,0.6,0.0,-1.1474526306983666,-0.08490494673876371,1.2066603788494532
8.461237907409668,0.7546298440370205,[0.79598251],5.0,0.6,0.0,-1.1947024499666392,-0.057493722813090085,1.209280718776711
8.47124171257019,0.7516988632859705,[0.79299628],5.0,0.6,0.0,-1.2153288181807116,-0.06828030388986861,1.2098928851712047
8.481229782104492,0.7485724838181836,[0.78999224],5.0,0.6,0.0,-1.2088794793765154,-0.07447303714894277,1.2084669530893917
8.490753889083862,0.7458369017838703,[0.7869677],5.0,0.6,0.0,-1.1804305835326545,-0.08015055803072373,1.2119105988551768
8.500667572021484,0.7427105223160836,[0.78392072],5.0,0.6,0.0,-1.1361379535299914,-0.08237300880144857,1.2110551477939877
8.510623216629028,0.7397795415650336,[0.78085006],5.0,0.6,0.0,-1.0815255853863506,-0.08462843900014641,1.2127837323258461
8.52064824104309,0.7366531620972468,[0.77775503],5.0,0.6,0.0,-1.0209883044839538,-0.0853672293755513,1.2125106850999765
8.532235383987427,0.7329405864792501,[0.77462999],5.0,0.6,0.0,-0.9577934253908855,-0.1011811270207827,1.2056981015484691
8.544447422027588,0.7290326121445166,[0.77146508],5.0,0.6,0.0,-0.8942563056034611,-0.09354589561819843,1.197009640350414
8.552602529525757,0.7262970301102033,[0.7682635],5.0,0.6,0.0,-0.8319499614047767,-0.06835275215206697,1.2025985367458798
8.56164836883545,0.7233660493591532,[0.76503939],5.0,0.6,0.0,-0.7718947328065648,-0.07402345620599003,1.2061263353602985
8.571629524230957,0.7200442711746298,[0.76179942],5.0,0.6,0.0,-0.714712120071668,-0.07674735598979175,1.2052257098491976
8.580371856689453,0.7175040878570531,[0.75854383],5.0,0.6,0.0,-0.6607426406235548,-0.08242271832460474,1.2136895378745047
8.59045958518982,0.713986910955793,[0.75527285],5.0,0.6,0.0,-0.6101330795014308,-0.0829015619947088,1.2108488705357567
8.601619720458984,0.7100789366210597,[0.75198666],5.0,0.6,0.0,-0.8389379914181907,-0.08095908090836074,1.2032830833638553
8.611133813858032,0.7071479558700097,[0.74868538],5.0,0.6,0.0,-0.5520974551348372,-0.0838534661570303,1.20794283451932
8.622710227966309,0.7034353802520129,[0.74536908],5.0,0.6,0.0,-0.4231319766419927,-0.08283357354467268,1.2033670351353494
8.635236263275146,0.6991366084838061,[0.74203203],5.0,0.6,0.0,-0.6404664836302942,-0.09516249806106264,1.1918094982908656
8.645869255065918,0.6954240328658093,[0.73866369],5.0,0.6,0.0,-0.6442920721335132,-0.09041809081083826,1.1877136663586445
8.655035495758057,0.6921022546812859,[0.73526095],5.0,0.6,0.0,-0.2948710625246062,-0.08820100473862608,1.1889210507737966
8.664193153381348,0.6881942803465526,[0.73182713],5.0,0.6,0.0,-0.17059454707770524,-0.08384648465341428,1.183316724053265
8.675967931747437,0.6846771034452925,[0.72836525],5.0,0.6,0.0,-0.1403799621209711,-0.08201506686333375,1.1826640672579813
8.685668468475342,0.6811599265440325,[0.72487818],5.0,0.6,0.0,0.13152882930033113,-0.08074893786120602,1.1823066646825098
8.695183038711548,0.6780335470762457,[0.72136866],5.0,0.6,0.0,0.1519837792028771,-0.08175176908677698,1.1868692051615874
8.704543352127075,0.674320971458249,[0.71783932],5.0,0.6,0.0,0.08576034630447116,-0.08001104872510716,1.1846980155399807
8.71571969985962,0.6706083958402522,[0.71429275],5.0,0.6,0.0,0.0031798022392080516,-0.07846078220082264,1.1827239982364341
8.725631475448608,0.6668958202222556,[0.71073151],5.0,0.6,0.0,0.20702277380240766,-0.07680731144121516,1.1808859719445113
8.734060049057007,0.6637694407544688,[0.7071583],5.0,0.6,0.0,0.46187967951535536,-0.07809216671034291,1.1860875499928218
8.745866537094116,0.6596660677029987,[0.70357595],5.0,0.6,0.0,0.40315934410615994,-0.07432429140908985,1.179910885146465
8.758643388748169,0.6549764985013187,[0.69998745],5.0,0.6,0.0,0.24978608865413843,-0.06730154407716007,1.1667989165620092
8.770210981369019,0.6508731254498485,[0.69639054],5.0,0.6,0.0,0.3681164380990239,-0.07922416518718785,1.160657494028152
8.779588460922241,0.6477467459820617,[0.69278409],5.0,0.6,0.0,0.5470351846690084,-0.05621549993721037,1.1663057057988209
8.789953470230103,0.6438387716473285,[0.68917353],5.0,0.6,0.0,0.4288660513702299,-0.07442177571101193,1.1628181520938785
8.798602104187012,0.6407123921795417,[0.68556428],5.0,0.6,0.0,0.23234036346409506,-0.04738903892705119,1.168714286392991
8.808629274368286,0.636999816561545,[0.68196669],5.0,0.6,0.0,0.32117402099366826,-0.04703002653920874,1.1672977196268608
8.818610668182373,0.633482639660285,[0.67839021],5.0,0.6,0.0,0.4811609045709354,-0.046539082798945024,1.1679139725470093
8.828601598739624,0.6297700640422882,[0.67483817],5.0,0.6,0.0,0.6278876882010984,-0.04410439538581429,1.1658657059301882
8.837269067764282,0.6266436845745015,[0.67131387],5.0,0.6,0.0,0.7349319785001406,-0.04372903611285264,1.170531750795289
8.8476722240448,0.6231265076732413,[0.66781595],5.0,0.6,0.0,0.8000409070476951,-0.06428775845134413,1.1702264797296333
8.857889413833618,0.6196093307719813,[0.66433921],5.0,0.6,0.0,1.1057138214813789,-0.05520623190845497,1.1693086269948947
8.86573839187622,0.616873748737668,[0.66088887],5.0,0.6,0.0,1.1414635600914673,-0.022764865697323867,1.1778055700593457
8.875220775604248,0.6139427679866178,[0.65747872],5.0,0.6,0.0,1.3458463827080964,-0.026236153347680494,1.1831471619110678
8.88391375541687,0.6108163885188312,[0.65412021],5.0,0.6,0.0,1.273507805806441,0.00513913276249712,1.186053040998461
8.893606185913086,0.607299211617571,[0.65082268],5.0,0.6,0.0,1.3865655338803027,-0.0034235733364660586,1.1832134557429717
8.905162334442139,0.603195838566101,[0.64758501],5.0,0.6,0.0,1.2451627577369933,-0.034503730944565214,1.1731474624126654
8.913590431213379,0.6004602565317877,[0.64439739],5.0,0.6,0.0,1.309786633288783,-0.03150046102331861,1.1784310018204773
8.923269510269165,0.5975292757807376,[0.64125967],5.0,0.6,0.0,1.6887934744107453,0.0023228306247069265,1.180056158974729
8.93490982055664,0.5940120988794776,[0.63817565],5.0,0.6,0.0,2.076754808940178,-0.03109454001413866,1.1737998567933288
8.945152282714844,0.5910811181284275,[0.63513974],5.0,0.6,0.0,2.3689657790790823,-0.027328319844771843,1.17409455634363
8.953018426895142,0.5889317322443242,[0.63214669],5.0,0.6,0.0,2.546397458208712,-0.028281066006706556,1.1835129597405298
8.960943460464478,0.5863915489267474,[0.62919981],5.0,0.6,0.0,2.6226014171003214,0.003154745064430171,1.1880556844895727
8.968603372573853,0.5840467643259073,[0.62630538],5.0,0.6,0.0,2.6202600808807617,-0.007995460524202021,1.1945770720744087
8.980096578598022,0.5809203848581206,[0.62346373],5.0,0.6,0.0,2.837667252225099,-0.013478447127690394,1.1903328166367877
8.990628004074097,0.5779894041070706,[0.62067436],5.0,0.6,0.0,2.7744357137442694,0.015817521615099576,1.18891520124095
8.99897050857544,0.576035416939704,[0.61794007],5.0,0.6,0.0,2.875597634124796,-0.003340394714874637,1.1977251992267122
9.007894277572632,0.5734952336221272,[0.61525798],5.0,0.6,0.0,2.975966311776906,-0.01586786599279826,1.1989668486583605
9.021108627319336,0.5709550503045504,[0.61262035],5.0,0.6,0.0,3.2973362804539246,-0.025699478375756746,1.198636113399155
9.030588626861572,0.5691964618539204,[0.61001954],5.0,0.6,0.0,3.5892403354268727,-0.03762055770643695,1.2070533693718297
9.040613174438477,0.5674378734032904,[0.60744807],5.0,0.6,0.0,3.77312371171716,-0.04840963855092821,1.2155444373961137
9.050951719284058,0.5654838862359236,[0.604894],5.0,0.6,0.0,3.842009103435849,-0.08568546043784103,1.222115684707945
9.05918836593628,0.5641160952187669,[0.60234636],5.0,0.6,0.0,3.538634450776031,-0.05965967661427236,1.237301581448332
9.069092988967896,0.5621621080514002,[0.59980442],5.0,0.6,0.0,3.1305696344223515,-0.07041862932118793,1.2459844620899572
9.078957319259644,0.5602081208840336,[0.59726681],5.0,0.6,0.0,2.728760064853385,-0.08020105546859144,1.2543111235547137
9.0905921459198,0.5578633362831935,[0.59472702],5.0,0.6,0.0,2.096525022510309,-0.08697692326162114,1.2587559063717377
9.100143194198608,0.5557139503990901,[0.59217893],5.0,0.6,0.0,0.932982616351685,-0.09359524334240152,1.2658383572267324
9.110954284667969,0.5533691657982501,[0.58961689],5.0,0.6,0.0,-0.46780185486033365,-0.0984249505609759,1.2687485274135444
9.122832536697388,0.5506335837639368,[0.58703576],5.0,0.6,0.0,-1.6732155992309568,-0.10069302822716726,1.265108101974193
9.137650728225708,0.5471164068626767,[0.58443097],5.0,0.6,0.0,-3.1186894902948223,-0.09829225079414323,1.2497489132324964
9.153686046600342,0.5432084325279433,[0.58179341],5.0,0.6,0.0,-4.053360075729492,-0.11581761494547493,1.230397505590007
9.163818120956421,0.5406682492103666,[0.57911549],5.0,0.6,0.0,-4.597324264610304,-0.08731033576408949,1.228568444903964
9.174680233001709,0.5377372684593165,[0.57640675],5.0,0.6,0.0,-4.856959906738048,-0.05674341854318664,1.2242550100810008
9.184691190719604,0.5351970851417398,[0.573686],5.0,0.6,0.0,-4.91742746592618,-0.033150699318596946,1.2258995022538783
9.194772481918335,0.5324615031074265,[0.57096398],5.0,0.6,0.0,-4.84326493657094,-0.055568101743162214,1.226264287764272
9.206363916397095,0.5293351236396396,[0.56823914],5.0,0.6,0.0,-4.681723220043296,-0.06821878218340859,1.2227645475481932
9.215636491775513,0.526794940322063,[0.5655101],5.0,0.6,0.0,-4.466557652745935,-0.042575319102596265,1.2263540798669883
9.226599931716919,0.5240593582877495,[0.56278092],5.0,0.6,0.0,-3.9453696117755657,-0.061432776809931734,1.229459097505992
9.236184120178223,0.5211283775366995,[0.56004955],5.0,0.6,0.0,-3.3773236267255458,-0.07295143072079407,1.2302009705855823
9.247102737426758,0.5181973967856495,[0.55730878],5.0,0.6,0.0,-2.861590237320727,-0.08024477799087745,1.230372144336465
9.258637428283691,0.5150710173178628,[0.55455785],5.0,0.6,0.0,-2.426351764852697,-0.05032945453965875,1.2277339765648234
9.270539045333862,0.511944637850076,[0.55180149],5.0,0.6,0.0,-1.7945733845503102,-0.06401677722363584,1.2254195224410422
9.281700849533081,0.5086228596655527,[0.54903818],5.0,0.6,0.0,-1.4740505252468081,-0.07165805136566103,1.2196999059868372
9.291002988815308,0.5062780750647126,[0.5462611],5.0,0.6,0.0,-1.2969626806696573,-0.08069771732776349,1.2250956728003763
9.301355123519897,0.5033470943136626,[0.54346438],5.0,0.6,0.0,-0.9081056894573192,-0.08493917335364165,1.2241721967278563
9.311084270477295,0.5004161135626125,[0.54064306],5.0,0.6,0.0,-0.7900829527640016,-0.08785358208027848,1.2230451265510274
9.31996202468872,0.49768053152829916,[0.53779861],5.0,0.6,0.0,-0.4961738108856689,-0.060272186604876515,1.2245932121938885
9.33171033859253,0.49435875334377566,[0.53494352],5.0,0.6,0.0,-0.47155625744271557,-0.03333578878384096,1.2191720125004952
9.342275857925415,0.4914277725927257,[0.53208833],5.0,0.6,0.0,-0.5326692555408286,-0.05478623925046474,1.2182409299376837
9.351908683776855,0.4884967918416756,[0.52923627],5.0,0.6,0.0,-0.6033839905299552,-0.030835011860125577,1.2172587201863458
9.36460828781128,0.4845888175069422,[0.52639553],5.0,0.6,0.0,-0.6565140772637441,-0.006805601802118142,1.2046772731535138
9.37479543685913,0.48165783675589213,[0.52357847],5.0,0.6,0.0,-0.4099706621740274,0.007549400269789029,1.2035293115804473
9.386540412902832,0.47853145728810537,[0.52079515],5.0,0.6,0.0,-0.3848943400968541,0.019219703846071884,1.1994915343805224
9.39863634109497,0.4750142803868453,[0.51804782],5.0,0.6,0.0,0.12080052827425442,-0.01761184708262014,1.1904630888671215
9.412422895431519,0.47149710348558527,[0.51532628],5.0,0.6,0.0,0.6837229372221099,-0.03908530440822798,1.1806477962631703
9.42414379119873,0.46837072401779856,[0.51261564],5.0,0.6,0.0,1.4259510409676661,-0.05312660165746421,1.174515474544736
9.434597253799438,0.4656351419834852,[0.50990291],5.0,0.6,0.0,2.0677808262347517,-0.06340273993806089,1.1725806161871555
9.445590734481812,0.46309495866590844,[0.50717692],5.0,0.6,0.0,2.8065596835149513,-0.07141944390572587,1.172146456390444
9.456509828567505,0.46035937663159504,[0.50442231],5.0,0.6,0.0,3.1264710832192675,-0.09366718289590394,1.1709793942557398
9.466123104095459,0.4578191933140183,[0.50162044],5.0,0.6,0.0,2.9371679829629818,-0.09359881114423968,1.1749482476917548
9.478703498840332,0.454497415129495,[0.49876183],5.0,0.6,0.0,2.860657746651219,-0.09016245155453878,1.1697387471851326
9.489756345748901,0.4515664343784449,[0.49584497],5.0,0.6,0.0,2.24859914511167,-0.08912597856352839,1.1718748454057
9.50161600112915,0.4484400549106582,[0.49287516],5.0,0.6,0.0,1.2773635548412003,-0.06415439516003166,1.1725371425464233
9.513816118240356,0.4451182767261348,[0.48986347],5.0,0.6,0.0,0.35967937369273195,-0.06967637969739846,1.1699379391734572
9.524596691131592,0.44218729597508477,[0.48681385],5.0,0.6,0.0,-0.3707174117845522,-0.07481443633075174,1.171354356732737
9.53516411781311,0.439060916507298,[0.48371827],5.0,0.6,0.0,-1.173622017352308,-0.09248918066856439,1.170063116563895
9.548696756362915,0.4353483408893013,[0.48055887],5.0,0.6,0.0,-1.5572004420444379,-0.0906131921276273,1.162646407876131
9.558650016784668,0.43241736013825127,[0.47732158],5.0,0.6,0.0,-1.714189530498535,-0.092470055724258,1.1659439302143675
9.571218252182007,0.4289001832369912,[0.47400171],5.0,0.6,0.0,-1.7478186515117549,-0.08936924168592104,1.163488838786809
9.58275294303894,0.4253830063357311,[0.47059085],5.0,0.6,0.0,-1.7143625061983692,-0.08304837631246513,1.1622974558821568
9.591395378112793,0.4230382217348911,[0.46708914],5.0,0.6,0.0,-1.645089222662956,-0.09177471254638501,1.1763362751472572
9.603582859039307,0.41932564611689427,[0.46351549],5.0,0.6,0.0,-1.8337420334985215,-0.08829065718067819,1.174188788400843
9.61414623260498,0.4158084692156343,[0.4598813],5.0,0.6,0.0,-1.7715597485821168,-0.09537801922755167,1.1757539772202075
9.624594449996948,0.41268208974784754,[0.45618572],5.0,0.6,0.0,-1.6191644799847018,-0.09601654101811327,1.1829311903389055
9.637655019760132,0.40838331797964084,[0.45242904],5.0,0.6,0.0,-1.447245757915717,-0.09493730913738388,1.1768520955296489
9.647597551345825,0.40545233722859075,[0.44860687],5.0,0.6,0.0,-1.2843380919269514,-0.09586389701847749,1.1878088807327658
9.658102989196777,0.40154436289385737,[0.44471645],5.0,0.6,0.0,-1.1398723854308348,-0.0990523003742608,1.1878602805395675
9.666956424713135,0.39841798342607065,[0.44076768],5.0,0.6,0.0,-1.0151150055003724,-0.10130154393873304,1.197817883933204
9.678125381469727,0.3950962052415472,[0.43676958],5.0,0.6,0.0,-1.1842645885235386,-0.10556481595594593,1.2055263581557463
9.688950777053833,0.3915790283402871,[0.43271875],5.0,0.6,0.0,-0.8496258984237219,-0.10412588768629268,1.2123050407925915
9.699238061904907,0.3884526488725004,[0.42860676],5.0,0.6,0.0,-0.6821915843949141,-0.10285271585363079,1.2240109670760284
9.712634325027466,0.3841538771042937,[0.42442054],5.0,0.6,0.0,-0.8682616597923727,-0.0589059238837699,1.2224863044957321
9.722209453582764,0.3804413014862969,[0.42014297],5.0,0.6,0.0,-0.8463493346633162,-0.06242036443819468,1.2290775161968348
9.731979370117188,0.37711952330177356,[0.41576552],5.0,0.6,0.0,-0.7514738263233307,-0.06655001292384534,1.2413598014815752
9.74154281616211,0.37399314383398685,[0.41129337],5.0,0.6,0.0,-0.6421128336581283,-0.10877995188788683,1.2567921296561422
9.755514144897461,0.36949897334904347,[0.40673755],5.0,0.6,0.0,-0.26512238996402565,-0.09868599647518927,1.2577426854560616
9.763946533203125,0.36676339131473,[0.40210801],5.0,0.6,0.0,-0.14644033833964828,-0.12735004442873485,1.2789028590694327
9.77521300315857,0.36266001826325994,[0.39741379],5.0,0.6,0.0,-0.13172589471021756,-0.11891451779493026,1.2853848468336433
9.786604166030884,0.35875204392852655,[0.39265696],5.0,0.6,0.0,0.12433430527042727,-0.11165657500921353,1.2945946260071177
9.797417163848877,0.35464867087705654,[0.38783382],5.0,0.6,0.0,0.4079643891365978,-0.10592393052952515,1.302193656846011
9.807027101516724,0.35132689269253303,[0.38294226],5.0,0.6,0.0,0.3656483273310184,-0.10694447299455757,1.3187079792987848
9.816332340240479,0.34780971579127296,[0.3779879],5.0,0.6,0.0,0.22202987843423305,-0.14577556842075906,1.333444124192713
9.828635692596436,0.34331554530632963,[0.3729769],5.0,0.6,0.0,0.07041520764324333,-0.0964580310120889,1.3386484806218868
9.838740110397339,0.33960296968833287,[0.3679037],5.0,0.6,0.0,-0.055812441639112115,-0.10863822162955464,1.351982711577517
9.849165439605713,0.33589039407033616,[0.36276542],5.0,0.6,0.0,-0.14921246733237198,-0.12220301305308612,1.3654786894462965
9.858925580978394,0.3325686158858127,[0.35757355],5.0,0.6,0.0,-0.21250544374026184,-0.17084307569339838,1.3824197677979568
9.868226766586304,0.3290514389845527,[0.35234552],5.0,0.6,0.0,-0.5275665791144851,-0.17602532023029113,1.396951226553955
9.88118600845337,0.32436186978287257,[0.34708662],5.0,0.6,0.0,-0.5814662873267897,-0.14438231177625938,1.4016201785684728
9.893571138381958,0.31967230058119256,[0.34179223],5.0,0.6,0.0,-0.5340534759847094,-0.16227733733624525,1.406565186312341
9.902559280395508,0.3161551236799325,[0.33647686],5.0,0.6,0.0,-0.45661782578922455,-0.20788810137345373,1.4205691551505804
9.913542985916138,0.31166095319498904,[0.33117073],5.0,0.6,0.0,-0.6547865407893458,-0.2118699748771933,1.426380138343308
9.923136711120605,0.30775297886025565,[0.32589528],5.0,0.6,0.0,-0.6201520073641902,-0.21578073751292634,1.4360051203092594
9.930680274963379,0.3046265993924689,[0.32067408],5.0,0.6,0.0,-0.7857319248872016,-0.19872285294431205,1.4493401917206241
9.939527750015259,0.30130482120794555,[0.31553715],5.0,0.6,0.0,-0.6988535685089452,-0.20242359488705805,1.4599343519304546
9.951066970825195,0.29661525200626543,[0.31050008],5.0,0.6,0.0,-0.814842652502801,-0.22028749975713122,1.461682198999092
9.958573341369629,0.29329347382174203,[0.30557082],5.0,0.6,0.0,-0.6883006548290134,-0.1926201522010794,1.4699507014744801
9.966566324234009,0.28977629692048196,[0.30076489],5.0,0.6,0.0,-0.4994470205582705,-0.19531574104352584,1.475953788137876
9.977193832397461,0.28567292386901194,[0.29609481],5.0,0.6,0.0,-0.3204178655680297,-0.19393642845808798,1.478434702949209
9.985112190246582,0.2825465444012252,[0.29156996],5.0,0.6,0.0,0.10131564171125226,-0.16542911108506247,1.4838398221091489
9.992575645446777,0.27961556365017515,[0.28720143],5.0,0.6,0.0,0.5198547963439768,-0.17728319411603577,1.4883557824868956
10.000513553619385,0.27668458289912506,[0.2829971],5.0,0.6,0.0,0.5755663128093945,-0.15247718726564677,1.4918155471266275
10.008572578430176,0.27336280471460167,[0.2789621],5.0,0.6,0.0,0.7729937055815539,-0.1661123005011899,1.4933045955044393
10.01705527305603,0.2698456278133416,[0.27509533],5.0,0.6,0.0,0.9692664814308194,-0.17295313200102902,1.4938044388138605
10.025536060333252,0.2663284509120815,[0.27139421],5.0,0.6,0.0,1.116244445442327,-0.14380333594600228,1.493954094517616
10.035556554794312,0.26202967914387476,[0.26785893],5.0,0.6,0.0,1.2060287335346573,-0.14963168536059143,1.4921454508647827
10.045403718948364,0.2581217048091414,[0.26448112],5.0,0.6,0.0,1.245865298441045,-0.18016882368273518,1.4907900725483252
10.053525924682617,0.25479992662461803,[0.2612489],5.0,0.6,0.0,1.2470993655679563,-0.14376669048879845,1.4905602439187469
10.063572645187378,0.2508919522898846,[0.25815808],5.0,0.6,0.0,1.22070376326907,-0.1408501457485038,1.488388230767321
10.073654413223267,0.24678857923841455,[0.25520417],5.0,0.6,0.0,1.1757781266925833,-0.13441014927661493,1.4849073798641372
10.08390498161316,0.2422944087534711,[0.25237907],5.0,0.6,0.0,1.1193123525078783,-0.12357288384761785,1.478933622737253
10.091758728027344,0.2389726305689477,[0.24967802],5.0,0.6,0.0,0.7803890431996529,-0.08944901999601215,1.476886473432673
10.100574493408203,0.23545545366768764,[0.24709617],5.0,0.6,0.0,0.6815835275105666,-0.11551656659045999,1.472916994275321
10.109879732131958,0.23193827676642756,[0.24462551],5.0,0.6,0.0,0.9467283466963703,-0.07799165341268562,1.4676527395883268
10.120112180709839,0.2280303024316942,[0.24226125],5.0,0.6,0.0,0.9912885582274089,-0.07180523017072706,1.459574413240839
10.129539489746094,0.22431772681369744,[0.23999868],5.0,0.6,0.0,0.9444586232040837,-0.06416303060628024,1.4513476649720243
10.138504028320312,0.22099594862917407,[0.23783039],5.0,0.6,0.0,0.865765245166246,-0.05644913329893238,1.4443390212383593
10.14661717414856,0.21767417044465065,[0.23575202],5.0,0.6,0.0,0.7813743973628766,-0.023057564873023306,1.4362742542814946
10.155603885650635,0.21435239226012726,[0.23375939],5.0,0.6,0.0,0.9778450922880145,-0.04389110985156882,1.426729548665343
10.167362689971924,0.20985822177518385,[0.2318436],5.0,0.6,0.0,1.2156896308284126,-0.02535620604090241,1.4067553762909561
10.175563335418701,0.20653644359066042,[0.22999898],5.0,0.6,0.0,1.4070778091203913,0.009762557582251039,1.3942746149348397
10.184521675109863,0.20301926668940037,[0.22822496],5.0,0.6,0.0,1.2542199921488053,0.01676437323635768,1.3795064470092195
10.195679903030396,0.19911129235466699,[0.22651628],5.0,0.6,0.0,1.5565840293783766,0.006651903952606001,1.3587296775026738
10.20691442489624,0.19520331801993357,[0.22486389],5.0,0.6,0.0,2.2054396879133944,0.025212534101121457,1.3350522895442294
10.215359926223755,0.1924677359856202,[0.22326408],5.0,0.6,0.0,2.540079437453369,0.05714025179028568,1.3224414345375666
10.22353744506836,0.18992755266804345,[0.22171755],5.0,0.6,0.0,2.955517518313697,0.06117379903648592,1.3105359122077944
10.23377013206482,0.18699657191699343,[0.22022259],5.0,0.6,0.0,3.282573216275856,0.06810342203525958,1.293925011358123
10.24149775505066,0.18484718603289005,[0.21877731],5.0,0.6,0.0,3.75567668541543,0.09120732391951686,1.2839440747814674
10.249642133712769,0.18289319886552335,[0.2173799],5.0,0.6,0.0,4.140849757512661,0.07038128520747919,1.2757055118597438
10.25914454460144,0.18054841426468332,[0.21602665],5.0,0.6,0.0,4.650874520652186,0.0957610828704268,1.2616007143469885
10.267534494400024,0.17859442709731663,[0.21471762],5.0,0.6,0.0,5.0,0.1136062098234648,1.2520307157775914
10.276798486709595,0.17644504121321322,[0.21345264],5.0,0.6,0.0,5.0,0.09262111397655684,1.2421306774629077
10.287626028060913,0.17449105404584653,[0.21222614],5.0,0.6,0.0,5.0,0.09602919577211384,1.2339062693713236
10.295532464981079,0.17292786431195314,[0.21103478],5.0,0.6,0.0,5.0,0.11520750704989806,1.229675842951944
10.303544759750366,0.17175547201153316,[0.20987889],5.0,0.6,0.0,4.802951188239466,0.11090411315417562,1.2308750678053355
10.313259601593018,0.1701922822776398,[0.20875693],5.0,0.6,0.0,4.897108488383838,0.10983311728532516,1.2251753941071561
10.323291301727295,0.16882449126048307,[0.20766577],5.0,0.6,0.0,4.732340607994855,0.1091034413277433,1.2231424294251396
10.331526279449463,0.16784749767679974,[0.20660266],5.0,0.6,0.0,4.182678269773415,0.10766310749701069,1.2276724925390798
10.341315269470215,0.16667510537637972,[0.20556516],5.0,0.6,0.0,3.839361980833419,0.10768615821805443,1.2281244568991347
10.351838827133179,0.16569811179269636,[0.20455255],5.0,0.6,0.0,3.8576852305693006,0.12218718687934928,1.2284310944782275
10.360496997833252,0.165307314359223,[0.20356554],5.0,0.6,0.0,3.390606052184821,0.1144802459562576,1.2377323375415163
10.368560314178467,0.16472111820901303,[0.20260315],5.0,0.6,0.0,2.8152850632123814,0.10929984428769599,1.2446391467870739
10.377752304077148,0.164134922058803,[0.201663],5.0,0.6,0.0,2.556676138055553,0.10549969808206344,1.2496794391365553
10.386521100997925,0.163548725908593,[0.20074303],5.0,0.6,0.0,2.418504079570469,0.10231480085546636,1.253959440790707
10.395878553390503,0.16335332719185633,[0.19984147],5.0,0.6,0.0,2.0403049746323108,0.09802096562835498,1.2631376446178435
10.404271364212036,0.162962529758383,[0.19895806],5.0,0.6,0.0,1.6321913309790042,0.10866660643530736,1.269739168653327
10.412593603134155,0.162962529758383,[0.19809376],5.0,0.6,0.0,0.996362142503043,0.10015121898589713,1.280526662807693
10.42262053489685,0.1627671310416463,[0.19724806],5.0,0.6,0.0,0.9481364680519604,0.093895857986933,1.2877019040953774
10.433345317840576,0.16257173232490962,[0.1964192],5.0,0.6,0.0,0.8108660059672798,0.08876275666052226,1.2947358049068076
10.441909313201904,0.16257173232490962,[0.19560685],5.0,0.6,0.0,0.3852357583103864,0.09624820527765637,1.303802916585638
10.451521396636963,0.16257173232490962,[0.19481072],5.0,0.6,0.0,-0.05699942234566083,0.07544920081094676,1.3123098649787839
10.463068723678589,0.16257173232490962,[0.19402818],5.0,0.6,0.0,-0.6959110737133125,0.07251894031662637,1.3200901807823708
10.471107721328735,0.16237633360817297,[0.19325813],5.0,0.6,0.0,-1.268408402005708,0.08264058273277479,1.3251536164277657
10.479509592056274,0.16257173232490962,[0.19250193],5.0,0.6,0.0,-1.695524925068244,0.07551453985665803,1.3338338710762172
10.488923072814941,0.16257173232490962,[0.19175959],5.0,0.6,0.0,-2.250368750042745,0.07003413861570229,1.3395835083815248
10.496649503707886,0.16257173232490962,[0.19103097],5.0,0.6,0.0,-2.7139160144872405,0.07719985075390476,1.345000565380148
10.506511449813843,0.16257173232490962,[0.190316],5.0,0.6,0.0,-3.027424814022745,0.05884459579269321,1.3505395572078114
10.516277551651001,0.16257173232490962,[0.18961246],5.0,0.6,0.0,-3.4727638178562366,0.056695928944379914,1.3550527232856853
10.525250434875488,0.16257173232490962,[0.18891951],5.0,0.6,0.0,-3.834264570931033,0.06533695110829335,1.3595413450091476
10.534612655639648,0.16257173232490962,[0.18823841],5.0,0.6,0.0,-4.054073089326143,0.05954089295360497,1.364469027954402
10.54422664642334,0.16257173232490962,[0.1875691],5.0,0.6,0.0,-4.137844212587424,0.055032073184989164,1.3699357956247076
10.551564931869507,0.16257173232490962,[0.18691147],5.0,0.6,0.0,-4.1122406506449085,0.06172586069227475,1.3758344539735692
10.561524629592896,0.16237633360817297,[0.18626543],5.0,0.6,0.0,-4.0069362290281205,0.045905748332913596,1.3803249785270784
10.572709321975708,0.16257173232490962,[0.18562891],5.0,0.6,0.0,-3.847892735955053,0.04283319175480457,1.3882296347568257
10.580675601959229,0.16257173232490962,[0.18500108],5.0,0.6,0.0,-3.655588812725493,0.05082017700665193,1.394431627993212
10.590599775314331,0.16257173232490962,[0.1843831],5.0,0.6,0.0,-3.445245710646459,0.0457375180844969,1.4004809216617637
10.601574897766113,0.16257173232490962,[0.18377497],5.0,0.6,0.0,-3.2277162338451504,0.041444181227447766,1.4063130093359189
10.612564086914062,0.16257173232490962,[0.18317481],5.0,0.6,0.0,-3.0104707501693717,0.02806360344138506,1.4119053886491963
10.622646808624268,0.16257173232490962,[0.18258014],5.0,0.6,0.0,-2.798467705176384,0.027887458895811495,1.4172583702925956
10.630526065826416,0.16257173232490962,[0.18199067],5.0,0.6,0.0,-2.5948516915258018,0.036671101167608994,1.422367593680611
10.639465093612671,0.16257173232490962,[0.18140797],5.0,0.6,0.0,-2.4014851242627757,0.032682483090649965,1.427223786761112
10.648008108139038,0.16257173232490962,[0.18083242],5.0,0.6,0.0,-2.219340705025366,0.029068395709679364,1.4318315518925355
10.656532526016235,0.16257173232490962,[0.18026348],5.0,0.6,0.0,-2.048785168647009,0.026258563414420996,1.4362046478072064
10.66458511352539,0.16257173232490962,[0.17970155],5.0,0.6,0.0,-1.8897813824373881,0.032712855193753464,1.4403513011318503
10.672492980957031,0.16237633360817297,[0.17914864],5.0,0.6,0.0,-1.7420306025726844,0.03748165758857214,1.4430374603882465
10.682511568069458,0.16257173232490962,[0.17860555],5.0,0.6,0.0,-1.6050715716944586,0.02070539110690412,1.4479687289942245
10.692373514175415,0.16257173232490962,[0.1780704],5.0,0.6,0.0,-1.4783488409964132,0.017828925822607852,1.4514697521583813
10.700653314590454,0.16257173232490962,[0.17754241],5.0,0.6,0.0,-1.3612593316970554,0.024206284992109944,1.454788059598476
10.710593700408936,0.16257173232490962,[0.17702253],5.0,0.6,0.0,-1.2531836144745894,0.019489138952788896,1.4579273589625117
10.718575477600098,0.16257173232490962,[0.17651076],5.0,0.6,0.0,-1.1535065211994548,0.015539470036847294,1.460896551802315
10.726485252380371,0.16257173232490962,[0.17600703],5.0,0.6,0.0,-1.0616303543032448,0.02072690237568035,1.4637041693408732
10.73750638961792,0.16257173232490962,[0.17551128],5.0,0.6,0.0,-0.9769829931596885,0.007286299139272084,1.466358062392581
10.7457914352417,0.16237633360817297,[0.17502192],5.0,0.6,0.0,-0.8990225101678445,0.006563591453853919,1.4679225433871754
10.754273891448975,0.16257173232490962,[0.17453833],5.0,0.6,0.0,-0.8272394235872899,0.011805376353516204,1.4712571672294057
10.763501405715942,0.16237633360817297,[0.17406147],5.0,0.6,0.0,-0.7611573720184286,0.008785516070099607,1.4726299429582537
10.774528503417969,0.16237633360817297,[0.17359066],5.0,0.6,0.0,-0.7003327550571954,-0.002309206469404741,1.4747964747387468
10.782764196395874,0.16237633360817297,[0.17312462],5.0,0.6,0.0,-0.6443537162015658,0.004739901117304457,1.476850771979666
10.79049038887024,0.16257173232490962,[0.17266366],5.0,0.6,0.0,-0.5928387262840906,0.0006556373085990883,1.4795751158796495
10.801138877868652,0.16237633360817297,[0.17220803],5.0,0.6,0.0,-0.5454349434936132,-0.0011389034054422981,1.480631806812359
10.810204267501831,0.16237633360817297,[0.17175794],5.0,0.6,0.0,-0.5018164688062958,0.003945704932094903,1.482363682847919
10.821057081222534,0.16237633360817297,[0.17131422],5.0,0.6,0.0,-0.46168257589311135,-0.0005917407050810556,1.4839911650234308
10.831515312194824,0.16237633360817297,[0.17087613],5.0,0.6,0.0,-0.42475596705398555,-0.01157639762030308,1.4855202929981288
10.84081482887268,0.16237633360817297,[0.1704417],5.0,0.6,0.0,-0.3907810877614918,-0.012541042614214678,1.4869605645491268
10.849290609359741,0.16237633360817297,[0.1700106],5.0,0.6,0.0,-0.35952251939545,-0.006288641630900615,1.4883150532186322
10.859484672546387,0.16218093489143628,[0.1695839],5.0,0.6,0.0,-0.33076346090452835,-0.008726216440957626,1.4890176353609799
10.869483947753906,0.16198553617469966,[0.16916115],5.0,0.6,0.0,-0.5803426638544971,-0.017806129815782706,1.489504295913338
10.879187822341919,0.16198553617469966,[0.1687413],5.0,0.6,0.0,-0.5891242667830036,-0.010931962312696787,1.4906551838052529
10.887513875961304,0.16159473874122632,[0.16832541],5.0,0.6,0.0,-0.7876694064254678,-0.004626427060190722,1.4905189043833444
10.897501230239868,0.1613993400244896,[0.16791439],5.0,0.6,0.0,-1.0001427954806525,-0.015052993253369104,1.4908026985782452
10.907121181488037,0.1610085425910163,[0.167507],5.0,0.6,0.0,-1.1647294233804812,-0.014629118290530086,1.4905807401354667
10.915535688400269,0.1608131438742796,[0.16710283],5.0,0.6,0.0,-1.2686483018067498,-0.008040687957165034,1.4909225436887992
10.926713943481445,0.16022694772406962,[0.16670341],5.0,0.6,0.0,-1.594102158058543,-0.001398348638715926,1.4897581148167807
10.938417196273804,0.15964075157385957,[0.16631003],5.0,0.6,0.0,-1.9099248185856117,-0.002957676943166366,1.4884355190929708
10.949713468551636,0.15885915670691292,[0.16592186],5.0,0.6,0.0,-2.1397208307661493,-0.00923904007162459,1.4866766581486055
10.959384202957153,0.15846835927343958,[0.16553632],5.0,0.6,0.0,-1.9964400102169257,-0.014722662506538583,1.4871003178093547
10.96912693977356,0.1582729605567029,[0.16515124],5.0,0.6,0.0,-1.4602561656317872,-0.012756209545678635,1.4889976733698935
10.97749662399292,0.15807756183996624,[0.1647661],5.0,0.6,0.0,-0.8819094037906794,-0.011643258227623141,1.4905139793511328
10.985802412033081,0.15788216312322959,[0.16438168],5.0,0.6,0.0,-0.3892891544974709,-0.00431716903115675,1.491474044199307
10.99351954460144,0.15768676440649287,[0.16399931],5.0,0.6,0.0,-0.013199219756429348,-0.006138034300936977,1.4920619033392266
11.00351595878601,0.15749136568975622,[0.16361891],5.0,0.6,0.0,0.530107616413779,-0.013796603423657195,1.492309621882455
11.01195240020752,0.15729596697301954,[0.16323989],5.0,0.6,0.0,1.0176687045748687,-0.006877413551065722,1.4921885289795553
11.020483493804932,0.15729596697301954,[0.16286348],5.0,0.6,0.0,1.3824310306715215,-0.0034655375957876387,1.4923991175223938
11.029597759246826,0.15690516953954617,[0.16249131],5.0,0.6,0.0,1.6217581410570006,-0.005772638831580617,1.49182442880922
11.037578105926514,0.15670977082280954,[0.16212413],5.0,0.6,0.0,1.755761863317562,-0.002117634211647128,1.4918645917389801
11.047503232955933,0.15670977082280954,[0.16176205],5.0,0.6,0.0,1.5332832453338967,-0.012737456858129798,1.4931609161527102
11.055781126022339,0.1563189733893362,[0.16140402],5.0,0.6,0.0,1.2198888522644808,-0.012472568088433231,1.493735266714677
11.064938068389893,0.15612357467259955,[0.16104973],5.0,0.6,0.0,0.9221258480734659,-0.007159159663914406,1.4945257738909266
11.074480772018433,0.15592817595586284,[0.1607],5.0,0.6,0.0,0.6749056117207143,-0.00931824352183261,1.4951173296361513
11.0847909450531,0.15573277723912618,[0.16035446],5.0,0.6,0.0,0.4828331241782535,-0.016570580009674603,1.49556361068125
11.09435486793518,0.15534197980565284,[0.16001226],5.0,0.6,0.0,0.33921798689563076,-0.009482140664659218,1.4955615416754489
11.105143547058105,0.1549511823721795,[0.15967376],5.0,0.6,0.0,0.23442237663763554,-0.009702514293951598,1.495508486712733
11.11451005935669,0.15456038493870616,[0.15933925],5.0,0.6,0.0,-0.11681360816774816,-0.009558146368559015,1.495432744270697
11.125156879425049,0.15397418878849614,[0.15900802],5.0,0.6,0.0,-0.4792667931663591,-0.01336017160610007,1.4947739781434484
11.13365364074707,0.15338799263828612,[0.15867946],5.0,0.6,0.0,-0.770714609959452,-0.004638290646384725,1.4939737456966953
11.142478227615356,0.15280179648807612,[0.1583541],5.0,0.6,0.0,-1.2507133973588482,-0.002941605144300906,1.4926902588540285
11.152524709701538,0.1522156003378661,[0.15803239],5.0,0.6,0.0,-1.4091789072406025,-0.0011000798699051283,1.4917797931536478
11.16340947151184,0.1516294041876561,[0.15771472],5.0,0.6,0.0,-1.6931304676759367,0.0059782861105842815,1.4904917291866315
11.17292308807373,0.15123860675418274,[0.15740141],5.0,0.6,0.0,-1.6671818146160167,0.0008133390290868541,1.4903679692998557
11.182461500167847,0.15084780932070943,[0.15709186],5.0,0.6,0.0,-1.5263693551166146,0.002499035401336011,1.490501389141521
11.192591667175293,0.1502616131704994,[0.15678558],5.0,0.6,0.0,-1.0809703253085103,0.004823261308335714,1.4906546278676596
11.202855825424194,0.14987081573702607,[0.15648262],5.0,0.6,0.0,-0.33311023194215916,0.005988746078788521,1.4912123196466738
11.211789608001709,0.14967541702028941,[0.15618347],5.0,0.6,0.0,0.09800786925496363,0.010704059430326917,1.491557665523233
11.221466064453125,0.14928461958681605,[0.15588857],5.0,0.6,0.0,0.6200848749937682,0.005795771665416198,1.4910293626214068
11.232540607452393,0.1490892208700794,[0.15559744],5.0,0.6,0.0,1.340853358083372,0.005799833561821615,1.490227851252259
11.240764856338501,0.1490892208700794,[0.15531007],5.0,0.6,0.0,1.6965258851172305,0.009107891023200266,1.490152121023812
11.250445127487183,0.14889382215334274,[0.15502728],5.0,0.6,0.0,2.1227397832219768,0.0074873840174263994,1.4891613232529501
11.263474941253662,0.14869842343660605,[0.15474891],5.0,0.6,0.0,2.1891761250943103,0.0022016180611383086,1.4891502147410722
11.274470329284668,0.1485030247198694,[0.15447374],5.0,0.6,0.0,2.100871075402921,-0.0015089234141746565,1.489620706569426
11.283843517303467,0.14830762600313271,[0.15420109],5.0,0.6,0.0,1.9543068041645493,0.003909174457247294,1.4902424556656575
11.292446374893188,0.14811222728639603,[0.15393188],5.0,0.6,0.0,1.7933785934733601,0.007618172642275055,1.4908607871529953
11.302461862564087,0.14791682856965938,[0.15366688],5.0,0.6,0.0,1.3608426515093335,0.002219408212111495,1.4920325348570427
11.312748432159424,0.14772142985292272,[0.1534056],5.0,0.6,0.0,0.9067007372305028,0.0023214425351489342,1.4929472730767157
11.320716142654419,0.14772142985292272,[0.15314794],5.0,0.6,0.0,0.7970466144111992,0.005275797095289264,1.493655232307978
11.329468488693237,0.14752603113618606,[0.15289415],5.0,0.6,0.0,0.5335489247259162,0.0001741843350834176,1.4940413590919244
11.340771913528442,0.14733063241944935,[0.15264372],5.0,0.6,0.0,0.26417558045328204,0.0003261016878365143,1.4943181888127304
11.349756002426147,0.14733063241944935,[0.15239647],5.0,0.6,0.0,0.04092110384988196,0.0035022127387032112,1.4948793524529402
11.358484506607056,0.1471352337027127,[0.152153],5.0,0.6,0.0,-0.12555580005558242,0.0024417639869072556,1.4949653347097158
11.36947751045227,0.14693983498597601,[0.151913],5.0,0.6,0.0,0.03542531546907793,-0.002542924226098045,1.4950648043184207
11.380882740020752,0.14693983498597601,[0.15167549],5.0,0.6,0.0,-0.005201962163757193,-0.003014642656602512,1.4955247426907585
11.388921737670898,0.14674443626923936,[0.15144029],5.0,0.6,0.0,-0.10296553609710543,0.0010612616040354282,1.495591604154045
11.397459506988525,0.1465490375525027,[0.15120794],5.0,0.6,0.0,-0.19931633195871296,3.9148921987635935e-05,1.4956387549648595
11.405494451522827,0.146353638835766,[0.15097884],5.0,0.6,0.0,-0.2745137660840108,0.0032187039995682067,1.4956745455111162
11.413754940032959,0.146353638835766,[0.15075329],5.0,0.6,0.0,-0.3253181400534045,0.0005035483046560317,1.496057320289599
11.424473285675049,0.14615824011902934,[0.15053113],5.0,0.6,0.0,-0.35471129991776906,-0.0008744394425904751,1.496089214010642
11.43527865409851,0.14615824011902934,[0.15031145],5.0,0.6,0.0,-0.36736881286707246,-0.006785578888121618,1.496455660284383
11.444802284240723,0.14596284140229268,[0.15009343],5.0,0.6,0.0,-0.3678240942949532,-0.00235049146745691,1.4964927560229064
11.453470230102539,0.14596284140229268,[0.14987708],5.0,0.6,0.0,-0.3598498645700996,-0.004438398057421373,1.496844056496943
11.464457035064697,0.14576744268555603,[0.14966196],5.0,0.6,0.0,-0.34635823752694495,-0.009121447607337865,1.4968818538535533
11.475499153137207,0.14557204396881931,[0.14944695],5.0,0.6,0.0,-0.3294971188351749,-0.008718560794943209,1.4969207159565165
11.484035730361938,0.14537664525208266,[0.14923182],5.0,0.6,0.0,-0.3108006709579644,-0.0041447537060769184,1.4969600335920972
11.493469476699829,0.14537664525208266,[0.14901713],5.0,0.6,0.0,-0.2913359641282165,-0.006030480497701656,1.49728970011464
11.503473281860352,0.14498584781860932,[0.14880257],5.0,0.6,0.0,-0.27182614064386557,-0.010327570974687311,1.4970357686263807
11.51298999786377,0.14479044910187266,[0.14858743],5.0,0.6,0.0,-0.2527467423710327,-0.005546150548635175,1.4970731887654316
11.520448923110962,0.14479044910187266,[0.14837228],5.0,0.6,0.0,-0.5104364254583745,-0.0029145048502012146,1.4972434697586308
11.530507326126099,0.1443996516683993,[0.1481576],5.0,0.6,0.0,-0.5261211161729171,-0.008075205108571208,1.4969735349400852
11.53953766822815,0.1443996516683993,[0.147943],5.0,0.6,0.0,-0.4545866547135814,-0.0049557194760284674,1.4973382781343036
11.547451972961426,0.14420425295166264,[0.14772851],5.0,0.6,0.0,-0.639142493753647,-0.00628553355991444,1.4972150013867782
11.557210922241211,0.14420425295166264,[0.14751416],5.0,0.6,0.0,-0.5873857305331818,-0.00814480384990116,1.4975545382284028
11.565699100494385,0.144008854234926,[0.14729995],5.0,0.6,0.0,-0.4623214656303172,-0.004545050390348369,1.4976769950780013
11.573417901992798,0.1438134555181893,[0.14708632],5.0,0.6,0.0,-0.05582817825101963,-0.006526755997372732,1.4978576434235435
11.584465265274048,0.1438134555181893,[0.1468728],5.0,0.6,0.0,0.088683108223955,-0.013344172983467375,1.4981239774247943
11.593991994857788,0.1438134555181893,[0.1466586],5.0,0.6,0.0,0.12031484867880374,-0.009754154571187222,1.4983715689002794
11.602411270141602,0.14361805680145262,[0.14644384],5.0,0.6,0.0,0.10814556644460514,-0.010802148712298383,1.4983955616943947
11.611521482467651,0.14342265808471594,[0.14622865],5.0,0.6,0.0,0.08288677173169724,-0.011619623439395325,1.4984214070862538
11.622661590576172,0.14322725936797928,[0.14601276],5.0,0.6,0.0,0.05721768373531519,-0.012088080586855737,1.4984469587286313
11.63101840019226,0.14264106321776926,[0.14579637],5.0,0.6,0.0,0.03560699581614494,-0.006261834644721616,1.4980098438570442
11.640413522720337,0.1424456645010326,[0.14557966],5.0,0.6,0.0,-0.2570565002019965,-0.011729777464632328,1.4979883570335497
11.651161670684814,0.1418594683508226,[0.14536203],5.0,0.6,0.0,-0.5783082581821358,-0.00943037252812825,1.4973005183360335
11.659743070602417,0.14146867091734927,[0.14514339],5.0,0.6,0.0,-1.116826263078308,-0.0036218303212264442,1.496375300272671
11.667431831359863,0.14107787348387593,[0.14492443],5.0,0.6,0.0,-1.3335453037155465,-0.0033687001488847553,1.4957231207889845
11.677794218063354,0.1404916773336659,[0.14470539],5.0,0.6,0.0,-1.6655042761744285,-0.0017648033118322385,1.4943945915197845
11.685739278793335,0.1399054811834559,[0.14448645],5.0,0.6,0.0,-1.6754738909199212,0.00427020781421878,1.493726418829621
11.694406747817993,0.13951468374998255,[0.14426818],5.0,0.6,0.0,-1.5597630189890177,0.0040862229998499715,1.493683301053494
11.705410718917847,0.13892848759977253,[0.14405035],5.0,0.6,0.0,-1.4068509397873181,0.0013162026625388372,1.4932958727246872
11.714648723602295,0.1385376901662992,[0.1438324],5.0,0.6,0.0,-1.254131155615298,0.007207475066797544,1.493239445496283
11.72354769706726,0.13814689273282588,[0.14361461],5.0,0.6,0.0,-0.8394021158894509,0.0074712904497421405,1.49351441841894
11.732359886169434,0.1379514940160892,[0.14339725],5.0,0.6,0.0,-0.4090317880325128,0.007092682500199046,1.4939617652066919
11.740449905395508,0.13775609529935254,[0.14318055],5.0,0.6,0.0,0.22555141344489107,0.010431883305191425,1.4940944822179936
11.749423027038574,0.13756069658261585,[0.14296504],5.0,0.6,0.0,0.80261373498604,0.008817449708317288,1.4936963469327396
11.760416984558105,0.13716989914914252,[0.14275049],5.0,0.6,0.0,1.2418811272750654,0.004784467495976634,1.492644000086237
11.768547058105469,0.13716989914914252,[0.14253638],5.0,0.6,0.0,1.814453533961372,0.007512183502251861,1.4918119798399858
11.777446031570435,0.13697450043240583,[0.14232295],5.0,0.6,0.0,2.0233495959269794,0.0065429364090646555,1.4912568859640234
11.787431001663208,0.13677910171566918,[0.14211044],5.0,0.6,0.0,2.051171427967944,0.005586111165522516,1.4912093576978267
11.798880100250244,0.1365837029989325,[0.14189872],5.0,0.6,0.0,1.9907871527497665,0.0050316324135904495,1.4914244961120655
11.806441068649292,0.1365837029989325,[0.14168803],5.0,0.6,0.0,1.889584077452612,0.0071740266775437555,1.4921518703903611
11.815442323684692,0.13638830428219584,[0.14147857],5.0,0.6,0.0,1.495752564228364,0.0022019619048125453,1.4931685817734723
11.826354742050171,0.13619290556545915,[0.14126985],5.0,0.6,0.0,1.3406120104121408,0.002182131343567211,1.493522104212808
11.835036277770996,0.1359975068487225,[0.14106182],5.0,0.6,0.0,1.2757193066254442,0.0059418140532248006,1.4936736679089817
11.843437671661377,0.13580210813198582,[0.14085511],5.0,0.6,0.0,0.9608690329095366,0.00498752546290736,1.494219644093994
11.854424953460693,0.13580210813198582,[0.14064961],5.0,0.6,0.0,0.6138235452875314,-0.00026434558471297967,1.4950309752304418
11.86410903930664,0.13560670941524913,[0.14044489],5.0,0.6,0.0,0.31498395889249386,0.004011514545140038,1.4952554999351995
11.872407913208008,0.13541131069851248,[0.14024125],5.0,0.6,0.0,0.08466638660089151,0.0036109525435670566,1.4953398734443704
11.882426023483276,0.13541131069851248,[0.14003898],5.0,0.6,0.0,0.19519560462545882,0.0021766229873084815,1.4956977399677394
11.891794204711914,0.13521591198177582,[0.139838],5.0,0.6,0.0,0.11609623077298639,0.0020653957978748055,1.495726343092496
11.899757862091064,0.13521591198177582,[0.13963859],5.0,0.6,0.0,-0.010427823401197925,0.0044963401027715115,1.4960955432327774
11.909421443939209,0.13502051326503914,[0.13944101],5.0,0.6,0.0,-0.128057920465067,0.00033455728221861195,1.4960872662349172
11.919450521469116,0.13502051326503914,[0.13924516],5.0,0.6,0.0,-0.21893774985169884,0.003034142038549792,1.4964011498326784
11.92743468284607,0.1346297158315658,[0.13905157],5.0,0.6,0.0,-0.28130957246457916,0.00661278227722384,1.496038176374299
11.937429428100586,0.1346297158315658,[0.13886065],5.0,0.6,0.0,-0.3192754557302888,0.001191285344325075,1.4963503656189578
11.947882413864136,0.13443431711482912,[0.1386719],5.0,0.6,0.0,-0.3383378032369612,0.0014930903598226182,1.496329817337581
11.955758094787598,0.13423891839809246,[0.13848517],5.0,0.6,0.0,-0.34363131256411117,0.0045290164071673964,1.4963124784070718
11.965425491333008,0.13404351968135578,[0.13830085],5.0,0.6,0.0,-0.3393619134745288,0.0037841601725426533,1.4962958593561875
11.975930452346802,0.13404351968135578,[0.13811873],5.0,0.6,0.0,-0.32875210074008504,-0.0005508143059354709,1.496603587705984
11.984522104263306,0.1338481209646191,[0.13793834],5.0,0.6,0.0,-0.31417151402265653,0.003088983639220743,1.4965861355135306
11.993437767028809,0.1338481209646191,[0.13775985],5.0,0.6,0.0,-0.2973125913907496,0.0019057197662390446,1.4968785606069959
12.003451585769653,0.13365272224788244,[0.13758311],5.0,0.6,0.0,-0.27935548879775274,-0.001236242280306212,1.496857091605753
12.013548374176025,0.13345732353114578,[0.13740772],5.0,0.6,0.0,-0.2611043558843801,0.0023668488609617767,1.496832999764314
12.021784782409668,0.13345732353114578,[0.1372341],5.0,0.6,0.0,-0.24309300819077612,0.004177519560043408,1.497107273585501
12.032453060150146,0.1332619248144091,[0.13706261],5.0,0.6,0.0,-0.2256639113014343,0.0001733672549865233,1.4970772255017368
12.041835308074951,0.13306652609767244,[0.13689272],5.0,0.6,0.0,-0.20902586064442086,0.00042220764788062135,1.4970438092584795
12.050240516662598,0.13306652609767244,[0.13672424],5.0,0.6,0.0,-0.1932954461713179,0.002560741883252738,1.4972999919708543
12.058385610580444,0.13287112738093576,[0.13655752],5.0,0.6,0.0,-0.17852652394526636,0.001949491947618312,1.4972620605819758
12.067582607269287,0.13287112738093576,[0.13639259],5.0,0.6,0.0,-0.16473097915837198,0.0005174026000540523,1.4975027338609932
12.076439380645752,0.1326757286641991,[0.13622942],5.0,0.6,0.0,-0.15189324366649765,0.0031482599277637357,1.4974602748041868
12.085408210754395,0.13248032994746242,[0.13606796],5.0,0.6,0.0,-0.1399803735870769,-0.0007672739579338899,1.4974145135105794
12.094529628753662,0.13248032994746242,[0.13590788],5.0,0.6,0.0,-0.12894899100251114,0.0013800538444954868,1.4976407604118513
12.103769779205322,0.13228493123072574,[0.13574943],5.0,0.6,0.0,-0.11875002219032368,0.003730309170461956,1.4975918266353994
12.113411903381348,0.13228493123072574,[0.13559279],5.0,0.6,0.0,-0.10933189442087654,-0.0015566519017046125,1.4978051032370407
12.123500108718872,0.1318941337972524,[0.13543728],5.0,0.6,0.0,-0.10064265901033577,-0.0005250753638251812,1.4974848345189797
12.131709337234497,0.1318941337972524,[0.13528258],5.0,0.6,0.0,-0.09263136975924183,0.0016161990199469172,1.4976999384283098
12.142395734786987,0.13169873508051574,[0.13512869],5.0,0.6,0.0,-0.08524894769208527,-0.002142861109502758,1.4976444422946311
12.15241003036499,0.13169873508051574,[0.13497504],5.0,0.6,0.0,-0.07844869367861362,-0.0027403615428335335,1.4978508807501156
12.162887811660767,0.1315033363637791,[0.13482117],5.0,0.6,0.0,-0.07218656171684276,-0.0023754419599118044,1.4977969410564886
12.171120882034302,0.1313079376470424,[0.1346672],5.0,0.6,0.0,-0.06642127138785607,0.0009499725612838354,1.4977423279414692
12.179420709609985,0.1313079376470424,[0.13451327],5.0,0.6,0.0,-0.0611143139704765,-0.0036479522133201045,1.497944496884644
12.189491271972656,0.1313079376470424,[0.1343592],5.0,0.6,0.0,-0.05622988989229237,-0.0011393569022722426,1.4981373443595294
12.20002555847168,0.13111253893030572,[0.13420512],5.0,0.6,0.0,-0.05173480344547704,-0.001367720689437311,1.498087023797271
12.208427667617798,0.1313079376470424,[0.13405119],5.0,0.6,0.0,-0.04759833249950908,-0.003638278988042746,1.4984943565302127
12.21942138671875,0.13091714021356907,[0.13389699],5.0,0.6,0.0,-0.043792085234555134,-0.005563983340926755,1.4982242439157225
12.228985071182251,0.13091714021356907,[0.13374219],5.0,0.6,0.0,-0.040289851952415204,-0.0026981247312484733,1.4984038824746557
12.238139152526855,0.13072174149683238,[0.13358733],5.0,0.6,0.0,-0.0370674572729189,0.0001079138392018069,1.4983580102792595
12.248798370361328,0.13072174149683238,[0.13343284],5.0,0.6,0.0,-0.034102616125303326,-0.004781186568195164,1.498530198064761
12.259407997131348,0.13052634278009573,[0.13327857],5.0,0.6,0.0,-0.03137479563949511,-0.0016639361067850645,1.4984854602873448
12.271895408630371,0.1301355453466224,[0.13312411],5.0,0.6,0.0,-0.02886508415142034,-0.006889975114899429,1.4982146684291888
12.280195713043213,0.1301355453466224,[0.1329689],5.0,0.6,0.0,-0.026556067933530735,-0.003596424138600937,1.4983951852841444
12.289396047592163,0.1301355453466224,[0.13281299],5.0,0.6,0.0,-0.024431715858840082,-0.004407952746352421,1.4985668392312035
12.300395011901855,0.1299401466298857,[0.13265644],5.0,0.6,0.0,-0.02247727194214258,-0.007145352713788285,1.498525067511592
12.310187578201294,0.12974474791314905,[0.13249901],5.0,0.6,0.0,-0.020679155533185684,-0.0031944055497165084,1.4984836355695124
12.32059907913208,0.12974474791314905,[0.1323411],5.0,0.6,0.0,-0.01902486883302494,-0.004101724343226182,1.498652427369041
12.329389572143555,0.12954934919641237,[0.13218303],5.0,0.6,0.0,-0.017502911346133108,-0.004150369900926786,1.4986134770600874
12.340699911117554,0.12954934919641237,[0.13202455],5.0,0.6,0.0,0.2599356588264128,-0.00803154779416198,1.498725127915328
12.34959363937378,0.12935395047967568,[0.13186548],5.0,0.6,0.0,0.29434846236635964,-0.004301513801862304,1.4986747523092114
12.358400821685791,0.12935395047967568,[0.13170617],5.0,0.6,0.0,0.24043635482962006,-0.005339281585593497,1.4988509934666143
12.368382453918457,0.12915855176293903,[0.13154697],5.0,0.6,0.0,0.16544169010021548,-0.005348180696783504,1.4988393711399075
12.377632856369019,0.1287677543294657,[0.1313879],5.0,0.6,0.0,-0.18011623170652713,-0.004010018680292023,1.4986037573243929
12.387874841690063,0.128572355612729,[0.13122902],5.0,0.6,0.0,-0.26893976268972897,-0.0038535623456914104,1.4985355815553834
12.397423267364502,0.128572355612729,[0.13107036],5.0,0.6,0.0,-0.2549910717886676,-0.004526474317437263,1.4987043736729189
12.407448053359985,0.12837695689599235,[0.13091198],5.0,0.6,0.0,-0.4835784435292908,-0.003909649675590983,1.498541512440535
12.418230772018433,0.1281815581792557,[0.13075395],5.0,0.6,0.0,-0.4649895258087874,-0.003677548217465935,1.4985165076480602
12.42684030532837,0.1281815581792557,[0.13059657],5.0,0.6,0.0,-0.3647618629389903,-0.0016843409818209747,1.4987351878202115
12.435389041900635,0.127986159462519,[0.13044009],5.0,0.6,0.0,-0.2529126377211136,-0.004688943094893192,1.4987487613077664
12.445125102996826,0.127986159462519,[0.13028448],5.0,0.6,0.0,0.12050068911278322,-0.0026514481251968198,1.4989332894333058
12.455179214477539,0.12779076074578233,[0.13013],5.0,0.6,0.0,0.2297047566205618,-0.003019950678428218,1.4988669106385635
12.46539831161499,0.12779076074578233,[0.12997685],5.0,0.6,0.0,0.2303282127194065,-0.003992562325401921,1.4990051704983065
12.475553035736084,0.12759536202904564,[0.12982475],5.0,0.6,0.0,0.19310631673316,-0.00640430124449323,1.4989787042679437
12.484424591064453,0.12759536202904564,[0.12967348],5.0,0.6,0.0,0.4244914614907848,-0.004095534136428956,1.499002537846632
12.49241304397583,0.12739996331230902,[0.12952335],5.0,0.6,0.0,0.41727263864741737,-0.003992959903635431,1.4989690572441168
12.50339674949646,0.12739996331230902,[0.12937461],5.0,0.6,0.0,0.32958764291300174,-0.004837838425059235,1.4991395986538814
12.513622999191284,0.12720456459557233,[0.12922728],5.0,0.6,0.0,0.22869763698225185,-0.00454663808273713,1.4991431268668614
12.52169942855835,0.12720456459557233,[0.12908156],5.0,0.6,0.0,0.13998034725133593,-0.002876007023755465,1.4992810368400864
12.531415939331055,0.12700916587883565,[0.12893767],5.0,0.6,0.0,0.07035919301862541,-0.00528061784073255,1.4992527638463673
12.541155576705933,0.12700916587883565,[0.12879537],5.0,0.6,0.0,0.019270703404327703,-0.005792196224352179,1.4993618243209035
12.550113439559937,0.126813767162099,[0.12865462],5.0,0.6,0.0,-0.016374703616974316,-0.0030187618525324587,1.499322279875717
12.558387994766235,0.126813767162099,[0.12851583],5.0,0.6,0.0,0.2359600454127986,-0.0041428847996491745,1.4993793176353238
12.567676067352295,0.126813767162099,[0.12837915],5.0,0.6,0.0,0.2542109221517266,-0.0050225419160460335,1.4994619298782008
12.576175451278687,0.126813767162099,[0.12824471],5.0,0.6,0.0,0.19056859436678592,-0.003787583937547089,1.4995635339797466
12.586421012878418,0.126813767162099,[0.12811258],5.0,0.6,0.0,0.1103618738718963,-0.007056833046789465,1.499653608947223
12.59841775894165,0.1266183684453623,[0.12798247],5.0,0.6,0.0,0.038736353331968766,-0.006485850642516125,1.4996267979108553
12.607788801193237,0.1266183684453623,[0.12785413],5.0,0.6,0.0,-0.016982008159856978,-0.006915361574706803,1.499694412562221
12.616373062133789,0.12642296972862566,[0.12772768],5.0,0.6,0.0,-0.056787991656829406,-0.004409696057239912,1.4996572014118674
12.626375198364258,0.12622757101188897,[0.12760327],5.0,0.6,0.0,-0.08322559667515267,-0.006196537628856285,1.4996164064208355
12.636030673980713,0.1260321722951523,[0.12748065],5.0,0.6,0.0,-0.09933673170976713,-0.005485097546091959,1.4995731264339418
12.645234823226929,0.12583677357841566,[0.12735979],5.0,0.6,0.0,-0.3839079466512141,-0.0026914565613027834,1.4994264925313252
12.655372858047485,0.12583677357841566,[0.127241],5.0,0.6,0.0,-0.6962478811239721,-0.00330789643256241,1.4992449834209447
12.665353298187256,0.12564137486167898,[0.1271242],5.0,0.6,0.0,-0.6737914214838199,-0.0046302217842482726,1.4992225001444297
12.676051139831543,0.1254459761449423,[0.12700904],5.0,0.6,0.0,-0.5397117532131328,-0.003510232824174811,1.499294699137518
12.684384822845459,0.1252505774282056,[0.12689551],5.0,0.6,0.0,-0.38868800769628764,-0.0009552538583034691,1.4993465338051992
12.693376541137695,0.1252505774282056,[0.12678394],5.0,0.6,0.0,-0.25623852486202475,-0.0017495227592198316,1.4994809949771866
12.701519966125488,0.12505517871146896,[0.12667457],5.0,0.6,0.0,-0.15186049405171803,0.0003720676137068308,1.4994584875618568
12.711449146270752,0.12485977999473229,[0.12656759],5.0,0.6,0.0,-0.07453097071846276,0.0003321185308461618,1.499412714208893
12.721385478973389,0.12485977999473229,[0.1264629],5.0,0.6,0.0,-0.019709304577515314,-0.001762757864788553,1.4994858440268786
12.733378171920776,0.12466438127799562,[0.12636015],5.0,0.6,0.0,0.01768522663565835,-0.0009281423190638532,1.499424807687702
12.742440700531006,0.12466438127799562,[0.12625917],5.0,0.6,0.0,0.04215103675196098,-0.0011111837320473147,1.4994901392352733
12.751024961471558,0.12466438127799562,[0.12616008],5.0,0.6,0.0,0.3333378419906273,1.1450480698499145e-05,1.499469972226138
12.764917850494385,0.12466438127799562,[0.126063],5.0,0.6,0.0,0.37504490088078113,-0.0020093854520564845,1.4995041524897679
12.774411678314209,0.12446898256125893,[0.1259678],5.0,0.6,0.0,0.6000329611256967,-0.001311319575700698,1.4992828675573013
12.78568434715271,0.12466438127799562,[0.12587425],5.0,0.6,0.0,0.8340893768268027,-0.003809514266444165,1.499189673043536
12.795610904693604,0.12466438127799562,[0.12578229],5.0,0.6,0.0,0.7405476518009895,-0.0024425519657082077,1.4993420167276401
12.805824279785156,0.12446898256125893,[0.12569212],5.0,0.6,0.0,0.5504056813944012,-0.0018587672388964969,1.499475370891627
12.816383361816406,0.12446898256125893,[0.12560378],5.0,0.6,0.0,0.35868053817572154,-0.0030785615622962543,1.499646719094585
12.825768947601318,0.12446898256125893,[0.12551716],5.0,0.6,0.0,0.4746075837436706,-0.003073367305585481,1.4996126411675506
12.834401845932007,0.12446898256125893,[0.12543232],5.0,0.6,0.0,0.38583884475939834,-0.00206831470912724,1.4997036039144158
12.8443922996521,0.12427358384452228,[0.12534956],5.0,0.6,0.0,0.24339405741921077,-0.0014757638115983451,1.4997243852312963
12.853424072265625,0.12427358384452228,[0.12526899],5.0,0.6,0.0,-0.168228996264659,-0.0015326661628592131,1.4997807860251446
12.861694812774658,0.12427358384452228,[0.12519063],5.0,0.6,0.0,-0.3102619638774022,-0.0017977048656381506,1.4997601684438273
12.870380401611328,0.12427358384452228,[0.12511454],5.0,0.6,0.0,-0.3347775163622908,-0.001036398306058306,1.4997751466949558
12.881547451019287,0.12427358384452228,[0.12504079],5.0,0.6,0.0,-0.31277717600753496,-0.0023078257975146363,1.499809465671953
12.891773462295532,0.12427358384452228,[0.12496929],5.0,0.6,0.0,-0.2762254567137278,-0.002360039268527535,1.499846408300617
12.900596618652344,0.12427358384452228,[0.12490001],5.0,0.6,0.0,-0.2386183145868037,-0.0016706667053802446,1.499879138666354
12.911403894424438,0.12427358384452228,[0.12483306],5.0,0.6,0.0,0.07108509614199147,-0.002254753215490642,1.4999336385928146
12.922397136688232,0.12427358384452228,[0.12476836],5.0,0.6,0.0,0.1326684764897324,-0.0034908273604250793,1.4999379377846236
12.933297395706177,0.12427358384452228,[0.12470572],5.0,0.6,0.0,0.10106434307082679,-0.003422941693063734,1.4999550499289813
12.943790197372437,0.12427358384452228,[0.124645],5.0,0.6,0.0,0.04424584345180263,-0.0035951019651433193,1.4999709525520903
12.95139479637146,0.12407818512778561,[0.12458618],5.0,0.6,0.0,-0.010427117277466175,-0.002843669166278696,1.499948309567222
12.962467432022095,0.12427358384452228,[0.12452915],5.0,0.6,0.0,-0.053896226538343424,-0.003917754266023789,1.4999847744636845
12.973158359527588,0.12407818512778561,[0.12447387],5.0,0.6,0.0,-0.08485181014837184,-0.0031373367547430963,1.4999633276085502
12.981387376785278,0.12388278641104894,[0.12442032],5.0,0.6,0.0,-0.10487825589114091,-0.0015171064679540887,1.4999340246934765
12.991356611251831,0.12388278641104894,[0.1243685],5.0,0.6,0.0,-0.392360315157514,-0.002522380912736569,1.4998382332317532
13.003363847732544,0.12388278641104894,[0.12431823],5.0,0.6,0.0,-0.43059480725730503,-0.0024896808413125467,1.4998240769185387
13.0141282081604,0.12388278641104894,[0.12426937],5.0,0.6,0.0,-0.37613989154340854,-0.0025940450825774368,1.4998648038814533
13.024733304977417,0.12368738769431226,[0.12422184],5.0,0.6,0.0,-0.2976717418006246,-0.0016898366052405904,1.499876917514942
13.032389879226685,0.12368738769431226,[0.12417559],5.0,0.6,0.0,-0.22280821825006025,-0.00183255092071177,1.499915380492676
13.04181957244873,0.12368738769431226,[0.12413053],5.0,0.6,0.0,-0.1606557551889973,-0.0019317944613137811,1.4999415129402847
13.050870895385742,0.12349198897757559,[0.12408666],5.0,0.6,0.0,-0.11247735252488752,-0.0005985545327372775,1.4999198585454936
13.058355808258057,0.12368738769431226,[0.12404397],5.0,0.6,0.0,-0.07660276558447877,-0.0020719907520683313,1.4999702013659362
13.066678524017334,0.12349198897757559,[0.12400241],5.0,0.6,0.0,-0.05058694563876577,-0.0012325100096166248,1.4999459913389974
13.074638605117798,0.12368738769431226,[0.12396191],5.0,0.6,0.0,-0.03208161110736543,-0.0018604598166007576,1.4999841612378315
13.083372831344604,0.12368738769431226,[0.12392249],5.0,0.6,0.0,-0.019125687107051308,-0.002416751383497436,1.4999886730070489
13.092180013656616,0.12368738769431226,[0.12388405],5.0,0.6,0.0,0.2658495690661591,-0.0028600246406107507,1.499939655945501
13.100429058074951,0.12349198897757559,[0.12384654],5.0,0.6,0.0,0.3050411970186576,-0.001604949271977079,1.4999055979031088
13.109422445297241,0.12368738769431226,[0.12380993],5.0,0.6,0.0,0.2539835930088879,-0.0031026225650557316,1.499948979579848
13.119261026382446,0.12349198897757559,[0.12377415],5.0,0.6,0.0,0.18051887795301727,-0.002479527733987466,1.4999598200678674
13.129303932189941,0.12349198897757559,[0.12373908],5.0,0.6,0.0,0.1116311424654815,-0.0026476175912374797,1.4999785129110936
13.139427423477173,0.12349198897757559,[0.12370462],5.0,0.6,0.0,0.05596629043199591,-0.003003307104048398,1.4999886256215897
13.151235103607178,0.12329659026083893,[0.12367061],5.0,0.6,0.0,0.01446393327189217,-0.0028788560245919855,1.4999718659011652
13.16161322593689,0.12329659026083893,[0.12363685],5.0,0.6,0.0,-0.2908045795565061,-0.0026298288788254736,1.4999138966703836
13.170610427856445,0.12310119154410225,[0.12360331],5.0,0.6,0.0,-0.34347676243934083,-0.0008747196168259486,1.4998617622980845
13.179351091384888,0.12310119154410225,[0.12357008],5.0,0.6,0.0,-0.300683491182693,-0.0012429971987020603,1.4998887321566696
13.187698602676392,0.12310119154410225,[0.12353716],5.0,0.6,0.0,-0.23167286333770298,-0.001330908531653299,1.4999220353607743
13.195343494415283,0.12310119154410225,[0.12350454],5.0,0.6,0.0,-0.16455219160176232,-0.0010106322769003247,1.499947307181049
13.204322338104248,0.12310119154410225,[0.12347233],5.0,0.6,0.0,-0.10881838706354313,-0.0006101926991212145,1.4999636367687503
13.21396517753601,0.12310119154410225,[0.12344061],5.0,0.6,0.0,-0.06603475598048908,-0.0015546381727820446,1.499973713690995
13.222333431243896,0.12310119154410225,[0.12340927],5.0,0.6,0.0,-0.03475755358401309,-0.0017092190842533568,1.499980118723438
13.233341693878174,0.12310119154410225,[0.12337823],5.0,0.6,0.0,-0.012710999036937044,-0.0017724359019602193,1.4999845297921626
13.242330312728882,0.12310119154410225,[0.12334753],5.0,0.6,0.0,0.27836533320581175,-0.0015924166136085584,1.4999301856115395
13.252628087997437,0.12310119154410225,[0.12331719],5.0,0.6,0.0,0.3213860070632943,-0.0023020106141860967,1.4999137861482512
13.26232123374939,0.12310119154410225,[0.12328722],5.0,0.6,0.0,0.2725021988030396,-0.002055853327320396,1.4999378046667773
13.274373769760132,0.12310119154410225,[0.12325758],5.0,0.6,0.0,0.2000430444846858,-0.0026204442721723988,1.4999653205398673
13.283887386322021,0.12310119154410225,[0.12322824],5.0,0.6,0.0,0.13135935152229483,-0.002700452472778289,1.4999839270011912
13.29523515701294,0.12310119154410225,[0.12319918],5.0,0.6,0.0,0.07536494656111084,-0.002624781100512235,1.499993851758452
13.305063724517822,0.12310119154410225,[0.12317042],5.0,0.6,0.0,0.03319104992020677,-0.0026870175370775832,1.4999982215532097
13.31492567062378,0.12290579282736558,[0.123142],5.0,0.6,0.0,0.003082104721162538,-0.0016570800859311223,1.4999888342244918
13.325335025787354,0.12290579282736558,[0.12311396],5.0,0.6,0.0,-0.017458211782438525,-0.001820149011525504,1.4999911062866942
13.335352659225464,0.12290579282736558,[0.12308632],5.0,0.6,0.0,-0.03080527116903348,-0.0018228367158613934,1.4999927757034541
13.343385457992554,0.12271039411062891,[0.12305909],5.0,0.6,0.0,-0.3149688569051521,-0.0007492029163926236,1.499901839307892
13.355298519134521,0.12271039411062891,[0.12303231],5.0,0.6,0.0,-0.35252629687441206,-0.0006938478879123031,1.4998867732099748
13.365344047546387,0.12271039411062891,[0.12300599],5.0,0.6,0.0,-0.29931032875009095,-0.0006695863178560085,1.4999158411922124
13.374776124954224,0.12271039411062891,[0.12298016],5.0,0.6,0.0,-0.2233846332182567,-0.0007845085508371637,1.499948300945575
13.384340286254883,0.12271039411062891,[0.12295483],5.0,0.6,0.0,-0.15189167201363266,-0.000799157605935762,1.4999708769364617
13.395327091217041,0.12271039411062891,[0.12293],5.0,0.6,0.0,-0.09358701382708544,-0.0009224853728806885,1.4999838351779775
13.406899213790894,0.12271039411062891,[0.12290564],5.0,0.6,0.0,0.22655452957680366,-0.0015249011203382675,1.4999541696126455
13.416085243225098,0.12271039411062891,[0.12288171],5.0,0.6,0.0,0.29142364274033455,-0.0012697283468115932,1.4999309136084875
13.426833391189575,0.12271039411062891,[0.12285826],5.0,0.6,0.0,0.2582728181525157,-0.0014305418671458324,1.499945974713408
13.435412645339966,0.12271039411062891,[0.12283528],5.0,0.6,0.0,0.19675895646261743,-0.0016321568487558267,1.4999680628115823
13.446365118026733,0.12271039411062891,[0.12281276],5.0,0.6,0.0,0.1354387230693789,-0.0016903066846573353,1.4999842494519418
13.458553552627563,0.12271039411062891,[0.12279065],5.0,0.6,0.0,0.08420641765554743,-0.0021933880544036223,1.4999934336117804
13.467329740524292,0.12271039411062891,[0.12276889],5.0,0.6,0.0,0.044946086067846606,-0.0018090651036438963,1.499997811762524
13.479660034179688,0.12271039411062891,[0.12274749],5.0,0.6,0.0,0.01646084002100876,-0.002316576143023637,1.4999995230881178
13.489465475082397,0.12271039411062891,[0.12272639],5.0,0.6,0.0,-0.0033401618130239775,-0.0023076044971490502,1.4999999405339692
13.49903416633606,0.12271039411062891,[0.12270556],5.0,0.6,0.0,-0.016542564720311057,-0.0022507970028461783,1.4999997916152616
13.50843071937561,0.12271039411062891,[0.12268504],5.0,0.6,0.0,-0.024913251444157774,-0.0021227831749193633,1.4999994093599487
13.517703771591187,0.12271039411062891,[0.12266483],5.0,0.6,0.0,-0.02983873606207591,-0.002522947095454108,1.4999989219146792
13.529247283935547,0.12271039411062891,[0.12264488],5.0,0.6,0.0,-0.03236095869173572,-0.002575609697401324,1.4999983620880517
13.538547277450562,0.12271039411062891,[0.12262516],5.0,0.6,0.0,-0.03324177715724011,-0.0027273890445190727,1.4999977245656944
13.54731297492981,0.12271039411062891,[0.12260568],5.0,0.6,0.0,-0.033027806647553754,-0.0023647564596329866,1.4999969949361853
13.559115171432495,0.12271039411062891,[0.12258646],5.0,0.6,0.0,-0.032105634804925745,-0.0028056527052713223,1.499996160704587
13.568659782409668,0.12251499539389225,[0.12256747],5.0,0.6,0.0,-0.030745367165530717,-0.0019410996220374933,1.4999987456587138
13.577399969100952,0.12251499539389225,[0.1225487],5.0,0.6,0.0,-0.029133539125075453,-0.0016154532019152482,1.4999991410444093
13.588297605514526,0.12251499539389225,[0.12253019],5.0,0.6,0.0,-0.02739735349366438,-0.001828442737267408,1.4999993950850308
13.597874164581299,0.12251499539389225,[0.12251192],5.0,0.6,0.0,-0.02562223174600957,-0.002249870311034412,1.4999995094108227
13.609246492385864,0.12251499539389225,[0.12249382],5.0,0.6,0.0,-0.02386437892002666,-0.0022725223674975826,1.4999994863621846
13.61771011352539,0.12251499539389225,[0.12247586],5.0,0.6,0.0,-0.022159706176718495,-0.0021344334041774864,1.4999993281881743
13.627333641052246,0.12231959667715558,[0.12245808],5.0,0.6,0.0,-0.020530128767139548,-0.001233406129594262,1.4999958504989122
13.636555910110474,0.12251499539389225,[0.1224405],5.0,0.6,0.0,-0.018987990217635767,-0.0022455201362193474,1.4999986216310628
13.645604133605957,0.12231959667715558,[0.12242313],5.0,0.6,0.0,-0.017539157422870245,-0.0011201845166201245,1.4999976273375437
13.656008958816528,0.12251499539389225,[0.12240602],5.0,0.6,0.0,-0.01618517742306141,-0.0020760727352883692,1.499997429913793
13.665406227111816,0.12251499539389225,[0.1223892],5.0,0.6,0.0,-0.014924774094115658,-0.0024462892062014152,1.4999966690759583
13.675435304641724,0.12231959667715558,[0.1223726],5.0,0.6,0.0,-0.013754881796558056,-0.0015970842084701694,1.4999992972237708
13.68333387374878,0.12251499539389225,[0.12235625],5.0,0.6,0.0,-0.012671355006084708,-0.0026367560191586804,1.4999948405734072
13.692791938781738,0.12251499539389225,[0.12234021],5.0,0.6,0.0,-0.0116694517390094,-0.0028038049672277753,1.4999937884184023
13.7031888961792,0.12251499539389225,[0.12232448],5.0,0.6,0.0,-0.010744159446344465,-0.002708500293494751,1.4999926547228262
13.711342573165894,0.12251499539389225,[0.12230907],5.0,0.6,0.0,-0.009890411509689874,-0.002491753652357959,1.4999914462275006
13.722362995147705,0.12251499539389225,[0.12229402],5.0,0.6,0.0,-0.009103228025518696,-0.002516037635004675,1.4999901724898623
13.735349655151367,0.12231959667715558,[0.12227932],5.0,0.6,0.0,-0.008377804420733482,-0.0018343421578513469,1.4999996233483142
13.744821786880493,0.12231959667715558,[0.12226493],5.0,0.6,0.0,-0.007709564328970945,-0.0017804236993300697,1.4999993579802515
13.752759456634521,0.12231959667715558,[0.12225081],5.0,0.6,0.0,-0.007094188173888938,-0.001805130485265368,1.49999901628003
13.761355638504028,0.12231959667715558,[0.12223699],5.0,0.6,0.0,-0.0065276254177969745,-0.0017164417211844789,1.4999986034735597
13.770308494567871,0.12231959667715558,[0.12222348],5.0,0.6,0.0,-0.006006095994823723,-0.0016005530991386465,1.4999981256390158
13.778575420379639,0.1221241979604189,[0.12221033],5.0,0.6,0.0,-0.005526084743541725,-0.0006822957704260017,1.4999984933990262
13.786315202713013,0.12231959667715558,[0.12219756],5.0,0.6,0.0,-0.005084331464365389,-0.001577058836392542,1.4999970020449627
13.795344591140747,0.1221241979604189,[0.12218518],5.0,0.6,0.0,-0.0046778183976781875,-0.0005588114862873955,1.499999239879618
13.806649208068848,0.12231959667715558,[0.1221732],5.0,0.6,0.0,-0.0043037563413109246,-0.001929223363453122,1.4999957000653352
13.817299604415894,0.12231959667715558,[0.12216156],5.0,0.6,0.0,-0.003959570224880729,-0.0020014850930726177,1.4999949930193721
13.82793927192688,0.1221241979604189,[0.12215016],5.0,0.6,0.0,-0.0036428846805334454,-0.0014104182927012665,1.4999998553356164
13.836644172668457,0.1221241979604189,[0.12213894],5.0,0.6,0.0,-0.0033515099576564315,-0.0012351176727588731,1.499999948171454
13.845727682113647,0.12231959667715558,[0.12212788],5.0,0.6,0.0,-0.0030834283971476017,-0.002280054476978323,1.4999926418515162
13.854328632354736,0.12231959667715558,[0.12211696],5.0,0.6,0.0,-0.0028367815906522355,-0.002376726381117632,1.4999917817116082
13.866324424743652,0.12231959667715558,[0.12210614],5.0,0.6,0.0,-0.0026098582890954933,-0.002486411693785642,1.4999908825742994
13.875882625579834,0.12231959667715558,[0.12209538],5.0,0.6,0.0,-0.002401083083955627,-0.0027140461816718008,1.4999899411011843
13.884613752365112,0.12231959667715558,[0.1220846],5.0,0.6,0.0,-0.0022090058578311043,-0.002774100975213009,1.4999889521577112
13.89350938796997,0.12231959667715558,[0.12207378],5.0,0.6,0.0,-0.0020322919836192025,-0.002806176999530002,1.4999879116011994
13.902374982833862,0.1221241979604189,[0.12206288],5.0,0.6,0.0,-0.0018697132410200007,-0.0018742792487798864,1.4999992454413964
13.910387992858887,0.1221241979604189,[0.12205192],5.0,0.6,0.0,-0.0017201394130016974,-0.001740280978343363,1.4999989529025757
13.92281174659729,0.1221241979604189,[0.12204086],5.0,0.6,0.0,-0.0015825305218458948,-0.002311790799877315,1.499998609189036
13.933929681777954,0.12192879924368223,[0.12202964],5.0,0.6,0.0,-0.0014559296634172715,-0.0013070357848112984,1.4999979647389137
13.941637992858887,0.12192879924368223,[0.1220182],5.0,0.6,0.0,-0.2773778160773482,-0.0011125633680063955,1.499941131650109
13.949296474456787,0.12192879924368223,[0.12200657],5.0,0.6,0.0,-0.31039526350272295,-0.0009778556425058431,1.4999270759024386
13.957569360733032,0.12192879924368223,[0.1219948],5.0,0.6,0.0,-0.2551994234009286,-0.0007513827585053088,1.4999506508679643
13.968335628509521,0.12192879924368223,[0.12198291],5.0,0.6,0.0,-0.17902372125391564,-0.0009064529770111792,1.4999755572857476
13.976276874542236,0.12192879924368223,[0.12197095],5.0,0.6,0.0,-0.10841760228122772,-0.0007358476877117208,1.4999908947070821
13.98670506477356,0.12192879924368223,[0.12195893],5.0,0.6,0.0,-0.05171904046810853,-0.0011500424401416304,1.4999978272269976
13.996301889419556,0.12192879924368223,[0.12194683],5.0,0.6,0.0,0.2663875493594352,-0.001253615715662552,1.4999471134022342
14.008179187774658,0.12192879924368223,[0.1219346],5.0,0.6,0.0,0.32899226186939606,-0.0017069609630587276,1.4999194288895386
14.017282247543335,0.12192879924368223,[0.12192222],5.0,0.6,0.0,0.2934825673637701,-0.0018005517506029687,1.4999358787285497
14.026347160339355,0.12192879924368223,[0.12190965],5.0,0.6,0.0,0.2296050849468287,-0.001874206120341604,1.4999606845033986
14.035828113555908,0.12192879924368223,[0.12189689],5.0,0.6,0.0,0.16597463546230073,-0.001878010174894463,1.4999792904105025
14.045342922210693,0.12192879924368223,[0.12188398],5.0,0.6,0.0,0.11252182035852254,-0.001857987346034963,1.4999901734293108
14.054953575134277,0.12192879924368223,[0.12187094],5.0,0.6,0.0,0.07115197655076144,-0.001962372043624358,1.499995561836608
14.062321901321411,0.12192879924368223,[0.12185779],5.0,0.6,0.0,0.04067929610518328,-0.0018244435552161524,1.4999977596569618
14.072383642196655,0.12192879924368223,[0.12184456],5.0,0.6,0.0,0.01901715999362568,-0.0021240997943015967,1.4999983114773978
14.082381010055542,0.12192879924368223,[0.12183125],5.0,0.6,0.0,0.004079619098895174,-0.002048106858233288,1.4999980844509941
14.091080904006958,0.12192879924368223,[0.12181791],5.0,0.6,0.0,-0.005903424795204984,-0.0018170214604294678,1.4999975146410198
14.100950956344604,0.12192879924368223,[0.1218046],5.0,0.6,0.0,-0.012323501217680704,-0.001985090438538338,1.4999968018651777
14.109771251678467,0.12192879924368223,[0.12179136],5.0,0.6,0.0,-0.016228605579410804,-0.0020218910515632667,1.4999960260453098
14.117331266403198,0.12192879924368223,[0.12177822],5.0,0.6,0.0,-0.018387175841899108,-0.001833108201231388,1.4999952137158534
14.127381563186646,0.12192879924368223,[0.12176523],5.0,0.6,0.0,-0.019352587664456064,-0.0021185456204354997,1.49999437056663
14.138371229171753,0.12192879924368223,[0.12175239],5.0,0.6,0.0,-0.019518143171095795,-0.0022059374922100967,1.4999934925009475
14.147328853607178,0.12192879924368223,[0.1217397],5.0,0.6,0.0,-0.01916047167969545,-0.0020673826323700383,1.4999925747437057
14.15786862373352,0.12192879924368223,[0.12172519],5.0,0.6,0.0,-0.018472353018135948,-0.024132361053956622,1.4999914545307547
14.168999433517456,0.12192879924368223,[0.12170544],5.0,0.6,0.0,-0.017586904677263898,-0.01547579782748714,1.4999897922611198
14.17877459526062,0.12192879924368223,[0.12168155],5.0,0.6,0.0,-0.01659510850829171,0.00717942550588428,1.4999875682130006
14.18731427192688,0.12192879924368223,[0.12165796],5.0,0.6,0.0,-0.01555836830867647,0.004478914057238884,1.4999851494634169
14.20022177696228,0.12192879924368223,[0.1216362],5.0,0.6,0.0,-0.01451743634941698,-0.0016503787806162985,1.4999827200064222
14.210355281829834,0.12192879924368223,[0.12161527],5.0,0.6,0.0,-0.013498722479618336,-0.003766757670765571,1.4999802039419299
14.22032117843628,0.12192879924368223,[0.12159449],5.0,0.6,0.0,-0.012518733800132374,-0.003979569603139613,1.4999775309470706
14.231618881225586,0.12173340052694555,[0.12157377],5.0,0.6,0.0,-0.011587187675427872,-0.00266538693090249,1.4999948036938915
14.241071224212646,0.12192879924368223,[0.12155324],5.0,0.6,0.0,-0.010709187564951707,-0.0033823755161705264,1.4999717058413384
14.250235795974731,0.12192879924368223,[0.12153305],5.0,0.6,0.0,-0.009886739041268116,-0.0033062874364078194,1.499968603798779
14.261308908462524,0.12192879924368223,[0.12151331],5.0,0.6,0.0,-0.00911980247953641,-0.003370334370811559,1.4999654116192556
14.270570278167725,0.12192879924368223,[0.12149408],5.0,0.6,0.0,-0.008407021086527793,-0.0033682030899114613,1.499962152431655
14.280675411224365,0.12192879924368223,[0.12147545],5.0,0.6,0.0,-0.007746221869481321,-0.0032681309933960344,1.4999588509684445
14.29076075553894,0.12192879924368223,[0.12145747],5.0,0.6,0.0,-0.007134758101899702,-0.0034201646981960377,1.4999555322911866
14.300484657287598,0.12192879924368223,[0.12144016],5.0,0.6,0.0,-0.006569741367663473,-0.003479404989166263,1.499952215664556
14.310558795928955,0.12192879924368223,[0.12142355],5.0,0.6,0.0,-0.006048196861257398,-0.0034066918900578468,1.499948919456596
14.31832480430603,0.12173340052694555,[0.12140768],5.0,0.6,0.0,-0.005567165506094688,-0.002394626373478812,1.4999787589345244
14.329305648803711,0.12192879924368223,[0.12139258],5.0,0.6,0.0,-0.005123769357040118,-0.0034547945194556054,1.499942476515174
14.340347051620483,0.12192879924368223,[0.12137824],5.0,0.6,0.0,-0.004715251780388268,-0.0035785025180308373,1.499939362884245
14.349530696868896,0.12192879924368223,[0.12136358],5.0,0.6,0.0,-0.004339000422249275,-0.015258855269775379,1.4999360941514157
14.3573637008667,0.12192879924368223,[0.12134655],5.0,0.6,0.0,-0.003992558539450838,-0.012970820611918645,1.4999321875771368
14.365731000900269,0.12192879924368223,[0.12132666],5.0,0.6,0.0,-0.003673628562970359,-0.0075437566200120595,1.4999274777142209
14.375340938568115,0.12173340052694555,[0.12130522],5.0,0.6,0.0,-0.0033800705730999093,-0.00232916546048126,1.49996332469176
14.385010242462158,0.12173340052694555,[0.12128386],5.0,0.6,0.0,-0.0031098975341160694,0.0013394132074495387,1.4999595763220521
14.39526915550232,0.12173340052694555,[0.12126419],5.0,0.6,0.0,-0.002861268556315264,0.004776909093695837,1.4999559639470377
14.405280590057373,0.12173340052694555,[0.12124789],5.0,0.6,0.0,-0.002632481049321755,0.008234271873389204,1.4999528526168762
14.415425539016724,0.12153800181020889,[0.12123677],5.0,0.6,0.0,-0.002421962349665111,0.013456597251082166,1.4999818474049764
14.42327332496643,0.12173340052694555,[0.12123285],5.0,0.6,0.0,-0.002228261210709713,0.017102768342436545,1.4999498873722623
14.431584358215332,0.12173340052694555,[0.12123837],5.0,0.6,0.0,-0.0020500394081731294,0.022033392169972958,1.4999509877519288
14.439957618713379,0.12173340052694555,[0.12125513],5.0,0.6,0.0,-0.0018860636215472727,0.020953895425910134,1.499954250263066
14.449282169342041,0.12173340052694555,[0.12128449],5.0,0.6,0.0,-0.0017351976880450172,0.02771553977913932,1.4999596939937132
14.461692333221436,0.12173340052694555,[0.12132928],5.0,0.6,0.0,-0.0015963952823574534,0.04260387553885041,1.4999673362407306
14.470333337783813,0.12173340052694555,[0.12139287],5.0,0.6,0.0,-0.0014686930463185623,0.03853645902152455,1.4999768069030837
14.483932256698608,0.12173340052694555,[0.12147791],5.0,0.6,0.0,-0.0013512041731981131,0.055726576978747486,1.4999869431623938
14.49128794670105,0.12192879924368223,[0.12158699],5.0,0.6,0.0,-0.001243112438751909,0.049102134348316576,1.4999766319220802
14.50062346458435,0.1221241979604189,[0.12172157],5.0,0.6,0.0,0.2748946930154425,0.05555369540746011,1.499911329017038
14.512265920639038,0.12231959667715558,[0.12188315],5.0,0.6,0.0,0.3081107872562324,0.06207020293542918,1.499891240597181
14.521090745925903,0.12231959667715558,[0.12207418],5.0,0.6,0.0,0.5291360628121622,0.06905621860011048,1.499779576986266
14.530478239059448,0.12271039411062891,[0.12229697],5.0,0.6,0.0,0.4862530999635137,0.0741656937607607,1.4997898392873388
14.540647029876709,0.12290579282736558,[0.12255358],5.0,0.6,0.0,0.6367427697689528,0.07968497319378108,1.4996734705055141
14.5482919216156,0.12290579282736558,[0.12284452],5.0,0.6,0.0,0.8132644767887474,0.07140472648545121,1.4995071455187075
14.557821035385132,0.12349198897757559,[0.12317024],5.0,0.6,0.0,0.9548702017363382,0.0938599436955239,1.4993010285887334
14.568997621536255,0.12388278641104894,[0.12353397],5.0,0.6,0.0,1.046869450295802,0.09714047551680996,1.499160516087187
14.580074071884155,0.12427358384452228,[0.12393842],5.0,0.6,0.0,1.3688914825071206,0.10014083558199775,1.4985845719173594
14.588250637054443,0.12466438127799562,[0.12438278],5.0,0.6,0.0,1.4113316074654203,0.08666901656740754,1.4985035977338352
14.598835229873657,0.1252505774282056,[0.12486465],5.0,0.6,0.0,1.3387467552565862,0.093912878146425,1.4986378447960562
14.608434200286865,0.12583677357841566,[0.12538345],5.0,0.6,0.0,1.5028883809352145,0.10000440458748593,1.4982803656925558
14.617305040359497,0.12642296972862566,[0.12594015],5.0,0.6,0.0,1.4179960033647636,0.10519877224280182,1.4984588412315007
14.625486612319946,0.126813767162099,[0.12653548],5.0,0.6,0.0,1.252028276446117,0.1106408652604246,1.4988189684547866
14.635315656661987,0.12759536202904564,[0.12716803],5.0,0.6,0.0,1.3525021755132225,0.09458839494505816,1.4986036263594305
14.648040771484375,0.128572355612729,[0.12783639],5.0,0.6,0.0,1.5034502112188286,0.12004601154386361,1.4982118883419813
14.657730340957642,0.12935395047967568,[0.12854273],5.0,0.6,0.0,1.6239293896033482,0.12050051724638101,1.4979091473020634
14.66634488105774,0.1301355453466224,[0.12928857],5.0,0.6,0.0,1.416181039683492,0.12088446985134674,1.4983658186165811
14.675702095031738,0.13091714021356907,[0.130073],5.0,0.6,0.0,1.125221439658197,0.12128126487511295,1.4989158811669319
14.684772729873657,0.13169873508051574,[0.13089477],5.0,0.6,0.0,1.1252858435065431,0.12162370276199326,1.498929013604776
14.693319082260132,0.1326757286641991,[0.13175238],5.0,0.6,0.0,0.9295059500702598,0.12110563616897557,1.4991867655947833
14.702460765838623,0.13365272224788244,[0.13264408],5.0,0.6,0.0,0.9727466609390479,0.12009162115422352,1.4990926675688003
14.710384368896484,0.1346297158315658,[0.13356602],5.0,0.6,0.0,1.0730633113977306,0.09993648916607546,1.498917320670951
14.721936225891113,0.1359975068487225,[0.13451259],5.0,0.6,0.0,0.8837831314017602,0.10235004995012696,1.498978010564594
14.729552745819092,0.13677910171566918,[0.13548041],5.0,0.6,0.0,0.9026489683004981,0.10567917890425693,1.4990565837769818
14.738820552825928,0.1379514940160892,[0.13646792],5.0,0.6,0.0,0.9741215260089432,0.10538997384391292,1.4988540248893725
14.746259212493896,0.13892848759977253,[0.13747156],5.0,0.6,0.0,0.7612258438627291,0.08727048488342505,1.4991443921057241
14.758127689361572,0.1404916773336659,[0.13848772],5.0,0.6,0.0,0.7641174176434371,0.10552033641299165,1.498762701800402
14.768851280212402,0.14205486706755927,[0.13951612],5.0,0.6,0.0,0.5507353201238562,0.0988097438701565,1.4984860554477994
14.778258562088013,0.14342265808471594,[0.14055439],5.0,0.6,0.0,0.5776852348115114,0.07686976829642772,1.4981076050948179
14.786240577697754,0.1443996516683993,[0.14159675],5.0,0.6,0.0,0.3939309911428224,0.07789448777535082,1.4983144785336104
14.79451298713684,0.14537664525208266,[0.14263939],5.0,0.6,0.0,0.1725161428867228,0.07730242707219832,1.498480451522308
14.803278684616089,0.14674443626923936,[0.14367877],5.0,0.6,0.0,-0.021026792592513943,0.059285189114896227,1.4981217774817517
14.813246011734009,0.14811222728639603,[0.14469567],5.0,0.6,0.0,-0.16856949290541462,-0.09862520408631942,1.4976470010198242
14.825445175170898,0.14987081573702607,[0.14566093],5.0,0.6,0.0,-0.2712441705204387,-0.053075324975820744,1.4964068796442787
14.834711790084839,0.15084780932070943,[0.14656584],5.0,0.6,0.0,-0.6127465857123418,-0.02674672850041959,1.4960602574990745
14.844240188598633,0.15202020162112945,[0.1474161],5.0,0.6,0.0,-0.9589131144889791,-0.01676419905315634,1.4950854037938732
14.852279424667358,0.15280179648807612,[0.14821405],5.0,0.6,0.0,-1.5053412496771692,-0.019098111099265833,1.4941153535944602
14.86121916770935,0.15377879007175946,[0.14895986],5.0,0.6,0.0,-2.2704065411266723,-0.020907405142296425,1.491543844279861
14.869225025177002,0.15416958750523282,[0.14965332],5.0,0.6,0.0,-2.933265713023384,-0.021958169739546167,1.4895649655852699
14.878260135650635,0.15475578365544285,[0.15029476],5.0,0.6,0.0,-3.678110442886129,-0.020940494153503783,1.4860578897550552
14.888519048690796,0.1555373785223895,[0.15088548],5.0,0.6,0.0,-4.263696698425379,-0.019260955417256732,1.482330266600682
14.896275281906128,0.15573277723912618,[0.15142734],5.0,0.6,0.0,-4.635575976298903,-0.019571662479048072,1.480556569793691
14.9053955078125,0.15612357467259955,[0.15192212],5.0,0.6,0.0,-5.0,-0.01815810609620359,1.4782078368635885
14.914137363433838,0.15612357467259955,[0.15237188],5.0,0.6,0.0,-5.0,-0.01501128318002445,1.4789209803871062
14.92227578163147,0.1563189733893362,[0.15277895],5.0,0.6,0.0,-5.0,-0.01481279107205749,1.479228843754976
14.931532859802246,0.15651437210607286,[0.15314578],5.0,0.6,0.0,-4.9295569534365375,-0.0108934834745198,1.4799670702744638
14.941272974014282,0.15651437210607286,[0.15347516],5.0,0.6,0.0,-4.659491239827284,-0.009593636297380253,1.4822511713641728
14.949223756790161,0.15670977082280954,[0.15377531],5.0,0.6,0.0,-4.320545618137132,0.051849001032126765,1.4845747789330346
14.958251714706421,0.15670977082280954,[0.1540624],5.0,0.6,0.0,-3.9719737867484133,0.0740453911755573,1.4869920294988912
14.968251705169678,0.15651437210607286,[0.1543478],5.0,0.6,0.0,-3.3628289186809637,0.04858635276861196,1.4907139649953407
14.97991418838501,0.15670977082280954,[0.15463258],5.0,0.6,0.0,-2.7451631107115864,0.043820823044084814,1.493559036216253
14.987313270568848,0.15670977082280954,[0.15491653],5.0,0.6,0.0,-1.9331297466007542,0.042998838848880186,1.4965829684197702
14.997267007827759,0.15690516953954617,[0.15520052],5.0,0.6,0.0,-1.189598811634224,0.03588714396762757,1.4983666767431139
15.006284475326538,0.15690516953954617,[0.155485],5.0,0.6,0.0,-0.31908299107751015,0.03948833856121331,1.4995209204712747
15.015857934951782,0.15710056825628288,[0.15577117],5.0,0.6,0.0,0.43075295262639945,0.04147913351607507,1.4995085020388499
15.023274183273315,0.15729596697301954,[0.15606074],5.0,0.6,0.0,0.9940921112484478,0.043053448980502215,1.4989598004814146
15.031261444091797,0.15749136568975622,[0.15635438],5.0,0.6,0.0,1.6544541192796536,0.0363151816423649,1.4977080474420268
15.042276620864868,0.15768676440649287,[0.15665192],5.0,0.6,0.0,2.20073525386331,0.03944917912221718,1.4961935033107752
15.051943302154541,0.15788216312322959,[0.15695393],5.0,0.6,0.0,2.3040417489009233,0.04245341624620152,1.4958915368704833
15.060643434524536,0.1582729605567029,[0.15726169],5.0,0.6,0.0,2.4934720346394297,0.043895194023591134,1.495188602850379
15.06922435760498,0.15846835927343958,[0.15757556],5.0,0.6,0.0,2.644720762277646,0.03784500407799178,1.4946608674379154
15.078286409378052,0.1586637579901762,[0.15789521],5.0,0.6,0.0,2.7232011208089695,0.04244207362079699,1.4943918920115995
15.087059736251831,0.15905455542364957,[0.15822121],5.0,0.6,0.0,2.4546220232385334,0.045768313997951296,1.4953960326154447
15.098280191421509,0.15964075157385957,[0.15855589],5.0,0.6,0.0,2.371902704741534,0.057588427963352055,1.4955941943012296
15.106229305267334,0.15983615029059628,[0.15890143],5.0,0.6,0.0,2.336284073163709,0.048688695349054185,1.4957786351534597
15.116276741027832,0.16022694772406962,[0.15925801],5.0,0.6,0.0,2.0185256342170037,0.05226729018437677,1.4967884107896723
15.125272750854492,0.16061774515754293,[0.15962596],5.0,0.6,0.0,1.9221083327654696,0.055636660458708916,1.49706065259618
15.134785890579224,0.1610085425910163,[0.16000663],5.0,0.6,0.0,1.616178505191307,0.058935771843291025,1.497858630447394
15.144529342651367,0.16159473874122632,[0.16040129],5.0,0.6,0.0,1.5575565290611304,0.06074642013331675,1.4979125324936626
15.153347492218018,0.16179013745796297,[0.16081],5.0,0.6,0.0,1.571015178211919,0.05246189544411355,1.4979740094026994
15.164398193359375,0.16237633360817297,[0.16123283],5.0,0.6,0.0,1.5862744632259838,0.06897133692304205,1.4978689071927063
15.174229860305786,0.162962529758383,[0.16167091],5.0,0.6,0.0,1.3041406355979601,0.05723337412646497,1.4984019392197718
15.183751106262207,0.163548725908593,[0.16212516],5.0,0.6,0.0,1.2402403250000078,0.07271235012123003,1.4984510479308535
15.191226959228516,0.16393952334206632,[0.16259621],5.0,0.6,0.0,1.2438693819993618,0.06058435152466121,1.4984887459742144
15.19987154006958,0.16452571949227635,[0.16308334],5.0,0.6,0.0,0.9775885822724895,0.06340818848379172,1.4988730901073926
15.20725393295288,0.16491651692574968,[0.16358465],5.0,0.6,0.0,0.9392974573192912,0.05410351919065042,1.4989889481587797
15.218631029129028,0.16569811179269636,[0.16409954],5.0,0.6,0.0,0.9704227518964917,0.07050038083288408,1.498788518050145
15.22713565826416,0.16589351050943302,[0.16462853],5.0,0.6,0.0,0.7303028948913732,0.06011301407597026,1.4992831522544456
15.237303972244263,0.16667510537637972,[0.16517072],5.0,0.6,0.0,0.7157395968476998,0.06257357146911201,1.4991662703973705
15.248281240463257,0.1674567002433264,[0.16572524],5.0,0.6,0.0,0.7679836622557463,0.06421389122242338,1.4989617330579188
15.259833812713623,0.16843369382700976,[0.16629357],5.0,0.6,0.0,0.8225975223206501,0.07685819173876698,1.4985809328196598
15.267258405685425,0.16882449126048307,[0.16687687],5.0,0.6,0.0,0.8577266525848696,0.06297447112903715,1.4986942917901458
15.276970624923706,0.16960608612742978,[0.16747365],5.0,0.6,0.0,0.8696144452720571,0.06419756715667675,1.4985283365896542
15.287231683731079,0.1705830797111131,[0.16808254],5.0,0.6,0.0,0.8613244733056051,0.06421591848152888,1.498198291387245
15.298171758651733,0.17136467457805982,[0.16870479],5.0,0.6,0.0,0.8377764621146546,0.07839848720980963,1.4980638085308473
15.307300090789795,0.1719508707282698,[0.16934145],5.0,0.6,0.0,0.5276978071956269,0.06299121400882221,1.498431862334041
15.317242860794067,0.17292786431195314,[0.16999084],5.0,0.6,0.0,0.4539772154231101,0.06384332785707422,1.4981228669615152
15.327518224716187,0.17390485789563648,[0.17065289],5.0,0.6,0.0,0.4649231058354743,0.07869135772774632,1.4977262976765842
15.338814973831177,0.17507725019605655,[0.17133017],5.0,0.6,0.0,0.49547280706298835,0.07416090547038603,1.4970130980424778
15.346685647964478,0.17566344634626652,[0.17202214],5.0,0.6,0.0,0.5205848184549958,0.05905399561691324,1.4971499918459632
15.357234716415405,0.1766404399299499,[0.17272567],5.0,0.6,0.0,0.5329275937340319,0.06127272344138071,1.49672823396859
15.366241455078125,0.17761743351363324,[0.17343943],5.0,0.6,0.0,0.2563800568781864,0.06284910987641401,1.496466009690772
15.377251625061035,0.17898522453078994,[0.17416358],5.0,0.6,0.0,0.2123156705136591,0.06168254526667257,1.4953275913135857
15.387760877609253,0.1799622181144733,[0.1748996],5.0,0.6,0.0,0.24893530397043862,0.07655490013311518,1.4948409687734014
15.395262479782104,0.18074381298141998,[0.17564861],5.0,0.6,0.0,0.02555187812655524,0.05860937846888525,1.4948207534475833
15.406227111816406,0.18191620528184,[0.17640866],5.0,0.6,0.0,0.03662205523937789,0.05840367675436561,1.4939507462575936
15.415543556213379,0.18269780014878667,[0.17717796],5.0,0.6,0.0,0.1206434941899347,0.059782427963085534,1.4939139757847641
15.425256967544556,0.18387019244920672,[0.17795628],5.0,0.6,0.0,-0.06529491555732464,0.05833214590708255,1.4930263659909895
15.433295249938965,0.18465178731615337,[0.17874316],5.0,0.6,0.0,-0.3020485597466058,0.05843230920661997,1.4929740322154612
15.442362308502197,0.18562878089983675,[0.17953662],5.0,0.6,0.0,-0.506556934313301,0.042958765474623156,1.4924136206885437
15.451480627059937,0.1866057744835201,[0.18033347],5.0,0.6,0.0,-0.3797086980034168,0.04578185248434797,1.4920552038071924
15.46118950843811,0.18758276806720342,[0.18113223],5.0,0.6,0.0,-0.44174665319279677,0.04729846745779342,1.4915673926859099
15.469656467437744,0.18855976165088678,[0.1819328],5.0,0.6,0.0,-0.5475177907206148,0.04742040464785658,1.491032031996513
15.477457523345947,0.18953675523457011,[0.18273361],5.0,0.6,0.0,-0.6407042833424959,0.03306500778436858,1.4904806617362867
15.487184762954712,0.19070914753499016,[0.18353181],5.0,0.6,0.0,-0.4284062756277193,0.03449822101660682,1.4896134565861479
15.49780535697937,0.1916861411186735,[0.18432719],5.0,0.6,0.0,-0.42897636464149,0.04715414425950956,1.4890906389825609
15.505683898925781,0.19266313470235683,[0.18512051],5.0,0.6,0.0,-0.49283394751352705,0.030430218330715117,1.4885054736167165
15.513188600540161,0.19344472956930353,[0.1859087],5.0,0.6,0.0,-0.5590231552920926,0.018720261201987644,1.4884733310909564
15.52463674545288,0.19461712186972355,[0.18668577],5.0,0.6,0.0,-0.6066789189491137,-0.0025046168387074927,1.4872236499058717
15.532179117202759,0.19539871673667025,[0.18744038],5.0,0.6,0.0,-0.6320321714767938,-0.0646052530399905,1.4871155973243497
15.54126238822937,0.19637571032035359,[0.18815814],5.0,0.6,0.0,-0.6378025113828439,-0.05782222540668136,1.4862823859238496
15.551499366760254,0.19715730518730026,[0.18883412],5.0,0.6,0.0,-0.9045555183846608,-0.03356875702047823,1.485631728862662
15.561281681060791,0.19774350133751029,[0.18947187],5.0,0.6,0.0,-1.1938072066403507,-0.025199221987781156,1.485349452774492
15.569174766540527,0.19832969748772028,[0.19007412],5.0,0.6,0.0,-1.697058322690209,-0.027510178042993504,1.4843222744887665
15.579465389251709,0.198525096204457,[0.19064161],5.0,0.6,0.0,-2.1532348425680192,-0.02303076456103012,1.484207577328798
15.588220357894897,0.1989158936379303,[0.1911748],5.0,0.6,0.0,-2.7577793452695345,-0.026868285304095164,1.4824571214462896
15.598201990127563,0.19911129235466699,[0.19167409],5.0,0.6,0.0,-3.2621415307837465,-0.023468548272902488,1.4811394113807754
15.606191635131836,0.1993066910714036,[0.19214006],5.0,0.6,0.0,-3.5992704965465316,-0.02556978480215802,1.4802293344378286
15.616181373596191,0.1993066910714036,[0.19257329],5.0,0.6,0.0,-4.051342975774558,-0.02327720943363209,1.4789031832789166
15.625209093093872,0.1993066910714036,[0.19297458],5.0,0.6,0.0,-4.129879019897093,-0.02129153259928341,1.479476361039518
15.636216640472412,0.19950208978814032,[0.19334513],5.0,0.6,0.0,-4.023655935293623,-0.020382935821819603,1.4805394096273528
15.64572024345398,0.1993066910714036,[0.19368622],5.0,0.6,0.0,-3.829838926091491,-0.01768036465417689,1.482901705080504
15.65317177772522,0.1993066910714036,[0.19399909],5.0,0.6,0.0,-3.322645478125248,-0.017725410672388323,1.4862307261284033
15.664312601089478,0.1993066910714036,[0.19428504],5.0,0.6,0.0,-2.7710398262530167,-0.014726497747233946,1.4892858562399645
15.672197580337524,0.19911129235466699,[0.19454555],5.0,0.6,0.0,-2.2766860406637655,-0.014087583245831464,1.4919958821919508
15.685213804244995,0.19911129235466699,[0.1947821],5.0,0.6,0.0,-1.5913359831129286,-0.011762261897105662,1.4943771056132564
15.69337248802185,0.1989158936379303,[0.19499626],5.0,0.6,0.0,-0.6795672454490972,-0.010640097583355197,1.4965883490128307
15.704385042190552,0.198525096204457,[0.19518952],5.0,0.6,0.0,-0.412049665356967,-0.008238684270731727,1.4976508930730896
15.713282823562622,0.198525096204457,[0.19536319],5.0,0.6,0.0,0.15421201712120533,-0.00880587920385118,1.4979847652792244
15.72333550453186,0.19832969748772028,[0.19551846],5.0,0.6,0.0,0.4311906770126953,-0.007265096525169062,1.4982822575444268
15.731523752212524,0.19813429877098362,[0.19565667],5.0,0.6,0.0,0.5572199701277349,-0.00526119627582344,1.4985419487822107
15.74015188217163,0.19793890005424694,[0.19577916],5.0,0.6,0.0,0.6040113618073707,-0.0047311072163170815,1.498796037011474
15.749574899673462,0.19774350133751029,[0.1958871],5.0,0.6,0.0,0.88518800814267,-0.0035555269868859226,1.4987280497722146
15.759340286254883,0.1975481026207736,[0.19598159],5.0,0.6,0.0,0.9017525278969885,-0.0023269753383360057,1.4989043817839316
15.7672119140625,0.19715730518730026,[0.19606376],5.0,0.6,0.0,1.095182013482832,-0.0005746092278415598,1.498868804369977
15.775870561599731,0.19715730518730026,[0.19613462],5.0,0.6,0.0,1.2956682316433212,-0.00045802217944035183,1.4985427368842053
15.784743309020996,0.19676650775382695,[0.19619519],5.0,0.6,0.0,1.4447863174626348,0.0016305539155028184,1.4983832662098053
15.795194864273071,0.19676650775382695,[0.19624649],5.0,0.6,0.0,1.2556556328741906,0.0018996027945745201,1.4987736201196027
15.804630041122437,0.19657110903709027,[0.19628949],5.0,0.6,0.0,1.2545141663704373,0.002986276022188695,1.4988139677619534
15.814209222793579,0.19657110903709027,[0.19632508],5.0,0.6,0.0,1.5751062964079061,0.0028874134149386448,1.4981444730418563
15.824455738067627,0.19657110903709027,[0.19635412],5.0,0.6,0.0,1.9194828642676331,0.002658034534686704,1.4972554118250438
15.832238912582397,0.19657110903709027,[0.19637737],5.0,0.6,0.0,2.1830526788415687,0.002098817590453448,1.4964574454677129
15.84022045135498,0.19657110903709027,[0.19639555],5.0,0.6,0.0,2.0682894622636505,0.002153638255833676,1.4968195421646353
15.852213144302368,0.19657110903709027,[0.19640973],5.0,0.6,0.0,2.38076526661484,0.006133315203779478,1.4957932494257051
15.862689733505249,0.19657110903709027,[0.19642151],5.0,0.6,0.0,2.4668340900004155,0.006770195180587857,1.4954861035604639
15.870628356933594,0.19657110903709027,[0.19643209],5.0,0.6,0.0,2.158006420313119,0.0053556745880922445,1.4965414579330771
15.881139039993286,0.19657110903709027,[0.19644206],5.0,0.6,0.0,2.0308416197318673,0.0052524116371995295,1.496935931567841
15.89091157913208,0.19657110903709027,[0.19645196],5.0,0.6,0.0,1.6859251159977369,0.005694593137094997,1.4978857893721247
15.898202180862427,0.19637571032035359,[0.19646236],5.0,0.6,0.0,1.3161955981658906,0.006138174693304552,1.4987105820026225
15.90618634223938,0.19657110903709027,[0.19647378],5.0,0.6,0.0,0.9929305510046404,0.006694221713127998,1.499264730971308
15.914812803268433,0.19657110903709027,[0.19648691],5.0,0.6,0.0,0.7341322557479041,0.008024318565402977,1.4995975480726262
15.923304319381714,0.19657110903709027,[0.19650255],5.0,0.6,0.0,0.5364543436342261,0.009262797873387978,1.4997848798390017
15.932924032211304,0.19657110903709027,[0.19652147],5.0,0.6,0.0,0.38957854607060116,0.01059214434521377,1.499886541215076
15.940542459487915,0.19657110903709027,[0.19654417],5.0,0.6,0.0,0.2822924883763348,0.009506718684979,1.499940537800026
15.949662208557129,0.19657110903709027,[0.19657093],5.0,0.6,0.0,0.20475116802139642,0.011384803255502953,1.4999687934334376
15.962214708328247,0.19657110903709027,[0.19660247],5.0,0.6,0.0,0.14906348994090324,0.015588026222074405,1.4999832630518486
15.971712112426758,0.19657110903709027,[0.19663965],5.0,0.6,0.0,0.10920458162878424,0.013832482061175202,1.4999901829831936
15.979565620422363,0.19657110903709027,[0.19668278],5.0,0.6,0.0,0.08070527478183895,0.015554560895945977,1.4999926575885163
15.991274118423462,0.19657110903709027,[0.19673215],5.0,0.6,0.0,0.06031016461021715,0.017283301532912805,1.499992105835376
16.001375913619995,0.19657110903709027,[0.19678858],5.0,0.6,0.0,0.045675954725335,0.021949849313335535,1.4999889881937913
16.009697437286377,0.19657110903709027,[0.19685278],5.0,0.6,0.0,0.03512914315420665,0.019383819823080774,1.499983213460631
16.019689321517944,0.19657110903709027,[0.19692478],5.0,0.6,0.0,0.027480818320770917,0.021250279829279572,1.499974420939223
16.03021812438965,0.19657110903709027,[0.19700463],5.0,0.6,0.0,0.021889218115375746,0.022880538957235314,1.499962055617541
16.04016900062561,0.19657110903709027,[0.19709262],5.0,0.6,0.0,0.017759616661850212,0.024267462710800214,1.4999453709794577
16.050342082977295,0.19657110903709027,[0.19718895],5.0,0.6,0.0,0.01467228768265433,0.02560554847585302,1.499923496004432
16.058178663253784,0.19676650775382695,[0.19729374],5.0,0.6,0.0,0.01233109549404799,0.02595690458390087,1.4999442941969985
16.067185878753662,0.1969619064705636,[0.19740667],5.0,0.6,0.0,0.010527012721918094,0.022367323663523026,1.4999603549539073
16.078463315963745,0.1969619064705636,[0.19752742],5.0,0.6,0.0,0.2851506904346163,0.028026785189783077,1.4998755163300361
16.08614993095398,0.19715730518730026,[0.19765592],5.0,0.6,0.0,0.593183799972801,0.023501074497454758,1.4996884158744843
16.09716248512268,0.19715730518730026,[0.197792],5.0,0.6,0.0,0.5702918904681827,0.028784807089573372,1.4996773915105077
16.107166528701782,0.19735270390403695,[0.19793538],5.0,0.6,0.0,0.43834808495204125,0.024253105658694558,1.499789083963826
16.118911027908325,0.1975481026207736,[0.19808564],5.0,0.6,0.0,0.5671370746275124,0.027112542327298244,1.4997028368945395
16.127308130264282,0.19774350133751029,[0.19824216],5.0,0.6,0.0,0.4725681117421323,0.02245247774863824,1.4997840564542693
16.138155221939087,0.19793890005424694,[0.19840163],5.0,0.6,0.0,0.5944135334181563,-0.0037497425409728654,1.4996942292951614
16.147252321243286,0.19793890005424694,[0.19855852],5.0,0.6,0.0,0.47962243472480803,0.0012075075455037446,1.4997520054217075
16.159419059753418,0.19832969748772028,[0.19871071],5.0,0.6,0.0,0.3046892160075608,0.008175833046400887,1.4999018650134535
16.168189764022827,0.19832969748772028,[0.1988588],5.0,0.6,0.0,0.4160096352854852,0.008145564454976656,1.499815198337027
16.17856526374817,0.19832969748772028,[0.19900284],5.0,0.6,0.0,0.3173223710329427,0.009816950119141736,1.4998344283496077
16.18769931793213,0.198525096204457,[0.19914243],5.0,0.6,0.0,-0.1100830152395022,0.008623866472427641,1.4999147630211673
16.197198152542114,0.198525096204457,[0.19927701],5.0,0.6,0.0,-0.28476925754903787,0.007804954966453018,1.4998265684713068
16.205193996429443,0.198525096204457,[0.19940594],5.0,0.6,0.0,-0.617510678051797,0.007978697152504896,1.4995610604295964
16.21628451347351,0.19872049492119365,[0.19952873],5.0,0.6,0.0,-0.6544765082219473,0.007210937613045448,1.4995506060125399
16.22727918624878,0.19872049492119365,[0.19964508],5.0,0.6,0.0,-0.8573637321526867,0.007746905966926756,1.499282155633387
16.237959384918213,0.19872049492119365,[0.1997548],5.0,0.6,0.0,-0.7888023478629824,0.00784092214610725,1.4993231073769804
16.247159242630005,0.1989158936379303,[0.19985772],5.0,0.6,0.0,-0.6363955465669835,0.006564846120055609,1.49952121642877
16.25900101661682,0.1989158936379303,[0.19995372],5.0,0.6,0.0,-0.4783110666823925,0.007018379673043034,1.4996143323743603
16.269575595855713,0.19911129235466699,[0.20004275],5.0,0.6,0.0,-0.3426946926701598,0.005775180898487928,1.4997390770359864
16.2773175239563,0.19911129235466699,[0.20012484],5.0,0.6,0.0,-0.23596782349910755,0.0058383071733516465,1.499753117076845
16.28736162185669,0.1993066910714036,[0.20020004],5.0,0.6,0.0,-0.15598986614742616,0.004822980777563598,1.4998222869399966
16.298815488815308,0.1993066910714036,[0.20026842],5.0,0.6,0.0,-0.09794899190463274,0.00463559509587165,1.4998078903453007
16.3071506023407,0.1993066910714036,[0.20033012],5.0,0.6,0.0,-0.05682423662617721,0.004671225858742411,1.4997881374771893
16.31766629219055,0.1993066910714036,[0.20038527],5.0,0.6,0.0,-0.028278284317630027,0.004342120370603568,1.499766764346063
16.32882785797119,0.19950208978814032,[0.20043402],5.0,0.6,0.0,-0.008867098092205839,0.003114595289888621,1.4998262593840133
16.33855104446411,0.19950208978814032,[0.20047649],5.0,0.6,0.0,0.004020973248727526,0.0029254857466144597,1.4998101148056668
16.346144437789917,0.19950208978814032,[0.20051294],5.0,0.6,0.0,0.012311616363094822,0.0031040785327628717,1.4997955441872375
16.355184316635132,0.19969748850487698,[0.20054369],5.0,0.6,0.0,0.017398926000419188,0.0018005015146936017,1.4998565743064385
16.364165782928467,0.19969748850487698,[0.20056898],5.0,0.6,0.0,0.02027938631504028,0.0015534735626655256,1.4998478071754504
16.373960971832275,0.19989288722161366,[0.20058899],5.0,0.6,0.0,0.021658601052191376,0.00033107535253267407,1.4999027425361353
16.383676052093506,0.19969748850487698,[0.20060392],5.0,0.6,0.0,0.02203246070071311,0.0008131284395909771,1.4998353283008647
16.39215064048767,0.19989288722161366,[0.20061391],5.0,0.6,0.0,0.02174717314906721,-0.0004847310264636293,1.4998956785953137
16.400899410247803,0.19989288722161366,[0.20061912],5.0,0.6,0.0,0.02104287875599286,-0.0008263132933940155,1.4998941928996479
16.408186197280884,0.19989288722161366,[0.20061973],5.0,0.6,0.0,0.020084965549589245,-0.0011597755683301137,1.499894046360622
16.420182466506958,0.19989288722161366,[0.2006159],5.0,0.6,0.0,-0.2570519886707646,-0.0012942808193726436,1.499846270515717
16.42874550819397,0.20008828593835032,[0.20060791],5.0,0.6,0.0,-0.2913395892530146,-0.00173384557342858,1.4998828204639618
16.43615961074829,0.20008828593835032,[0.20059613],5.0,0.6,0.0,-0.23741897878213017,-0.0013933200594687658,1.4999064627610692
16.445207595825195,0.20008828593835032,[0.20058094],5.0,0.6,0.0,-0.16249121259621938,-0.0019353722053919668,1.4999318062382876
16.455139875411987,0.20008828593835032,[0.20056256],5.0,0.6,0.0,-0.09308552329423832,-0.0024799256068365515,1.4999485645259556
16.464163064956665,0.20008828593835032,[0.20054112],5.0,0.6,0.0,-0.03752799743672759,-0.0029296039956699465,1.4999579401408334
16.472493648529053,0.20008828593835032,[0.20051678],5.0,0.6,0.0,0.0034648258479765895,-0.0032519990386823297,1.4999632700482182
16.48196315765381,0.20008828593835032,[0.20048968],5.0,0.6,0.0,-0.24410075910871348,-0.00353785270968546,1.4999234240159878
16.492278814315796,0.20008828593835032,[0.20045996],5.0,0.6,0.0,-0.25857712158937524,-0.0036790803906477966,1.4999226023072345
16.504103660583496,0.20008828593835032,[0.20042772],5.0,0.6,0.0,-0.19214532010235802,-0.004702929480039444,1.4999494753809963
16.51517081260681,0.20008828593835032,[0.20039298],5.0,0.6,0.0,-0.10997738825905322,-0.004778728246208065,1.4999724293156547
16.5244779586792,0.20008828593835032,[0.20035586],5.0,0.6,0.0,-0.03703460083214284,-0.004830896147684953,1.499984659445456
16.532206773757935,0.19989288722161366,[0.20031666],5.0,0.6,0.0,0.019522975691561292,-0.0031574852269941915,1.4999638005508187
16.54182767868042,0.19989288722161366,[0.20027572],5.0,0.6,0.0,0.059824299056630205,-0.0033708003391630824,1.499968024584521
16.553947925567627,0.19989288722161366,[0.20023322],5.0,0.6,0.0,0.086515965876576,-0.004681997818166287,1.4999712629295834
16.563141584396362,0.19989288722161366,[0.20018926],5.0,0.6,0.0,0.10271571500268364,-0.0038171911453658697,1.4999745789367431
16.57167673110962,0.19969748850487698,[0.20014409],5.0,0.6,0.0,-0.16481183396129834,-0.002984967720978969,1.4999398905419887
16.580321550369263,0.19969748850487698,[0.20009796],5.0,0.6,0.0,-0.19485323692091605,-0.0031280270259184235,1.499939662676037
16.589994192123413,0.19969748850487698,[0.20005103],5.0,0.6,0.0,-0.14037799546174978,-0.003276670802976281,1.4999603329809923
16.601171493530273,0.19950208978814032,[0.20000346],5.0,0.6,0.0,-0.343392514110117,-0.0023373456272903024,1.4998619555455355
16.61210536956787,0.19950208978814032,[0.1999554],5.0,0.6,0.0,-0.3105869071219177,-0.002460620466124664,1.4998871000694836
16.625909566879272,0.1993066910714036,[0.1999069],5.0,0.6,0.0,-0.20435324212103884,-0.0024512894955468455,1.4998968674023523
16.637168645858765,0.1993066910714036,[0.19985788],5.0,0.6,0.0,-0.09220789988479182,-0.0031200734192388065,1.49993291064372
16.645148038864136,0.19911129235466699,[0.19980844],5.0,0.6,0.0,0.0016398821949743028,-0.002392269243345722,1.4999028002367476
16.65717601776123,0.19911129235466699,[0.19975886],5.0,0.6,0.0,0.07174509272285824,-0.0029937372683406342,1.4999123030459807
16.669735193252563,0.19911129235466699,[0.19970917],5.0,0.6,0.0,0.12002426409806435,-0.0036005417204740433,1.499917787470156
16.677150011062622,0.1989158936379303,[0.19965922],5.0,0.6,0.0,0.15066211713564215,-0.002466574590377845,1.4998726020577775
16.68687391281128,0.1989158936379303,[0.19960909],5.0,0.6,0.0,0.16799032818573567,-0.0014941890178168387,1.499882893565168
16.695451498031616,0.1989158936379303,[0.19955899],5.0,0.6,0.0,0.17572459047811312,-0.0017782713152843074,1.4998943040313673
16.705180406570435,0.1989158936379303,[0.19950909],5.0,0.6,0.0,0.17679139634921665,-0.0012217526732033407,1.4999063608474241
16.71721911430359,0.19872049492119365,[0.19945946],5.0,0.6,0.0,0.17338709138096994,-0.0015742409379675439,1.499868412831941
16.72616195678711,0.19872049492119365,[0.19941009],5.0,0.6,0.0,0.167109261569847,-0.0009163413464614156,1.4998841078714817
16.735130310058594,0.198525096204457,[0.19936104],5.0,0.6,0.0,0.15909363328459375,-0.00039138423887685476,1.499841408628302
16.745070219039917,0.198525096204457,[0.19931227],5.0,0.6,0.0,0.15013227966545376,-0.001589533078352502,1.4998593015258317
16.756195306777954,0.198525096204457,[0.19926362],5.0,0.6,0.0,0.14076747232045317,-0.0014765216299367696,1.4998761720934461
16.76519513130188,0.19832969748772028,[0.19921514],5.0,0.6,0.0,0.13136285660342972,0.00025879275853657804,1.4998303651025533
16.77414083480835,0.19832969748772028,[0.19916704],5.0,0.6,0.0,0.3981943049762896,-8.531020326689527e-05,1.4997417649641556
16.78315234184265,0.19832969748772028,[0.19911944],5.0,0.6,0.0,0.42245909945685245,-0.00029424370629814537,1.4997424331201743
16.795116901397705,0.19832969748772028,[0.19907083],5.0,0.6,0.0,0.35893761123930584,-0.017740061398218918,1.499794254253975
16.803126335144043,0.19813429877098362,[0.19901833],5.0,0.6,0.0,0.2749107714194303,-0.012632270738022635,1.4997874547471115
16.813125371932983,0.19813429877098362,[0.19896124],5.0,0.6,0.0,0.19694737869234835,-0.007095052706812722,1.4998343713255795
16.823121786117554,0.19813429877098362,[0.19890091],5.0,0.6,0.0,0.13338609200298307,-0.0042444489060284125,1.4998692257666375
16.832783222198486,0.19793890005424694,[0.19883857],5.0,0.6,0.0,-0.19110006485397538,-0.0013690494621844634,1.4998109463593259
16.840211153030396,0.19774350133751029,[0.19877521],5.0,0.6,0.0,-0.2596200996451474,0.0009421671370261364,1.4997369657838462
16.849129676818848,0.19774350133751029,[0.1987117],5.0,0.6,0.0,-0.22958479532507148,0.0022066364895580496,1.4997733011251568
16.85754132270813,0.19774350133751029,[0.19864893],5.0,0.6,0.0,-0.17076636208808743,0.003535676965758661,1.4998143475327324
16.86663794517517,0.1975481026207736,[0.19858784],5.0,0.6,0.0,-0.11180606730982946,0.006057059912438585,1.4997745082981822
16.875340461730957,0.1975481026207736,[0.19852936],5.0,0.6,0.0,-0.06266087631543164,0.006750649439261331,1.4998045232265533
16.8856942653656,0.1975481026207736,[0.19847452],5.0,0.6,0.0,-0.02526180451258748,0.010246287181153479,1.4998278889537342
16.896251440048218,0.1975481026207736,[0.19842466],5.0,0.6,0.0,0.001552334922186838,0.012299296240041268,1.4998463409798637
16.9080970287323,0.19774350133751029,[0.19838135],5.0,0.6,0.0,0.2958831713014507,0.016040004509408276,1.4998534685291638
16.91714310646057,0.1975481026207736,[0.19834606],5.0,0.6,0.0,0.34084256745048125,0.01605184194878761,1.499786187952773
16.926287174224854,0.1975481026207736,[0.19831981],5.0,0.6,0.0,0.5689103234463366,0.018819307312833895,1.4996400263877594
16.936208724975586,0.19774350133751029,[0.19830372],5.0,0.6,0.0,0.52974081411362,0.021202120647949824,1.4997283794841267
16.94611144065857,0.19774350133751029,[0.19829929],5.0,0.6,0.0,0.4056062223489554,0.024860530986231057,1.499815771220833
16.955138444900513,0.19774350133751029,[0.19830812],5.0,0.6,0.0,0.27283117180830263,0.028886430386101086,1.499880836104245
16.966118812561035,0.19774350133751029,[0.19833188],5.0,0.6,0.0,0.15922717908280562,0.03319312514401618,1.4999118924998869
16.97725486755371,0.19793890005424694,[0.1983723],5.0,0.6,0.0,0.07147029944263988,0.03688758707620875,1.4999586307185642
16.98523736000061,0.19793890005424694,[0.19843048],5.0,0.6,0.0,0.007852353754270819,0.03414069871917505,1.4999516241377082
16.99312472343445,0.19813429877098362,[0.19850689],5.0,0.6,0.0,0.24003868591280036,0.03957148234735217,1.4999293456870881
17.005083084106445,0.19813429877098362,[0.19860361],5.0,0.6,0.0,0.2444397685182756,0.054784842810134675,1.499911474298144
17.016610860824585,0.19832969748772028,[0.19872417],5.0,0.6,0.0,0.4477628775290886,0.05776931348875126,1.4998196553576428
17.027151346206665,0.198525096204457,[0.19887106],5.0,0.6,0.0,0.6711343338000169,0.06092340035040831,1.4996408803835064
17.03740644454956,0.19872049492119365,[0.19904679],5.0,0.6,0.0,0.5744288095129448,0.07552707739364815,1.49973313861634
17.04727864265442,0.19911129235466699,[0.19925353],5.0,0.6,0.0,0.6621777610652664,0.06396586647217012,1.4996696560095644
17.055321216583252,0.1993066910714036,[0.19949113],5.0,0.6,0.0,0.7847026199101479,0.06864835234640508,1.499535035596541
17.063989639282227,0.19969748850487698,[0.19975833],5.0,0.6,0.0,0.8857291662837843,0.05958035438254755,1.4994156063487767
17.076235055923462,0.20008828593835032,[0.20005509],5.0,0.6,0.0,0.9500094622352843,0.07931773011899046,1.4993283959681818
17.085558652877808,0.20047908337182369,[0.20038377],5.0,0.6,0.0,0.9788440957732483,0.08183018773387044,1.4992854549226302
17.09413766860962,0.20086988080529702,[0.20074634],5.0,0.6,0.0,0.9790405164925602,0.08438462220290768,1.4992839334171402
17.103027820587158,0.20126067823877036,[0.20114188],5.0,0.6,0.0,0.9582296265496864,0.07265153283447208,1.4993141325834864
17.114140033721924,0.20184687438898036,[0.20156814],5.0,0.6,0.0,1.1991480558228198,0.07835263468742526,1.4989151912387038
17.122148752212524,0.20243307053919038,[0.20202451],5.0,0.6,0.0,1.1881406879730556,0.08341815338012286,1.4989168650628422
17.13444685935974,0.2034100641228737,[0.2025133],5.0,0.6,0.0,1.083846925085501,0.10203227239938738,1.4989654729360102
17.144227266311646,0.20419165898982042,[0.20303804],5.0,0.6,0.0,1.2323629545220656,0.10098792283268627,1.4986046091806338
17.152116775512695,0.20458245642329373,[0.20359865],5.0,0.6,0.0,1.143238976361101,0.08589760865696697,1.4988344611816555
17.161991119384766,0.20536405129024043,[0.20419189],5.0,0.6,0.0,0.980809603887991,0.09125964853753754,1.4990096549681056
17.17113423347473,0.2061456461571871,[0.20481655],5.0,0.6,0.0,1.089906119648273,0.09584767753548873,1.4987632752858646
17.181509256362915,0.2069272410241338,[0.20547319],5.0,0.6,0.0,0.9765884003108043,0.10018394350494594,1.4988677878225363
17.192123889923096,0.20790423460781715,[0.20616232],5.0,0.6,0.0,1.0775029628209252,0.10293263383981609,1.4985298157031126
17.200648069381714,0.2088812281915005,[0.20688434],5.0,0.6,0.0,0.9392581579765135,0.10566644218103664,1.498546525246543
17.212728023529053,0.21024901920865718,[0.20764156],5.0,0.6,0.0,1.015037811547348,0.12592979449032699,1.4978747824528122
17.221806526184082,0.21122601279234052,[0.20843585],5.0,0.6,0.0,0.8571163931321846,0.10313382331790162,1.4978976349926598
17.22992491722107,0.21200760765928722,[0.20926489],5.0,0.6,0.0,0.6436629023188173,0.10824986930025644,1.4981883162154153
17.239115953445435,0.21298460124297056,[0.21012458],5.0,0.6,0.0,0.7211986522986338,0.09088634342932873,1.4979783619527176
17.248291492462158,0.2141569935433906,[0.2110113],5.0,0.6,0.0,0.8690467614901088,0.09906627605285902,1.497460998696879
17.260926961898804,0.2155247845605473,[0.21192616],5.0,0.6,0.0,0.7249773887847772,0.12657552291838767,1.4970222293435982
17.270110607147217,0.2166971768609673,[0.21287432],5.0,0.6,0.0,0.5055840390572756,0.12587818665837133,1.496891180038681
17.280107021331787,0.21786956916138733,[0.21385805],5.0,0.6,0.0,0.5735924563868668,0.12556827166117968,1.4965418663201282
17.288106679916382,0.21884656274507067,[0.21487472],5.0,0.6,0.0,0.43830117426089066,0.10393505126390577,1.496706880203475
17.299116373062134,0.22040975247896405,[0.21591965],5.0,0.6,0.0,0.5340314781016956,0.10889470234168594,1.4957636580392837
17.308080434799194,0.22158214477938404,[0.216991],5.0,0.6,0.0,0.40351523747816215,0.11463856419238398,1.4956719531607254
17.317110776901245,0.22275453707980408,[0.21808939],5.0,0.6,0.0,0.22010351240584683,0.1188832569132414,1.4956206700099473
17.32640838623047,0.22431772681369744,[0.21921519],5.0,0.6,0.0,0.05186642695588041,0.1203071133923887,1.4948043471890182
17.335639476776123,0.2256855178308541,[0.22036851],5.0,0.6,0.0,-0.08014177542365974,0.12187864379916996,1.4943570601634857
17.34560251235962,0.2272487075647475,[0.22154923],5.0,0.6,0.0,0.10159734198137105,0.12197056662428615,1.49351657683915
17.357136249542236,0.22900729601537753,[0.22275702],5.0,0.6,0.0,0.3486134959462856,0.12052366119441793,1.4921267926353137
17.365553855895996,0.2303750870325342,[0.22399132],5.0,0.6,0.0,0.2894940648001074,0.12092076186968882,1.4918202457830907
17.377116680145264,0.23213367548316424,[0.22525139],5.0,0.6,0.0,0.41559609806702635,0.1189487655035261,1.4904429975275408
17.387115001678467,0.23389226393379428,[0.22653629],5.0,0.6,0.0,0.2963545436987366,0.11694093424130965,1.489170896002452
17.397122621536255,0.23545545366768764,[0.22784491],5.0,0.6,0.0,0.39325035459620944,0.11566589901830023,1.4883676623447923
17.405148029327393,0.237018643401581,[0.22917601],5.0,0.6,0.0,0.2605748291048847,0.11429912263915774,1.487723433307359
17.41510844230652,0.23877723185221103,[0.23052819],5.0,0.6,0.0,0.07605878519047088,0.11196987399798214,1.4864785554435178
17.423152446746826,0.24014502286936773,[0.23189758],5.0,0.6,0.0,-0.09100456273473587,0.08783620914543488,1.4864818812075238
17.433926820755005,0.2422944087534711,[0.23328067],5.0,0.6,0.0,-0.2196140516928093,0.11454423026258921,1.4838459269919795
17.444303274154663,0.24463919335431117,[0.23467919],5.0,0.6,0.0,-0.3087702265410981,0.10768255104159646,1.480284215463602
17.45463228225708,0.24639778180494118,[0.23609434],5.0,0.6,0.0,-0.36457751830639074,0.10417252452799146,1.4788927126519984
17.4630925655365,0.24815637025557122,[0.23752213],5.0,0.6,0.0,-0.3946681540638676,0.07726824900123118,1.4775205143380146
17.476413011550903,0.2506965535731479,[0.23895908],5.0,0.6,0.0,-0.40602478794413266,0.10212310527745924,1.4726997749372472
17.48733353614807,0.253041338173988,[0.24040961],5.0,0.6,0.0,-0.4043190153273846,0.11895101823795277,1.4684700190560886
17.495680809020996,0.25460452790788135,[0.24187743],5.0,0.6,0.0,-0.39387941643182656,0.08695008656374772,1.4680078520966946
17.504491329193115,0.2563631163585114,[0.24335829],5.0,0.6,0.0,-0.6539228559461521,0.08749561418544397,1.4664223536703171
17.512117862701416,0.25773090737566806,[0.24484613],5.0,0.6,0.0,-0.9438065060493845,0.06497823736707778,1.466679061309805
17.520575284957886,0.2594894958262981,[0.24633594],5.0,0.6,0.0,-0.9008567726913589,0.07306852008488557,1.465384913416782
17.532114028930664,0.26183428042713813,[0.24782627],5.0,0.6,0.0,-1.024123217603203,0.07658156089133979,1.4607351083574678
17.542110919952393,0.2637882675945048,[0.24932154],5.0,0.6,0.0,-1.165201168773502,0.10651863002040973,1.4579970124360389
17.554114818572998,0.2661330521953449,[0.25082861],5.0,0.6,0.0,-0.9951888405326498,0.10070051505216075,1.4534984270083986
17.563274383544922,0.26808703936271155,[0.252351],5.0,0.6,0.0,-1.0214038782794996,0.09829051648148136,1.4509057438255395
17.571086168289185,0.2698456278133416,[0.25388633],5.0,0.6,0.0,-1.0935664241630834,0.07051583041023261,1.4494464205509503
17.58114767074585,0.2717996149807083,[0.25542995],5.0,0.6,0.0,-1.1536903868588921,0.07780481278801789,1.4468277824353537
17.591063499450684,0.27375360214807504,[0.25698104],5.0,0.6,0.0,-1.1846700882137342,0.08364047358390189,1.4442461324685634
17.599632501602173,0.2753167918819684,[0.25854209],5.0,0.6,0.0,-1.1861631531007926,0.08966302582390703,1.4442299245957326
17.60924792289734,0.2772707790493351,[0.2601154],5.0,0.6,0.0,-1.163643880879473,0.09272896011853278,1.4418304647267774
17.61710476875305,0.2786385700664918,[0.26169996],5.0,0.6,0.0,-1.1237075712607556,0.06871284050747509,1.4432929800629486
17.625656127929688,0.28039715851712177,[0.26329199],5.0,0.6,0.0,-1.0722663835724962,0.08038750583857761,1.442306732172761
17.6360182762146,0.2823511456844885,[0.2648915],5.0,0.6,0.0,-1.0140272542037576,0.08698623143663904,1.4400886726236057
17.644176483154297,0.28410973413511853,[0.26649839],5.0,0.6,0.0,-0.9524962951434832,0.0626469736466503,1.4391780189531513
17.654115200042725,0.28586832258574857,[0.26810933],5.0,0.6,0.0,-0.8901662936023105,0.07493264825817593,1.4382822788341607
17.668126344680786,0.28860390462006197,[0.2697277],5.0,0.6,0.0,-0.8287397051518746,0.10651415647174645,1.4307067009575813
17.67715549468994,0.29036249307069195,[0.27135934],5.0,0.6,0.0,-0.7693301910603778,0.07558041519813606,1.4298821395076637
17.686081886291504,0.2923164802380587,[0.27300268],5.0,0.6,0.0,-0.712626020297136,0.0798762385259171,1.4277325314934366
17.69408917427063,0.29368427125521535,[0.27465598],5.0,0.6,0.0,-0.6590152502870907,0.08470828025713012,1.4298214291326594
17.705063819885254,0.29602905585605543,[0.27632034],5.0,0.6,0.0,-0.884716778296664,0.08276993471866598,1.4246719582149265
17.715102910995483,0.29837384045689547,[0.27799609],5.0,0.6,0.0,-0.8708186149285015,0.07905000626920544,1.4197404496420103
17.72433042526245,0.3001324289075255,[0.27968277],5.0,0.6,0.0,-0.7719601785975392,0.07694058594849625,1.4193210045023834
17.735532760620117,0.30228181479162886,[0.28138183],5.0,0.6,0.0,-0.6552641151322305,0.09530462753141089,1.4160259446723809
17.744942665100098,0.3040404032422589,[0.28309612],5.0,0.6,0.0,-0.5471334184065044,0.08345914292345959,1.4157829782177012
17.75319743156433,0.30579899169288893,[0.28482173],5.0,0.6,0.0,-0.4557400011279341,0.04980075893209111,1.4155979645973154
17.7651526927948,0.30775297886025565,[0.28655161],5.0,0.6,0.0,-0.38163185710075753,0.06814996022444778,1.4139145131176765
17.7740581035614,0.3097069660276223,[0.28828143],5.0,0.6,0.0,-0.3225905361404875,0.034986000854339665,1.412200336977452
17.785243272781372,0.31185635191172567,[0.28999814],5.0,0.6,0.0,-0.2757474967565051,-0.036606242828342676,1.4088106413851276
17.795079708099365,0.31361494036235577,[0.2916816],5.0,0.6,0.0,-0.23842351156198938,-0.04261397093530889,1.408227085253313
17.80407166481018,0.3151781300962491,[0.29332099],5.0,0.6,0.0,-0.48443349654335416,-0.02765266078622836,1.4087010378189224
17.815059661865234,0.31713211726361584,[0.29491461],5.0,0.6,0.0,-0.7691219208163943,-0.026291925588883654,1.4055530375138758
17.82405948638916,0.3184999082807725,[0.29646153],5.0,0.6,0.0,-1.0029445388796365,-0.02764974388422457,1.4066825313235538
17.834102153778076,0.3198676992979292,[0.29795965],5.0,0.6,0.0,-1.439965095123482,-0.032083265201185006,1.406929642370618
17.84349036216736,0.3208446928816125,[0.29940756],5.0,0.6,0.0,-1.8421019006336354,-0.02393461674890682,1.4096674490328123
17.853065729141235,0.3218216864652959,[0.30080484],5.0,0.6,0.0,-2.6865716419103824,-0.03048363550064889,1.4101040371673799
17.865748643875122,0.32318947748245264,[0.30214999],5.0,0.6,0.0,-3.756822837637141,-0.03770900328885487,1.4048771716474737
17.875102281570435,0.3237756736326626,[0.30343993],5.0,0.6,0.0,-4.375307700778409,-0.049084618812503415,1.4065703087165964
17.885778427124023,0.32436186978287257,[0.30467215],5.0,0.6,0.0,-4.954346348099613,-0.04012982210442155,1.4074509097997705
17.89653515815735,0.3249480659330826,[0.30584634],5.0,0.6,0.0,-5.0,-0.042495670701111946,1.411355950081822
17.90576171875,0.325338863366556,[0.30696243],5.0,0.6,0.0,-5.0,-0.04364694264731032,1.4164236211964505
17.916442155838013,0.3255342620832926,[0.30801984],5.0,0.6,0.0,-5.0,-0.04340875320397924,1.4222251457677475
17.92708969116211,0.32572966080002924,[0.30901842],5.0,0.6,0.0,-4.818105795659154,-0.042881108214000936,1.4286925946254185
17.936989784240723,0.32572966080002924,[0.30995838],5.0,0.6,0.0,-4.744016295242286,-0.041090723298764,1.4349947437007537
17.949549913406372,0.325925059516766,[0.31084074],5.0,0.6,0.0,-4.1097119996678835,-0.03585048760016394,1.4430966233511309
17.95854926109314,0.325925059516766,[0.31166717],5.0,0.6,0.0,-3.3662198122158857,-0.03574753978134038,1.4517935651830618
17.96708393096924,0.32572966080002924,[0.31243872],5.0,0.6,0.0,-2.688438001448578,-0.03782805944782535,1.4599355268752698
17.977811813354492,0.3255342620832926,[0.31315601],5.0,0.6,0.0,-2.1283322200021546,-0.034402983945367525,1.4664599151959619
17.98806667327881,0.3255342620832926,[0.31382079],5.0,0.6,0.0,-1.410959872153175,-0.02863503703790925,1.4714522282709719
17.996361017227173,0.325338863366556,[0.31443543],5.0,0.6,0.0,-0.7623169175480018,-0.029848828947878315,1.476071050430134
18.007102251052856,0.32514346464981925,[0.31500183],5.0,0.6,0.0,0.026139173746896782,-0.02680121657520172,1.479639056012637
18.01758599281311,0.32475266721634594,[0.31552209],5.0,0.6,0.0,0.7094947676249183,-0.02299793766597073,1.482729068215353
18.028439044952393,0.3245572684996093,[0.31599902],5.0,0.6,0.0,0.9446181416076891,-0.017439832973494336,1.4847942433137875
18.03702998161316,0.3241664710661359,[0.31643546],5.0,0.6,0.0,1.2554402417068564,-0.017393843057515554,1.4869455452671085
18.046316385269165,0.3239710723493993,[0.31683374],5.0,0.6,0.0,1.5165158496961844,-0.014761267933209086,1.488154373253023
18.05669927597046,0.32358027491592595,[0.31719627],5.0,0.6,0.0,1.6937705315118055,-0.011322524458179307,1.4897509986770592
18.068071842193604,0.32318947748245264,[0.31752586],5.0,0.6,0.0,1.7900312391763866,-0.006143786781093116,1.491225687439654
18.07987904548645,0.3227986800489792,[0.31782649],5.0,0.6,0.0,1.8204419778379524,0.007968436436405251,1.4926067975087278
18.09087634086609,0.3224078826155059,[0.31810277],5.0,0.6,0.0,1.8020256824007859,0.007972131231545174,1.4938886002315468
18.100146293640137,0.3220170851820326,[0.31835756],5.0,0.6,0.0,2.0258002296067685,0.006533807530292365,1.494279547209962
18.109076738357544,0.3218216864652959,[0.31859248],5.0,0.6,0.0,2.2607334614194237,0.008748029832038666,1.4941264936586305
18.12043786048889,0.3216262877485592,[0.31880998],5.0,0.6,0.0,2.427493674093995,0.01508074643579327,1.4940475763502432
18.131047248840332,0.3216262877485592,[0.31901311],5.0,0.6,0.0,2.7875261697874825,0.015830245348434722,1.4928843071761597
18.141483783721924,0.3216262877485592,[0.3192045],5.0,0.6,0.0,3.1079358523938465,0.016609273309431988,1.491688769640077
18.151198148727417,0.3216262877485592,[0.31938629],5.0,0.6,0.0,3.3174139192622247,0.017655644418513083,1.4908714324942016
18.161044597625732,0.32143088903182254,[0.31956053],5.0,0.6,0.0,3.687600565805513,0.01948605917487758,1.4892797201535357
18.170390605926514,0.32143088903182254,[0.31972913],5.0,0.6,0.0,3.718910345692551,0.020508954543527136,1.4892309597685638
18.178049325942993,0.3216262877485592,[0.31989346],5.0,0.6,0.0,3.5905259921894284,0.016220793930077863,1.4898944348788241
18.187268257141113,0.3216262877485592,[0.32005443],5.0,0.6,0.0,3.3920268429939937,0.018529835254875154,1.4910139585293496
18.197669744491577,0.3216262877485592,[0.32021329],5.0,0.6,0.0,3.1679612458168402,0.020483406052916594,1.4921855159165767
18.207065105438232,0.3216262877485592,[0.32037117],5.0,0.6,0.0,2.94022018090343,0.017498070286944833,1.4932909590838597
18.215058088302612,0.3218216864652959,[0.32052783],5.0,0.6,0.0,2.443245415862971,0.017103479525146504,1.495241271515728
18.22481369972229,0.3218216864652959,[0.32068269],5.0,0.6,0.0,1.924683659748933,0.02027489317488694,1.4969906008321157
18.23376488685608,0.3218216864652959,[0.32083711],5.0,0.6,0.0,1.7506397819325648,0.028028949783420673,1.4975299422569277
18.24531579017639,0.3220170851820326,[0.32099415],5.0,0.6,0.0,1.4235529606512836,0.03383486366103785,1.4982844857956936
18.257094860076904,0.3220170851820326,[0.3211578],5.0,0.6,0.0,1.0922501720899285,0.046697300158749115,1.4989650456172314
18.26836633682251,0.32221248389876916,[0.32133187],5.0,0.6,0.0,1.0854687295046492,0.04426206773234219,1.498968598988017
18.27886438369751,0.3224078826155059,[0.32151831],5.0,0.6,0.0,0.8954076499821334,0.04357383980808839,1.4992452755913321
18.287155151367188,0.3226032813322426,[0.32171723],5.0,0.6,0.0,0.947735600353999,0.036242683228838515,1.4991748185931968
18.297160387039185,0.3226032813322426,[0.32192888],5.0,0.6,0.0,0.7807593208982733,0.048505194163716354,1.499455471194066
18.306777000427246,0.3229940787657159,[0.32215513],5.0,0.6,0.0,0.8415618203625524,0.04906649169872462,1.4993323151969042
18.315929889678955,0.32318947748245264,[0.32239691],5.0,0.6,0.0,0.6780195102178288,0.04213490391578059,1.4995322837757803
18.325103998184204,0.32338487619918926,[0.32265366],5.0,0.6,0.0,0.7412133358625703,0.047080604604448496,1.4994842661177652
18.335490942001343,0.3237756736326626,[0.32292683],5.0,0.6,0.0,0.8565148103286674,0.06130184429589595,1.4993100976192055
18.34689998626709,0.3241664710661359,[0.32321971],5.0,0.6,0.0,0.9564094898427393,0.06267800234304707,1.499140292521854
18.358109712600708,0.32436186978287257,[0.32353443],5.0,0.6,0.0,1.020886278396473,0.06555525609214119,1.4990878602551658
18.36605143547058,0.32475266721634594,[0.32387093],5.0,0.6,0.0,0.7734189212163305,0.05596617138224873,1.4993994362033314
18.377047061920166,0.32514346464981925,[0.32422937],5.0,0.6,0.0,0.7392816795981902,0.07510263448626991,1.4994262223769448
18.386574506759644,0.32572966080002924,[0.32461234],5.0,0.6,0.0,0.7714514309432812,0.07629168571887679,1.49930752749634
18.394540548324585,0.32612045823350266,[0.32502084],5.0,0.6,0.0,0.80960236409565,0.06476549372061745,1.4992705113301614
18.404054880142212,0.326511255666976,[0.32545321],5.0,0.6,0.0,0.832715332121863,0.07097099841350452,1.4992602188120139
18.413657188415527,0.327097451817186,[0.32590931],5.0,0.6,0.0,0.8366020274670103,0.07542176675432927,1.4991969668066136
18.421558141708374,0.32768364796739596,[0.3263889],5.0,0.6,0.0,0.8235201665636729,0.06422144462208053,1.4991601962225247
18.433094263076782,0.328269844117606,[0.32689173],5.0,0.6,0.0,0.7975777421211898,0.08618812087664618,1.499146920394795
18.44410490989685,0.32885604026781606,[0.32742023],5.0,0.6,0.0,1.0388907036364072,0.087121790087697,1.4987849926056351
18.454569339752197,0.3296376351347627,[0.32797627],5.0,0.6,0.0,1.031905388619791,0.08692144280818744,1.4986560923744583
18.46524477005005,0.33041923000170936,[0.32855976],5.0,0.6,0.0,0.9339123737496469,0.08644373459144505,1.4986598708109995
18.474788427352905,0.33120082486865604,[0.32917029],5.0,0.6,0.0,1.090064963545676,0.0857556663977379,1.4982919801399202
18.486099243164062,0.3321778184523394,[0.32980858],5.0,0.6,0.0,1.0092643067417406,0.09867036380165771,1.4981202859980658
18.496912240982056,0.3331548120360227,[0.33047619],5.0,0.6,0.0,0.8554056576444626,0.09236435374390793,1.4980216356341332
18.505737781524658,0.33393640690296944,[0.33117121],5.0,0.6,0.0,0.6969906104654731,0.07347938866540184,1.498110410311238
18.51515769958496,0.3347180017699161,[0.33188876],5.0,0.6,0.0,0.8348817344212821,0.07436875403463396,1.4978817604992587
18.52418303489685,0.33549959663686285,[0.33262713],5.0,0.6,0.0,0.7559271914391534,0.08922543485426855,1.4979259582956443
18.534268856048584,0.3366719889372828,[0.33338592],5.0,0.6,0.0,0.6130785805723346,0.0688217355093387,1.4975629597043392
18.543518781661987,0.33764898252096615,[0.33416169],5.0,0.6,0.0,0.4694403729444947,0.06856345415353093,1.4974066995195197
18.553065538406372,0.33862597610464956,[0.33495124],5.0,0.6,0.0,0.34720589013354847,0.06811493273440651,1.4972131756631863
18.563907146453857,0.33979836840506955,[0.33575293],5.0,0.6,0.0,0.2509214877661192,0.06617535649229155,1.4966853662917141
18.572577476501465,0.34057996327201623,[0.33656513],5.0,0.6,0.0,0.1782759898981212,0.06588304981223152,1.496757754808148
18.582703828811646,0.3417523555724363,[0.33738493],5.0,0.6,0.0,0.12490555199508702,0.049552550168529705,1.4961807648395917
18.59256911277771,0.3429247478728562,[0.33820966],5.0,0.6,0.0,-0.1896551597002799,0.06522807311590498,1.495536690839511
18.603545904159546,0.3440971401732763,[0.33903955],5.0,0.6,0.0,-0.2502383827395785,0.06150738846847366,1.4948506138756352
18.613669395446777,0.34526953247369635,[0.33987459],5.0,0.6,0.0,-0.49056554113995887,0.058058977097233386,1.4940167096993546
18.62334656715393,0.3462465260573797,[0.34071325],5.0,0.6,0.0,-0.46118294045817404,0.05549149857225768,1.493736979429634
18.63407325744629,0.3474189183577997,[0.34155408],5.0,0.6,0.0,-0.6210406558746523,0.05237236295154267,1.4928573173169337
18.64639687538147,0.34898210809169306,[0.3423969],5.0,0.6,0.0,-0.5279699395964663,0.05998288423255408,1.491157040365765
18.654672622680664,0.34995910167537636,[0.3432414],5.0,0.6,0.0,-0.6408424248089705,0.041508624111871076,1.4907094991490835
18.665831089019775,0.35113149397579646,[0.34408484],5.0,0.6,0.0,-0.514854379934716,0.03969606462711702,1.489920786801946
18.676031589508057,0.35269468370968976,[0.34492483],5.0,0.6,0.0,-0.6057510800180999,0.03627587644498003,1.4877254098152777
18.686064958572388,0.3536716772933732,[0.34576068],5.0,0.6,0.0,-0.7419452820017856,0.035902694674340936,1.487151632147972
18.696115732192993,0.3548440695937931,[0.34659192],5.0,0.6,0.0,-0.8579450378364483,0.034803529001123615,1.4859251105977158
18.70843744277954,0.3562118606109498,[0.34741966],5.0,0.6,0.0,-0.9351068879484761,0.047000095870147196,1.484007836692817
18.717038869857788,0.3573842529113699,[0.34824512],5.0,0.6,0.0,-0.9738808982411865,0.029214549232629092,1.482728480013942
18.73004126548767,0.35875204392852655,[0.34906855],5.0,0.6,0.0,-1.2572787510562353,0.045082984031835825,1.4802454305649653
18.74077272415161,0.35972903751220986,[0.34989361],5.0,0.6,0.0,-1.2744741844372447,0.06053515223246174,1.479631153364453
18.75211191177368,0.36129222724610327,[0.3507239],5.0,0.6,0.0,-1.4634299758835398,0.03839903219070151,1.476318047489759
18.762932538986206,0.3624646195465233,[0.35156038],5.0,0.6,0.0,-1.3781914828627928,0.058897898131686555,1.4750881236804467
18.772047758102417,0.3634416131302067,[0.35240448],5.0,0.6,0.0,-1.2043194461232334,0.04062969539301532,1.474852238617622
18.78205156326294,0.36441860671389,[0.35325812],5.0,0.6,0.0,-1.0204912619332753,0.06714083431389221,1.4746218008967382
18.791040658950806,0.36539560029757334,[0.35412363],5.0,0.6,0.0,-0.8561386581171622,0.04859725054128536,1.4743633724133196
18.80078625679016,0.36637259388125676,[0.35500159],5.0,0.6,0.0,-0.719010522009083,0.057193394413997886,1.4740868875289315
18.812527894973755,0.3675449861816767,[0.35589321],5.0,0.6,0.0,-0.6080748840994185,0.06469372065202439,1.4729373527352148
18.82204794883728,0.3685219797653601,[0.35680213],5.0,0.6,0.0,-0.5193541032032992,0.07293929130703992,1.4727021942302128
18.832021713256836,0.3696943720657801,[0.35773219],5.0,0.6,0.0,-0.44841120539734747,0.08001464603638378,1.471637242193367
18.8439199924469,0.37106216308293677,[0.35868985],5.0,0.6,0.0,-0.39129100206480916,0.11109163660652205,1.4697351155147151
18.85311269760132,0.37203915666662013,[0.35968112],5.0,0.6,0.0,-0.3447790529611051,0.08633338458642162,1.4698290851438536
18.863202810287476,0.37301615025030344,[0.36070915],5.0,0.6,0.0,-0.3063828834132611,0.12266552562027722,1.4700918851375717
18.87579894065857,0.37457933998419685,[0.36177985],5.0,0.6,0.0,0.001819687183141433,0.12178771926730197,1.4677655972089168
18.88604760169983,0.3757517322846169,[0.36289848],5.0,0.6,0.0,0.06228123457899232,0.12402952154125318,1.4674957769386991
18.894081354141235,0.37672872586830025,[0.36406684],5.0,0.6,0.0,0.30677346336279154,0.1281502231769676,1.4683739207700746
18.905040740966797,0.3782919156021936,[0.36528652],5.0,0.6,0.0,0.5603887665242258,0.12982582476256502,1.4665039762214598
18.91704225540161,0.3800505040528236,[0.36656197],5.0,0.6,0.0,0.7620301268363036,0.1584712243855096,1.4638338791103405
18.926566123962402,0.381613693786717,[0.36790007],5.0,0.6,0.0,1.1755180172482316,0.1530201429424154,1.4620582837531466
18.935505151748657,0.3829814848038737,[0.36929984],5.0,0.6,0.0,1.2885132152884076,0.12146831542459326,1.4620202523076318
18.944018602371216,0.38434927582103035,[0.37075353],5.0,0.6,0.0,1.2678185201737504,0.1294383610669413,1.462511066754583
18.953307628631592,0.38591246555492376,[0.37225754],5.0,0.6,0.0,1.4688322089716546,0.13450399364060897,1.4617919226465121
18.964163064956665,0.3876710540055538,[0.37381171],5.0,0.6,0.0,1.6854174100101191,0.13781482514398968,1.4602021697812944
18.973043203353882,0.3892342437394471,[0.37541555],5.0,0.6,0.0,1.8456404408725944,0.14137126448752757,1.4599995110036106
18.98609185218811,0.3913836296235505,[0.37706827],5.0,0.6,0.0,1.9351247917840926,0.14154974129851589,1.4570628411777073
18.996024131774902,0.39314221807418054,[0.37876883],5.0,0.6,0.0,1.9616077635767764,0.14338863895662718,1.45666695561632
19.004137754440308,0.3947054078080739,[0.38051596],5.0,0.6,0.0,1.663194873810982,0.14604512255383523,1.4584769339144226
19.01454782485962,0.39685479369217724,[0.3823081],5.0,0.6,0.0,1.5729439868718118,0.1455664787314056,1.4567234389442334
19.02471685409546,0.3986133821428072,[0.38414353],5.0,0.6,0.0,1.2719552458401093,0.1469040178529494,1.4577864161436853
19.03707504272461,0.401153565460384,[0.38602026],5.0,0.6,0.0,1.4971100329939189,0.14411864733564403,1.4535640772943348
19.049943685531616,0.404084546211434,[0.38793619],5.0,0.6,0.0,1.2788615869109614,0.13947792952422874,1.4479668260085499
19.062223196029663,0.4068201282457474,[0.38988907],5.0,0.6,0.0,1.4960348847959488,0.13546584392439875,1.442617096897203
19.07158660888672,0.40916491284658746,[0.39187295],5.0,0.6,0.0,1.242121919665545,0.10282815315988168,1.4408034363837914
19.084527015686035,0.4122912923143742,[0.39387882],5.0,0.6,0.0,1.4219338975403506,0.10615543656413642,1.4329409264776152
19.09670066833496,0.4150268743486876,[0.39590238],5.0,0.6,0.0,1.1381011051387806,0.10889144843552939,1.428498838290677
19.109331369400024,0.4179578550997376,[0.39794332],5.0,0.6,0.0,0.7452457140028137,0.10855707581375477,1.422595725986739
19.12136173248291,0.420693437134051,[0.40000109],5.0,0.6,0.0,0.6590229815008765,0.10768483137641376,1.4176063166601462
19.132689476013184,0.42342901916836445,[0.40207491],5.0,0.6,0.0,0.4039716487977813,0.10574279714527957,1.412714050583893
19.14354419708252,0.4259692024859411,[0.40416382],5.0,0.6,0.0,0.13816960025793776,0.10400117317534724,1.4092723603271926
19.15540075302124,0.4287047845202545,[0.40627008],5.0,0.6,0.0,-0.08224982476188981,0.1281979768051112,1.4042325199325072
19.165651559829712,0.4312449678378312,[0.40839868],5.0,0.6,0.0,-0.5212277160360475,0.11781565942752285,1.4006711975927717
19.1762433052063,0.4335897524386713,[0.41054977],5.0,0.6,0.0,-0.6648825418308932,0.10997847404198806,1.398944456172804
19.185742139816284,0.43593453703951135,[0.41271943],5.0,0.6,0.0,-0.9542086928170611,0.10360351514352271,1.3971403407973293
19.196256637573242,0.43847472035708807,[0.41490383],5.0,0.6,0.0,-0.9479801778349817,0.09735025590043632,1.3941651828878228
19.207030773162842,0.4412103023914014,[0.41709931],5.0,0.6,0.0,-1.1124290758024058,0.09094543539163999,1.3893162430319475
19.217405796051025,0.4437504857089781,[0.41930565],5.0,0.6,0.0,-1.0112033015374662,0.11239272209030046,1.386594567745501
19.230152130126953,0.44668146646002815,[0.42152885],5.0,0.6,0.0,-1.1075670999842466,0.1233381485583855,1.380234667128388
19.239205837249756,0.44883085234413156,[0.42377348],5.0,0.6,0.0,-0.9599164542608312,0.10956879207606347,1.3813047151381053
19.249492645263672,0.4513710356617082,[0.42603969],5.0,0.6,0.0,-1.0262661424295882,0.12187223623228369,1.3787749226184922
19.2610342502594,0.45430201641275836,[0.42832721],5.0,0.6,0.0,-1.1366023036504094,0.10415341275132081,1.3728092157941216
19.2725613117218,0.4572329971638084,[0.43063533],5.0,0.6,0.0,-0.9504606512395672,0.11404842106448398,1.367394324259081
19.282448053359985,0.45977318048138505,[0.4329631],5.0,0.6,0.0,-0.9688528886611671,0.09863578733056586,1.3654006871578703
19.291346311569214,0.46211796508222514,[0.4353062],5.0,0.6,0.0,-0.7619459191561733,0.08762213736866432,1.365651304070178
19.304330348968506,0.4652443445500118,[0.4376576],5.0,0.6,0.0,-0.7886999378755115,0.07594346356108195,1.3583487842476245
19.314470052719116,0.4679799265843252,[0.4400145],5.0,0.6,0.0,-0.8761451319919275,0.09410289106233843,1.3546347785738424
19.32474970817566,0.47052010990190196,[0.44237766],5.0,0.6,0.0,-0.9560045561201596,0.08239132673619737,1.3528288254413678
19.335893154144287,0.4736464893696886,[0.4447477],5.0,0.6,0.0,-0.7307376573757141,0.09561884125738597,1.345778598051769
19.349026679992676,0.476968267554212,[0.4471284],5.0,0.6,0.0,-0.7172903012178966,0.10256212857417842,1.3364896153934236
19.358309984207153,0.4791176534383154,[0.44952285],5.0,0.6,0.0,-0.7659963518283175,0.08851657986276318,1.3388773630525947
19.366309642791748,0.4812670393224188,[0.45192383],5.0,0.6,0.0,-0.8162696935802107,0.05135190143669993,1.341311059904265
19.376996278762817,0.48361182392325885,[0.45432189],5.0,0.6,0.0,-1.1237388915025166,0.0777517030994415,1.341393747807792
19.388676166534424,0.4863474059575722,[0.45671555],5.0,0.6,0.0,-1.1660827811297296,0.06812765750056952,1.3379345002825014
19.39648962020874,0.488301393124939,[0.45910036],5.0,0.6,0.0,-1.1010179890832141,0.03605834691113894,1.3423076988039255
19.405006885528564,0.49045077900904227,[0.46146613],5.0,0.6,0.0,-1.276556055836242,0.04089299624615352,1.3441236361986866
19.414544820785522,0.4926001648931457,[0.46380764],5.0,0.6,0.0,-1.2048589780909835,0.04438245889183109,1.3461346059489356
19.423174142837524,0.4945541520605124,[0.46612386],5.0,0.6,0.0,-1.0527163208517587,0.047307727938323656,1.3499092828238974
19.432044744491577,0.4967035379446158,[0.46841399],5.0,0.6,0.0,-1.1669830557194263,0.048364035966619735,1.3510801928090435
19.442443132400513,0.49904832254545584,[0.47067742],5.0,0.6,0.0,-1.0552807788733087,0.047470416959051145,1.3504794560160198
19.45232653617859,0.5011977084295592,[0.47291366],5.0,0.6,0.0,-1.4314532628669727,0.04696058013677993,1.35062297156146
19.463133096694946,0.5035424930303992,[0.47512226],5.0,0.6,0.0,-1.6000328490592317,0.04469251698369884,1.348928713206377
19.472001314163208,0.5054964801977658,[0.47730273],5.0,0.6,0.0,-1.6505370065941318,0.043655418583895836,1.350991696454124
19.47998046875,0.5070596699316593,[0.4794517],5.0,0.6,0.0,-1.6336186420906385,0.017274807077721954,1.356627765111292
19.490322589874268,0.5092090558157627,[0.4815634],5.0,0.6,0.0,-1.5786012910413165,0.022330645003762768,1.3564012804829009
19.501429796218872,0.5115538404166027,[0.4836358],5.0,0.6,0.0,-1.7788645072098281,0.02359746106948497,1.3533089642008178
19.512169361114502,0.5135078275839694,[0.4856726],5.0,0.6,0.0,-1.7258933211852785,0.04834455834451873,1.3542370146689027
19.522958755493164,0.5156572134680728,[0.48767925],5.0,0.6,0.0,-1.5807344631449864,0.038966235316813015,1.3532293498075996
19.532528400421143,0.5174158019187027,[0.48965734],5.0,0.6,0.0,-1.4145025441855292,0.03203030770665471,1.3556936014411343
19.54202103614807,0.5191743903693328,[0.49160291],5.0,0.6,0.0,-1.5321334933608897,0.0033217052981120484,1.35721181564688
19.552976369857788,0.5211283775366995,[0.49351236],5.0,0.6,0.0,-1.424394444133303,0.025933488018928825,1.3570260381561277
19.563179969787598,0.5230823647040662,[0.49538721],5.0,0.6,0.0,-1.5235023011223339,0.01815474466844026,1.3560579728739615
19.573837757110596,0.5250363518714329,[0.49722856],5.0,0.6,0.0,-1.3760639817929685,0.010663834760259356,1.3553034265282724
19.582114934921265,0.5262087441718529,[0.49903282],5.0,0.6,0.0,-1.1607383065801875,-0.012837146622600167,1.3616826442669057
19.591448068618774,0.527967332622483,[0.50079689],5.0,0.6,0.0,-0.9505359213843774,0.00821072396326835,1.362063816820959
19.602434873580933,0.5295305223563763,[0.50252225],5.0,0.6,0.0,-1.0465536173833905,0.0024090858153698966,1.363438617983639
19.61235022544861,0.5308983133735331,[0.50421012],5.0,0.6,0.0,-1.210372173878672,-0.0017341702969217072,1.366139884491406
19.622434854507446,0.5318753069572164,[0.5058577],5.0,0.6,0.0,-1.3503726156330669,-0.02190342145873104,1.3720256238815411
19.631000995635986,0.5328523005408997,[0.50746272],5.0,0.6,0.0,-1.715937428798678,0.0011507618447701607,1.3768518250435673
19.63937735557556,0.5336338954078464,[0.50902534],5.0,0.6,0.0,-1.7880470462329976,-0.01772022432517381,1.3835567023579707
19.64696502685547,0.5340246928413197,[0.51054421],5.0,0.6,0.0,-2.2825834181318774,-0.010375332836678294,1.3917318942040755
19.656638383865356,0.5350016864250031,[0.51201851],5.0,0.6,0.0,-2.515749933611291,-0.0067856562214287704,1.3950545347848435
19.66622495651245,0.5353924838584764,[0.51344795],5.0,0.6,0.0,-3.142341437536576,-0.01823152781359616,1.4008834506662844
19.674973011016846,0.5357832812919499,[0.51483105],5.0,0.6,0.0,-3.186778585387769,-0.007421105996133488,1.4084418798609941
19.685349225997925,0.5363694774421598,[0.51617043],5.0,0.6,0.0,-3.5491543488241692,0.018284839630009434,1.4123507771060673
19.69350504875183,0.5365648761588965,[0.51747045],5.0,0.6,0.0,-3.3503883798827854,0.004945311992643168,1.4213891799078553
19.702018976211548,0.5367602748756332,[0.518732],5.0,0.6,0.0,-3.2445340063347095,0.01465796616693884,1.4292887561885081
19.712989568710327,0.5367602748756332,[0.5199564],5.0,0.6,0.0,-3.1497750894014356,0.02472285222760347,1.43776003389331
19.722388744354248,0.5371510723091065,[0.521147],5.0,0.6,0.0,-2.7627574429639177,0.03212229874678464,1.4444141700149316
19.731192588806152,0.5371510723091065,[0.52230551],5.0,0.6,0.0,-2.3220127491336076,0.022916314172384763,1.4528816231322894
19.741007089614868,0.5373464710258432,[0.52343396],5.0,0.6,0.0,-1.6438069252022909,0.053812705877190184,1.4600207108796666
19.749993562698364,0.5375418697425798,[0.52453636],5.0,0.6,0.0,-0.9982720408229648,0.041204275202037136,1.4659958717311603
19.758891820907593,0.5377372684593165,[0.52561488],5.0,0.6,0.0,-0.19789120284289685,0.052280819511800185,1.471008072490646
19.767993211746216,0.5381280658927898,[0.52667189],5.0,0.6,0.0,0.778690727093182,0.06107328247061753,1.4736415344328329
19.777024269104004,0.5383234646095265,[0.52770986],5.0,0.6,0.0,1.6171145532261306,0.05020739847410896,1.475779316461218
19.78782606124878,0.5385188633262632,[0.52873143],5.0,0.6,0.0,2.232345568330497,0.0835300602888698,1.47732770634251
19.797050714492798,0.5389096607597365,[0.52974117],5.0,0.6,0.0,2.9080648182725604,0.06836512387625818,1.4770724709464425
19.80899477005005,0.5394958569099465,[0.53074342],5.0,0.6,0.0,3.163939484845402,0.09853940773965997,1.477399155901231
19.822304725646973,0.5400820530601566,[0.53174642],5.0,0.6,0.0,3.4740790947850515,0.12178135364534126,1.4772954695319482
19.832058429718018,0.5404728504936299,[0.53275748],5.0,0.6,0.0,3.701076541462857,0.09920899551578179,1.4780717012409705
19.841472387313843,0.5410590466438399,[0.53377687],5.0,0.6,0.0,4.0897981378827,0.10426946216105354,1.4771525945842878
19.852671146392822,0.5418406415107866,[0.53480505],5.0,0.6,0.0,4.131621869866425,0.1084976914497222,1.4776019056811878
19.862985134124756,0.5424268376609965,[0.53584697],5.0,0.6,0.0,4.280256877665107,0.13544966321559743,1.4779248923563713
19.872372150421143,0.5432084325279433,[0.53690923],5.0,0.6,0.0,4.383681382262467,0.13330618023878005,1.4779932258065123
19.881059169769287,0.54399002739489,[0.53799301],5.0,0.6,0.0,4.124254912689677,0.10988966567770675,1.4803300839202236
19.892383098602295,0.5449670209785733,[0.53909476],5.0,0.6,0.0,4.299867119058019,0.11573960067437677,1.4795516085681362
19.90224051475525,0.5459440145622566,[0.54021615],5.0,0.6,0.0,3.97852033508335,0.14428349200304824,1.4818147134488828
19.911702156066895,0.54692100814594,[0.54136096],5.0,0.6,0.0,4.062543120509789,0.11859426131737585,1.4817001796494815
19.921308517456055,0.5478980017296233,[0.54252756],5.0,0.6,0.0,3.6603033412488744,0.1244914316019223,1.4843737429455583
19.930009841918945,0.5488749953133067,[0.54371458],5.0,0.6,0.0,3.4100272938019085,0.12964221220863095,1.4861065681526904
19.93957233428955,0.5502427863304634,[0.54492321],5.0,0.6,0.0,3.21531568948833,0.13204485027294455,1.486719533962074
19.94860553741455,0.5512197799141467,[0.54615444],5.0,0.6,0.0,3.036907252409426,0.13578081640708534,1.488063063898347
19.957011699676514,0.5523921722145668,[0.54740897],5.0,0.6,0.0,2.5851647915174794,0.13833930439132291,1.4900956357677655
19.966492652893066,0.5535645645149868,[0.54868729],5.0,0.6,0.0,2.3762562247076757,0.14039455335491538,1.4910680278138693
19.975960731506348,0.5549323555321435,[0.54998705],5.0,0.6,0.0,2.532756084468375,0.11586267891533053,1.4903682349453573
19.985948085784912,0.5564955452660368,[0.55130352],5.0,0.6,0.0,2.4707510515379374,0.12281456675634957,1.4900993934127673
19.994935989379883,0.5580587349999302,[0.55263518],5.0,0.6,0.0,2.3205193867992877,0.12769411965470504,1.4901418487654057
20.004226207733154,0.5594265260170869,[0.55398322],5.0,0.6,0.0,1.8665381705984818,0.13200977240507267,1.4915048590912945
20.012960195541382,0.5607943170342435,[0.55534856],5.0,0.6,0.0,1.6546459315364892,0.1351645376846294,1.492052398280685
20.022427797317505,0.5625529054848736,[0.55673188],5.0,0.6,0.0,1.5411101173565274,0.13550804120565832,1.4914811889401363
20.0343177318573,0.5645068926522403,[0.55813359],5.0,0.6,0.0,1.4623235552745122,0.1342941249896017,1.4903198145775733
20.04199767112732,0.5656792849526604,[0.55955124],5.0,0.6,0.0,1.1161094568216392,0.11076866707686811,1.4915911068824539
20.050941228866577,0.5672424746865538,[0.56098262],5.0,0.6,0.0,1.0122094165602165,0.14395819998600662,1.4914313552448695
20.059417724609375,0.5688056644204471,[0.56242835],5.0,0.6,0.0,0.7178906380087222,0.11630798475222653,1.49151546895108
20.067993640899658,0.5701734554376038,[0.56388348],5.0,0.6,0.0,0.4095629059964744,0.09643523243682511,1.4919936053882765
20.07896113395691,0.5723228413217071,[0.56534368],5.0,0.6,0.0,0.4264301648589263,0.1310690880480368,1.490170207152881
20.08745503425598,0.5736906323388637,[0.56681055],5.0,0.6,0.0,0.2636499099421957,0.10648519595556243,1.4905258175516773
20.09496760368347,0.5752538220727572,[0.56828264],5.0,0.6,0.0,0.0707876051034187,0.11362269250509031,1.4903238642757273
20.10393786430359,0.5770124105233871,[0.56975855],5.0,0.6,0.0,-0.09596673315211898,0.11735300782715537,1.4895246320907183
20.113505840301514,0.5791617964074907,[0.57123964],5.0,0.6,0.0,0.05455897857720472,0.11728547796655496,1.4875241277255193
20.12205696105957,0.5807249861413839,[0.57272429],5.0,0.6,0.0,0.0019559137514656502,0.09308633698951269,1.4872793797447517
20.13140845298767,0.5826789733087506,[0.57421099],5.0,0.6,0.0,-0.1060835057731308,0.12449883069666742,1.4857526086919004
20.141444444656372,0.5850237579095907,[0.5757035],5.0,0.6,0.0,-0.2101729397317845,0.1186347208885134,1.4827437324243267
20.150198936462402,0.5867823463602206,[0.57720229],5.0,0.6,0.0,-0.5667297702879716,0.09080935040400542,1.4815729020133177
20.158955097198486,0.5885409348108508,[0.57870238],5.0,0.6,0.0,-0.6539961878207741,0.09545064034247806,1.4805084561501272
20.16821837425232,0.5904949219782174,[0.58020203],5.0,0.6,0.0,-0.906160878453631,0.09732935720589267,1.4784232942999485
20.17630100250244,0.5924489091455841,[0.58169972],5.0,0.6,0.0,-0.876599231584329,0.07244816855792259,1.4765842474336126
20.185038328170776,0.5940120988794776,[0.58319155],5.0,0.6,0.0,-0.7514192261655058,0.0809608770719731,1.476435060693444
20.19342613220215,0.5959660860468443,[0.58467676],5.0,0.6,0.0,-0.8862556392879777,0.08481170019051547,1.4742480181504698
20.202953577041626,0.5979200732142109,[0.58615474],5.0,0.6,0.0,-0.7925249933373609,0.06144145937322159,1.4722277424533796
20.21255612373352,0.5998740603815778,[0.58762497],5.0,0.6,0.0,-0.6334942771757939,0.09360090692616617,1.4701390711027016
20.222333431243896,0.6020234462656809,[0.58909209],5.0,0.6,0.0,-0.752089202829578,0.09009694576039985,1.466688201257798
20.231002807617188,0.6035866359995743,[0.59055754],5.0,0.6,0.0,-0.9285214788397013,0.06469090395713481,1.4659770649293464
20.240989208221436,0.6057360218836778,[0.59202006],5.0,0.6,0.0,-1.0789129914765596,0.09264273385258613,1.4622077295891471
20.250011444091797,0.6078854077677811,[0.5934811],5.0,0.6,0.0,-1.1793980350085422,0.06293770270057716,1.4583179962959556
20.25848412513733,0.6098393949351478,[0.59493947],5.0,0.6,0.0,-1.2305682607975394,0.06619875572112213,1.4554437846268347
20.26797890663147,0.6117933821025145,[0.59639425],5.0,0.6,0.0,-1.241369953243813,0.06811994376816063,1.4525346261086576
20.277519941329956,0.6137473692698813,[0.5978473],5.0,0.6,0.0,-1.2222242169500523,0.06901362313741996,1.4495837862065617
20.285635948181152,0.6153105590037747,[0.59929775],5.0,0.6,0.0,-1.1824064078943821,0.04573679907758251,1.448971088875121
20.293954372406006,0.616873748737668,[0.60074248],5.0,0.6,0.0,-1.129308698235225,0.054678816321003625,1.4483390194402124
20.30376696586609,0.6190231346217714,[0.60218155],5.0,0.6,0.0,-1.3445100807168202,0.05863537733229574,1.443507400255643
20.313096523284912,0.6205863243556646,[0.60361785],5.0,0.6,0.0,-1.3130430275489777,0.06352023735774658,1.4427590779301414
20.32205581665039,0.622149514089558,[0.60505398],5.0,0.6,0.0,-1.4684093215519871,0.067349153458013,1.4416215147482991
20.332375288009644,0.6242988999736614,[0.60649238],5.0,0.6,0.0,-1.3607570859461582,0.06742960165919941,1.437177916825866
20.340312719345093,0.6256666909908181,[0.60793257],5.0,0.6,0.0,-1.44857608321874,0.04469333036289189,1.437477975976577
20.348037004470825,0.6272298807247115,[0.60937166],5.0,0.6,0.0,-1.2892299353190406,0.05417988281508614,1.4369726429005254
20.355936288833618,0.6287930704586048,[0.6108073],5.0,0.6,0.0,-1.3411399792296401,0.034481422909294034,1.4360137375314999
20.36532163619995,0.6307470576259715,[0.61223764],5.0,0.6,0.0,-1.1590795691307387,0.04567638080674586,1.4327760093239537
20.374956846237183,0.6325056460766015,[0.61366683],5.0,0.6,0.0,-1.1984015556086365,0.08048893676283404,1.4304124235122904
20.386668920516968,0.6348504306774417,[0.61510398],5.0,0.6,0.0,-1.0111183180075065,0.07573362876078969,1.4242183534595065
20.395408630371094,0.6362182216945983,[0.61655131],5.0,0.6,0.0,-1.0503569532597923,0.04940593488240399,1.4247383440346155
20.40617346763611,0.6383676075787017,[0.6180051],5.0,0.6,0.0,-0.8664376477551061,0.053581175049353946,1.4198604435875775
20.41493511199951,0.6397353985958584,[0.61946765],5.0,0.6,0.0,-0.911247261278134,0.08510893633786369,1.4205101738537311
20.42445945739746,0.641689385763225,[0.62094346],5.0,0.6,0.0,-1.0102587930234246,0.05312980818085281,1.4167628633864977
20.434386253356934,0.643447974213855,[0.62243057],5.0,0.6,0.0,-0.8197496862096961,0.055851782937919967,1.4149438451509084
20.44497847557068,0.6454019613812219,[0.62392696],5.0,0.6,0.0,-0.8384130275187802,0.0562235472882555,1.41136768577656
20.455253839492798,0.6475513472653252,[0.62543332],5.0,0.6,0.0,-0.6347845462656856,0.054114236909315536,1.4064927973719685
20.465423822402954,0.6491145369992186,[0.62694982],5.0,0.6,0.0,-0.39065009503052067,0.05389582629583453,1.4063042222610862
20.475768566131592,0.6508731254498485,[0.62847618],5.0,0.6,0.0,-0.17517046605544115,0.051944838762142495,1.4045208773002027
20.48540496826172,0.652436315183742,[0.6300117],5.0,0.6,0.0,-0.2837951334394102,0.05067820321596504,1.404259424437805
20.493353605270386,0.653608707484162,[0.63155537],5.0,0.6,0.0,-0.19669879616810929,0.05101717185662154,1.4072822674521333
20.50358748435974,0.6555626946515287,[0.63310595],5.0,0.6,0.0,-0.336806573603966,0.047423902086147066,1.4039742219578035
20.51326084136963,0.6571258843854221,[0.63466204],5.0,0.6,0.0,-0.519411919379519,0.0458717314700335,1.4038001559465592
20.52296280860901,0.6586890741193153,[0.63622213],5.0,0.6,0.0,-0.6747735234304881,0.04438350622228868,1.4036369806792681
20.533185482025146,0.6600568651364721,[0.63778474],5.0,0.6,0.0,-0.5077082959166067,0.04399621777428382,1.4053611362347973
20.541935682296753,0.6616200548703655,[0.63934604],5.0,0.6,0.0,-0.5385098819941747,0.019267745382476123,1.4053219042785363
20.551923513412476,0.6631832446042588,[0.64090272],5.0,0.6,0.0,-0.6207101621095447,0.04878136155398795,1.405198462572971
20.559902667999268,0.6643556369046788,[0.64245438],5.0,0.6,0.0,-0.4203558868591695,0.024920197736629516,1.4083933790679501
20.570208311080933,0.6661142253553088,[0.64399838],5.0,0.6,0.0,-0.16204208643626555,0.028763516293906336,1.4067906096652885
20.578972339630127,0.6672866176557288,[0.64553256],5.0,0.6,0.0,-0.20823879562964603,0.03457300534598854,1.40966099363771
20.589367151260376,0.6688498073896222,[0.64705772],5.0,0.6,0.0,-0.3412116486251273,0.03771965488473672,1.4093053632182184
20.596956253051758,0.670217598406779,[0.64857234],5.0,0.6,0.0,-0.19672867839357022,0.01674582370755807,1.4105239297386816
20.606924295425415,0.6715853894239355,[0.65007296],5.0,0.6,0.0,-0.5400726726435807,0.026874849993256532,1.4113802071058317
20.618934869766235,0.6733439778745656,[0.65156186],5.0,0.6,0.0,-0.6927423587986834,0.05700775954502438,1.4091139077650514
20.631443738937378,0.6749071676084589,[0.65304876],5.0,0.6,0.0,-0.7466947690722435,0.07911650087459302,1.4084507663215782
20.64069366455078,0.6760795599088789,[0.6545397],5.0,0.6,0.0,-0.7496489213310342,0.04989723504638507,1.4109639051064
20.65100860595703,0.6774473509260357,[0.65603251],5.0,0.6,0.0,-0.7266245585239863,0.053040491847081,1.411968524776942
20.660942792892456,0.6786197432264557,[0.65752558],5.0,0.6,0.0,-0.6908902480967469,0.05743226834120201,1.4144970244748407
20.672690629959106,0.6803783316770857,[0.65902307],5.0,0.6,0.0,-0.6495621705398309,0.08383441955583351,1.4125125196772126
20.684942722320557,0.6819415214109791,[0.66053419],5.0,0.6,0.0,-0.33045212897783344,0.10371382158105687,1.4123388377697843
20.695125579833984,0.683309312428136,[0.6620643],5.0,0.6,0.0,0.021438222644769828,0.07045081398317948,1.4136840315041967
20.703916311264038,0.6844817047285559,[0.66360709],5.0,0.6,0.0,0.31676740862686636,0.046538822147272674,1.4164649906853946
20.713944911956787,0.6856540970289758,[0.6651574],5.0,0.6,0.0,0.5339701450325832,0.08452713290825813,1.419197991607591
20.723315238952637,0.6870218880461326,[0.66671948],5.0,0.6,0.0,0.6783400030172275,0.08557842144832159,1.4205265370019187
20.730940341949463,0.6879988816298159,[0.66829418],5.0,0.6,0.0,0.7636873210969979,0.06159022805215226,1.424849576550714
20.739951610565186,0.689171273930236,[0.66987661],5.0,0.6,0.0,0.8046491430390843,0.07265307998940589,1.4277658580716062
20.751766443252563,0.6911252610976026,[0.67146877],5.0,0.6,0.0,0.8138802993393863,0.10545121332980839,1.425141955765491
20.7620530128479,0.6924930521147594,[0.67307544],5.0,0.6,0.0,0.8013736980138878,0.0769889022215412,1.4268865369888306
20.771339416503906,0.693860843131916,[0.67469477],5.0,0.6,0.0,0.7746273086085441,0.08529224254150049,1.4287197380090846
20.779025554656982,0.6950332354323361,[0.67632539],5.0,0.6,0.0,1.015120353403924,0.093301175950385,1.4316304096886188
20.78916573524475,0.6967918238829661,[0.6779693],5.0,0.6,0.0,1.0077510135812546,0.09736241262365992,1.4308392339970324
20.79795479774475,0.6979642161833861,[0.67962515],5.0,0.6,0.0,1.1859155079935788,0.07416978923173986,1.4339022776204233
20.805962324142456,0.6993320072005428,[0.68129201],5.0,0.6,0.0,1.099701297316642,0.11682312368769165,1.4360852658568546
20.815232276916504,0.7008951969344361,[0.68297235],5.0,0.6,0.0,1.2075797877404608,0.08862706084614054,1.4366902307098188
20.822903394699097,0.7020675892348561,[0.68466507],5.0,0.6,0.0,1.0669298976066337,0.10053257420270673,1.4403816665475861
20.83172607421875,0.7032399815352761,[0.68636935],5.0,0.6,0.0,1.1362125489660777,0.11035668512354313,1.4437060953522525
20.840884923934937,0.7044123738356962,[0.6880845],5.0,0.6,0.0,0.9702568646617953,0.0879787860013915,1.4473763767015855
20.849027633666992,0.7057801648528529,[0.68980669],5.0,0.6,0.0,0.7484429339156411,0.10325364349671316,1.4498329768129175
20.859030961990356,0.7073433545867464,[0.69153614],5.0,0.6,0.0,0.817844339128653,0.11413923663940027,1.4507568939267943
20.866950273513794,0.7087111456039029,[0.69327312],5.0,0.6,0.0,0.6819783237818522,0.09202969695266654,1.4531055897685266
20.87700319290161,0.7100789366210597,[0.69501454],5.0,0.6,0.0,0.7736853617239754,0.10890664657559108,1.4551820006657046
20.887832164764404,0.7118375250716897,[0.69676492],5.0,0.6,0.0,0.9119623612754306,0.14985630626937754,1.4549613642000823
20.899409532546997,0.7137915122390565,[0.69853518],5.0,0.6,0.0,0.7519803505363336,0.1484920485541863,1.4540949832979932
20.908840894699097,0.7155501006896864,[0.70033113],5.0,0.6,0.0,0.7933701159963567,0.14837467271342797,1.4542648216017575
20.916912317276,0.7169178917068433,[0.7021541],5.0,0.6,0.0,0.8822170965631378,0.15074584120144444,1.4567635949099629
20.927147150039673,0.7188718788742098,[0.70400507],5.0,0.6,0.0,0.9588777689278283,0.15076148708593612,1.4560743794006616
20.935110092163086,0.7202396698913666,[0.70588109],5.0,0.6,0.0,1.0055423890750412,0.12282261418072982,1.4588526477085
20.94291114807129,0.7218028596252599,[0.70777586],5.0,0.6,0.0,1.2976538535900424,0.1342389199598943,1.4601609263004254
20.953899145126343,0.7239522455093631,[0.7096913],5.0,0.6,0.0,1.321687817811851,0.16990885324495544,1.4588425320983223
20.964078664779663,0.7261016313934666,[0.71163255],5.0,0.6,0.0,1.5150124796020432,0.13523552095080174,1.4572879368295646
20.972254037857056,0.72766482112736,[0.71359266],5.0,0.6,0.0,1.4318985508352242,0.11069337600367136,1.4596449222911756
20.979933738708496,0.7294234095779901,[0.71556187],5.0,0.6,0.0,1.258380259764682,0.1263747047627508,1.461123179068623
20.98941683769226,0.73176819417883,[0.71753932],5.0,0.6,0.0,1.3496580358973065,0.1347046320575741,1.4589625257373386
20.996968507766724,0.73352678262946,[0.7195279],5.0,0.6,0.0,1.2166231120946565,0.14271505439084547,1.4604637872901152
21.008938550949097,0.7360669659470368,[0.72152997],5.0,0.6,0.0,1.2980750167689281,0.1445199923614926,1.457363137410133
21.018694400787354,0.7384117505478769,[0.72354731],5.0,0.6,0.0,1.417538918123395,0.1455450629058685,1.4552782727284912
21.027043342590332,0.7401703389985068,[0.72557744],5.0,0.6,0.0,1.2334957144554124,0.11689519523639538,1.4571723860085504
21.035964250564575,0.7423197248826102,[0.72761799],5.0,0.6,0.0,0.9718894830936047,0.15702847466105854,1.4569901961571499
21.04418706893921,0.7444691107667136,[0.72967039],5.0,0.6,0.0,0.7233504669760595,0.12401610340468805,1.456755601699707
21.052014350891113,0.7462276992173437,[0.73173186],5.0,0.6,0.0,0.5175613016257942,0.13221514860447242,1.4586456068982954
21.06298542022705,0.7487678825349204,[0.73379969],5.0,0.6,0.0,0.3584267940195746,0.13393414110917937,1.4560841192568144
21.073498010635376,0.7515034645692338,[0.73587486],5.0,0.6,0.0,0.5162878808025693,0.13268230007421955,1.452124967032739
21.081204414367676,0.7536528504533371,[0.73795432],5.0,0.6,0.0,0.4639941282418685,0.10229733328406238,1.451745941916236
21.089982748031616,0.7558022363374406,[0.74003511],5.0,0.6,0.0,0.3483984008600812,0.14075609157447702,1.4514050294194327
21.099918365478516,0.7585378183717539,[0.74211803],5.0,0.6,0.0,0.23020184497811053,0.10501971477383718,1.4474666679659896
21.108072757720947,0.7604918055391207,[0.7441966],5.0,0.6,0.0,0.13086274579697457,0.08011030269736123,1.4482660258161106
21.117988109588623,0.763227387573434,[0.74626511],5.0,0.6,0.0,-0.22113853611033135,0.1204691695798588,1.444044185002694
21.127695083618164,0.7657675708910107,[0.74832894],5.0,0.6,0.0,-0.3089247751811208,0.1178605840283627,1.440920486704027
21.136224508285522,0.7677215580583774,[0.75038912],5.0,0.6,0.0,-0.5672856474115706,0.08786156985306617,1.4414471991064077
21.14692497253418,0.7704571400926907,[0.75243964],5.0,0.6,0.0,-0.5486371983480459,0.09230733149840153,1.4369127151594818
21.157938718795776,0.7731927221270041,[0.75448202],5.0,0.6,0.0,-0.4377513067697128,0.12237167612617042,1.432234355735546
21.168171405792236,0.7757329054445808,[0.7565242],5.0,0.6,0.0,-0.5890186220989525,0.1150823062258455,1.4286040146210308
21.17609405517578,0.7776868926119475,[0.75856615],5.0,0.6,0.0,-0.7888902566747042,0.08283539702706137,1.4290257261797783
21.184926986694336,0.779836278496051,[0.76060448],5.0,0.6,0.0,-0.9569701883983539,0.11634786242071563,1.4280160536738689
21.19398593902588,0.7823764618136277,[0.7626396],5.0,0.6,0.0,-1.0713943625153501,0.08110100338042801,1.4241950639496017
21.20285964012146,0.7847212464144676,[0.76466532],5.0,0.6,0.0,-1.1339440572506057,0.05421481273870875,1.4217465999173082
21.21196484565735,0.7870660310153078,[0.76667653],5.0,0.6,0.0,-1.1542983989382072,0.09530433908649084,1.419225580181727
21.2223002910614,0.7898016130496212,[0.76867892],5.0,0.6,0.0,-1.1433469312365587,0.09215452870165068,1.4136596672501347
21.230908155441284,0.7917556002169878,[0.77067416],5.0,0.6,0.0,-1.1106756086000609,0.06289098493454662,1.414032922125693
21.238965272903442,0.7937095873843545,[0.77265721],5.0,0.6,0.0,-1.0638899366722385,0.07196877043217532,1.4143326577644044
21.2487952709198,0.7962497707019311,[0.77462729],5.0,0.6,0.0,-1.2847204023775776,0.07590350332620056,1.409505133313252
21.256895780563354,0.798203757869298,[0.77658393],5.0,0.6,0.0,-1.2583104714095565,0.05015067914510824,1.4095758980483657
21.266883850097656,0.8007439411868746,[0.77852695],5.0,0.6,0.0,-1.4182456536183639,0.08947452255631992,1.4045022740459192
21.277867794036865,0.8036749219379247,[0.78046302],5.0,0.6,0.0,-1.314738970128336,0.08472939489999641,1.3965593729533137
21.28919768333435,0.8062151052555014,[0.78239789],5.0,0.6,0.0,-1.1302934081048548,0.08158444418850562,1.3917969973297333
21.296938180923462,0.8083644911396048,[0.78432984],5.0,0.6,0.0,-1.2173050227594886,0.05081839948110665,1.3897893977266427
21.3068950176239,0.8109046744571815,[0.78625742],5.0,0.6,0.0,-1.084547621568325,0.08540645770891747,1.3847184853018368
21.31736183166504,0.8132494590580216,[0.78818603],5.0,0.6,0.0,-1.1692722917209788,0.0811046965558941,1.3809199391739466
21.32823634147644,0.8157896423755981,[0.79012018],5.0,0.6,0.0,-1.2938972340166943,0.0761485143790509,1.3752853487239989
21.337024450302124,0.817743629542965,[0.79205691],5.0,0.6,0.0,-1.1161261984193813,0.04527258279874152,1.3754482792940004
21.34687829017639,0.8202838128605418,[0.7939936],5.0,0.6,0.0,-1.1374050000016598,0.07798420958492866,1.3699318676908603
21.35628914833069,0.822433198744645,[0.79593437],5.0,0.6,0.0,-0.929047657176454,0.07336439517523248,1.3683357823181608
21.36514639854431,0.8243871859120117,[0.79787927],5.0,0.6,0.0,-0.9512251587813715,0.04177928274774295,1.3682210736201892
21.375956058502197,0.8267319705128519,[0.79982165],5.0,0.6,0.0,-0.7559680934038329,0.04550879553915587,1.3647414744119784
21.38489603996277,0.8286859576802185,[0.80175889],5.0,0.6,0.0,-0.79476268243744,0.049002949663395266,1.3645407404951153
21.393897533416748,0.8306399448475852,[0.80369172],5.0,0.6,0.0,-0.6159754204071596,0.05051925641356508,1.3645311645182794
21.402929067611694,0.8323985332982152,[0.80562041],5.0,0.6,0.0,-0.6697430367538816,0.0514386208194331,1.3660618571106204
21.413954496383667,0.834938716615792,[0.80754479],5.0,0.6,0.0,-0.7801405603910637,0.047694662657992874,1.3601815612161625
21.42434287071228,0.8370881024998954,[0.80946424],5.0,0.6,0.0,-0.6023973382813378,0.044059818573053966,1.3581896172534473
21.43196988105774,0.8386512922337885,[0.81137487],5.0,0.6,0.0,-0.6344535998612183,0.016750902466337685,1.3614413364507167
21.440906286239624,0.840800678117892,[0.8132728],5.0,0.6,0.0,-0.7203611622906596,0.04505100807307967,1.3589828851100139
21.452878713607788,0.843145462718732,[0.81515968],5.0,0.6,0.0,-0.7986420727845686,0.03641540644086591,1.3545365207143438
21.46358299255371,0.8452948486028355,[0.81703626],5.0,0.6,0.0,-0.8500101234879969,0.028457078400746284,1.351853752007143
21.4722158908844,0.8470534370534655,[0.81889737],5.0,0.6,0.0,-0.8727521822234023,-0.00045426539641133196,1.3528111799869569
21.48038411140442,0.8488120255040955,[0.82073576],5.0,0.6,0.0,-0.8714826541986467,0.0010472510861252804,1.3535791241100597
21.489601850509644,0.8505706139547256,[0.82254739],5.0,0.6,0.0,-0.8522648137114939,0.0004978916882656979,1.354112168010855
21.50005578994751,0.8521338036886189,[0.82433086],5.0,0.6,0.0,-1.0967301882180833,-0.0004513275335650607,1.3558625884154976
21.510002851486206,0.8536969934225123,[0.82608467],5.0,0.6,0.0,-1.3664923745378583,-0.0022878742092020737,1.3571810738040715
21.52039122581482,0.8552601831564056,[0.8278093],5.0,0.6,0.0,-1.5767474103662191,0.01486525813679714,1.358249633508375
21.5289466381073,0.856237176740089,[0.82950496],5.0,0.6,0.0,-1.9850100776832607,-0.009714893370799678,1.363896895900465
21.536887884140015,0.8570187716070357,[0.83116786],5.0,0.6,0.0,-2.355641174617247,-0.006420455622478914,1.3707790817754943
21.548970222473145,0.857995765190719,[0.83279484],5.0,0.6,0.0,-2.8915056630536844,-0.003935666204565429,1.3745331917048949
21.55836582183838,0.8587773600576656,[0.83438541],5.0,0.6,0.0,-3.3440629827943464,-0.00046518343053967616,1.3795580477947753
21.56700086593628,0.8593635562078759,[0.83593759],5.0,0.6,0.0,-3.919719107349377,-0.014674689062308914,1.3847462205099228
21.576884031295776,0.8599497523580858,[0.83745015],5.0,0.6,0.0,-4.102563394422328,0.014726469133447344,1.391336963744895
21.587143421173096,0.860340549791559,[0.83892619],5.0,0.6,0.0,-4.350989454227776,0.019633055906261097,1.3984695797436888
21.597416400909424,0.8605359485082957,[0.84036887],5.0,0.6,0.0,-4.52112002003935,0.026161898185651785,1.406891448131141
21.605859994888306,0.8607313472250324,[0.8417777],5.0,0.6,0.0,-4.30342282936152,0.013790711671643537,1.417074671025963
21.616320848464966,0.8609267459417691,[0.84315289],5.0,0.6,0.0,-3.9505664933705305,0.04657264291882797,1.4272887176429352
21.624985933303833,0.8611221446585058,[0.84449712],5.0,0.6,0.0,-3.573824818506603,0.03309132668676002,1.4368039879421903
21.633967876434326,0.8613175433752424,[0.84581136],5.0,0.6,0.0,-2.666010365570256,0.04555888027675628,1.447786579245967
21.6429123878479,0.861512942091979,[0.84709713],5.0,0.6,0.0,-1.7276830997656516,0.057059023520848975,1.4570717697026943
21.65342116355896,0.8619037395254524,[0.8483584],5.0,0.6,0.0,-0.9370806915231669,0.06683838741838533,1.4633166098600365
21.661527633666992,0.8619037395254524,[0.84959707],5.0,0.6,0.0,-0.0569768170047914,0.05587629940880639,1.4701609298207177
21.668892860412598,0.8622945369589258,[0.85081328],5.0,0.6,0.0,0.9614488749786558,0.07038071467545166,1.4732929829916475
21.677164554595947,0.8624899356756623,[0.85200989],5.0,0.6,0.0,1.8193759242092664,0.08380463464692278,1.4758152170106502
21.685893058776855,0.8628807331091358,[0.85318983],5.0,0.6,0.0,2.440783760029142,0.07143850858307689,1.4769774803895108
21.695817708969116,0.8632715305426091,[0.85435623],5.0,0.6,0.0,2.838675515204631,0.11089093175364675,1.4782665528061916
21.70517921447754,0.8636623279760824,[0.85551447],5.0,0.6,0.0,3.330969912425505,0.09408235127198442,1.478618688234253
21.713857889175415,0.8640531254095558,[0.8566672],5.0,0.6,0.0,3.7201543859639186,0.1071754372437819,1.4789521698957153
21.722763299942017,0.8646393215597659,[0.85781711],5.0,0.6,0.0,3.9575505614727247,0.11747686825746768,1.479210604293892
21.73088836669922,0.8650301189932391,[0.85896671],5.0,0.6,0.0,4.053475024931641,0.10223720521108202,1.480591372158314
21.74084210395813,0.8658117138601857,[0.86011593],5.0,0.6,0.0,4.313016608432804,0.11575263189240971,1.4798751913392567
21.749934196472168,0.8663979100103958,[0.86126745],5.0,0.6,0.0,4.248135444742477,0.1274261194084311,1.4814944369552538
21.75855779647827,0.8671795048773426,[0.86242621],5.0,0.6,0.0,4.3161783118994155,0.13575586337552328,1.4818142420485976
21.769294023513794,0.8681564984610259,[0.86359651],5.0,0.6,0.0,4.086262072807889,0.14163487717187173,1.483573511733118
21.777052402496338,0.8687426946112359,[0.86478207],5.0,0.6,0.0,4.03109030173674,0.14813875045569014,1.4849164758824873
21.78572130203247,0.869915086911656,[0.86598334],5.0,0.6,0.0,4.270334161929489,0.12505643605732533,1.483520957308937
21.794851541519165,0.8708920804953393,[0.867198],5.0,0.6,0.0,3.9556027926521002,0.13558202808997197,1.4857616129531923
21.803856134414673,0.8720644727957593,[0.8684266],5.0,0.6,0.0,4.026899845493544,0.14229029699943382,1.485430088811655
21.813286781311035,0.8730414663794427,[0.86967209],5.0,0.6,0.0,3.8845904523927945,0.14804005158299202,1.4866242472562756
21.821849584579468,0.8742138586798627,[0.87093415],5.0,0.6,0.0,3.6539234829590788,0.1255837863431469,1.488010530059141
21.832749128341675,0.875777048413756,[0.87221229],5.0,0.6,0.0,3.670823376021729,0.15874856469141213,1.487530917418522
21.8429913520813,0.8771448394309127,[0.87351114],5.0,0.6,0.0,3.444140578935368,0.15726014765519533,1.4886100818534869
21.85115623474121,0.8779264342978594,[0.87483166],5.0,0.6,0.0,3.140764200120194,0.13331016927361372,1.4907968982394657
21.860864400863647,0.8794896240317529,[0.87617166],5.0,0.6,0.0,2.8326448295617963,0.16288289429723118,1.491863198081971
21.87142586708069,0.8812482124823828,[0.87753408],5.0,0.6,0.0,2.5475491581134135,0.15728521873816653,1.4924369487999511
21.879329442977905,0.8824206047828028,[0.87891841],5.0,0.6,0.0,2.0174263457776305,0.13051062115831874,1.4945293701830131
21.88784670829773,0.8837883957999594,[0.88031857],5.0,0.6,0.0,2.036995731627923,0.13473694058055244,1.4945157057255303
21.896110773086548,0.8851561868171162,[0.88173161],5.0,0.6,0.0,1.653327153845691,0.1374228607681552,1.4956265303704859
21.905629634857178,0.8867193765510096,[0.8831547],5.0,0.6,0.0,1.4689114153849216,0.11328818474109255,1.495858232641615
21.914828538894653,0.8884779650016396,[0.88458266],5.0,0.6,0.0,1.366067144508601,0.11880204291993605,1.4955826858298282
21.92465901374817,0.8904319521690063,[0.88601325],5.0,0.6,0.0,1.292636491926895,0.12049956216835561,1.4948603527082
21.93360161781311,0.8923859393363729,[0.8874468],5.0,0.6,0.0,1.5031555702021104,0.11994566366550044,1.4934537405655275
21.944141626358032,0.8945353252204764,[0.88888329],5.0,0.6,0.0,1.1949932507411842,0.11727706329011801,1.4925693942481832
21.954926252365112,0.8966847111045797,[0.89032247],5.0,0.6,0.0,1.0400648025765573,0.11379649983405972,1.4911324718703125
21.965190172195435,0.8986386982719464,[0.89176391],5.0,0.6,0.0,0.6753949288110491,0.11062951675553744,1.4902525533269273
21.972922801971436,0.900592685439313,[0.89320476],5.0,0.6,0.0,0.3043708528717702,0.08438128010147167,1.4890741073819647
21.98249101638794,0.9023512738899433,[0.89464246],5.0,0.6,0.0,-0.0018571519734673358,0.11147008836068592,1.4881851953185214
21.993709802627563,0.9048914572075198,[0.89607716],5.0,0.6,0.0,-0.2290152151821382,0.08078983117378917,1.4845427055946303
22.00508999824524,0.9070408430916233,[0.89750894],5.0,0.6,0.0,-0.38480454259200175,0.10408980285273016,1.481882457609017
22.01284646987915,0.90899483025899,[0.89893785],5.0,0.6,0.0,-0.48339551035569006,0.07557183096472422,1.479800740236625
22.023839235305786,0.9111442161430933,[0.90036397],5.0,0.6,0.0,-0.539035576313935,0.09831487622143234,1.4768090636748323
22.032943725585938,0.91309820331046,[0.9017897],5.0,0.6,0.0,-0.8398437721216654,0.09227060900584716,1.474223059541695
22.04093098640442,0.9146613930443533,[0.90321478],5.0,0.6,0.0,-0.8763260635933511,0.06613815844185825,1.473564028060938
22.049856424331665,0.9164199814949833,[0.90463451],5.0,0.6,0.0,-1.0862862254047472,0.06944434599535172,1.4717252094274638
22.061222553253174,0.91896016481256,[0.90604965],5.0,0.6,0.0,-1.299178396016484,0.09050972578221878,1.4659584001000365
22.069260358810425,0.9207187532631901,[0.90746327],5.0,0.6,0.0,-1.4569750202935117,0.062393621852320204,1.4638910030398398
22.0770046710968,0.9222819429970835,[0.90887345],5.0,0.6,0.0,-1.5495658197946285,0.06584186422793961,1.4628970295320018
22.08986806869507,0.9250175250313969,[0.91027877],5.0,0.6,0.0,-1.5849733019751326,0.0627522263189084,1.4556175167842536
22.10179567337036,0.9275577083489737,[0.91168286],5.0,0.6,0.0,-1.5762206547404363,0.08287722726729835,1.4490009404549653
22.11184000968933,0.9295116955163404,[0.91308897],5.0,0.6,0.0,-1.2599584412730453,0.05230239899690041,1.4463074970440937
22.120845556259155,0.931465682683707,[0.91449519],5.0,0.6,0.0,-1.165686826420946,0.05327155643118424,1.443017415052522
22.128830671310425,0.9328334737008638,[0.91590005],5.0,0.6,0.0,-1.146819549227803,0.056703003748994674,1.443287178280009
22.14087176322937,0.9351782583017039,[0.91730733],5.0,0.6,0.0,-1.4180937765154926,0.078368691845489,1.4366284167751817
22.150946855545044,0.9371322454690706,[0.91872031],5.0,0.6,0.0,-1.7142343397432125,0.047553020868229316,1.4322647443872896
22.161240100860596,0.9390862326364372,[0.92013696],5.0,0.6,0.0,-1.6655059843746942,0.048732645045177526,1.4286424246830842
22.17088294029236,0.9410402198038039,[0.92155813],5.0,0.6,0.0,-1.7710405126043964,0.07328733300049714,1.4245698248317988
22.182328939437866,0.9431896056879073,[0.92298954],5.0,0.6,0.0,-1.6089052831591524,0.06549630647133857,1.4197094306115006
22.19095015525818,0.9447527954218007,[0.92443102],5.0,0.6,0.0,-1.6481175816179339,0.037531922906099746,1.4187061465940778
22.199937105178833,0.9463159851556939,[0.92587738],5.0,0.6,0.0,-1.4488976766965518,0.042017877821925835,1.4182872894106826
22.208966493606567,0.948074573606324,[0.92732669],5.0,0.6,0.0,-1.4694059717802004,0.04444073144205377,1.415902435096881
22.218034982681274,0.9496377633402174,[0.92877982],5.0,0.6,0.0,-1.263098939859467,0.04665498696703111,1.4154810239811317
22.226873874664307,0.9512009530741107,[0.93023496],5.0,0.6,0.0,-1.2838368811086562,0.023248833399359615,1.414613650895784
22.2398681640625,0.9533503389582141,[0.93169052],5.0,0.6,0.0,-1.3583370523078928,0.05307666784767419,1.4090663081257875
22.25083637237549,0.9556951235590542,[0.93315262],5.0,0.6,0.0,-1.4196935843954748,0.07102556316150752,1.4018629816286707
22.26248288154602,0.9576491107264208,[0.93462876],5.0,0.6,0.0,-1.4481238005797876,0.06089778329669839,1.3978774319614726
22.27107858657837,0.9592123004603142,[0.93611752],5.0,0.6,0.0,-1.4431725163612328,0.030936331962196875,1.3972708640440064
22.279873371124268,0.9607754901942076,[0.93761249],5.0,0.6,0.0,-1.1350567031394485,0.03307440043494893,1.3972935962303357
22.28940224647522,0.9623386799281008,[0.93911052],5.0,0.6,0.0,-1.0502815953318128,0.03452808060894165,1.3968884179437402
22.296958208084106,0.9637064709452576,[0.94060887],5.0,0.6,0.0,-1.0409260860069705,0.01212640805326601,1.3979894660788834
22.307836771011353,0.965269660679151,[0.94210505],5.0,0.6,0.0,-0.7691037614545311,0.043092191325286966,1.3977982191761253
22.317678213119507,0.9666374516963077,[0.94360176],5.0,0.6,0.0,-0.7312224786050194,0.042134136700034144,1.398911151397837
22.328217029571533,0.9683960401469377,[0.94510119],5.0,0.6,0.0,-0.7670929851819561,0.03952973919090622,1.3967141266510135
22.336915254592896,0.9695684324473578,[0.94660027],5.0,0.6,0.0,-0.8106910558824625,0.016583065310178672,1.3993789163639057
22.347824335098267,0.971131622181251,[0.94809642],5.0,0.6,0.0,-0.8387654761270432,0.04616073151894688,1.3987895674719955
22.35744857788086,0.9724994131984078,[0.94959226],5.0,0.6,0.0,-0.8464419553648185,0.04480380545238283,1.3998387290146495
22.365123987197876,0.9734764067820911,[0.95108767],5.0,0.6,0.0,-0.8359344630788843,0.02244727436291473,1.404090348014535
22.373878717422485,0.9746487990825112,[0.95257784],5.0,0.6,0.0,-0.8115369419396522,0.030662316132339513,1.4066799796996796
22.38383722305298,0.9762119888164045,[0.95406137],5.0,0.6,0.0,-0.5015255575441632,0.03570393980834875,1.4063438759591738
22.39180016517639,0.9771889824000878,[0.95553729],5.0,0.6,0.0,-0.4284687252034845,0.017658807335096185,1.4103654196248445
22.401835203170776,0.9785567734172447,[0.95700519],5.0,0.6,0.0,-0.440450432066676,0.054461420672813704,1.4111455298238171
22.411805629730225,0.9799245644344012,[0.95847017],5.0,0.6,0.0,-0.1962142593860981,0.05695126424162302,1.4120233919580782
22.42093062400818,0.9810969567348212,[0.95993436],5.0,0.6,0.0,-0.18956459086775615,0.034708748605039245,1.4142964965424054
22.43119502067566,0.982464747751978,[0.96139477],5.0,0.6,0.0,-0.25840643861772034,0.04540061990635827,1.4149891091055617
22.441822052001953,0.9838325387691347,[0.96285481],5.0,0.6,0.0,-0.3353757262701931,0.08112763056009446,1.4156652495211723
22.452903747558594,0.9852003297862914,[0.96432345],5.0,0.6,0.0,-0.39631337620202334,0.08218200401913875,1.4164054429814767
22.462084770202637,0.9863727220867115,[0.96580611],5.0,0.6,0.0,-0.1597165651077107,0.08540341117297756,1.418863412183152
22.469814777374268,0.9873497156703948,[0.96730206],5.0,0.6,0.0,-0.1463888125682371,0.06222312520550917,1.4227481320186863
22.479919910430908,0.9885221079708147,[0.96881126],5.0,0.6,0.0,0.07030905556355305,0.10428533626513073,1.4252350623858538
22.491931200027466,0.9902806964214448,[0.9703404],5.0,0.6,0.0,0.3104757973042842,0.10528124574654586,1.4234849219589072
22.500821590423584,0.9914530887218647,[0.97189224],5.0,0.6,0.0,0.508842125848686,0.07967487485642477,1.4261367327802317
22.509796619415283,0.9926254810222849,[0.97346307],5.0,0.6,0.0,0.6499530134102556,0.09362962757022496,1.4288779040960682
22.52101707458496,0.9943840694729149,[0.97505693],5.0,0.6,0.0,1.014055503856396,0.13258077081008598,1.4272498561180593
22.53006100654602,0.9955564617733349,[0.97668093],5.0,0.6,0.0,1.0925747915216857,0.10418682004134462,1.4303345706628052
22.540388822555542,0.9971196515072283,[0.97833428],5.0,0.6,0.0,1.3271450854155207,0.11412361199751575,1.430545600997732
22.549808502197266,0.9984874425243848,[0.98001659],5.0,0.6,0.0,1.5514697064501508,0.1236500799274294,1.4322528392226002
22.56085729598999,1.000246030975015,[0.98173513],5.0,0.6,0.0,1.711255906350126,0.15948344498597516,1.4315896170862747
22.573501110076904,1.002004619425645,[0.98349996],5.0,0.6,0.0,1.7993662857875532,0.15655805505770473,1.431403613872353
22.582209825515747,1.003763207876275,[0.98531185],5.0,0.6,0.0,1.5500253238348045,0.12415261613698485,1.4323906470637948
22.59092116355896,1.0053263976101683,[0.98716348],5.0,0.6,0.0,1.4968378685180854,0.13399067575942947,1.4344860658675682
22.600826263427734,1.0070849860607984,[0.98905631],5.0,0.6,0.0,1.7749937641048112,0.17064832866240348,1.434721445062102
22.60956120491028,1.008648175794692,[0.99099528],5.0,0.6,0.0,1.8096543136730328,0.13854803014315875,1.4371456509698555
22.618852138519287,1.0104067642453218,[0.99297619],5.0,0.6,0.0,2.013646365319962,0.14569273303977928,1.4380350732816618
22.628811359405518,1.0123607514126884,[0.99499515],5.0,0.6,0.0,1.9332025547607485,0.1506859496144324,1.438695641000535
22.638747215270996,1.014510137296792,[0.99705253],5.0,0.6,0.0,2.029294649598979,0.15348762694131865,1.4378107947669427
22.646817445755005,1.0160733270306852,[0.99914421],5.0,0.6,0.0,2.1396222721607625,0.12560736827936234,1.4408965480101639
22.65540075302124,1.0178319154813154,[1.00126227],5.0,0.6,0.0,1.9318576594181622,0.13909095120470827,1.4437992800506012
22.66429305076599,1.0195905039319453,[1.0034038],5.0,0.6,0.0,1.9139986910943207,0.14909031280257715,1.4462278110443503
22.673803091049194,1.021544491099312,[1.00557018],5.0,0.6,0.0,1.9377145599616965,0.15553083700622475,1.4474574975742587
22.68281054496765,1.023303079549942,[1.0077623],5.0,0.6,0.0,1.6710205769216384,0.16132309775143197,1.4507705822372463
22.691811084747314,1.0254524654340456,[1.00998057],5.0,0.6,0.0,1.6174725911006074,0.16396792437764063,1.4513083647048235
22.700966835021973,1.0276018513181489,[1.01222092],5.0,0.6,0.0,1.6233220625968947,0.13324512314090226,1.4518295242117645
22.710906505584717,1.0297512372022521,[1.01447959],5.0,0.6,0.0,1.3516678913352016,0.1756142723021236,1.453068335251081
22.71886897087097,1.031705224369619,[1.01675723],5.0,0.6,0.0,1.3020901846278359,0.14401486472455638,1.4550347947205942
22.727306127548218,1.0336592115369856,[1.01904592],5.0,0.6,0.0,1.31781578156584,0.11871409090124597,1.456898482957227
22.737872838974,1.0360039961378256,[1.02133881],5.0,0.6,0.0,1.0597290298019342,0.16700005734937529,1.4570631139748729
22.74829125404358,1.0385441794554024,[1.0236422],5.0,0.6,0.0,1.025832795912228,0.16662017255908607,1.4557752926293648
22.75881004333496,1.0412797614897158,[1.02596124],5.0,0.6,0.0,1.05825619966611,0.1644175147600833,1.45331987285683
22.766813039779663,1.043429147373819,[1.02829189],5.0,0.6,0.0,0.8171366459533352,0.13306486930566505,1.454710079945834
22.775134563446045,1.0459693306913957,[1.03062646],5.0,0.6,0.0,0.523943335390272,0.1414852521392437,1.4538060546029095
22.782938957214355,1.048118716575499,[1.03295838],5.0,0.6,0.0,0.5394400437824003,0.11475062548091369,1.4548567322589392
22.79281234741211,1.0508542986098126,[1.03528607],5.0,0.6,0.0,0.36887892347953943,0.1595798190435163,1.4525808790431964
22.803808212280273,1.0537852793608626,[1.03762024],5.0,0.6,0.0,0.44242560779131174,0.18410226993746848,1.4489347616162775
22.813445329666138,1.056520861395176,[1.03996974],5.0,0.6,0.0,0.2992536681976512,0.14523371707835214,1.4466192654841923
22.82280135154724,1.058865645996016,[1.04232578],5.0,0.6,0.0,0.10990995621078203,0.11432580317488045,1.446747409992869
22.8327693939209,1.0617966267470662,[1.04468068],5.0,0.6,0.0,0.21639367899499556,0.15373955989299323,1.4430574679484143
22.84378981590271,1.0651184049315896,[1.04704376],5.0,0.6,0.0,0.11926684461989664,0.17396906101078943,1.4367397084723275
22.853580713272095,1.067853986965903,[1.04942263],5.0,0.6,0.0,-0.026399692764675756,0.13446141039670084,1.434313225855406
22.86220121383667,1.0705895690002163,[1.0518076],5.0,0.6,0.0,-0.15970257610208752,0.10101169603130768,1.4318598807974665
22.87289023399353,1.073715948468003,[1.05419023],5.0,0.6,0.0,-0.2617803840889243,0.13805033135317632,1.426532806294542
22.881041288375854,1.076060733068843,[1.05657489],5.0,0.6,0.0,-0.6073059293650551,0.13569396639567677,1.4265976729378125
22.89073133468628,1.0787963151031563,[1.05896124],5.0,0.6,0.0,-0.6822457616147698,0.10036792614848404,1.4239837226411247
22.900800466537476,1.0817272958542066,[1.06134106],5.0,0.6,0.0,-0.647631477003183,0.10450674771725986,1.4199288363074896
22.909862279891968,1.084267479171783,[1.0637111],5.0,0.6,0.0,-0.5765459031143992,0.10817084760982378,1.4187123677157603
22.918102741241455,1.0866122637726232,[1.06607238],5.0,0.6,0.0,-0.7763426419585377,0.11101839535472824,1.4186359058491163
22.927870988845825,1.0893478458069366,[1.0684257],5.0,0.6,0.0,-1.01608599341878,0.11079231939927016,1.4154076226445393
22.938456058502197,1.09266962399146,[1.07077167],5.0,0.6,0.0,-1.2109478854429447,0.10685900068958691,1.4074607974658162
22.945853233337402,1.0948190098755635,[1.07310711],5.0,0.6,0.0,-1.0637644537401192,0.07664889442048828,1.4091850961309529
22.954850912094116,1.0977499906266135,[1.07542568],5.0,0.6,0.0,-1.0976804660545354,0.08331463107592231,1.4042354233180552
22.965906381607056,1.1010717688111367,[1.07772959],5.0,0.6,0.0,-1.4463326510887624,0.11502183064931013,1.3952012745933602
22.97589659690857,1.104002749562187,[1.08002833],5.0,0.6,0.0,-1.5366916170905458,0.10808025382717565,1.3896518906637523
22.984369039535522,1.1061521354462902,[1.08232255],5.0,0.6,0.0,-1.7843100232971403,0.07536409524239084,1.390277448698587
22.993781566619873,1.1086923187638669,[1.08460547],5.0,0.6,0.0,-1.738068392112201,0.08121443051866625,1.3882001612642252
23.001766204833984,1.111037103364707,[1.08687155],5.0,0.6,0.0,-1.5851329181069582,0.05346097835502729,1.3879008662980898
23.011395692825317,1.1135772866822837,[1.08911635],5.0,0.6,0.0,-1.6839165314359512,0.0659630195536974,1.385109005089768
23.020857095718384,1.116312868716597,[1.09134391],5.0,0.6,0.0,-1.5487394462981507,0.1039032176943565,1.380988390908553
23.031893491744995,1.1194392481843838,[1.09356549],5.0,0.6,0.0,-1.621364148753333,0.09774449057976468,1.3727329817379674
23.040811777114868,1.1219794315019607,[1.0957833],5.0,0.6,0.0,-1.72764596356195,0.06380492955048164,1.3695375355422315
23.048882961273193,1.1239334186693273,[1.09799187],5.0,0.6,0.0,-1.527801712493321,0.07388020201114537,1.372337263485048
23.05907917022705,1.1268643994203773,[1.10019451],5.0,0.6,0.0,-1.5250600150439695,0.10710680809987003,1.3656703484507304
23.069398641586304,1.129404582737954,[1.10239807],5.0,0.6,0.0,-1.2919671825162482,0.07146884172179772,1.3630287131472552
23.07808017730713,1.1317493673387942,[1.10460086],5.0,0.6,0.0,-1.2895236761619955,0.07758921319293352,1.3617052223106125
23.087790966033936,1.1344849493731075,[1.10680174],5.0,0.6,0.0,-1.0703008752503205,0.08043874216075768,1.3570442943788832
23.096898555755615,1.1366343352572106,[1.10900391],5.0,0.6,0.0,-1.086122222840043,0.08529259580114888,1.35752002063243
23.105897426605225,1.1389791198580508,[1.11120633],5.0,0.6,0.0,-1.161588263531096,0.055133945104084994,1.3560409449114648
23.115790843963623,1.1415193031756277,[1.1134084],5.0,0.6,0.0,-0.9519439288283794,0.09852558092445086,1.3531376484959203
23.12726068496704,1.1444502839266775,[1.115618],5.0,0.6,0.0,-0.9549415093751645,0.09574061958950154,1.3461475785863366
23.135382413864136,1.146599669810781,[1.11783791],5.0,0.6,0.0,-1.0143809482159063,0.0645128994555107,1.346748708683464
23.14475703239441,1.148944454411621,[1.12006251],5.0,0.6,0.0,-0.7924902409902705,0.07490118464167904,1.3458733302311046
23.15483331680298,1.1514846377291978,[1.12229568],5.0,0.6,0.0,-0.7886989378909268,0.11252136727557284,1.3428653968116022
23.164060354232788,1.1540248210467743,[1.12454509],5.0,0.6,0.0,-0.8463916032544403,0.07784523883496422,1.3399228234085325
23.172799110412598,1.1561742069308776,[1.12680459],5.0,0.6,0.0,-0.626725441126186,0.051246077124736195,1.3412534666381457
23.18280553817749,1.1587143902484545,[1.12906925],5.0,0.6,0.0,-0.6280039617351054,0.10066153602526101,1.3385200255082585
23.192253828048706,1.1614499722827678,[1.13134814],5.0,0.6,0.0,-0.6926477037289016,0.10132474533599536,1.3338913625719702
23.201014280319214,1.1635993581668713,[1.13364466],5.0,0.6,0.0,-0.48106260390639644,0.07106594184228848,1.335551830935688
23.211796760559082,1.1661395414844482,[1.13595755],5.0,0.6,0.0,-0.4909985944170743,0.11393621496424583,1.333263147085319
23.22171688079834,1.168484326085288,[1.13829485],5.0,0.6,0.0,-0.28844619500634194,0.11387145421408928,1.3333052995551864
23.23021125793457,1.1706337119693915,[1.14065879],5.0,0.6,0.0,-0.052496135588898124,0.08287504156970732,1.3355194737833451
23.237873792648315,1.1723923004200216,[1.14304215],5.0,0.6,0.0,0.15000741268847956,0.09643335302729525,1.3417214118515983
23.249760627746582,1.175127882454335,[1.14544809],5.0,0.6,0.0,0.025427061575119952,0.13187773907975597,1.338468277114801
23.259071826934814,1.1774726670551747,[1.1478839],5.0,0.6,0.0,0.09492919650925517,0.09965923198338089,1.3393671681599977
23.267770051956177,1.1794266542225416,[1.1503415],5.0,0.6,0.0,0.21258133595506779,0.07394737390941362,1.3443154658587804
23.2777841091156,1.182162236256855,[1.15281405],5.0,0.6,0.0,0.32083289432749507,0.1219990513220072,1.3416809255784745
23.288373947143555,1.1848978182911682,[1.15530989],5.0,0.6,0.0,0.4016396747716108,0.12236622905828383,1.3392622008789439
23.29885220527649,1.1872426028920084,[1.15783601],5.0,0.6,0.0,0.4534362723411146,0.1243351259555778,1.3410270043507642
23.307801485061646,1.1895873874928484,[1.1603885],5.0,0.6,0.0,0.48060900221873876,0.09400047565031887,1.3430585572467797
23.31689953804016,1.1913459759434786,[1.16296386],5.0,0.6,0.0,0.48892271999622083,0.13881790463008525,1.3510214710145911
23.328141450881958,1.1942769566945284,[1.16556851],5.0,0.6,0.0,0.4837171568597229,0.1358492138345606,1.34785946947395
23.335910081863403,1.1962309438618952,[1.16820274],5.0,0.6,0.0,0.4693428363826109,0.10711816451761995,1.3544409644249549
23.34677743911743,1.1987711271794719,[1.17086169],5.0,0.6,0.0,0.4491151828958214,0.14534153894323262,1.3555910159932476
23.357109546661377,1.2015067092137852,[1.17355061],5.0,0.6,0.0,0.7014949878263524,0.14257673544495664,1.354928942179784
23.36733603477478,1.2042422912480988,[1.17627358],5.0,0.6,0.0,0.709245931897877,0.14036795804513494,1.354800195951892
23.37602949142456,1.2067824745656754,[1.17902392],5.0,0.6,0.0,0.9042811118950771,0.10899684434205908,1.356571544218235
23.38681387901306,1.2097134553167255,[1.18179557],5.0,0.6,0.0,0.835675398639486,0.14520932754642282,1.355140894298463
23.398794174194336,1.2128398347845122,[1.18459277],5.0,0.6,0.0,0.9612226581701225,0.14051321924036708,1.3518149821420504
23.408897399902344,1.2155754168188255,[1.18741862],5.0,0.6,0.0,1.1138985237289805,0.13824098483590175,1.352448102627962
23.416738510131836,1.2179202014196655,[1.19026569],5.0,0.6,0.0,0.9568962440093518,0.10811158533407882,1.357487694398827
23.426793813705444,1.2206557834539788,[1.19312728],5.0,0.6,0.0,0.9945636394073106,0.14504517008199594,1.3586273362372303
23.438773155212402,1.2239775616385025,[1.19600696],5.0,0.6,0.0,1.075823101394688,0.13947334654191118,1.3542955312814053
23.448999881744385,1.2267131436728156,[1.19890736],5.0,0.6,0.0,1.1427700338294815,0.1371987988398804,1.3557589753183312
23.456740140914917,1.2288625295569193,[1.20182085],5.0,0.6,0.0,0.9026368145011274,0.10800786921650453,1.3633351145734094
23.466737985610962,1.2315981115912327,[1.20474064],5.0,0.6,0.0,0.8744558158820797,0.14531412570571284,1.3650895964232475
23.47735285758972,1.2345290923422825,[1.20767021],5.0,0.6,0.0,0.9093843522784192,0.1417834208800501,1.3650302099916223
23.485212087631226,1.2368738769431225,[1.21060761],5.0,0.6,0.0,0.6710467651284453,0.11130799689018375,1.370778070417594
23.49475336074829,1.239609458977436,[1.21354156],5.0,0.6,0.0,0.6579874262521781,0.1190134609935192,1.372601575624947
23.50388813018799,1.2421496422950127,[1.21646714],5.0,0.6,0.0,0.436014748912833,0.12558308185932096,1.3762712124811083
23.514004468917847,1.2448852243293262,[1.2193848],5.0,0.6,0.0,0.45975296797455334,0.129158455689605,1.3778903986110755
23.52275776863098,1.2474254076469027,[1.2222948],5.0,0.6,0.0,0.2765444387613346,0.13242846933796296,1.3812851468934775
23.532772302627563,1.250356388397953,[1.22519723],5.0,0.6,0.0,0.33422850356762523,0.1327757226358155,1.3810058436234869
23.54116654396057,1.2528965717155296,[1.22808747],5.0,0.6,0.0,0.1784709096135275,0.10205982782637943,1.3841530489499874
23.55148220062256,1.2558275524665796,[1.23095701],5.0,0.6,0.0,0.25747575315322035,0.11104281856589128,1.383587783230126
23.561768293380737,1.2589539319343666,[1.23380748],5.0,0.6,0.0,0.1179351125768009,0.14429950837020272,1.3811912970122708
23.57377290725708,1.2622757101188897,[1.23664894],5.0,0.6,0.0,-0.06687967352637694,0.13644153158985056,1.376910759887588
23.585278272628784,1.2655974883034131,[1.23948505],5.0,0.6,0.0,0.04568299063138544,0.12907632884632453,1.372516551280889
23.595449447631836,1.2687238677711998,[1.24231408],5.0,0.6,0.0,-0.043972267983065104,0.12293443832885873,1.3697955826331274
23.605027675628662,1.2716548485222499,[1.24513411],5.0,0.6,0.0,-0.1811795313775849,0.11815762178082406,1.3687515679858437
23.614778518676758,1.2747812279900368,[1.24794707],5.0,0.6,0.0,-0.029416646211156555,0.1380346428619614,1.365874640310472
23.623607397079468,1.2773214113076135,[1.25075413],5.0,0.6,0.0,-0.0891256813138374,0.1011498150341875,1.3683409111978808
23.631926774978638,1.2796661959084534,[1.25354384],5.0,0.6,0.0,-0.20451444989791648,0.07023057720180004,1.372396554744883
23.640833616256714,1.2820109805092936,[1.25630614],5.0,0.6,0.0,-0.31345405323324,0.11004408232826468,1.3761384037914473
23.649911165237427,1.2847465625436068,[1.25904036],5.0,0.6,0.0,-0.39585705208592714,0.0754638165682788,1.376082640559438
23.660263776779175,1.287677543294657,[1.26174203],5.0,0.6,0.0,-0.4493084098882024,0.07872216420840344,1.3739762439525034
23.669746160507202,1.290608524045707,[1.26440717],5.0,0.6,0.0,-0.47788988037115604,0.07946632679447328,1.3715368177677223
23.680321216583252,1.293539504796757,[1.26703967],5.0,0.6,0.0,-0.48729808918104306,0.10574178832393795,1.3687918977726201
23.689892053604126,1.2962750868310704,[1.26964265],5.0,0.6,0.0,-0.7589357306668512,0.06815359920793042,1.3673164213859614
23.700579166412354,1.2992060675821204,[1.27221152],5.0,0.6,0.0,-0.7782545091453186,0.0669949150648481,1.3639308185683234
23.710718393325806,1.3019416496164338,[1.27474238],5.0,0.6,0.0,-0.9793553513934394,0.06588220873023072,1.3617520622365935
23.72122550010681,1.304872630367484,[1.27723877],5.0,0.6,0.0,-1.1890285939315763,0.08986793289164398,1.357313549149977
23.73056960105896,1.307217414968324,[1.2797038],5.0,0.6,0.0,-1.071317530474937,0.05395931626965817,1.358650384149247
23.740850687026978,1.3099529970026373,[1.28213352],5.0,0.6,0.0,-1.1337363718577183,0.05316482955239953,1.3556437443354008
23.75073528289795,1.312493180320214,[1.28452799],5.0,0.6,0.0,-1.2286926262737952,0.07996248287228735,1.354085628654413
23.76180124282837,1.3154241610712643,[1.28689403],5.0,0.6,0.0,-1.3013399278323,0.0696567196578178,1.348507444749094
23.772693634033203,1.3181597431055774,[1.28923442],5.0,0.6,0.0,-1.3373846801404845,0.0621271909092514,1.3445866166307368
23.78099298477173,1.3203091289896807,[1.29154535],5.0,0.6,0.0,-1.3387462924898585,0.030473279079180713,1.3461620758498019
23.78973627090454,1.322458514873784,[1.29382402],5.0,0.6,0.0,-1.312616271916241,0.06525570412758441,1.347472253176432
23.80088472366333,1.3251940969080978,[1.29607504],5.0,0.6,0.0,-1.2668472541873999,0.05962846634433008,1.3428226619360983
23.81036615371704,1.3277342802256742,[1.29829954],5.0,0.6,0.0,-1.2082484256928034,0.02684637595808627,1.3398159264691871
23.817726850509644,1.3292974699595674,[1.3004925],5.0,0.6,0.0,-1.1421531944372687,0.03757508331552235,1.3461225115922821
23.827059268951416,1.3316422545604079,[1.3026536],5.0,0.6,0.0,-1.0724963770980789,0.04316536463833897,1.3444405117167606
23.834816694259644,1.3334008430110378,[1.30478316],5.0,0.6,0.0,-1.0020575678092034,0.019253551875742403,1.348169690210503
23.843770265579224,1.3353548301784044,[1.30687878],5.0,0.6,0.0,-0.932725640063681,0.03363690118185859,1.3496433929173737
23.85295796394348,1.3373088173457712,[1.30894255],5.0,0.6,0.0,-0.8657304867660129,0.04499966090289075,1.3507949240383659
23.861763954162598,1.3392628045131378,[1.31097695],5.0,0.6,0.0,-0.8018280881259464,0.021582672652157985,1.3516501275060222
23.871787071228027,1.3414121903972414,[1.3129849],5.0,0.6,0.0,-1.017479434848378,0.06921761748135814,1.3499925579626741
23.882253885269165,1.3437569749980813,[1.31497688],5.0,0.6,0.0,-0.9939252188034151,0.07128114203549384,1.346600450239745
23.890075206756592,1.3455155634487113,[1.3169587],5.0,0.6,0.0,-0.8858950099702236,0.043698247105892735,1.3489232784524996
23.899727821350098,1.347469550616078,[1.31892859],5.0,0.6,0.0,-0.7605585310179498,0.05682064572215337,1.349231052765213
23.910356998443604,1.3496189365001814,[1.32089328],5.0,0.6,0.0,-0.9203750213946928,0.09726879589128441,1.3472358266370634
23.91924500465393,1.3511821262340749,[1.32286275],5.0,0.6,0.0,-0.8545627747883423,0.0674123645545954,1.3512619030861694
23.927767276763916,1.3529407146847048,[1.32483812],5.0,0.6,0.0,-0.7183476484312834,0.07794913024988172,1.3535075349949635
23.937824726104736,1.355090100568808,[1.32682074],5.0,0.6,0.0,-0.5767234970211005,0.08481721011987643,1.3520399560328094
23.947047233581543,1.3566532903027015,[1.32881595],5.0,0.6,0.0,-0.4533455463474764,0.09300613577181148,1.3562763840396743
23.956486225128174,1.3586072774700682,[1.3308244],5.0,0.6,0.0,-0.35384453638287117,0.06472878078511558,1.3568551422674902
23.96674108505249,1.3607566633541714,[1.33284675],5.0,0.6,0.0,-0.0006525991045846502,0.11000481028706527,1.3557366224548246
23.976226568222046,1.362710650521538,[1.3348919],5.0,0.6,0.0,0.09109082019647333,0.11124736056599234,1.3566003494035277
23.984153985977173,1.3642738402554317,[1.33696308],5.0,0.6,0.0,0.35616183687792013,0.08208453308453877,1.361323510599656
23.992733240127563,1.365837029989325,[1.33905457],5.0,0.6,0.0,0.6224069047038655,0.09517702962747239,1.3660671409032945
24.001778841018677,1.3674002197232182,[1.34116557],5.0,0.6,0.0,0.8309745712549612,0.10535189095978657,1.3708886393504922
24.010823965072632,1.369354206890585,[1.34329519],5.0,0.6,0.0,0.9713705630957971,0.07772135934927495,1.3723027278675697
24.020821571350098,1.371112795341215,[1.34544256],5.0,0.6,0.0,1.0514835904730166,0.1259219094957313,1.3757008106520345
24.03112554550171,1.3732621812253185,[1.34761523],5.0,0.6,0.0,1.0843462250055746,0.1263683775132139,1.3758580669135188
24.040314197540283,1.3750207696759482,[1.34981503],5.0,0.6,0.0,1.0827381777809282,0.0965149875556984,1.3798037954023605
24.05108952522278,1.3771701555600517,[1.35203476],5.0,0.6,0.0,1.0573432418697872,0.10661460660556736,1.3804680824722821
24.06177520751953,1.3797103388776286,[1.35427653],5.0,0.6,0.0,1.2924642064009373,0.14137546482566607,1.3774018054040003
24.07274317741394,1.3820551234784686,[1.35655037],5.0,0.6,0.0,1.2752503774580672,0.1371810426092223,1.3767997970808428
24.082931756973267,1.3840091106458352,[1.35886011],5.0,0.6,0.0,1.440790727664958,0.13575416056871606,1.3796361159539974
24.091185569763184,1.3859630978132023,[1.36120003],5.0,0.6,0.0,1.3403974086080581,0.10424951818872163,1.3832446748197702
24.099695444107056,1.3879170849805686,[1.36356489],5.0,0.6,0.0,1.4334017694444083,0.1438760997084027,1.3866306130966253
24.111358404159546,1.3906526670148822,[1.36595846],5.0,0.6,0.0,1.553808533414161,0.1389731618977855,1.3833891191296426
24.120201110839844,1.3926066541822488,[1.36837935],5.0,0.6,0.0,1.365477523958956,0.10763452122167533,1.3878500764072417
24.128736972808838,1.3943652426328788,[1.3708175],5.0,0.6,0.0,1.3731684726485995,0.1183379434297302,1.3936272752736492
24.140039920806885,1.3971008246671923,[1.37326848],5.0,0.6,0.0,1.4260391899380123,0.12225187270753675,1.3911068453954434
24.149434804916382,1.3992502105512956,[1.37573265],5.0,0.6,0.0,1.7423382458310275,0.12730073043816797,1.393028515932925
24.159693002700806,1.4017903938688723,[1.37821023],5.0,0.6,0.0,1.7864179875061041,0.1294514702790952,1.3923854587155784
24.16975736618042,1.4041351784697123,[1.3807013],5.0,0.6,0.0,1.4369925835559485,0.13216322593699306,1.394452236796712
24.179767847061157,1.4064799630705522,[1.38320588],5.0,0.6,0.0,1.2860437981409967,0.13445749598672363,1.396095829437138
24.189629316329956,1.4092155451048658,[1.38572393],5.0,0.6,0.0,1.212252227545534,0.13459535259892186,1.394408914164221
24.20027470588684,1.4117557284224425,[1.38825542],5.0,0.6,0.0,1.1627786518045902,0.13567285351443556,1.3944230537729951
24.209790229797363,1.4141005130232824,[1.39080034],5.0,0.6,0.0,1.116582105975854,0.13761090619926034,1.3961802152520204
24.219363689422607,1.416249898907386,[1.39335867],5.0,0.6,0.0,0.7907807625359796,0.1407019862450668,1.4000377902456107
24.226744174957275,1.4182038860747526,[1.39592599],5.0,0.6,0.0,0.7033979200470741,0.11200740720704334,1.405138208595114
24.235737800598145,1.4203532719588559,[1.39849867],5.0,0.6,0.0,0.7009477998967767,0.1562253978898123,1.4085302473558403
24.24662971496582,1.4230888539931694,[1.40108268],5.0,0.6,0.0,0.7179001655692676,0.15432611617317135,1.4073047184076344
24.254905700683594,1.425042841160536,[1.40367865],5.0,0.6,0.0,0.4532260205334186,0.12481217541002297,1.4126039461188773
24.263716459274292,1.4273876257613762,[1.40627818],5.0,0.6,0.0,0.4187558740385863,0.1357271354307065,1.4146037156844702
24.273380756378174,1.4301232077956894,[1.40887886],5.0,0.6,0.0,0.45993567241950734,0.14163465285537302,1.4135320426811984
24.280967712402344,1.4320771949630564,[1.41147865],5.0,0.6,0.0,0.5121313632890359,0.11536931892159376,1.4184456358312245
24.291728019714355,1.4350081757141062,[1.41407603],5.0,0.6,0.0,0.5518114139151815,0.16013587404700041,1.4158723189516493
24.303735494613647,1.4383299538986296,[1.4166791],5.0,0.6,0.0,0.2972621221183356,0.15678983345398442,1.410442865807641
24.31389570236206,1.4410655359329432,[1.41929468],5.0,0.6,0.0,0.2688065617159326,0.1559843167593067,1.4095064758912834
24.322837352752686,1.4436057192505198,[1.42192388],5.0,0.6,0.0,0.3153340605584316,0.15635495357936716,1.4101901721576322
24.331697463989258,1.4461459025680965,[1.42456751],5.0,0.6,0.0,0.37338187097101966,0.15657580699717455,1.4109754744281298
24.342707872390747,1.4492722820358832,[1.42722605],5.0,0.6,0.0,0.4196295552790811,0.15404258696592812,1.4072368223275398
24.353824138641357,1.4525940602204066,[1.42989969],5.0,0.6,0.0,0.4482549842996846,0.15048912118960436,1.401971215599494
24.361825227737427,1.4545480473877732,[1.43258379],5.0,0.6,0.0,0.46038815579214376,0.12159660339239106,1.4078651387678853
24.371689796447754,1.45767442685556,[1.43527424],5.0,0.6,0.0,0.45938085990750455,0.15920136053436096,1.4043604056934846
24.38371706008911,1.4609962050400835,[1.43797662],5.0,0.6,0.0,0.44882114942663703,0.1535422166535384,1.3992925034340997
24.394176959991455,1.46412258450787,[1.44069545],5.0,0.6,0.0,0.43180605264403205,0.1492686235943149,1.3959049069411906
24.40171527862549,1.4662719703919733,[1.4434251],5.0,0.6,0.0,0.41076351722918736,0.11875529447220476,1.4007429523009058
24.412710905075073,1.4699845460099703,[1.44616056],5.0,0.6,0.0,0.3874930660968709,0.15181953704741497,1.3925777406724469
24.423877239227295,1.473110925477757,[1.4489111],5.0,0.6,0.0,0.08723833534683909,0.17032246466936096,1.3894671579200177
24.433995008468628,1.476237304945544,[1.45168421],5.0,0.6,0.0,0.029834565056889237,0.1334939734891428,1.386413542052745
24.444986581802368,1.4795590831300671,[1.45447215],5.0,0.6,0.0,0.0611775056094865,0.1305100273646037,1.3817258975022706
24.45380139350891,1.4822946651643805,[1.45726801],5.0,0.6,0.0,-0.1616307613975643,0.1305515812128227,1.382242096130562
24.464783430099487,1.4854210446321672,[1.46007462],5.0,0.6,0.0,-0.14596421769203977,0.1545363361919242,1.3794080738983303
24.47470784187317,1.488547424099954,[1.4628941],5.0,0.6,0.0,-0.3307722173074661,0.11751697162245647,1.376593880259278
24.48498821258545,1.4918692022844773,[1.46571903],5.0,0.6,0.0,-0.2650118736589898,0.11668481337674466,1.3721217716175556
24.494757890701294,1.4951909804690007,[1.46854296],5.0,0.6,0.0,-0.40392120596750664,0.1155543740004667,1.3674794766834748
24.50370502471924,1.497926562503314,[1.47136481],5.0,0.6,0.0,-0.5774943463239622,0.11691173560893403,1.368149595356213
24.513535261154175,1.5010529419711007,[1.4741837],5.0,0.6,0.0,-0.44628204436952695,0.11599224393278537,1.3654008487126812
24.52269458770752,1.503788524005414,[1.47699453],5.0,0.6,0.0,-0.5125421425086119,0.0840126733105949,1.3660528529168943
24.532670497894287,1.5067195047564643,[1.47979312],5.0,0.6,0.0,-0.6236484291212413,0.125158878118791,1.3647276327031548
24.543259382247925,1.5100412829409877,[1.4825851],5.0,0.6,0.0,-0.7206012128165218,0.12104521819757708,1.3596604778219978
24.551236629486084,1.512190668825091,[1.485371],5.0,0.6,0.0,-1.061966684795167,0.09136716901168297,1.3651710880195453
24.561760425567627,1.5155124470096146,[1.48814713],5.0,0.6,0.0,-1.128391642828882,0.12863356468722417,1.3599572181885409
24.572771787643433,1.518834225194138,[1.49091975],5.0,0.6,0.0,-1.0801243136320107,0.12411950842767747,1.3548252891796397
24.58192467689514,1.5211790097949778,[1.49369446],5.0,0.6,0.0,-1.2671737284093605,0.12523995345061625,1.3585849499136924
24.58968997001648,1.5237191931125544,[1.49646713],5.0,0.6,0.0,-1.2032113015191417,0.09398837212035115,1.3608933562674415
24.60167694091797,1.5270409712970778,[1.49923463],5.0,0.6,0.0,-1.3321757467815947,0.13208308521686385,1.3554055141813703
24.61163592338562,1.529971952048128,[1.50200403],5.0,0.6,0.0,-1.2067349316372726,0.1300390170809745,1.3540992005148396
24.621306657791138,1.5332937302326515,[1.50477683],5.0,0.6,0.0,-1.0087285583396917,0.09497899934442201,1.3491379345946208
24.630783557891846,1.5362247109837017,[1.50754516],5.0,0.6,0.0,-0.8128725435432735,0.10383569400478683,1.3478232994484647
24.64069151878357,1.5391556917347513,[1.51030746],5.0,0.6,0.0,-0.6451671164729986,0.1104203595805423,1.3463604272193943
24.649641752243042,1.5415004763355917,[1.51306762],5.0,0.6,0.0,-0.5106482043962328,0.1179765994234664,1.3505146752199821
24.658724784851074,1.5442360583699049,[1.51582434],5.0,0.6,0.0,-0.6822845246678775,0.08841022067269708,1.3505668052744142
24.669695615768433,1.5475578365544282,[1.51857686],5.0,0.6,0.0,-0.6356661549294103,0.1309765587039164,1.3450705061815191
24.680753469467163,1.5506842160222152,[1.52133967],5.0,0.6,0.0,-0.5199992713988462,0.1524407947977629,1.3415923475986389
24.689865589141846,1.553615196773265,[1.52412515],5.0,0.6,0.0,-0.6738738427199092,0.1207136153336603,1.3400156049888523
24.6986722946167,1.5561553800908419,[1.52692866],5.0,0.6,0.0,-0.8772181078395689,0.12477722904636715,1.3423837494406903
24.709765434265137,1.5594771582753653,[1.52974617],5.0,0.6,0.0,-0.7712912270168865,0.12448285639165702,1.3375161782576999
24.719276428222656,1.5624081390264153,[1.53257911],5.0,0.6,0.0,-0.5766496498328904,0.12540306898126055,1.3367333297396666
24.726783514022827,1.5645575249105188,[1.53542348],5.0,0.6,0.0,-0.3835040442875211,0.09782650171490793,1.3437590961993693
24.736697912216187,1.567293106944832,[1.53827562],5.0,0.6,0.0,-0.22293575813193087,0.13821195113069365,1.3449763055168964
24.74876570701599,1.5708102838460922,[1.54114221],5.0,0.6,0.0,-0.10069011409183676,0.13322263370447673,1.3385778190993394
24.759031295776367,1.5735458658804056,[1.54402854],5.0,0.6,0.0,-0.012802751811435246,0.13183871510214829,1.3400829592005412
24.766769647598267,1.5756952517645089,[1.54692867],5.0,0.6,0.0,-0.22856208174787845,0.1034396686591852,1.3474282336927295
24.776689291000366,1.5784308337988222,[1.54983707],5.0,0.6,0.0,-0.22232026923060688,0.14036093743170652,1.3491121664292747
24.786226272583008,1.5813618145498722,[1.55275358],5.0,0.6,0.0,-0.14311218999069036,0.10756447667815305,1.348993144097522
24.795533418655396,1.5840973965841858,[1.55567286],5.0,0.6,0.0,-0.05374116164181979,0.11393269342031896,1.3507870814132499
24.804790258407593,1.586832978618499,[1.55859001],5.0,0.6,0.0,0.022566734873570478,0.11829775792690406,1.3525414350119231
24.813822746276855,1.5895685606528125,[1.56150539],5.0,0.6,0.0,0.07989900178215313,0.12083712787806958,1.3542649872792092
24.823906660079956,1.5923041426871256,[1.56441895],5.0,0.6,0.0,0.11926919722333224,0.12243596654224276,1.35596208339325
24.832992792129517,1.5950397247214392,[1.56733031],5.0,0.6,0.0,0.14394403815149176,0.1231633999874449,1.3576318524205149
24.844726085662842,1.5983615029059628,[1.57023886],5.0,0.6,0.0,0.1574714266923306,0.12060734940553307,1.353680499819199
24.854794025421143,1.6012924836570126,[1.57314378],5.0,0.6,0.0,0.16294947462132486,0.11948011369751062,1.3534289083618893
24.86435103416443,1.6042234644080626,[1.57604412],5.0,0.6,0.0,0.1628394120713921,0.11818657059437665,1.353134406668794
24.87542462348938,1.6077406413093227,[1.57893882],5.0,0.6,0.0,0.15899681688684864,0.11381050311553227,1.3471045110794533
24.884732723236084,1.6102808246268994,[1.58182675],5.0,0.6,0.0,0.15277447747638656,0.11407369828816594,1.350485984883109
24.8957679271698,1.6136026028114228,[1.58471112],5.0,0.6,0.0,0.14513481118346822,0.1364824804824051,1.3462316911061396
24.905110359191895,1.6161427861289996,[1.58759448],5.0,0.6,0.0,-0.13928967518283938,0.10235841802520972,1.3495757254134169
24.915483236312866,1.6192691655967864,[1.59047009],5.0,0.6,0.0,-0.18108838542230465,0.10252858966354432,1.3471257235250638
24.92668914794922,1.622395545064573,[1.59333226],5.0,0.6,0.0,-0.13464678017837045,0.10221717384545065,1.3445503370317389
24.934687852859497,1.624740329665413,[1.59618058],5.0,0.6,0.0,-0.06699993698294884,0.10527407824023034,1.3494758189050997
24.94465160369873,1.6274759116997264,[1.59901485],5.0,0.6,0.0,-0.004573908130514663,0.10619629364874188,1.3504357077243392
24.955740690231323,1.630602291167513,[1.60183505],5.0,0.6,0.0,0.04436495991905137,0.10503390213025707,1.3474592550818405
24.966750621795654,1.6335332719185633,[1.60464578],5.0,0.6,0.0,-0.19690816193703548,0.1321113170514569,1.3462575539724702
24.977201461791992,1.6362688539528767,[1.60745548],5.0,0.6,0.0,-0.20738639376810203,0.12582455934220557,1.34697858726133
24.986257553100586,1.63900443598719,[1.61026273],5.0,0.6,0.0,-0.1390691702380151,0.09114547689044442,1.347695234820203
24.99607539176941,1.6417400180215034,[1.61305776],5.0,0.6,0.0,-0.05669125250950731,0.09683309307655895,1.348286207725037
25.00675916671753,1.6450617962060268,[1.61584143],5.0,0.6,0.0,-0.2607956602661037,0.1270567579476884,1.3429681866905856
25.01715850830078,1.6477973782403401,[1.61862365],5.0,0.6,0.0,-0.2391996317532537,0.12302601951520051,1.3434355111581933
25.02566146850586,1.65014216284118,[1.62140425],5.0,0.6,0.0,-0.14616091259803787,0.09136026133418805,1.3477306588843725
25.034647226333618,1.6526823461587568,[1.62417446],5.0,0.6,0.0,-0.32207943242295783,0.10002841819073854,1.3499049837216344
25.044658184051514,1.6554179281930703,[1.62693633],5.0,0.6,0.0,-0.2712743515650265,0.13480173362484846,1.350182136574791
25.056256771087646,1.6587397063775937,[1.62970113],5.0,0.6,0.0,-0.15386194443146678,0.12864430672289348,1.3447887823146898
25.065811157226562,1.6612798896951704,[1.6324695],5.0,0.6,0.0,-0.3115023519380319,0.09674231301188971,1.346967497883905
25.076723098754883,1.6640154717294837,[1.63523302],5.0,0.6,0.0,-0.247981700430492,0.10502650225600058,1.3472665504519346
25.08776068687439,1.6669464524805337,[1.63799437],5.0,0.6,0.0,-0.12234033130170513,0.13893735288810583,1.3456431519215142
25.098150491714478,1.669877433231584,[1.6407657],5.0,0.6,0.0,-0.27513822693634227,0.13515906058558064,1.3440315457091905
25.108581066131592,1.6728084139826338,[1.64355278],5.0,0.6,0.0,-0.20922194725235155,0.13239231213730634,1.3426385994427004
25.117018461227417,1.6749577998667373,[1.64635095],5.0,0.6,0.0,-0.3589314925673646,0.10369775606987189,1.3489259530692228
25.12643265724182,1.6776933819010509,[1.6491564],5.0,0.6,0.0,-0.269282202332756,0.14208215491247386,1.3496460780365414
25.135419607162476,1.6798427677851542,[1.65197088],5.0,0.6,0.0,-0.11636134576770293,0.11371208043311569,1.3560896308356656
25.14520835876465,1.6821875523859942,[1.65479098],5.0,0.6,0.0,0.029274328557568605,0.12355166618168176,1.360608845989431
25.154675722122192,1.684532336986834,[1.65761386],5.0,0.6,0.0,0.14454210413717763,0.13132619988261776,1.3650751990095251
25.16538906097412,1.6872679190211477,[1.66044704],5.0,0.6,0.0,0.22639603371089367,0.16103518822052723,1.3659605167022824
25.17499589920044,1.690003501055461,[1.66329679],5.0,0.6,0.0,0.2792217058471451,0.12987042967649795,1.3669997279710178
25.18566107749939,1.6931298805232475,[1.66615831],5.0,0.6,0.0,0.30931274091251454,0.13281027516446003,1.3645245786139064
25.19671130180359,1.6962562599910345,[1.66902729],5.0,0.6,0.0,0.3226541732876863,0.13426113915319182,1.362109266217793
25.20734190940857,1.6989918420253478,[1.67190982],5.0,0.6,0.0,0.3241955113658844,0.16177312693280949,1.3634858731436912
25.21891188621521,1.702313620209871,[1.67481581],5.0,0.6,0.0,0.3177540187091772,0.15444683367374668,1.3595783373535149
25.229437112808228,1.705244600960921,[1.67774826],5.0,0.6,0.0,0.30615288993613987,0.14988127705031193,1.3595975970086878
25.243898630142212,1.7091525752956547,[1.6807091],5.0,0.6,0.0,0.2914207381212456,0.16234200154459744,1.3505427824993388
25.253010749816895,1.7116927586132313,[1.6837043],5.0,0.6,0.0,0.27498245687426703,0.15725008450391853,1.3549292116078047
25.26370906829834,1.7144283406475447,[1.68673339],5.0,0.6,0.0,0.25781828590459355,0.15241750572877097,1.3577353402130377
25.274088621139526,1.7173593213985947,[1.68979053],5.0,0.6,0.0,0.5166261111762532,0.1477932864041841,1.3587831104333878
25.281667232513428,1.7193133085659613,[1.69286547],5.0,0.6,0.0,0.5328855594232488,0.12015496343118351,1.3692358839008105
25.28968858718872,1.7218534918835382,[1.69594437],5.0,0.6,0.0,0.4615605083882527,0.12838620137575096,1.3742071999822278
25.297950506210327,1.7241982764843784,[1.69902016],5.0,0.6,0.0,0.6460846418591586,0.1355624034581629,1.3806101990045003
25.306284427642822,1.7265430610852182,[1.70208676],5.0,0.6,0.0,0.5941412520004914,0.10817212674811372,1.3869929348979348
25.314708948135376,1.7286924469693217,[1.70513425],5.0,0.6,0.0,0.4687948686788543,0.12449803504815499,1.3947772296731216
25.324761629104614,1.731428029003635,[1.70815904],5.0,0.6,0.0,0.33800299586909066,0.13354966879241723,1.3972830364299536
25.33417296409607,1.7337728136044748,[1.71116284],5.0,0.6,0.0,0.22625209532758125,0.14144159230211098,1.4027728021025037
25.34165382385254,1.7357268007718416,[1.7141425],5.0,0.6,0.0,0.1391500338154006,0.11599072523047685,1.4110183372378136
25.35191583633423,1.7384623828061552,[1.71709535],5.0,0.6,0.0,0.07486448975220489,0.16001242069298166,1.4127304950704496
25.360601902008057,1.7408071674069951,[1.72002382],5.0,0.6,0.0,-0.24679661587609,0.130163544043958,1.417191537375639
25.369725942611694,1.7433473507245718,[1.72292995],5.0,0.6,0.0,-0.31121712318981964,0.16900711382674113,1.4199348606496431
25.38139533996582,1.7462783314756218,[1.72581986],5.0,0.6,0.0,-0.27683165597837106,0.1649243683914364,1.4196410964080566
25.39089560508728,1.7488185147931987,[1.72869426],5.0,0.6,0.0,-0.4898802835468897,0.1326445616729874,1.4220177153719846
25.401033878326416,1.7513586981107754,[1.73154476],5.0,0.6,0.0,-0.46020652731532513,0.14041862127379987,1.4243273943565762
25.40964365005493,1.7537034827116156,[1.73436877],5.0,0.6,0.0,-0.35249169885637704,0.14690574700549677,1.427867894646387
25.419336318969727,1.7564390647459287,[1.73716858],5.0,0.6,0.0,-0.23588356216109513,0.14961707774547323,1.4283792744012507
25.427061796188354,1.758588450630032,[1.73994195],5.0,0.6,0.0,-0.13573672343990423,0.12133737661276155,1.4328105882206785
25.437009572982788,1.7613240326643456,[1.74268712],5.0,0.6,0.0,-0.05828948134210474,0.1631578196427968,1.4328884675084952
25.447068691253662,1.7640596146986587,[1.74541138],5.0,0.6,0.0,-0.2782053712582502,0.16129231737954874,1.432754621355066
25.45494055747986,1.7660136018660257,[1.74811678],5.0,0.6,0.0,-0.2727113464649745,0.13165464011880562,1.4378941011136648
25.464693784713745,1.7683583864668657,[1.7507967],5.0,0.6,0.0,-0.1924066576884032,0.14147956342662002,1.440153735748062
25.4749174118042,1.771093968501179,[1.75345004],5.0,0.6,0.0,-0.10096194608450164,0.14686834858813558,1.4396294242115861
25.485548973083496,1.7736341518187557,[1.75608046],5.0,0.6,0.0,-0.29813145866066465,0.1513998516844244,1.4401678959264772
25.495667457580566,1.7761743351363324,[1.75869135],5.0,0.6,0.0,-0.2711566068506603,0.15468796822471398,1.440645297388687
25.50664710998535,1.7791053158873826,[1.76129017],5.0,0.6,0.0,-0.1738786122700478,0.18315892819623283,1.438474264509604
25.517635583877563,1.7818408979216962,[1.7638878],5.0,0.6,0.0,-0.07035928134036862,0.17667189391064025,1.4375673680766299
25.52611231803894,1.7839902838057995,[1.76648505],5.0,0.6,0.0,-0.2596929612854858,0.14439378158562075,1.4405033861548144
25.53593420982361,1.786530467123376,[1.76907421],5.0,0.6,0.0,-0.2281972363286316,0.150926297612728,1.4408369846194014
25.545605182647705,1.7888752517242161,[1.77165339],5.0,0.6,0.0,-0.12884026389921094,0.15719687639017127,1.4423941717661242
25.556973695755005,1.7918062324752662,[1.77423015],5.0,0.6,0.0,-0.02496371137844021,0.18797782115959866,1.4400856796530401
25.56463932991028,1.7937602196426328,[1.77680679],5.0,0.6,0.0,-0.21510719418928317,0.19151887040010968,1.4441027990304682
25.57662343978882,1.7968865991104195,[1.77937675],5.0,0.6,0.0,-0.18517822063393896,0.20759931625580788,1.440497694947855
25.585621118545532,1.7992313837112597,[1.78194392],5.0,0.6,0.0,-0.08785028245660419,0.20075242651096098,1.4419742437424226
25.595925092697144,1.801966965745573,[1.78452111],5.0,0.6,0.0,0.013742017464843818,0.21493434612152723,1.4409439065943286
25.603627920150757,1.8041163516296763,[1.78711018],5.0,0.6,0.0,0.3732783603518914,0.2171302828897016,1.443695339822555
25.613436937332153,1.806656534947253,[1.78969909],5.0,0.6,0.0,0.4670430799223969,0.20960610211893718,1.4439491445631942
25.622713327407837,1.8091967182648299,[1.79228303],5.0,0.6,0.0,0.45180952310756783,0.20455070079373094,1.4442394860496415
25.633127212524414,1.8125184964493533,[1.79487297],5.0,0.6,0.0,0.6749895424928275,0.21780651749688615,1.439287399205638
25.64275550842285,1.8148632810501932,[1.79748367],5.0,0.6,0.0,0.9244346552213873,0.21287555866146293,1.4407426072771266
25.652157068252563,1.8172080656510334,[1.80012312],5.0,0.6,0.0,0.8478109810467805,0.209958764190887,1.44275753239905
25.660285472869873,1.8195528502518732,[1.8027883],5.0,0.6,0.0,0.9466162834886396,0.1805900722674775,1.4446739755212183
25.66831088066101,1.8217022361359765,[1.80547173],5.0,0.6,0.0,1.07177731353516,0.19045849724609995,1.4478236174836903
25.679845333099365,1.8248286156037634,[1.80817801],5.0,0.6,0.0,1.1687829643991274,0.2189310713675818,1.4450448604490005
25.69014549255371,1.8277595963548137,[1.81091661],5.0,0.6,0.0,1.2242661139293929,0.18958248170286815,1.4437278191792255
25.699091911315918,1.8301043809556534,[1.81368508],5.0,0.6,0.0,0.9651076665735752,0.1986787447737903,1.4468162465239756
25.706639051437378,1.8320583681230203,[1.81647607],5.0,0.6,0.0,0.9183317976978487,0.17525842655476503,1.4519712438086518
25.718881368637085,1.8355755450242803,[1.81928921],5.0,0.6,0.0,0.6617721929280794,0.2163543337836927,1.448007693660468
25.728041887283325,1.83792032962512,[1.82213596],5.0,0.6,0.0,0.3784672837915224,0.22062716825667703,1.451285208310844
25.738967180252075,1.841046709092907,[1.8250204],5.0,0.6,0.0,0.13583671197932082,0.19316384883243193,1.4499148054984212
25.74910068511963,1.8437822911272206,[1.82793459],5.0,0.6,0.0,0.22681140456480664,0.2053009867791799,1.4509724152510413
25.76060938835144,1.8474948667452171,[1.83088394],5.0,0.6,0.0,0.12916170416165088,0.22898558396192756,1.446298036274494
25.772129774093628,1.8508166449297407,[1.83389156],5.0,0.6,0.0,-0.01222154815719935,0.23094845102645334,1.4443184290494193
25.783151149749756,1.8539430243975272,[1.8369773],5.0,0.6,0.0,-0.14067752767445538,0.23146434991302464,1.4440437627100302
25.791877031326294,1.8562878089983674,[1.84013915],5.0,0.6,0.0,0.037162200769532014,0.2217483095911919,1.449179923210711
25.80279541015625,1.8592187897494172,[1.84336887],5.0,0.6,0.0,0.003355292684708515,0.23672142409077804,1.4509973388368216
25.81463384628296,1.8627359666506773,[1.84667193],5.0,0.6,0.0,-0.09221878333847719,0.23552231889505304,1.4496921986944427
25.825694799423218,1.8660577448352007,[1.85005252],5.0,0.6,0.0,0.08762217208528099,0.23533826596636506,1.450051139980447
25.83602476119995,1.8691841243029876,[1.85350727],5.0,0.6,0.0,0.044887160360796145,0.2366798966046416,1.4520342116815927
25.845913410186768,1.8721151050540379,[1.85703278],5.0,0.6,0.0,-0.061936306482109627,0.2395113371640146,1.4555212357659677
25.855650424957275,1.8748506870883508,[1.86062559],5.0,0.6,0.0,0.10768179818343965,0.24365309912618108,1.4603287101813685
25.867774486541748,1.8785632627063478,[1.86428892],5.0,0.6,0.0,0.05675610773140438,0.2385339073733775,1.4600653761893427
25.87626075744629,1.880908047307188,[1.86802477],5.0,0.6,0.0,0.21984848282330618,0.24752654962032292,1.4673131856939694
25.88680911064148,1.8840344267749745,[1.87182063],5.0,0.6,0.0,0.1421905822803574,0.25189756603914887,1.4705902874163483
25.897631406784058,1.887160806242761,[1.87567182],5.0,0.6,0.0,0.27609816677738375,0.2540107109616134,1.4738892909278922
25.90681791305542,1.889700989560338,[1.87958007],5.0,0.6,0.0,0.17333585872289323,0.25938526522147287,1.4796994582201555
25.92211890220642,1.8945859574787545,[1.88354603],5.0,0.6,0.0,0.2878490131711311,0.23576848006851553,1.4758570170243044
25.930626153945923,1.897321539513068,[1.88757636],5.0,0.6,0.0,0.17107481936340121,0.26590404244330346,1.481163746926767
25.94166874885559,1.9010341151310648,[1.89166221],5.0,0.6,0.0,-3.970159165923859e-05,0.2677434170758652,1.4825868778225346
25.950862169265747,1.9035742984486415,[1.89578804],5.0,0.6,0.0,0.11989878719110739,0.2750703853015077,1.4879373627165675
25.960597276687622,1.9067006779164282,[1.89994635],5.0,0.6,0.0,0.0332908871157072,0.27967959068313725,1.49091647303189
25.9701828956604,1.9094362599507417,[1.9041298],5.0,0.6,0.0,-0.1037689398030803,0.28620889981453107,1.4943761120987402
25.979597330093384,1.9123672407017918,[1.90833127],5.0,0.6,0.0,0.04625066690547337,0.2916305740238947,1.4967458909815967
25.989359140396118,1.9152982214528416,[1.91254375],5.0,0.6,0.0,-0.016387241714163413,0.29696639559244725,1.4984835332005206
26.001603364944458,1.9194015945043117,[1.91676044],5.0,0.6,0.0,0.14063533894749525,0.29621527339516646,1.498591114146922
26.011194229125977,1.922332575255362,[1.92097467],5.0,0.6,0.0,0.06082832308596248,0.3010028067499337,1.499628534288974
26.018646478652954,1.9248727585729384,[1.92517995],5.0,0.6,0.0,0.19523392995931674,0.3073501176797696,1.4999527543640578
26.028347969055176,1.9279991380407253,[1.92936993],5.0,0.6,0.0,0.09469776920916705,0.31049539396938347,1.4996175827342528
26.03760576248169,1.9309301187917753,[1.93353846],5.0,0.6,0.0,0.21251421627500428,0.3140351066552197,1.498606613939715
26.046931266784668,1.9342518969762987,[1.93767419],5.0,0.6,0.0,0.37570490751974694,0.2897752937431739,1.497555260331603
26.055354356765747,1.9367920802938754,[1.9417616],5.0,0.6,0.0,0.7940297748420504,0.3020503069937525,1.4946038348181072
26.065027236938477,1.9401138584783988,[1.94579291],5.0,0.6,0.0,0.9294594050932524,0.3074682334918859,1.492927763136647
26.073556900024414,1.9428494405127124,[1.94976678],5.0,0.6,0.0,0.6608732667200801,0.31369522657776644,1.4901507066679023
26.08430576324463,1.946562016130709,[1.95368185],5.0,0.6,0.0,0.5813332976187455,0.3134445870018047,1.4896612983678423
26.091644048690796,1.9491021994482856,[1.95753676],5.0,0.6,0.0,0.5708027895808634,0.31759336021855095,1.4856299152880268
26.100672721862793,1.952423977632809,[1.96132538],5.0,0.6,0.0,0.577644491057586,0.28667118970918054,1.4840295989093548
26.1121084690094,1.956527350684279,[1.96503775],5.0,0.6,0.0,0.5818483868247003,0.2904635139414264,1.4853670781272026
26.121578693389893,1.960044527585539,[1.96867052],5.0,0.6,0.0,0.3013836286370677,0.2942909761385165,1.48516103202664
26.131622314453125,1.9637571032035361,[1.97222594],5.0,0.6,0.0,0.25496562406666684,0.29392866332449025,1.4857097590709554
26.1396541595459,1.9664926852378493,[1.97570606],5.0,0.6,0.0,0.2896705075405961,0.29638148076314735,1.4831035734808986
26.147595167160034,1.9692282672721628,[1.97910843],5.0,0.6,0.0,0.06438862733556966,0.2659519500910208,1.4806627325240393
26.157639741897583,1.972550045456686,[1.9824267],5.0,0.6,0.0,0.07346026261553582,0.27089545151012356,1.4806753876090153
26.16885232925415,1.9762626210746828,[1.98566438],5.0,0.6,0.0,-0.12064976365160453,0.30341569141927305,1.4824658955445265
26.17935276031494,1.9799751966926797,[1.98883371],5.0,0.6,0.0,-0.341855582782318,0.29387693793453007,1.484340863638448
26.189407348632812,1.9836877723106763,[1.99194113],5.0,0.6,0.0,-0.525654874586907,0.284323933602469,1.486263151335096
26.19864797592163,1.9872049492119364,[1.99498395],5.0,0.6,0.0,-0.38014118097585886,0.2461139837358801,1.4878627982734218
26.2078959941864,1.9905267273964597,[1.99796038],5.0,0.6,0.0,-0.427712973354045,0.2786865984079684,1.488872855342676
26.21773076057434,1.9936531068642462,[2.00087737],5.0,0.6,0.0,-0.5232870959886744,0.2721721825300723,1.4894125083248195
26.229732513427734,1.9977564799157166,[2.00374138],5.0,0.6,0.0,-0.6098794405133898,0.26155537339885343,1.4925849972580116
26.238673210144043,2.0006874606667666,[2.00655061],5.0,0.6,0.0,-0.6698085537409031,0.22649280770090868,1.492814412552764
26.248661756515503,2.004400036284763,[2.00930416],5.0,0.6,0.0,-0.7017278723326215,0.2585374429070806,1.4948350436827655
26.258103132247925,2.007917213186023,[2.01200963],5.0,0.6,0.0,-0.710142632051183,0.25068703427412514,1.4962807621446008
26.267037868499756,2.0112389913705466,[2.01467025],5.0,0.6,0.0,-0.9769067675600802,0.21334805484481886,1.4969381471448353
26.275127410888672,2.01397457340486,[2.01728161],5.0,0.6,0.0,-0.9884129754374609,0.21988195596964272,1.4970883724641098
26.284130573272705,2.017100952872647,[2.01984448],5.0,0.6,0.0,-1.1797173550941116,0.22252746960231296,1.4974608078654221
26.29163384437561,2.0196411361902236,[2.02236018],5.0,0.6,0.0,-1.102373945989234,0.19316862058401224,1.4976186539517633
26.299572944641113,2.0221813195078004,[2.02482272],5.0,0.6,0.0,-1.2160310689597438,0.17083905646304537,1.4975060153367017
26.311519145965576,2.0260892938425337,[2.02723167],5.0,0.6,0.0,-1.3550031370666875,0.21703095956235624,1.4983741532663757
26.320632219314575,2.0288248758768472,[2.02959902],5.0,0.6,0.0,-1.4594618869224636,0.21920521864855982,1.4982970655904302
26.33062982559204,2.0319512553446337,[2.03193549],5.0,0.6,0.0,-1.7914850028643297,0.21800393259988796,1.497616556119138
26.339595317840576,2.0346868373789473,[2.03424279],5.0,0.6,0.0,-1.8361632729440072,0.1852454964968918,1.4974571098639546
26.353590488433838,2.038985609147154,[2.03652663],5.0,0.6,0.0,-2.033832031744133,0.2452198514285802,1.4957216835312581
26.36266779899597,2.0417211911814674,[2.03879999],5.0,0.6,0.0,-2.218800679359369,0.20615566333895027,1.4946434295392073
26.372525215148926,2.0444567732157806,[2.04106619],5.0,0.6,0.0,-2.337910239973871,0.20531847556472668,1.4936511831146184
26.383764266967773,2.0475831526835675,[2.04332419],5.0,0.6,0.0,-2.3851274351776395,0.2023528033892258,1.4921619317973027
26.392001628875732,2.0499279372844073,[2.04557702],5.0,0.6,0.0,-2.095564132729673,0.20270008150429042,1.492962768152479
26.402735948562622,2.053054316752194,[2.04783111],5.0,0.6,0.0,-1.7274277679102066,0.2268998486156445,1.4923421119014861
26.41163420677185,2.0555945000697706,[2.05009183],5.0,0.6,0.0,-1.3832076531078448,0.18895612560365302,1.4925402221630863
26.42227053642273,2.058525480820821,[2.05235583],5.0,0.6,0.0,-1.371530260464895,0.1882846907979121,1.4910176694909256
26.43064045906067,2.0606748667049244,[2.05462013],5.0,0.6,0.0,-1.1766536061551354,0.19076819525840732,1.4916652809761481
26.440881490707397,2.063215050022501,[2.05688595],5.0,0.6,0.0,-0.9456935106337014,0.19070815375342914,1.4913552124330316
26.449605703353882,2.065559834623341,[2.05915422],5.0,0.6,0.0,-0.7356486430634922,0.19103326593682174,1.491424504349433
26.459202766418457,2.068100017940918,[2.06142556],5.0,0.6,0.0,-0.8394575796939174,0.1901900617476731,1.4906055901073103
26.467578172683716,2.0702494038250214,[2.06369656],5.0,0.6,0.0,-0.738491892682096,0.15950514603425744,1.491043020127508
26.47722053527832,2.072594188425861,[2.06596047],5.0,0.6,0.0,-0.5819103546775556,0.16841452414054373,1.4909853576638814
26.486070156097412,2.0751343717434376,[2.06821508],5.0,0.6,0.0,-0.7062264402967697,0.17219554112250823,1.4900992333519867
26.496177434921265,2.077479156344278,[2.07046192],5.0,0.6,0.0,-0.6128584274929376,0.1747583501938558,1.4899205021681203
26.50555658340454,2.0796285422283813,[2.07270227],5.0,0.6,0.0,-0.7358201159784263,0.1793907066847605,1.4900483430261653
26.513566970825195,2.0813871306790115,[2.07493388],5.0,0.6,0.0,-0.620209046396359,0.15242770237272396,1.491419446371152
26.522915601730347,2.0833411178463783,[2.07715136],5.0,0.6,0.0,-0.7183395030590931,0.1650424697711278,1.491982679564253
26.53279447555542,2.0852951050137447,[2.07935368],5.0,0.6,0.0,-0.8580298703699684,0.17291522009643656,1.4924170104421217
26.54389762878418,2.0874444908978482,[2.08154336],5.0,0.6,0.0,-0.9742650006760771,0.17683454090885556,1.4923534380649248
26.55653476715088,2.0901800729321613,[2.08372559],5.0,0.6,0.0,-1.0491716899003296,0.20357954862655198,1.4908837993653545
26.56773591041565,2.092329458816265,[2.08590783],5.0,0.6,0.0,-1.0839482898648747,0.19642259378923713,1.4909125994992394
26.576576471328735,2.0938926485501583,[2.08809254],5.0,0.6,0.0,-1.0861880676161713,0.19360142333183777,1.492416848339456
26.585402250289917,2.0956512370007885,[2.09027788],5.0,0.6,0.0,-0.7884528143519385,0.19044421099211506,1.4937795023224112
26.59516739845276,2.097214426734682,[2.09246186],5.0,0.6,0.0,-0.7172722251273504,0.18883276331497614,1.495109969044018
26.603017568588257,2.098777616468575,[2.09463909],5.0,0.6,0.0,-0.7239592829746752,0.1598083296795762,1.4961903769220004
26.615018844604492,2.100731603635942,[2.09680456],5.0,0.6,0.0,-0.745761670792509,0.19216840403636135,1.4965065793309529
26.623108863830566,2.1020993946530986,[2.09895685],5.0,0.6,0.0,-0.4833012414472112,0.16311965454897076,1.4978529883973712
26.63206958770752,2.1034671856702554,[2.10109143],5.0,0.6,0.0,-0.4494144113323671,0.16953608763521627,1.4987214687243378
26.63965106010437,2.1048349766874117,[2.10320122],5.0,0.6,0.0,-0.21413544527684783,0.14674180648156823,1.499432176416543
26.6486337184906,2.1062027677045685,[2.10528021],5.0,0.6,0.0,0.04385841034434655,0.1581364035409759,1.499828359438521
26.65856623649597,2.1073751600049886,[2.10732613],5.0,0.6,0.0,-0.016417032765132906,0.16692001982519733,1.4999993186657747
26.669570922851562,2.108938349738882,[2.10933984],5.0,0.6,0.0,-0.16752585148197627,0.17103308557773086,1.499946870727365
26.680583477020264,2.1105015394727755,[2.11132184],5.0,0.6,0.0,-0.3171620313703137,0.17326881251839238,1.4997905542793855
26.688939332962036,2.1112831343397223,[2.1132724],5.0,0.6,0.0,-0.15804884332206884,0.1776591248854111,1.4991902828617378
26.696808099746704,2.1122601279234052,[2.11519151],5.0,0.6,0.0,-0.20389163808613242,0.18013109074304287,1.4982519351713055
26.704915285110474,2.1132371215070886,[2.11707654],5.0,0.6,0.0,-0.3045734286536196,0.15836705086556754,1.4969870577680482
26.714961767196655,2.1144095138075087,[2.11892509],5.0,0.6,0.0,-0.40012895451807756,0.18821444431357048,1.495811047049403
26.724170684814453,2.1153865073911917,[2.12073747],5.0,0.6,0.0,-0.1950383661010924,0.16495364895526088,1.4942614864231272
26.73233962059021,2.116168102258139,[2.12251163],5.0,0.6,0.0,-0.20580483997008958,0.17115262111609153,1.491952699880004
26.743276357650757,2.1173404945585586,[2.12424564],5.0,0.6,0.0,-0.2815619997805069,0.1736841763795812,1.4904500949014994
26.75266695022583,2.1181220894255053,[2.12594002],5.0,0.6,0.0,-0.36047355610268145,0.17641538368152732,1.4877536860033511
26.76177716255188,2.1190990830091887,[2.12759685],5.0,0.6,0.0,-0.1450435900485135,0.19523439990213606,1.4856457100573728
26.772993087768555,2.120076076592872,[2.12921949],5.0,0.6,0.0,-0.15006518393754936,0.1888741499792972,1.4834018477884874
26.782737016677856,2.1208576714598184,[2.1308068],5.0,0.6,0.0,-0.22331729508211853,0.16702051414530564,1.4803605199210463
26.791747093200684,2.121443867610029,[2.13235738],5.0,0.6,0.0,-0.025903564445857855,0.20343503551465575,1.476460041788218
26.803546667099,2.1222254624769756,[2.13388059],5.0,0.6,0.0,-0.054571558482372835,0.24863817228983448,1.4731951318980876
26.814669370651245,2.1230070573439224,[2.13538947],5.0,0.6,0.0,0.12610226938385521,0.24038891506091561,1.4697887542672154
26.823461771011353,2.1235932534941324,[2.13688612],5.0,0.6,0.0,0.06230454969692925,0.21228911475484313,1.4652742370140444
26.832594633102417,2.124179449644342,[2.13836492],5.0,0.6,0.0,0.2071992635206995,0.2101042729982345,1.460521607876406
26.84105134010315,2.1249610445112888,[2.13982206],5.0,0.6,0.0,0.3892765541461744,0.20613122680901616,1.4566785654582652
26.850220918655396,2.125547240661499,[2.14125536],5.0,0.6,0.0,0.820098990311858,0.2016239582874544,1.4513484407770598
26.858548402786255,2.125938038094972,[2.14266076],5.0,0.6,0.0,0.9632815529075942,0.1836735474226213,1.4449151787696792
26.867579698562622,2.1265242342451827,[2.14403269],5.0,0.6,0.0,0.9750800106857404,0.18314996897345676,1.4398251266391158
26.876052856445312,2.1271104303953923,[2.14536719],5.0,0.6,0.0,1.2066684792852134,0.1801806986420494,1.434428784039517
26.88459873199463,2.1275012278288656,[2.14666146],5.0,0.6,0.0,1.1745091409051427,0.1760509638874361,1.428181936168052
26.895615100860596,2.1280874239790757,[2.14791273],5.0,0.6,0.0,1.04943917327902,0.17509424968982468,1.4235825605232597
26.90371346473694,2.128478221412549,[2.14911764],5.0,0.6,0.0,1.181660366483955,0.1600013689305177,1.4172928932230355
26.911604166030884,2.1288690188460224,[2.15027104],5.0,0.6,0.0,1.0813890026910937,0.14909282184401465,1.4115918504540463
26.922199249267578,2.129064417562759,[2.15136759],5.0,0.6,0.0,0.9123299266332526,0.14413799486460213,1.4046831762977485
26.934446334838867,2.129455214996232,[2.15240298],5.0,0.6,0.0,0.466256112878826,0.1348289774645022,1.3998746526935844
26.947139501571655,2.1296506137129687,[2.15337234],5.0,0.6,0.0,0.010142504844886852,0.11919538009274099,1.3935579128698696
26.956358432769775,2.129846012429706,[2.15427034],5.0,0.6,0.0,-0.3626640414787484,0.11479429810281896,1.3874351377673544
26.96553373336792,2.129846012429706,[2.1550925],5.0,0.6,0.0,-0.35742214195374705,0.10311061690288525,1.3802185152360225
26.97551679611206,2.129846012429706,[2.1558342],5.0,0.6,0.0,-0.5031938977504713,0.09086004535086416,1.3734600488740603
26.98872399330139,2.129846012429706,[2.15648874],5.0,0.6,0.0,-0.9398954498650919,0.06240798703496852,1.3669926976013622
26.997544288635254,2.129846012429706,[2.15704969],5.0,0.6,0.0,-1.0999859964152345,0.06898158830167336,1.3615243056280066
27.007546186447144,2.129846012429706,[2.15751373],5.0,0.6,0.0,-0.8513524036934105,0.053541870157726025,1.357504178213025
27.01658606529236,2.129846012429706,[2.1578774],5.0,0.6,0.0,-0.5081337918988649,0.03781231067450698,1.3543822227980917
27.02542018890381,2.129846012429706,[2.15813567],5.0,0.6,0.0,-0.1935727347010624,0.021929130502138995,1.3520639615706882
27.035069704055786,2.129846012429706,[2.15828369],5.0,0.6,0.0,0.05431686186541468,0.005515189771117446,1.350659925471732
27.0435528755188,2.1296506137129687,[2.15831952],5.0,0.6,0.0,0.5090257820972711,0.018054637575791465,1.3482256700929347
27.05586886405945,2.1296506137129687,[2.158241],5.0,0.6,0.0,0.9378275203201636,-0.034524416835815336,1.3485274645944554
27.066668272018433,2.129455214996232,[2.15803689],5.0,0.6,0.0,0.9895225257512974,-0.07799359679260084,1.348538007985995
27.079017400741577,2.129064417562759,[2.15769378],5.0,0.6,0.0,0.8980928418825479,-0.08358568593515192,1.3482030426986833
27.087528944015503,2.1288690188460224,[2.15720978],5.0,0.6,0.0,0.7671715338917116,-0.05929761614556355,1.3511608332734644
27.096054315567017,2.1282828226958124,[2.15659056],5.0,0.6,0.0,0.6392029130451131,-0.07640573467511928,1.3516134026073123
27.10535717010498,2.127892025262339,[2.15583758],5.0,0.6,0.0,0.25279030078460074,-0.09288931641546934,1.3553483467615142
27.115550756454468,2.1269150316786556,[2.15494862],5.0,0.6,0.0,-0.4224947236697942,-0.10497942536495035,1.3544204076641968
27.124554872512817,2.1263288355284455,[2.15392203],5.0,0.6,0.0,-0.7813842138415668,-0.11801805580936776,1.3582961634145694
27.134441375732422,2.1251564432280254,[2.15275678],5.0,0.6,0.0,-1.2368670879542791,-0.1272353990810681,1.357545220568638
27.14255166053772,2.124179449644342,[2.15145729],5.0,0.6,0.0,-1.8981072402377865,-0.10142446391186896,1.359052797516717
27.152934551239014,2.1230070573439224,[2.15002779],5.0,0.6,0.0,-2.4771883202755736,-0.15288442604106706,1.3595897415776226
27.162922382354736,2.1216392663267656,[2.1484628],5.0,0.6,0.0,-2.890062513999749,-0.1571343866291897,1.3597949481958544
27.171462535858154,2.120271475309609,[2.14676351],5.0,0.6,0.0,-3.412329603034032,-0.12911054013001766,1.3604473762144444
27.182618141174316,2.118317488142242,[2.1449418],5.0,0.6,0.0,-3.8296425022052527,-0.14147895051493828,1.357020979965476
27.194629430770874,2.116168102258139,[2.14299786],5.0,0.6,0.0,-3.811876631692889,-0.1768194397217581,1.3552158612974892
27.20353889465332,2.1144095138075087,[2.14092738],5.0,0.6,0.0,-3.8876867528381203,-0.14987120204402435,1.3576771893330566
27.212501287460327,2.1126509253568786,[2.13873835],5.0,0.6,0.0,-3.6565338195667785,-0.16023991982723246,1.3628915644018922
27.22252058982849,2.1105015394727755,[2.13643822],5.0,0.6,0.0,-3.326579434260047,-0.16711645479660456,1.3659457544312528
27.23551106452942,2.107179761288252,[2.13402259],5.0,0.6,0.0,-3.263621721073757,-0.18602281256755987,1.3579284055426963
27.24638056755066,2.1048349766874117,[2.1314825],5.0,0.6,0.0,-3.5354738008414297,-0.1844323715175545,1.3583869474157464
27.255529403686523,2.1022947933698353,[2.12881691],5.0,0.6,0.0,-2.992941974138304,-0.1833286586032778,1.3621394911264268
27.26355266571045,2.099950008768995,[2.12603777],5.0,0.6,0.0,-2.8074209922928564,-0.1614385213648511,1.3669101180253929
27.27554440498352,2.096432831867735,[2.12315585],5.0,0.6,0.0,-2.738417437134712,-0.18403466659322096,1.3613555447440349
27.28554654121399,2.093501851116685,[2.12016857],5.0,0.6,0.0,-2.6871821596043186,-0.18286605238552897,1.3620815277464677
27.296518802642822,2.089984674215425,[2.11707427],5.0,0.6,0.0,-2.343118424606883,-0.1800593684810322,1.3594229945123084
27.30754828453064,2.0858813011639548,[2.11387164],5.0,0.6,0.0,-2.21805697453798,-0.17554561245638653,1.3513185628417048
27.317559957504272,2.0825595229794316,[2.11056047],5.0,0.6,0.0,-2.1606592520346943,-0.1699022716526586,1.351402835050382
27.329633235931396,2.0784561499279612,[2.10714767],5.0,0.6,0.0,-1.8339885463800791,-0.17064580633139648,1.3457009393569068
27.339953422546387,2.0747435743099647,[2.10363286],5.0,0.6,0.0,-1.7367098713472064,-0.16964257703427874,1.3440286582517869
27.354249477386475,2.0688816128078646,[2.10000971],5.0,0.6,0.0,-1.7109378599746474,-0.14427206568624584,1.3216551951842768
27.361881971359253,2.0657552333400777,[2.09628049],5.0,0.6,0.0,-1.4165180624630898,-0.15856220499533238,1.328484769630427
27.370506048202515,2.0626288538722912,[2.09246187],5.0,0.6,0.0,-0.5224585032350957,-0.16175264351939267,1.3367377765698851
27.382304906845093,2.057743885953874,[2.08856184],5.0,0.6,0.0,-0.150993474306224,-0.14888060430140027,1.3269841292667288
27.391513109207153,2.053835911619141,[2.08458111],5.0,0.6,0.0,0.5355064014188408,-0.15400181848680897,1.3275288349127048
27.401517152786255,2.049732538567671,[2.08053503],5.0,0.6,0.0,0.9105480849288423,-0.15423686104563367,1.3265419311448259
27.4105224609375,2.0462153616664107,[2.0764372],5.0,0.6,0.0,1.3791540933382533,-0.15717645375234027,1.3316275154039134
27.420231103897095,2.0423073873316775,[2.07229267],5.0,0.6,0.0,1.7723028236473484,-0.158218770156301,1.333084982168599
27.430400133132935,2.038204014280207,[2.0681061],5.0,0.6,0.0,2.321226777444399,-0.15846873860887956,1.3322557004985103
27.438586711883545,2.0346868373789473,[2.06388892],5.0,0.6,0.0,2.7881600806538076,-0.1487157845163444,1.3374455094735351
27.448986768722534,2.0307788630442136,[2.05965096],5.0,0.6,0.0,3.1065171457962815,-0.16218757124515756,1.3393044836067676
27.456812620162964,2.0274570848596905,[2.0553936],5.0,0.6,0.0,3.5553049738332945,-0.16040909703830433,1.3461609863313853
27.469848155975342,2.0219859207910633,[2.05111801],5.0,0.6,0.0,3.9181581605093436,-0.15875129065498123,1.3325893977528542
27.47964072227478,2.01807794645633,[2.04681795],5.0,0.6,0.0,4.137380389272571,-0.1617402864507818,1.3351446142731094
27.489530324935913,2.014169972121597,[2.04248816],5.0,0.6,0.0,3.943014301772929,-0.16426339928445044,1.34037608935318
27.5006902217865,2.0092850042031802,[2.03813141],5.0,0.6,0.0,3.881124521118923,-0.1618527852862014,1.3355997738678456
27.51158595085144,2.0045954350015,[2.03375004],5.0,0.6,0.0,4.103116035018803,-0.16041846158596906,1.331289660675344
27.520764112472534,2.00049206195003,[2.02934597],5.0,0.6,0.0,4.049063186025144,-0.16185299459238092,1.334558085054652
27.529534578323364,1.9973656824822434,[2.02492075],5.0,0.6,0.0,3.591766975577624,-0.16812593156247066,1.3496000054182418
27.538545608520508,1.9934577081475098,[2.02048316],5.0,0.6,0.0,3.3244498386986,-0.16603310938546958,1.3559330847577313
27.548974752426147,1.989745132529513,[2.01604049],5.0,0.6,0.0,3.1292028214513126,-0.16977990111952745,1.3636105783510575
27.557706594467163,1.9860325569115163,[2.01158381],5.0,0.6,0.0,3.2327472418237537,-0.17481631216872048,1.369872865555044
27.56816554069519,1.981538386426573,[2.00710565],5.0,0.6,0.0,3.097997738658399,-0.1755737229505633,1.3703548416779736
27.576517820358276,1.9782166082420496,[2.00261488],5.0,0.6,0.0,2.598905665172627,-0.18164071924695507,1.3827561012268448
27.584686756134033,1.9748948300575262,[1.99812669],5.0,0.6,0.0,2.32217426970265,-0.19013217977477218,1.3936799154558894
27.5925350189209,1.971963849306476,[1.99365391],5.0,0.6,0.0,2.141755886456686,-0.18450432357371527,1.40679620570271
27.601474285125732,1.9684466724052159,[1.98920734],5.0,0.6,0.0,2.2769670750046833,-0.1981266152608418,1.4135652238361098
27.613538026809692,1.9633663057700625,[1.98478109],5.0,0.6,0.0,1.9087205355888166,-0.1942234430498357,1.4096571628037395
27.622847080230713,1.9592629327185926,[1.98035549],5.0,0.6,0.0,1.7014611635092625,-0.19770377454128346,1.4127142646189577
27.63074541091919,1.9561365532508057,[1.97592901],5.0,0.6,0.0,1.5650014060450244,-0.2042415852480337,1.4228224779471164
27.64053511619568,1.9520331801993358,[1.97151547],5.0,0.6,0.0,1.7345248212111792,-0.20837906700558262,1.4246632528776404
27.650367736816406,1.9479298071478657,[1.96711947],5.0,0.6,0.0,1.3974743518709176,-0.2107220350936254,1.4275464160960118
27.66087508201599,1.9436310353796589,[1.96273774],5.0,0.6,0.0,1.2206153483504485,-0.21146108777093103,1.4284807090506109
27.668932914733887,1.9403092571951355,[1.95836761],5.0,0.6,0.0,1.114293823312612,-0.21674812389774792,1.4359371010487587
27.677480220794678,1.9371828777273485,[1.95401403],5.0,0.6,0.0,1.0375149302236624,-0.21096779193850976,1.4441169767561703
27.686002731323242,1.9338610995428254,[1.94968815],5.0,0.6,0.0,0.9723865751464804,-0.22221074119984735,1.4504317929355275
27.694478750228882,1.9301485239248286,[1.94539194],5.0,0.6,0.0,0.9117154418719409,-0.22832385586724044,1.453972551524456
27.705493927001953,1.9258497521566218,[1.94111944],5.0,0.6,0.0,0.8530664640375912,-0.2297479937867656,1.4538965076336487
27.714596271514893,1.9221371765386253,[1.93686509],5.0,0.6,0.0,0.7959751284749884,-0.23312589387881485,1.4570738586026661
27.723524808883667,1.918619999637365,[1.93263093],5.0,0.6,0.0,0.7406810059391987,-0.2237411752874362,1.4610913057332127
27.73333239555359,1.9145166265858953,[1.92841797],5.0,0.6,0.0,0.6875832972084535,-0.2359660826350531,1.4617360866511024
27.74250841140747,1.9106086522511616,[1.92421919],5.0,0.6,0.0,0.36099203913664546,-0.23308939398807385,1.4635315841833818
27.754414796829224,1.9061144817662183,[1.92002795],5.0,0.6,0.0,0.28009465241975584,-0.23181467014013596,1.4619646215084847
27.763505935668945,1.902206507431485,[1.91583799],5.0,0.6,0.0,0.290320059926262,-0.23611832881003206,1.463455884369771
27.77452254295349,1.8975169382298047,[1.91164344],5.0,0.6,0.0,0.3244603390273069,-0.22613790362340844,1.4607959991676853
27.78694772720337,1.8922411728779145,[1.9074234],5.0,0.6,0.0,0.07988267000569349,-0.18319367326702787,1.4549417116205743
27.795203685760498,1.888528597259918,[1.90315993],5.0,0.6,0.0,0.06710734644124627,-0.23077614150128983,1.458085088838287
27.804261445999146,1.8852068190753946,[1.89886084],5.0,0.6,0.0,0.13059440143394574,-0.23503712455962983,1.4633874332457215
27.814541339874268,1.8812988447406611,[1.89453266],5.0,0.6,0.0,0.48104662873487003,-0.2361809317293135,1.4654073399969034
27.82335901260376,1.8775862691226646,[1.89018105],5.0,0.6,0.0,0.29946643942981893,-0.2411680415302385,1.4687055490072911
27.834797859191895,1.8728966999209842,[1.88581065],5.0,0.6,0.0,0.25351681035103524,-0.22778610785783082,1.4671482323246832
27.843583583831787,1.869379523019724,[1.88141743],5.0,0.6,0.0,0.532966809144499,-0.24623738621752328,1.471222298968555
27.854629516601562,1.8646899538180441,[1.87700601],5.0,0.6,0.0,0.5816660269537548,-0.24482900142171884,1.4698667289364873
27.863771200180054,1.8607819794833107,[1.87257226],5.0,0.6,0.0,0.5398306495787886,-0.2165743192082356,1.4723639031620337
27.871612548828125,1.8578509987322607,[1.86810487],5.0,0.6,0.0,0.47031388646088124,-0.25457021294170307,1.479026552676975
27.87953519821167,1.8547246192644742,[1.86361872],5.0,0.6,0.0,0.3994481354885786,-0.2567085914662682,1.4841847129114194
27.890938997268677,1.8500350500627938,[1.85912669],5.0,0.6,0.0,0.3368191254860884,-0.2505332605523475,1.483519872010627
27.899508237838745,1.8463224744447972,[1.85462373],5.0,0.6,0.0,0.2847000284705112,-0.26469411181970653,1.486252029305002
27.91383123397827,1.8402651142259603,[1.85009796],5.0,0.6,0.0,-0.033587008150603004,-0.18166211616149824,1.480847942827682
27.922560691833496,1.8365525386079635,[1.84553192],5.0,0.6,0.0,-0.10066418059031786,-0.2533389708937674,1.4839959153334041
27.935507774353027,1.8318629694062836,[1.84091202],5.0,0.6,0.0,-0.07289914383294258,-0.16853326553246312,1.4837523544224727
27.94431185722351,1.8279549950715501,[1.83622812],5.0,0.6,0.0,-0.01899548297198679,-0.24596607292317663,1.4864040707083082
27.9541175365448,1.8240470207368165,[1.83148858],5.0,0.6,0.0,0.033311065082330796,-0.2559933054123008,1.4889849102621897
27.962924242019653,1.8205298438355566,[1.82671729],5.0,0.6,0.0,0.0747653659017124,-0.27504959169034,1.492368188142501
27.97256875038147,1.8170126669342965,[1.82193526],5.0,0.6,0.0,0.37999010124344823,-0.2820906577902326,1.4950578680684878
27.983398914337158,1.8125184964493533,[1.81715346],5.0,0.6,0.0,0.431557975892961,-0.2834879266588434,1.4955740137199203
27.992510557174683,1.8086105221146198,[1.8123744],5.0,0.6,0.0,0.3864717495054683,-0.28768898867346243,1.4970594892124955
28.004021167755127,1.8037255541962032,[1.80760103],5.0,0.6,0.0,0.3141916246035779,-0.28719691730423996,1.4969271655753942
28.012563705444336,1.8002083772949429,[1.80283674],5.0,0.6,0.0,0.243117988616211,-0.2934967556412299,1.4985752984606995
28.020549297332764,1.7970819978271562,[1.79809217],5.0,0.6,0.0,0.18301941703350919,-0.2920322337388444,1.4997709985474892
28.03229069709778,1.7920016311920028,[1.79337701],5.0,0.6,0.0,0.1356773117854041,-0.29896921529830833,1.4996080344977882
28.04050350189209,1.7886798530074792,[1.78869289],5.0,0.6,0.0,0.09980966095279092,-0.29856357851473064,1.499992550371477
28.049482583999634,1.7851626761062194,[1.78404829],5.0,0.6,0.0,0.07325392216870916,-0.3066745175488221,1.4997476628839004
28.05849838256836,1.7814501004882224,[1.7794508],5.0,0.6,0.0,0.05386316236722885,-0.3121874153437699,1.4991987178913508
28.069154739379883,1.7769559300032791,[1.77489399],5.0,0.6,0.0,0.03981741221196411,-0.3161095814043015,1.49914886444691
28.079195976257324,1.7726571582350723,[1.7703665],5.0,0.6,0.0,0.029683638745764157,-0.3183146026555363,1.498950474641099
28.087487936019897,1.7697261774840223,[1.76587187],5.0,0.6,0.0,0.022378735067125177,-0.31181416692150454,1.497032900335228
28.095474243164062,1.7664043992994989,[1.76142597],5.0,0.6,0.0,0.017104114338116816,-0.3192919580544846,1.4950551006358406
28.10445737838745,1.762887222398239,[1.75703599],5.0,0.6,0.0,0.013280173285403648,-0.324441015635546,1.4931758710166867
28.115238189697266,1.7581976531965589,[1.7527017],5.0,0.6,0.0,0.010490537809098152,-0.3227223839439712,1.4939770392325427
28.127054691314697,1.753312685278142,[1.74842287],5.0,0.6,0.0,0.008438093015088207,-0.3192652817770878,1.4952292948276922
28.136479139328003,1.7496001096601452,[1.74419912],5.0,0.6,0.0,0.006911731015468252,-0.3209506012884046,1.4941828205754313
28.146522283554077,1.7454967366086753,[1.74003004],5.0,0.6,0.0,0.28180019536212714,-0.3203880263888804,1.4939817725828823
28.15650486946106,1.741588762273942,[1.73591508],5.0,0.6,0.0,0.3140454635433739,-0.32033176881828507,1.4935091311186817
28.16732430458069,1.7370945917889984,[1.73185351],5.0,0.6,0.0,0.2582644760424506,-0.3170186186366189,1.4944716359224968
28.17949938774109,1.7322096238705815,[1.72783889],5.0,0.6,0.0,0.18163824812445795,-0.32645022618817376,1.4961620706091021
28.191888332366943,1.727324655952165,[1.72385439],5.0,0.6,0.0,0.11067917711909075,-0.32443762609031024,1.4975852342954656
28.199509620666504,1.7241982764843784,[1.71989685],5.0,0.6,0.0,0.05369900400517296,-0.32853516743400146,1.4963042406792053
28.211491584777832,1.7191179098492249,[1.71598019],5.0,0.6,0.0,0.011401880855940873,-0.3210331186482226,1.498032777699709
28.22183871269226,1.714819138081018,[1.71210477],5.0,0.6,0.0,-0.018267669376606357,-0.32035449627379153,1.4985272828679388
28.23046088218689,1.7114973598964947,[1.70826493],5.0,0.6,0.0,-0.03801471455330102,-0.319685956779512,1.497911381383736
28.238476037979126,1.7081755817119713,[1.7044664],5.0,0.6,0.0,-0.050358597943776354,-0.2972473465557821,1.497250291000651
28.247544527053833,1.7044630060939745,[1.70071905],5.0,0.6,0.0,-0.05736902221956,-0.2986961852241148,1.4971980320558604
28.25953698158264,1.6995780381755579,[1.69702501],5.0,0.6,0.0,-0.06064166378142936,-0.29394532352724984,1.4986945182322693
28.268482446670532,1.6956700638408244,[1.69337981],5.0,0.6,0.0,-0.06136123744721935,-0.29355253012148347,1.4989486919231771
28.278473615646362,1.6913712920726174,[1.6897789],5.0,0.6,0.0,-0.06038566940467498,-0.2909230867881108,1.4994902689557543
28.29170536994934,1.685704729287254,[1.68621211],5.0,0.6,0.0,-0.05832499562724429,-0.29950114991116195,1.499945981550809
28.301925659179688,1.6817967549525208,[1.68266465],5.0,0.6,0.0,-0.05560654587329851,-0.2941860426875701,1.499847060044583
28.310757398605347,1.6782795780512607,[1.67912911],5.0,0.6,0.0,-0.05252551915778825,-0.2912968821976912,1.4998536165607756
28.32020616531372,1.6749577998667373,[1.67560442],5.0,0.6,0.0,-0.04928283150664775,-0.29014667750921835,1.4999145722281768
28.327961921691895,1.671636021682214,[1.67208934],5.0,0.6,0.0,-0.046012805709907886,-0.28973373386110196,1.4999573244313429
28.34049081802368,1.666164857613587,[1.66857672],5.0,0.6,0.0,-0.04280312826312671,-0.293432482058769,1.4988358967881408
28.349725246429443,1.6624522819955905,[1.66506018],5.0,0.6,0.0,-0.03970908416071318,-0.27118754187460653,1.4986395257991776
28.35746431350708,1.6595213012445402,[1.66155138],5.0,0.6,0.0,-0.036763633364779294,-0.24609815377017358,1.4991750886899815
28.368910789489746,1.6544409346093867,[1.65805973],5.0,0.6,0.0,-0.03398450166441196,-0.2763361247646069,1.4973834264424633
28.380520343780518,1.6499467641244434,[1.65457522],5.0,0.6,0.0,-0.031379145715813975,-0.2713811990821764,1.4957239041948163
28.390458822250366,1.6456479923562366,[1.6510889],5.0,0.6,0.0,-0.028948213440989527,-0.26745451753702365,1.4940961814059253
28.398485898971558,1.6423262141717134,[1.64760461],5.0,0.6,0.0,-0.0266879441600316,-0.24235041082168882,1.4944426634001784
28.409832000732422,1.6374412462532968,[1.64412521],5.0,0.6,0.0,0.2514465354820695,-0.2671730180608874,1.4910576597273557
28.420466423034668,1.6331424744850898,[1.64064059],5.0,0.6,0.0,0.01047288194540505,-0.2625502481621304,1.4888185378067826
28.430214405059814,1.6292345001503563,[1.63714194],5.0,0.6,0.0,-0.07595591120760738,-0.26010742074094256,1.4875680499089894
28.439446926116943,1.6257173232490965,[1.63363384],5.0,0.6,0.0,-0.09528831768347024,-0.23628915888297616,1.487537223186586
28.44844627380371,1.6220047476310997,[1.63012626],5.0,0.6,0.0,0.18783928907203112,-0.24370750432551005,1.4868685636554384
28.460512161254883,1.6171197797126828,[1.62661512],5.0,0.6,0.0,0.236272343656889,-0.2581825395041354,1.4820877682387348
28.47023606300354,1.6132118053779496,[1.62308441],5.0,0.6,0.0,0.19709620394777735,-0.2552916243652394,1.480666191100085
28.479835748672485,1.6091084323264795,[1.61952692],5.0,0.6,0.0,0.1347882157734021,-0.25155249062611906,1.4785114362537135
28.48948645591736,1.6050050592750094,[1.61594304],5.0,0.6,0.0,0.07525283155709567,-0.2481467660587282,1.476351912399363
28.497843265533447,1.6014878823737493,[1.61233964],5.0,0.6,0.0,0.02701891483760054,-0.22658645406635153,1.4767225131662878
28.511477947235107,1.595821319588386,[1.60872282],5.0,0.6,0.0,-0.008735712149171798,-0.2405048932969888,1.4672582240681185
28.520477533340454,1.5923041426871256,[1.60509169],5.0,0.6,0.0,-0.03357380016877729,-0.22107483582160747,1.4678238720741343
28.53046727180481,1.588200769635656,[1.60145201],5.0,0.6,0.0,-0.049774640315187996,-0.22396186054691472,1.4654885980582668
28.539484977722168,1.584488194017659,[1.59780884],5.0,0.6,0.0,-0.059518831334836354,-0.2268698324233482,1.4651317429986843
28.55187439918518,1.579212428665769,[1.59415434],5.0,0.6,0.0,-0.06461835906592595,-0.23229530511581453,1.456326971080072
28.56047296524048,1.5758906504812455,[1.59048223],5.0,0.6,0.0,-0.06647797464036828,-0.21731183815981883,1.4583077879478563
28.569495916366577,1.5725688722967222,[1.58679395],5.0,0.6,0.0,-0.06614327584558494,-0.2350654425654771,1.4603341726807568
28.57947325706482,1.568465499245252,[1.58309136],5.0,0.6,0.0,-0.06437188128470624,-0.21405077927861585,1.4581160659892949
28.595175743103027,1.5622127403096786,[1.57937073],5.0,0.6,0.0,-0.06170197307834187,-0.21916858781790166,1.4428176840874414
28.603489637374878,1.5586955634084183,[1.57562372],5.0,0.6,0.0,-0.058509602360466866,-0.21412724251328016,1.4442963664157231
28.613523483276367,1.5545921903569486,[1.5718559],5.0,0.6,0.0,-0.05505343392188284,-0.21049799424898416,1.4421323634158458
28.624170780181885,1.550098019872005,[1.56807881],5.0,0.6,0.0,-0.051508353413448914,-0.20502325210014244,1.4373824989033614
28.63285493850708,1.5461900455372717,[1.56429704],5.0,0.6,0.0,-0.047990108274250924,-0.20246770513519327,1.4365292857003646
28.64150333404541,1.5428682673527483,[1.56051503],5.0,0.6,0.0,-0.0445730894010436,-0.20295009648908485,1.4396167129927129
28.652510404586792,1.538374096867805,[1.55673148],5.0,0.6,0.0,-0.04130302189864543,-0.21281258729907665,1.434821171606037
28.6609947681427,1.5348569199665447,[1.55294569],5.0,0.6,0.0,-0.03820594930031637,-0.19040352529129173,1.436653514639228
28.67121696472168,1.5307535469150746,[1.54916848],5.0,0.6,0.0,-0.03529455346309636,-0.18933617552729118,1.4344259313107857
28.680601119995117,1.5266501738636047,[1.54540911],5.0,0.6,0.0,-0.03257257611052804,-0.18796163797544163,1.4320392490314744
28.69144344329834,1.5223514020953979,[1.5416698],5.0,0.6,0.0,-0.30607625597240556,-0.18520286486390766,1.428007676801767
28.69948649406433,1.5192250226276112,[1.53795773],5.0,0.6,0.0,-0.3368476235331228,-0.15815195498179202,1.4321388769114134
28.70853352546692,1.5155124470096146,[1.53428406],5.0,0.6,0.0,-0.2795704552140493,-0.16774192147844852,1.4318931219804019
28.716472148895264,1.512190668825091,[1.53065233],5.0,0.6,0.0,-0.20146947485966837,-0.17590121946412765,1.434074656880013
28.726998805999756,1.508087295773621,[1.52705949],5.0,0.6,0.0,-0.40512313927760474,-0.17767970552369278,1.430419099518654
28.7375328540802,1.503788524005414,[1.52350246],5.0,0.6,0.0,-0.37990776572283846,-0.17693973556363507,1.425108726446942
28.747334241867065,1.4998805496706806,[1.51997807],5.0,0.6,0.0,-0.2812285897275698,-0.17723607638406844,1.4223358331793459
28.756457090377808,1.4959725753359474,[1.51648306],5.0,0.6,0.0,-0.17426836970880327,-0.1768774731922011,1.4192836055829772
28.764432430267334,1.4924553984346873,[1.51301969],5.0,0.6,0.0,-0.08287287488161355,-0.14718301720838545,1.4188948569382323
28.77401566505432,1.4883520253832172,[1.50958919],5.0,0.6,0.0,-0.012859891084618234,-0.18271700933938356,1.4137451465110606
28.782325267791748,1.485030247198694,[1.50618642],5.0,0.6,0.0,0.03711977593216083,-0.1546727920853037,1.414371937308761
28.792762994766235,1.4809268741472237,[1.50280633],5.0,0.6,0.0,0.07070714090142943,-0.1846961153329919,1.4086946102002427
28.802132606506348,1.477214298529227,[1.49944399],5.0,0.6,0.0,0.09178609957634154,-0.15571824873864473,1.4058887444582429
28.81144118309021,1.4733063241944937,[1.49610041],5.0,0.6,0.0,0.10373091608140149,-0.1604067232043705,1.401294739996071
28.820950508117676,1.4688121537095502,[1.4927758],5.0,0.6,0.0,0.10922025267876434,-0.16006038526155822,1.3914898506488935
28.830751657485962,1.465490375525027,[1.48946405],5.0,0.6,0.0,0.11027730776019781,-0.16392073969993845,1.3914039632016415
28.83952260017395,1.4617777999070298,[1.48616537],5.0,0.6,0.0,0.10838300003493057,-0.1344512611993124,1.387842837840334
28.851238489151,1.45708823070535,[1.4828795],5.0,0.6,0.0,0.1045976759533706,-0.16574755644472347,1.3754237134471978
28.859434604644775,1.4537664525208267,[1.47960006],5.0,0.6,0.0,0.0996674840690471,-0.13960093592136819,1.375041918192074
28.868836164474487,1.4498584781860933,[1.47632141],5.0,0.6,0.0,0.0941093714014366,-0.16689318823288493,1.369301774319722
28.877474546432495,1.4463413012848332,[1.47303289],5.0,0.6,0.0,0.08827579719160311,-0.16433214061380486,1.367191985949426
28.885406017303467,1.4432149218170465,[1.46973157],5.0,0.6,0.0,0.0824025938988163,-0.13940247554026103,1.3688086929234002
28.894436597824097,1.4393069474823132,[1.46642704],5.0,0.6,0.0,0.07664370754011553,-0.14297673750051507,1.3632033692235899
28.904778957366943,1.4350081757141062,[1.46312188],5.0,0.6,0.0,0.07109609515189555,-0.14197081110075013,1.3537810195765083
28.91384744644165,1.4314909988128461,[1.45981284],5.0,0.6,0.0,0.06581740619410278,-0.14292870525732543,1.351778157698181
28.92442560195923,1.4269968283279029,[1.45650337],5.0,0.6,0.0,0.06083845260852565,-0.10834366276872967,1.340187265722669
28.93547749519348,1.4225026578429594,[1.45319704],5.0,0.6,0.0,-0.21986640611585392,-0.13764609300781938,1.32822329203397
28.948365926742554,1.4176176899245425,[1.44988099],5.0,0.6,0.0,-0.2573443265852456,-0.14231379905815195,1.3120082109449258
28.95850896835327,1.413709715589809,[1.44654005],5.0,0.6,0.0,0.06974412355023271,-0.13411148104538415,1.306081345779412
28.967921495437622,1.4098017412550756,[1.44317383],5.0,0.6,0.0,0.17520085033359217,-0.1251496464920078,1.3003006000302817
28.977444887161255,1.4055029694868688,[1.4397938],5.0,0.6,0.0,0.18715297390466804,-0.08868778528865248,1.290408603401631
28.990416049957275,1.4002272041349793,[1.43641084],5.0,0.6,0.0,0.16447987607608144,-0.10470223000072476,1.2696054572323605
29.00060272216797,1.3963192298002454,[1.43302527],5.0,0.6,0.0,0.13299158703122882,-0.09468209099809768,1.2637735732540871
29.009907245635986,1.392411255465512,[1.4296384],5.0,0.6,0.0,0.10305168228894901,-0.08477879341217275,1.2579161846953453
29.01897621154785,1.3886986798475154,[1.42625731],5.0,0.6,0.0,0.07806231900568009,-0.07621177981243105,1.2541709407656985
29.029457807540894,1.3842045093625719,[1.42288885],5.0,0.6,0.0,0.05847826126796228,-0.06425613927986128,1.241337681385525
29.04009485244751,1.3801011363111018,[1.41953943],5.0,0.6,0.0,0.043653943750792824,-0.0546264414642992,1.232656901355974
29.047695636749268,1.3767793581265784,[1.4162192],5.0,0.6,0.0,0.308693395266669,-0.018883322469524996,1.232569561927973
29.057526111602783,1.372871383791845,[1.41293697],5.0,0.6,0.0,0.33374880420122954,-0.04970255992503708,1.2253039276213942
29.065430879592896,1.3699404030407951,[1.40969589],5.0,0.6,0.0,0.27276383807665855,-0.015290140468566268,1.228931330954918
29.074453353881836,1.366618624856272,[1.40650663],5.0,0.6,0.0,0.46842620836851556,0.015375143087197654,1.2272862391692037
29.08444833755493,1.3629060492382747,[1.40338197],5.0,0.6,0.0,0.7039320561304375,0.005095388844719581,1.2202391853203647
29.092427015304565,1.359975068487225,[1.4003239],5.0,0.6,0.0,0.8990742078895197,-0.0042903229272879175,1.2214885131056843
29.102691173553467,1.3560670941524915,[1.39732536],5.0,0.6,0.0,1.033353350206791,-0.03525300107262091,1.2106566216223067
29.11045742034912,1.3535269108349148,[1.39437982],5.0,0.6,0.0,1.3861596859197127,-0.0019669766411842763,1.2147743980820946
29.119410753250122,1.3505959300838646,[1.39149323],5.0,0.6,0.0,1.725664657889459,0.026731522450911305,1.213471240934529
29.130330801010132,1.3470787531826045,[1.38866995],5.0,0.6,0.0,2.527749389522376,-0.016728246514173595,1.2028030092081368
29.13882064819336,1.3445385698650278,[1.38590101],5.0,0.6,0.0,3.02001735240366,-0.01849196256638968,1.203483796312299
29.146496772766113,1.3421937852641879,[1.38318213],5.0,0.6,0.0,3.006714834891882,0.011489977049931101,1.2079321935150902
29.15573215484619,1.3396536019466112,[1.38051705],5.0,0.6,0.0,3.34914224235954,0.0007592380199048833,1.2077989016572153
29.16545867919922,1.3369180199122979,[1.37790436],5.0,0.6,0.0,3.70086377134335,-0.006143382396010158,1.204547934807159
29.175838232040405,1.3339870391612478,[1.3753383],5.0,0.6,0.0,4.220378911371062,-0.009749971167809126,1.1972739451525962
29.184757947921753,1.3318376532771445,[1.37281352],5.0,0.6,0.0,4.092494451255714,-0.01535939344400608,1.2024495158036088
29.192413091659546,1.3300790648265144,[1.37032503],5.0,0.6,0.0,3.7313354339011595,-0.021943541647416357,1.213030659455226
29.20300841331482,1.3275388815089375,[1.36786823],5.0,0.6,0.0,3.5949445568848395,-0.02332154466145123,1.2127885650543688
29.2113037109375,1.3257802930583074,[1.36544285],5.0,0.6,0.0,3.5137039530079415,0.0037022886343993943,1.2209570656691162
29.22118091583252,1.323630907174204,[1.36305223],5.0,0.6,0.0,3.4234930043824336,-0.00876780092686491,1.2242055839490391
29.2315354347229,1.3214815212901008,[1.36069099],5.0,0.6,0.0,3.306451768934163,-0.04789749780817165,1.227227798384122
29.239715576171875,1.3197229328394708,[1.35835036],5.0,0.6,0.0,2.887293234958223,-0.01759471360873473,1.235825553778961
29.24970817565918,1.3179643443888407,[1.3560304],5.0,0.6,0.0,2.4158455334923232,-0.027485794214051246,1.244083844339667
29.257426023483276,1.3164011546549474,[1.35373472],5.0,0.6,0.0,1.7121072772925243,-0.0035143660877407766,1.2545449605781527
29.265761375427246,1.3150333636377907,[1.35146606],5.0,0.6,0.0,1.3227748034975924,-0.02210391470626879,1.2655460097075397
29.27349543571472,1.3132747751871607,[1.34922637],5.0,0.6,0.0,0.5407041446587588,-0.0005683830530964012,1.271988763091835
29.281412601470947,1.3119069841700037,[1.34701693],5.0,0.6,0.0,0.05031512535785476,-0.022354121872215662,1.2814969730859154
29.28995633125305,1.310148395719374,[1.3448345],5.0,0.6,0.0,-0.529620633527524,-0.03674771449511747,1.2859275187746038
29.29792881011963,1.3087806047022175,[1.34267213],5.0,0.6,0.0,-0.7458088410899936,-0.049213571033815726,1.294336560873937
29.30742645263672,1.3070220162515873,[1.34052757],5.0,0.6,0.0,-1.0708832312751122,-0.024085396761742973,1.298043143234133
29.31588053703308,1.3058496239511672,[1.33840256],5.0,0.6,0.0,-1.356404239354326,-0.0430661390022266,1.3076466004415392
29.32514715194702,1.304091035500537,[1.33629447],5.0,0.6,0.0,-1.5586632159881213,-0.05480248714713359,1.3108793062093795
29.33684802055359,1.301746250899697,[1.33419318],5.0,0.6,0.0,-1.9530170140228733,-0.08960835614841459,1.3072985913924404
29.346009254455566,1.3001830611658038,[1.33209007],5.0,0.6,0.0,-2.310861918753854,-0.05815157471236568,1.3118198903042297
29.354417085647583,1.2986198714319104,[1.32998951],5.0,0.6,0.0,-2.56123008491711,-0.03330596534642744,1.316486529605738
29.366343021392822,1.296079688114334,[1.32789529],5.0,0.6,0.0,-2.6986860286715206,-0.0763463393410487,1.3113380713590779
29.37443256378174,1.2945164983804403,[1.3258029],5.0,0.6,0.0,-2.7412833751528893,-0.04780763908437757,1.3166404688771798
29.383418560028076,1.2925625112130739,[1.32371239],5.0,0.6,0.0,-2.988385716657703,-0.057400174219548024,1.317002167262959
29.394595623016357,1.2902177266122334,[1.3216201],5.0,0.6,0.0,-3.21852859307424,-0.09147839851956584,1.3133564463401124
29.404454946517944,1.2878729420113935,[1.31951541],5.0,0.6,0.0,-3.636899391775059,-0.08559476046704508,1.308776938406355
29.4124493598938,1.2861143535607635,[1.31739713],5.0,0.6,0.0,-3.7167079773182636,-0.05323252022213427,1.3120623467271724
29.421655416488647,1.2839649676766602,[1.31527209],5.0,0.6,0.0,-3.903773762922367,-0.059169025006798784,1.310773329406478
29.429893255233765,1.2820109805092936,[1.31314235],5.0,0.6,0.0,-3.7669502228475293,-0.06443202537783149,1.313343785263326
29.437398672103882,1.2804477907754,[1.31100968],5.0,0.6,0.0,-3.7826657495228555,-0.037955072998607835,1.3190661835515383
29.448394060134888,1.2777122087410866,[1.30887555],5.0,0.6,0.0,-3.523082556950392,-0.07817617752015825,1.3143130746605292
29.457414150238037,1.2755628228569833,[1.30673733],5.0,0.6,0.0,-3.457935352364278,-0.046135298642575026,1.314530922135319
29.466416835784912,1.27341343697288,[1.30459651],5.0,0.6,0.0,-3.150240920873995,-0.055118984980518676,1.3159321236551793
29.476425886154175,1.2706778549385667,[1.30245414],5.0,0.6,0.0,-2.785105333253273,-0.05920496105204809,1.311397701550442
29.48605728149414,1.2681376716209898,[1.300307],5.0,0.6,0.0,-2.4374281910074442,-0.062743900354184,1.30863850481173
29.495228052139282,1.2655974883034131,[1.29815201],5.0,0.6,0.0,-2.4082205465856026,-0.0653577251522214,1.3046990123472606
29.505412817001343,1.2628619062690998,[1.29598614],5.0,0.6,0.0,-2.182172526665573,-0.06700571846153744,1.2994337054037626
29.51748490333557,1.2597355268013128,[1.29380641],5.0,0.6,0.0,-2.185543318978592,-0.06576287712356652,1.2892721857242602
29.529422283172607,1.2566091473335264,[1.29160559],5.0,0.6,0.0,-1.9598816387848053,-0.09408358638167774,1.2798923086937302
29.53834891319275,1.2542643627326862,[1.28937717],5.0,0.6,0.0,-1.6798286420151507,-0.05910121988338628,1.2793712075780124
29.549717903137207,1.2509425845481628,[1.28711931],5.0,0.6,0.0,-1.4153137669901428,-0.0905901835421398,1.2682136993097202
29.560238122940063,1.2480116037971127,[1.28482541],5.0,0.6,0.0,-1.1890762282178517,-0.08532070504729572,1.2615260319400545
29.56941866874695,1.245471420479536,[1.28248958],5.0,0.6,0.0,-1.0038802093469947,-0.08362073618696125,1.2595301511966213
29.57739281654358,1.243126635878696,[1.28011583],5.0,0.6,0.0,-1.1310786006363625,-0.05177251183506272,1.2596543228166592
29.58641219139099,1.2403910538443828,[1.27771218],5.0,0.6,0.0,-1.0450889947660553,-0.06135623384544135,1.256050441868474
29.595937490463257,1.2376554718100692,[1.2752804],5.0,0.6,0.0,-0.89424981098849,-0.06869736454051625,1.2528291778972505
29.6077983379364,1.2341382949088093,[1.27281182],5.0,0.6,0.0,-0.740457510310659,-0.09794939406649447,1.2410563500143923
29.61579704284668,1.2315981115912327,[1.27029884],5.0,0.6,0.0,-0.6060493529960402,-0.06680944906223825,1.2408788783967941
29.624048709869385,1.2292533269903925,[1.26774507],5.0,0.6,0.0,-0.49614784749817226,-0.07536173894345845,1.243364128842879
29.6330144405365,1.2265177449560791,[1.26515339],5.0,0.6,0.0,-0.4090649957598632,-0.08079735481567472,1.241774113434682
29.64066743850708,1.2241729603552391,[1.26252634],5.0,0.6,0.0,-0.34096671241337456,-0.053580661361412846,1.2450436802619913
29.6504225730896,1.2210465808874524,[1.2598713],5.0,0.6,0.0,-0.2878285333758881,-0.06637061593435302,1.2396670231210276
29.660263061523438,1.2181156001364022,[1.25718906],5.0,0.6,0.0,-0.24614981954251502,-0.07583766575195613,1.2368225027904451
29.668872594833374,1.2151846193853522,[1.25447474],5.0,0.6,0.0,-0.2131262112987154,-0.08217918186784201,1.234335861122978
29.678488969802856,1.2122536386343021,[1.25172414],5.0,0.6,0.0,-0.1866065180854837,-0.08660840274942255,1.2322601055928162
29.687384843826294,1.2091272591665154,[1.24893938],5.0,0.6,0.0,0.11105781067310387,-0.05705260793770271,1.2283208585946392
29.69804334640503,1.2056100822652553,[1.24612231],5.0,0.6,0.0,0.16210343620643705,-0.09487261660084327,1.220164741982406
29.707397937774658,1.2024837027974689,[1.243269],5.0,0.6,0.0,0.12209392921538324,-0.06631224799720757,1.2169827507720106
29.716421127319336,1.1991619246129452,[1.24038206],5.0,0.6,0.0,0.05890134872921778,-0.07334073323111452,1.211895932770863
29.72538709640503,1.1966217412953686,[1.23746387],5.0,0.6,0.0,-0.00045640731475423205,-0.08166443297188748,1.2163288487158361
29.738770484924316,1.192127570810425,[1.23450499],5.0,0.6,0.0,0.22874246032642334,-0.09725424607586831,1.198217338483773
29.746379852294922,1.1897827862095849,[1.23149767],5.0,0.6,0.0,0.2285255067398479,-0.07723608063359717,1.206041462231251
29.755765199661255,1.1864610080250617,[1.22844736],5.0,0.6,0.0,0.1517355738184756,-0.0808622731484938,1.2028617318320047
29.767729997634888,1.1825530336903283,[1.22535305],5.0,0.6,0.0,0.33909676159924435,-0.09647221822013874,1.1931618968275954
29.776026725769043,1.1796220529392785,[1.22220853],5.0,0.6,0.0,0.2958084637498788,-0.07608415428821881,1.195714944098974
29.78411841392517,1.1768864709049651,[1.21902087],5.0,0.6,0.0,0.18292610655400504,-0.08220646336154411,1.2011053560525295
29.791873931884766,1.1741508888706513,[1.21580233],5.0,0.6,0.0,0.342925356515818,-0.05841481740643594,1.2067400451954158
29.800387144088745,1.171610705553075,[1.21256359],5.0,0.6,0.0,0.28023916253272163,-0.0742675774882743,1.214973684599632
29.81026315689087,1.1680935286518146,[1.20930795],5.0,0.6,0.0,0.1543957625058251,-0.08074398396076436,1.2119478332960272
29.819780111312866,1.1647717504672912,[1.20603245],5.0,0.6,0.0,0.3063115986664969,-0.08537815189236388,1.2113524217577487
29.83027935028076,1.1614499722827678,[1.2027349],5.0,0.6,0.0,-0.0369505585322745,-0.08801658962411898,1.211136783570923
29.84041166305542,1.1575419979480346,[1.19941381],5.0,0.6,0.0,0.07807990633474142,-0.08686573369156746,1.2042258897965947
29.85033917427063,1.1540248210467743,[1.1960684],5.0,0.6,0.0,0.31788784830613115,-0.08686861132984322,1.2021279541113419
29.8587167263031,1.1508984415789878,[1.19269861],5.0,0.6,0.0,0.272457615072197,-0.08834238073266194,1.2050199248946791
29.866398334503174,1.1479674608279375,[1.18931081],5.0,0.6,0.0,0.4165813020344731,-0.06384141642068226,1.2103224274844548
29.879276752471924,1.1434732903429943,[1.18591098],5.0,0.6,0.0,0.31332051547397144,-0.08976907592853686,1.1974696391587218
29.88950800895691,1.1395653160082608,[1.18249322],5.0,0.6,0.0,0.14626163169999645,-0.08520298960882017,1.191713099411599
29.898803234100342,1.1364389365404741,[1.17905324],5.0,0.6,0.0,0.26468416863854505,-0.08449331876085077,1.1953981061767127
29.907461643218994,1.1333125570726872,[1.17559403],5.0,0.6,0.0,0.17331687132588158,-0.08388293951887417,1.1993691229999033
29.917358875274658,1.1297953801714273,[1.17212438],5.0,0.6,0.0,0.30571559109647517,-0.05478829245654683,1.1987596436110932
29.926887273788452,1.1266690007036406,[1.1686578],5.0,0.6,0.0,0.20530426483963404,-0.06277225384175435,1.2028185197771395
29.93658685684204,1.1229564250856439,[1.16520058],5.0,0.6,0.0,0.32258096425139265,-0.06528938590099176,1.1997553654044766
29.94780206680298,1.1190484507509104,[1.16174757],5.0,0.6,0.0,0.4837996634692573,-0.08649943165210743,1.1942703838462498
29.95636749267578,1.115726672566387,[1.1582948],5.0,0.6,0.0,0.3466921781328534,-0.05810125678599387,1.195908062987483
29.966394901275635,1.1118186982316538,[1.15485],5.0,0.6,0.0,0.13541377744642305,-0.05792364596441331,1.190486802119602
29.974942445755005,1.1086923187638669,[1.15141999],5.0,0.6,0.0,0.2148086324969855,-0.060686265060612324,1.194071545242954
29.982365131378174,1.106347534163027,[1.14801054],5.0,0.6,0.0,0.370137549845197,-0.034860201091960134,1.2065893937722965
29.991360664367676,1.1032211546952402,[1.14463177],5.0,0.6,0.0,0.5159630903590834,-0.046126042416147026,1.2094629212769235
