t_s,q_rad,q_des_rad,K,B,Kff,jerk,tau_Nm,reward
0.005106687545776367,-0.01621809348914363,[-9.50394487e-06],9.825212432529046,0.9790254919034855,1.9737818648793566,0.0,-9.998999999999999,1.4488128807454728
0.01601552963256836,-0.01621809348914363,[-4.5929629e-05],9.650424865058092,0.9580509838069711,1.9475637297587132,0.0,-10.098989999999999,1.4490367304159024
0.023937463760375977,-0.01621809348914363,[-0.00011415],9.475637297587138,0.9370764757104565,1.92134559463807,0.0,-9.876264811066438,1.4494547791780568
0.03496146202087402,-0.01621809348914363,[-0.00020838],9.300849730116184,0.9161019676139419,1.8951274595174268,0.0,-6.804581875913654,1.450029578105939
0.04374837875366211,-0.01621809348914363,[-0.00032339],9.12606216264523,0.8951274595174274,1.8689093243967834,0.0,-4.65502228808977,1.4507269775572205
0.0543668270111084,-0.01621809348914363,[-0.00045446],8.951274595174274,0.8741529514209129,1.84269118927614,0.0,0.035089007405096066,1.451516348718647
0.0639033317565918,-0.01621809348914363,[-0.00059744],8.77648702770332,0.8531784433243983,1.8164730541554968,0.0,2.3089128098713276,1.4523706446986715
0.07186508178710938,-0.01621809348914363,[-0.00074862],8.601699460232366,0.8322039352278838,1.7902549190348536,0.0,3.180531534275136,1.4532663396624605
0.08124995231628418,-0.015241099905460279,[-0.00090478],8.426911892761412,0.8112294271313693,1.7640367839142101,0.0,3.29141200637916,1.459727383917481
0.09092235565185547,-0.012505517871146895,[-0.00106313],8.252124325290458,0.7902549190348547,1.7378186487935667,1.9322685177507668,3.0163181562071393,1.4713826135898775
0.10148787498474121,-0.008597543536413491,[-0.00122129],8.077336757819502,0.7692804109383402,1.7116005136729235,4.924524336667669,2.5788190117684353,1.4714467571203464
0.11090683937072754,-0.005275765351890096,[-0.00137723],7.902549190348549,0.7483059028418256,1.6853823785522803,5.0,2.111330113007786,1.478696956508597
0.12054729461669922,-0.0015631897338933619,[-0.00152927],7.727761622877595,0.727331394745311,1.659164243431637,5.0,1.6676743358499448,1.4817318320011081
0.12887883186340332,0.0017585884506300322,[-0.00167605],7.55297405540664,0.7063568866487966,1.6329461083109935,5.0,1.2792069405914306,1.4793754976530504
0.13886046409606934,0.005861961502100107,[-0.00181647],7.378186487935686,0.685382378552282,1.6067279731903503,5.0,0.9440024089471806,1.4700096353640455
0.1489105224609375,0.009769935836833513,[-0.00194971],7.203398920464732,0.6644078704557674,1.5805098380697071,5.0,0.6698268703323957,1.4546359118474683
0.1578667163848877,0.013287112738093578,[-0.00207514],7.028611352993777,0.643433362359253,1.5542917029490637,5.0,0.4513693904919387,1.4356288972752234
0.16857099533081055,0.01758588450630032,[-0.00219234],6.853823785522822,0.6224588542627384,1.5280735678284203,5.0,0.2729474834779756,1.4064785617723015
0.1786823272705078,0.02129846012429706,[-0.00230107],6.679036218051868,0.6014843461662238,1.501855432707777,5.0,0.1356548220449677,1.376324062686904
0.18934869766235352,0.025401833175767132,[-0.00240122],6.504248650580913,0.6,1.475637297587134,4.046920339898361,0.02431976867282931,1.3447121303738727
0.19883990287780762,0.02911440879376387,[-0.00249282],6.329461083109958,0.6,1.4494191624664907,1.58055629950679,-0.061028165895954334,1.3170355851849005
0.209092378616333,0.0328269844117606,[-0.002576],6.154673515639004,0.6,1.4232010273458477,-1.1994811789364934,-0.12795395207926505,1.2772059416332866
0.219679594039917,0.036148762596283995,[-0.00265099],5.97988594816805,0.6,1.3969828922252046,-4.089997328738372,-0.1780444644763456,1.2277168380795271
0.23007869720458984,0.039470540780807396,[-0.00271808],5.805098380697095,0.6,1.3707647571045614,-5.0,-0.21712232267287182,1.1822214995787987
0.24039125442504883,0.0420107240983841,[-0.00277762],5.63031081322614,0.6,1.3445466219839184,-5.0,-0.24288589108217548,1.151248763022989
0.24787187576293945,0.04396471126575081,[-0.00283],5.455523245755186,0.6,1.3183284868632752,-5.0,-0.2575966759470715,1.1270907293863213
0.2568507194519043,0.04552790099964417,[-0.00287565],5.280735678284231,0.6,1.292110351742632,-5.0,-0.26564894541575484,1.1076219560331537
0.26581501960754395,0.046700293300064186,[-0.00291502],5.105948110813277,0.6,1.2658922166219888,-5.0,-0.26752501880887547,1.0929291023093184
0.2778446674346924,0.04787268560048421,[-0.00294857],5.0,0.6,1.2396740815013456,-5.0,-0.2696546023062853,1.0783013318849166
0.2858302593231201,0.04826348303395755,[-0.00297675],5.0,0.6,1.2134559463807026,-5.0,-0.2718339599523761,1.0732209829616415
0.29644131660461426,0.048458881750694224,[-0.00300004],5.0,0.6,1.1872378112600595,-5.0,-0.27309821499814235,1.0705700874544073
0.3078925609588623,0.048068084317220885,[-0.00301889],5.0,0.6,1.1610196761394163,-5.0,-0.26910393600132654,1.0750791649925961
0.31585693359375,0.04767728688374754,[-0.00303373],5.0,0.6,1.1348015410187733,-5.0,-0.2650026731344249,1.0796382113279592
0.3248734474182129,0.04709109073353753,[-0.003045],5.0,0.6,1.10858340589813,-5.0,-0.25921516323204313,1.086611852032076
0.336301326751709,0.04572329971638084,[-0.0030531],5.0,0.6,1.082365270777487,-5.0,-0.24922499324492725,1.1031027603561747
0.34453248977661133,0.044746306132697485,[-0.00305841],5.0,0.6,1.0561471356568437,-5.0,-0.24155913533564427,1.1148755175358025
0.3520162105560303,0.04357391383227746,[-0.0030613],5.0,0.6,1.0299290005362005,-5.0,-0.23309829434413623,1.1290169887465606
0.35983896255493164,0.04220612281512077,[-0.00306211],5.0,0.6,1.0037108654155575,-5.0,-0.22351772933493774,1.1454868467042951
0.36885952949523926,0.040642933081227406,[-0.00306113],5.0,0.6,0.9774927302949143,-5.0,-0.21304434246338425,1.1642209351801323
0.37984776496887207,0.03829814848038737,[-0.00305867],5.0,0.6,0.9512745951742712,-5.0,-0.19928097882641743,1.192025346764622
0.3898959159851074,0.036148762596283995,[-0.00305499],5.0,0.6,0.9250564600536281,-5.0,-0.18506228758575993,1.217098157673743
0.39921998977661133,0.033999376712180625,[-0.00305031],5.0,0.6,0.898838324932985,-4.859090642990491,-0.1719866679270148,1.2426541748786903
0.40685510635375977,0.032045389544813924,[-0.00304486],5.0,0.6,0.8726201898123418,-3.746806965647269,-0.159748527836041,1.271373085705575
0.4175450801849365,0.02950520622723721,[-0.00303881],5.0,0.6,0.8464020546916986,-3.040189691621411,-0.1439080431962146,1.3022749987813913
0.4258444309234619,0.027355820343133833,[-0.00303233],5.0,0.6,0.8201839195710555,-2.28593364555051,-0.12993945167922147,1.327488891751492
0.43384313583374023,0.025401833175767132,[-0.00302556],5.0,0.6,0.7939657844504124,-0.8041002808519444,-0.11896052992555624,1.3502805088824252
0.4451591968536377,0.022080054991243738,[-0.00301863],5.0,0.6,0.7677476493297692,-0.18800123451380468,-0.10064609196828447,1.3815984230038083
0.4534111022949219,0.020126067823877037,[-0.00301165],5.0,0.6,0.741529514209126,0.8626436363582441,-0.08992846243771083,1.3979083964184897
0.46334147453308105,0.017195087072826982,[-0.00300473],5.0,0.6,0.715311379088483,1.5671996539495379,-0.07489501450540402,1.4198095273564735
0.4710111618041992,0.015045701188723608,[-0.00299795],5.0,0.6,0.6890932439678399,2.283681381273351,-0.06363088057529284,1.4330928762497015
0.481220006942749,0.012310119154410226,[-0.00299136],5.0,0.6,0.6628751088471967,2.840467482364251,-0.04888066165170589,1.4482823083722374
0.4901878833770752,0.009769935836833513,[-0.00298504],5.0,0.6,0.6366569737265535,3.4819949824911824,-0.03508547867065568,1.459041442652938
0.49985480308532715,0.007034353802520129,[-0.002979],5.0,0.6,0.6104388386059104,3.9871350482937133,-0.020432269532259822,1.468451300212486
0.5101888179779053,0.004103373051470075,[-0.0029733],5.0,0.6,0.5842207034852673,4.580574486840473,-0.005200801225593786,1.4746568055621165
0.5186066627502441,0.0017585884506300322,[-0.00296795],5.0,0.6,0.5580025683646241,5.0,0.007077499662979385,1.477274004153967
0.5292510986328125,-0.0009769935836833512,[-0.00296296],5.0,0.6,0.531784433243981,5.0,0.021132631301704854,1.480943558990615
0.5369038581848145,-0.0027355820343133836,[-0.00295835],5.0,0.6,0.5055662981233379,5.0,0.029778017735525433,1.4817221369927596
0.547893762588501,-0.005275765351890096,[-0.00295411],5.0,0.6,0.4793481630026947,5.0,0.042525927521358454,1.4806546261158302
0.5568397045135498,-0.007034353802520129,[-0.00295023],5.0,0.6,0.4531300278820516,5.0,0.05077085029748078,1.478401608931862
0.5663306713104248,-0.00879294225315016,[-0.00294671],5.0,0.6,0.42691189276140845,5.0,0.05880850569126306,1.47491968463215
0.5738403797149658,-0.010160733270306851,[-0.00294354],5.0,0.6,0.4006937576407653,5.0,0.0647474165390744,1.471368549222729
0.582200288772583,-0.011723923004200214,[-0.00294069],5.0,0.6,0.3744756225201221,5.0,0.07162911969560766,1.4664214572999594
0.5915231704711914,-0.013091714021356905,[-0.00293817],5.0,0.6,0.3482574873994789,5.0,0.07686107520866206,1.4613242849491905
0.5998117923736572,-0.0144595050385136,[-0.00293594],5.0,0.6,0.3220393522788358,5.0,0.08254362333335835,1.4555231490679568
0.6091499328613281,-0.01563189733893362,[-0.002934],5.0,0.6,0.2958212171581926,5.0,0.08697672359731994,1.4499991351836559
0.6168115139007568,-0.01680428963935364,[-0.00293231],5.0,0.6,0.2696030820375494,5.0,0.09158302287628738,1.443976895107367
0.6278326511383057,-0.018172080656510332,[-0.00293086],5.0,0.6,0.24338494691690624,5.0,0.09709793078884796,1.4363357954288203
0.6378121376037598,-0.019149074240193686,[-0.00292962],5.0,0.6,0.21716681179626307,5.0,0.10061089678431318,1.4304780706070264
0.6474297046661377,-0.020126067823877037,[-0.00292857],5.0,0.6,0.19094867667561988,5.0,0.10380976231426926,1.4242966972486806
0.6578309535980225,-0.020907662690823715,[-0.00292771],5.0,0.6,0.16473054155497668,5.0,0.10623210306852192,1.41912216917627
0.6673240661621094,-0.021493858841033726,[-0.00292701],5.0,0.6,0.13851240643433352,5.0,0.10772702419024006,1.4151095672349405
0.6758129596710205,-0.02188465627450707,[-0.00292646],5.0,0.6,0.11229427131369034,5.0,0.10834574345361668,1.412372201048363
0.6838641166687012,-0.022275453707980408,[-0.00292604],5.0,0.6,0.08607613619304716,5.0,0.10890283964757871,1.4095869268874779
0.6939940452575684,-0.02247085242471708,[-0.00292573],5.0,0.6,0.05985800107240398,4.683641428485705,0.10868901578798285,1.410377573438599
0.7024567127227783,-0.022666251141453746,[-0.00292551],5.0,0.6,0.0336398659517608,4.401399591280402,0.10830973592577903,1.4108056973402778
0.7104613780975342,-0.02305704857492709,[-0.00292538],5.0,0.6,0.0074217308311176206,3.8549141368175803,0.10905744412862252,1.4112006809069415
0.7191486358642578,-0.023252447291663758,[-0.00292532],5.0,0.6,0.0,3.2809155043039455,0.10896247335888418,1.4127348505006097
0.7278616428375244,-0.023252447291663758,[-0.00292533],5.0,0.6,0.0,2.7677463825839226,0.10792538341562695,1.4150140558994866
0.7378032207489014,-0.023252447291663758,[-0.00292538],5.0,0.6,0.0,2.614491899553877,0.10679747909498953,1.4156218276130565
0.7468750476837158,-0.023252447291663758,[-0.00292542],5.0,0.6,0.0,2.2988360194844093,0.10572614858934584,1.4167663039632319
0.7549424171447754,-0.023252447291663758,[-0.00292542],5.0,0.6,0.0,1.6872371148689569,0.10497872198543007,1.4185700890246737
0.7648916244506836,-0.023252447291663758,[-0.00292528],5.0,0.6,0.0,1.0763015028482044,0.10459225620320933,1.4198221058531855
0.7748234272003174,-0.02305704857492709,[-0.00292485],5.0,0.6,0.0,0.568741619292704,0.10329568089892846,1.4218966678221523
0.7848374843597412,-0.02305704857492709,[-0.00292394],5.0,0.6,0.0,-0.09195816093164177,0.1033623266162618,1.4221243193594362
0.7948200702667236,-0.022666251141453746,[-0.00292227],5.0,0.6,0.0,-0.6753325317095458,0.10177433610938663,1.4246574805407772
0.8041560649871826,-0.02247085242471708,[-0.00291952],5.0,0.6,0.0,-1.114862999817377,0.10124656790135583,1.425473990179744
0.8118295669555664,-0.02247085242471708,[-0.00291528],5.0,0.6,0.0,-1.6872249460058266,0.10211008334015359,1.4242530280864518
0.8219294548034668,-0.022275453707980408,[-0.00290911],5.0,0.6,0.0,-1.89732479932968,0.10185671966254292,1.425060695080956
0.832819938659668,-0.022080054991243738,[-0.00290055],5.0,0.6,0.0,-1.9280893890276345,0.10168331204571004,1.4263108090846983
0.8418197631835938,-0.022080054991243738,[-0.00288925],5.0,0.6,0.0,-2.148164038805801,0.10112677322911807,1.4255665857075905
0.8521952629089355,-0.02188465627450707,[-0.00287484],5.0,0.6,0.0,-2.085566016327587,0.1028908779174982,1.4270480245219528
0.8598549365997314,-0.0216892575577704,[-0.00285685],5.0,0.6,0.0,-2.194852585136438,0.10090195080251928,1.4279520540350592
0.8689041137695312,-0.021493858841033726,[-0.00283499],5.0,0.6,0.0,-2.3123833132443963,0.10119335609693918,1.4287736682299095
0.8798263072967529,-0.02129846012429706,[-0.00280902],5.0,0.6,0.0,-2.3824892225472256,0.10130329279108,1.4297055031478292
0.889646053314209,-0.021103061407560384,[-0.00277854],5.0,0.6,0.0,-2.119375987078024,0.10115258600250343,1.4317153171796342
0.9008338451385498,-0.020907662690823715,[-0.00274324],5.0,0.6,0.0,-2.0495635495651134,0.10103060077997476,1.4330236679295796
0.9113485813140869,-0.020712263974087045,[-0.00270267],5.0,0.6,0.0,-2.030663569526805,0.10283272344722465,1.4341299068232902
0.918806791305542,-0.020712263974087045,[-0.00265649],5.0,0.6,0.0,-2.0073804341682693,0.10084983015553327,1.4338873594962291
0.9268341064453125,-0.020516865257350376,[-0.00260505],5.0,0.6,0.0,-1.9630211533047273,0.09849983368438602,1.4349883922179458
0.9351334571838379,-0.020516865257350376,[-0.00254888],5.0,0.6,0.0,-1.8967473631129863,0.09980454731967038,1.4347998145433252
0.945704460144043,-0.020321466540613703,[-0.00248811],5.0,0.6,0.0,-1.8132481526966453,0.09985795586471008,1.4359333686121174
0.9562199115753174,-0.020126067823877037,[-0.00242252],5.0,0.6,0.0,-1.718308229114725,0.10174114609699467,1.437047990446953
0.9643154144287109,-0.019930669107140364,[-0.00235202],5.0,0.6,0.0,-1.617103282624676,0.09881762677450123,1.4381263518884482
0.9718234539031982,-0.019735270390403698,[-0.00227711],5.0,0.6,0.0,-1.5137046991998244,0.09667372804085018,1.439160511112497
0.9828166961669922,-0.019735270390403698,[-0.00219845],5.0,0.6,0.0,-1.4110810391422892,0.0981277004543662,1.438865419358872
0.9960336685180664,-0.019539871673667025,[-0.00211584],5.0,0.6,0.0,-1.3112724273502545,0.10287839615001645,1.4398089726786432
1.0048184394836426,-0.019344472956930356,[-0.00202871],5.0,0.6,0.0,-1.2155986282119944,0.09954719713250071,1.4406967197457319
1.0128204822540283,-0.019149074240193686,[-0.00193722],5.0,0.6,0.0,-1.1248470770459746,0.09950288875397083,1.441530492604194
1.020819902420044,-0.019149074240193686,[-0.00184188],5.0,0.6,0.0,-1.0394251195240094,0.09798049161520118,1.4410477986166346
1.0298125743865967,-0.019149074240193686,[-0.00174319],5.0,0.6,0.0,-1.235514721328995,0.09981900231909036,1.4400712045649935
1.0398194789886475,-0.018953675523457014,[-0.00164124],5.0,0.6,0.0,-1.1941294845596826,0.100898665430079,1.4407568532172936
1.0514650344848633,-0.018953675523457014,[-0.00153586],5.0,0.6,0.0,-1.0698109909409006,0.10241798343176109,1.440276823555639
1.0588228702545166,-0.018953675523457014,[-0.00142709],5.0,0.6,0.0,-1.205609130191547,0.10148157889574969,1.4393321219464104
1.0668010711669922,-0.018758276806720344,[-0.00131546],5.0,0.6,0.0,-1.1088575095275472,0.10006596480181461,1.4400495403109619
1.076183557510376,-0.018562878089983675,[-0.00120107],5.0,0.6,0.0,-0.9423013839828615,0.1049012853636215,1.4408342149960685
1.0859205722808838,-0.018562878089983675,[-0.00108354],5.0,0.6,0.0,-0.7736062551122898,0.10301614986932765,1.4402787178506582
1.0948138236999512,-0.018562878089983675,[-0.00096255],5.0,0.6,0.0,-0.6269911665948441,0.10857613826302728,1.4396332672374172
1.105804681777954,-0.018367479373247002,[-0.00083752],5.0,0.6,0.0,-0.5078188238902819,0.10834945932227275,1.4401987070630597
1.1149249076843262,-0.018367479373247002,[-0.00070832],5.0,0.6,0.0,-0.4140319645646524,0.10564120835423813,1.439408376603423
1.1247844696044922,-0.018367479373247002,[-0.00057556],5.0,0.6,0.0,-0.6173087102628133,0.10713653536287944,1.4383684274525423
1.1338553428649902,-0.018172080656510332,[-0.00043956],5.0,0.6,0.0,-0.5941712908941483,0.10741224848961069,1.4387854504580042
1.1448028087615967,-0.018172080656510332,[-0.00030033],5.0,0.6,0.0,-0.4953945645632839,0.1085370445829343,1.4379349947071605
1.1548573970794678,-0.017976681939773663,[-0.00015792],5.0,0.6,0.0,-0.3850848246186942,0.10873387224741611,1.4383621825058184
1.1647863388061523,-0.017976681939773663,[-1.23624728e-05],5.0,0.6,0.0,-0.2873992869845346,0.10987635091477024,1.4374339859936545
1.175421953201294,-0.017781283223036994,[0.00013632],5.0,0.6,0.0,-0.20889020320100832,0.11010238721899859,1.4377773295303478
1.1848020553588867,-0.017781283223036994,[0.00028813],5.0,0.6,0.0,-0.14896598103784361,0.11136590467060413,1.4367691638926772
1.1945950984954834,-0.017781283223036994,[0.0004431],5.0,0.6,0.0,-0.10462409475498276,0.11275715669214928,1.4357243576189378
1.2043368816375732,-0.01758588450630032,[0.00060131],5.0,0.6,0.0,-0.07246918988226336,0.1134207451205457,1.4359820189863914
1.2144136428833008,-0.01758588450630032,[0.00076295],5.0,0.6,0.0,-0.04947829467083899,0.11536464747640493,1.434879236401165
1.2249445915222168,-0.01739048578956365,[0.00092828],5.0,0.6,0.0,-0.033212741124473005,0.11621777057445233,1.4350864322204573
1.2351329326629639,-0.017195087072826982,[0.00109798],5.0,0.6,0.0,-0.021804649874571112,0.1214903987926395,1.4352628644563283
1.2428014278411865,-0.017195087072826982,[0.0012727],5.0,0.6,0.0,-0.013866543023117267,0.11786998216685894,1.4340624475007229
1.2533812522888184,-0.016999688356090312,[0.00145225],5.0,0.6,0.0,0.26765074674521905,0.11907459412377956,1.4341185787204045
1.2632343769073486,-0.01680428963935364,[0.00163653],5.0,0.6,0.0,0.3045220797171833,0.12025629209674239,1.4341795012953034
1.2709600925445557,-0.0164134922058803,[0.00182546],5.0,0.6,0.0,0.527995956058118,0.11538687067800188,1.435425630734779
1.2811999320983887,-0.0164134922058803,[0.00201899],5.0,0.6,0.0,0.48672150370770373,0.12363852790271879,1.4341296875959217
1.2891557216644287,-0.01621809348914363,[0.00221754],5.0,0.6,0.0,0.36219957742076214,0.1189905441568844,1.434186617836293
1.2989978790283203,-0.016022694772406962,[0.00242099],5.0,0.6,0.0,0.2301847355917297,0.12093422316495621,1.434189343406361
1.3094801902770996,-0.01582729605567029,[0.00262924],5.0,0.6,0.0,0.39411613775723775,0.12243679929903613,1.4340245609002953
1.3188440799713135,-0.01563189733893362,[0.0028427],5.0,0.6,0.0,0.3414275107457747,0.12383838296648426,1.43392882864662
1.328247308731079,-0.015436498622196948,[0.00306172],5.0,0.6,0.0,0.22490094334255703,0.12507731700493976,1.433814841331177
1.3378188610076904,-0.015241099905460279,[0.00328662],5.0,0.6,0.0,0.10725979561969361,0.12641359690534962,1.4336399209842026
1.3470978736877441,-0.014850302471986938,[0.00351771],5.0,0.6,0.0,0.2863628132324943,0.12642843079189514,1.434688422788761
1.3558659553527832,-0.014850302471986938,[0.00375471],5.0,0.6,0.0,0.24751316529947404,0.12268992190854774,1.433067113154004
1.3649334907531738,-0.0144595050385136,[0.00399688],5.0,0.6,0.0,0.14289403418438068,0.12459567223694182,1.4341260160981766
1.3768136501312256,-0.014264106321776927,[0.00424477],5.0,0.6,0.0,0.31129839566499534,0.13334251872477368,1.4337066630654205
1.384789228439331,-0.014068707605040257,[0.00449941],5.0,0.6,0.0,0.2558455526534508,0.12740546588442644,1.4333199241537113
1.3939952850341797,-0.013873308888303588,[0.00476062],5.0,0.6,0.0,0.13577658333578294,0.1301995053486613,1.4328980304509347
1.4018514156341553,-0.013482511454830247,[0.00502834],5.0,0.6,0.0,0.01608500651787198,0.13199037376270856,1.4337649841858044
1.4098243713378906,-0.013287112738093578,[0.00530254],5.0,0.6,0.0,0.19510168928075078,0.12702631677132967,1.4331909528730506
1.4178073406219482,-0.012896315304620235,[0.00558268],5.0,0.6,0.0,0.15790968195364857,0.13067023085246243,1.4339666753282154
1.425877332687378,-0.012700916587883566,[0.00586834],5.0,0.6,0.0,0.33230840130495876,0.12661158173171652,1.4332786111726272
1.4348456859588623,-0.012310119154410226,[0.00615926],5.0,0.6,0.0,0.2616775174756264,0.13135718136019353,1.4340006444946551
1.4441657066345215,-0.011919321720936885,[0.00645611],5.0,0.6,0.0,0.3984651988186731,0.1354489547750743,1.4345802878054188
1.4536480903625488,-0.011528524287463544,[0.00676039],5.0,0.6,0.0,0.295232056627543,0.1389183867529489,1.435226791531775
1.4618470668792725,-0.011137726853990204,[0.00707268],5.0,0.6,0.0,0.40682208127387376,0.13254425163439923,1.4357046320232216
1.471484661102295,-0.010746929420516863,[0.00739368],5.0,0.6,0.0,0.2854628363050977,0.14769558233558663,1.4362421287181388
1.4791483879089355,-0.010356131987043523,[0.00772499],5.0,0.6,0.0,0.3847649887073431,0.13954733643318232,1.436596202506758
1.4887454509735107,-0.009769935836833513,[0.00806715],5.0,0.6,0.0,0.5316355222421427,0.14310672431407362,1.4381396185990303
1.4987587928771973,-0.009379138403360172,[0.0084208],5.0,0.6,0.0,0.6595380468631091,0.1473527787761247,1.4382747081412222
1.508129358291626,-0.008597543536413491,[0.00878763],5.0,0.6,0.0,0.7491169363734758,0.14937233908272213,1.4409243354840187
1.516782522201538,-0.008011347386203481,[0.00916816],5.0,0.6,0.0,0.8003462231347833,0.13997754169801122,1.4422046073411408
1.5271141529083252,-0.0072297525192568,[0.00956304],5.0,0.6,0.0,0.8198892186486222,0.15722985367649353,1.444661249928052
1.5367686748504639,-0.006838955085783458,[0.00997526],5.0,0.6,0.0,0.8156773886093673,0.1600209557211871,1.4445302698105287
1.5459001064300537,-0.006057360218836778,[0.01040755],5.0,0.6,0.0,0.7948286237861658,0.16081907700068265,1.4467549176290482
1.5553340911865234,-0.005275765351890096,[0.01085989],5.0,0.6,0.0,1.0390844474721834,0.1478194854365183,1.448457525285757
1.5634355545043945,-0.004494170484943416,[0.01133107],5.0,0.6,0.0,1.0337879691094747,0.15266369527611845,1.4503511171051808
1.5718224048614502,-0.0037125756179967346,[0.01181987],5.0,0.6,0.0,1.2127748844253725,0.14002234431164928,1.4518005599964923
1.5836780071258545,-0.002540183317576713,[0.01232662],5.0,0.6,0.0,1.4025402399826459,0.16212643827016232,1.455296228075773
1.5948503017425537,-0.0013677910171566918,[0.01285473],5.0,0.6,0.0,1.2668519931832831,0.16108654163897246,1.4591581288236872
1.6035454273223877,-0.00039079743347334047,[0.01340701],5.0,0.6,0.0,1.3129845890774585,0.16056600407357063,1.461358208996482
1.6117770671844482,0.0005861961502100108,[0.01398275],5.0,0.6,0.0,1.1171041283514311,0.14469107848397875,1.4638149341268474
1.6207644939422607,0.0017585884506300322,[0.0145798],5.0,0.6,0.0,0.8671075013914327,0.1484893435002837,1.4670984718039277
1.6318774223327637,0.0031263794677867237,[0.01519789],5.0,0.6,0.0,0.9128178976884926,0.14998944087395796,1.4706564407434726
1.6430490016937256,0.004494170484943416,[0.01583983],5.0,0.6,0.0,1.0341071654056084,0.1670777132532018,1.4737883653303148
1.6518266201019287,0.005666562785363437,[0.01650788],5.0,0.6,0.0,1.1442785828688664,0.14568431267701082,1.475793553804184
1.6614460945129395,0.007034353802520129,[0.01720225],5.0,0.6,0.0,0.9401677805592608,0.1636760160007707,1.478877529189377
1.6698081493377686,0.008011347386203481,[0.017923],5.0,0.6,0.0,0.6623571425548933,0.14340539002675579,1.480217121289544
1.6812388896942139,0.009769935836833513,[0.01866998],5.0,0.6,0.0,0.6816892526456846,0.1594436080577625,1.4839368727730475
1.6907711029052734,0.011137726853990204,[0.01944281],5.0,0.6,0.0,0.5088095959954133,0.13675964383971026,1.4861071507517827
1.7027876377105713,0.012896315304620235,[0.02024094],5.0,0.6,0.0,0.3007791700661595,0.1532070754142745,1.4892019552358384
1.7133140563964844,0.0144595050385136,[0.02106538],5.0,0.6,0.0,0.11734662731480583,0.1474386061989466,1.4913002120758927
1.7238059043884277,0.016022694772406962,[0.02191678],5.0,0.6,0.0,0.2513169862204061,0.1422808702315202,1.4930290192619062
1.7317557334899902,0.01739048578956365,[0.02279202],5.0,0.6,0.0,0.18298254775416767,0.12066558656925305,1.4941567507484086
1.7399005889892578,0.018562878089983675,[0.02368651],5.0,0.6,0.0,0.06029371726972138,0.12406924170248626,1.494760738749041
1.749162197113037,0.020321466540613703,[0.02459793],5.0,0.6,0.0,-0.057309874259792254,0.12349246512316488,1.4963466062359505
1.756798505783081,0.02129846012429706,[0.02552595],5.0,0.6,0.0,-0.15024361796406321,0.1258147236609887,1.4964152480856048
1.7673590183258057,0.02305704857492709,[0.0264701],5.0,0.6,0.0,-0.2157733359492542,0.12353093411479855,1.49763827318092
1.7770156860351562,0.02462023830882045,[0.02742982],5.0,0.6,0.0,-0.25743903120430955,0.12172944010554497,1.4983731602812465
1.785792350769043,0.025988029325977144,[0.0284027],5.0,0.6,0.0,-0.28041476066734683,0.1021080997615534,1.4987760177750447
1.7957987785339355,0.027551219059870506,[0.02938481],5.0,0.6,0.0,-0.5656803150980411,0.10550049047000984,1.4990896654427097
1.8074679374694824,0.02950520622723721,[0.03037633],5.0,0.6,0.0,-0.8744145740453304,0.12402155008141483,1.499279393027622
1.8152680397033691,0.030872997244393897,[0.03138067],5.0,0.6,0.0,-1.1215532717584344,0.11754413556859063,1.4990129632714635
1.8253183364868164,0.03263158569502393,[0.03239679],5.0,0.6,0.0,-1.288443206927536,0.0951937169969189,1.49875473090936
1.8337602615356445,0.033999376712180625,[0.03342046],5.0,0.6,0.0,-1.3823226343921995,0.09869602968041356,1.4985125817473937
1.8426904678344727,0.03556256644607399,[0.03444993],5.0,0.6,0.0,-1.4182677155450545,0.09813603787045563,1.498257331400132
1.8522493839263916,0.03712575617996735,[0.03548513],5.0,0.6,0.0,-1.1356707995012454,0.09703818865931266,1.4985026432096746
1.8622255325317383,0.038884344630597374,[0.0365257],5.0,0.6,0.0,-1.0666070844930973,0.09398608008910897,1.4980418310960213
1.8708767890930176,0.040252135647754074,[0.03756952],5.0,0.6,0.0,-1.066623881056055,0.07470164025629268,1.4977155687491492
1.8796844482421875,0.04161992666491077,[0.03861289],5.0,0.6,0.0,-1.0760819244252868,0.07829858850580428,1.4973319435045647
1.8897736072540283,0.0433785151155408,[0.03965434],5.0,0.6,0.0,-1.0738700379328736,0.07803375630102605,1.4963722415152982
1.8997950553894043,0.04494170484943416,[0.04069415],5.0,0.6,0.0,-1.3314726116820337,0.07714571678192242,1.495080207774568
1.9087786674499512,0.046309495866590854,[0.04173236],5.0,0.6,0.0,-1.6078132812764876,0.07646209266469971,1.4938981095600512
1.9187753200531006,0.048068084317220885,[0.04276883],5.0,0.6,0.0,-1.5423507714561773,0.07285306929981535,1.4926316391195336
1.9286975860595703,0.04943587533437757,[0.04380326],5.0,0.6,0.0,-1.6367956651513684,0.07098731686208025,1.4916844670649092
1.9387621879577637,0.05099906506827094,[0.04483524],5.0,0.6,0.0,-1.7451446649946407,0.06755972613521773,1.4901682911107097
1.948085069656372,0.05217145736869095,[0.04586424],5.0,0.6,0.0,-1.8164427410674635,0.06596698950534231,1.4896252668928398
1.9587817192077637,0.05353924838584765,[0.04688961],5.0,0.6,0.0,-1.8404664723395283,0.06300424467423395,1.4886802859838837
1.9697566032409668,0.05510243811974101,[0.04791064],5.0,0.6,0.0,-1.8226177579759966,0.059040731632346764,1.4872421789323864
1.9784948825836182,0.05627483042016103,[0.04892653],5.0,0.6,0.0,-1.496767599072477,0.056573601610337095,1.487593690970416
1.9872207641601562,0.05725182400384438,[0.04993647],5.0,0.6,0.0,-1.391729653708559,0.055280626572448796,1.4879144293351647
1.9957334995269775,0.0584242163042644,[0.05093826],5.0,0.6,0.0,-1.361049694879044,0.03829535412816756,1.4874776001976422
2.0046281814575195,0.059401209887947753,[0.0519286],5.0,0.6,0.0,-1.343809603552657,0.04138337140743458,1.4875516910078384
2.0150861740112305,0.06057360218836778,[0.05290607],5.0,0.6,0.0,-1.31804705167167,0.042495581779004844,1.4870191132542485
2.0234155654907227,0.061355197055314455,[0.05387092],5.0,0.6,0.0,-1.278618587729414,0.044547184814267414,1.4876441253157022
2.0307979583740234,0.06213679192226114,[0.05482206],5.0,0.6,0.0,-1.226937685199715,0.031859464280937014,1.4882366351256051
2.039727210998535,0.06330918422268116,[0.05575731],5.0,0.6,0.0,-1.1664076167030868,0.035269746976350755,1.4876469121152707
2.049771785736084,0.0642861778063645,[0.05667635],5.0,0.6,0.0,-1.1005319383790713,0.03845855770315974,1.4875841220067554
2.059770107269287,0.06526317139004786,[0.05758041],5.0,0.6,0.0,-1.3082833289902913,0.04085797419159407,1.486991956152341
2.0691988468170166,0.06624016497373121,[0.05847077],5.0,0.6,0.0,-1.2729321119559776,0.04229396996939822,1.4867951502599608
2.0782673358917236,0.06702175984067789,[0.05934865],5.0,0.6,0.0,-1.1507434011528406,0.044229235634007054,1.487308955906566
2.0865275859832764,0.06799875342436125,[0.06021527],5.0,0.6,0.0,-1.0099999515949298,0.045134373153021955,1.4871978039552274
2.0951600074768066,0.06878034829130793,[0.06107055],5.0,0.6,0.0,-0.8779031321548303,0.03221137644957753,1.4876088004658603
2.1057493686676025,0.0695619431582546,[0.06191461],5.0,0.6,0.0,-0.7631540857204158,0.05222859164806821,1.4879384561485285
2.1141624450683594,0.07053893674193797,[0.06274912],5.0,0.6,0.0,-0.6666354919877409,0.03698263942723792,1.4876063799497197
2.1236772537231445,0.07112513289214797,[0.06357427],5.0,0.6,0.0,-0.5863260109303825,0.042404101871329064,1.4884058325009826
2.1341192722320557,0.07190672775909465,[0.06439046],5.0,0.6,0.0,-0.5194587534241846,0.04591331460659951,1.4885638963970427
2.1467723846435547,0.07288372134277801,[0.06520088],5.0,0.6,0.0,-0.46339116578658496,0.06230923778651403,1.48810436864204
2.1575851440429688,0.07366531620972468,[0.06600976],5.0,0.6,0.0,-0.4158932195083349,0.06006699203164983,1.488218170347604
2.1657660007476807,0.0742515123599347,[0.06681795],5.0,0.6,0.0,-0.37518858890660983,0.04510168033601838,1.4889044904703812
2.1744980812072754,0.07483770851014471,[0.06762328],5.0,0.6,0.0,-0.33990302270014516,0.047616045539315435,1.4895584003717606
2.18516206741333,0.07561930337709137,[0.06842668],5.0,0.6,0.0,-0.03294945685711248,0.06652501643484354,1.4897057688203559
2.194549322128296,0.0762054995273014,[0.06923061],5.0,0.6,0.0,0.027517061162336598,0.05042339019837649,1.490316801942682
2.204179048538208,0.07698709439424807,[0.07003443],5.0,0.6,0.0,-0.00320409337505681,0.053225553693886755,1.4903786800398326
2.2137951850891113,0.07737789182772142,[0.07083753],5.0,0.6,0.0,0.21862614968552424,0.057174511852229076,1.4914456352835108
2.2222647666931152,0.07796408797793142,[0.07164074],5.0,0.6,0.0,0.20096832311625992,0.0595557312329087,1.49200489094516
2.2303972244262695,0.07835488541140477,[0.07244339],5.0,0.6,0.0,0.3831770649756107,0.04768927583075418,1.492925924161525
2.241527557373047,0.07913648027835145,[0.07324481],5.0,0.6,0.0,0.31448669645729244,0.06712567574975013,1.4930080805843007
2.2507340908050537,0.07972267642856146,[0.07404582],5.0,0.6,0.0,0.4503225037370665,0.05271843570973487,1.4934244479280836
2.26265287399292,0.08050427129550815,[0.074847],5.0,0.6,0.0,0.6208030661958022,0.07029496078277563,1.4933326922920747
2.2717337608337402,0.08109046744571814,[0.07564879],5.0,0.6,0.0,0.7625982961606826,0.05504228558615072,1.4936624104636937
2.284043312072754,0.08167666359592816,[0.07645142],5.0,0.6,0.0,0.8590645758152715,0.07216641162838945,1.4940051961329244
2.2945139408111572,0.08245825846287484,[0.07725624],5.0,0.6,0.0,0.6362592057471097,0.06946199446138425,1.4943011484973432
2.3031721115112305,0.08304445461308485,[0.07806416],5.0,0.6,0.0,0.621384633990895,0.06792930609567979,1.4947642753372639
2.3142874240875244,0.0834352520465582,[0.07887445],5.0,0.6,0.0,0.6688333323169062,0.0676265927498211,1.4955155673023446
2.3217520713806152,0.08382604948003153,[0.07968625],5.0,0.6,0.0,0.719308870939654,0.06763878965718469,1.4961932640730873
2.3324427604675293,0.08460764434697822,[0.08049864],5.0,0.6,0.0,0.7525369933483627,0.06577046254106986,1.4962075238640145
2.3407530784606934,0.08519384049718824,[0.08130948],5.0,0.6,0.0,0.7648676605583062,0.05233774394228827,1.4965515883500187
2.3497605323791504,0.08578003664739824,[0.08211561],5.0,0.6,0.0,0.7589481084976528,0.055451611100068895,1.4968894004176925
2.3587636947631836,0.08617083408087158,[0.08291545],5.0,0.6,0.0,0.7391693234214336,0.0584276976297968,1.4974761891790167
2.366830825805664,0.08695242894781824,[0.08370766],5.0,0.6,0.0,0.7098158025976202,0.046803764244078026,1.4975215873132317
2.377760171890259,0.08753862509802827,[0.08449098],5.0,0.6,0.0,0.6744385961884328,0.06277488175426481,1.4978056083649343
2.3872060775756836,0.08832021996497495,[0.08526654],5.0,0.6,0.0,0.9117885287629184,0.06095097945635249,1.4975182596750667
2.3957107067108154,0.08890641611518496,[0.08603413],5.0,0.6,0.0,0.9048802908771584,0.04879527338376781,1.4977422106844194
2.404756546020508,0.08949261226539497,[0.08679143],5.0,0.6,0.0,0.8097749238109757,0.051423905938287245,1.4980538902117333
2.412750005722046,0.08988340969886832,[0.08753645],5.0,0.6,0.0,0.6946228018055332,0.04313743281370186,1.4985399207115828
2.4241726398468018,0.09066500456581499,[0.08826864],5.0,0.6,0.0,0.5865590542690208,0.05740757359356208,1.4985961017761
2.43314266204834,0.09144659943276168,[0.08898957],5.0,0.6,0.0,0.4942711666922026,0.056122598627251746,1.4986114996248001
2.4426422119140625,0.09203279558297167,[0.08970055],5.0,0.6,0.0,0.14262819098302504,0.055505349368630476,1.4988975756961982
2.452977418899536,0.09261899173318171,[0.09040165],5.0,0.6,0.0,0.048611863666857075,0.0548140454744024,1.4990154006886636
2.4622957706451416,0.0932051878833917,[0.09109287],5.0,0.6,0.0,0.054831076959303046,0.05408635356936943,1.4991057833307746
2.472729444503784,0.09379138403360171,[0.09177422],5.0,0.6,0.0,0.09148651087865045,0.053119022888542804,1.4991803064420506
2.4829676151275635,0.0945729789005484,[0.09244563],5.0,0.6,0.0,-0.1461583224140537,0.05135038602427055,1.499079386891148
2.4909651279449463,0.09496377633402173,[0.09310706],5.0,0.6,0.0,-0.14918306387576097,0.05142747038041778,1.4992941892289253
2.499791145324707,0.09554997248423175,[0.09375758],5.0,0.6,0.0,-0.07429523812366311,0.04128587281251295,1.4993535625952925
2.5087456703186035,0.0959407699177051,[0.09439476],5.0,0.6,0.0,0.01234329023587185,0.034892204463963135,1.4995219719595638
2.520493507385254,0.09672236478465177,[0.09501748],5.0,0.6,0.0,-0.1898822547148257,0.0471615882185025,1.499392001119288
2.5291409492492676,0.0971131622181251,[0.09562742],5.0,0.6,0.0,-0.16838223099552113,0.048005962876062735,1.4995375060213
2.536721706390381,0.09769935836833513,[0.09622528],5.0,0.6,0.0,-0.07690699189919609,0.0387686496251092,1.4995611121546302
2.5457804203033447,0.09828555451854513,[0.09681007],5.0,0.6,0.0,0.02064285502301176,0.04081252079697062,1.4995643672325032
2.5537540912628174,0.09867635195201847,[0.09738184],5.0,0.6,0.0,0.1013665404896626,0.042929079893413956,1.4996572574449754
2.5624489784240723,0.09906714938549181,[0.09794157],5.0,0.6,0.0,0.16011830324308102,0.0446161186799846,1.4997275603785338
2.5707406997680664,0.0996533455357018,[0.09848938],5.0,0.6,0.0,0.19871085232077718,0.03634730645025839,1.49969968261197
2.583343982696533,0.10023954168591184,[0.09902553],5.0,0.6,0.0,-0.05494333963640294,0.04738272934677947,1.4997030298332814
2.5907304286956787,0.10063033911938518,[0.09955108],5.0,0.6,0.0,-0.07780900598063334,0.039027199468236996,1.499762559637365
2.5995447635650635,0.1010211365528585,[0.10006628],5.0,0.6,0.0,-0.021082582400322347,0.041564493779470676,1.499817334801619
2.6093552112579346,0.10141193398633185,[0.10057144],5.0,0.6,0.0,0.050747464644228996,0.0435500011483404,1.4998568074543885
2.61934757232666,0.10199813013654188,[0.10106772],5.0,0.6,0.0,-0.16285415974859951,0.04400958006206743,1.4998071386422946
2.628706693649292,0.10258432628675188,[0.10155615],5.0,0.6,0.0,-0.14978786411396944,0.04423937133331715,1.4997718916763434
2.6367385387420654,0.10297512372022523,[0.10203696],5.0,0.6,0.0,-0.06441964003170308,0.03678597021780069,1.4998208975013991
2.6457712650299072,0.10317052243696188,[0.10251043],5.0,0.6,0.0,0.028782878115446706,0.04910150390493385,1.499912243964627
2.6573548316955566,0.1037567185871719,[0.10297839],5.0,0.6,0.0,0.10645416596614365,0.04792768390590241,1.4998704124744213
2.6654129028320312,0.10414751602064523,[0.10344167],5.0,0.6,0.0,0.16308940297815797,0.03960451168535704,1.4998805619252389
2.673471450805664,0.10453831345411858,[0.10389952],5.0,0.6,0.0,0.20023326375209305,0.041936071796060695,1.4998885474101038
2.6841928958892822,0.10512450960432859,[0.10435212],5.0,0.6,0.0,0.22164076866530175,0.042716394028499145,1.499844122360838
2.691729784011841,0.10551530703780194,[0.10479968],5.0,0.6,0.0,-0.04478430784482676,0.03607432857620939,1.499896087720308
2.704012393951416,0.10590610447127527,[0.10524246],5.0,0.6,0.0,-0.07669493966353017,0.047661836863647014,1.499907540143298
2.713763952255249,0.10649230062148528,[0.10568222],5.0,0.6,0.0,-0.026108560970071706,0.04674643693664329,1.499868254772905
2.72371244430542,0.1070784967716953,[0.10612047],5.0,0.6,0.0,0.04174374588820524,0.04585960750778239,1.4998151581808867
2.73227858543396,0.10727389548843196,[0.10655777],5.0,0.6,0.0,0.10176281836180347,0.046846285887294316,1.4998897294447846
2.7426939010620117,0.10786009163864198,[0.10699457],5.0,0.6,0.0,0.14663481177320548,0.045963755362999605,1.4998341802456945
2.753848075866699,0.10844628778885199,[0.107432],5.0,0.6,0.0,0.17634414923713645,0.05315256108906677,1.49977111849149
2.7637321949005127,0.10883708522232532,[0.10787101],5.0,0.6,0.0,0.19341020757700195,0.04287905766536835,1.4997855118137007
2.771799087524414,0.10922788265579866,[0.10831012],5.0,0.6,0.0,0.20084165646340887,0.0354548094538979,1.4998015314347337
2.781512975692749,0.10981407880600867,[0.10874808],5.0,0.6,0.0,0.2013486859398313,0.04552468403779274,1.499742575614825
2.7927405834198,0.11020487623948202,[0.10918602],5.0,0.6,0.0,0.19711353253442893,0.04525813819553143,1.4997634842349616
2.8007400035858154,0.11059567367295536,[0.10962415],5.0,0.6,0.0,0.18979071299771066,0.03709954867949386,1.4997844345143325
2.808732271194458,0.1109864711064287,[0.11006119],5.0,0.6,0.0,0.18058751212269836,0.03944161069029798,1.499804510494625
2.8193886280059814,0.11157266725663871,[0.11049678],5.0,0.6,0.0,0.17036038647753698,0.04010746137752797,1.4997469167151394
2.82702374458313,0.11176806597337538,[0.11093136],5.0,0.6,0.0,0.15970238629123362,0.04227205172820245,1.4998410091683132
2.8360953330993652,0.11235426212358537,[0.11136529],5.0,0.6,0.0,0.1490142359025846,0.04211296965384724,1.499787876281556
2.847259521484375,0.11274505955705873,[0.11179885],5.0,0.6,0.0,0.13855895489179934,0.04257476319681571,1.4998066609209295
2.854825258255005,0.11313585699053208,[0.11223152],5.0,0.6,0.0,0.12850245375404043,0.035194204588365335,1.4998241577392908
2.8654284477233887,0.11372205314074207,[0.11266216],5.0,0.6,0.0,0.11894306550651335,0.03663575099194014,1.4997648202698652
2.874721050262451,0.11411285057421541,[0.11309048],5.0,0.6,0.0,0.10993271459059958,0.03837082115396311,1.4997819779611246
2.8836820125579834,0.11450364800768877,[0.11351694],5.0,0.6,0.0,0.101491927794405,0.039427309648687445,1.4997976328460745
2.897606372833252,0.11528524287463544,[0.11394249],5.0,0.6,0.0,0.09362038700247749,0.04466655914259534,1.499632945343337
2.9066808223724365,0.1156760403081088,[0.11436783],5.0,0.6,0.0,0.08630429153038968,0.03578883309277696,1.4996522303199018
2.9165384769439697,0.11606683774158212,[0.11479221],5.0,0.6,0.0,0.07952145609261388,0.03671383844921152,1.4996704099474727
2.9271397590637207,0.11665303389179212,[0.11521573],5.0,0.6,0.0,0.07324481164595258,0.04369366756354032,1.499582920786101
2.9361751079559326,0.11704383132526547,[0.11563976],5.0,0.6,0.0,0.06744478540353352,0.04186895359336831,1.4996024063987052
2.9437015056610107,0.11743462875873882,[0.11606407],5.0,0.6,0.0,0.06209089778410605,0.03320493038794952,1.4996215132445565
2.954289197921753,0.11802082490894884,[0.11648706],5.0,0.6,0.0,0.05715281467556878,0.03317050132043856,1.4995271935205228
2.962035655975342,0.1182162236256855,[0.11690798],5.0,0.6,0.0,0.0526010226340443,0.03450162529697251,1.49965570059519
2.971790075302124,0.11880241977589551,[0.11732679],5.0,0.6,0.0,0.048407244532382314,0.033773695142941075,1.4995628524692552
2.98272967338562,0.11919321720936885,[0.11774339],5.0,0.6,0.0,0.04454467782429161,0.033636738006459437,1.4995782100584352
2.9937031269073486,0.11977941335957885,[0.11815766],5.0,0.6,0.0,0.0409881127255641,0.0324513157487931,1.499472871210104
3.0016965866088867,0.12017021079305219,[0.11856887],5.0,0.6,0.0,0.037713970161103824,0.025645194132332117,1.4994862119188015
3.011070489883423,0.12056100822652555,[0.11897635],5.0,0.6,0.0,0.0347002870980035,0.033563428658945745,1.4994970020692955
3.019721269607544,0.12095180565999888,[0.11938015],5.0,0.6,0.0,0.03192666833114074,0.026353410917070493,1.4995053429513496
3.031155586242676,0.12153800181020889,[0.11978027],5.0,0.6,0.0,0.02937421781340588,0.03250204863739323,1.4993816260057475
3.0406851768493652,0.12192879924368223,[0.12017669],5.0,0.6,0.0,0.02702545845650144,0.024975594175314173,1.4993856666066585
3.049718141555786,0.12231959667715558,[0.12056879],5.0,0.6,0.0,-0.2511741132489769,0.025780873043964793,1.499340163082419
3.0580925941467285,0.12271039411062891,[0.12095605],5.0,0.6,0.0,-0.28628727886898236,0.026145268371759664,1.4993236385916007
3.0657432079315186,0.12310119154410225,[0.12133805],5.0,0.6,0.0,-0.23301967291523246,0.020325435731085723,1.4993380436874175
3.0765063762664795,0.12329659026083893,[0.12171447],5.0,0.6,0.0,-0.1586180675709642,0.028928827447892786,1.4994807747266892
3.0847928524017334,0.12368738769431226,[0.1220856],5.0,0.6,0.0,-0.08964420262750061,0.022236456913320296,1.4994810035237798
3.094667911529541,0.12407818512778561,[0.12245116],5.0,0.6,0.0,-0.034447374000833496,0.02314311018680684,1.4994698135327889
3.1047065258026123,0.12446898256125893,[0.12281092],5.0,0.6,0.0,-0.2697991396979107,0.02382575225411927,1.499396133853184
3.1156089305877686,0.12485977999473229,[0.12316577],5.0,0.6,0.0,-0.2747147679297318,0.029656823674311147,1.499370056388301
3.1247501373291016,0.1252505774282056,[0.12351648],5.0,0.6,0.0,-0.20119941331853894,0.022366481795492027,1.49936862772771
3.1337857246398926,0.12564137486167898,[0.12386266],5.0,0.6,0.0,-0.11398280664818972,0.02246998415140154,1.499357766711578
3.1446914672851562,0.1260321722951523,[0.12420402],5.0,0.6,0.0,-0.31359611808107385,0.022605993823897216,1.499258591459379
3.1551973819732666,0.12642296972862566,[0.12454131],5.0,0.6,0.0,-0.28784062087529994,0.028003966981831392,1.4992304512103567
3.1640021800994873,0.1266183684453623,[0.12487524],5.0,0.6,0.0,-0.19095582430646427,0.0217274167327829,1.4993653446513298
3.1732616424560547,0.126813767162099,[0.12520543],5.0,0.6,0.0,-0.36332239447780346,0.022965340696284458,1.4993845312863805
3.1836326122283936,0.12739996331230902,[0.12553156],5.0,0.6,0.0,-0.309240027994514,0.02185722834818648,1.4992308743983236
3.1957314014434814,0.12759536202904564,[0.12585386],5.0,0.6,0.0,-0.18880587320432268,0.02259981898638038,1.499367083112831
3.2040040493011475,0.12779076074578233,[0.12617256],5.0,0.6,0.0,-0.06762326151099465,0.023145615994845773,1.4994730177309457
3.2157089710235596,0.1281815581792557,[0.12648786],5.0,0.6,0.0,-0.24445122345713782,0.02291913657317897,1.4993819630992702
3.2256884574890137,0.128572355612729,[0.12679998],5.0,0.6,0.0,-0.2046695029852569,0.022526663962627733,1.4993407518420627
3.237063407897949,0.12896315304620237,[0.12710958],5.0,0.6,0.0,-0.1002419576286056,0.027250126391994263,1.4993056126890658
3.2456624507904053,0.12915855176293903,[0.12741729],5.0,0.6,0.0,0.006363213214720137,0.021238613576240854,1.4993937537938395
3.2548539638519287,0.12935395047967568,[0.1277227],5.0,0.6,0.0,-0.18270012123273632,0.022380331735554152,1.4994431019808436
3.264248847961426,0.12954934919641237,[0.12802555],5.0,0.6,0.0,-0.15281591970533215,0.023430795496624898,1.4995183314722773
3.2727203369140625,0.12974474791314905,[0.12832611],5.0,0.6,0.0,-0.056274818847762184,0.02442925886857965,1.4995952178037724
3.2816929817199707,0.1301355453466224,[0.12862422],5.0,0.6,0.0,0.04406229225735204,0.019047763793696687,1.4995418353542886
3.294755697250366,0.13052634278009573,[0.1289198],5.0,0.6,0.0,-0.15000943963356064,0.026187914610311426,1.4994671852702488
3.307689666748047,0.13052634278009573,[0.12921441],5.0,0.6,0.0,-0.12416871695564137,0.03355162960578163,1.4996443471021155
3.3184828758239746,0.13091714021356907,[0.12950995],5.0,0.6,0.0,-0.03093589661189295,0.031734177897930885,1.499603330899653
3.3298208713531494,0.13111253893030572,[0.12980711],5.0,0.6,0.0,0.06665417407427972,0.03146190537238082,1.4996559210733582
3.3386614322662354,0.1313079376470424,[0.13010598],5.0,0.6,0.0,-0.12973304382723636,0.03180939130560859,1.499698573194555
3.347141742706299,0.1315033363637791,[0.13040671],5.0,0.6,0.0,-0.10587222104808398,0.032283188701438925,1.4997511668653944
3.357393264770508,0.13169873508051574,[0.13070946],5.0,0.6,0.0,-0.01435461884522208,0.03312217831028599,1.4998041307729126
3.3667309284210205,0.1318941337972524,[0.13101385],5.0,0.6,0.0,0.08173237733967753,0.02785742851049954,1.4998400607538016
3.375657558441162,0.13208953251398908,[0.13131908],5.0,0.6,0.0,0.16005340058357925,0.03052278025958653,1.4998622186913722
3.385014533996582,0.13228493123072574,[0.13162503],5.0,0.6,0.0,0.21585214531714317,0.032786763529012795,1.4998782285672223
3.3932034969329834,0.13248032994746242,[0.13193224],5.0,0.6,0.0,0.25120672912718767,0.034738522843579284,1.4998929473250895
3.40250563621521,0.1326757286641991,[0.13224119],5.0,0.6,0.0,0.27024644144643195,0.036526534828988134,1.4999078730821658
3.416112184524536,0.13306652609767244,[0.13255298],5.0,0.6,0.0,0.27717226250761967,0.04375868373401972,1.4998900704203086
3.425870656967163,0.1332619248144091,[0.13286853],5.0,0.6,0.0,0.2755554374319968,0.03655352138097816,1.499912529376757
3.434764862060547,0.13345732353114578,[0.13318742],5.0,0.6,0.0,0.26818841181550734,0.038373154953487955,1.499931891906395
3.4440512657165527,0.13365272224788244,[0.13350926],5.0,0.6,0.0,0.2571512955502041,0.039993345964639423,1.4999466611189956
3.4516713619232178,0.1338481209646191,[0.13383371],5.0,0.6,0.0,0.24394364663978685,0.034432938772982286,1.4999556622611487
3.461655616760254,0.13404351968135578,[0.13415983],5.0,0.6,0.0,0.22961921575094646,0.03762552785908699,1.4999580474470249
3.472147226333618,0.13443431711482912,[0.13448804],5.0,0.6,0.0,0.21490139234492572,0.04573647177163932,1.4999650456384812
3.4812474250793457,0.1346297158315658,[0.1348199],5.0,0.6,0.0,0.20027446628737083,0.0458112321747785,1.4999629089574198
3.490236520767212,0.13482511454830248,[0.13515548],5.0,0.6,0.0,0.18605263153151036,0.039256999155986384,1.4999524045835455
3.5001401901245117,0.13482511454830248,[0.13549355],5.0,0.6,0.0,0.17243075320003437,0.04250516253424773,1.4998885095294827
3.5088517665863037,0.13521591198177582,[0.13583369],5.0,0.6,0.0,0.15952104868178735,0.04370188716344656,1.4999047316098097
3.518519639968872,0.13560670941524913,[0.13617616],5.0,0.6,0.0,0.14737925540568886,0.044558074146313416,1.499918979238363
3.5296623706817627,0.13580210813198582,[0.1365212],5.0,0.6,0.0,0.1360231192071487,0.0459295763255916,1.4998828126522383
3.5376806259155273,0.1359975068487225,[0.13686901],5.0,0.6,0.0,0.1254453530348234,0.04755049214953415,1.4998363930992173
3.5486931800842285,0.13638830428219584,[0.13721976],5.0,0.6,0.0,0.11562265334725831,0.04783247489345766,1.4998517955065935
3.5584301948547363,0.13638830428219584,[0.1375736],5.0,0.6,0.0,0.3825602858469442,0.050121017101250415,1.4996101236025932
3.568891763687134,0.13677910171566918,[0.13793069],5.0,0.6,0.0,0.4072675120271321,0.05047028881753149,1.499611349149367
3.5796592235565186,0.13716989914914252,[0.13829118],5.0,0.6,0.0,0.3443949642538885,0.050705986886429875,1.499660294694086
3.5894320011138916,0.13756069658261585,[0.13865517],5.0,0.6,0.0,0.26113477377350186,0.051034893425074966,1.4997096945263217
3.5995981693267822,0.13775609529935254,[0.13902278],5.0,0.6,0.0,0.1839955812474108,0.05248993393167243,1.4996539553841703
3.6102123260498047,0.13814689273282588,[0.13939409],5.0,0.6,0.0,0.39731420934626827,0.05259360312049137,1.4995714514011518
3.6177964210510254,0.13834229144956253,[0.13976852],5.0,0.6,0.0,0.3828235861567417,0.04649844238116833,1.4994841758460637
3.627781391143799,0.13873308888303587,[0.14014488],5.0,0.6,0.0,0.2931377194244882,0.04900810269131254,1.4995374888656618
3.6366961002349854,0.13892848759977253,[0.14052289],5.0,0.6,0.0,0.19276164631750775,0.05204247881666865,1.4994640461526922
3.6446921825408936,0.1391238863165092,[0.14090304],5.0,0.6,0.0,0.10570164089238362,0.05444603613211515,1.499358807852143
3.6557865142822266,0.13951468374998255,[0.14128646],5.0,0.6,0.0,0.038202390600880466,0.06361701025412858,1.499371272368292
3.6646764278411865,0.1399054811834559,[0.14167415],5.0,0.6,0.0,0.26540649200926403,0.0543428509892359,1.4993221254321454
3.6736843585968018,0.14029627861692923,[0.1420655],5.0,0.6,0.0,0.2651130558146212,0.05575468096761508,1.4993218482608452
3.684656858444214,0.14068707605040257,[0.14246001],5.0,0.6,0.0,0.1884398087190119,0.05696664179380329,1.4993451044643118
3.69345760345459,0.14107787348387593,[0.14285797],5.0,0.6,0.0,0.3755172614355023,0.05775521450246255,1.4992614911469464
3.7021195888519287,0.1412732722006126,[0.14325964],5.0,0.6,0.0,0.33143315665945544,0.05961735073648263,1.4991294193796347
3.712681531906128,0.1416640696340859,[0.14366524],5.0,0.6,0.0,0.21731381239835168,0.06050638603732081,1.4991642283071407
3.7220511436462402,0.14225026578429595,[0.14407499],5.0,0.6,0.0,0.37575639036256453,0.05987372738850953,1.499229201471077
3.729628324508667,0.1424456645010326,[0.14448824],5.0,0.6,0.0,0.31131238110710147,0.05296307416165955,1.4990937848660548
3.7410435676574707,0.14303186065124263,[0.14490439],5.0,0.6,0.0,0.459645863630828,0.06285648328539889,1.4991417230332083
3.75260591506958,0.14361805680145262,[0.14532444],5.0,0.6,0.0,0.3667562267856992,0.06157335591427894,1.4993176992846955
3.760652780532837,0.144008854234926,[0.14574844],5.0,0.6,0.0,0.20944070178294835,0.05301973083694843,1.4993622979661398
3.769951105117798,0.1443996516683993,[0.14617486],5.0,0.6,0.0,0.33479506180124435,0.05523152456661625,1.4992864918855404
3.779634475708008,0.14479044910187266,[0.14660316],5.0,0.6,0.0,0.2472958959725502,0.056919146766431186,1.4992975115251486
3.789644241333008,0.14537664525208266,[0.14703358],5.0,0.6,0.0,0.10491518557690635,0.05712601030440483,1.4994428672648994
3.7980449199676514,0.14576744268555603,[0.14746631],5.0,0.6,0.0,-0.029344029421046122,0.057933406714571666,1.4994222958242196
3.806682825088501,0.14615824011902934,[0.14790142],5.0,0.6,0.0,0.140911615980405,0.058405571362075984,1.4993776714427394
3.814624071121216,0.1465490375525027,[0.14833818],5.0,0.6,0.0,0.09914317473374236,0.05056637203603136,1.49935268468065
3.824188232421875,0.1471352337027127,[0.14877518],5.0,0.6,0.0,-0.0041507366735585235,0.052324961682009764,1.4994622440946488
3.832914352416992,0.14752603113618606,[0.14921199],5.0,0.6,0.0,-0.10758019746510916,0.05433863252658023,1.4994230532126438
3.8428661823272705,0.14811222728639603,[0.14964896],5.0,0.6,0.0,0.08592761444026792,0.05460953105717994,1.499522305746816
3.8516359329223633,0.1485030247198694,[0.15008563],5.0,0.6,0.0,0.06121325284007287,0.04748738396875357,1.499496408283612
3.8626456260681152,0.14928461958681605,[0.15052161],5.0,0.6,0.0,-0.029807478958963837,0.05672987044884373,1.499693355528295
3.8733983039855957,0.14987081573702607,[0.15095807],5.0,0.6,0.0,0.151511126505971,0.0556698560486805,1.4997465135444217
3.8831396102905273,0.1502616131704994,[0.151396],5.0,0.6,0.0,0.10821597033482262,0.05542320432076419,1.499733948238054
3.8916401863098145,0.15084780932070943,[0.1518347],5.0,0.6,0.0,-0.00047732905464475256,0.04639347564052781,1.4998052282964638
3.9036786556243896,0.1516294041876561,[0.15227359],5.0,0.6,0.0,0.16646698395092127,0.05497050466493127,1.499896381578602
3.913313150405884,0.1524109990546028,[0.1527137],5.0,0.6,0.0,0.11241122519054618,0.05268752747909815,1.4999722683989951
3.920680284500122,0.15280179648807612,[0.15315517],5.0,0.6,0.0,-0.003884897216287382,0.04413986087609583,1.4999750143597266
3.930274486541748,0.15338799263828612,[0.1535966],5.0,0.6,0.0,-0.11807953469338142,0.04550207843720732,1.4999809176812138
3.942073345184326,0.15416958750523282,[0.15403835],5.0,0.6,0.0,0.06755480119254166,0.05378686018997086,1.4999931582724917
3.9497156143188477,0.15456038493870616,[0.15448154],5.0,0.6,0.0,0.037614525390049204,0.04447906253994059,1.499997703543922
3.9592602252960205,0.15514658108891616,[0.15492559],5.0,0.6,0.0,-0.05650349727831795,0.04527253681774622,1.499987856210548
3.967695474624634,0.15573277723912618,[0.15536925],5.0,0.6,0.0,-0.15272628816317552,0.037498054519496594,1.4999562066646406
3.976724863052368,0.1563189733893362,[0.15581231],5.0,0.6,0.0,-0.22951176868765133,0.0490658124448887,1.499909448827352
3.985945701599121,0.15690516953954617,[0.15625544],5.0,0.6,0.0,-0.0066566930735027785,0.039757410193732794,1.4999155420281494
3.9958839416503906,0.15749136568975622,[0.15669847],5.0,0.6,0.0,-0.005618302111211684,0.04162482700216844,1.499874246697539
4.00529408454895,0.15807756183996624,[0.15714125],5.0,0.6,0.0,-0.07613475826431254,0.0429849389172608,1.4998203648626278
4.013854503631592,0.15885915670691292,[0.15758455],5.0,0.6,0.0,-0.1553801314203085,0.043020154926006186,1.4996571574291382
4.022659778594971,0.1594453528571229,[0.15802906],5.0,0.6,0.0,-0.2205150333745668,0.0434912198590416,1.4995627070954751
4.032796144485474,0.16003154900733293,[0.15847538],5.0,0.6,0.0,-0.26608455183004714,0.043745390145669166,1.4994630819148664
4.041682720184326,0.16061774515754293,[0.1589232],5.0,0.6,0.0,-0.2935027936704272,0.03492150722254888,1.499361745990382
4.051295757293701,0.16120394130775295,[0.15937148],5.0,0.6,0.0,-0.30634482496702753,0.037583624823550744,1.4992587872607543
4.060046195983887,0.16179013745796297,[0.15982021],5.0,0.6,0.0,-0.3083771926225693,0.03949202407662479,1.499153396374889
4.070889234542847,0.16237633360817297,[0.16027026],5.0,0.6,0.0,-0.30284217241966127,0.04066273503080468,1.4990450187874302
4.081636667251587,0.162962529758383,[0.16072238],5.0,0.6,0.0,-0.2922880010958627,0.041521613479900944,1.4989332543120995
4.091724395751953,0.163548725908593,[0.16117722],5.0,0.6,0.0,-0.2786154996494973,0.04199569992375845,1.4988180417655481
4.101951599121094,0.16433032077553966,[0.16163624],5.0,0.6,0.0,-0.26319328518268403,0.050872452435458494,1.498497878401663
4.111044645309448,0.16491651692574968,[0.16210154],5.0,0.6,0.0,-0.5230179241284814,0.04845169273358877,1.49821285194834
4.11863112449646,0.165307314359223,[0.16257311],5.0,0.6,0.0,-0.5397907937052079,0.03812563083836396,1.4982890931121
4.128649473190308,0.16589351050943302,[0.16304916],5.0,0.6,0.0,-0.4686366588010493,0.039602559147124766,1.4982197816191318
4.1371190547943115,0.16647970665964307,[0.16352904],5.0,0.6,0.0,-0.37706567418022263,0.04073407121610958,1.4981544007458532
4.1446850299835205,0.1668705040931164,[0.16401219],5.0,0.6,0.0,-0.2917941629384193,0.03269425545570378,1.4983039688679174
4.1544578075408936,0.1674567002433264,[0.16449815],5.0,0.6,0.0,-0.22125113930534315,0.04578892238361743,1.4982144877507229
4.162946462631226,0.16784749767679974,[0.1649874],5.0,0.6,0.0,-0.1661988495009083,0.03649595437884005,1.498344747694745
4.1709699630737305,0.1682382951102731,[0.16547946],5.0,0.6,0.0,-0.12460012485811726,0.039802673218044586,1.4984673617907986
4.18073582649231,0.16882449126048307,[0.16597297],5.0,0.6,0.0,-0.09374200438122013,0.031670947122828266,1.4983685457645846
4.192949295043945,0.16960608612742978,[0.16646773],5.0,0.6,0.0,-0.07108049728376913,0.044484591938387455,1.498028320793814
4.202146530151367,0.16999688356090312,[0.16696536],5.0,0.6,0.0,-0.05451102007560356,0.04532364017458909,1.4981614461248312
4.209731578826904,0.1705830797111131,[0.16746629],5.0,0.6,0.0,-0.042397244920443375,0.03517945356387828,1.4980576688070117
4.219981908798218,0.17116927586132313,[0.16796902],5.0,0.6,0.0,-0.03351105616677647,0.03763963709897655,1.4979529306375428
4.229472637176514,0.17175547201153316,[0.16847316],5.0,0.6,0.0,-0.026950393423596612,0.03937037581043471,1.4978470607458003
4.238014459609985,0.17214626944500647,[0.16897925],5.0,0.6,0.0,-0.022061671255901687,0.041331616363399014,1.4979956461957178
4.248092889785767,0.1727324655952165,[0.16948772],5.0,0.6,0.0,-0.018375431110317877,0.041971106335278945,1.497896292514095
4.256687164306641,0.1733186617454265,[0.16999799],5.0,0.6,0.0,-0.015556270630180528,0.03237449274562005,1.4977968728815334
4.267336130142212,0.17390485789563648,[0.1705095],5.0,0.6,0.0,-0.01336527504598671,0.04506210785191602,1.4976968368338612
4.2781312465667725,0.17449105404584653,[0.17102359],5.0,0.6,0.0,-0.011632454418728778,0.044175349603121986,1.4975981313661342
4.285609722137451,0.17507725019605655,[0.17154042],5.0,0.6,0.0,-0.010236812593755973,0.03358660498002207,1.4975012222817674
4.2956249713897705,0.17566344634626652,[0.17205828],5.0,0.6,0.0,-0.009092072538748722,0.035629951304730845,1.4974038737566346
4.307626724243164,0.17644504121321322,[0.17257747],5.0,0.6,0.0,-0.008136518593643036,0.045739799915841026,1.4970128059925656
4.318619251251221,0.17703123736342324,[0.17310002],5.0,0.6,0.0,-0.007325799602385344,0.04382597832275376,1.4969138349638387
4.327942848205566,0.17761743351363324,[0.17362668],5.0,0.6,0.0,-0.0066278444793712084,0.04229260461038387,1.4968198152780758
4.337188005447388,0.1780082309471066,[0.17415717],5.0,0.6,0.0,-0.006019276661552149,0.0422539639844579,1.4970382410775223
4.3467793464660645,0.17859442709731663,[0.17469121],5.0,0.6,0.0,-0.005482888121452487,0.04132149539131434,1.496957591197244
4.354942798614502,0.1791806232475266,[0.17522758],5.0,0.6,0.0,-0.005005860473932893,0.030934954188066608,1.496879552970556
4.36310887336731,0.17957142068099996,[0.17576436],5.0,0.6,0.0,-0.0045785119611701924,0.03431378534493004,1.4971054446556868
4.374839544296265,0.18015761683120995,[0.17630173],5.0,0.6,0.0,-0.0041934142036959094,0.04572574881720522,1.4970308346565468
4.383690118789673,0.18074381298141998,[0.17684074],5.0,0.6,0.0,-0.0038447687928944317,0.034385912034838664,1.4969578371127885
4.394188404083252,0.18133000913162997,[0.1773805],5.0,0.6,0.0,-0.0035279664402603932,0.03599119187548858,1.496885122013885
4.401642084121704,0.18191620528184,[0.17792026],5.0,0.6,0.0,-0.0032392744020827728,0.03734325760951391,1.4968115637768087
4.410651683807373,0.1823070027153133,[0.17845943],5.0,0.6,0.0,-0.0029756140795801304,0.029239143608777295,1.497043608715565
4.4213080406188965,0.18289319886552335,[0.17899756],5.0,0.6,0.0,-0.27877276174052434,0.042951046322413804,1.4969115526515246
4.4296300411224365,0.18328399629899667,[0.17953525],5.0,0.6,0.0,-0.31167639869699415,0.03413896604378852,1.4971210254715228
4.43896484375,0.18387019244920672,[0.18007217],5.0,0.6,0.0,-0.25637651740052303,0.036469201899336647,1.4970702323234877
4.448399543762207,0.1844563885994167,[0.18060798],5.0,0.6,0.0,-0.18010556246413556,0.03825733904981191,1.497018181499323
4.458101272583008,0.1850425847496267,[0.18114333],5.0,0.6,0.0,-0.10941213650404233,0.03951174112925569,1.4969548774968784
4.468967437744141,0.18562878089983675,[0.18167885],5.0,0.6,0.0,-0.052633480168676805,0.04052651708019946,1.4968824085340513
4.479062557220459,0.18621497705004675,[0.18221509],5.0,0.6,0.0,-0.010491722594176005,0.04128927171612363,1.496805211400683
4.486618280410767,0.1866057744835201,[0.18275162],5.0,0.6,0.0,0.019055920311308414,0.032366704842334816,1.4970332322252622
4.497600317001343,0.1871919706337301,[0.18328808],5.0,0.6,0.0,0.03870553509758475,0.0460445140644597,1.496955446677881
4.505651473999023,0.18758276806720342,[0.18382514],5.0,0.6,0.0,0.05097009159891419,0.03610660959038703,1.497178098457828
4.5185911655426025,0.18836436293415013,[0.18436341],5.0,0.6,0.0,0.0579147524980462,0.0480830806905816,1.4968011036026572
4.52661919593811,0.18875516036762346,[0.18490341],5.0,0.6,0.0,0.06113194441246518,0.03748760379731286,1.497034425211809
4.537652015686035,0.18934135651783346,[0.18544559],5.0,0.6,0.0,0.06180404151711706,0.0500828787850498,1.4969663526478985
4.5469465255737305,0.19012295138478016,[0.18599128],5.0,0.6,0.0,0.0607872711449359,0.04778363969196406,1.4965889276626254
4.557008981704712,0.19070914753499016,[0.18654163],5.0,0.6,0.0,0.05869042456219463,0.046774702306309486,1.4965298143605146
4.564612627029419,0.1910999449684635,[0.18709561],5.0,0.6,0.0,0.05593990919561842,0.03645838267514863,1.4967958631989366
4.575742483139038,0.1918815398354102,[0.18765232],5.0,0.6,0.0,0.3288685911686312,0.04835027483788303,1.4963486261970287
4.583677530288696,0.19227233726888354,[0.18821096],5.0,0.6,0.0,0.3587247423374105,0.049215260518431114,1.496610692563555
4.592599630355835,0.19285853341909354,[0.18876886],5.0,0.6,0.0,0.3003341729571233,0.04776660591670838,1.4965933640619327
4.602630615234375,0.19324933085256688,[0.18932477],5.0,0.6,0.0,0.22101835766679084,0.047788930957725746,1.496887941212752
4.6120710372924805,0.1938355270027769,[0.18988061],5.0,0.6,0.0,0.147382397806593,0.05773911347636515,1.4968604373130834
4.61961030960083,0.1942263244362502,[0.19043803],5.0,0.6,0.0,0.08779759499466239,0.04464741529298307,1.4971281379659862
4.628615856170654,0.1950079193031969,[0.19099549],5.0,0.6,0.0,0.04300480614659377,0.03351811778079985,1.4967838765570787
4.637669801712036,0.19559411545340694,[0.19155166],5.0,0.6,0.0,0.28700797768096453,0.04736108945141875,1.4966757358807643
4.646176099777222,0.1961803116036169,[0.19210744],5.0,0.6,0.0,0.298160390456084,0.03625668569952421,1.49662166423234
4.659571409225464,0.1969619064705636,[0.1926636],5.0,0.6,0.0,0.22863797579797296,0.04856422727931908,1.4962728176106461
4.67015814781189,0.19774350133751029,[0.19322184],5.0,0.6,0.0,0.14360386978183057,0.0465521323744177,1.495903908282782
4.680005311965942,0.19832969748772028,[0.19378358],5.0,0.6,0.0,0.0680082328540937,0.04577215695907848,1.4958716514474697
4.689675331115723,0.1989158936379303,[0.19434904],5.0,0.6,0.0,0.2850372148735129,0.045107842583533515,1.4957769812929032
4.698681116104126,0.19950208978814032,[0.19491736],5.0,0.6,0.0,0.2755970113530656,0.03383735420008794,1.4957483460281378
4.707580804824829,0.20008828593835032,[0.19548681],5.0,0.6,0.0,0.19172020462144046,0.036756764367903115,1.4957468728012533
4.717621803283691,0.20067448208856034,[0.19605691],5.0,0.6,0.0,0.09751076247935761,0.03905004432117292,1.4957376130590658
4.729431867599487,0.20145607695550702,[0.19662937],5.0,0.6,0.0,0.016703876592351452,0.05095296037486308,1.4953512123514958
4.739604473114014,0.20223767182245372,[0.19720767],5.0,0.6,0.0,-0.04463452438109456,0.058856791883833866,1.4949511185905882
4.752612829208374,0.20301926668940037,[0.1977947],5.0,0.6,0.0,-0.08751416273483832,0.053356164806179794,1.4945499476386952
4.762457609176636,0.2036054628396104,[0.19839074],5.0,0.6,0.0,-0.11525277828501959,0.05018529792505697,1.4945662119755307
4.7734375,0.2043870577065571,[0.19899495],5.0,0.6,0.0,-0.13146261419849514,0.04713420441545993,1.4941890522753543
4.782097101211548,0.20516865257350375,[0.19960651],5.0,0.6,0.0,-0.13930276287501475,0.044588738862074685,1.493817173611417
4.790611267089844,0.2055594500069771,[0.20022461],5.0,0.6,0.0,-0.1412866108581842,0.04459394297655993,1.4943091958846213
4.7997589111328125,0.2061456461571871,[0.20084743],5.0,0.6,0.0,-0.13931235957100252,0.032783615471554756,1.4943870589350365
4.8096022605896,0.2069272410241338,[0.20147235],5.0,0.6,0.0,0.14127139993020246,0.03449084178237595,1.49405164458634
4.820613622665405,0.20770883589108044,[0.20209917],5.0,0.6,0.0,0.18052289029325047,0.04665318533477168,1.493701834513094
4.829776763916016,0.20829503204129046,[0.20272872],5.0,0.6,0.0,0.13244133214131473,0.03377268948655678,1.4938093470108016
4.83860969543457,0.20907662690823717,[0.2033596],5.0,0.6,0.0,0.06378473243071985,0.034743672934975954,1.4934814095573894
4.8486316204071045,0.20966282305844713,[0.20398956],5.0,0.6,0.0,0.0007823064940899876,0.025292074649119325,1.493583490519991
4.857674598693848,0.21024901920865718,[0.20461674],5.0,0.6,0.0,-0.04843840223729675,0.029621409043506346,1.4936738320998317
4.86864709854126,0.2110306140756039,[0.20524064],5.0,0.6,0.0,-0.08328820254278502,0.031972735548649135,1.493312506402501
4.877894639968872,0.21161681022581388,[0.20586188],5.0,0.6,0.0,-0.10588964984656973,0.034085231835398105,1.493389701945436
4.887599468231201,0.21220300637602388,[0.20648102],5.0,0.6,0.0,-0.11898217669793563,0.035857309921732826,1.493462631130297
4.8956944942474365,0.21278920252623387,[0.20709858],5.0,0.6,0.0,-0.12509746494149285,0.03717232305856479,1.4935326503603867
4.906005382537842,0.2133753986764439,[0.20771505],5.0,0.6,0.0,-0.40234136768643414,0.03820662169934586,1.4934920974536923
4.9146153926849365,0.21396159482665392,[0.20832982],5.0,0.6,0.0,-0.43334588668836277,0.027908010631071185,1.4935369256174056
4.923618793487549,0.2145477909768639,[0.20894136],5.0,0.6,0.0,-0.3739703148744241,0.03168402979519057,1.4936292068447838
4.938859701156616,0.2153293858438106,[0.20955153],5.0,0.6,0.0,-0.5683244283626003,0.055833041722551956,1.4931051340022683
4.948352098464966,0.2159155819940206,[0.210165],5.0,0.6,0.0,-0.5245939661362733,0.0515397584706487,1.4932031796603678
4.958802938461304,0.21650177814423063,[0.21078364],5.0,0.6,0.0,-0.4062139307592466,0.04829678056423234,1.493359103468937
4.968613147735596,0.21728337301117734,[0.21140687],5.0,0.6,0.0,-0.28141437238022426,0.045065044987601034,1.49305818183193
4.978894948959351,0.21767417044465065,[0.21203411],5.0,0.6,0.0,-0.4509210308966944,0.04468607333061105,1.493506812915283
4.986990690231323,0.21826036659486067,[0.21266484],5.0,0.6,0.0,-0.4015386140859373,0.04364417209446172,1.4936375822845362
4.998107671737671,0.21884656274507067,[0.21329852],5.0,0.6,0.0,-0.2862381108448204,0.04300328842229799,1.4938017767171554
5.008601188659668,0.21962815761201734,[0.21393465],5.0,0.6,0.0,-0.16818422205880776,0.04154938944500336,1.4935167093023685
5.018390893936157,0.22021435376222737,[0.21457275],5.0,0.6,0.0,-0.06965577133197401,0.04128457637811234,1.4936510573609834
5.02992582321167,0.22080054991243736,[0.21521238],5.0,0.6,0.0,0.0047009519576917055,0.041199947387998835,1.4937739067778077
5.039165019989014,0.22138674606264738,[0.21585314],5.0,0.6,0.0,0.05709019016405145,0.04107006856676105,1.4938921229948718
5.047101974487305,0.2219729422128574,[0.21649465],5.0,0.6,0.0,0.09176686063242634,0.041067774948117836,1.494009375795778
5.057459831237793,0.2225591383630674,[0.21713656],5.0,0.6,0.0,0.11305031457257307,0.04104373763152486,1.4941268801611614
5.065626382827759,0.22314533451327742,[0.21777755],5.0,0.6,0.0,0.12462069276713922,0.030285046345645515,1.494242380148349
5.076207399368286,0.22353613194675076,[0.21841547],5.0,0.6,0.0,0.1293696404014533,0.03444028917796225,1.4947570403304122
5.085588216781616,0.22431772681369744,[0.21904959],5.0,0.6,0.0,0.12946735166004003,0.03595689883228611,1.4944522357125674
5.096142053604126,0.22490392296390746,[0.21968028],5.0,0.6,0.0,0.12649519144657895,0.03756174017184359,1.4945456609762446
5.1040332317352295,0.22529472039738077,[0.22030793],5.0,0.6,0.0,0.1215813007623188,0.03987436952306752,1.495027722373473
5.112602472305298,0.22588091654759082,[0.22093188],5.0,0.6,0.0,0.11551683648732503,0.029875451331159816,1.4951034586069794
5.121565103530884,0.22627171398106416,[0.22155064],5.0,0.6,0.0,0.10884793369050848,0.03465196435083548,1.4955433887970293
5.130563974380493,0.22685791013127415,[0.22216398],5.0,0.6,0.0,0.10194531801677893,0.03746448150614661,1.495595358360979
5.14356803894043,0.22763950499822086,[0.22277378],5.0,0.6,0.0,0.09505559995849747,0.049053813147412306,1.4952694169539542
5.152092218399048,0.2280303024316942,[0.22338265],5.0,0.6,0.0,0.08833841416395163,0.0481612002088435,1.4956833782833954
5.160103797912598,0.22842109986516748,[0.22399078],5.0,0.6,0.0,0.0818929880893301,0.037046436363888206,1.4960771585263797
5.1706085205078125,0.22900729601537753,[0.22459634],5.0,0.6,0.0,-0.20026137593704285,0.039168681491051995,1.4960863931196173
5.180683851242065,0.22978889088232424,[0.22519876],5.0,0.6,0.0,-0.23914319262895578,0.03989758720853883,1.4957524281116028
5.191593885421753,0.23017968831579752,[0.2257986],5.0,0.6,0.0,-0.18943398559615462,0.041891614084655734,1.4961418541750116
5.201587915420532,0.23076588446600757,[0.22639634],5.0,0.6,0.0,-0.11837001043307516,0.042531964909407784,1.4961782599219295
5.210581064224243,0.2313520806162176,[0.22699236],5.0,0.6,0.0,-0.052511515087837184,0.04285398546922884,1.496203731215695
5.220416069030762,0.2317428780496909,[0.22758699],5.0,0.6,0.0,-0.00021216017848379662,0.04403579123728669,1.4965516761258557
5.22958517074585,0.2323290741999009,[0.22818047],5.0,0.6,0.0,-0.23825153967880103,0.044156855573861696,1.4965214881257476
5.237565755844116,0.23271987163337426,[0.22877205],5.0,0.6,0.0,-0.2456551313991504,0.03488744928883017,1.4968428814369776
5.248388290405273,0.23330606778358423,[0.22936109],5.0,0.6,0.0,-0.17443945545068412,0.04815826668972337,1.4968696191923165
5.258354425430298,0.23389226393379428,[0.22994895],5.0,0.6,0.0,-0.0893460802776678,0.047125801308066914,1.4968889454250276
5.268436908721924,0.2344784600840043,[0.23053676],5.0,0.6,0.0,-0.014879674273879241,0.046270721445086725,1.49689726184452
5.278133869171143,0.23486925751747764,[0.2311245],5.0,0.6,0.0,0.042194786607977,0.04663508745468025,1.4971979623208682
5.285693645477295,0.23526005495095098,[0.23171118],5.0,0.6,0.0,0.08231855615372308,0.036760256454191814,1.4974792219596254
5.293597936630249,0.23565085238442432,[0.23229501],5.0,0.6,0.0,0.10837286420170446,0.04033736201867661,1.497741452771252
5.3026673793792725,0.2360416498178977,[0.23287544],5.0,0.6,0.0,0.12364601274787401,0.043098064382410345,1.497985645361211
5.311263084411621,0.2368232446848443,[0.23345204],5.0,0.6,0.0,0.1310619775577082,0.033220021854107086,1.4977167907898807
5.320575475692749,0.23721404211831768,[0.23402357],5.0,0.6,0.0,0.13296615215988994,0.03793170255642944,1.4979530844990903
5.330559968948364,0.23780023826852767,[0.23458994],5.0,0.6,0.0,0.1311381433148665,0.04049294148232953,1.497928123470057
5.339136838912964,0.238191035702001,[0.23515209],5.0,0.6,0.0,0.12688203536061388,0.04327434311399139,1.4981426848955282
5.347559928894043,0.23877723185221103,[0.23570992],5.0,0.6,0.0,0.12113015558018492,0.03440853135191071,1.4981091675075855
5.360158920288086,0.23936342800242105,[0.23626342],5.0,0.6,0.0,0.11453593256303227,0.048280191342043435,1.4980700763463028
5.370615482330322,0.2397542254358944,[0.23681548],5.0,0.6,0.0,0.10754894620617017,0.059233055239500315,1.498265632516808
5.379708766937256,0.24034042158610439,[0.23736856],5.0,0.6,0.0,0.10047243010724258,0.046082146193450794,1.4982276583067544
5.388547897338867,0.2409266177363144,[0.23792202],5.0,0.6,0.0,0.09350595432888012,0.0468838641712078,1.4981895930649953
5.3980982303619385,0.24131741516978775,[0.23847532],5.0,0.6,0.0,0.0867764704796832,0.04877671627753988,1.4983801991036967
5.408375024795532,0.24190361131999777,[0.23902907],5.0,0.6,0.0,0.08036058231726582,0.0494201363988558,1.4983439585827758
5.4176952838897705,0.24248980747020776,[0.23958381],5.0,0.6,0.0,0.07430036372905105,0.050166888985391664,1.4983083563541455
5.425819158554077,0.24288060490368113,[0.24014009],5.0,0.6,0.0,0.0686145079107339,0.051683952488617124,1.4984955352514002
5.433910369873047,0.24327140233715447,[0.24069739],5.0,0.6,0.0,0.0633061354148827,0.042505499419386965,1.4986727862312734
5.444579839706421,0.24385759848736446,[0.24125436],5.0,0.6,0.0,0.3344065893767651,0.04597774046041491,1.4985623096279375
5.455556154251099,0.24463919335431117,[0.24181193],5.0,0.6,0.0,0.36295036045408824,0.05877174936263911,1.4983045417457799
5.466554164886475,0.24522538950452114,[0.24237299],5.0,0.6,0.0,0.303612158812447,0.05789734161937246,1.4983054771205733
5.475304365158081,0.24581158565473116,[0.24293799],5.0,0.6,0.0,0.22360687436145382,0.04597112367670109,1.4983126320926115
5.4835591316223145,0.2462023830882045,[0.24350523],5.0,0.6,0.0,0.14946451079921308,0.04987369405531772,1.498529501021786
5.492670059204102,0.24678857923841455,[0.2440733],5.0,0.6,0.0,0.08950348271037246,0.040813668299671105,1.4985205803695516
5.504494905471802,0.2475701741053612,[0.24464213],5.0,0.6,0.0,0.3204657578670063,0.05624262541383629,1.498210333175309
5.514487981796265,0.24815637025557122,[0.2452138],5.0,0.6,0.0,0.32133855561583236,0.056782267508634375,1.498192895399447
5.523075819015503,0.2487425664057812,[0.24579015],5.0,0.6,0.0,0.24410064739969067,0.05726081735983513,1.498213818056217
5.530569553375244,0.24913336383925455,[0.24637059],5.0,0.6,0.0,0.1534570866550863,0.04686573745450401,1.4984570462047906
5.543593406677246,0.24991495870620126,[0.24695457],5.0,0.6,0.0,0.07387769729793958,0.06147790797543398,1.498244691935736
5.554563283920288,0.2506965535731479,[0.24754384],5.0,0.6,0.0,0.012094522737841243,0.06007113247247194,1.498013945794984
5.565044641494751,0.25128274972335796,[0.24813985],5.0,0.6,0.0,-0.03236460176405697,0.059897159416936636,1.4980256124243527
5.573061227798462,0.2516735471568313,[0.24874273],5.0,0.6,0.0,-0.06240977327067464,0.06095300686146662,1.4982806427518156
5.580547094345093,0.2520643445903046,[0.24935142],5.0,0.6,0.0,0.19468220763137756,0.04977751094020227,1.4985008769069008
5.590588808059692,0.2528459394572513,[0.24996384],5.0,0.6,0.0,0.21701032906736878,0.052538254332752096,1.498305024470896
5.5991387367248535,0.2532367368907246,[0.25057936],5.0,0.6,0.0,0.1568980207336367,0.05640360751373861,1.4985703448066678
5.606613636016846,0.2538229330409346,[0.25119743],5.0,0.6,0.0,0.07977845634866329,0.046215623159595556,1.4986175592627478
5.617560386657715,0.25460452790788135,[0.25181755],5.0,0.6,0.0,0.2869162909508328,0.06248775353607582,1.4983864840386136
5.628342628479004,0.255386122774828,[0.25244158],5.0,0.6,0.0,0.26674746428235563,0.0616827807520614,1.498214469660295
5.639595031738281,0.255972318925038,[0.25307102],5.0,0.6,0.0,0.17401700018035438,0.06167398321918038,1.4982953658067746
5.64762544631958,0.256558515075248,[0.25370593],5.0,0.6,0.0,0.34949063268065744,0.061641665207349566,1.4982829590341773
5.657540559768677,0.2573401099421947,[0.25434629],5.0,0.6,0.0,0.2977537468409904,0.060791260032151434,1.498143017557855
5.665569543838501,0.25792630609240474,[0.25499088],5.0,0.6,0.0,0.17911203744330473,0.04893047820107145,1.4982542587047476
5.673938751220703,0.25851250224261474,[0.25563752],5.0,0.6,0.0,0.05931955519617518,0.05272109162135569,1.4983456397184431
5.683101177215576,0.25909869839282473,[0.25628543],5.0,0.6,0.0,-0.03879473894387378,0.055437945269828606,1.4984172371346587
5.6915483474731445,0.2594894958262981,[0.25693391],5.0,0.6,0.0,0.16521695591917224,0.045945189682671514,1.4986743276873045
5.700574636459351,0.2602710906932448,[0.25758119],5.0,0.6,0.0,0.14973003406751895,0.04996332488711737,1.4985372426115071
5.710568189620972,0.26105268556019146,[0.25822692],5.0,0.6,0.0,0.0647103123767527,0.05255212815502658,1.4984011700280897
5.719544887542725,0.26163888171040145,[0.25887195],5.0,0.6,0.0,0.2487166121891881,0.05492843129448186,1.4984239414370975
5.728545904159546,0.2624204765773481,[0.25951695],5.0,0.6,0.0,0.20536513493634498,0.05555157975663531,1.4982839285285703
5.737872838973999,0.2632020714442948,[0.26016242],5.0,0.6,0.0,0.09457685252727858,0.055488220268434446,1.4981471519996878
5.745589971542358,0.2637882675945048,[0.26080765],5.0,0.6,0.0,-0.01801122971469512,0.044678403761828155,1.4982245179280755
5.754206418991089,0.26437446374471485,[0.26145093],5.0,0.6,0.0,-0.10957097712031028,0.04869773399885213,1.4982831131054795
5.763558626174927,0.2653514573283982,[0.26209192],5.0,0.6,0.0,0.10038996270257458,0.049492006121798,1.4978698431546063
5.773352861404419,0.2661330521953449,[0.26273142],5.0,0.6,0.0,0.09030494601556906,0.05039777836390662,1.4976823843666145
5.782972574234009,0.26691464706229157,[0.26337006],5.0,0.6,0.0,0.010197625150726815,0.05070568679152239,1.497490251159731
5.790726900100708,0.2673054444957649,[0.26400728],5.0,0.6,0.0,-0.0773588581968598,0.04112548914529186,1.4978223354474667
5.799193620681763,0.26808703936271155,[0.26464156],5.0,0.6,0.0,-0.14974993372949869,0.04415405591235908,1.4976118639607199
5.809216260910034,0.26886863422965823,[0.26527269],5.0,0.6,0.0,-0.20170644438975688,0.04619268612259427,1.4973868953514315
5.818360328674316,0.2694548303798682,[0.26590158],5.0,0.6,0.0,-0.2347908108029934,0.04817841830770894,1.4974370307384215
5.828227519989014,0.27023642524681496,[0.26652899],5.0,0.6,0.0,-0.25269482742053706,0.048591661308115694,1.4972072337296813
5.835559606552124,0.27082262139702495,[0.26715452],5.0,0.6,0.0,-0.2592766703174801,0.03813368414964632,1.4972625788038973
5.845567941665649,0.2717996149807083,[0.26777674],5.0,0.6,0.0,-0.25785090308216546,0.040206082960925926,1.496719036150144
5.85556697845459,0.272581209847655,[0.26839556],5.0,0.6,0.0,-0.25102337032198324,0.04213181694343639,1.4964552914203626
5.865616798400879,0.27336280471460167,[0.26901197],5.0,0.6,0.0,-0.516779779522056,0.04338040496671426,1.4960224506748179
5.873564720153809,0.27394900086481166,[0.26962687],5.0,0.6,0.0,-0.5375747832523633,0.04507827829295367,1.4960557316749483
5.8829662799835205,0.2745351970150217,[0.27024108],5.0,0.6,0.0,-0.4690902663136187,0.046782981446999605,1.4961551349311262
5.892201662063599,0.2753167918819684,[0.2708554],5.0,0.6,0.0,-0.37924071874203724,0.04660243113226269,1.4959200513762743
5.903632879257202,0.276098386748915,[0.27147041],5.0,0.6,0.0,-0.2950321567203774,0.04608215244479954,1.4956607453912218
5.913540601730347,0.27687998161586175,[0.27208659],5.0,0.6,0.0,-0.22509923294927447,0.045542906390824846,1.495377498762709
5.924728631973267,0.27785697519954505,[0.2727043],5.0,0.6,0.0,-0.17034912941596286,0.04417848373951768,1.4946824536365242
5.936083793640137,0.2786385700664918,[0.273325],5.0,0.6,0.0,-0.12884622411755142,0.05547081905842861,1.4943567516016927
5.943952322006226,0.2792247662167018,[0.27394996],5.0,0.6,0.0,-0.0979483139680696,0.041097424995687144,1.4944435882985914
5.95454216003418,0.28000636108364846,[0.27457917],5.0,0.6,0.0,-0.07516043541732784,0.05372630413040653,1.494122239929551
5.964846611022949,0.2807879559505952,[0.27521381],5.0,0.6,0.0,0.2176266009376681,0.05087892588179419,1.4937697941046753
5.972668886184692,0.2811787533840685,[0.27585372],5.0,0.6,0.0,0.26307395030824443,0.03856279041218491,1.4942933456899252
5.982031583786011,0.28215574696775186,[0.27649656],5.0,0.6,0.0,0.21708603668574145,0.03960595157318131,1.4935801062288534
5.991080045700073,0.2825465444012252,[0.2771415],5.0,0.6,0.0,0.147788639527503,0.043350331967017285,1.4941578764459928
5.999544620513916,0.28352353798490854,[0.27778792],5.0,0.6,0.0,0.08237863045650368,0.031085467940007636,1.4934370726975439
6.009568929672241,0.28410973413511853,[0.27843417],5.0,0.6,0.0,0.0296597185075999,0.03651179254071202,1.493577657072313
6.0208635330200195,0.2848913290020652,[0.27908133],5.0,0.6,0.0,-0.009311983519791508,0.052655465397154814,1.493271446877685
6.029536008834839,0.2854775251522752,[0.27973151],5.0,0.6,0.0,-0.31237907644369123,0.03975614314607262,1.493345782983
6.038666248321533,0.2862591200192219,[0.28038421],5.0,0.6,0.0,-0.36311522898471216,0.042555354573187584,1.4930227221167518
6.0485639572143555,0.2868453161694319,[0.28103905],5.0,0.6,0.0,-0.31860356699184966,0.04565466374327301,1.493204577888717
6.058579206466675,0.2876269110363786,[0.28169695],5.0,0.6,0.0,-0.248056081693808,0.04727595799085889,1.4929459932347453
6.06853985786438,0.2884085059033253,[0.28235876],5.0,0.6,0.0,-0.45559077019649896,0.04851131689542252,1.4925523644900842
6.077977895736694,0.2889947020535353,[0.2830252],5.0,0.6,0.0,-0.4317308789264605,0.050300713615346285,1.4927596186683092
6.087534189224243,0.28977629692048196,[0.28369687],5.0,0.6,0.0,-0.33271454176379717,0.050865923955062085,1.49255296114973
6.097155809402466,0.2905578917874287,[0.28437425],5.0,0.6,0.0,-0.22431835858344318,0.05122564664773334,1.492344233110086
6.104539394378662,0.290948689220902,[0.28505647],5.0,0.6,0.0,-0.13080531948666468,0.0397252534363508,1.4930676699380339
6.114199876785278,0.2917302840878486,[0.28574145],5.0,0.6,0.0,-0.05828246637933873,0.043589984288049964,1.4928499202397019
6.1220386028289795,0.2923164802380587,[0.28642867],5.0,0.6,0.0,-0.005598405654461812,0.047242471306143924,1.4930906910091541
6.131546974182129,0.29329347382174203,[0.28711764],5.0,0.6,0.0,0.0307547732533919,0.034528683032088614,1.492400138622028
6.141535997390747,0.29387966997195203,[0.28780668],5.0,0.6,0.0,0.0545732469446311,0.04029728201456222,1.4926486745521177
6.14981746673584,0.2944658661221621,[0.28849555],5.0,0.6,0.0,0.34521351627013996,0.04440190957760388,1.4928077143225764
6.157526016235352,0.29505206227237213,[0.28918528],5.0,0.6,0.0,0.38636783074410774,0.0472315706997773,1.4930287046121853
6.167974233627319,0.29583365713931875,[0.28987665],5.0,0.6,0.0,0.33473193403690105,0.04816301633110888,1.4928445368314056
6.176215410232544,0.2964198532895288,[0.29057021],5.0,0.6,0.0,0.2590116264952718,0.04953655321210974,1.4931297625708417
6.183530330657959,0.2968106507230021,[0.29126513],5.0,0.6,0.0,-0.08922350209875243,0.03854316466487791,1.4938623796275086
6.194169759750366,0.2977876443066855,[0.29195937],5.0,0.6,0.0,-0.18193468693491804,0.04095732021589005,1.493204622628222
6.201814651489258,0.2981784417401588,[0.29265233],5.0,0.6,0.0,-0.17256882051895853,0.0449370264188491,1.493888872795169
6.209507942199707,0.2987646378903688,[0.29334348],5.0,0.6,0.0,-0.13004283237262118,0.03444636970685427,1.4941268717396476
6.218271493911743,0.29935083404057883,[0.29403113],5.0,0.6,0.0,-0.08335870878843528,0.03939408219406936,1.4943509604022127
6.2281694412231445,0.3001324289075255,[0.29471495],5.0,0.6,0.0,-0.04320534456879786,0.04185314804366738,1.4941459861603539
6.236528158187866,0.3005232263409988,[0.29539579],5.0,0.6,0.0,-0.012265559931451439,0.04503707205449007,1.494755563656613
6.245513200759888,0.30130482120794555,[0.29607318],5.0,0.6,0.0,0.0099760797184863,0.033478423739523804,1.4945408607111004
6.254504203796387,0.30169561864141886,[0.29674555],5.0,0.6,0.0,0.02507129219236317,0.038833060107992326,1.4951108902806256
6.26288104057312,0.30228181479162886,[0.29741269],5.0,0.6,0.0,0.034696409239200865,0.04188635532995495,1.495268652309822
6.273086309432983,0.30306340965857553,[0.29807548],5.0,0.6,0.0,0.040315026408771173,0.04272778048496974,1.4950352516271146
6.280491352081299,0.30345420709204884,[0.29873355],5.0,0.6,0.0,-0.23294612663994785,0.03366468854259815,1.4955125982311517
6.293888330459595,0.3044312006757322,[0.29938658],5.0,0.6,0.0,-0.2652532334213411,0.04734685426265148,1.4948709270800005
6.302988529205322,0.3048219981092056,[0.30003643],5.0,0.6,0.0,-0.21065174821512922,0.04781832088305533,1.49539711730051
6.310949087142944,0.3054081942594156,[0.30068462],5.0,0.6,0.0,-0.13591215759951186,0.04734767716200496,1.495533758773726
6.318553924560547,0.30579899169288893,[0.3013303],5.0,0.6,0.0,-0.34329603304651957,0.03688585238981173,1.4959263956005793
6.3265221118927,0.30618978912636224,[0.30197067],5.0,0.6,0.0,-0.321962816155521,0.02971773962045611,1.4963689811924243
6.336841344833374,0.3069713839933089,[0.30260444],5.0,0.6,0.0,-0.22717245294710886,0.04524923728103007,1.4961548171331984
6.344550371170044,0.30736218142678234,[0.30323264],5.0,0.6,0.0,-0.12401298819872089,0.035794136393888315,1.496583734373137
6.353684425354004,0.3079483775769923,[0.30385515],5.0,0.6,0.0,-0.036270815198270766,0.039350969575403225,1.496653720328403
6.362348794937134,0.30853457372720233,[0.30447194],5.0,0.6,0.0,0.030271226771631615,0.04194752722583956,1.4967037650224373
6.371500253677368,0.3091207698774123,[0.30508408],5.0,0.6,0.0,0.07698058385415947,0.04369591934755533,1.4967419229048804
6.382127523422241,0.3095115673108857,[0.3056925],5.0,0.6,0.0,0.1075052715510286,0.04592273798829,1.497078596325463
6.390524864196777,0.3100977634610957,[0.30629702],5.0,0.6,0.0,0.1257287417846874,0.03578665366814173,1.4971032742972883
6.400813817977905,0.31087935832804237,[0.30689753],5.0,0.6,0.0,-0.1410183439292891,0.04985194379042056,1.496819234512171
6.409515857696533,0.31127015576151573,[0.30749503],5.0,0.6,0.0,-0.17111342256691314,0.03948952170668089,1.4971319437024848
6.41963791847229,0.31205175062846235,[0.30808935],5.0,0.6,0.0,-0.11723512891401579,0.041330308474852515,1.4968545679498895
6.429720640182495,0.3126379467786724,[0.30868041],5.0,0.6,0.0,-0.04514746363063827,0.0434592873996214,1.4968709598457786
6.438364505767822,0.3132241429288824,[0.30926919],5.0,0.6,0.0,0.019648732477467987,0.04482216336021796,1.4968762660669397
6.447197437286377,0.31381033907909234,[0.30985655],5.0,0.6,0.0,0.0695500134608766,0.04589396299345609,1.4968747867422352
6.456538200378418,0.3143965352293024,[0.31044222],5.0,0.6,0.0,0.10433928822574842,0.03559337303695457,1.4968694587504698
6.467567443847656,0.3151781300962491,[0.31102499],5.0,0.6,0.0,0.40243882300289446,0.03814012959160965,1.496435685011045
6.476564407348633,0.31576432624645917,[0.31160489],5.0,0.6,0.0,0.44781772434162614,0.040736765973627825,1.4963965368169148
6.48800253868103,0.3165459211134058,[0.31218401],5.0,0.6,0.0,0.39782477776673725,0.052483819655932344,1.4960841780771004
6.498212099075317,0.31713211726361584,[0.31276514],5.0,0.6,0.0,0.32184685867967555,0.0505338483953471,1.4961160634492963
6.506547451019287,0.31771831341382584,[0.31334959],5.0,0.6,0.0,0.2480754207660869,0.049136818592187215,1.496144326349158
6.514714479446411,0.31830450956403583,[0.31393642],5.0,0.6,0.0,0.1860541379447463,0.03717962321221171,1.4961654576183279
6.524528741836548,0.3188907057142458,[0.31452376],5.0,0.6,0.0,0.13736779914381933,0.03981145514941479,1.4961791820738375
6.534520626068115,0.31967230058119256,[0.31511111],5.0,0.6,0.0,0.1005773030999321,0.04078485124282726,1.4958402229485215
6.546444654464722,0.32045389544813924,[0.31570007],5.0,0.6,0.0,0.07340053503493858,0.052315645108842485,1.495486420258073
6.555498361587524,0.3208446928816125,[0.31629202],5.0,0.6,0.0,0.05360216689107834,0.040185718272743816,1.4958610814836222
6.565503835678101,0.3216262877485592,[0.31688608],5.0,0.6,0.0,0.039298107466465594,0.04104554971034051,1.4955150175366543
6.575528144836426,0.32221248389876916,[0.31748151],5.0,0.6,0.0,0.029009409450525225,0.04260599495804997,1.4955329598566363
6.585521459579468,0.3229940787657159,[0.31807879],5.0,0.6,0.0,0.021620397517804302,0.04304773146804532,1.4951792894105336
6.5945892333984375,0.32358027491592595,[0.31867835],5.0,0.6,0.0,0.016309552000892524,0.04415235133553654,1.4952055567066935
6.604787111282349,0.32436186978287257,[0.31928062],5.0,0.6,0.0,0.01248122209406216,0.04430253522364723,1.4948493730282997
6.6134021282196045,0.3249480659330826,[0.319886],5.0,0.6,0.0,0.009707870230848282,0.045310490650330645,1.4948881405088756
6.623518943786621,0.32572966080002924,[0.32049489],5.0,0.6,0.0,0.2837230233876029,0.045214161500386436,1.4944744988114396
6.633033990859985,0.3263158569502393,[0.32110766],5.0,0.6,0.0,0.3153581601016709,0.046194759241973554,1.4945155949047668
6.640601873397827,0.3269020531004493,[0.32172468],5.0,0.6,0.0,0.2591519576242991,0.047097319120930375,1.4946033153425924
6.648975610733032,0.32748824925065934,[0.32234515],5.0,0.6,0.0,0.1822301989064916,0.03584885939296944,1.494698957294919
6.6565165519714355,0.3280744454008694,[0.32296733],5.0,0.6,0.0,0.11106640284876718,0.04075635198831396,1.4947878709173374
6.664473295211792,0.3286606415510793,[0.32358981],5.0,0.6,0.0,0.05394499518437776,0.03165448846381154,1.494868373048552
6.67548131942749,0.32944223641802606,[0.32421141],5.0,0.6,0.0,0.287589323775346,0.0366278368137518,1.4944810767272376
6.685474157333374,0.33022383128497274,[0.3248323],5.0,0.6,0.0,0.29097836544426203,0.04026840659719292,1.4941401210817093
6.6975603103637695,0.3310054261519194,[0.32545385],5.0,0.6,0.0,0.21608954642185935,0.042688738869177144,1.493820201931013
6.709487676620483,0.3319824197356028,[0.32607848],5.0,0.6,0.0,0.1276310573140451,0.05622076881642122,1.4930408140456506
6.717546224594116,0.3325686158858127,[0.32670827],5.0,0.6,0.0,0.05007867468145021,0.04201016962509592,1.493152943654323
6.7265119552612305,0.33335021075275945,[0.32734263],5.0,0.6,0.0,-0.009827933062119164,0.04385801035596492,1.4928077206296257
6.736491441726685,0.33393640690296944,[0.32798106],5.0,0.6,0.0,0.22348594905529903,0.04593743904969436,1.4928946837464365
6.749295949935913,0.3349134004866528,[0.32862554],5.0,0.6,0.0,0.22816700023828404,0.059013986999714135,1.4920849996554584
6.757604122161865,0.3356949953535995,[0.32927778],5.0,0.6,0.0,0.15560087613275908,0.04280731946744945,1.491779679966121
6.76646614074707,0.3362811915038095,[0.32993672],5.0,0.6,0.0,0.07008151465078837,0.04510458467554463,1.4919781932414922
6.7744834423065186,0.3368673876540195,[0.3306014],5.0,0.6,0.0,-0.004201088760623833,0.04726881539265614,1.4921782166479511
6.784092903137207,0.33745358380422946,[0.33127223],5.0,0.6,0.0,-0.060701348360031666,0.04893305282977384,1.4923845605313586
6.7926130294799805,0.3382351786711762,[0.33194953],5.0,0.6,0.0,-0.10001222774775177,0.049535663002289086,1.492121804277345
6.800841569900513,0.3388213748213862,[0.33263224],5.0,0.6,0.0,-0.12511891289068147,0.03730385571715958,1.4923565501472746
6.810491323471069,0.33960296968833287,[0.33331821],5.0,0.6,0.0,-0.1393801503549365,0.04135845561746975,1.4921170267443467
6.820135116577148,0.34018916583854286,[0.33400683],5.0,0.6,0.0,-0.14576695674420168,0.04529150786284664,1.4923690738588111
6.829049110412598,0.34077536198875297,[0.33469884],5.0,0.6,0.0,-0.14665549963242097,0.04818478302151498,1.4926263642652375
6.8364949226379395,0.34136155813896296,[0.33539358],5.0,0.6,0.0,-0.14384491252895532,0.036981102928047654,1.4928865508752915
6.845870018005371,0.34214315300590964,[0.33608922],5.0,0.6,0.0,0.13738728151120755,0.04158118799816657,1.4926827164915362
6.856504678726196,0.3429247478728562,[0.33678546],5.0,0.6,0.0,0.17715010906053075,0.04483473505584447,1.4924668183577063
6.865494251251221,0.34370634273980294,[0.33748334],5.0,0.6,0.0,0.12947906205672083,0.0470879091550613,1.4922722884597255
6.874986171722412,0.3444879376067496,[0.3381837],5.0,0.6,0.0,0.06115805763282993,0.04844076321271654,1.4920800288540175
6.885551452636719,0.34526953247369635,[0.3388872],5.0,0.6,0.0,-0.0015651389313735345,0.04940496425245756,1.491886272348622
6.897198438644409,0.34605112734064297,[0.33959568],5.0,0.6,0.0,-0.05054965235037863,0.06338676401363984,1.4916981723208367
6.904493570327759,0.346637323490853,[0.34031059],5.0,0.6,0.0,-0.08519665641882351,0.04728021002883481,1.4920210356509158
6.9124915599823,0.347223519641063,[0.34103054],5.0,0.6,0.0,-0.1076216918263483,0.04943933405487078,1.4923501345939558
6.924156665802002,0.3480051145080097,[0.34175432],5.0,0.6,0.0,-0.12055903629572395,0.05032619874552582,1.4922051479073022
6.932321786880493,0.3487867093749564,[0.34248209],5.0,0.6,0.0,-0.12653654039827855,0.05088243260407626,1.4920699403848636
6.941730499267578,0.3497637029586398,[0.34321393],5.0,0.6,0.0,0.14841954804022828,0.050005101684681925,1.4914404039570974
6.95350456237793,0.3505452978255864,[0.34394987],5.0,0.6,0.0,0.18377520221847754,0.05008073489904711,1.4913126674328014
6.961498975753784,0.35132689269253303,[0.3446886],5.0,0.6,0.0,0.13305663984444316,0.03654918124928054,1.491212168254543
6.96957802772522,0.3519130888427431,[0.34542772],5.0,0.6,0.0,0.0626620269134936,0.0413721248219834,1.491620353680944
6.98147439956665,0.35289008242642644,[0.34616771],5.0,0.6,0.0,-0.0014452421628597459,0.05679623036464707,1.4910026682952149
6.992189884185791,0.3536716772933732,[0.34691153],5.0,0.6,0.0,-0.05133026248756302,0.05470292671553861,1.4908997593505608
7.001624584197998,0.3544532721603198,[0.34766033],5.0,0.6,0.0,-0.08654160170270644,0.05314806255861767,1.4908080626832603
7.010554313659668,0.3552348670272665,[0.3484125],5.0,0.6,0.0,-0.10929936192924891,0.038493140625902714,1.4907253503953601
7.0210347175598145,0.3564072593276865,[0.34916662],5.0,0.6,0.0,-0.12241150293527073,0.05314761199120702,1.489558265395891
7.02948784828186,0.3569934554778965,[0.34992276],5.0,0.6,0.0,-0.12845750972591613,0.03894704619293104,1.4900386046873328
7.038423538208008,0.3577750503448432,[0.35067967],5.0,0.6,0.0,-0.12953798989228274,0.04160098777468438,1.4899691479576591
7.046491622924805,0.3583612464950532,[0.35143628],5.0,0.6,0.0,-0.12725982337530858,0.04442982976054243,1.4904427610929663
7.0547568798065186,0.3591428413619999,[0.35219169],5.0,0.6,0.0,-0.12280590638402517,0.03219710300184955,1.4903716284414572
7.063636064529419,0.3595336387954733,[0.3529439],5.0,0.6,0.0,-0.11702397109175092,0.038874180032670395,1.49134247886307
7.074463844299316,0.3605106323791566,[0.35369249],5.0,0.6,0.0,-0.11050869395897958,0.041272866292648175,1.4907365785652615
7.0834972858428955,0.36109682852936664,[0.35443842],5.0,0.6,0.0,-0.10366907908129233,0.04464277153340397,1.4911643255553124
7.091482877731323,0.36187842339631326,[0.3551813],5.0,0.6,0.0,-0.09678052532752943,0.03254096759370792,1.4910628533064987
7.101838827133179,0.36266001826325994,[0.35591954],5.0,0.6,0.0,-0.36606203184363234,0.037678483831507376,1.4908546144793957
7.110222578048706,0.36324621441346994,[0.35665313],5.0,0.6,0.0,-0.3926757074677708,0.04217138367232653,1.4912291474050428
7.120896100997925,0.36402780928041667,[0.35738462],5.0,0.6,0.0,-0.33138163468649506,0.0579817181389583,1.4911306986269837
7.130509853363037,0.36480940414736335,[0.3581162],5.0,0.6,0.0,-0.24945056113088251,0.04216794388481828,1.4910339121053655
7.141463279724121,0.36539560029757334,[0.3588472],5.0,0.6,0.0,-0.17344787056793265,0.04519470656176126,1.4914379755702396
7.152737140655518,0.36637259388125676,[0.3595783],5.0,0.6,0.0,-0.11171325608876047,0.05903019426343265,1.490800715645742
7.16046667098999,0.36676339131473,[0.36031132],5.0,0.6,0.0,-0.06496197978654268,0.04458915029679956,1.4917055867054676
7.173451900482178,0.36793578361515006,[0.36104651],5.0,0.6,0.0,-0.3071768967959581,0.057726805952358615,1.4904822598859506
7.181547164916992,0.3685219797653601,[0.36178527],5.0,0.6,0.0,-0.31669361137971463,0.05599322369919198,1.4908897673950572
7.190448760986328,0.3691081759155701,[0.36252748],5.0,0.6,0.0,-0.24567300567493067,0.04149043994172798,1.4913313657837595
7.198939561843872,0.3698897707825168,[0.36327046],5.0,0.6,0.0,-0.15926522185304712,0.04370994061833534,1.4912563486967885
7.207741022109985,0.37047596693272683,[0.36401316],5.0,0.6,0.0,-0.08240906294138364,0.04635703352475726,1.4916761735102129
7.218412399291992,0.37106216308293677,[0.36475595],5.0,0.6,0.0,-0.022242288688720066,0.048320265810549795,1.4920775184946233
7.227863550186157,0.3718437579498835,[0.36549911],5.0,0.6,0.0,0.021385724059991548,0.04889308568548531,1.4919810579019666
7.23691463470459,0.3724299541000935,[0.36624282],5.0,0.6,0.0,0.05114230449346359,0.05011165071922247,1.4923711676050668
7.24954080581665,0.37340694768377686,[0.36698845],5.0,0.6,0.0,0.07016482578515246,0.062088749788731155,1.4917907604117768
7.257990837097168,0.37399314383398685,[0.36773706],5.0,0.6,0.0,0.08127472307833206,0.04624281028890959,1.4921979181722131
7.266448259353638,0.37457933998419685,[0.36848584],5.0,0.6,0.0,0.08675057828134913,0.034919192729728175,1.4925957466592426
7.276838779449463,0.37555633356788015,[0.36923238],5.0,0.6,0.0,0.08833085250339284,0.05151325256546968,1.4920276262593375
7.2854602336883545,0.37614252971809026,[0.36997713],5.0,0.6,0.0,0.08729652731733281,0.03872228540661602,1.4924207196198704
7.295478582382202,0.37731492201851025,[0.37071923],5.0,0.6,0.0,0.08456926457940186,0.039930371785738925,1.4913317797226486
7.3034508228302,0.3779011181687203,[0.371458],5.0,0.6,0.0,0.3568385843737039,0.04301205595631055,1.4916368332977386
7.31241774559021,0.37848731431893023,[0.37219413],5.0,0.6,0.0,0.38560521029130335,0.04533322795096408,1.4919997755465502
7.321498394012451,0.37926890918587697,[0.37292701],5.0,0.6,0.0,0.32587104733276384,0.033122672916829285,1.4919092745469915
7.329446077346802,0.37965970661935033,[0.37365493],5.0,0.6,0.0,0.24507866875023482,0.03948435949719083,1.4927697669098425
7.338124752044678,0.38063670020303364,[0.37437777],5.0,0.6,0.0,0.16991515264246762,0.04165189062766222,1.4921742838773657
7.345471620559692,0.38122289635324363,[0.37509671],5.0,0.6,0.0,0.10880621648033112,0.044712728982006504,1.4925132443769729
7.355530023574829,0.382199889936927,[0.37581157],5.0,0.6,0.0,0.06252787833373054,0.03201277675329414,1.4918681806863991
7.364232063293457,0.3825906873704003,[0.37652107],5.0,0.6,0.0,0.029067542455990126,0.03865202506462386,1.492658392230767
7.373711109161377,0.38356768095408367,[0.37722542],5.0,0.6,0.0,0.005743256616116939,0.04110735719114429,1.4919873922400786
7.383441209793091,0.38434927582103035,[0.37792613],5.0,0.6,0.0,-0.009954525881388402,0.043475605522478984,1.491782525020627
7.393463373184204,0.38532626940471365,[0.37862459],5.0,0.6,0.0,-0.02009454131753821,0.04420774641378535,1.4910574130599685
7.4029624462127686,0.38591246555492376,[0.37932207],5.0,0.6,0.0,-0.026277218331262994,0.046806947815067536,1.4913504440324852
7.411477565765381,0.38649866170513375,[0.38001852],5.0,0.6,0.0,-0.029695597120370773,0.03499971819885986,1.491636076256158
7.421289682388306,0.38747565528881706,[0.38071266],5.0,0.6,0.0,-0.031218032745784004,0.0384049275740128,1.4908933630962973
7.4314680099487305,0.38825725015576373,[0.38140467],5.0,0.6,0.0,-0.03146609551070634,0.041635334770377175,1.4906516673143961
7.441473484039307,0.38903884502271047,[0.38209609],5.0,0.6,0.0,-0.030879085143095245,0.0439722055652995,1.4904052420598235
7.449479341506958,0.38962504117292046,[0.38278828],5.0,0.6,0.0,-0.02976416417493318,0.046723025236003336,1.490694651825779
7.45759391784668,0.3900158386063938,[0.3834825],5.0,0.6,0.0,-0.028333921007242774,0.050018697305905566,1.4914988467908032
7.46593165397644,0.3906020347566038,[0.38417987],5.0,0.6,0.0,-0.026733883241077696,0.052095959615223036,1.4917845598404238
7.474507570266724,0.39118823090681387,[0.38488006],5.0,0.6,0.0,-0.025062372190890095,0.039817219195785174,1.4920725226228735
7.484470367431641,0.3919698257737605,[0.38558153],5.0,0.6,0.0,-0.0233846853764764,0.044576259346027464,1.4918707419921118
7.493756294250488,0.39275142064070717,[0.38628432],5.0,0.6,0.0,-0.021743154236213192,0.04815237789978508,1.4916698678020601
7.502976894378662,0.3935330155076539,[0.38698989],5.0,0.6,0.0,-0.020164238288850618,0.050805284817509365,1.4914737480396298
7.511500835418701,0.3941192116578639,[0.38769812],5.0,0.6,0.0,-0.018663507604123504,0.03911839708605133,1.4917875617665655
7.519542694091797,0.3947054078080739,[0.38840761],5.0,0.6,0.0,-0.01724912931280869,0.04572434165292989,1.4920986934555693
7.527761459350586,0.39548700267502057,[0.38911856],5.0,0.6,0.0,-0.015924298815778316,0.04991213771695014,1.491921197042068
7.536421537399292,0.3960731988252306,[0.38983117],5.0,0.6,0.0,-0.014688928917149378,0.03898600576304182,1.4922375414263174
7.548448324203491,0.39685479369217724,[0.39054567],5.0,0.6,0.0,-0.013540818464946074,0.06031635887847784,1.492070448114012
7.559863328933716,0.3978317872758606,[0.39126645],5.0,0.6,0.0,-0.012476456718829014,0.07461885598304155,1.4914161981325746
7.570573091506958,0.39880878085954397,[0.39199722],5.0,0.6,0.0,0.2645467863714805,0.054606194065684975,1.4907113632305293
7.5804443359375,0.3997857744432273,[0.39273684],5.0,0.6,0.0,0.2985814519523081,0.05503022943733785,1.4900453699691145
7.58844518661499,0.4003719705934373,[0.39348429],5.0,0.6,0.0,0.24432423169130985,0.057342199605151675,1.4905124109905754
7.59683632850647,0.401153565460384,[0.39424008],5.0,0.6,0.0,0.4450523649372198,0.05822900360538884,1.4903388744402624
7.605414867401123,0.4019351603273307,[0.39500316],5.0,0.6,0.0,0.40836844863769595,0.04373195121956496,1.490311392093496
7.61676025390625,0.40291215391101404,[0.3957726],5.0,0.6,0.0,0.2973073750978055,0.06320297354198882,1.489791341865202
7.627446174621582,0.4038891474946974,[0.39655045],5.0,0.6,0.0,0.45586913207659474,0.061618760297930786,1.4891318424020525
7.635532379150391,0.40447534364490745,[0.39733697],5.0,0.6,0.0,0.38961391739283935,0.0467002266251518,1.4897474847673229
7.645428895950317,0.40545233722859075,[0.39812937],5.0,0.6,0.0,0.2588807616149516,0.05013018321436288,1.4892822527591354
7.655447006225586,0.40623393209553743,[0.39892822],5.0,0.6,0.0,0.12911843926314753,0.06906328559392153,1.4893696885927161
7.666544675827026,0.4072109256792208,[0.39973692],5.0,0.6,0.0,0.2988125049289313,0.06612036526886352,1.4888235529853715
7.675463438034058,0.4079925205461675,[0.40055528],5.0,0.6,0.0,0.2530655453220365,0.04907254399466037,1.4889507988329511
7.684792995452881,0.4087741154131142,[0.40138014],5.0,0.6,0.0,0.14360171135879501,0.05279202063660983,1.4891100278553253
7.69443416595459,0.4097511089967975,[0.40221019],5.0,0.6,0.0,0.032695951769509374,0.05476701084850507,1.4886905466858393
7.703314542770386,0.41053270386374413,[0.40304581],5.0,0.6,0.0,-0.05799436497063071,0.05697561058238729,1.4888493715278004
7.7127509117126465,0.41131429873069086,[0.40388723],5.0,0.6,0.0,-0.1242482165530737,0.05872059189185609,1.489016880139092
7.723445177078247,0.41248669103111085,[0.40473463],5.0,0.6,0.0,-0.16855431595541795,0.05805488184392538,1.488031904082785
7.734937906265259,0.4134636846147942,[0.40558954],5.0,0.6,0.0,0.08068593120080654,0.07353937172441687,1.4876712974556576
7.743102788925171,0.41424527948174095,[0.40645317],5.0,0.6,0.0,0.1000858641361034,0.05421347413299966,1.4879225923496437
7.750448226928711,0.41522227306542425,[0.40732345],5.0,0.6,0.0,0.04059019826495973,0.055119913623045594,1.4875980188552116
7.760644197463989,0.4161992666491076,[0.4081985],5.0,0.6,0.0,0.24254560339313797,0.055543769609052225,1.4872353721548666
7.769689083099365,0.4169808615160543,[0.40907668],5.0,0.6,0.0,0.21136781948933425,0.04089883000983461,1.487549273226621
7.780456304550171,0.41834865253321096,[0.40995504],5.0,0.6,0.0,0.3845468735037746,0.04337978463039891,1.4858981887566025
7.791443824768066,0.419521044833631,[0.41083404],5.0,0.6,0.0,0.3099718869044138,0.06107938414457038,1.4849490111122896
7.801106214523315,0.42049803841731437,[0.41171702],5.0,0.6,0.0,0.16606968403845124,0.05828250206975471,1.484676512470176
7.808514356613159,0.4212796332842611,[0.41260371],5.0,0.6,0.0,0.025192699870703883,0.04157219171435503,1.4850579617872453
7.817452669143677,0.4220612281512078,[0.4134909],5.0,0.6,0.0,-0.08824584928279519,0.0454188513011947,1.4854114578064714
7.825445890426636,0.4230382217348911,[0.41437582],5.0,0.6,0.0,0.10580141184751611,0.03147014009574474,1.4850962761488267
7.834272861480713,0.42381981660183776,[0.41525616],5.0,0.6,0.0,0.08468214765362342,0.03799769472128326,1.4854344461929527
7.848012208938599,0.4251876076189945,[0.41613288],5.0,0.6,0.0,-0.002724263269661284,0.055218002493423145,1.4837360976452452
7.857409238815308,0.42616460120267785,[0.41700977],5.0,0.6,0.0,-0.09483522620515841,0.05314289596426055,1.48337080853591
7.868396043777466,0.42714159478636116,[0.41788849],5.0,0.6,0.0,-0.4458603088950472,0.0514462767807742,1.4828738362337333
7.879453897476196,0.4281185883700445,[0.41876896],5.0,0.6,0.0,-0.5321722890493598,0.04996463884330831,1.4824580485578445
7.889446496963501,0.4292909806704645,[0.41965103],5.0,0.6,0.0,-0.5104613064893138,0.04781169998992019,1.4813919717839341
7.9004175662994385,0.43026797425414787,[0.42053453],5.0,0.6,0.0,-0.4519664809437685,0.04667393572396474,1.4810783552574271
7.909435749053955,0.4310495691210946,[0.42141927],5.0,0.6,0.0,-0.3873176770392326,0.046630144015775456,1.4815107850140696
7.9207444190979,0.4322219614215146,[0.42230647],5.0,0.6,0.0,-0.32832275272049793,0.05975642415411956,1.4804484341806168
7.928512811660767,0.43300355628846127,[0.4231971],5.0,0.6,0.0,-0.2784175402163005,0.04063251940291791,1.480892763325476
7.9395153522491455,0.43398054987214457,[0.42408908],5.0,0.6,0.0,-0.23758019480958004,0.041106685054771414,1.4805799523410372
7.948845148086548,0.434957543455828,[0.42498061],5.0,0.6,0.0,-0.20457083589781097,0.04142749268752051,1.4802578463379972
7.958511590957642,0.4361299357562479,[0.42587159],5.0,0.6,0.0,-0.17789901679986447,0.04048940419236134,1.4791496437059735
7.969075679779053,0.43691153062319465,[0.42676194],5.0,0.6,0.0,-0.1562007429490027,0.04136496343107396,1.4795897776181013
7.979418754577637,0.43808392292361464,[0.42765158],5.0,0.6,0.0,-0.13835221378397045,0.0401411598805699,1.478454168785303
7.989400386810303,0.4392563152240347,[0.42854044],5.0,0.6,0.0,-0.12347429638371545,0.03881993915367598,1.4772843693512794
7.997909307479858,0.44003791009098137,[0.42942846],5.0,0.6,0.0,-0.3869363883998582,0.03949664961756233,1.4776280009860592
8.00540542602539,0.4406241062411914,[0.43031418],5.0,0.6,0.0,-0.40928456962553,0.0260337642977577,1.4788407612412755
8.013890027999878,0.4416010998248747,[0.43119493],5.0,0.6,0.0,-0.3448365023082828,0.029980442127186535,1.4784866756637438
8.02331256866455,0.44218729597508477,[0.43206997],5.0,0.6,0.0,-0.2605471377227916,0.03440281686276601,1.4796855270068576
8.0335693359375,0.4433596882755048,[0.43294006],5.0,0.6,0.0,-0.4587956487142037,0.03517826610493316,1.4783636576297812
8.043703556060791,0.4443366818591881,[0.43380593],5.0,0.6,0.0,-0.4288102310897186,0.036093862928026264,1.4779279382245794
8.052200317382812,0.44492287800939817,[0.4346682],5.0,0.6,0.0,-0.3258849950264908,0.03842219829694796,1.4791088849080825
8.061420679092407,0.4457044728763448,[0.43552744],5.0,0.6,0.0,-0.49115667201638247,0.0395883085493093,1.479319113354704
8.07054615020752,0.44648606774329147,[0.43638274],5.0,0.6,0.0,-0.7054922563171169,0.02574503423606936,1.47942117618511
8.079859256744385,0.44746306132697483,[0.43723199],5.0,0.6,0.0,-0.6103983910002931,0.02979459504020056,1.4790053740448075
8.089590311050415,0.44824465619392156,[0.43807485],5.0,0.6,0.0,-0.4264112966248098,0.03344551496233621,1.479392137210067
8.098109722137451,0.44902625106086824,[0.43891251],5.0,0.6,0.0,-0.24364119486428976,0.03610362726932431,1.479706085781933
8.105494737625122,0.44961244721107824,[0.43974465],5.0,0.6,0.0,-0.36910394940058283,0.0243028028284626,1.4806123237675544
8.115386247634888,0.45039404207802497,[0.44056977],5.0,0.6,0.0,-0.28951215323108415,0.030817368928118507,1.4808194624840816
8.123419523239136,0.4509802382282349,[0.44138812],5.0,0.6,0.0,-0.15554108716774906,0.03562665859123396,1.4817485201890341
8.132420063018799,0.45176183309518164,[0.44219991],5.0,0.6,0.0,-0.027647905704604625,0.02349336055692954,1.4818795379109082
8.142464876174927,0.4523480292453916,[0.44300535],5.0,0.6,0.0,0.07432026730770638,0.04565251802859353,1.482690254961862
8.154396295547485,0.453325022829075,[0.4438089],5.0,0.6,0.0,-0.1283635681598415,0.059850000545669045,1.482039444156139
8.166127920150757,0.4541066176960216,[0.44461576],5.0,0.6,0.0,-0.113056699122472,0.055779905653379085,1.4821365291083588
8.173476457595825,0.45469281384623167,[0.44542611],5.0,0.6,0.0,-0.029108447962141952,0.03909378445044102,1.4829716556198034
8.184203863143921,0.4554744087131783,[0.44623727],5.0,0.6,0.0,-0.21469689778184103,0.041600198376950163,1.483045512199033
8.19499945640564,0.45645140229686165,[0.44704975],5.0,0.6,0.0,-0.17319963739928648,0.05715925141830415,1.482454801078017
8.205190896987915,0.4572329971638084,[0.44786676],5.0,0.6,0.0,-0.06438686215550914,0.05416748151734231,1.48260466051558
8.214552402496338,0.4578191933140183,[0.44868813],5.0,0.6,0.0,0.046199723923143525,0.038161750468451404,1.483461426250345
8.225409746170044,0.45860078818096506,[0.44951088],5.0,0.6,0.0,0.1357916290486089,0.041061804192066044,1.4835967899011564
8.236540079116821,0.4591869843311751,[0.45033524],5.0,0.6,0.0,-0.07606707429396374,0.05886056291507039,1.4844471532591172
8.24441909790039,0.45996857919812173,[0.45116274],5.0,0.6,0.0,-0.06778855535795425,0.04152370881884557,1.4846076442492522
8.254417419433594,0.4605547753483318,[0.45199184],5.0,0.6,0.0,0.010614693218225488,0.04479198060775592,1.485442157384899
8.264759063720703,0.4613363702152784,[0.45282122],5.0,0.6,0.0,0.0965741111904321,0.04642711356065048,1.4855961329615037
8.275227069854736,0.46211796508222514,[0.45365245],5.0,0.6,0.0,0.1674754369591675,0.06210096618432811,1.4857483561440885
8.286640167236328,0.46309495866590844,[0.4544882],5.0,0.6,0.0,0.2180470998988117,0.05780818257080595,1.4852585636568398
8.295502185821533,0.46368115481611855,[0.45532791],5.0,0.6,0.0,0.2498474302501614,0.04185055523882624,1.486095125642478
8.304418802261353,0.4642673509663285,[0.45616828],5.0,0.6,0.0,0.2665631595783292,0.045313856060748024,1.4869138030495308
8.31490683555603,0.4652443445500118,[0.45700921],5.0,0.6,0.0,0.2720469008897455,0.060558206596168035,1.4864729779445267
8.32510495185852,0.4658305407002219,[0.45785192],5.0,0.6,0.0,0.26960746839991,0.04430833237532493,1.4872949146754744
8.333565950393677,0.46661213556716846,[0.45869469],5.0,0.6,0.0,0.2618449764983502,0.04634787366152514,1.4874900322306819
8.343400955200195,0.46719833171737857,[0.45953604],5.0,0.6,0.0,0.2507011932095267,0.04917031855827122,1.4882797568336157
8.351410627365112,0.4681753253010619,[0.46037478],5.0,0.6,0.0,0.23757753860037317,0.03494026474647798,1.4878620286719042
8.365530967712402,0.46915231888474523,[0.46120983],5.0,0.6,0.0,0.2234589293385996,0.052931561921418034,1.4874254615601263
8.375448226928711,0.46993391375169197,[0.46204296],5.0,0.6,0.0,0.20902097328636826,0.05230740512885406,1.48759127317779
8.385399103164673,0.4707155086186386,[0.46287697],5.0,0.6,0.0,0.1947151475380875,0.06553750940148319,1.4877584239148756
8.394269227981567,0.47130170476884864,[0.46371282],5.0,0.6,0.0,0.4568717525480716,0.04790538647194271,1.4883924969144735
8.402365446090698,0.4720832996357954,[0.46454733],5.0,0.6,0.0,0.4767186846010687,0.03448024902188514,1.4885369504040922
8.414097785949707,0.472864894502742,[0.46537775],5.0,0.6,0.0,0.40905036065663924,0.05301463109609155,1.4887266206004681
8.422369480133057,0.47345109065295204,[0.46620572],5.0,0.6,0.0,0.3211505015025936,0.053203608260318024,1.4894790767485628
8.43141508102417,0.47423268551989867,[0.4670313],5.0,0.6,0.0,0.23958325523228247,0.03866226355832515,1.4896388875118909
8.43940806388855,0.4748188816701087,[0.46785194],5.0,0.6,0.0,0.17267788803911266,0.04307782125213433,1.4903171023832682
8.450836420059204,0.475795875253792,[0.46866807],5.0,0.6,0.0,0.1211335310190215,0.05825808270162197,1.489879400259527
8.459419012069702,0.476382071404002,[0.4694814],5.0,0.6,0.0,-0.19316311494243615,0.04346589784881628,1.490493568835788
8.468136310577393,0.4767728688374754,[0.47029079],5.0,0.6,0.0,-0.2539933181523415,0.04776019190184844,1.4915837330931059
8.47658896446228,0.47755446370442206,[0.47109536],5.0,0.6,0.0,-0.2186016683685461,0.049536246167030076,1.4916551271100555
8.485385417938232,0.4781406598546321,[0.47189437],5.0,0.6,0.0,-0.15632777535927317,0.038043902824765025,1.4922089467176125
8.497766733169556,0.4791176534383154,[0.47268732],5.0,0.6,0.0,-0.09535390639885148,0.055680210089475185,1.4917574997836045
8.507815837860107,0.47970384958852547,[0.47347643],5.0,0.6,0.0,-0.32127779308653226,0.05647731389643533,1.4921970296135343
8.518389701843262,0.4804854444554721,[0.47426366],5.0,0.6,0.0,-0.31676352542652636,0.05628967996875309,1.4922130921003316
8.52771282196045,0.48107164060568214,[0.47504944],5.0,0.6,0.0,-0.23510472061684018,0.05720852198469494,1.492731712594199
8.535397052764893,0.48165783675589213,[0.47583288],5.0,0.6,0.0,-0.1412992911114048,0.044350812193626826,1.49322208548248
8.546385288238525,0.4826348303395755,[0.47661202],5.0,0.6,0.0,-0.05971008856661794,0.04759761286631948,1.4927687400217897
8.558381795883179,0.4834164252065221,[0.47738792],5.0,0.6,0.0,0.003160061476116853,0.06491361651792335,1.4927577608027187
8.569844007492065,0.48419802007346885,[0.47816556],5.0,0.6,0.0,0.04801942736735783,0.0774082845300282,1.492746600731549
8.577796936035156,0.4847842162236789,[0.47894791],5.0,0.6,0.0,0.07797980811407702,0.05921237100116669,1.4932061398921264
8.585402250289917,0.48537041237388884,[0.47973213],5.0,0.6,0.0,0.09651448560501802,0.046360907093151736,1.4936551894060566
8.594232320785522,0.48615200724083557,[0.48051451],5.0,0.6,0.0,0.10669032409705226,0.05123512112319569,1.4936554048068997
8.60437297821045,0.48673820339104557,[0.4812947],5.0,0.6,0.0,0.11096092322879408,0.056086699632186536,1.4940820104356622
8.615184307098389,0.4877151969747289,[0.48207387],5.0,0.6,0.0,0.38722545005142583,0.05775870033959518,1.4935436932536186
8.626932382583618,0.4886921905584123,[0.48285449],5.0,0.6,0.0,0.41789669641492394,0.0736339833179651,1.4930774529479436
8.635818243026733,0.4894737854253589,[0.48363873],5.0,0.6,0.0,0.3586446093045427,0.05643750984703036,1.493117817432535
8.645055294036865,0.49025538029230564,[0.48442566],5.0,0.6,0.0,0.2773913700548828,0.05909191909283532,1.493168649146897
8.653633832931519,0.49084157644251564,[0.48521458],5.0,0.6,0.0,0.4772015385118283,0.06218793451460011,1.4935178955531012
8.663391590118408,0.4916231713094623,[0.48600633],5.0,0.6,0.0,0.44778541410267025,0.06400426218114318,1.493560850376929
8.671352624893188,0.49220936745967236,[0.48680027],5.0,0.6,0.0,0.3447740620591285,0.051137067764645695,1.494076942852823
8.681365251541138,0.4931863610433557,[0.48759444],5.0,0.6,0.0,0.23349991486087462,0.055888167667398736,1.4937250054969142
8.69244933128357,0.4941633546270391,[0.4883887],5.0,0.6,0.0,0.13790523661214854,0.059416210447565884,1.4933386978259198
8.702899932861328,0.49494494949398576,[0.48918597],5.0,0.6,0.0,0.06386747339307897,0.07854095132031612,1.4933857560970738
8.71238374710083,0.49553114564419576,[0.48998882],5.0,0.6,0.0,0.010071802144463203,0.06201098721719918,1.4938752751978104
8.723062992095947,0.49650813922787906,[0.49079794],5.0,0.6,0.0,-0.027105599578161704,0.08041454602374144,1.4934993908573022
8.730407238006592,0.49728973409482574,[0.49161396],5.0,0.6,0.0,-0.051542944991177016,0.062781129058277,1.4935758528641454
8.740967750549316,0.4982667276785091,[0.49243589],5.0,0.6,0.0,-0.06661638130413189,0.06550584930709165,1.493220027168141
8.749465703964233,0.49904832254545584,[0.49326292],5.0,0.6,0.0,0.20102707026692335,0.06841731551670735,1.493298090020247
8.758370637893677,0.49963451869566583,[0.49409435],5.0,0.6,0.0,0.2304024194162384,0.055252074794796116,1.4938405968338526
8.771390438079834,0.5008069109960859,[0.49492965],5.0,0.6,0.0,0.1747092942144015,0.07665586692714894,1.4930926384627257
8.78039264678955,0.5017839045797692,[0.4957715],5.0,0.6,0.0,0.37614766220793483,0.0759930233523352,1.4926909636774808
8.790211200714111,0.5027608981634525,[0.4966222],5.0,0.6,0.0,0.34155694946643955,0.07541268001736896,1.4924047622884293
8.801744222640991,0.5037378917471359,[0.49748364],5.0,0.6,0.0,0.509476784434244,0.09146255920329664,1.4920142098828983
8.809647798538208,0.5045194866140825,[0.49835738],5.0,0.6,0.0,0.42854816602864637,0.07071316108412125,1.4922977665394048
8.819772481918335,0.5054964801977658,[0.49924141],5.0,0.6,0.0,0.5537625648202357,0.07166145003306867,1.4919771448917638
8.82994794845581,0.5064734737814492,[0.50013395],5.0,0.6,0.0,0.7149191286010541,0.07234353458106424,1.4916139689636756
8.837385416030884,0.507255068648396,[0.50103337],5.0,0.6,0.0,0.5724119331681636,0.05678603499826162,1.4920441402772526
8.845346689224243,0.5080366635153426,[0.50193664],5.0,0.6,0.0,0.35233243120270075,0.06296080635080072,1.4924931648246442
8.858862161636353,0.5094044545324993,[0.50284434],5.0,0.6,0.0,0.4209001224114195,0.08133741020965868,1.491298047739252
8.868162870407104,0.5103814481161826,[0.50376011],5.0,0.6,0.0,0.2882951873449713,0.07879433683450042,1.4912080358620206
8.878330945968628,0.511358441699866,[0.50468532],5.0,0.6,0.0,0.3886864217110626,0.07684366384169457,1.4910209825176608
8.888158798217773,0.5123354352835494,[0.50561938],5.0,0.6,0.0,0.26432549136566486,0.07506582314410107,1.4909674924859857
8.897652387619019,0.5133124288672327,[0.50656161],5.0,0.6,0.0,0.08805103485240165,0.07363331909488109,1.4909209234055965
8.906772136688232,0.514289422450916,[0.50751121],5.0,0.6,0.0,-0.0725040427676092,0.07249476104756211,1.4908493417887845
8.91437029838562,0.5150710173178628,[0.50846581],5.0,0.6,0.0,-0.1966219671229754,0.05602045013898997,1.4912834385902136
8.924373626708984,0.5160480109015461,[0.50942172],5.0,0.6,0.0,-0.007026899215466051,0.05977079572220328,1.491256856550676
8.933380603790283,0.5170250044852295,[0.51037728],5.0,0.6,0.0,-0.0283933475898202,0.062413936689851304,1.491199890946769
8.941336631774902,0.5178065993521761,[0.51133107],5.0,0.6,0.0,-0.11328905884475551,0.04865303131630893,1.4916390203148202
8.950528860092163,0.5187835929358594,[0.51228186],5.0,0.6,0.0,-0.2011515389026332,0.07070567405019232,1.4915510017469935
8.95870065689087,0.5195651878028061,[0.51323012],5.0,0.6,0.0,0.005176730841438465,0.05451256025893793,1.4920054869349952
8.969338417053223,0.5207375801032261,[0.51417471],5.0,0.6,0.0,-0.009068429678413994,0.05734021918494226,1.4914226948459202
8.979387760162354,0.5217145736869095,[0.51511467],5.0,0.6,0.0,-0.09152283308832382,0.05988685096776551,1.4913198447839429
8.988579750061035,0.5228869659873295,[0.51605069],5.0,0.6,0.0,-0.17917600206389853,0.060557206000193924,1.4906727154123542
8.99665379524231,0.5236685608542763,[0.5169834],5.0,0.6,0.0,0.026339400257183607,0.06229295026764027,1.4911010406868983
9.004371643066406,0.5246455544379596,[0.51791181],5.0,0.6,0.0,0.010852723613019803,0.04669782061350573,1.4909722518882502
9.012690544128418,0.5254271493049063,[0.5188336],5.0,0.6,0.0,-0.07298438657890235,0.05245061245489228,1.49133873614746
9.022876977920532,0.526794940322063,[0.51974835],5.0,0.6,0.0,-0.16202547279780644,0.053793393821062525,1.4900987096770513
9.03083872795105,0.5275765351890096,[0.5206558],5.0,0.6,0.0,-0.23388012724224763,0.04096968919588773,1.4904256985456255
9.038328170776367,0.5283581300559563,[0.52155281],5.0,0.6,0.0,-0.28374180478393524,0.03188602486884119,1.4907203610614623
9.048379182815552,0.5295305223563763,[0.52243685],5.0,0.6,0.0,-0.3136431233726197,0.03972868729791932,1.4899132174358365
9.059908390045166,0.5307029146567964,[0.52331042],5.0,0.6,0.0,-0.6037105980448145,0.06076796013493367,1.4888584928396766
9.067371368408203,0.531484509523743,[0.52417726],5.0,0.6,0.0,-0.6391558679329268,0.04539115061202193,1.4890736210892324
9.07737684249878,0.5324615031074265,[0.5250376],5.0,0.6,0.0,-0.5782083161866515,0.049325293820867686,1.4887888544155983
9.087335586547852,0.5336338954078464,[0.52589176],5.0,0.6,0.0,-0.7669021705903449,0.05124376399519139,1.487645829868584
9.095418214797974,0.5342200915580564,[0.5267416],5.0,0.6,0.0,-0.7148875397118383,0.05500380777442043,1.4884964563185277
9.10333800315857,0.5351970851417398,[0.52758725],5.0,0.6,0.0,-0.5866689059628558,0.04023819050026433,1.488228741160433
9.113362312316895,0.5361740787254231,[0.52842742],5.0,0.6,0.0,-0.7272724565089856,0.04569823148598814,1.4876760207124176
9.122384309768677,0.5371510723091065,[0.52926262],5.0,0.6,0.0,-0.6429564466376219,0.04942513697678321,1.4873239677990768
9.131944417953491,0.5381280658927898,[0.53009488],5.0,0.6,0.0,-0.49452090282772104,0.05196519393606163,1.486994495310448
9.14099907875061,0.5389096607597365,[0.53092598],5.0,0.6,0.0,-0.3477073715795558,0.05461685277184182,1.4872430811196489
9.149404287338257,0.5396912556266832,[0.53175752],5.0,0.6,0.0,-0.225138210854461,0.056659462143753704,1.4874523405058324
9.159820795059204,0.5406682492103666,[0.53259089],5.0,0.6,0.0,-0.13096221944531858,0.057371584418663336,1.4870232475394933
9.168354034423828,0.5414498440773132,[0.53342575],5.0,0.6,0.0,-0.062250720290299336,0.04239226477139812,1.4872024510795507
9.17735767364502,0.5424268376609965,[0.5342603],5.0,0.6,0.0,-0.01404696383709041,0.04737260682030561,1.4867499452117123
9.18614411354065,0.5432084325279433,[0.53509461],5.0,0.6,0.0,0.018563149306097676,0.05183892497702386,1.4869192230822657
9.195764303207397,0.5441854261116267,[0.53593035],5.0,0.6,0.0,0.03973343001455269,0.054373111792549805,1.4864620146204477
9.203346729278564,0.5449670209785733,[0.5367674],5.0,0.6,0.0,-0.22331742949443809,0.04056405182399893,1.4866061333190572
9.215071678161621,0.5459440145622566,[0.53760575],5.0,0.6,0.0,-0.2491896640141134,0.06327619998695584,1.4861446689989548
9.22333836555481,0.5467256094292033,[0.53844695],5.0,0.6,0.0,-0.1907843807603273,0.047017544994603484,1.4863591889484233
9.236711978912354,0.5478980017296233,[0.53929397],5.0,0.6,0.0,-0.39008768771127195,0.08378377902797934,1.4851899459240625
9.248389959335327,0.5488749953133067,[0.5401525],5.0,0.6,0.0,-0.3537861204562177,0.07747133958784358,1.4848056425474756
9.258644819259644,0.54985198889699,[0.54102565],5.0,0.6,0.0,-0.5203100077184972,0.07285131416642841,1.4843384076000086
9.266335487365723,0.5506335837639368,[0.54191108],5.0,0.6,0.0,-0.4382220729842472,0.0536366265988856,1.4847558267539125
9.276529312133789,0.5514151786308834,[0.54280506],5.0,0.6,0.0,-0.2864191742907932,0.05694921541812914,1.4852214691932666
9.287172794342041,0.5523921722145668,[0.5437075],5.0,0.6,0.0,-0.13757357786274643,0.07512040354813043,1.48501440075619
9.296303272247314,0.5533691657982501,[0.54461979],5.0,0.6,0.0,-0.016310013151149563,0.05461766741925104,1.4848060967145198
9.304782629013062,0.5541507606651968,[0.54553974],5.0,0.6,0.0,0.07322778021036508,0.05726836180340117,1.4852754974215896
9.313122749328613,0.5551277542488802,[0.54646532],5.0,0.6,0.0,0.41069732077464605,0.058199900082942936,1.4849789712459167
9.323518514633179,0.5561047478325636,[0.54739627],5.0,0.6,0.0,0.4829149437029772,0.058503351803798134,1.4847733590714038
9.33163833618164,0.5568863426995102,[0.54833217],5.0,0.6,0.0,0.4502051214717737,0.05935057861497016,1.4853209225546262
9.340601921081543,0.5578633362831935,[0.54927248],5.0,0.6,0.0,0.6605594263440989,0.058677596780135684,1.4850231246781864
9.348995447158813,0.5586449311501402,[0.55021505],5.0,0.6,0.0,0.6252479894232454,0.04289148846290536,1.4855970102316736
9.359287023544312,0.5596219247338236,[0.55115641],5.0,0.6,0.0,0.5100383807868534,0.046778183863510424,1.485575615722738
9.369326829910278,0.560598918317507,[0.55209503],5.0,0.6,0.0,0.38487092592951755,0.04906193452260802,1.485530599193556
9.379637956619263,0.5615759119011904,[0.55303102],5.0,0.6,0.0,0.27566040990080914,0.050251517836643896,1.4854465100444763
9.387354373931885,0.5621621080514002,[0.55396292],5.0,0.6,0.0,0.1890301013015345,0.03720355911480418,1.4866180654664003
9.397814512252808,0.5631391016350836,[0.55488799],5.0,0.6,0.0,-0.15217634276588515,0.04182825176023593,1.486458862975816
9.40607762336731,0.5639206965020302,[0.5558053],5.0,0.6,0.0,-0.23266260228937816,0.04560693872613954,1.4868741473394214
9.41436219215393,0.5643114939355037,[0.55671412],5.0,0.6,0.0,-0.21111262185276067,0.03502633210049125,1.4884891822370054
9.424358367919922,0.5652884875191869,[0.5576124],5.0,0.6,0.0,-0.4343064766484248,0.04029083919265194,1.4881443118233737
9.434126138687134,0.5660700823861337,[0.55849985],5.0,0.6,0.0,-0.4126509765792201,0.04443253072647577,1.4884770198234696
9.4443039894104,0.5668516772530804,[0.55937766],5.0,0.6,0.0,-0.5873550772164279,0.047358014596910324,1.4886332508989744
9.453352451324463,0.5676332721200271,[0.56024683],5.0,0.6,0.0,-0.5090065695547514,0.049132470638834295,1.488954599832185
9.461345672607422,0.5680240695535003,[0.56110823],5.0,0.6,0.0,-0.6339916193205609,0.052267424350215995,1.4901807287554667
9.471886396408081,0.5688056644204471,[0.56196389],5.0,0.6,0.0,-0.517056656011987,0.06677956162483781,1.4904827305224986
9.480307817459106,0.5693918605706572,[0.5628155],5.0,0.6,0.0,-0.6142747713286386,0.05031304761419393,1.4911067844204142
9.490757703781128,0.5701734554376038,[0.56366314],5.0,0.6,0.0,-0.4785690791178282,0.06527409550221074,1.4913885353998206
9.500903367996216,0.5711504490212871,[0.56450816],5.0,0.6,0.0,-0.28790317345381206,0.06119119743087652,1.4911531107444624
9.510351657867432,0.5717366451714971,[0.56535036],5.0,0.6,0.0,-0.3883501227312794,0.04622195371189579,1.4917639862101888
9.519423246383667,0.5723228413217071,[0.56618698],5.0,0.6,0.0,-0.2827519297857033,0.049478259152581965,1.492439009688876
9.528671979904175,0.5731044361886538,[0.56701701],5.0,0.6,0.0,-0.12747783454656056,0.05120010693286599,1.4926039406944078
9.536759614944458,0.5736906323388637,[0.56784089],5.0,0.6,0.0,0.015819557150255306,0.05306025744388015,1.4931792824298147
9.544357061386108,0.5740814297723372,[0.56865779],5.0,0.6,0.0,0.12784411119822686,0.042400274485061167,1.4941219276538107
9.55433464050293,0.5748630246392838,[0.5694658],5.0,0.6,0.0,0.20698001691979195,0.04663481170335356,1.4941590478758804
9.56445860862732,0.5756446195062305,[0.57026465],5.0,0.6,0.0,0.25800619559011184,0.049612763415949786,1.494178366322228
9.57335090637207,0.5764262143731771,[0.57105542],5.0,0.6,0.0,0.28718999385549226,0.05154289093222372,1.4941861315325973
9.58250904083252,0.5772078092401239,[0.57183909],5.0,0.6,0.0,0.024310984355114598,0.05301548902364095,1.4942515059826762
9.590320110321045,0.577794005390334,[0.5726153],5.0,0.6,0.0,-0.0069186095743546325,0.04152224402798324,1.4946505333168054
9.599337339401245,0.5783802015405439,[0.5733826],5.0,0.6,0.0,0.04245955447150772,0.04680776486026259,1.4950159181539866
9.60934042930603,0.5791617964074907,[0.57414107],5.0,0.6,0.0,0.10790205076305065,0.04979998723358552,1.4949624777182828
9.620346069335938,0.5799433912744373,[0.57489208],5.0,0.6,0.0,-0.11124999654554027,0.05184310495931516,1.494900635954472
9.631787061691284,0.5807249861413839,[0.57563808],5.0,0.6,0.0,-0.10302923826749928,0.0660012411159489,1.4948301454360686
9.640628576278687,0.581311182291594,[0.57638237],5.0,0.6,0.0,-0.2979583894828616,0.06403179664138108,1.495087066404171
9.651721000671387,0.581897378441804,[0.5771265],5.0,0.6,0.0,-0.24165141247170893,0.06253639927644904,1.4954146204183738
9.65976357460022,0.5826789733087506,[0.5778693],5.0,0.6,0.0,-0.3882832705327506,0.04798120468270836,1.4952718846628867
9.669484853744507,0.5832651694589607,[0.57860857],5.0,0.6,0.0,-0.2917036215303813,0.05114430269174439,1.4956092683635491
9.680363655090332,0.5840467643259073,[0.57934481],5.0,0.6,0.0,-0.13165955710566982,0.065301488526286,1.4955751789181033
9.689409255981445,0.5844375617593808,[0.58007965],5.0,0.6,0.0,0.019991591529612232,0.051757776665582754,1.4962086230550113
9.700319290161133,0.585414555343064,[0.58081207],5.0,0.6,0.0,0.13988660394163144,0.052149634402704224,1.4957578272888234
9.709516286849976,0.586000751493274,[0.58154121],5.0,0.6,0.0,0.22509744888417815,0.053972311239364905,1.4959926847087854
9.717569351196289,0.5865869476434841,[0.58226751],5.0,0.6,0.0,0.2802487619758618,0.05535659545815684,1.4962169809130816
9.726901769638062,0.5871731437936941,[0.58299134],5.0,0.6,0.0,0.3118791711804354,0.05639759312400921,1.4964362040016619
9.736665725708008,0.5877593399439041,[0.58371301],5.0,0.6,0.0,0.05014516185165538,0.057450215199718276,1.4967289194156197
9.746513366699219,0.5883455360941141,[0.58443278],5.0,0.6,0.0,0.01911388926405226,0.05821369712289407,1.4969424747096536
9.75528621673584,0.5889317322443242,[0.58514972],5.0,0.6,0.0,0.06803547302758747,0.04654514538774889,1.4971399122768294
9.764277219772339,0.5895179283945341,[0.5858619],5.0,0.6,0.0,0.1325903499447847,0.0507293793737633,1.4973171698566508
9.774553060531616,0.5901041245447443,[0.58657004],5.0,0.6,0.0,0.18832263644386232,0.06625343799326519,1.4974787711888213
9.785794019699097,0.5908857194116909,[0.58727712],5.0,0.6,0.0,0.22836504275614167,0.06417848764180266,1.497360166752057
9.794922113418579,0.5912765168451641,[0.58798334],5.0,0.6,0.0,0.2530068699358822,0.05201928817138095,1.4977856979810151
9.80227780342102,0.5918627129953741,[0.5886866],5.0,0.6,0.0,0.26497168103154733,0.05526894429895935,1.4979322391898224
9.81030821800232,0.5924489091455841,[0.58938516],5.0,0.6,0.0,0.2674015186675949,0.045312720683405444,1.4980712302882777
9.82092571258545,0.5930351052957942,[0.59007875],5.0,0.6,0.0,0.26309060747478913,0.06327968495639316,1.4982019971721892
9.83046579360962,0.5936213014460042,[0.59076836],5.0,0.6,0.0,0.25427116099601915,0.051449260530150163,1.4983253429713166
9.84184980392456,0.5944028963129508,[0.5914549],5.0,0.6,0.0,0.2426244070541885,0.06688930832501873,1.4982195566013836
9.85028076171875,0.5949890924631609,[0.59213919],5.0,0.6,0.0,0.2293686504735454,0.054046864098502324,1.4983377708453085
9.860302209854126,0.595575288613371,[0.59282081],5.0,0.6,0.0,0.21536096498784918,0.057325485495740854,1.4984491943987068
9.872084617614746,0.5963568834803176,[0.59350059],5.0,0.6,0.0,0.2011882870571465,0.07129820227917312,1.4983395178026688
9.88075566291809,0.5967476809137909,[0.59418159],5.0,0.6,0.0,0.18724103092131078,0.07072330851693692,1.4986578069540657
9.889873743057251,0.597333877064001,[0.59486408],5.0,0.6,0.0,0.1737694468981631,0.05718716880617739,1.4987582908156956
9.897314548492432,0.5979200732142109,[0.59554596],5.0,0.6,0.0,0.16092539689692664,0.06025023903058206,1.4988540780273398
9.908278942108154,0.5985062693644211,[0.59622664],5.0,0.6,0.0,0.1487926775882173,0.06269658553012623,1.4989447133182912
9.91654348373413,0.5990924655146309,[0.59690679],5.0,0.6,0.0,0.1374087113000974,0.06460421918575436,1.4990309694900565
9.925429821014404,0.599678661664841,[0.59758589],5.0,0.6,0.0,0.12677989254375316,0.05357333787418322,1.4991124771399371
9.93483567237854,0.600264857815051,[0.59826231],5.0,0.6,0.0,0.11689234814582275,0.05846785816640596,1.4991881107423017
9.943896055221558,0.600851053965261,[0.59893594],5.0,0.6,0.0,0.38375777902782315,0.062100460239055105,1.4991571193750501
9.95382571220398,0.6016326488322077,[0.59960791],5.0,0.6,0.0,0.4083897830553843,0.06399122905890292,1.4990562863900119
9.963309526443481,0.6022188449824176,[0.60027926],5.0,0.6,0.0,0.34544186547390976,0.06615935060979215,1.4991590651140037
9.972338676452637,0.6028050411326277,[0.60094971],5.0,0.6,0.0,0.26210801508910936,0.05510228142782713,1.4992606484389586
9.984380722045898,0.6037820347163111,[0.60161907],5.0,0.6,0.0,0.1848980297336979,0.07120225673042693,1.499039306497867
9.993309259414673,0.6041728321497843,[0.60228842],5.0,0.6,0.0,0.12211104977846222,0.05950203819392679,1.4992789535943631
10.002311706542969,0.604954427016731,[0.60295751],5.0,0.6,0.0,0.3504708308349166,0.062403547060807314,1.4991113599149124
10.012520551681519,0.6059314206004144,[0.60362616],5.0,0.6,0.0,0.348947500887708,0.06340923005079753,1.498847086591366
10.023587465286255,0.6067130154673611,[0.60429663],5.0,0.6,0.0,0.2695038718766403,0.0775118390288414,1.4987788315416517
10.03229308128357,0.607299211617571,[0.60497081],5.0,0.6,0.0,0.17683014961659202,0.06260884415617524,1.4988930221219232
10.04136848449707,0.6080808064845178,[0.60564785],5.0,0.6,0.0,0.37142074244306666,0.06380441665420478,1.49871416435996
10.050325632095337,0.6086670026347278,[0.60632697],5.0,0.6,0.0,0.34104282350237014,0.06547575257409169,1.4988188737474926
10.058778285980225,0.6092531987849378,[0.60700865],5.0,0.6,0.0,0.23990433448935336,0.06672493995954756,1.4989500630865782
10.066305875778198,0.6098393949351478,[0.60769203],5.0,0.6,0.0,0.13231840281164586,0.05483880970845662,1.4990651545470803
10.07622218132019,0.6106209898020944,[0.60837513],5.0,0.6,0.0,0.041509900780930566,0.05831999946491529,1.4989904521552997
10.086284160614014,0.6114025846690411,[0.60905745],5.0,0.6,0.0,-0.027140772326980558,0.06052585155023681,1.4989001238196515
10.09600305557251,0.6121841795359879,[0.60973967],5.0,0.6,0.0,0.20075105231536275,0.0615065266223471,1.498775590084771
10.104968547821045,0.612770375686198,[0.61042231],5.0,0.6,0.0,0.20238274224476482,0.06286037635939176,1.4988674382851714
10.114006280899048,0.6133565718364078,[0.61110572],5.0,0.6,0.0,0.128420054803083,0.06376962833027078,1.4989749734561428
10.121369123458862,0.6139427679866178,[0.61178898],5.0,0.6,0.0,0.04262784780418799,0.05213709333866291,1.49907131971886
10.131602764129639,0.6147243628535647,[0.61247011],5.0,0.6,0.0,-0.031184479335986906,0.05517664961531947,1.4989834615519575
10.141316175460815,0.6153105590037747,[0.61314853],5.0,0.6,0.0,-0.08674072925298548,0.05796060892073706,1.4990599656223065
10.149693727493286,0.6160921538707212,[0.61382487],5.0,0.6,0.0,-0.12482194606885168,0.05892917766539363,1.4989608158143533
10.158951997756958,0.6166783500209313,[0.61449959],5.0,0.6,0.0,-0.148542907678326,0.06007841524213044,1.499034625373476
10.166301250457764,0.6170691474544047,[0.61517301],5.0,0.6,0.0,-0.4373887291920774,0.06194393768483289,1.4991388020525762
10.175292253494263,0.6178507423213512,[0.61584427],5.0,0.6,0.0,-0.4754370250784119,0.04986866170677522,1.499026897712775
10.184275388717651,0.6182415397548247,[0.61651149],5.0,0.6,0.0,-0.41979409719336447,0.05453252942576102,1.4992703994400052
10.192279577255249,0.6188277359050346,[0.61717312],5.0,0.6,0.0,-0.33951722238577575,0.0455822858090266,1.4993667999220999
10.20391297340393,0.6196093307719813,[0.61782891],5.0,0.6,0.0,-0.26248661621393576,0.061052041784640305,1.4993149317613574
10.21163034439087,0.6201955269221914,[0.61848074],5.0,0.6,0.0,-0.19798728432089852,0.06114070984986396,1.4993828920421082
10.220391511917114,0.6207817230724014,[0.61913017],5.0,0.6,0.0,-0.42344040807213135,0.06100863140306891,1.499321170943512
10.229838609695435,0.6213679192226114,[0.61977639],5.0,0.6,0.0,-0.4183024844525454,0.049842987229414215,1.4993633002951499
10.237299680709839,0.6219541153728214,[0.62041663],5.0,0.6,0.0,-0.3348708192538449,0.041765774110945675,1.4994438697823773
10.246302843093872,0.6225403115230315,[0.62104857],5.0,0.6,0.0,-0.23806213582337976,0.04698362796929554,1.4995128537035447
10.255613565444946,0.6231265076732413,[0.62167232],5.0,0.6,0.0,-0.15248295674418808,0.050497135161839096,1.4995598490097461
10.264346837997437,0.6237127038234513,[0.622289],5.0,0.6,0.0,-0.08494992661022552,0.05263633133426616,1.4995893221962397
10.273289203643799,0.6242988999736614,[0.62289857],5.0,0.6,0.0,-0.035039633042760664,0.04349845279254012,1.499606978430057
10.28127145767212,0.6246896974071348,[0.62350006],5.0,0.6,0.0,0.00013365916899844843,0.04825389738636082,1.4997169925658447
10.2912757396698,0.6254712922740814,[0.62409364],5.0,0.6,0.0,0.02387710751394888,0.049775921419606926,1.4996200597724567
10.302357196807861,0.6260574884242914,[0.62468042],5.0,0.6,0.0,-0.2368959940206041,0.05141985555819047,1.4995790363981554
10.31086802482605,0.6266436845745015,[0.62526137],5.0,0.6,0.0,-0.2608554237178602,0.052204346886343345,1.4995672647190346
10.320203304290771,0.6272298807247115,[0.62583726],5.0,0.6,0.0,-0.2008782943564132,0.052480400852695466,1.4995821592162564
10.330288887023926,0.6276206781581847,[0.62640872],5.0,0.6,0.0,-0.39889706770313815,0.05353650371352285,1.4995878406247123
10.340732097625732,0.6284022730251315,[0.62697715],5.0,0.6,0.0,-0.36154183029490317,0.06188762256017093,1.49949659393585
10.350090026855469,0.6287930704586048,[0.62754368],5.0,0.6,0.0,-0.2511551545676024,0.04999718348861236,1.4996408974158009
10.360280990600586,0.6295746653255516,[0.62810742],5.0,0.6,0.0,-0.41125032191362326,0.04934832929575244,1.4994436476204225
10.369662284851074,0.6301608614757614,[0.62866759],5.0,0.6,0.0,-0.34704919739185136,0.04934044471777303,1.499464476377039
10.378768682479858,0.6305516589092349,[0.62922437],5.0,0.6,0.0,-0.2186582901790957,0.050009960954254085,1.4996121335976864
10.386521100997925,0.6307470576259715,[0.62977704],5.0,0.6,0.0,-0.09136864582810782,0.0423084568558625,1.4998056183124502
10.395073890686035,0.6313332537761815,[0.63032415],5.0,0.6,0.0,0.012477783204630562,0.04447404093940738,1.4997962448390332
10.404207468032837,0.6317240512096549,[0.63086529],5.0,0.6,0.0,0.08889494199022445,0.04668522610251677,1.499846634218144
10.413161516189575,0.632310247359865,[0.63140101],5.0,0.6,0.0,-0.13514448339558457,0.04755776223789845,1.4998210765442526
10.422302484512329,0.6327010447933382,[0.63193178],5.0,0.6,0.0,-0.13570334458185754,0.04880380825971558,1.499867945003594
10.431657075881958,0.6332872409435483,[0.632458],5.0,0.6,0.0,-0.0625668403355084,0.04877618739250933,1.4998595663559164
10.439466714859009,0.6336780383770215,[0.63297922],5.0,0.6,0.0,0.021154437857359577,0.04075798371722945,1.49990200170481
10.448861598968506,0.6342642345272317,[0.6334943],5.0,0.6,0.0,0.09212311715007866,0.04296920393415735,1.49987512875907
10.457715272903442,0.6346550319607048,[0.63400313],5.0,0.6,0.0,-0.131642426553142,0.045539722465984075,1.4999021075055081
10.465274333953857,0.6350458293941783,[0.63450568],5.0,0.6,0.0,-0.13017886796012834,0.038664362557609924,1.4999290354010755
10.47730040550232,0.6356320255443884,[0.63500202],5.0,0.6,0.0,-0.05490746814488212,0.05044561388462591,1.4999183770229216
10.486273288726807,0.6360228229778616,[0.63549306],5.0,0.6,0.0,0.030487380196766126,0.04219502089329126,1.4999431801029366
10.496278285980225,0.6366090191280717,[0.63597887],5.0,0.6,0.0,0.10255110921663879,0.04415856380194692,1.4999127578798115
10.50634479522705,0.636999816561545,[0.63645958],5.0,0.6,0.0,-0.12063886368815663,0.046596981332595884,1.4999307973182103
10.515261173248291,0.6375860127117551,[0.63693618],5.0,0.6,0.0,-0.11900840771783353,0.04753782960264945,1.499905003653129
10.523260831832886,0.6379768101452282,[0.63740877],5.0,0.6,0.0,-0.04386745939148484,0.04017756154342265,1.4999340358672217
10.53363561630249,0.6383676075787017,[0.63787754],5.0,0.6,0.0,0.04119349680420552,0.05285093074284901,1.4999507047888547
10.54137659072876,0.6387584050121751,[0.63834353],5.0,0.6,0.0,0.11279279189498839,0.04436809969922228,1.4999561065195346
10.551322937011719,0.6393446011623851,[0.63880689],5.0,0.6,0.0,0.1651000525400012,0.046353676567826935,1.4999218845405262
10.561284065246582,0.6397353985958584,[0.63926781],5.0,0.6,0.0,0.19927569794044503,0.048743785230178076,1.4999267125354225
10.570700407028198,0.640516993462805,[0.63972734],5.0,0.6,0.0,0.21872828223077165,0.04875172916286192,1.4998396864331207
10.579408407211304,0.6409077908962785,[0.64018648],5.0,0.6,0.0,0.22711931044170264,0.050307091746525395,1.4998575499904394
10.588022708892822,0.6412985883297517,[0.64064608],5.0,0.6,0.0,0.22762879050968837,0.051634044011731176,1.4998762807513069
10.596465826034546,0.641689385763225,[0.64110693],5.0,0.6,0.0,0.2227720653766229,0.052786412230749036,1.499895209253135
10.605316162109375,0.642275581913435,[0.64156884],5.0,0.6,0.0,0.21443693515957654,0.04353659223396817,1.499865880142264
10.615076065063477,0.6426663793469085,[0.64203085],5.0,0.6,0.0,0.2039921900248075,0.04713465568349225,1.4998882476523734
10.625571012496948,0.6430571767803818,[0.64249388],5.0,0.6,0.0,0.19240474418184955,0.05950769781417089,1.499908985448955
10.634273052215576,0.6436433729305918,[0.64295963],5.0,0.6,0.0,0.18034210649083154,0.04851592689126447,1.4998822933656568
10.642614126205444,0.6440341703640652,[0.64342777],5.0,0.6,0.0,0.16825425290813284,0.0511112520202524,1.499905384567847
10.651750326156616,0.6444249677975383,[0.64389805],5.0,0.6,0.0,0.15643592095413605,0.05325328824084339,1.4999262564588165
10.659315824508667,0.6448157652310118,[0.64437027],5.0,0.6,0.0,0.14507262698439238,0.04532199404793576,1.4999446417884885
10.670243263244629,0.6454019613812219,[0.64484338],5.0,0.6,0.0,0.1342740095760122,0.048587976071722605,1.4999241789715145
10.679239988327026,0.6457927588146952,[0.64531832],5.0,0.6,0.0,0.12409766721307688,0.06185790687569149,1.4999435192103274
10.68994951248169,0.6465743536816418,[0.64579773],5.0,0.6,0.0,0.11456603045717398,0.059808713603579935,1.4998696095096948
10.699371814727783,0.6469651511151151,[0.64628204],5.0,0.6,0.0,0.10567820752486809,0.04991458008624992,1.4998983621372568
10.707300424575806,0.6475513472653252,[0.64676975],5.0,0.6,0.0,0.09741824051059517,0.05226455690985213,1.4998707627949677
10.71680736541748,0.6479421446987986,[0.64726055],5.0,0.6,0.0,0.08976081794852311,0.05500553313393064,1.4999010911267363
10.725234508514404,0.6483329421322718,[0.64775417],5.0,0.6,0.0,0.08267519517146449,0.0469958538107519,1.4999279179564673
10.734259366989136,0.6487237395657451,[0.64824946],5.0,0.6,0.0,0.07612785791077249,0.05190301198460714,1.4999506994613983
10.743683576583862,0.6493099357159552,[0.64874646],5.0,0.6,0.0,0.0700843083709436,0.05482650064556113,1.4999328441946156
10.754607677459717,0.6498961318661652,[0.64924616],5.0,0.6,0.0,0.06451024118935504,0.05694825430317996,1.499912412770278
10.765533685684204,0.6504823280163752,[0.64975045],5.0,0.6,0.0,0.059372297197345714,0.06922998561297268,1.4998902539560002
10.774269819259644,0.6508731254498485,[0.65026096],5.0,0.6,0.0,0.05463852666449491,0.05765107634273589,1.49992283119754
10.785504341125488,0.6514593216000585,[0.65077807],5.0,0.6,0.0,0.05027865406676503,0.07039913820416453,1.4999053021027244
10.794045209884644,0.651850119033532,[0.65130211],5.0,0.6,0.0,0.04626420854890326,0.05878603915412106,1.4999383465340903
10.80522871017456,0.652436315183742,[0.65183231],5.0,0.6,0.0,0.04256856469657759,0.060800785363819165,1.4999256888471308
10.816488027572632,0.653022511333952,[0.65236902],5.0,0.6,0.0,0.03916692453613038,0.07359749994398843,1.4999134510304302
10.824226140975952,0.6534133087674253,[0.65291354],5.0,0.6,0.0,0.3120746217791963,0.061259947235189245,1.499877555591377
10.833295345306396,0.6539995049176353,[0.65346487],5.0,0.6,0.0,0.34231820804998125,0.06310073966977688,1.499855611422798
10.841890096664429,0.6543903023511087,[0.6540221],5.0,0.6,0.0,0.28456985069965113,0.06555401557909149,1.4999126084921073
10.85291600227356,0.6551718972180554,[0.65458552],5.0,0.6,0.0,0.48208379687016195,0.06567850171110702,1.4997582630594057
10.862853050231934,0.6557580933682653,[0.65515533],5.0,0.6,0.0,0.44244118976086394,0.06663880191541788,1.4997816403233943
10.87023663520813,0.6561488908017388,[0.65573062],5.0,0.6,0.0,0.3286569735691016,0.056851868700089556,1.4998846106461288
10.880937337875366,0.6567350869519486,[0.65631061],5.0,0.6,0.0,0.4847126363250804,0.07249558348188401,1.4997891016243217
10.889877080917358,0.6573212831021586,[0.65689571],5.0,0.6,0.0,0.41615125286400434,0.06046097494584166,1.4998348788478337
10.899245262145996,0.6579074792523687,[0.65748515],5.0,0.6,0.0,0.28329602834428286,0.06367881226026628,1.4999045890315084
10.908255100250244,0.6584936754025786,[0.65807826],5.0,0.6,0.0,0.1515811273222895,0.06610562595036362,1.4999483825691948
10.919105529785156,0.6590798715527887,[0.65867554],5.0,0.6,0.0,0.3194786278115657,0.06788444146031077,1.4998913314300422
10.928898572921753,0.6598614664197354,[0.65927742],5.0,0.6,0.0,0.2720786932820759,0.06821257748448213,1.4998766781672683
10.936272382736206,0.6602522638532087,[0.65988422],5.0,0.6,0.0,0.1610940279177647,0.07026497192208166,1.4999535908855495
10.945263147354126,0.6608384600034187,[0.66049505],5.0,0.6,0.0,0.04878903730885209,0.05914040905381235,1.4999746415827258
10.955234289169312,0.6616200548703655,[0.661108],5.0,0.6,0.0,0.23284974141783837,0.062050581291109005,1.499907203209965
10.964709997177124,0.6622062510205755,[0.66172255],5.0,0.6,0.0,0.19853610886958328,0.06488983283398311,1.4999238669405017
10.9735586643219,0.6627924471707854,[0.66233929],5.0,0.6,0.0,0.09804309679543631,0.06686643202246885,1.4999517743663338
10.982775688171387,0.6633786433209955,[0.66295867],5.0,0.6,0.0,0.2701958393251687,0.0681280971347596,1.499910382456613
10.992381572723389,0.6641602381879422,[0.66358103],5.0,0.6,0.0,0.2181507840061326,0.06800770413921839,1.4998974813012524
11.003289222717285,0.6649418330548889,[0.66420658],5.0,0.6,0.0,0.10118478888232027,0.06765981847541827,1.4998842636362273
11.01176929473877,0.6655280292050988,[0.66483432],5.0,0.6,0.0,-0.01567642725168511,0.056392933537764325,1.4999035764241089
11.022258281707764,0.6663096240720454,[0.66546231],5.0,0.6,0.0,-0.11011215635849382,0.05918453764578484,1.4998473982033462
11.033603191375732,0.6670912189389921,[0.66609102],5.0,0.6,0.0,0.09797561544273897,0.07228384581145393,1.4997927953221328
11.04324197769165,0.6676774150892022,[0.66672295],5.0,0.6,0.0,0.08672521083012369,0.0706150182807485,1.4998122185476954
11.052979230880737,0.6684590099561489,[0.66735907],5.0,0.6,0.0,0.005944787758682082,0.06839708604308001,1.4997580274921325
11.061371326446533,0.6690452061063589,[0.66799899],5.0,0.6,0.0,-0.0819473583260229,0.06745653230897707,1.4997761101867628
11.070242404937744,0.6696314022565689,[0.66864126],5.0,0.6,0.0,-0.15444660316499215,0.055455851834183445,1.4997861857356969
11.082344770431519,0.6706083958402522,[0.66928455],5.0,0.6,0.0,-0.20636111804545998,0.06747371631203346,1.49961785054434
11.090265035629272,0.6711945919904623,[0.66992874],5.0,0.6,0.0,-0.23930725863545083,0.05496265291328072,1.4996369441255695
11.098233222961426,0.6715853894239355,[0.67057258],5.0,0.6,0.0,-0.25701412888818254,0.05805004616332933,1.4997456949495804
11.109208583831787,0.6723669842908824,[0.67121499],5.0,0.6,0.0,-0.26336547919764,0.05859621744389122,1.4996829886161531
11.11894702911377,0.673148579157829,[0.67185603],5.0,0.6,0.0,-0.2616932097761936,0.05849652001888582,1.4996149421719691
11.127631902694702,0.673734775308039,[0.67249566],5.0,0.6,0.0,-0.2546147474741531,0.05888186670178131,1.4996447117710932
11.136619091033936,0.674320971458249,[0.6731338],5.0,0.6,0.0,-0.24408502193226836,0.058999017246623174,1.4996738165785046
11.14453411102295,0.6749071676084589,[0.6737693],5.0,0.6,0.0,-0.2315156172169212,0.04830277164622922,1.4997011857557565
11.15321660041809,0.675493363758669,[0.67440016],5.0,0.6,0.0,-0.2178994352970313,0.0510881658731656,1.4997256668149688
11.163405895233154,0.6762749586256158,[0.67502564],5.0,0.6,0.0,-0.20391847245848846,0.051907875670076195,1.4996569351799125
11.172698497772217,0.6768611547758258,[0.67564603],5.0,0.6,0.0,-0.19002941143396804,0.0528120631213439,1.499677857305185
11.180535316467285,0.6772519522092991,[0.67626061],5.0,0.6,0.0,-0.17652851145101478,0.044192736035317585,1.499780271900505
11.188524961471558,0.6778381483595091,[0.67686782],5.0,0.6,0.0,-0.43963778786147006,0.04726501106653481,1.4996678539920765
11.196223497390747,0.6784243445097191,[0.67746636],5.0,0.6,0.0,-0.46051076541959596,0.03948349334295725,1.499658630886405
11.205541849136353,0.6790105406599292,[0.67805603],5.0,0.6,0.0,-0.3938916598262049,0.05275772524193396,1.499702319214823
11.217116117477417,0.6797921355268758,[0.67863843],5.0,0.6,0.0,-0.30703103360284184,0.05130049980882695,1.499663659055018
11.226914405822754,0.6803783316770857,[0.67921486],5.0,0.6,0.0,-0.5025101439945188,0.05064554746450496,1.4995413653904228
11.236202001571655,0.6809645278272958,[0.67978469],5.0,0.6,0.0,-0.4696931371952087,0.0408390376004919,1.4995574392781608
11.247244119644165,0.6815507239775059,[0.68034735],5.0,0.6,0.0,-0.36396369430592446,0.05146220421515031,1.4996118216760381
11.255246639251709,0.6821369201277159,[0.68090321],5.0,0.6,0.0,-0.5265158364916327,0.04124942797905851,1.4994893207823223
11.267051696777344,0.6827231162779259,[0.68145257],5.0,0.6,0.0,-0.462213192339639,0.05095491274119703,1.499518184800408
11.276225328445435,0.683309312428136,[0.68199566],5.0,0.6,0.0,-0.33153425106769374,0.04038900253844079,1.4995731098365128
11.284834384918213,0.6838955085783458,[0.68253192],5.0,0.6,0.0,-0.47637108963068353,0.04125645310091399,1.4994592961960893
11.293855905532837,0.6842863060118193,[0.68306087],5.0,0.6,0.0,-0.40065019721928896,0.042562374234294806,1.4995802267414902
11.301285743713379,0.6844817047285559,[0.68358291],5.0,0.6,0.0,-0.26348888262567793,0.0443963530384146,1.4997867665873204
11.310602188110352,0.6852632995955026,[0.6840984],5.0,0.6,0.0,-0.4054808949493518,0.04322217265196456,1.499606262995639
11.318526268005371,0.6856540970289758,[0.68460693],5.0,0.6,0.0,-0.32947766578083,0.03563978479320735,1.4996999114811256
11.32635760307312,0.6860448944624493,[0.68510672],5.0,0.6,0.0,-0.19376685040445457,0.03031737564657745,1.49979603332273
11.33449411392212,0.6862402931791859,[0.68559633],5.0,0.6,0.0,-0.3383284046644962,0.03582104585567175,1.4998318655882015
11.342225074768066,0.6866310906126593,[0.68607542],5.0,0.6,0.0,-0.2655726661034056,0.0310570036824793,1.4998857488585804
11.352808713912964,0.6872172867628693,[0.68654451],5.0,0.6,0.0,-0.409515837265948,0.04271899084538884,1.499784655382087
11.360235214233398,0.6874126854796059,[0.68700489],5.0,0.6,0.0,-0.3149343051127493,0.03684405691609378,1.4998929140725903
11.369950532913208,0.6879988816298159,[0.68745702],5.0,0.6,0.0,-0.15773909793964383,0.03888679961740546,1.4999227582035959
11.38024091720581,0.6881942803465526,[0.68790143],5.0,0.6,0.0,-0.28439486727642954,0.042513144204713214,1.499922644521379
11.389972925186157,0.6885850777800259,[0.68833943],5.0,0.6,0.0,-0.4749733164680786,0.04454867994771782,1.4998200233827217
11.398990631103516,0.689171273930236,[0.68877223],5.0,0.6,0.0,-0.36818692375028744,0.04496602918866529,1.4998672512429996
11.408209323883057,0.6895620713637093,[0.68920093],5.0,0.6,0.0,-0.18152022346902927,0.04611667650315026,1.499949388345696
11.416247367858887,0.6895620713637093,[0.6896258],5.0,0.6,0.0,-0.2784588542028251,0.04099197873022866,1.4999414706753944
11.425817012786865,0.690343666230656,[0.69004644],5.0,0.6,0.0,-0.16892019575493422,0.04239638703649974,1.4999610908661603
11.435238361358643,0.6907344636641293,[0.69046335],5.0,0.6,0.0,-0.011681152946590084,0.04506659343118358,1.499985198271022
11.443909168243408,0.690929862380866,[0.69087786],5.0,0.6,0.0,0.13118216932760918,0.04801282648454712,1.4999866490902047
11.452775478363037,0.6913206598143393,[0.69129117],5.0,0.6,0.0,-0.03534006735290429,0.049934381306662855,1.4999988963660584
11.46123456954956,0.691516058531076,[0.69170361],5.0,0.6,0.0,0.0066172114393719395,0.043736885537007844,1.499992932324224
11.469684362411499,0.6919068559645494,[0.69211476],5.0,0.6,0.0,0.10765360470609273,0.04755831412666234,1.4999827284937293
11.479905366897583,0.6922976533980226,[0.69252516],5.0,0.6,0.0,0.20722471485642574,0.050734584428261335,1.499957683308553
11.488921403884888,0.692688450831496,[0.69293621],5.0,0.6,0.0,0.28491879633645023,0.05331383412565597,1.4999272974973397
11.497430562973022,0.6928838495482326,[0.69334921],5.0,0.6,0.0,0.33738757354739163,0.05650349469664856,1.499871960564973
11.505214929580688,0.6930792482649695,[0.6937645],5.0,0.6,0.0,0.3677160842310283,0.049951355214655324,1.4998054460420849
11.515756607055664,0.6936654444151793,[0.6941825],5.0,0.6,0.0,0.38074041905222544,0.06336878777340736,1.4998386325954733
11.523341178894043,0.693860843131916,[0.69460455],5.0,0.6,0.0,0.3811493006010467,0.05539063490559195,1.4997812566097706
11.534437417984009,0.6942516405653893,[0.69503092],5.0,0.6,0.0,0.3728445270946906,0.05935657063159157,1.4997750811888875
11.542193174362183,0.6946424379988627,[0.69546103],5.0,0.6,0.0,0.3588377293016274,0.05230437667271696,1.4997701475416663
11.553383588790894,0.6950332354323361,[0.69589539],5.0,0.6,0.0,0.34135011851731467,0.06869385564004103,1.4997646176589858
11.561203241348267,0.6952286341490728,[0.69633549],5.0,0.6,0.0,0.32196813057663,0.060567613551770594,1.4996778424997503
11.570014953613281,0.6958148302992828,[0.69678164],5.0,0.6,0.0,0.30179511333340275,0.0643142865185476,1.4997452775658842
11.579580545425415,0.6964010264494928,[0.6972342],5.0,0.6,0.0,0.2815787165709676,0.06714543941683104,1.4998021569620132
11.58984112739563,0.6967918238829661,[0.69769451],5.0,0.6,0.0,0.261810522389361,0.07035382568358076,1.499786023052109
11.599613189697266,0.6971826213164394,[0.69816375],5.0,0.6,0.0,0.5188392397432907,0.07295768263408188,1.499607149234087
11.609180688858032,0.6977688174666494,[0.69864293],5.0,0.6,0.0,0.533896675758818,0.07433687997930524,1.4996350555471456
11.620242595672607,0.6981596149001227,[0.6991329],5.0,0.6,0.0,0.4617716862313241,0.07651596919823103,1.4996518542477042
11.63001298904419,0.6985504123335962,[0.69963439],5.0,0.6,0.0,0.6457748031331061,0.07840701150661407,1.4994546907680186
11.641209125518799,0.6993320072005428,[0.70014792],5.0,0.6,0.0,0.5935029207774958,0.0782044274562059,1.4996047221281603
11.654340028762817,0.7001136020674896,[0.70067503],5.0,0.6,0.0,0.7439984709379273,0.08983489119598148,1.4995250811576146
11.664224863052368,0.7005043995009628,[0.70121801],5.0,0.6,0.0,0.9222629981867888,0.08786102046541076,1.4992653927901234
11.673581600189209,0.7010905956511728,[0.70177759],5.0,0.6,0.0,0.7884933602239119,0.08583734374089767,1.4994430171829523
11.681190490722656,0.7014813930846462,[0.70235191],5.0,0.6,0.0,0.5702030319531157,0.07330104564204759,1.4996064814549737
11.690205812454224,0.7020675892348561,[0.70293814],5.0,0.6,0.0,0.635368127069869,0.07594238053475022,1.4995480220846344
11.69903564453125,0.7024583866683295,[0.70353487],5.0,0.6,0.0,0.4957617232417092,0.07904747201547448,1.499585339269421
11.707871198654175,0.7030445828185395,[0.70414196],5.0,0.6,0.0,0.5868333324804149,0.08051631550975608,1.4995028966766184
11.715675592422485,0.7034353802520129,[0.70475917],5.0,0.6,0.0,0.45179929650285433,0.08268696271486319,1.4994976531219493
11.72317624092102,0.704021576402223,[0.70538503],5.0,0.6,0.0,0.5402324777220316,0.07106798609931822,1.4994110632358686
11.733217239379883,0.7046077725524329,[0.70601703],5.0,0.6,0.0,0.6773370087142689,0.07522367856295845,1.4992614727733442
11.7446448802948,0.7053893674193795,[0.70665531],5.0,0.6,0.0,0.5198974496616379,0.08985902471171396,1.4994783631932418
11.755713701248169,0.7061709622863263,[0.7073022],5.0,0.6,0.0,0.5673278001173063,0.08746747885254114,1.499504558368743
11.76331377029419,0.7067571584365363,[0.70795724],5.0,0.6,0.0,0.3888682015679843,0.0741312824640929,1.4995994472080816
11.773206233978271,0.7073433545867464,[0.70861763],5.0,0.6,0.0,0.1669129447446026,0.07715433103429709,1.4996545572356785
11.78347373008728,0.7083203481704297,[0.70928207],5.0,0.6,0.0,0.2471589890951647,0.07750620191268183,1.499769562483126
11.791190147399902,0.7087111456039029,[0.70994941],5.0,0.6,0.0,0.1304628364493107,0.06771364298936403,1.499680715259567
11.803422451019287,0.7096881391875862,[0.71061863],5.0,0.6,0.0,0.2469963710146046,0.08292956461745468,1.4997814389679078
11.81537914276123,0.710469734054533,[0.71129114],5.0,0.6,0.0,0.1374861771636309,0.08200316805406073,1.4998509955523187
11.824100971221924,0.7112513289214797,[0.71196809],5.0,0.6,0.0,0.25038536514702775,0.08085232617631434,1.4998505906980157
11.834208965301514,0.7118375250716897,[0.71264921],5.0,0.6,0.0,0.13440654430380267,0.08098092282823216,1.4998547948968108
11.843990325927734,0.712814518655373,[0.71333425],5.0,0.6,0.0,0.2411904617256432,0.07919867882710747,1.4999026749459845
11.854197263717651,0.7137915122390565,[0.71402295],5.0,0.6,0.0,0.12048239133930212,0.07753508251846629,1.4999784815936696
11.863105535507202,0.7141823096725297,[0.7147139],5.0,0.6,0.0,-0.051989354443948026,0.06660299167093128,1.499941472161464
11.873600482940674,0.7151593032562131,[0.7154059],5.0,0.6,0.0,0.06830285992582666,0.08114168671689234,1.4999843649469728
11.882596015930176,0.7159408981231598,[0.71609912],5.0,0.6,0.0,-0.01684844526317429,0.06729242039627573,1.4999947815611958
11.890192985534668,0.7167224929901064,[0.71679138],5.0,0.6,0.0,0.12426672525765414,0.05705301449997584,1.4999875559187652
11.901341915130615,0.7175040878570531,[0.71748088],5.0,0.6,0.0,0.03389825817631023,0.07522925754165785,1.4999990368987886
11.91101336479187,0.7180902840072632,[0.71816972],5.0,0.6,0.0,-0.11424471056558684,0.07648462492233346,1.4999890222372398
11.920215606689453,0.7188718788742098,[0.71885853],5.0,0.6,0.0,-0.25147296825444054,0.06383395661229171,1.4999528916830607
11.92830514907837,0.7196534737411566,[0.71954552],5.0,0.6,0.0,-0.3560956444042738,0.06756356306623838,1.4999032849972955
11.937417030334473,0.7204350686081032,[0.72023044],5.0,0.6,0.0,-0.4260678670972268,0.0703340083096636,1.4998565098140837
11.946760177612305,0.7212166634750498,[0.72091435],5.0,0.6,0.0,-0.46647510706022965,0.07226869177014143,1.499819767013594
11.95420527458191,0.7218028596252599,[0.721597],5.0,0.6,0.0,-0.4840873457065027,0.06149353460641522,1.4998171117980592
11.962554216384888,0.72238905577547,[0.72227703],5.0,0.6,0.0,-0.4852042204375111,0.06712009601567198,1.4998222715434437
11.972760677337646,0.7231706506424166,[0.72295456],5.0,0.6,0.0,-0.4749749311436657,0.0705103001074827,1.499822751653455
11.983625173568726,0.7241476442261,[0.72363224],5.0,0.6,0.0,-0.4573360428259328,0.08496889912890875,1.499791201484939
11.991191625595093,0.7247338403763098,[0.72431234],5.0,0.6,0.0,-0.43517461988895434,0.07052286076343905,1.4998235151662787
12.002935409545898,0.7257108339599934,[0.72499555],5.0,0.6,0.0,-0.41054551572394044,0.08486955902229959,1.4997722283904908
12.012799978256226,0.7264924288269399,[0.72568372],5.0,0.6,0.0,-0.38487480180616973,0.0826223819851579,1.4997589523404606
12.020156383514404,0.7272740236938866,[0.72637712],5.0,0.6,0.0,-0.3591276275707111,0.06750892317630838,1.4997431264356162
12.030182361602783,0.7280556185608333,[0.72707343],5.0,0.6,0.0,-0.33393826468683646,0.07000906785328889,1.4997240739198912
12.040208339691162,0.7290326121445166,[0.72777192],5.0,0.6,0.0,-0.30970723682987406,0.07087537956796415,1.4996107841969044
12.051480531692505,0.7300096057282001,[0.72847446],5.0,0.6,0.0,-0.28667220130244997,0.08449220311030094,1.4994676065651562
12.05952000617981,0.7307912005951467,[0.72918261],5.0,0.6,0.0,-0.26495886563971044,0.06801569429724702,1.4994303639701534
12.070207834243774,0.73176819417883,[0.72989509],5.0,0.6,0.0,-0.24461714472164325,0.06851644588412936,1.4992539990068425
12.080235481262207,0.7327451877625135,[0.73061076],5.0,0.6,0.0,0.05039175468955501,0.06845411897997211,1.4990873711477835
12.089496612548828,0.73352678262946,[0.73132989],5.0,0.6,0.0,0.10114873395246086,0.0690542126476989,1.4990275865750478
12.098170280456543,0.7341129787796701,[0.73205266],5.0,0.6,0.0,0.06239898406022184,0.07035461525830432,1.4991484759077767
12.106687068939209,0.7350899723633534,[0.73277914],5.0,0.6,0.0,0.0014417320508251195,0.0694966387319611,1.498932575305293
12.115194320678711,0.7356761685135634,[0.7335081],5.0,0.6,0.0,-0.05510175854310395,0.05708014266261403,1.4990580736691215
12.125181913375854,0.7364577633805102,[0.7342372],5.0,0.6,0.0,-0.09881953364590305,0.060842650809966085,1.4990070329330192
12.137086391448975,0.7374347569641935,[0.73496693],5.0,0.6,0.0,-0.12891521668727807,0.0757980269234571,1.498770339773006
12.147375106811523,0.7382163518311402,[0.7357002],5.0,0.6,0.0,-0.14735942370675997,0.07366564503522331,1.4987184283583073
12.155181646347046,0.7388025479813501,[0.73643687],5.0,0.6,0.0,-0.43281750270769326,0.059833878413200245,1.4987419140167157
12.165162563323975,0.7397795415650336,[0.73717555],5.0,0.6,0.0,-0.46878484376530016,0.07450672377059521,1.4984812046738525
12.17717957496643,0.7407565351487168,[0.73791742],5.0,0.6,0.0,-0.6879953139577061,0.07153376474568034,1.4980369557387956
12.188332557678223,0.7415381300156635,[0.73866339],5.0,0.6,0.0,-0.6402657789487805,0.06972941267400766,1.4980434731370713
12.197567701339722,0.7423197248826102,[0.73941289],5.0,0.6,0.0,-0.5079669845693491,0.06835991403058564,1.4981194519123524
12.20674991607666,0.7429059210328203,[0.74016536],5.0,0.6,0.0,-0.3674780557898687,0.06820793569558842,1.4983984827078864
12.21416687965393,0.7432967184662935,[0.74091904],5.0,0.6,0.0,-0.2466350635321929,0.05629767645675996,1.498824692712689
12.224207162857056,0.7440783133332403,[0.74167118],5.0,0.6,0.0,-0.4281569702797952,0.05939836128957001,1.498705372919655
12.233190059661865,0.744859908200187,[0.74242063],5.0,0.6,0.0,-0.3913749689030144,0.06144613601320465,1.4986966857229675
12.242295742034912,0.7454461043503969,[0.74316643],5.0,0.6,0.0,-0.28659118974493913,0.05089635922681533,1.4989000179253438
12.251924514770508,0.7462276992173437,[0.74390774],5.0,0.6,0.0,-0.17638066190437326,0.0678307587775858,1.4989009762750087
12.260190725326538,0.7468138953675537,[0.74464505],5.0,0.6,0.0,-0.0832461533349052,0.05550975318993744,1.499054508021962
12.270201444625854,0.7475954902345003,[0.74537763],5.0,0.6,0.0,-0.2883450854375882,0.058469914058833956,1.4989548167181965
12.279912233352661,0.748377085101447,[0.74610485],5.0,0.6,0.0,-0.2710078876332664,0.06035385470646176,1.49891325185435
12.289956331253052,0.748963281251657,[0.74682736],5.0,0.6,0.0,-0.182088228930111,0.06239461399900897,1.499063303101837
12.301179885864258,0.7497448761186037,[0.74754573],5.0,0.6,0.0,-0.08482869422396111,0.0629528353032368,1.4990278652194673
12.31160020828247,0.7505264709855504,[0.7482616],5.0,0.6,0.0,-0.00234508670833343,0.07520087264986136,1.4989745939999726
12.32053279876709,0.7511126671357603,[0.74897633],5.0,0.6,0.0,-0.216301431814211,0.060557385322582355,1.4990527998271748
12.32919454574585,0.7516988632859705,[0.74968877],5.0,0.6,0.0,-0.20642575923363962,0.062301768045776015,1.4991605162688073
12.337753057479858,0.7522850594361805,[0.75039799],5.0,0.6,0.0,-0.1238754456375405,0.06381281622963605,1.499276626493554
12.346272706985474,0.7528712555863905,[0.75110322],5.0,0.6,0.0,-0.03212195187004381,0.052827822730463235,1.499374234725679
12.357169151306152,0.7536528504533371,[0.75180271],5.0,0.6,0.0,-0.2304910941594249,0.0564898985803736,1.4992760872972344
12.36626148223877,0.7542390466035471,[0.75249622],5.0,0.6,0.0,-0.20578533541553673,0.06000306085272761,1.4993611696930786
12.374206304550171,0.7548252427537571,[0.75318471],5.0,0.6,0.0,-0.11147412867529939,0.06257696441263778,1.4994526237324948
12.384781122207642,0.7554114389039671,[0.7538691],5.0,0.6,0.0,-0.011331407416766241,0.06455278257560351,1.49952425513254
12.393599271774292,0.7561930337709138,[0.75455022],5.0,0.6,0.0,0.07179792136652903,0.06514237482250919,1.4994565427429667
12.405216932296753,0.7569746286378605,[0.75522885],5.0,0.6,0.0,0.13279279024756752,0.0654864765128433,1.4993775107169804
12.415374279022217,0.7577562235048073,[0.75590569],5.0,0.6,0.0,0.17347782446972748,0.06556556715223215,1.4992929373430095
12.425194501876831,0.7583424196550171,[0.75658138],5.0,0.6,0.0,0.19781120153587076,0.0665384430633094,1.4993508156234356
12.434192419052124,0.7589286158052272,[0.75725767],5.0,0.6,0.0,0.2098822689367832,0.07974085689009984,1.4994089548916048
12.443233251571655,0.7595148119554372,[0.75793605],5.0,0.6,0.0,0.21319278259207325,0.06468082444340288,1.4994677919078474
12.452561855316162,0.7602964068223839,[0.75861547],5.0,0.6,0.0,0.21049508695566202,0.06551025426623448,1.4994020663381529
12.462157011032104,0.7608826029725938,[0.75929507],5.0,0.6,0.0,0.20384936905477558,0.06706560285167067,1.4994651416163285
12.47419261932373,0.7618595965562772,[0.75997646],5.0,0.6,0.0,0.19474888195723894,0.07887394546327796,1.4992627788924615
12.48416519165039,0.7624457927064873,[0.76066101],5.0,0.6,0.0,0.1842500651434219,0.06396496062926395,1.4993378401046433
12.494239568710327,0.763227387573434,[0.76134752],5.0,0.6,0.0,0.4491231202525534,0.06486386370849695,1.4991433378377517
12.506728887557983,0.7640089824403806,[0.76203619],5.0,0.6,0.0,0.47091220052841953,0.07825003567576565,1.4990568738370962
12.516184568405151,0.7647905773073274,[0.76272956],5.0,0.6,0.0,0.6806757289279154,0.07510239046642254,1.4988060267466046
12.525205373764038,0.7655721721742741,[0.76342739],5.0,0.6,0.0,0.6269054908014886,0.05998263027556952,1.498787933583165
12.534570455551147,0.7665491657579574,[0.7641271],5.0,0.6,0.0,0.7670092188867969,0.06099001863528559,1.4983896659483258
12.543193340301514,0.7671353619081673,[0.76482773],5.0,0.6,0.0,0.6576781854507614,0.06352273539158089,1.498613650419149
12.55295467376709,0.767916956775114,[0.76552969],5.0,0.6,0.0,0.7569482766109623,0.0645565660044901,1.4984345075450525
12.562083005905151,0.768503152925324,[0.76623341],5.0,0.6,0.0,0.6194048735727054,0.06636444813090803,1.4986846710978048
12.572004318237305,0.7694801465090074,[0.76693928],5.0,0.6,0.0,0.7003462731756239,0.06591754328059024,1.498344644695996
12.582242727279663,0.7702617413759542,[0.76764765],5.0,0.6,0.0,0.5518183983476556,0.06637006383048044,1.498407615173328
12.591493844985962,0.7710433362429008,[0.76835887],5.0,0.6,0.0,0.35099989259007913,0.06674156155600275,1.4984680597431561
12.600160598754883,0.7718249311098475,[0.76907198],5.0,0.6,0.0,0.16728732105603022,0.05367249773558134,1.4984645695734242
12.610454559326172,0.7726065259767941,[0.76978622],5.0,0.6,0.0,0.29801916075945123,0.07102242974244824,1.4983443243183376
12.620134115219116,0.7733881208437408,[0.77050218],5.0,0.6,0.0,0.2255484617298785,0.056586779013971245,1.4982977866861906
12.629259824752808,0.7743651144274242,[0.77121913],5.0,0.6,0.0,0.0987093965031359,0.05872507820284862,1.4980152655129397
12.63812518119812,0.7751467092943709,[0.77193647],5.0,0.6,0.0,-0.022721373004041187,0.06098496023960992,1.497940616580214
12.647817373275757,0.7759283041613175,[0.77265496],5.0,0.6,0.0,-0.11906616860710972,0.06249690626595021,1.4978487881513969
12.655223369598389,0.7767098990282643,[0.77337397],5.0,0.6,0.0,-0.18759897542518597,0.049902196638537705,1.497750591934612
12.665663719177246,0.7778822913286844,[0.77409169],5.0,0.6,0.0,0.04413445882472304,0.05233783302966107,1.4971289485358206
12.673758506774902,0.7784684874788942,[0.77480789],5.0,0.6,0.0,0.051956297006465056,0.05637452504351832,1.4973215879355466
12.681137084960938,0.7792500823458409,[0.77552238],5.0,0.6,0.0,-0.014431023564362992,0.04484108862269006,1.4972245453008837
12.69056224822998,0.7802270759295242,[0.776235],5.0,0.6,0.0,-0.09192693006227937,0.06267940965660578,1.4968114436546842
12.702221155166626,0.7812040695132076,[0.77694817],5.0,0.6,0.0,-0.15717245583336376,0.06148944384473679,1.4963656356398602
12.714287042617798,0.7823764618136277,[0.77766522],5.0,0.6,0.0,0.07184772003477694,0.07248137495410445,1.4955668403052567
12.722794771194458,0.7829626579638376,[0.77838764],5.0,0.6,0.0,0.07520708609668406,0.05576052706494269,1.4958183844703365
12.733121871948242,0.7843304489809945,[0.77911412],5.0,0.6,0.0,0.004362906816089723,0.053717336274761475,1.4945727498736332
12.742682456970215,0.7853074425646777,[0.77984353],5.0,0.6,0.0,-0.07696677488327647,0.05352830267547668,1.4940425125686363
12.750205755233765,0.7860890374316244,[0.78057491],5.0,0.6,0.0,-0.1452965475400294,0.040437243289490145,1.4939216205133776
12.758127689361572,0.786870632298571,[0.7813062],5.0,0.6,0.0,0.08132422556892369,0.04481531142441906,1.49382163338552
12.770833253860474,0.788043024598991,[0.78203833],5.0,0.6,0.0,0.08284687713819178,0.060362847779280415,1.4928095571206503
12.779513597488403,0.7888246194659378,[0.78277345],5.0,0.6,0.0,0.01060446724787921,0.044939720377190996,1.492703348019132
12.790144205093384,0.7898016130496212,[0.78351086],5.0,0.6,0.0,-0.0717914881602563,0.04731958562379492,1.4921126828742834
12.799180269241333,0.7907786066333043,[0.78425005],5.0,0.6,0.0,-0.14094015583964176,0.049167844675322696,1.4914970231653333
12.808870315551758,0.7915602015002512,[0.78499206],5.0,0.6,0.0,-0.19099366814121743,0.051576331147138485,1.4913818539199735
12.816127061843872,0.7923417963671978,[0.78573649],5.0,0.6,0.0,-0.22309644905612724,0.03864736474739075,1.4912749000194705
12.827130794525146,0.7933187899508811,[0.78648318],5.0,0.6,0.0,-0.24064240870204393,0.05909680011412051,1.4906553021714466
12.835241556167603,0.7939049861010912,[0.7872335],5.0,0.6,0.0,-0.2472796306622037,0.045303340962814624,1.4910922426616167
12.847243309020996,0.7950773784015112,[0.7879888],5.0,0.6,0.0,-0.24617581134716626,0.06434788194336116,1.4899556353453884
12.856223583221436,0.7958589732684579,[0.78875036],5.0,0.6,0.0,-0.5158733523538812,0.048468325834570426,1.48974636258502
12.86664867401123,0.7970313655688779,[0.7895194],5.0,0.6,0.0,-0.5392975586859949,0.06778383078574021,1.488561055916284
12.878109455108643,0.7980083591525613,[0.79029864],5.0,0.6,0.0,-0.47249958134555514,0.06659060731729573,1.4880162648150166
12.888052701950073,0.7989853527362445,[0.7910905],5.0,0.6,0.0,-0.3836716815810901,0.06593112587704578,1.4875020573252329
12.897178888320923,0.799962346319928,[0.79189553],5.0,0.6,0.0,-0.30002338757236074,0.0658034308228518,1.4870026256648405
12.905137062072754,0.8007439411868746,[0.79271261],5.0,0.6,0.0,0.045702537850905306,0.049423941379616705,1.4871808406128073
12.915606498718262,0.8019163334872947,[0.79354081],5.0,0.6,0.0,0.13354274462634522,0.07131208064317632,1.4860548112881424
12.923766613006592,0.8025025296375047,[0.79438103],5.0,0.6,0.0,0.3960899574530052,0.05460946692202889,1.4867781190462424
12.931618213653564,0.8034795232211881,[0.79523235],5.0,0.6,0.0,0.38421741662299913,0.059213510581856796,1.4863790434569293
12.939909934997559,0.8042611180881346,[0.79609227],5.0,0.6,0.0,0.28162688887374865,0.04563628384907201,1.4866836158941754
12.949768543243408,0.8052381116718181,[0.79695871],5.0,0.6,0.0,0.44197620662105774,0.05355076495908361,1.486238454850471
12.960520267486572,0.8064105039722381,[0.79783344],5.0,0.6,0.0,0.37518371008813556,0.0770478858668345,1.4852897320113334
12.9691481590271,0.8073874975559214,[0.79871974],5.0,0.6,0.0,0.24343991917718638,0.057713605756927036,1.485042216725866
12.982417583465576,0.8085598898563414,[0.79961865],5.0,0.6,0.0,0.11289185271945087,0.08039354690972302,1.4841285022417257
12.990129947662354,0.8093414847232882,[0.80053102],5.0,0.6,0.0,0.006178239930013041,0.06107799486123356,1.4845949940386194
12.999125719070435,0.8103184783069715,[0.80145569],5.0,0.6,0.0,-0.07265923122743229,0.06559693380025938,1.4844090087819852
13.010562658309937,0.8116862693241282,[0.8023935],5.0,0.6,0.0,-0.12666955448469888,0.08629752431954332,1.4828652287112862
13.020162105560303,0.8126632629078115,[0.80334693],5.0,0.6,0.0,-0.16090354004544094,0.06451072933059977,1.4827717039447648
13.028168201446533,0.8134448577747583,[0.80431425],5.0,0.6,0.0,-0.18033424513079602,0.06923646460785295,1.4834404405292991
13.038493394851685,0.8146172500751782,[0.80529394],5.0,0.6,0.0,0.08689591068339551,0.07117008231024076,1.482759785832567
13.046106100082397,0.815398844942125,[0.80628456],5.0,0.6,0.0,0.1185760234956601,0.05477670140442245,1.4835127471628395
13.055301666259766,0.8163758385258082,[0.80728296],5.0,0.6,0.0,0.3430052484237048,0.06220224156403173,1.4835123231054688
13.068116903305054,0.8179390282597016,[0.80829024],5.0,0.6,0.0,0.3067037120569187,0.08452558839024397,1.481482439054781
13.076168537139893,0.8187206231266484,[0.80930916],5.0,0.6,0.0,0.4657020775969026,0.06421297665048672,1.48227943306547
13.084641218185425,0.8196976167103317,[0.81033813],5.0,0.6,0.0,0.37575053748841747,0.0688401758643241,1.4825274983437466
13.093529462814331,0.8208700090107517,[0.81137573],5.0,0.6,0.0,0.21821891393186416,0.0714098872739309,1.4820978076505307
13.103099584579468,0.8218470025944351,[0.81242258],5.0,0.6,0.0,0.342277244692317,0.07430298071773975,1.482305686771331
13.115424871444702,0.8232147936115918,[0.81347918],5.0,0.6,0.0,0.2532907712833453,0.07453711121186361,1.48117436247011
13.126121759414673,0.8243871859120117,[0.81454585],5.0,0.6,0.0,0.1095718116241238,0.07508159692900059,1.480807102807264
13.13765025138855,0.8259503756459051,[0.81562462],5.0,0.6,0.0,0.2502590916667472,0.0927515830082705,1.4788548971863045
13.145121812820435,0.8267319705128519,[0.81671703],5.0,0.6,0.0,0.1767531289066049,0.06954031810541449,1.4801167953945455
13.156134366989136,0.8280997615300084,[0.81782032],5.0,0.6,0.0,0.046122037341524716,0.06988588398112165,1.479086779230342
13.167162895202637,0.8294675525471652,[0.81893195],5.0,0.6,0.0,-0.0786369027494957,0.06971216208275191,1.47804021957685
13.178203582763672,0.8308353435643218,[0.82005341],5.0,0.6,0.0,0.0991811910631199,0.08807557861895066,1.4770108481338942
13.186131238937378,0.8318123371480053,[0.82118576],5.0,0.6,0.0,0.06341511799685923,0.06437137966518929,1.4776653112101685
13.197123289108276,0.8331801281651618,[0.82232594],5.0,0.6,0.0,-0.03509048433775974,0.06478962471425113,1.476711849913704
13.205106973648071,0.8343525204655821,[0.82347119],5.0,0.6,0.0,0.14137729483751735,0.06550923154381137,1.476582637315929
13.217511892318726,0.8357203114827386,[0.82462276],5.0,0.6,0.0,0.09512273759894795,0.08363333121439247,1.475663002304633
13.225149393081665,0.8368927037831586,[0.82578154],5.0,0.6,0.0,-0.015201518940754118,0.05929071890221161,1.475610585874319
13.233593702316284,0.8378696973668419,[0.8269444],5.0,0.6,0.0,0.1510261679930872,0.061393941721596734,1.4763932810472984
13.241097688674927,0.8388466909505254,[0.82810671],5.0,0.6,0.0,0.09686964651338659,0.04409474230664875,1.477187644361408
13.249834775924683,0.840214481967682,[0.82926454],5.0,0.6,0.0,-0.019123286752470492,0.04916297071831655,1.4763047074937836
13.257795095443726,0.8411914755513653,[0.83041638],5.0,0.6,0.0,0.14327895182674324,0.05413763434494069,1.477031707661291
13.26612114906311,0.8423638678517854,[0.83156102],5.0,0.6,0.0,0.08671030330941186,0.03775954526053486,1.476924385529783
13.277934312820435,0.8441224563024156,[0.83269746],5.0,0.6,0.0,-0.030659451274432654,0.06088657656715073,1.4742310028417478
13.288414239883423,0.8452948486028355,[0.83382853],5.0,0.6,0.0,-0.42097735490414756,0.06059269354781871,1.4739155274019486
13.29623818397522,0.8462718421865187,[0.83495669],5.0,0.6,0.0,-0.5439340728994531,0.06093998024526309,1.4744983222908161
13.304667472839355,0.8474442344869388,[0.83608036],5.0,0.6,0.0,-0.5509115038265756,0.041684043432031,1.4742772923486291
13.312484741210938,0.848421228070622,[0.8371947],5.0,0.6,0.0,-0.5126069543956628,0.02863201406762407,1.4749124778094835
13.32511830329895,0.8499844178045155,[0.83829746],5.0,0.6,0.0,-0.736886547907269,0.05450756279192655,1.4726486930103513
13.333115100860596,0.8509614113881988,[0.8393905],5.0,0.6,0.0,-0.718224114425599,0.03758906498232786,1.473194286364824
13.344568014144897,0.8523292024053557,[0.84047547],5.0,0.6,0.0,-0.6162615212405004,0.060650043295424734,1.472006379018628
13.353268384933472,0.8531107972723023,[0.84155562],5.0,0.6,0.0,-0.4994540310811981,0.06096130591103017,1.4734633329192026
13.362666845321655,0.8542831895727223,[0.84263372],5.0,0.6,0.0,-0.3940664588534729,0.05941857873819798,1.473107443441953
13.372785329818726,0.8554555818731422,[0.84371033],5.0,0.6,0.0,-0.583689301095458,0.05826395537113141,1.4725334104165677
13.38010573387146,0.8564325754568256,[0.8447859],5.0,0.6,0.0,-0.5492345254788573,0.05809276464378263,1.473011152319723
13.390876770019531,0.8576049677572457,[0.84586076],5.0,0.6,0.0,-0.4425823499732133,0.057022011102734235,1.4726459177612785
13.400098323822021,0.858581961340929,[0.84693342],5.0,0.6,0.0,-0.3276355368496827,0.038707829771574116,1.473147330593814
13.409167051315308,0.8595589549246124,[0.84800086],5.0,0.6,0.0,-0.5039644781431379,0.04423413171967823,1.473446848196473
13.418119192123413,0.8605359485082957,[0.84906231],5.0,0.6,0.0,-0.4584957800967303,0.0482068415552511,1.4738582556761952
13.427135705947876,0.861512942091979,[0.85011716],5.0,0.6,0.0,-0.344745345450521,0.03265266377428703,1.4742731688628197
13.437001466751099,0.8626853343923993,[0.8511632],5.0,0.6,0.0,-0.22648383005657158,0.03890701476431713,1.4737593085532648
13.447236061096191,0.8638577266928191,[0.85220037],5.0,0.6,0.0,-0.4025599883046737,0.04325038962648549,1.4730666103455432
13.45519471168518,0.8646393215597659,[0.85323214],5.0,0.6,0.0,-0.3590893278600501,0.06545337746360248,1.4742150055017378
13.463657140731812,0.8656163151434492,[0.85426146],5.0,0.6,0.0,-0.24887494534654542,0.04491052904725,1.474496982885516
13.471257209777832,0.8663979100103958,[0.85528734],5.0,0.6,0.0,-0.4111616773389321,0.04892016247990225,1.4754874935742568
13.479844570159912,0.8671795048773426,[0.85630723],5.0,0.6,0.0,-0.34938698931693046,0.03426355288600154,1.4765451336210482
13.489640235900879,0.8685472958944992,[0.85731902],5.0,0.6,0.0,-0.22300907090265595,0.03895951383719857,1.4750633852028994
13.49821162223816,0.8695242894781825,[0.85832266],5.0,0.6,0.0,-0.09716460794994775,0.04347815634872081,1.4752099522970816
13.508089303970337,0.8706966817786026,[0.85931984],5.0,0.6,0.0,-0.2702747500001661,0.045694972417676276,1.4743913223519263
13.518080234527588,0.8714782766455493,[0.860312],5.0,0.6,0.0,-0.2274756911930897,0.048565646053461996,1.4753326848236954
13.527091979980469,0.8724552702292327,[0.86130031],5.0,0.6,0.0,-0.1205559825890033,0.049748039051865346,1.4754096893952928
13.535074472427368,0.8734322638129159,[0.86228414],5.0,0.6,0.0,-0.011857497594007907,0.0330983388763845,1.4754501221963707
13.544155597686768,0.8742138586798627,[0.86326127],5.0,0.6,0.0,-0.19913502845773248,0.03956062837639896,1.4762641472497289
13.556073904037476,0.8753862509802827,[0.86423313],5.0,0.6,0.0,-0.16770612554367703,0.05920108683934996,1.4754075604610142
13.564253568649292,0.8761678458472293,[0.86520257],5.0,0.6,0.0,-0.06981276900030445,0.040724629847444724,1.476235769997078
13.574124574661255,0.8771448394309127,[0.86616873],5.0,0.6,0.0,-0.2443182025822369,0.043692721091990294,1.476148535781732
13.584361791610718,0.8779264342978594,[0.86713084],5.0,0.6,0.0,-0.19440983609426743,0.046671509917252954,1.4769324629237488
13.596095085144043,0.8790988265982794,[0.86809149],5.0,0.6,0.0,-0.355428257262057,0.06362473900632819,1.4759649047193668
13.60684847831726,0.8800758201819627,[0.86905438],5.0,0.6,0.0,-0.5495064649459793,0.05971468847981999,1.4757735894623136
13.616195678710938,0.8808574150489095,[0.87001942],5.0,0.6,0.0,-0.4347226271701127,0.041084010328973436,1.4766407030306508
13.62611436843872,0.8818344086325928,[0.87098325],5.0,0.6,0.0,-0.23707746840757313,0.04359886335176515,1.4766837556562111
13.636135339736938,0.8828114022162762,[0.87194617],5.0,0.6,0.0,-0.32349697451000964,0.06183273189780587,1.4765880197516559
13.647821187973022,0.8837883957999594,[0.87291155],5.0,0.6,0.0,-0.20504527316668184,0.05815918951146976,1.4765852799234935
13.657859563827515,0.8845699906669061,[0.87388055],5.0,0.6,0.0,-0.04067032300307387,0.05628105821143551,1.4774050793192632
13.668307781219482,0.8855469842505895,[0.87485249],5.0,0.6,0.0,0.10774871662565244,0.05408675911118864,1.47737653571766
13.6771080493927,0.8863285791175362,[0.87582669],5.0,0.6,0.0,0.2215373509331542,0.05336189586433169,1.478147032318761
13.68749451637268,0.8873055727012196,[0.8768025],5.0,0.6,0.0,0.2998967059976071,0.05204191965488255,1.4781117662945304
13.695087432861328,0.8878917688514296,[0.87777777],5.0,0.6,0.0,0.3483607952115577,0.0368288630546735,1.4796589192876457
13.705365180969238,0.8892595598685864,[0.8787491],5.0,0.6,0.0,0.37381010232848694,0.03880643242874338,1.4780443150633864
13.71510124206543,0.890041154735533,[0.87971518],5.0,0.6,0.0,0.382527560030022,0.04242206901536264,1.4787917205433136
13.723932266235352,0.8908227496024795,[0.88067647],5.0,0.6,0.0,0.3796107145361284,0.04523791624794031,1.4795138564447226
13.735157251358032,0.8919951419028997,[0.88163338],5.0,0.6,0.0,0.36894649548271435,0.045412912220741126,1.478654353776818
13.746148109436035,0.8929721354865829,[0.88258628],5.0,0.6,0.0,0.07734810613880881,0.04621064497230214,1.4786534030523217
13.754307746887207,0.8935583316367929,[0.88353553],5.0,0.6,0.0,0.025802790341728617,0.04857978219226332,1.4801086974389317
13.762625217437744,0.894144527787003,[0.88448144],5.0,0.6,0.0,-0.21499981893461467,0.05092593970260592,1.4814638531571585
13.773897409439087,0.8953169200874231,[0.88542431],5.0,0.6,0.0,-0.19237242344286987,0.05008760999891365,1.480590026842539
13.783852815628052,0.8960985149543697,[0.88636442],5.0,0.6,0.0,-0.36294966215659397,0.05114817412622127,1.481129867154868
13.797340393066406,0.8970755085380532,[0.88730351],5.0,0.6,0.0,-0.5589737217830122,0.06687276942639021,1.4808503081393583
13.807507753372192,0.8980525021217365,[0.88824456],5.0,0.6,0.0,-0.4432010420742154,0.06226204407631195,1.4807985479324348
13.816214084625244,0.898834096988683,[0.88918704],5.0,0.6,0.0,-0.24370820893926484,0.04405174318876549,1.4815147866896026
13.824698209762573,0.899420293138893,[0.89012746],5.0,0.6,0.0,-0.052236626189453475,0.04789499184321914,1.4828749279800544
13.83646011352539,0.9003972867225765,[0.89106587],5.0,0.6,0.0,-0.17513900695052287,0.0648991443540882,1.482712869332888
13.848130226135254,0.9013742803062598,[0.89200524],5.0,0.6,0.0,-0.09777832385542429,0.06127427738243306,1.4825903141321723
13.856232404708862,0.9019604764564698,[0.8929451],5.0,0.6,0.0,0.030541875899576326,0.044797451242579715,1.4838752992784239
13.866553783416748,0.9025466726066799,[0.89388347],5.0,0.6,0.0,0.15052369955481332,0.06419883477212392,1.485085004211936
13.876497507095337,0.9033282674736265,[0.89482156],5.0,0.6,0.0,0.24321773521675785,0.062080526899491985,1.485587371407938
13.884725332260132,0.9039144636238364,[0.89575887],5.0,0.6,0.0,0.3065946235465181,0.04623610154584129,1.4867153799932025
13.892089128494263,0.9046960584907832,[0.89669203],5.0,0.6,0.0,0.3448106461700965,0.049650081529641496,1.4871803540736541
13.901087760925293,0.9052822546409932,[0.89761821],5.0,0.6,0.0,0.36352609798373914,0.03796797992106343,1.4882228525342
13.914162397384644,0.9062592482246766,[0.89853646],5.0,0.6,0.0,0.09200575729754286,0.05837398362480006,1.4881362649110939
13.92633605003357,0.9070408430916233,[0.89945025],5.0,0.6,0.0,0.05355264674786107,0.07317066649004592,1.488540596989976
13.935113191604614,0.9076270392418332,[0.90036252],5.0,0.6,0.0,0.09681064354560866,0.05509750028827031,1.4894938761859862
13.947074890136719,0.9086040328255167,[0.90127284],5.0,0.6,0.0,0.15699886979510433,0.06980292688724642,1.4892899387457994
13.955563306808472,0.9091902289757265,[0.9021822],5.0,0.6,0.0,0.2093188805031248,0.06740109422932075,1.4901929809199324
13.964249610900879,0.9099718238426734,[0.90309003],5.0,0.6,0.0,0.2466526972062241,0.05048253491662079,1.4905276078497294
13.973094940185547,0.9103626212761465,[0.90399304],5.0,0.6,0.0,-0.006930657779016733,0.05520874663785888,1.4919184928651195
13.98327350616455,0.9113396148598301,[0.90488988],5.0,0.6,0.0,-0.029886977028663296,0.05630856382236796,1.4917140386476728
13.991731643676758,0.9117304122933033,[0.90578081],5.0,0.6,0.0,0.026138953610330504,0.05983056243756393,1.4929449276525744
14.000203371047974,0.9123166084435134,[0.9066661],5.0,0.6,0.0,0.09663857444872932,0.06198014368766559,1.4936277329802796
14.009079217910767,0.9129028045937233,[0.90754469],5.0,0.6,0.0,0.15724413267865267,0.04935995127615622,1.4942561666226646
14.01708197593689,0.9134890007439334,[0.90841304],5.0,0.6,0.0,0.20126181709282293,0.04072034997693204,1.494830034085821
14.025079727172852,0.9140751968941434,[0.9092683],5.0,0.6,0.0,0.2291597042945094,0.04963835755510359,1.4953503179167216
14.033978939056396,0.9146613930443533,[0.91011093],5.0,0.6,0.0,-0.03222185790475228,0.056534028232525554,1.4958664442345329
14.046096563339233,0.9154429879113001,[0.91094286],5.0,0.6,0.0,-0.060663884019727866,0.060702315881207565,1.495955219378803
14.057671070098877,0.9162245827782467,[0.91176724],5.0,0.6,0.0,-0.007967427945479406,0.07816037408300992,1.4960342568651654
14.067221879959106,0.9168107789284567,[0.91258821],5.0,0.6,0.0,-0.21509945780374298,0.07719582423930488,1.4964058959561317
14.076087713241577,0.9173969750786667,[0.91340659],5.0,0.6,0.0,-0.1879216212868769,0.06223004209787208,1.4967941399910274
14.086554527282715,0.9181785699456134,[0.91422173],5.0,0.6,0.0,-0.0882047372799938,0.0799917985673145,1.4968677954879979
14.096054792404175,0.9185693673790868,[0.9150359],5.0,0.6,0.0,0.01698196890473707,0.08018822033854923,1.4975058275856001
14.107426166534424,0.9193509622460335,[0.91585102],5.0,0.6,0.0,0.10374070002878717,0.07893595832934268,1.4975450723503985
14.11636734008789,0.9199371583962435,[0.91666734],5.0,0.6,0.0,0.16683657586936584,0.07899973094328289,1.4978432220330258
14.125035285949707,0.9207187532631901,[0.91748367],5.0,0.6,0.0,0.20832275698853597,0.06381690407013475,1.4978767259127732
14.138578176498413,0.9215003481301368,[0.91829897],5.0,0.6,0.0,0.23246836891090478,0.08207417294047534,1.4979121099110573
14.146666049957275,0.9220865442803469,[0.91911512],5.0,0.6,0.0,0.24365303085972229,0.08166833974517651,1.4981914937068048
14.155059576034546,0.9226727404305568,[0.9199323],5.0,0.6,0.0,0.24561534477646957,0.06706169178700558,1.4984542187282912
14.165811777114868,0.9234543352975034,[0.92074792],5.0,0.6,0.0,0.5173261985240609,0.07033525597653192,1.4983369516535676
14.176460981369019,0.9242359301644503,[0.92156249],5.0,0.6,0.0,0.5420247458241761,0.08703347866029458,1.4983529143392302
14.186048030853271,0.9248221263146603,[0.9223778],5.0,0.6,0.0,0.4759883095112955,0.07124571756070462,1.4986371436683208
14.196598768234253,0.9256037211816069,[0.92319396],5.0,0.6,0.0,0.3875702716603414,0.08766072750793442,1.4987274845287297
14.205059051513672,0.9261899173318169,[0.92401102],5.0,0.6,0.0,0.3040939420458849,0.07203139746594406,1.4989821007096267
14.215397834777832,0.9269715121987636,[0.92482897],5.0,0.6,0.0,0.23442021780577676,0.08838667610397759,1.4990414192627595
14.224926948547363,0.9275577083489737,[0.92564776],5.0,0.6,0.0,0.1796158974881525,0.07280398667263992,1.499246673563821
14.235535383224487,0.9283393032159203,[0.92646731],5.0,0.6,0.0,0.13785695532407255,0.08902519685466927,1.499285223990789
14.243602275848389,0.9289254993661303,[0.92728746],5.0,0.6,0.0,0.1065785404727094,0.07351628089046557,1.4994550550876677
14.252188444137573,0.9295116955163404,[0.92810544],5.0,0.6,0.0,0.08333881175213254,0.062558777432508,1.4995993963467182
14.260109663009644,0.9300978916665504,[0.92891754],5.0,0.6,0.0,0.06610302268154662,0.06919559769735895,1.4997181409649025
14.272059679031372,0.9308794865334971,[0.92972461],5.0,0.6,0.0,0.05328206582949263,0.086954407645583,1.4997311747442956
14.281062841415405,0.931465682683707,[0.93052868],5.0,0.6,0.0,0.04367928196375351,0.07269462159918386,1.4998229993335213
14.289850234985352,0.932051878833917,[0.93132884],5.0,0.6,0.0,0.03641312735052152,0.07637915272179065,1.4998944600205162
14.298195362091064,0.9326380749841271,[0.93212429],5.0,0.6,0.0,0.030842979204907545,0.07914307900451932,1.4999464989718203
14.307236433029175,0.9332242711343369,[0.93291439],5.0,0.6,0.0,0.026507157539075996,0.06758496955397031,1.4999802720825435
14.317624807357788,0.9340058660012838,[0.93369854],5.0,0.6,0.0,0.02307450922576433,0.08539524341255555,1.4999807142935004
14.327447175979614,0.9345920621514938,[0.93447875],5.0,0.6,0.0,0.020307991800793686,0.08529015519286838,1.4999971248639477
14.33614468574524,0.9351782583017039,[0.93525663],5.0,0.6,0.0,0.01803791093100624,0.08505841368575146,1.499998529318239
14.34725308418274,0.9359598531686504,[0.93603224],5.0,0.6,0.0,0.016142543066064496,0.08389559451646272,1.4999987581611327
14.356492519378662,0.9365460493188604,[0.9368055],5.0,0.6,0.0,-0.26150411751244307,0.08382428930626773,1.4999356346105948
14.36606502532959,0.9371322454690706,[0.93757627],5.0,0.6,0.0,-0.2960134197459733,0.08368317308284336,1.4998953466929448
14.376466274261475,0.9379138403360172,[0.93834431],5.0,0.6,0.0,-0.24212356413110045,0.0823994310457671,1.499919301807468
14.38788890838623,0.9385000364862272,[0.93910933],5.0,0.6,0.0,-0.1671027694862911,0.08212704077357638,1.4999049698381401
14.396047830581665,0.9390862326364372,[0.93986984],5.0,0.6,0.0,-0.09752653022252505,0.06974053429796238,1.4998701185449825
14.405086755752563,0.9394770300699106,[0.94062342],5.0,0.6,0.0,-0.04175260488889278,0.07392595888647872,1.4997358939071974
14.416738271713257,0.940454023653594,[0.94137016],5.0,0.6,0.0,-0.0005190391954943974,0.08561332900173596,1.49983215091656
14.426382064819336,0.9408448210870671,[0.94211226],5.0,0.6,0.0,0.028204381682349202,0.084223309942356,1.4996781806389445
14.436068534851074,0.9414310172372772,[0.9428493],5.0,0.6,0.0,-0.22893472629607153,0.07139041147383868,1.4995587645180692
14.448527812957764,0.9422126121042239,[0.94357975],5.0,0.6,0.0,-0.25047956165607554,0.08314801044998528,1.4995795525210658
14.45906138420105,0.9427988082544339,[0.94430431],5.0,0.6,0.0,-0.465102127453365,0.08101605514152722,1.4993857910548254
14.469069004058838,0.9433850044046439,[0.94502344],5.0,0.6,0.0,-0.41949784974184584,0.07908125475962226,1.4993322698452414
14.477047204971313,0.9437758018381173,[0.94573545],5.0,0.6,0.0,-0.2937313669887852,0.0682158957450733,1.4991680308342907
14.4901864528656,0.9443619979883273,[0.94643883],5.0,0.6,0.0,-0.4385618692102377,0.07986835071401753,1.4989945699668397
14.50342059135437,0.9449481941385374,[0.94713499],5.0,0.6,0.0,-0.6377440627408835,0.08731693670315566,1.4987413763752941
14.515231609344482,0.9455343902887473,[0.94782586],5.0,0.6,0.0,-0.5328915956706913,0.0824425523204355,1.4987390389106783
14.526036500930786,0.9459251877222207,[0.94851112],5.0,0.6,0.0,-0.6197055971610099,0.07964978403745449,1.4983776858760909
14.53871488571167,0.9465113838724306,[0.94919029],5.0,0.6,0.0,-0.7443050740787144,0.085402229784252,1.49815350324325
14.547131061553955,0.9469021813059041,[0.94986362],5.0,0.6,0.0,-0.5724275529020438,0.08131068675411166,1.498003647152562
14.55607008934021,0.9472929787393772,[0.95052968],5.0,0.6,0.0,-0.6069103964064223,0.07015139588005735,1.4976328286912743
14.566957473754883,0.9474883774561141,[0.95118635],5.0,0.6,0.0,-0.41796825263669124,0.07974346039251248,1.4971387093554518
14.575056076049805,0.9478791748895873,[0.95183263],5.0,0.6,0.0,-0.4640050109279939,0.06986787501955469,1.4967186712786096
14.58385682106018,0.9482699723230607,[0.95246697],5.0,0.6,0.0,-0.2953515717977903,0.07082102133574113,1.4964183038219734
14.592092752456665,0.9484653710397973,[0.95308809],5.0,0.6,0.0,-0.36210618334969535,0.0727399405106821,1.4956376171712038
14.604114770889282,0.9488561684732707,[0.95369572],5.0,0.6,0.0,-0.21159517714751488,0.07340242896622942,1.4952933744930132
14.613856792449951,0.9492469659067441,[0.95428973],5.0,0.6,0.0,-0.2932209507598265,0.07404263666052802,1.4948630227154551
14.624157428741455,0.9494423646234808,[0.9548701],5.0,0.6,0.0,-0.15452885939828642,0.07545087970365855,1.4941074963678678
14.632590055465698,0.9496377633402174,[0.95543691],5.0,0.6,0.0,-0.24542992623975043,0.07690686125779392,1.4932517133473147
14.640138864517212,0.949833162056954,[0.95598968],5.0,0.6,0.0,-0.1140052685291509,0.07089993364162701,1.4924384413265694
14.64802885055542,0.9500285607736906,[0.95652746],5.0,0.6,0.0,0.06540565074455151,0.07433360679181206,1.491585257534595
14.658201217651367,0.9502239594904275,[0.95705027],5.0,0.6,0.0,-0.0506431559080312,0.0772734706842003,1.4907216793719547
14.66854214668274,0.9504193582071641,[0.95755896],5.0,0.6,0.0,-0.2391730031740064,0.07974008088301036,1.4898144202741996
14.678539276123047,0.9506147569239006,[0.95805439],5.0,0.6,0.0,-0.1363126388201873,0.08173628467344818,1.4889775953330469
14.689025640487671,0.9508101556406374,[0.9585374],5.0,0.6,0.0,-0.2335707035648619,0.08359211715088569,1.4880883549557757
14.699110269546509,0.9510055543573741,[0.95900886],5.0,0.6,0.0,-0.09794666205629761,0.08516763252017205,1.4872639707774087
14.713094234466553,0.9512009530741107,[0.95947027],5.0,0.6,0.0,-0.18796614995482555,0.09363996090422881,1.4863904662989191
14.723071336746216,0.9512009530741107,[0.95992362],5.0,0.6,0.0,-0.055245198143574106,0.09383977677996948,1.4848959331514184
14.733350276947021,0.9513963517908475,[0.96037003],5.0,0.6,0.0,-0.15139422289087817,0.09375897615681834,1.4840065435489078
14.741000652313232,0.951591750507584,[0.96080989],5.0,0.6,0.0,-0.025115975034673527,0.09380926509174368,1.483148321128774
14.751327514648438,0.951591750507584,[0.96124355],5.0,0.6,0.0,-0.12694598047108013,0.09532597720136664,1.4815290337132254
14.759462356567383,0.9517871492243207,[0.96167079],5.0,0.6,0.0,-0.005317430990459254,0.08906631873948158,1.4806523333811399
14.770012855529785,0.9517871492243207,[0.96209082],5.0,0.6,0.0,0.16521915794401731,0.09276514109804855,1.478970375239011
14.779113054275513,0.9519825479410575,[0.96250373],5.0,0.6,0.0,0.3171195537897499,0.09498542965475203,1.4780293446778185
14.787601709365845,0.9519825479410575,[0.96291027],5.0,0.6,0.0,0.15431422592605998,0.09771028417975218,1.476382196633207
14.79500150680542,0.9521779466577941,[0.96331048],5.0,0.6,0.0,0.19529325628960623,0.09246987297514986,1.475489610839619
14.804025173187256,0.9521779466577941,[0.96370385],5.0,0.6,0.0,0.2917613151577733,0.09660490485542882,1.4737172060967434
14.813690423965454,0.9523733453745308,[0.96409061],5.0,0.6,0.0,0.38426677423758826,0.09894471782243874,1.4728048149312798
14.822005033493042,0.9523733453745308,[0.96447159],5.0,0.6,0.0,0.45330903766953545,0.10165144327924491,1.470997856898672
14.830281972885132,0.952764142808004,[0.96484695],5.0,0.6,0.0,0.49623841359876286,0.09563965771713463,1.4710400402160513
14.840018033981323,0.952764142808004,[0.96521624],5.0,0.6,0.0,0.5166479973623783,0.09941901290866835,1.4692663225769924
14.85001277923584,0.9529595415247408,[0.96557968],5.0,0.6,0.0,0.5197286111652288,0.10158556807316699,1.4684473911424298
14.860441446304321,0.9531549402414774,[0.96593864],5.0,0.6,0.0,0.510407236684191,0.10947736058514759,1.4676498593982317
14.872084617614746,0.9531549402414774,[0.96629489],5.0,0.6,0.0,0.4927385962869265,0.1097907677827099,1.465877050658544
14.880210161209106,0.9531549402414774,[0.96664873],5.0,0.6,0.0,0.46982631478467335,0.1042505448862529,1.464074315587024
14.891475915908813,0.9533503389582141,[0.96699983],5.0,0.6,0.0,0.4439409985546277,0.11173612668572275,1.463277243928738
14.90064024925232,0.9535457376749508,[0.96734897],5.0,0.6,0.0,0.4166892832432858,0.11105098344478634,1.462481835719787
14.910513162612915,0.9537411363916874,[0.96769673],5.0,0.6,0.0,0.3891751419380002,0.11050109359999286,1.4616843978338496
14.920260667800903,0.953936535108424,[0.96804251],5.0,0.6,0.0,0.3621340846074138,0.1045094179130149,1.4608881083460843
14.92952036857605,0.9541319338251608,[0.96838522],5.0,0.6,0.0,0.6120759118728851,0.10572162958897731,1.4599043343625433
14.938598394393921,0.9541319338251608,[0.96872441],5.0,0.6,0.0,0.6203340101766925,0.10757318635536114,1.4580196747491319
14.946030855178833,0.9543273325418974,[0.96906018],5.0,0.6,0.0,0.5417569009549968,0.10815377036665193,1.4572989903927671
14.955633163452148,0.9545227312586343,[0.96939255],5.0,0.6,0.0,0.7196857825294365,0.10827401871241986,1.4563558278493733
14.96534013748169,0.9547181299753709,[0.96972104],5.0,0.6,0.0,0.6617285165720508,0.10337519515121835,1.455654949576369
14.973014116287231,0.9549135286921074,[0.97004473],5.0,0.6,0.0,0.5308870494424586,0.1048712605015904,1.4550321479596238
14.984009027481079,0.9551089274088441,[0.9703633],5.0,0.6,0.0,0.39506610369672834,0.10582280576583938,1.4544109758603005
14.993140935897827,0.9551089274088441,[0.97067689],5.0,0.6,0.0,0.27870695228392794,0.10735149023233306,1.4526259356021327
15.003166913986206,0.9554997248423175,[0.97098556],5.0,0.6,0.0,0.18737825398735747,0.10662624753393966,1.4531436776142292
15.010988712310791,0.9554997248423175,[0.97128934],5.0,0.6,0.0,0.11921327522271129,0.10766995350016922,1.4513497491721667
15.021422147750854,0.9556951235590542,[0.97158822],5.0,0.6,0.0,0.0700278008099571,0.10752269083862805,1.450733068370403
15.03099012374878,0.9558905222757909,[0.97188213],5.0,0.6,0.0,0.3114969930058957,0.10706037758512606,1.4500674180073752
15.038995504379272,0.9560859209925274,[0.97217063],5.0,0.6,0.0,0.3209015177378548,0.10278905460339899,1.4494957110950877
15.04801630973816,0.9562813197092642,[0.97245295],5.0,0.6,0.0,0.24994354163448362,0.10356905555282202,1.4489935038520474
15.057057619094849,0.9562813197092642,[0.97272849],5.0,0.6,0.0,0.1635915332221652,0.10126784400909843,1.4473156653143961
15.065165042877197,0.9564767184260008,[0.97299675],5.0,0.6,0.0,-0.18931193007264144,0.10275885644852689,1.4468539173744415
15.077188968658447,0.9566721171427376,[0.97325797],5.0,0.6,0.0,-0.2826832009740436,0.10695889839320301,1.4464085330177525
15.084998607635498,0.9568675158594742,[0.97351269],5.0,0.6,0.0,-0.2713523660418168,0.1029613190629481,1.446040092234792
15.094000101089478,0.9570629145762107,[0.97376075],5.0,0.6,0.0,-0.22520408327577934,0.10318271454401931,1.4457250178947851
15.105010509490967,0.9570629145762107,[0.97400196],5.0,0.6,0.0,-0.17391030703349508,0.1041845739260147,1.4442068007122133
15.115009546279907,0.9572583132929476,[0.97423649],5.0,0.6,0.0,-0.12861857569349078,0.10398941055671017,1.4439663546658292
15.123836517333984,0.9574537120096842,[0.9744645],5.0,0.6,0.0,-0.09232150885829798,0.10365650107976028,1.4437631167555243
15.13401198387146,0.9574537120096842,[0.97468633],5.0,0.6,0.0,-0.34074766826472347,0.1069583961060284,1.4422502911088544
15.143986463546753,0.9576491107264208,[0.97490229],5.0,0.6,0.0,-0.3535264045358704,0.10311904503933576,1.442110054140807
15.15389108657837,0.9576491107264208,[0.97511215],5.0,0.6,0.0,-0.2837563938115113,0.10374454719459575,1.4407712732537301
15.164032936096191,0.9578445094431576,[0.97531571],5.0,0.6,0.0,-0.19725691186649022,0.1033015962451988,1.4407486058620884
15.174139738082886,0.9578445094431576,[0.97551325],5.0,0.6,0.0,-0.39547671849425126,0.10611858691435884,1.4393559631272432
15.183997869491577,0.9578445094431576,[0.97570502],5.0,0.6,0.0,-0.36693029248256037,0.10373516050333281,1.4380928329881377
15.192531824111938,0.9580399081598941,[0.97589082],5.0,0.6,0.0,-0.5424241566720787,0.10346683877980657,1.438038376651707
15.202005386352539,0.9578445094431576,[0.9760705],5.0,0.6,0.0,-0.4677277105516319,0.10497199231274941,1.4355587109141013
15.212684869766235,0.9580399081598941,[0.97624414],5.0,0.6,0.0,-0.32104957674764345,0.104409766515399,1.4357931761840255
15.219996690750122,0.9578445094431576,[0.97641165],5.0,0.6,0.0,-0.17520959001133943,0.10389088438735801,1.4333525892232597
15.228010416030884,0.9578445094431576,[0.97657283],5.0,0.6,0.0,-0.3312849287092713,0.10501755304398966,1.432172280065841
15.237388372421265,0.9578445094431576,[0.97672771],5.0,0.6,0.0,-0.27490890902122833,0.10585657452198034,1.4311121938207267
15.245991945266724,0.9580399081598941,[0.97687639],5.0,0.6,0.0,-0.15753608876537564,0.10384682127775686,1.431478228647349
15.254033088684082,0.9580399081598941,[0.97701883],5.0,0.6,0.0,-0.31697106118879675,0.10506476498776754,1.430419016579262
15.264025211334229,0.9578445094431576,[0.97715518],5.0,0.6,0.0,-0.2554034856815468,0.1069600400421106,1.428084263287803
15.273215532302856,0.9580399081598941,[0.97728581],5.0,0.6,0.0,-0.13130608725881968,0.10673755976142736,1.4285836623243153
15.283030986785889,0.9578445094431576,[0.97741105],5.0,0.6,0.0,-0.009076918510521476,0.1082216799570989,1.4262881246504966
15.293002605438232,0.9578445094431576,[0.9775312],5.0,0.6,0.0,0.08943606124255925,0.10871340616912573,1.4254089109062051
15.303178310394287,0.9580399081598941,[0.97764658],5.0,0.6,0.0,0.1605217292511857,0.10823730045342535,1.4259778111354018
15.313394784927368,0.9580399081598941,[0.9777575],5.0,0.6,0.0,0.20734326520544433,0.1086190013635004,1.4251575388140392
15.323555707931519,0.9578445094431576,[0.97786426],5.0,0.6,0.0,0.23496753962442124,0.11001471379006544,1.4229293477368534
15.331039428710938,0.9578445094431576,[0.97796703],5.0,0.6,0.0,0.24834207321393867,0.10901402024125921,1.4221632747554829
15.341722965240479,0.9580399081598941,[0.97806603],5.0,0.6,0.0,0.251606923995795,0.11040782175031377,1.4228762335149057
15.351968765258789,0.9580399081598941,[0.97816173],5.0,0.6,0.0,0.247976852177082,0.11082119919982349,1.4221686108134957
15.363024234771729,0.9578445094431576,[0.97825464],5.0,0.6,0.0,0.23984060670041624,0.11228744595974752,1.4200187739914334
15.371102809906006,0.9578445094431576,[0.97834494],5.0,0.6,0.0,0.2289211726660511,0.11125737587396393,1.4193430320068239
15.379622459411621,0.9578445094431576,[0.97843272],5.0,0.6,0.0,0.216433190310644,0.1122831646510328,1.4186841796765477
15.388416290283203,0.9580399081598941,[0.97851826],5.0,0.6,0.0,0.20321565375966033,0.11226837080501846,1.4195176491414532
15.396362781524658,0.9580399081598941,[0.978602],5.0,0.6,0.0,0.18983594485727248,0.11316897557517801,1.4188897788168555
15.404994487762451,0.9580399081598941,[0.97868435],5.0,0.6,0.0,0.1766681298108989,0.1139430057184957,1.4182698960844529
15.415988206863403,0.9578445094431576,[0.97876574],5.0,0.6,0.0,0.16395041188724194,0.11572385042448645,1.4161626104849336
15.424987316131592,0.9580399081598941,[0.97884638],5.0,0.6,0.0,0.15182658669994772,0.11368480692910314,1.4170433293979818
15.43595838546753,0.9580399081598941,[0.97892634],5.0,0.6,0.0,0.14037560271894903,0.11491853760274844,1.4164345704288568
15.448274612426758,0.9580399081598941,[0.97900604],5.0,0.6,0.0,0.12963245333013937,0.11781998405595626,1.4158255378761488
15.455965280532837,0.9580399081598941,[0.97908619],5.0,0.6,0.0,0.11960283562392705,0.11816393189111589,1.4152108178547826
15.464438199996948,0.9580399081598941,[0.97916706],5.0,0.6,0.0,0.11027336845620422,0.11663354154124157,1.4145883784078237
15.474299430847168,0.9578445094431576,[0.97924852],5.0,0.6,0.0,0.10161866810226788,0.11854989779566673,1.4124383795322193
15.485208511352539,0.9578445094431576,[0.97933081],5.0,0.6,0.0,0.09360621171239156,0.12128838568978677,1.4117956260998235
15.498000621795654,0.9580399081598941,[0.97941449],5.0,0.6,0.0,0.0861996500524705,0.12045987196692111,1.4126702545122787
15.506977796554565,0.9580399081598941,[0.97949964],5.0,0.6,0.0,0.07936103741035017,0.11869511104987458,1.4120055917106527
15.5225510597229,0.9580399081598941,[0.97958629],5.0,0.6,0.0,0.07305230830504045,0.12317128435171824,1.4113268615527332
15.533341646194458,0.9580399081598941,[0.97967493],5.0,0.6,0.0,0.06723623252893203,0.12265180011627046,1.4106300727143433
15.543381929397583,0.9580399081598941,[0.97976576],5.0,0.6,0.0,0.06187701073193986,0.1223324814573434,1.4099135454305527
15.554028272628784,0.9578445094431576,[0.97985856],5.0,0.6,0.0,0.056940623928868325,0.12322970191277569,1.4076228296281499
15.56400179862976,0.9580399081598941,[0.9799531],5.0,0.6,0.0,0.05239501599927651,0.12220121408877029,1.4084278507023564
15.57460880279541,0.9578445094431576,[0.9800491],5.0,0.6,0.0,0.0482101641815762,0.12318659583191775,1.4060953643165064
15.583416938781738,0.9580399081598941,[0.98014632],5.0,0.6,0.0,0.044358075707089085,0.1222978611424912,1.4068844210976188
15.594649076461792,0.9580399081598941,[0.98024445],5.0,0.6,0.0,0.04081273693078419,0.12239251148883959,1.406096290221268
15.603312730789185,0.9580399081598941,[0.98034322],5.0,0.6,0.0,0.037550033081622435,0.12255325777505767,1.405300136965404
15.614332675933838,0.9580399081598941,[0.98044236],5.0,0.6,0.0,0.034547651013362046,0.12265806867858922,1.4044981842573465
15.62395167350769,0.9578445094431576,[0.98054158],5.0,0.6,0.0,0.03178497333936101,0.12375700574470068,1.4020978828753679
15.634275913238525,0.9578445094431576,[0.9806406],5.0,0.6,0.0,0.029242969558299324,0.12395061003108161,1.401285609931927
15.645967483520508,0.9580399081598941,[0.98073917],5.0,0.6,0.0,0.026904087854466262,0.12311352477069654,1.4020801963459306
15.654994487762451,0.9580399081598941,[0.98083701],5.0,0.6,0.0,0.024752149928975523,0.12322728583599177,1.4012774807060677
15.66396689414978,0.9578445094431576,[0.98093389],5.0,0.6,0.0,0.022772250306806567,0.12430909531312899,1.3988632682227602
15.671977281570435,0.9578445094431576,[0.98102946],5.0,0.6,0.0,0.020950660942837603,0.12333466003489797,1.3980686237529911
15.685481548309326,0.9578445094431576,[0.98112353],5.0,0.6,0.0,0.01927474152984913,0.12602322400826105,1.3972840174894083
15.696248531341553,0.9578445094431576,[0.98121619],5.0,0.6,0.0,0.017732855631185943,0.125714429614932,1.3965086116732714
15.704167127609253,0.9578445094431576,[0.98130735],5.0,0.6,0.0,0.016314292577307342,0.12458282102559491,1.3957434503224952
15.712068557739258,0.9578445094431576,[0.98139653],5.0,0.6,0.0,0.015009194948758563,0.12380927989451271,1.394992728649936
15.72640085220337,0.9578445094431576,[0.98148347],5.0,0.6,0.0,0.013808491397205185,0.12616744743383182,1.3942586399055075
15.734535932540894,0.9580399081598941,[0.98156824],5.0,0.6,0.0,0.012703834516472993,0.1240970681820044,1.3951924005777394
15.742993116378784,0.9580399081598941,[0.98165072],5.0,0.6,0.0,0.011687543456886653,0.12426872206592046,1.3944965851689883
15.753013610839844,0.9580399081598941,[0.98173072],5.0,0.6,0.0,0.010752550971548043,0.12442610135983236,1.3938198550508623
15.762573957443237,0.9578445094431576,[0.98180818],5.0,0.6,0.0,0.009892354587672972,0.12552297254920855,1.391498465788803
15.77102255821228,0.9578445094431576,[0.98188297],5.0,0.6,0.0,0.009100971606353349,0.12495649077240585,1.3908586071212619
15.779978513717651,0.9580399081598941,[0.98195493],5.0,0.6,0.0,0.008372897647831067,0.12434982023569406,1.3919138260667183
15.789908409118652,0.9578445094431576,[0.98202404],5.0,0.6,0.0,0.007703068474994799,0.1256069116261914,1.389647503540871
15.799997806549072,0.9578445094431576,[0.98209032],5.0,0.6,0.0,0.007086824844288369,0.12584306030888232,1.3890766117577824
15.809011459350586,0.9578445094431576,[0.98215382],5.0,0.6,0.0,0.00651988014985051,0.12602927520378066,1.3885284786647392
15.81743574142456,0.9578445094431576,[0.98221461],5.0,0.6,0.0,0.005998290643036126,0.12619822002967243,1.3880027523688516
15.824973583221436,0.9578445094431576,[0.98227271],5.0,0.6,0.0,0.005518428025214796,0.12577776553075362,1.3874994401043768
15.835809707641602,0.9580399081598941,[0.98232813],5.0,0.6,0.0,0.005076954226732698,0.12565021783631253,1.3887106833775948
15.84898042678833,0.9578445094431576,[0.98238107],5.0,0.6,0.0,0.004670798199068642,0.12719829737311686,1.3865581709476327
15.860444068908691,0.9578445094431576,[0.98243174],5.0,0.6,0.0,0.004297134560475342,0.12704717763462758,1.3861169053097606
15.867990732192993,0.9578445094431576,[0.98248015],5.0,0.6,0.0,0.003953363947769846,0.12728531104261587,1.3856946794995602
15.87800121307373,0.9578445094431576,[0.9825262],5.0,0.6,0.0,0.0036370949384410393,0.12722977290859963,1.385292535046679
15.88595962524414,0.9580399081598941,[0.98256989],5.0,0.6,0.0,0.0033461274179107043,0.12621233385958136,1.3866153950856381
15.894994497299194,0.9578445094431576,[0.98261135],5.0,0.6,0.0,0.0030784372766593055,0.12717782534438288,1.3845473326443056
15.904964923858643,0.9580399081598941,[0.98265069],5.0,0.6,0.0,0.002832162331053583,0.12625814554065007,1.3859115815926861
15.91354775428772,0.9580399081598941,[0.982688],5.0,0.6,0.0,0.0026055893701382084,0.12586287160437046,1.3855860021503654
15.921141862869263,0.9578445094431576,[0.98272332],5.0,0.6,0.0,0.0023971422384253894,0.1269965655446794,1.3835644052718592
15.928930759429932,0.9578445094431576,[0.98275672],5.0,0.6,0.0,0.002205370871880127,0.1267431141102222,1.3832706538195914
15.940449953079224,0.9580399081598941,[0.98278827],5.0,0.6,0.0,0.00202894121089986,0.12637200326589246,1.3847091634484843
15.947980642318726,0.9580399081598941,[0.98281813],5.0,0.6,0.0,0.0018666259201669698,0.12603767772199226,1.3844475781297652
15.960058689117432,0.9580399081598941,[0.9828464],5.0,0.6,0.0,0.0017172958508509773,0.12654466581700247,1.384199629574359
15.971999168395996,0.9578445094431576,[0.98287326],5.0,0.6,0.0,0.0015799121857910554,0.12778172485400627,1.3822430639457655
15.984210729598999,0.9580399081598941,[0.98289891],5.0,0.6,0.0,0.0014535192130334818,0.12705459676233738,1.3837385747917872
15.993550539016724,0.9580399081598941,[0.98292347],5.0,0.6,0.0,0.0013372376774648002,0.12660426256756685,1.383522701350158
16.00254487991333,0.9578445094431576,[0.98294696],5.0,0.6,0.0,0.0012302586642994138,0.12760243123719173,1.3815913962328714
16.01297879219055,0.9580399081598941,[0.98296942],5.0,0.6,0.0,0.0011318379718777208,0.12663392936555565,1.3831182938249011
16.02250361442566,0.9578445094431576,[0.9829909],5.0,0.6,0.0,0.0010412909346330824,0.12759085969087616,1.381202139018305
16.029959678649902,0.9578445094431576,[0.98301144],5.0,0.6,0.0,0.0009579876602163432,0.12741903703700164,1.3810200565635737
16.039968252182007,0.9580399081598941,[0.98303105],5.0,0.6,0.0,0.0008813486476467718,0.1265486903450564,1.3825751003169877
16.049959421157837,0.9578445094431576,[0.98304976],5.0,0.6,0.0,0.0008108407560084451,0.12756481490156424,1.38068001331313
16.061366319656372,0.9580399081598941,[0.98306765],5.0,0.6,0.0,0.0007459734956491587,0.12682475081439915,1.3822519585544293
16.069201469421387,0.9578445094431576,[0.98308479],5.0,0.6,0.0,0.000686295616082198,0.12759603305248454,1.3803688476151517
16.079968214035034,0.9580399081598941,[0.98310121],5.0,0.6,0.0,0.0006313919668551032,0.1269024487645326,1.3819554605056439
16.08894968032837,0.9580399081598941,[0.98311696],5.0,0.6,0.0,0.0005808806095483315,0.12670123983313794,1.3818161810207237
16.09898352622986,0.9580399081598941,[0.98313206],5.0,0.6,0.0,0.0005344101608136108,0.12679375300038598,1.3816825156920842
16.10697340965271,0.9580399081598941,[0.98314655],5.0,0.6,0.0,0.0004916573479689247,0.1267761315566942,1.3815542614759975
16.11755609512329,0.9578445094431576,[0.98316046],5.0,0.6,0.0,0.0004523247601456917,0.12777854861304502,1.37969552101438
16.124974012374878,0.9578445094431576,[0.98317379],5.0,0.6,0.0,0.0004161387793440329,0.12769520313783822,1.3795767214689798
16.133949279785156,0.9580399081598941,[0.98318656],5.0,0.6,0.0,0.0003828476770035085,0.12679778313970447,1.3811998241741208
16.143591165542603,0.9578445094431576,[0.9831988],5.0,0.6,0.0,0.0003522198628481269,0.1277814317083813,1.3793537315736804
16.15096354484558,0.9580399081598941,[0.98321052],5.0,0.6,0.0,0.00032404227382370544,0.12674272213180493,1.3809873850821672
16.163461923599243,0.9578445094431576,[0.98322175],5.0,0.6,0.0,0.00029811889192020923,0.12792099642788654,1.3791490355848155
16.17318105697632,0.9578445094431576,[0.98323252],5.0,0.6,0.0,0.00027426938056827313,0.1279280369566886,1.3790528611751949
16.18469786643982,0.9578445094431576,[0.98324289],5.0,0.6,0.0,0.00025232783012398734,0.12798975632716184,1.378960293012722
16.19447088241577,0.9580399081598941,[0.98325288],5.0,0.6,0.0,0.0002321416037148916,0.12699696959583143,1.3806114592635381
16.20297336578369,0.9580399081598941,[0.98326251],5.0,0.6,0.0,0.00021357027541827673,0.12704763178526787,1.3805259198791477
16.21107816696167,0.9578445094431576,[0.98327179],5.0,0.6,0.0,0.00019648465338521792,0.12789830326113844,1.378702084046865
16.224018096923828,0.9578445094431576,[0.98328076],5.0,0.6,0.0,0.00018076588111468257,0.12818119760709673,1.378621968286044
16.232203245162964,0.9580399081598941,[0.98328943],5.0,0.6,0.0,0.00016630461062570575,0.12705325950819835,1.3802866302322963
16.241941690444946,0.9578445094431576,[0.98329783],5.0,0.6,0.0,0.00015300024177578768,0.12804219599167355,1.3784692774040073
16.253901481628418,0.9578445094431576,[0.98330596],5.0,0.6,0.0,0.00014076022243382172,0.12803530097015517,1.3783966140007495
16.262726068496704,0.9578445094431576,[0.98331381],5.0,0.6,0.0,0.0001294994046391838,0.1280469586667711,1.378326343518522
16.271921396255493,0.9578445094431576,[0.9833214],5.0,0.6,0.0,0.00011913945226809652,0.1280125188764457,1.3782584446410229
16.282270669937134,0.9578445094431576,[0.98332872],5.0,0.6,0.0,0.00010960829608668181,0.12803617200643014,1.378192913513949
16.292948007583618,0.9578445094431576,[0.98333578],5.0,0.6,0.0,0.00010083963239977055,0.12805003958268105,1.378129707546666
16.301987171173096,0.9578445094431576,[0.98334259],5.0,0.6,0.0,9.277246180780525e-05,0.12806470324933122,1.3780687536458087
16.312968730926514,0.9578445094431576,[0.98334915],5.0,0.6,0.0,8.535066486319219e-05,0.12812216989583622,1.3780099469342577
16.322933673858643,0.9578445094431576,[0.98335549],5.0,0.6,0.0,7.852261167414488e-05,0.12809713900025024,1.3779531725582546
16.331926345825195,0.9578445094431576,[0.98336161],5.0,0.6,0.0,7.224080274021883e-05,0.12815102429378328,1.377898345034456
16.340919971466064,0.9578445094431576,[0.98336752],5.0,0.6,0.0,6.646153852100523e-05,0.1281401602520159,1.3778453702508566
16.349977016448975,0.9580399081598941,[0.98337323],5.0,0.6,0.0,6.114461543932763e-05,0.12716838011371634,1.3795406948127726
16.361955404281616,0.9578445094431576,[0.98337875],5.0,0.6,0.0,5.625304620418329e-05,0.1282110276438644,1.3777447178975981
16.373043298721313,0.9578445094431576,[0.98338409],5.0,0.6,0.0,5.175280250785e-05,0.12821403920957236,1.3776967937308229
16.380929470062256,0.9578445094431576,[0.98338927],5.0,0.6,0.0,4.7612578307222874e-05,0.12815438168479273,1.377650365845402
16.39343523979187,0.9580399081598941,[0.98339428],5.0,0.6,0.0,4.380357204264577e-05,0.12727272496485317,1.3793530104393465
16.402942895889282,0.9578445094431576,[0.98339914],5.0,0.6,0.0,4.029928627923453e-05,0.1282067631246931,1.3775619053089407
16.41092324256897,0.9578445094431576,[0.98340383],5.0,0.6,0.0,3.707534337689611e-05,0.12813961633643367,1.3775197877102934
16.42098355293274,0.9578445094431576,[0.98340836],5.0,0.6,0.0,3.410931590674466e-05,0.12819776370341443,1.3774791643759954
16.430397510528564,0.9578445094431576,[0.98341273],5.0,0.6,0.0,3.138057063420525e-05,0.12825820418031816,1.3774399565201356
16.441312789916992,0.9578445094431576,[0.98341695],5.0,0.6,0.0,2.887012498346893e-05,0.1282257611428664,1.3774020375624918
16.449501991271973,0.9580399081598941,[0.98342103],5.0,0.6,0.0,2.6560514984791536e-05,0.12720663815638406,1.3791143693031531
16.459226369857788,0.9578445094431576,[0.98342496],5.0,0.6,0.0,2.443567378600827e-05,0.12820933772118068,1.3773302051986993
16.46994638442993,0.9580399081598941,[0.98342873],5.0,0.6,0.0,2.2480819883127632e-05,0.12721057332242217,1.3790456852914605
16.481988430023193,0.9578445094431576,[0.98343235],5.0,0.6,0.0,2.0682354292477398e-05,0.1282519086670909,1.3772638521919118
16.49259090423584,0.9580399081598941,[0.98343583],5.0,0.6,0.0,1.9027765949079233e-05,0.12730768572947151,1.3789822563372363
16.50001287460327,0.9578445094431576,[0.98343918],5.0,0.6,0.0,1.750554467315293e-05,0.12820446082624518,1.3772024423734806
16.509915351867676,0.9580399081598941,[0.98344241],5.0,0.6,0.0,1.6105101099300714e-05,0.1272736726719954,1.378923539380219
16.518703937530518,0.9580399081598941,[0.9834455],5.0,0.6,0.0,1.4816693011356646e-05,0.12730260399879662,1.3788959316392928
16.528354167938232,0.9578445094431576,[0.98344847],5.0,0.6,0.0,1.3631357570448123e-05,0.12824777195424264,1.377119065165075
16.537631511688232,0.9580399081598941,[0.98345132],5.0,0.6,0.0,1.254084896481226e-05,0.12731856074659298,1.3788438879922327
16.545940160751343,0.9578445094431576,[0.98345406],5.0,0.6,0.0,1.1537581047627298e-05,0.12823431039523955,1.3770687772174182
16.554521560668945,0.9578445094431576,[0.98345669],5.0,0.6,0.0,1.0614574563817131e-05,0.12825143040710602,1.3770451763544151
16.563952445983887,0.9578445094431576,[0.9834592],5.0,0.6,0.0,9.765408598711762e-06,0.1282456280462326,1.3770226227012663
16.576127529144287,0.9580399081598941,[0.9834616],5.0,0.6,0.0,8.98417591081481e-06,0.1273580781579176,1.3787520406241132
16.58467721939087,0.9578445094431576,[0.98346391],5.0,0.6,0.0,8.26544183794962e-06,0.12827761131868817,1.3769803258173492
16.59718680381775,0.9578445094431576,[0.98346612],5.0,0.6,0.0,7.604206490913658e-06,0.1283008470692495,1.3769604237921087
16.606924295425415,0.9578445094431576,[0.98346825],5.0,0.6,0.0,6.995869971640561e-06,0.12829463594071777,1.3769413220748814
16.61548638343811,0.9580399081598941,[0.98347029],5.0,0.6,0.0,6.4362003739093245e-06,0.12734894530231491,1.3786744154638004
16.626624822616577,0.9578445094431576,[0.98347225],5.0,0.6,0.0,5.9213043439965755e-06,0.1282798486516984,1.376905359462563
16.633946418762207,0.9578445094431576,[0.98347413],5.0,0.6,0.0,5.447599996476851e-06,0.12828560592001537,1.376888473411947
16.643600940704346,0.9580399081598941,[0.98347592],5.0,0.6,0.0,5.011791996758694e-06,0.12730558109844314,1.378624065365137
16.650937795639038,0.9578445094431576,[0.98347763],5.0,0.6,0.0,4.610848637018001e-06,0.1282944959554193,1.376856954118098
16.660948038101196,0.9578445094431576,[0.98347927],5.0,0.6,0.0,4.241980746056558e-06,0.12834135230668986,1.3768422271979728
16.66894507408142,0.9578445094431576,[0.98348085],5.0,0.6,0.0,3.902622286372031e-06,0.12832520696307548,1.3768280678978984
16.67725110054016,0.9580399081598941,[0.98348236],5.0,0.6,0.0,3.5904125034622747e-06,0.12734398052506118,1.3785665053489238
16.686067581176758,0.9578445094431576,[0.98348381],5.0,0.6,0.0,3.30317950318529e-06,0.12829576439375318,1.3768014078680586
16.696351051330566,0.9578445094431576,[0.98348519],5.0,0.6,0.0,3.0389251429304697e-06,0.12822879855504424,1.3767889923838474
16.704984664916992,0.9578445094431576,[0.98348649],5.0,0.6,0.0,2.795811131496033e-06,0.12820170235611766,1.376777357545703
16.712928533554077,0.9578445094431576,[0.98348766],5.0,0.6,0.0,2.572146240976352e-06,0.1280292058767473,1.3767667644848136
16.72346043586731,0.9578445094431576,[0.98348866],5.0,0.6,0.0,2.3663745416982455e-06,0.1277187080517927,1.3767578077051152
16.730942726135254,0.9578445094431576,[0.98348939],5.0,0.6,0.0,2.1770645783623886e-06,0.1276504291926952,1.376751281304038
16.741965532302856,0.9578445094431576,[0.9834897],5.0,0.6,0.0,2.0028994120933963e-06,0.1266769519846705,1.3767484902920624
16.753047943115234,0.9578445094431576,[0.98348931],5.0,0.6,0.0,1.8426674591259228e-06,0.12590894369713626,1.3767519411978988
16.762787103652954,0.9578445094431576,[0.98348787],5.0,0.6,0.0,1.6952540623958478e-06,0.12496320699278995,1.3767648789662064
16.77092719078064,0.9578445094431576,[0.98348506],5.0,0.6,0.0,1.559633737404181e-06,0.12490847331021597,1.376790133601206
16.781726598739624,0.9578445094431576,[0.9834806],5.0,0.6,0.0,1.4348630384118452e-06,0.12355747308496694,1.3768303182920976
16.79077124595642,0.9578445094431576,[0.983474],5.0,0.6,0.0,1.3200739953388963e-06,0.12190395224366912,1.376889627152728
16.801737546920776,0.9580399081598941,[0.98346461],5.0,0.6,0.0,1.2144680757117854e-06,0.11918584889867627,1.3787251353454661
16.81092858314514,0.9578445094431576,[0.9834517],5.0,0.6,0.0,1.1173106296548414e-06,0.11827320484135743,1.3770900359020761
16.820192337036133,0.9578445094431576,[0.98343445],5.0,0.6,0.0,1.0279257792824543e-06,0.11623665112369613,1.3772449767431296
16.830052852630615,0.9578445094431576,[0.983412],5.0,0.6,0.0,9.456917169398573e-07,0.11410696983882104,1.3774465028311857
16.839938402175903,0.9578445094431576,[0.98338373],5.0,0.6,0.0,8.70036379584671e-07,0.11503508385358549,1.3777000459661495
16.847940921783447,0.9578445094431576,[0.98334927],5.0,0.6,0.0,8.004334692178985e-07,0.11205745201519404,1.3780088514463051
16.858121156692505,0.9578445094431576,[0.98330789],5.0,0.6,0.0,7.363987916804658e-07,0.10912000001626111,1.378379279599386
16.86903405189514,0.9578445094431576,[0.98325813],5.0,0.6,0.0,6.774868883460285e-07,0.10170386124046789,1.3788241842822928
16.878374814987183,0.9578445094431576,[0.98319855],5.0,0.6,0.0,6.232879372783456e-07,0.10429293536473683,1.3793559675315088
16.89066457748413,0.9578445094431576,[0.98312808],5.0,0.6,0.0,5.734249022960785e-07,0.09535485044685399,1.379983804368282
16.90175771713257,0.9580399081598941,[0.98304506],5.0,0.6,0.0,5.27550910112392e-07,0.09171470617135491,1.3824513965329541
16.914047479629517,0.9578445094431576,[0.9829473],5.0,0.6,0.0,4.853468373034012e-07,0.08293580399131131,1.381588350229705
16.923589944839478,0.9578445094431576,[0.98283252],5.0,0.6,0.0,4.465190903191282e-07,0.08081333364072718,1.382602673605847
16.932284593582153,0.9578445094431576,[0.98269911],5.0,0.6,0.0,4.107975630935979e-07,0.07789842977252603,1.3837772216827422
16.94229292869568,0.9578445094431576,[0.98254608],5.0,0.6,0.0,3.7793375804611033e-07,0.07430365128233024,1.3851187079840084
16.949915647506714,0.9578445094431576,[0.9823732],5.0,0.6,0.0,3.476990574024217e-07,0.07916711661278994,1.38662660727071
16.959919929504395,0.9578445094431576,[0.98218094],5.0,0.6,0.0,3.198831328102281e-07,0.07237187309040613,1.3882941039965333
16.968960523605347,0.9578445094431576,[0.98196869],5.0,0.6,0.0,2.942924821854101e-07,0.0656167356690968,1.390123331163926
16.978475332260132,0.9580399081598941,[0.98173486],5.0,0.6,0.0,2.707490836105771e-07,0.057857909383912304,1.3937848803002164
16.9859037399292,0.9578445094431576,[0.98147888],5.0,0.6,0.0,2.4908915692173074e-07,0.0638103084268557,1.3942975981318246
16.996448516845703,0.9578445094431576,[0.98119991],5.0,0.6,0.0,2.2916202436799252e-07,0.041248204492637185,1.3966452496543884
17.00816774368286,0.9578445094431576,[0.98089468],5.0,0.6,0.0,2.1082906241855307e-07,0.03460691935314307,1.3991889668497608
17.015900373458862,0.9578445094431576,[0.98056001],5.0,0.6,0.0,1.9396273742506924e-07,0.0274138034367957,1.4019476680947922
17.026403188705444,0.9578445094431576,[0.98019393],5.0,0.6,0.0,1.7844571843106358e-07,0.019518192347425266,1.4049285216861964
17.03794836997986,0.9574537120096842,[0.97979435],5.0,0.6,0.0,1.6417006095657845e-07,0.012799973801286587,1.4049995230815302
17.04995059967041,0.9574537120096842,[0.97935906],5.0,0.6,0.0,-0.2760382086422249,0.003797988667919051,1.4084355607333283
17.059999465942383,0.9572583132929476,[0.97888375],5.0,0.6,0.0,-0.5852011835652643,-0.025193823308285162,1.410454089293798
17.06835150718689,0.9570629145762107,[0.97836422],5.0,0.6,0.0,-0.5632285412511244,-0.009301856956716918,1.4130107009600388
17.075977563858032,0.9568675158594742,[0.97780238],5.0,0.6,0.0,-0.7080846494099667,0.001037612887152935,1.4157049329047204
17.08536195755005,0.9564767184260008,[0.97720157],5.0,0.6,0.0,-0.87063993887801,-0.015195260712510187,1.4171185095775058
17.09298086166382,0.9562813197092642,[0.97656251],5.0,0.6,0.0,-0.9975611804621516,-0.00665293214998141,1.4202873192056724
17.103957176208496,0.9558905222757909,[0.97588317],5.0,0.6,0.0,-1.0769224885611437,-0.05168337818482257,1.4223080744639058
17.1129310131073,0.9554997248423175,[0.9751564],5.0,0.6,0.0,-1.1129677796763762,-0.06291412342750351,1.4247121762845887
17.12089967727661,0.9553043261255808,[0.97437841],5.0,0.6,0.0,-1.114861094654826,-0.04732993512127702,1.428895752845207
17.131477117538452,0.9547181299753709,[0.97354778],5.0,0.6,0.0,-1.0920194103354701,-0.09298383018734468,1.4306577640474187
17.14125657081604,0.9543273325418974,[0.97265716],5.0,0.6,0.0,-1.0524487433388732,-0.10250224375885883,1.4341875700613078
17.14886975288391,0.9537411363916874,[0.97170318],5.0,0.6,0.0,-1.0023803857294915,-0.08100630401455503,1.4367634117863277
17.156888961791992,0.9529595415247408,[0.97069219],5.0,0.6,0.0,-1.2224545547384975,-0.06535837006660628,1.4379361975633664
17.166192293167114,0.9519825479410575,[0.96962621],5.0,0.6,0.0,-1.4730310705500558,-0.11916653048752011,1.43802618839736
17.1757709980011,0.9510055543573741,[0.9685004],5.0,0.6,0.0,-1.9441817908599217,-0.09587860484943898,1.4378161764214066
17.184898614883423,0.949833162056954,[0.96731413],5.0,0.6,0.0,-2.3735085866690455,-0.11206766197937017,1.4365372257323092
17.19286847114563,0.9488561684732707,[0.96607041],5.0,0.6,0.0,-2.6793138845451687,-0.09226952735145529,1.4371406548485812
17.201894521713257,0.9474883774561141,[0.96477198],5.0,0.6,0.0,-3.131128846554542,-0.11199496525286254,1.4347600170566857
17.212878942489624,0.945729789005484,[0.96341747],5.0,0.6,0.0,-3.7825788911530704,-0.12499173731111378,1.4288083733784138
17.22667169570923,0.9433850044046439,[0.96199372],5.0,0.6,0.0,-4.605183336856424,-0.18992309526043857,1.4175465819654633
17.23590922355652,0.9414310172372772,[0.96048128],5.0,0.6,0.0,-4.719265735632262,-0.18095763399708653,1.4136819916695846
17.244945526123047,0.9396724287866473,[0.95887615],5.0,0.6,0.0,-4.526897190702448,-0.14517664385115103,1.4138732986002587
17.25291919708252,0.9379138403360172,[0.95718778],5.0,0.6,0.0,-3.942040339468959,-0.15117638423471955,1.4169610378239366
17.264058351516724,0.9353736570184404,[0.9554203],5.0,0.6,0.0,-4.122735650302452,-0.15274559694327877,1.4102777664879051
17.275930404663086,0.9322472775506537,[0.95357321],5.0,0.6,0.0,-4.1900954607808725,-0.1510036906318182,1.4001550584364781
17.28552222251892,0.929707094233077,[0.95164626],5.0,0.6,0.0,-4.1578817306246565,-0.15207689927390877,1.3955180009217403
17.294418811798096,0.9273623096322371,[0.9496394],5.0,0.6,0.0,-3.773792988667601,-0.15435741258839647,1.3950231339859833
17.302565097808838,0.9246267275979236,[0.9475527],5.0,0.6,0.0,-3.30409183801853,-0.15514017241034592,1.3921555406375457
17.30999255180359,0.9224773417138202,[0.94539131],5.0,0.6,0.0,-3.13245596801639,-0.12475436992307347,1.3930643721762657
17.32096290588379,0.919155563529297,[0.94316474],5.0,0.6,0.0,-3.0518184620667634,-0.13359580191980613,1.3842241445560886
17.333887815475464,0.9148567917610901,[0.94087066],5.0,0.6,0.0,-2.979181733927691,-0.16335189725541244,1.3668516949022385
17.344988584518433,0.9111442161430933,[0.9384964],5.0,0.6,0.0,-2.8871720537828978,-0.15620038740493936,1.3548610574158366
17.35592293739319,0.9072362418083599,[0.93603624],5.0,0.6,0.0,-2.4957216979957026,-0.14933210894061327,1.342525939745956
17.36845636367798,0.9025466726066799,[0.93348469],5.0,0.6,0.0,-2.328316711553947,-0.15688003836140493,1.321756409084367
17.3771550655365,0.8992248944221565,[0.93083123],5.0,0.6,0.0,-1.9608831212480364,-0.1506501705744192,1.316046870502914
17.386277198791504,0.8955123188041597,[0.92807285],5.0,0.6,0.0,-1.299283745522323,-0.14391802638071677,1.3076792179378627
17.394748210906982,0.8921905406196363,[0.92521928],5.0,0.6,0.0,-0.9291138230117431,-0.11747134817981683,1.3033389502331674
17.407692670822144,0.8863285791175362,[0.92227912],5.0,0.6,0.0,-0.7119671038373091,-0.12866257079069274,1.2718408559340324
17.416958570480347,0.8828114022162762,[0.91924763],5.0,0.6,0.0,-0.30076976785552506,-0.12505881815724046,1.2667400102490065
17.425092697143555,0.8794896240317529,[0.91612123],5.0,0.6,0.0,0.09839361011598177,-0.12319593400045359,1.2646138573987369
17.433316469192505,0.8763632445639661,[0.91291022],5.0,0.6,0.0,0.6926986481508438,-0.10289437510233299,1.2652116950015788
17.44200611114502,0.8728460676627059,[0.90963693],5.0,0.6,0.0,1.2286089597216816,-0.07765203046951098,1.2617125712431687
17.451415061950684,0.8689380933279726,[0.90631418],5.0,0.6,0.0,1.6291499026559817,-0.1158323550339828,1.2542697740395148
17.46039390563965,0.8648347202765025,[0.90294007],5.0,0.6,0.0,2.1664876905786343,-0.09175631525886692,1.2444799200868326
17.47122597694397,0.8605359485082957,[0.89951326],5.0,0.6,0.0,2.3437436709165818,-0.11181386891056558,1.2339019294274396
17.47926425933838,0.857409569040509,[0.89603295],5.0,0.6,0.0,2.8953264682543915,-0.09789224165088886,1.235837765103247
17.48689913749695,0.8542831895727223,[0.89251236],5.0,0.6,0.0,3.4278978515529595,-0.07724309858052762,1.237878141465102
17.4949312210083,0.8511568101049355,[0.8889697],5.0,0.6,0.0,3.5359858628068546,-0.09557679512649413,1.2420691845366303
17.50387191772461,0.8474442344869388,[0.88540708],5.0,0.6,0.0,3.7204600354491015,-0.10413382109858364,1.2393865907743586
17.513880252838135,0.8429500640019953,[0.88181965],5.0,0.6,0.0,3.8498349388309867,-0.10479400798039917,1.2283010602045459
17.522393703460693,0.8394328871007354,[0.87820352],5.0,0.6,0.0,3.890688626602473,-0.1081491607952371,1.2292075720501898
17.529868841171265,0.8361111089162119,[0.87456248],5.0,0.6,0.0,3.8485880187516415,-0.09012718307399192,1.2331042685126568
17.54091167449951,0.8316169384312686,[0.87090682],5.0,0.6,0.0,3.4655538272983284,-0.09616418086561948,1.2255115719821155
17.55393075942993,0.8263411730793784,[0.86723187],5.0,0.6,0.0,3.2799672320523277,-0.10205967287550673,1.2078157262912637
17.562910318374634,0.8226285974613817,[0.86352048],5.0,0.6,0.0,3.1538606090971673,-0.10222958251806628,1.2083966321471844
17.57384753227234,0.8183298256931749,[0.85976555],5.0,0.6,0.0,3.033020468271981,-0.0994239607963451,1.2025646565058803
17.583495140075684,0.814226452641705,[0.85596867],5.0,0.6,0.0,2.900439515830114,-0.09764733345714331,1.1995349589782949
17.593921661376953,0.8099276808734982,[0.85213207],5.0,0.6,0.0,2.7544631288216426,-0.09502093989551198,1.1946869909287723
17.60244846343994,0.8064105039722381,[0.84825855],5.0,0.6,0.0,2.598855367868568,-0.09638751362951029,1.1995081948481996
17.611217975616455,0.802893327070978,[0.84435144],5.0,0.6,0.0,2.4385255146719818,-0.09778012502676173,1.204695695906154
17.62042212486267,0.7989853527362445,[0.84042105],5.0,0.6,0.0,2.2778755137042372,-0.07932783539792043,1.2055185967493074
17.62997603416443,0.7950773784015112,[0.83648342],5.0,0.6,0.0,1.8442730594948433,-0.08470452014195053,1.207189313047568
17.637869834899902,0.7919509989337246,[0.83255259],5.0,0.6,0.0,1.659071464606244,-0.0640141762787635,1.2170961913606657
17.647360801696777,0.788043024598991,[0.82863474],5.0,0.6,0.0,1.569134391872568,-0.09728153889185151,1.2174267803524474
17.656879425048828,0.783939651547521,[0.82472937],5.0,0.6,0.0,1.5081309263895963,-0.07294264169821939,1.2152518293528658
17.668776988983154,0.7786638861956309,[0.82083685],5.0,0.6,0.0,1.4499371697664958,-0.09076726449765588,1.1991120352499731
17.68045926094055,0.7735835195604776,[0.81695262],5.0,0.6,0.0,1.3863057071174603,-0.08212848324438662,1.1850531329878407
17.689616203308105,0.7704571400926907,[0.81307375],5.0,0.6,0.0,1.3163776125459852,-0.08253575312343689,1.1941347140038099
17.698612689971924,0.766744564474694,[0.80920475],5.0,0.6,0.0,1.241911809113455,-0.07977385599525648,1.1961295896894646
17.7102472782135,0.7618595965562772,[0.80534517],5.0,0.6,0.0,1.1652304243705265,-0.08568625871526418,1.1840844418490828
17.718236207962036,0.7585378183717539,[0.80149563],5.0,0.6,0.0,1.0884223204543984,-0.0622388196154955,1.1904927018455824
17.731376886367798,0.753066654303127,[0.79766313],5.0,0.6,0.0,1.013105884863089,-0.07177704674772023,1.1710536562737677
17.74049186706543,0.7493540786851303,[0.79385451],5.0,0.6,0.0,0.9404226186163123,-0.04043571547624965,1.1723099879277008
17.749924421310425,0.7452507056336604,[0.790081],5.0,0.6,0.0,0.8711119820620801,-0.03694445684847158,1.1684489204931647
17.757975339889526,0.7423197248826102,[0.78635734],5.0,0.6,0.0,0.8056030094293372,-0.007097642238494458,1.1780228308945777
17.76956796646118,0.7376301556809302,[0.7826914],5.0,0.6,0.0,1.0201360009450149,-0.038043025060112104,1.165467373523299
17.776864528656006,0.7345037762131434,[0.77908514],5.0,0.6,0.0,0.9958012448385862,-0.005133622051838951,1.1712605860664884
17.7928466796875,0.7278602198440967,[0.77553603],5.0,0.6,0.0,1.1632634223985674,-0.044166163585289374,1.1336976736685092
17.801963806152344,0.7243430429428366,[0.77203354],5.0,0.6,0.0,1.0706688781153169,-0.032132388127667666,1.1336736242125123
17.814236879348755,0.7198488724578932,[0.76857324],5.0,0.6,0.0,1.175119365953719,-0.016282923418523696,1.1209745750149067
17.82185387611389,0.7169178917068433,[0.76516426],5.0,0.6,0.0,1.3090713290544924,0.01912680051536388,1.1265204868088947
17.83362579345703,0.7126191199386365,[0.76181411],5.0,0.6,0.0,1.4113630382518887,-0.005506225532980385,1.1148144900732155
17.84460186958313,0.7085157468871662,[0.75852064],5.0,0.6,0.0,1.4670883644859827,0.006182906110766416,1.104871694091417
17.854241132736206,0.7049985699859063,[0.75528162],5.0,0.6,0.0,1.7556648027261867,0.013623089994325566,1.1008078851841363
17.862910985946655,0.7022629879515929,[0.75209881],5.0,0.6,0.0,1.7672834384553693,0.016228080446661186,1.106202596462289
17.870991945266724,0.6997228046340161,[0.74897322],5.0,0.6,0.0,1.9423450794046566,0.01684851995301511,1.1128224150612631
17.880825757980347,0.6964010264494928,[0.74590901],5.0,0.6,0.0,2.3895038749803463,0.051722920857165476,1.1082666535518522
17.890258312225342,0.693274646981706,[0.74291294],5.0,0.6,0.0,2.810643736686543,0.044542395828154495,1.1050722176887362
17.89841103553772,0.690929862380866,[0.73998599],5.0,0.6,0.0,3.1096612031223403,0.035795013970888065,1.1108322310331014
17.905892848968506,0.6885850777800259,[0.73712814],5.0,0.6,0.0,3.2752260052207562,0.06193917506720866,1.116277347853184
17.914844751358032,0.6860448944624493,[0.7343424],5.0,0.6,0.0,3.603097384619928,0.04728329774764193,1.11760372206506
17.922887802124023,0.6838955085783458,[0.73162654],5.0,0.6,0.0,3.601660391530003,0.034875032082931065,1.1244718837593541
17.9318368434906,0.6815507239775059,[0.7289778],5.0,0.6,0.0,3.7272775661658426,0.05981881028114661,1.1274784359030465
17.939857244491577,0.6795967368101391,[0.72639688],5.0,0.6,0.0,3.825211588834773,0.041120224967100744,1.1345185680479812
17.95086169242859,0.6766657560590891,[0.72387961],5.0,0.6,0.0,3.849721633197177,0.03190057746802929,1.1293814071583905
17.96084451675415,0.674320971458249,[0.72141775],5.0,0.6,0.0,3.5236972288388784,0.023388169319327558,1.1325504974430471
17.968850135803223,0.672562383007619,[0.71900361],5.0,0.6,0.0,3.104461002074668,0.014423201327313466,1.142503585024781
17.97728681564331,0.6708037945569889,[0.71663003],5.0,0.6,0.0,2.697611919555966,0.0069740708516969185,1.1516531656612758
17.985021829605103,0.6692406048230957,[0.7142943],5.0,0.6,0.0,2.339681480128209,0.03214521906485006,1.1622737812120212
17.99488115310669,0.6672866176557288,[0.71199742],5.0,0.6,0.0,1.7613950898268174,0.017855617379359937,1.1681423991191093
18.00690770149231,0.6647464343381523,[0.70973192],5.0,0.6,0.0,1.7529684757808612,-0.0204150772056539,1.1648688063685713
18.014843702316284,0.6633786433209955,[0.70748708],5.0,0.6,0.0,1.6325637849697885,0.007871657873806021,1.175679083010249
18.025274753570557,0.6614246561536288,[0.70526134],5.0,0.6,0.0,1.7554266389534674,-0.001434797168733122,1.1786174402386487
18.036849975585938,0.6592752702695254,[0.70304916],5.0,0.6,0.0,1.3601358610793788,-0.036585657042359526,1.1802804414646069
18.046164512634277,0.6581028779691054,[0.70083787],5.0,0.6,0.0,0.8567832312102274,-0.03731680509288401,1.1934728850486616
18.05482268333435,0.656539688235212,[0.69862464],5.0,0.6,0.0,0.40399028589926606,-0.006990280851035565,1.2015930111120094
18.063092470169067,0.6551718972180554,[0.696415],5.0,0.6,0.0,0.048660335194315424,-0.017692363320500882,1.21162715820802
18.072844982147217,0.653608707484162,[0.69420974],5.0,0.6,0.0,-0.20835776463584782,-0.025635457117521125,1.219115226021172
18.08120632171631,0.652436315183742,[0.69200954],5.0,0.6,0.0,-0.6584240760196707,-0.001751210095669367,1.2307751500227788
18.090011596679688,0.6508731254498485,[0.68981887],5.0,0.6,0.0,-1.0772382234486013,-0.016965270311927724,1.2374744562395874
18.09858989715576,0.6493099357159552,[0.68763753],5.0,0.6,0.0,-1.3934876273911851,-0.028475083492765584,1.2439814866568697
18.106842279434204,0.6477467459820617,[0.68546143],5.0,0.6,0.0,-1.8759403053320565,-0.03724961690261014,1.2497930000986541
18.11819577217102,0.6455973600979584,[0.68328702],5.0,0.6,0.0,-2.2977331450276353,-0.041433763954992334,1.2487750714188834
18.127366304397583,0.6442295690808018,[0.68111122],5.0,0.6,0.0,-2.592280079525718,-0.04844699635927135,1.2568378447477349
18.135721445083618,0.6426663793469085,[0.67893523],5.0,0.6,0.0,-2.7587825540412956,-0.0217089958483883,1.2630422937792651
18.148836135864258,0.6403215947460684,[0.67675986],5.0,0.6,0.0,-2.819313851636041,-0.06392376048606159,1.2609024617137865
18.15784239768982,0.6385630062954383,[0.6745777],5.0,0.6,0.0,-2.800389717499632,-0.06595064906392602,1.2657016530274063
18.16912579536438,0.6364136204113349,[0.67238217],5.0,0.6,0.0,-3.00191020290045,-0.06656329566462989,1.2653547387338548
18.176900148391724,0.6346550319607048,[0.67017552],5.0,0.6,0.0,-3.200102041131215,-0.03743533820394933,1.2694143483355582
18.184962272644043,0.6330918422268116,[0.66796348],5.0,0.6,0.0,-3.0451260215371567,-0.052004057130777236,1.2772545418268282
18.192904949188232,0.6315286524929183,[0.66575064],5.0,0.6,0.0,-3.3214106025452734,-0.0290496592128617,1.2830357464664048
18.200826406478882,0.6299654627590249,[0.66354055],5.0,0.6,0.0,-3.3681717396465563,-0.050157318614708804,1.28977717016184
18.21084761619568,0.6276206781581847,[0.66133143],5.0,0.6,0.0,-3.567762010563479,-0.06284185979944214,1.2873091128026988
18.22043013572693,0.6252758935573448,[0.65911691],5.0,0.6,0.0,-3.7358279669680874,-0.07219057169680615,1.2850124592479475
18.2288236618042,0.6233219063899781,[0.65689095],5.0,0.6,0.0,-4.093018986457881,-0.0813314960104091,1.2858994092474476
18.239025354385376,0.6207817230724014,[0.6546478],5.0,0.6,0.0,-4.118087395041943,-0.08634948617963682,1.2825585584412555
18.248826026916504,0.6184369384715612,[0.65238207],5.0,0.6,0.0,-3.982032276542812,-0.09141891380865004,1.2825072318057626
18.259165048599243,0.6160921538707212,[0.65008868],5.0,0.6,0.0,-3.7721614675192328,-0.0959770934143217,1.2831374058972485
18.267829179763794,0.6137473692698813,[0.64776292],5.0,0.6,0.0,-3.809169881929761,-0.09999000566612329,1.2827275955639312
18.27945828437805,0.6104255910853578,[0.64540047],5.0,0.6,0.0,-3.596893409286131,-0.09896454635858666,1.273441089617092
18.287173748016357,0.6082762052012545,[0.64299744],5.0,0.6,0.0,-3.301517011902004,-0.10341822315920042,1.2777044418645898
18.29584574699402,0.6053452244502044,[0.64055562],5.0,0.6,0.0,-3.271924109790249,-0.07082274313531602,1.2724895278750503
18.309017181396484,0.6012418513987344,[0.63807644],5.0,0.6,0.0,-3.2942730552399624,-0.10545932274650639,1.2543305273958656
18.317490816116333,0.5988970667978942,[0.63555063],5.0,0.6,0.0,-3.01353133962742,-0.10633980022938122,1.2576603272664255
18.324959754943848,0.5965522821970541,[0.63297583],5.0,0.6,0.0,-2.92841134072244,-0.07726665815584953,1.260605885053688
18.335805416107178,0.5928397065790576,[0.63036081],5.0,0.6,0.0,-2.887313398300525,-0.08191706545002823,1.2484332572528454
18.347540616989136,0.5889317322443242,[0.62770222],5.0,0.6,0.0,-2.8335514063467024,-0.10758931836265469,1.2344103780499909
18.358470678329468,0.5850237579095907,[0.62498642],5.0,0.6,0.0,-2.4758853923600475,-0.0994644699375736,1.2220403950589231
18.365819692611694,0.582483574592014,[0.62221318],5.0,0.6,0.0,-2.0586082012279117,-0.07199523801331556,1.2261420066769977
18.375262022018433,0.5787709989740173,[0.61939374],5.0,0.6,0.0,-1.6767155789552979,-0.07538196469334753,1.2168055997968332
18.386811017990112,0.5744722272058105,[0.61653224],5.0,0.6,0.0,-1.6346941588185016,-0.07366867974574537,1.2000238664065783
18.395880222320557,0.5713458477380239,[0.61362675],5.0,0.6,0.0,-1.6904790056896024,-0.07623761048179897,1.197275479324595
18.405484199523926,0.5678286708367637,[0.61067578],5.0,0.6,0.0,-1.4708342418847709,-0.07621631640358739,1.1910805787688403
18.41387391090393,0.5648976900857137,[0.6076782],5.0,0.6,0.0,-1.1865836376625494,-0.07873949732348597,1.192431950347185
18.424795389175415,0.5609897157509803,[0.60463312],5.0,0.6,0.0,-0.9212985639762733,-0.07629372847287058,1.1825810216127834
18.435906171798706,0.5566909439827735,[0.60153988],5.0,0.6,0.0,-0.7014689723551701,-0.07187947805931573,1.168423666597447
18.44686985015869,0.5523921722145668,[0.5983979],5.0,0.6,0.0,-0.5296260406988783,-0.0676263132939403,1.1546698793807488
18.45625877380371,0.5486795965965701,[0.5952003],5.0,0.6,0.0,-0.12349109839880684,-0.07734036023690935,1.1486560540905484
18.464834213256836,0.5453578184120467,[0.5919412],5.0,0.6,0.0,0.28240212547223753,-0.06195183216527246,1.147851388605109
18.474376440048218,0.5416452427940499,[0.58862812],5.0,0.6,0.0,0.6077089779680611,-0.0637037584538932,1.1428103605103936
18.481831550598145,0.5385188633262632,[0.58526713],5.0,0.6,0.0,0.837966209171197,-0.06787849999416015,1.1453972737827123
18.49232029914856,0.5342200915580564,[0.58185665],5.0,0.6,0.0,0.9838129938794121,-0.06589229945755297,1.1344591244088222
18.499868869781494,0.5312891108070064,[0.57840168],5.0,0.6,0.0,1.062962969795225,-0.04876790073212694,1.140677106223733
18.5088050365448,0.5275765351890096,[0.57491287],5.0,0.6,0.0,1.0928425222182803,-0.0589578587319554,1.1379233527827939
18.518866300582886,0.5232777634208029,[0.57139176],5.0,0.6,0.0,1.3641041327283614,-0.06194089596164478,1.1280147802394427
18.528286457061768,0.5195651878028061,[0.567832],5.0,0.6,0.0,1.3691434506741458,-0.06486505064217371,1.126153292461404
18.536930561065674,0.5162434096182827,[0.5642273],5.0,0.6,0.0,1.2710719985964194,-0.06788296912277067,1.1297726437282183
18.54784917831421,0.511944637850076,[0.56057152],5.0,0.6,0.0,1.4192179501614257,-0.06495467102697472,1.1216861546784016
18.55609965324402,0.5088182583822893,[0.55685865],5.0,0.6,0.0,1.601467559500099,-0.06694208410998304,1.128384141050581
18.56379771232605,0.5054964801977658,[0.55309098],5.0,0.6,0.0,1.4648151504748057,-0.0646047046194166,1.1340934124969164
18.57357144355774,0.5015885058630325,[0.54927792],5.0,0.6,0.0,1.509900827124163,-0.06902141207342473,1.1328451188518631
18.582398653030396,0.49787593024503574,[0.54541884],5.0,0.6,0.0,1.3107827191931802,-0.06925426223218874,1.1350350758788679
18.590840578079224,0.49435875334377566,[0.54150441],5.0,0.6,0.0,1.331172400182636,-0.0676392024111548,1.1398001106719244
18.60014772415161,0.49045077900904227,[0.53752598],5.0,0.6,0.0,1.4023954810142274,-0.06257347639760656,1.1405073908327736
18.609637022018433,0.48654280467430894,[0.53348449],5.0,0.6,0.0,1.4596257854648012,-0.07254068508176299,1.1419995240526344
18.619821548461914,0.4822440329061022,[0.52938925],5.0,0.6,0.0,1.2079227889709647,-0.06934212409310671,1.1400377982706713
18.628509044647217,0.4787268560048421,[0.52523895],5.0,0.6,0.0,1.1661101251177715,-0.06480779332375695,1.147760074091428
18.63585066795349,0.475795875253792,[0.52103248],5.0,0.6,0.0,1.1858332330055492,-0.08095617833425421,1.1630891348728576
18.644808530807495,0.47188790091905863,[0.51677788],5.0,0.6,0.0,1.2073934700991846,-0.0785439072798657,1.1672133331123158
18.655622243881226,0.4673937304341152,[0.51246309],5.0,0.6,0.0,0.934921736429443,-0.0021710813999075867,1.1654937284193552
18.664472103118896,0.46368115481611855,[0.50806868],5.0,0.6,0.0,0.8843606364126265,-0.07038289391510583,1.1737381328849372
18.67449450492859,0.4595777817646485,[0.50359746],5.0,0.6,0.0,0.9042490417983942,-0.05953471847914036,1.178111888363954
18.683804273605347,0.4560606048633884,[0.49905215],5.0,0.6,0.0,0.9321924023988086,-0.05151890971874276,1.1903264759787202
18.693631410598755,0.4523480292453916,[0.49442607],5.0,0.6,0.0,0.9462339112356063,-0.044371850507896694,1.2011300555424347
18.701828956604004,0.44883085234413156,[0.48972388],5.0,0.6,0.0,0.9417763301906076,-0.09464553453355803,1.21507327287217
18.711494207382202,0.44492287800939817,[0.48495015],5.0,0.6,0.0,0.9209076666399589,-0.00755763202365125,1.2252012223864692
18.720824241638184,0.44101490367466467,[0.48009976],5.0,0.6,0.0,1.1637071482760943,-0.08991988558656092,1.2357293126269915
18.729085206985474,0.43769312549014133,[0.47517901],5.0,0.6,0.0,1.155273025693559,-0.08294858222725554,1.2540069175174353
18.737294912338257,0.43417594858888126,[0.47019402],5.0,0.6,0.0,1.0536808895349807,-0.07636464632458237,1.270642005425677
18.747434377670288,0.43007257553741124,[0.46514105],5.0,0.6,0.0,0.9287502082005602,-0.07009592848211102,1.2813120996912448
18.757036447525024,0.4263599999194144,[0.46001793],5.0,0.6,0.0,0.8088963422746613,-0.06940782388953895,1.2967757135309834
18.766228199005127,0.4226474243014178,[0.45482399],5.0,0.6,0.0,0.7037426893289882,-0.07191450486141544,1.312597221613844
18.778828620910645,0.4169808615160543,[0.44955997],5.0,0.6,0.0,0.6148567867506076,-0.06764864159880715,1.3084571185560647
18.78883385658264,0.4128774884645843,[0.44422791],5.0,0.6,0.0,0.5407191398394737,-0.07378815251341704,1.3213263995061473
18.797708749771118,0.4095557102800608,[0.43883108],5.0,0.6,0.0,0.2028895948094549,-0.08597759085855793,1.3424458928754222
18.80710196495056,0.40545233722859075,[0.43337386],5.0,0.6,0.0,0.11794255668187247,-0.09586504540021659,1.3556153431307445
18.817480325698853,0.4013489641771207,[0.42786158],5.0,0.6,0.0,0.12914831234084892,-0.10762540493936748,1.36883845089157
18.824785947799683,0.3980271859925973,[0.42230953],5.0,0.6,0.0,-0.10840196540276147,-0.1756811357353984,1.3887526978122628
18.83531427383423,0.3941192116578639,[0.41674103],5.0,0.6,0.0,-0.3796163095459159,-0.17630203310176243,1.402606912499319
18.846237182617188,0.38982043988965714,[0.41115892],5.0,0.6,0.0,-0.32954600228929654,-0.10870725909739612,1.4128764781143852
18.85477375984192,0.38630326298839707,[0.40555772],5.0,0.6,0.0,-0.1815808436332396,-0.19552707434789196,1.428510812530499
18.866260528564453,0.381027497636507,[0.39994337],5.0,0.6,0.0,-0.30406631252632466,-0.13627995831782796,1.4308697085687936
18.873779773712158,0.37770571945198356,[0.39432238],5.0,0.6,0.0,-0.21067748897152255,-0.21362211484411445,1.446241374551124
18.884517669677734,0.3732115489670402,[0.38870985],5.0,0.6,0.0,-0.06299288985624146,-0.2180260849835504,1.4530932455965735
18.892418384552002,0.3700851694992534,[0.38311985],5.0,0.6,0.0,0.07487078983583573,-0.2301390806520027,1.4665860839584237
18.900768518447876,0.36656799259799333,[0.37756486],5.0,0.6,0.0,0.18247958485419957,-0.250640205515151,1.476079137746626
18.912014961242676,0.36207382211305,[0.37205647],5.0,0.6,0.0,0.25771088093577516,-0.24050404133616518,1.4802172145037886
18.920806646347046,0.3581658477783165,[0.36659725],5.0,0.6,0.0,0.30513014553307943,-0.26378459617978867,1.4858135682731712
18.930036783218384,0.3544532721603198,[0.3611975],5.0,0.6,0.0,0.33092271397253686,-0.2726282203875928,1.4908628222865201
18.93907642364502,0.3505452978255864,[0.35586664],5.0,0.6,0.0,0.34087982567796027,-0.27974843495698254,1.4942661869998632
18.948912620544434,0.3464419247741163,[0.35060562],5.0,0.6,0.0,0.33975551118292197,-0.28556017563981556,1.4964528043558845
18.959866046905518,0.3419477542891729,[0.34541579],5.0,0.6,0.0,0.33119953107110056,-0.2890316804615296,1.4975157811813815
18.968526124954224,0.33862597610464956,[0.34029875],5.0,0.6,0.0,0.31790179647913475,-0.29773924382224703,1.4993652985643044
18.97933006286621,0.33413180561970607,[0.33525625],5.0,0.6,0.0,0.30178896495933283,-0.30000841154180846,1.4996793624369986
18.988461017608643,0.33022383128497274,[0.33029018],5.0,0.6,0.0,0.28420964263789145,-0.3043361182966978,1.4999389942587633
18.997628450393677,0.326511255666976,[0.3254024],5.0,0.6,0.0,0.2660876658078347,-0.3088449147243366,1.499701413354759
19.007067680358887,0.3224078826155059,[0.32059475],5.0,0.6,0.0,0.24804107783402046,-0.31054787489754254,1.4992969268944076
19.015788555145264,0.3190861044309825,[0.31587483],5.0,0.6,0.0,0.23047112385291613,-0.2936265953070164,1.4979001252801045
19.024768829345703,0.31537352881298575,[0.31125485],5.0,0.6,0.0,0.21362728378761597,-0.3021225686110996,1.4965790795358833
19.033822298049927,0.31127015576151573,[0.30673891],5.0,0.6,0.0,0.19765405461021696,-0.3059664199085676,1.4958728960302214
19.043803691864014,0.30736218142678234,[0.30232424],5.0,0.6,0.0,0.18262422702703535,-0.3082306832438114,1.4949118681401785
19.054776906967163,0.30306340965857553,[0.29800842],5.0,0.6,0.0,0.1685623512737251,-0.3068658231355932,1.494881303949151
19.06510090827942,0.29896003660710546,[0.29378931],5.0,0.6,0.0,0.15546116418745448,-0.3050186427413881,1.4946489897968465
19.073737859725952,0.29544285970584544,[0.28966501],5.0,0.6,0.0,0.14329301042814246,-0.3047965498481183,1.4933302374705477
19.083443880081177,0.290948689220902,[0.28563386],5.0,0.6,0.0,0.1320177264891761,-0.29876131280040513,1.4943534706634616
19.091861724853516,0.2876269110363786,[0.28169436],5.0,0.6,0.0,0.12158803786297451,-0.29756526604786543,1.4929746900213114
19.100931644439697,0.2837189367016452,[0.27784517],5.0,0.6,0.0,0.11195321531206573,-0.29252339846364955,1.4931142021201402
19.109495401382446,0.28039715851712177,[0.27408955],5.0,0.6,0.0,0.10306151733826589,-0.25963040973252344,1.4920664758928126
19.11933922767639,0.27629378546565175,[0.27043446],5.0,0.6,0.0,0.0948617898853145,-0.2613764558039412,1.4931504804876738
19.127853631973267,0.2727766085643917,[0.26688086],5.0,0.6,0.0,0.0873044836775233,-0.26278214342070066,1.493066453786441
19.13977813720703,0.2676962419292382,[0.26342469],5.0,0.6,0.0,0.08034227148606041,-0.2535006501139693,1.4963526225010344
19.14959716796875,0.2633974701610315,[0.26006237],5.0,0.6,0.0,0.0739303926263338,-0.24613283985378262,1.497773824435924
19.163967609405518,0.2575355086589314,[0.2567868],5.0,0.6,0.0,0.06802681337128498,-0.2560242282277204,1.499884447937748
19.17486262321472,0.2532367368907246,[0.25358812],5.0,0.6,0.0,0.06259226488694294,-0.23841047057198728,1.4999723893223782
19.183751583099365,0.24991495870620126,[0.25046204],5.0,0.6,0.0,0.057590201344196804,-0.22636255062567226,1.499937673335824
19.194053411483765,0.2456161869379945,[0.24740542],5.0,0.6,0.0,0.3290250672882824,-0.23515722448094378,1.4992793512949445
19.202277898788452,0.24209901003673442,[0.24441566],5.0,0.6,0.0,0.35791333951156235,-0.19071498458465833,1.4988318537875358
19.21093487739563,0.2383864344187377,[0.24150068],5.0,0.6,0.0,0.022879517081541206,-0.151819104738125,1.4980617901084556
19.22009253501892,0.23467385880074096,[0.23866708],5.0,0.6,0.0,-0.08991698809144422,-0.1778308783264908,1.496809900626605
19.22839856147766,0.2313520806162176,[0.23591334],5.0,0.6,0.0,0.16739562241103012,-0.1399509566802893,1.4958267601705841
19.23679828643799,0.22783490371495752,[0.23324091],5.0,0.6,0.0,0.21694686501786695,-0.13660382297928317,1.494137031984694
19.24474596977234,0.22451312553043412,[0.23065364],5.0,0.6,0.0,0.18758084868682512,-0.10440031806184812,1.4924609760437262
19.254379272460938,0.22040975247896405,[0.22815416],5.0,0.6,0.0,0.13613204789638908,-0.10294404851777497,1.488062682531728
19.264044284820557,0.21650177814423063,[0.22573844],5.0,0.6,0.0,0.0857142780854842,-0.124243280103971,1.4830761147563856
19.275298833847046,0.21181220894255054,[0.22339701],5.0,0.6,0.0,0.044179305177097804,-0.10499792333646797,1.4735140782166196
19.284096717834473,0.20829503204129046,[0.22112707],5.0,0.6,0.0,0.01286608606169409,-0.06696641275210348,1.4676039750832048
19.29275941848755,0.2047778551400304,[0.21893129],5.0,0.6,0.0,-0.009360609733172933,-0.06191877187919581,1.4607279136269724
19.30313229560852,0.20047908337182369,[0.2168088],5.0,0.6,0.0,-0.024326045500931023,-0.05076302500945543,1.4480648396253115
19.311232089996338,0.19715730518730026,[0.21475585],5.0,0.6,0.0,-0.033818010198138126,-0.042869624757763236,1.4399367872830064
19.318801403045654,0.1942263244362502,[0.21277129],5.0,0.6,0.0,-0.03933822779573419,-0.012206643487371426,1.4335279080119725
19.330139636993408,0.18953675523457011,[0.21085381],5.0,0.6,0.0,-0.04205864275022666,-0.025614398341848848,1.4131228755307434
19.33774971961975,0.1866057744835201,[0.20900169],5.0,0.6,0.0,0.23318242097939285,-0.0205713244416583,1.4045115839624949
19.347758531570435,0.18269780014878667,[0.20721747],5.0,0.6,0.0,0.26679473000626297,-0.004713014344705702,1.3866520827207318
19.357774019241333,0.17878982581405328,[0.20550055],5.0,0.6,0.0,0.4890530642224204,0.011001013493593925,1.366842540047418
19.367745637893677,0.1748818514793199,[0.20384546],5.0,0.6,0.0,0.7239576982776994,0.026700244837042673,1.3451514342872335
19.375786066055298,0.17156007329479647,[0.20224722],5.0,0.6,0.0,0.9096150680313367,0.039558243779993014,1.3277173238667292
19.38828134536743,0.16726130152658972,[0.20069941],5.0,0.6,0.0,1.033224537610325,0.03762766409697127,1.2988237868321115
19.397122144699097,0.164134922058803,[0.19919443],5.0,0.6,0.0,1.3770084493404138,0.05523441407516273,1.2806427038892358
19.405869483947754,0.16120394130775295,[0.19772963],5.0,0.6,0.0,1.70984548682242,0.08949244392772628,1.263635316513669
19.413787126541138,0.1586637579901762,[0.1963065],5.0,0.6,0.0,2.231438807511711,0.09524175287050862,1.2495291301436504
19.422754287719727,0.15573277723912618,[0.19492596],5.0,0.6,0.0,2.687931654772501,0.12217447082409993,1.230138533106543
19.431824922561646,0.15280179648807612,[0.19358844],5.0,0.6,0.0,3.004473328752649,0.12533993994237505,1.2103034503222658
19.440821409225464,0.1504570118872361,[0.1922922],5.0,0.6,0.0,3.4557924866138734,0.1269822643584083,1.1958508249392052
19.449113607406616,0.14811222728639603,[0.19103372],5.0,0.6,0.0,3.823289844451774,0.1306698994232574,1.1810413807331963
19.457797050476074,0.14596284140229268,[0.1898115],5.0,0.6,0.0,4.324130966238236,0.15162956925764529,1.1670361113432435
19.466145753860474,0.144008854234926,[0.18862575],5.0,0.6,0.0,4.444821035603118,0.14964992736337182,1.1570799200165944
19.474539279937744,0.14205486706755927,[0.18747473],5.0,0.6,0.0,4.366833500481653,0.14986561345449595,1.1479362308958585
19.484373569488525,0.1399054811834559,[0.18635516],5.0,0.6,0.0,4.187287406382975,0.15268673048764925,1.136641627878257
19.491740226745605,0.13834229144956253,[0.18526566],5.0,0.6,0.0,4.234944124974431,0.16986120638628016,1.1306302891707918
19.50126361846924,0.13677910171566918,[0.18420495],5.0,0.6,0.0,4.019847683541369,0.15080860646128483,1.125843381586008
19.50877809524536,0.13541131069851248,[0.18317025],5.0,0.6,0.0,3.9888132359289017,0.1688754504582837,1.121992940066291
19.51776385307312,0.13404351968135578,[0.18216203],5.0,0.6,0.0,3.9750775365418436,0.18235149568792616,1.1177182573451718
19.530770540237427,0.13228493123072574,[0.18118059],5.0,0.6,0.0,4.197859246207111,0.16340277617290533,1.1069775323567659
19.53882884979248,0.1313079376470424,[0.1802231],5.0,0.6,0.0,4.128058366117674,0.1775142801336845,1.1071626609783731
19.54950523376465,0.13033094406335904,[0.17928707],5.0,0.6,0.0,3.927771358950762,0.15857636827412083,1.107838364812395
19.55876851081848,0.12954934919641237,[0.17837037],5.0,0.6,0.0,3.676389093919214,0.17317565492566936,1.110869030940921
19.566754817962646,0.1287677543294657,[0.17747249],5.0,0.6,0.0,3.412200117084205,0.1690929272249754,1.1136470033178563
19.575530290603638,0.1281815581792557,[0.17659295],5.0,0.6,0.0,2.8770985235635025,0.16546222737001426,1.1196708089298475
19.585763692855835,0.12779076074578233,[0.17573],5.0,0.6,0.0,2.873983907313509,0.16145937927572226,1.1254037602355553
19.59484052658081,0.12739996331230902,[0.17488215],5.0,0.6,0.0,2.7322347082657155,0.157952183355116,1.1315208645335346
19.605743885040283,0.12700916587883565,[0.17404816],5.0,0.6,0.0,2.2639523451982626,0.1551467651367952,1.1386060183736622
19.616134643554688,0.1266183684453623,[0.17322581],5.0,0.6,0.0,2.028370883835607,0.14016688390026108,1.1445670094641591
19.624725818634033,0.12642296972862566,[0.17241328],5.0,0.6,0.0,1.61210078019608,0.1529251999418709,1.1531335806332867
19.63473415374756,0.12642296972862566,[0.17161143],5.0,0.6,0.0,0.9213566843938705,0.14831254905269714,1.1640817881391208
19.642744064331055,0.12642296972862566,[0.17082109],5.0,0.6,0.0,0.26241706110496377,0.14400862088063593,1.1741419506849038
19.650758743286133,0.12622757101188897,[0.17004287],5.0,0.6,0.0,-0.5402703580216688,0.15280344911431015,1.1809440435543626
19.659725666046143,0.12622757101188897,[0.16927842],5.0,0.6,0.0,-0.9542123537990901,0.14571001980852089,1.1895907896802025
19.668763637542725,0.12622757101188897,[0.16852799],5.0,0.6,0.0,-1.704955515172097,0.13997137260136402,1.197008192649622
19.677754640579224,0.12622757101188897,[0.16779172],5.0,0.6,0.0,-2.1250096253452786,0.14637678639148888,1.2045050140308708
19.688312530517578,0.12622757101188897,[0.16706974],5.0,0.6,0.0,-2.333271464595073,0.12789722310128904,1.2122922038538675
19.695770978927612,0.12622757101188897,[0.16636105],5.0,0.6,0.0,-2.6818055452536274,0.13604989398256923,1.2192720177091942
19.703778505325317,0.12622757101188897,[0.16566583],5.0,0.6,0.0,-3.2531425054562986,0.13062303460757949,1.2248424865613954
19.712018966674805,0.12622757101188897,[0.1649842],5.0,0.6,0.0,-3.4725919006895154,0.12605355302309162,1.2316140719269966
19.721340894699097,0.12622757101188897,[0.16431526],5.0,0.6,0.0,-3.495367012099976,0.12234784124415447,1.2391504779335802
19.729756355285645,0.12622757101188897,[0.16365916],5.0,0.6,0.0,-3.6845796884850044,0.12923951163810185,1.2456092244037529
19.74032187461853,0.12622757101188897,[0.16301696],5.0,0.6,0.0,-3.847219896016875,0.1234525400637209,1.2519541580432347
19.74889349937439,0.12622757101188897,[0.16238851],5.0,0.6,0.0,-3.924235490394768,0.11884836904054669,1.2585453208697555
19.75772500038147,0.12622757101188897,[0.16177363],5.0,0.6,0.0,-3.9119561705205363,0.12478381405011783,1.265434275867876
19.76714253425598,0.12622757101188897,[0.16117219],5.0,0.6,0.0,-3.8263134849869846,0.10983964597713257,1.2725305873316797
19.777749061584473,0.12622757101188897,[0.16058313],5.0,0.6,0.0,-3.687404144142654,0.11701488950700606,1.2797127507827106
19.78874135017395,0.12622757101188897,[0.16000557],5.0,0.6,0.0,-3.513486865318977,0.10391131294008801,1.2868670558928612
19.800217151641846,0.12622757101188897,[0.15943797],5.0,0.6,0.0,-3.3191794710586087,0.10310507606242325,1.2939144689624609
19.80899739265442,0.12622757101188897,[0.15887901],5.0,0.6,0.0,-3.1153947108844005,0.10217233600592976,1.300802702673771
19.817726135253906,0.12622757101188897,[0.15832922],5.0,0.6,0.0,-2.9098926067884223,0.10923413528829876,1.3074855043870715
19.826725482940674,0.12622757101188897,[0.15778976],5.0,0.6,0.0,-2.707964206446409,0.10560624698269636,1.313928800930049
19.834904193878174,0.12622757101188897,[0.15726086],5.0,0.6,0.0,-2.513057364300801,0.10256234474250099,1.320121889631138
19.845122575759888,0.12622757101188897,[0.15674196],5.0,0.6,0.0,-2.327287075530487,0.10019022429657093,1.3260706741231045
19.854224681854248,0.12622757101188897,[0.15623259],5.0,0.6,0.0,-2.151827666907009,0.09804248177006517,1.3317849559008683
19.862723350524902,0.12622757101188897,[0.15573302],5.0,0.6,0.0,-1.987203717326396,0.10352808474795949,1.3372698252568305
19.872155904769897,0.12622757101188897,[0.15524352],5.0,0.6,0.0,-1.8335008913699764,0.09258204781381156,1.342532203242592
19.880449771881104,0.12622757101188897,[0.15476357],5.0,0.6,0.0,-1.6905161934558333,0.09847563838107243,1.347586729101259
19.88801860809326,0.12622757101188897,[0.15429338],5.0,0.6,0.0,-1.5578636310535208,0.09550034501948149,1.352441085270275
19.899819374084473,0.12622757101188897,[0.15383252],5.0,0.6,0.0,-1.4350476395698124,0.08647447491162252,1.3571084107727538
19.911113023757935,0.12622757101188897,[0.15337944],5.0,0.6,0.0,-1.3215134906289607,0.08661435020097667,1.3616117744085428
19.919719457626343,0.12622757101188897,[0.15293404],5.0,0.6,0.0,-1.216681421398127,0.09259302621778616,1.365959246815721
19.9307861328125,0.12622757101188897,[0.15249746],5.0,0.6,0.0,-1.1199693379309958,0.0902808459485305,1.370147163264423
19.940972089767456,0.12622757101188897,[0.15206951],5.0,0.6,0.0,-1.0308075536833607,0.08226843769977167,1.374183593061736
19.94877028465271,0.12622757101188897,[0.15164944],5.0,0.6,0.0,-0.9486480141472555,0.08814168175488207,1.3780810189773258
19.956761837005615,0.12622757101188897,[0.15123823],5.0,0.6,0.0,-0.8729697337503558,0.09194123906527067,1.3818358828354416
19.967939853668213,0.12622757101188897,[0.1508367],5.0,0.6,0.0,-0.8032816552666853,0.08286725205419647,1.3854459142233397
19.975748777389526,0.12622757101188897,[0.15044445],5.0,0.6,0.0,-0.7391237768477726,0.08727515128802579,1.3889194747112288
19.986191272735596,0.12622757101188897,[0.15006111],5.0,0.6,0.0,-0.6800671344271323,0.07934413085054251,1.3922640532391846
19.99374485015869,0.12622757101188897,[0.14968635],5.0,0.6,0.0,-0.6257130464447318,0.08386754662301955,1.3954864564371392
20.002193689346313,0.12622757101188897,[0.14932031],5.0,0.6,0.0,-0.5756919011507626,0.08161603756768743,1.398589175809371
20.010363578796387,0.12622757101188897,[0.14896353],5.0,0.6,0.0,-0.5296616781945147,0.08480515960218948,1.4015711447749095
20.019012928009033,0.12622757101188897,[0.14861642],5.0,0.6,0.0,-0.4873063344543649,0.08159060649236666,1.404432547273355
20.02873206138611,0.12642296972862566,[0.1482788],5.0,0.6,0.0,-0.4483341411189765,0.07810712580000545,1.4087365090423674
20.038393020629883,0.12622757101188897,[0.14794998],5.0,0.6,0.0,-0.4124760292542159,0.07703338408457762,1.4098169804120375
20.047765016555786,0.12622757101188897,[0.14762936],5.0,0.6,0.0,-0.3794839805262512,0.07532826312737619,1.4123562256967261
20.055734872817993,0.12622757101188897,[0.14731678],5.0,0.6,0.0,-0.3491294856203337,0.07845235704228212,1.414799748405668
20.064717054367065,0.12622757101188897,[0.14701248],5.0,0.6,0.0,-0.3212020832497952,0.07569842654050159,1.417148163149783
20.074740409851074,0.12622757101188897,[0.1467158],5.0,0.6,0.0,-0.2955079861270537,0.06919502307613402,1.419408994738479
20.08717703819275,0.12622757101188897,[0.14642531],5.0,0.6,0.0,-0.27186879591389934,0.0687292961062348,1.421595001214542
20.09501576423645,0.12642296972862566,[0.14614059],5.0,0.6,0.0,-0.2501203063151645,0.07159498616036268,1.4251427603600573
20.10482668876648,0.12622757101188897,[0.14586206],5.0,0.6,0.0,-0.23011139166225048,0.07065074393378579,1.425755400870986
20.113832235336304,0.12622757101188897,[0.14558968],5.0,0.6,0.0,-0.2117029772259973,0.06917537343932079,1.4277303047182066
20.123888731002808,0.12622757101188897,[0.14532298],5.0,0.6,0.0,-0.19476708687568473,0.06775491653069793,1.4296405547458253
20.134777784347534,0.12622757101188897,[0.14506153],5.0,0.6,0.0,-0.17918596340509646,0.06666205270037345,1.4314904913656514
20.143718481063843,0.12642296972862566,[0.14480499],5.0,0.6,0.0,-0.1648512567683303,0.064560063819981,1.4346329782111393
20.153708457946777,0.12622757101188897,[0.14455301],5.0,0.6,0.0,-0.15166327553182019,0.06469804017422762,1.4350243743175002
20.163987398147583,0.12642296972862566,[0.14430534],5.0,0.6,0.0,-0.13953029700274783,0.06277277910953866,1.4380319505549817
20.17334485054016,0.12622757101188897,[0.14406171],5.0,0.6,0.0,-0.12836793170196098,0.06288361651782756,1.438357378998415
20.181780338287354,0.12622757101188897,[0.14382191],5.0,0.6,0.0,-0.11809853808740822,0.06201098316123369,1.4399550478180059
20.190694093704224,0.12642296972862566,[0.14358607],5.0,0.6,0.0,-0.10865068368553851,0.06387829206319423,1.442778685089236
20.20068383216858,0.12622757101188897,[0.1433546],5.0,0.6,0.0,-0.099958649042282,0.06284560071889825,1.4430132929928416
20.20975422859192,0.12622757101188897,[0.14312716],5.0,0.6,0.0,-0.09196197115501006,0.057631296977808145,1.4444751710611694
20.22372531890869,0.12622757101188897,[0.14290279],5.0,0.6,0.0,-0.08460502328788694,0.057420055819948516,1.4459002009772544
20.234178066253662,0.12622757101188897,[0.142681],5.0,0.6,0.0,-0.07783662830255028,0.056842708981051634,1.4472920682566355
20.24478244781494,0.12622757101188897,[0.14246168],5.0,0.6,0.0,-0.07160970285273224,0.056280869034165334,1.448651981558166
20.253780841827393,0.12622757101188897,[0.14224472],5.0,0.6,0.0,-0.06588092999458395,0.055646764090551734,1.4499810593533637
20.263696908950806,0.12622757101188897,[0.14202975],5.0,0.6,0.0,-0.06061045795406633,0.051597667056044114,1.4512821068374713
20.27273464202881,0.12622757101188897,[0.14181643],5.0,0.6,0.0,-0.055761622969075414,0.05534527860647356,1.4525573801678937
20.28176259994507,0.12622757101188897,[0.14160543],5.0,0.6,0.0,-0.0513006942874836,0.05755721834031537,1.4538033273838604
20.29123091697693,0.12622757101188897,[0.14139729],5.0,0.6,0.0,-0.047196639553638724,0.052289033536431176,1.4550173110133984
20.300718545913696,0.12622757101188897,[0.14119182],5.0,0.6,0.0,-0.043420908955755365,0.05494098235476806,1.4562009112556402
20.309690952301025,0.12622757101188897,[0.14098918],5.0,0.6,0.0,-0.039947236635780314,0.05333692760991424,1.4573538104173074
20.317728281021118,0.12622757101188897,[0.14078947],5.0,0.6,0.0,-0.036751457982457617,0.05194616319834159,1.4584759130068141
20.328701496124268,0.12622757101188897,[0.14059249],5.0,0.6,0.0,-0.03381134153813883,0.05073987705845162,1.4595690024653138
20.337477207183838,0.12622757101188897,[0.14039802],5.0,0.6,0.0,-0.031106434351082263,0.04970004896302598,1.4606346820119596
20.3472158908844,0.12622757101188897,[0.14020591],5.0,0.6,0.0,-0.02861791969819184,0.04883728278184893,1.4616743256671387
20.3570876121521,0.12622757101188897,[0.14001601],5.0,0.6,0.0,-0.026328486188973772,0.047957147866477846,1.462689102952345
20.36573815345764,0.12622757101188897,[0.13982848],5.0,0.6,0.0,-0.02422220734050199,0.05017023321651893,1.4636786345631747
20.37462091445923,0.12622757101188897,[0.13964372],5.0,0.6,0.0,-0.022284430785914126,0.04860910178413414,1.464641288558983
20.385266304016113,0.12622757101188897,[0.13946178],5.0,0.6,0.0,-0.02050167634589759,0.04725456966773379,1.4655772494111647
20.39384651184082,0.12622757101188897,[0.13928243],5.0,0.6,0.0,-0.018861542254225386,0.046029464328293995,1.4664882485622348
20.40473961830139,0.12622757101188897,[0.13910544],5.0,0.6,0.0,-0.017352618885087094,0.044995079484312715,1.4673758987999492
20.41273784637451,0.12622757101188897,[0.13893061],5.0,0.6,0.0,-0.015964409382119942,0.04410458078023851,1.468241622895107
20.42170286178589,0.12622757101188897,[0.13875801],5.0,0.6,0.0,-0.014687256637038211,0.046098387734731294,1.469085392032527
20.43069863319397,0.12622757101188897,[0.13858798],5.0,0.6,0.0,-0.013512276109916642,0.04455552481719362,1.4699060437648186
20.440385580062866,0.12622757101188897,[0.13842051],5.0,0.6,0.0,-0.01243129402381238,0.043140600165844256,1.470704023363638
20.451053619384766,0.12622757101188897,[0.13825507],5.0,0.6,0.0,-0.011436790503789724,0.03917405154948923,1.4714823035252689
20.460634231567383,0.1260321722951523,[0.13809118],5.0,0.6,0.0,-0.010521847264804181,0.04285286707429324,1.4713348497985506
20.471864223480225,0.12622757101188897,[0.13792872],5.0,0.6,0.0,-0.009680099484542192,0.03790420138462279,1.4729880714805703
20.480457067489624,0.12622757101188897,[0.13776754],5.0,0.6,0.0,-0.00890569152642447,0.040284747820518954,1.4737173165093214
20.492549896240234,0.12622757101188897,[0.13760751],5.0,0.6,0.0,-0.008193236204762446,0.036608347023624935,1.474431900259304
20.50367832183838,0.12622757101188897,[0.13744829],5.0,0.6,0.0,-0.007537777308697812,0.03636386393191836,1.4751334575069195
20.51453399658203,0.12622757101188897,[0.1372896],5.0,0.6,0.0,-0.0069347551242234596,0.036069227026806455,1.4758233094228301
20.525643348693848,0.12622757101188897,[0.13713145],5.0,0.6,0.0,-0.006379974714440606,0.03542881123915712,1.4765015554439422
20.53470253944397,0.12622757101188897,[0.13697381],5.0,0.6,0.0,-0.005869576737393864,0.03505413297797837,1.4771683199723364
20.54525399208069,0.12622757101188897,[0.1368167],5.0,0.6,0.0,-0.005400010598478317,0.03442429051597522,1.4778236380138103
20.553133010864258,0.12622757101188897,[0.13666014],5.0,0.6,0.0,-0.004968009750653219,0.03391672102667555,1.4784675045695195
20.561259031295776,0.12622757101188897,[0.13650438],5.0,0.6,0.0,-0.004570568970638186,0.035921606545229086,1.4790989392097553
20.57067608833313,0.12622757101188897,[0.13634988],5.0,0.6,0.0,-0.004204923453013182,0.03439198273090097,1.479716281924662
20.579010248184204,0.12622757101188897,[0.13619676],5.0,0.6,0.0,-0.0038685295767903636,0.033183379500140435,1.4803192930375833
20.58667016029358,0.12622757101188897,[0.13604509],5.0,0.6,0.0,-0.0035590472106599,0.03476178015460633,1.4809078437281238
20.59742522239685,0.1260321722951523,[0.13589497],5.0,0.6,0.0,-0.003274323433816044,0.03140452493295469,1.4807330757411374
20.608020782470703,0.1260321722951523,[0.13574595],5.0,0.6,0.0,-0.003012377559117021,0.030876734679457334,1.4813054317516765
20.61817240715027,0.1260321722951523,[0.13559772],5.0,0.6,0.0,-0.0027713873543920384,0.03033299982510154,1.4818664845792242
20.627710819244385,0.1260321722951523,[0.1354502],5.0,0.6,0.0,-0.00254967636604374,0.029567515661403844,1.4824165616402798
20.636706113815308,0.1260321722951523,[0.13530356],5.0,0.6,0.0,-0.00234570225676239,0.03141266183126686,1.4829552196114746
20.648214101791382,0.1260321722951523,[0.1351579],5.0,0.6,0.0,-0.002158046076222899,0.0275570131544488,1.4834821483793041
20.657673835754395,0.12583677357841566,[0.13501313],5.0,0.6,0.0,-0.0019854023901261213,0.03060216298679344,1.483299929002745
20.66668725013733,0.1260321722951523,[0.13486936],5.0,0.6,0.0,-0.0018265701989167672,0.028441377633023027,1.4845021836898487
20.675708293914795,0.12583677357841566,[0.13472669],5.0,0.6,0.0,-0.00168044458300394,0.0283434185990123,1.484318120361975
20.68523097038269,0.12583677357841566,[0.134585],5.0,0.6,0.0,-0.0015460090163639836,0.027489763915352117,1.484810248566814
20.6945538520813,0.12583677357841566,[0.13444417],5.0,0.6,0.0,-0.0014223282950551175,0.02680129067309174,1.4852917854510075
20.70523762702942,0.12583677357841566,[0.13430389],5.0,0.6,0.0,-0.0013085420314508825,0.023503907358769047,1.4857638833373628
20.714714288711548,0.12564137486167898,[0.13416389],5.0,0.6,0.0,-0.0012038586689349367,0.02686367287686716,1.4855783470746406
20.723860502243042,0.12583677357841566,[0.13402438],5.0,0.6,0.0,-0.0011075499754202283,0.025235389086870785,1.486682087040181
20.734169960021973,0.12564137486167898,[0.13388559],5.0,0.6,0.0,-0.2770573056560677,0.025529762071471566,1.4864414194130553
20.74167037010193,0.12564137486167898,[0.13374769],5.0,0.6,0.0,-0.3101003931393185,0.027331774017158583,1.4868719416186533
20.753657579421997,0.12564137486167898,[0.13361084],5.0,0.6,0.0,-0.2549281421235183,0.023772876297271706,1.4873294833252126
20.764369249343872,0.1254459761449423,[0.13347478],5.0,0.6,0.0,-0.1787741420985432,0.02450364392037101,1.487166611967467
20.77400279045105,0.1254459761449423,[0.13333931],5.0,0.6,0.0,-0.10818798919217651,0.024011990321506138,1.487607674493379
20.782800912857056,0.1254459761449423,[0.13320445],5.0,0.6,0.0,-0.05150779623990556,0.023728679913727183,1.488031426774662
20.790685892105103,0.1254459761449423,[0.13307047],5.0,0.6,0.0,-0.00945646549890597,0.025485337715470104,1.4884406937259458
20.799719095230103,0.1252505774282056,[0.1329378],5.0,0.6,0.0,0.020008096355261185,0.025529382692415042,1.4882505865827178
20.808693170547485,0.12505517871146896,[0.13280663],5.0,0.6,0.0,-0.2364570049593675,0.02566869871912041,1.4880132888423918
20.817701816558838,0.12505517871146896,[0.13267691],5.0,0.6,0.0,-0.2573872448263753,0.02512890083099699,1.4883997669406899
20.828331232070923,0.12505517871146896,[0.13254859],5.0,0.6,0.0,-0.1954098667946017,0.02448613486596491,1.4888041528404006
20.835691213607788,0.12485977999473229,[0.13242185],5.0,0.6,0.0,-0.11616701922392217,0.02699564560869806,1.488618130455365
20.845230102539062,0.12466438127799562,[0.132297],5.0,0.6,0.0,-0.045026827269457226,0.026724954918859792,1.488414745361336
20.853083610534668,0.12446898256125893,[0.1321741],5.0,0.6,0.0,-0.2655103646462081,0.027058378079685478,1.4881439702394776
20.86075448989868,0.12446898256125893,[0.13205322],5.0,0.6,0.0,-0.25878038671159287,0.02828810505109621,1.4885119346098987
20.871098279953003,0.12407818512778561,[0.13193442],5.0,0.6,0.0,-0.4530993476924376,0.027539405075514587,1.4875789850896077
20.879259824752808,0.12407818512778561,[0.13181758],5.0,0.6,0.0,-0.3937599125667086,0.029040127923765074,1.4879764147644754
20.88972020149231,0.12388278641104894,[0.13170274],5.0,0.6,0.0,-0.5353302072964322,0.029223478993306316,1.4876308541700083
20.898022174835205,0.12368738769431226,[0.13158993],5.0,0.6,0.0,-0.43223275687472495,0.029620067425246005,1.4874485905986816
20.90728497505188,0.12349198897757559,[0.13147899],5.0,0.6,0.0,-0.2647540150118858,0.029986490985773495,1.4872704247668467
20.916682481765747,0.12329659026083893,[0.13136996],5.0,0.6,0.0,-0.3812267697574794,0.03235332304925835,1.4869405494963754
20.926944971084595,0.12290579282736558,[0.13126286],5.0,0.6,0.0,-0.28638900209355544,0.03165066436913223,1.486067922427745
20.93568992614746,0.12271039411062891,[0.13115754],5.0,0.6,0.0,-0.13809175404478946,0.03407489141006829,1.4858163081128877
20.945400714874268,0.12251499539389225,[0.131054],5.0,0.6,0.0,0.0009000706071680131,0.03430716272682293,1.4855228861989531
20.954865217208862,0.12231959667715558,[0.13095227],5.0,0.6,0.0,-0.16556205828448672,0.034652105892668914,1.485185511842622
20.967240571975708,0.1221241979604189,[0.13085202],5.0,0.6,0.0,-0.12072745134967608,0.03360646272098505,1.4848696292490486
20.974653005599976,0.12192879924368223,[0.130753],5.0,0.6,0.0,-0.014925141380157617,0.036134329982766465,1.484547165958189
20.984964609146118,0.12173340052694555,[0.13065528],5.0,0.6,0.0,0.09058543176888953,0.036700900520628306,1.4841999514304616
20.995645999908447,0.12134260309347221,[0.13055895],5.0,0.6,0.0,0.17486803158219622,0.03811560697255632,1.4831325237764907
21.00612711906433,0.12114720437673555,[0.13046378],5.0,0.6,0.0,0.23420311363787816,0.037246565186872235,1.4827492558916522
21.014670372009277,0.12095180565999888,[0.13036961],5.0,0.6,0.0,0.27142099202137493,0.039677139255768434,1.482362583276668
21.02555012702942,0.12075640694326222,[0.13027652],5.0,0.6,0.0,0.2911886820253084,0.040139761456386716,1.4819736591801203
21.037714958190918,0.12036560950978886,[0.13018463],5.0,0.6,0.0,0.2980872860859661,0.04170180312646952,1.4808359416724275
21.047971487045288,0.12017021079305219,[0.13009377],5.0,0.6,0.0,0.29595426226833677,0.04101775455752533,1.480432077476218
21.0584499835968,0.11997481207631551,[0.13000371],5.0,0.6,0.0,0.2877668776520283,0.04209982575593755,1.480023586172846
21.068129062652588,0.11977941335957885,[0.12991437],5.0,0.6,0.0,0.2757323894038154,0.04310936158593278,1.4796095000370455
21.0756733417511,0.1195840146428422,[0.12982598],5.0,0.6,0.0,0.26143689788044977,0.045289974787444114,1.4791881114039112
21.086564540863037,0.11938861592610552,[0.12973868],5.0,0.6,0.0,0.24599226391735626,0.04448205387427575,1.478758058835364
21.095646858215332,0.11919321720936885,[0.12965252],5.0,0.6,0.0,0.5061985390533268,0.046373298314646996,1.4781675153410703
21.105664014816284,0.11919321720936885,[0.12956761],5.0,0.6,0.0,0.5236124724960438,0.045937184780552726,1.4785003490562467
21.11470866203308,0.11880241977589551,[0.1294841],5.0,0.6,0.0,0.4532552748894648,0.04738079655839185,1.4772858259551704
21.12603497505188,0.11860702105915884,[0.12940187],5.0,0.6,0.0,0.36256457733159125,0.046851438002355784,1.4768658730667157
21.134087562561035,0.11841162234242215,[0.12932084],5.0,0.6,0.0,0.27820695039741516,0.049097281478912624,1.476421209716957
21.144436836242676,0.1182162236256855,[0.12924116],5.0,0.6,0.0,0.20857803791679483,0.049581278057596635,1.4759508932103027
21.15575861930847,0.11802082490894884,[0.12916292],5.0,0.6,0.0,0.1544183284065358,0.050223077340446474,1.475458707379963
21.1664617061615,0.11802082490894884,[0.12908603],5.0,0.6,0.0,0.11367702711880212,0.049006327332141233,1.4758000245008374
21.174681186676025,0.11802082490894884,[0.12901051],5.0,0.6,0.0,0.35967153587664763,0.04844890495800073,1.4760384511257645
21.186545610427856,0.11782542619221216,[0.12893658],5.0,0.6,0.0,0.37090160069598,0.04845234467210546,1.4755083829650242
21.197343587875366,0.11763002747547549,[0.12886414],5.0,0.6,0.0,0.29995298304308415,0.04867736924453091,1.4750078767042334
21.206645965576172,0.11743462875873882,[0.1287929],5.0,0.6,0.0,0.4884619908703463,0.05001932044493603,1.4743503839862249
21.2156503200531,0.11743462875873882,[0.12872291],5.0,0.6,0.0,0.4427997390459145,0.05108086284271986,1.4746909890664384
21.225679874420166,0.11723923004200215,[0.12865438],5.0,0.6,0.0,0.3250965725917259,0.051876479161177214,1.4741968485942263
21.23468518257141,0.11704383132526547,[0.12858731],5.0,0.6,0.0,0.20265867438195329,0.05182355359466976,1.4736710418885637
21.24306082725525,0.11704383132526547,[0.12852161],5.0,0.6,0.0,0.09952748911415496,0.05282077050471466,1.4739888037821396
21.253411054611206,0.1168484326085288,[0.12845739],5.0,0.6,0.0,0.021013660745184508,0.05354618687929751,1.4734060863722742
21.265669107437134,0.1168484326085288,[0.12839471],5.0,0.6,0.0,0.24113044443747778,0.05308373368819862,1.4736457522169133
21.274760246276855,0.1168484326085288,[0.12833352],5.0,0.6,0.0,0.2366521713000354,0.052807714631559824,1.4739218237630145
21.284409284591675,0.11665303389179212,[0.12827378],5.0,0.6,0.0,0.1578653357039299,0.05349574105358915,1.4733345460597862
21.296825408935547,0.11665303389179212,[0.12821539],5.0,0.6,0.0,0.06822625773094526,0.052528450289006816,1.473613182297633
21.304689168930054,0.11665303389179212,[0.12815823],5.0,0.6,0.0,0.26734382711338445,0.052935888289910804,1.473820244679231
21.31464123725891,0.11645763517505547,[0.1281023],5.0,0.6,0.0,0.24236221315756534,0.053563584064029376,1.4732010469500187
21.323161363601685,0.11645763517505547,[0.12804762],5.0,0.6,0.0,0.14705882226054395,0.0532408552318803,1.4734760306158625
21.33295965194702,0.11645763517505547,[0.1279941],5.0,0.6,0.0,0.04545475759175928,0.05294363707470437,1.4737315958451962
21.341371297836304,0.11645763517505547,[0.12794175],5.0,0.6,0.0,-0.03941880883556242,0.05349730446679857,1.4739667072220493
21.34965205192566,0.11645763517505547,[0.12789063],5.0,0.6,0.0,0.1737322081767648,0.05286744587484576,1.4741736374331942
21.35765790939331,0.1162622364583188,[0.1278407],5.0,0.6,0.0,0.1642253016475137,0.053255940701664554,1.4735240368884832
21.36853289604187,0.1162622364583188,[0.12779181],5.0,0.6,0.0,0.08285815235866203,0.052709035772687665,1.4737589740226678
21.37667226791382,0.1162622364583188,[0.12774389],5.0,0.6,0.0,-0.007182534562203205,0.05315327261261568,1.4739788191001768
21.385055780410767,0.1162622364583188,[0.12769694],5.0,0.6,0.0,-0.08282217967086458,0.052641620001138985,1.474183364733413
21.395708322525024,0.11645763517505547,[0.12765089],5.0,0.6,0.0,-0.1384592905893013,0.051214665508825995,1.4752392987288234
21.404603481292725,0.1162622364583188,[0.12760556],5.0,0.6,0.0,-0.1754230229369111,0.05161261638381621,1.4745711835412025
21.414402723312378,0.1162622364583188,[0.1275608],5.0,0.6,0.0,-0.1972457419634252,0.05124694673289481,1.4747627078247292
21.422667980194092,0.1162622364583188,[0.12751653],5.0,0.6,0.0,0.06835857049673258,0.05170793639510918,1.4749828748721334
21.432209253311157,0.1162622364583188,[0.12747269],5.0,0.6,0.0,0.09919090520352769,0.050122858280080985,1.4751710799288746
21.44062066078186,0.1162622364583188,[0.12742914],5.0,0.6,0.0,0.047378228617005136,0.050717588296268074,1.4753668059716143
21.451102256774902,0.1162622364583188,[0.12738575],5.0,0.6,0.0,-0.021770271797929105,0.049393215072708864,1.4755568044094187
21.4586284160614,0.1162622364583188,[0.1273425],5.0,0.6,0.0,-0.08310144914519971,0.04915515521605019,1.4757394124500691
21.470786094665527,0.1162622364583188,[0.12729944],5.0,0.6,0.0,-0.12926530737895842,0.048064863909919625,1.4759180045214544
21.481854915618896,0.1162622364583188,[0.12725643],5.0,0.6,0.0,-0.16022297210520503,0.04819357849901645,1.476096273077606
21.491657972335815,0.1162622364583188,[0.12721332],5.0,0.6,0.0,-0.17847961055878295,0.04829827325108037,1.4762764107312072
21.500676155090332,0.1162622364583188,[0.12717003],5.0,0.6,0.0,-0.18703600191967729,0.04814937719672323,1.4764588767094946
21.510658025741577,0.1162622364583188,[0.1271265],5.0,0.6,0.0,-0.18859876733512096,0.048065740296265154,1.4766435472531203
21.5207257270813,0.1162622364583188,[0.12708261],5.0,0.6,0.0,-0.1853494745591736,0.047187062786047014,1.4768303568458139
21.53191089630127,0.11645763517505547,[0.12703821],5.0,0.6,0.0,-0.1789438709783185,0.04626908683878953,1.4778352265947876
21.5396831035614,0.1162622364583188,[0.12699333],5.0,0.6,0.0,-0.17059167354690521,0.048148876398818256,1.477210254700733
21.549673080444336,0.1162622364583188,[0.12694816],5.0,0.6,0.0,-0.16115249032501827,0.047911666771006826,1.4774016994315853
21.55898380279541,0.1162622364583188,[0.12690273],5.0,0.6,0.0,-0.15122291260685727,0.046992699039647395,1.4775934058011784
21.56835150718689,0.1162622364583188,[0.12685703],5.0,0.6,0.0,-0.1412073726760642,0.04778699121626829,1.4777853442618671
21.57573127746582,0.1162622364583188,[0.12681127],5.0,0.6,0.0,-0.13137261702754127,0.04836886364453935,1.4779765913920442
21.58470892906189,0.1162622364583188,[0.12676568],5.0,0.6,0.0,-0.1218882060867986,0.047814044475830604,1.4781661080719286
21.592639207839966,0.1162622364583188,[0.12672042],5.0,0.6,0.0,-0.11285598574766059,0.04831588925237912,1.478353334795354
21.60165309906006,0.1162622364583188,[0.12667559],5.0,0.6,0.0,-0.10433122081770346,0.04770085158691217,1.4785377902789274
21.612542390823364,0.1162622364583188,[0.12663118],5.0,0.6,0.0,-0.09633758721638178,0.04661997762736212,1.478719636614093
21.62272548675537,0.1162622364583188,[0.12658703],5.0,0.6,0.0,-0.08887771724053552,0.04657229881236867,1.4788995100104998
21.631849765777588,0.1162622364583188,[0.12654318],5.0,0.6,0.0,-0.08194056184061665,0.04721791456787881,1.4790773299034363
21.641854524612427,0.1162622364583188,[0.12649977],5.0,0.6,0.0,-0.07550649331804368,0.04687347312524598,1.4792524982675759
21.651694297790527,0.1162622364583188,[0.12645688],5.0,0.6,0.0,-0.06955081386944834,0.04665331023022109,1.4794247832147958
21.66120457649231,0.1162622364583188,[0.12641453],5.0,0.6,0.0,-0.0640461450314735,0.04661784693275404,1.479594160594576
21.669739246368408,0.1162622364583188,[0.12637275],5.0,0.6,0.0,-0.05896403494895615,0.046485840185857746,1.4797604979099597
21.679688215255737,0.1162622364583188,[0.12633163],5.0,0.6,0.0,-0.054276021281986844,0.04687101887323719,1.4799234966745356
21.69263219833374,0.1162622364583188,[0.12629125],5.0,0.6,0.0,-0.04995431700216421,0.04614219181242466,1.4800829184060063
21.704293966293335,0.1162622364583188,[0.12625151],5.0,0.6,0.0,-0.0459722363541433,0.04540860560669402,1.480239144856508
21.711613655090332,0.1162622364583188,[0.12621232],5.0,0.6,0.0,-0.042304443002436715,0.04593795081613015,1.4803925871849137
21.721803903579712,0.1162622364583188,[0.12617374],5.0,0.6,0.0,-0.038927077580938406,0.0458559108864084,1.4805430407217324
21.733081579208374,0.1162622364583188,[0.12613582],5.0,0.6,0.0,-0.03581780445208051,0.0454223255079149,1.4806903810206966
21.742631912231445,0.1162622364583188,[0.12609855],5.0,0.6,0.0,-0.03295580528251092,0.04589573638874825,1.4808346146541915
21.75076913833618,0.11645763517505547,[0.12606202],5.0,0.6,0.0,-0.030321738506660232,0.04478317347215084,1.4817196293665942
21.758748769760132,0.11645763517505547,[0.12602632],5.0,0.6,0.0,-0.027897677786918783,0.045101752242145236,1.48185411036425
21.77395534515381,0.1162622364583188,[0.12599147],5.0,0.6,0.0,-0.025667038420552322,0.0449535603333579,1.4812459843797503
21.783974170684814,0.1162622364583188,[0.12595734],5.0,0.6,0.0,-0.02361449774853558,0.04500242869285966,1.481376168330816
21.793293476104736,0.1162622364583188,[0.12592387],5.0,0.6,0.0,-0.021725913610800267,0.04500187436116716,1.4815034176889366
21.80188822746277,0.1162622364583188,[0.12589107],5.0,0.6,0.0,-0.019988243499943624,0.045047728767341165,1.481627664397353
21.813568830490112,0.1162622364583188,[0.12585899],5.0,0.6,0.0,-0.0183894661048054,0.04505794931796694,1.4817488133014773
21.82209062576294,0.1162622364583188,[0.12582765],5.0,0.6,0.0,-0.016918506275947078,0.044980539553408035,1.4818667898914584
21.829618215560913,0.1162622364583188,[0.12579708],5.0,0.6,0.0,-0.015565163995602597,0.04521631670699232,1.4819814778335525
21.83862805366516,0.1162622364583188,[0.12576734],5.0,0.6,0.0,-0.014320047631197768,0.04501848356039382,1.4820927189174253
21.846632480621338,0.1162622364583188,[0.12573846],5.0,0.6,0.0,-0.013174511549388099,0.04517103797791844,1.482200418352529
21.85862112045288,0.1162622364583188,[0.12571042],5.0,0.6,0.0,-0.01212059803552522,0.0444379539319624,1.4823046972110372
21.86954379081726,0.1162622364583188,[0.1256831],5.0,0.6,0.0,-0.011150983379748874,0.044305323454360494,1.48240598525295
21.878478527069092,0.1162622364583188,[0.12565646],5.0,0.6,0.0,-0.01025892794031689,0.04469048310074153,1.4825044914415149
21.887146949768066,0.11645763517505547,[0.12563054],5.0,0.6,0.0,-0.009438229966756088,0.04355166831325166,1.4833123135797353
21.896825551986694,0.11645763517505547,[0.12560533],5.0,0.6,0.0,-0.008683182952581277,0.043369250153515726,1.4834031391686398
21.906631469726562,0.1162622364583188,[0.12558079],5.0,0.6,0.0,-0.007988536284591,0.04416326608676911,1.482782790961212
21.9184353351593,0.1162622364583188,[0.12555684],5.0,0.6,0.0,-0.007349458959575178,0.04376012274415018,1.482870443737155
21.928616523742676,0.1162622364583188,[0.12553337],5.0,0.6,0.0,-0.006761506147235247,0.04378994639116238,1.482956083046831
21.93958830833435,0.1162622364583188,[0.12551037],5.0,0.6,0.0,-0.006220588388554732,0.04387483412848476,1.48303984786961
21.94906187057495,0.1162622364583188,[0.12548782],5.0,0.6,0.0,-0.0057229432306391765,0.04376121010116818,1.4831217460251582
21.95857286453247,0.11645763517505547,[0.12546572],5.0,0.6,0.0,-0.0052651091114062284,0.04276268905391873,1.4839018403629773
21.96869730949402,0.1162622364583188,[0.12544405],5.0,0.6,0.0,-0.004843901319946458,0.04367979839003048,1.4832802058168377
21.978629112243652,0.1162622364583188,[0.12542279],5.0,0.6,0.0,-0.0044563898705676595,0.04361164420025774,1.4833568836276414
21.989371299743652,0.1162622364583188,[0.12540195],5.0,0.6,0.0,-0.00409987914027409,0.04372224502396444,1.4834318839178648
21.99871802330017,0.1162622364583188,[0.12538155],5.0,0.6,0.0,-0.0037718891305984505,0.04361578588235702,1.4835051640047396
22.00850772857666,0.1162622364583188,[0.12536159],5.0,0.6,0.0,-0.0034701382252329783,0.04361326325152313,1.483576715012073
22.01664090156555,0.11645763517505547,[0.12534209],5.0,0.6,0.0,-0.0031925273247720223,0.04290709702044744,1.4843372440368443
22.02659583091736,0.1162622364583188,[0.12532312],5.0,0.6,0.0,-0.0029371252490806355,0.04378681608965796,1.4837141443094173
22.036031484603882,0.1162622364583188,[0.12530325],5.0,0.6,0.0,-0.0027021553063574467,0.02770710971983517,1.4837849147809488
22.04363250732422,0.1162622364583188,[0.12527892],5.0,0.6,0.0,-0.0024859829358911353,0.022457588353308702,1.4838713721624843
22.055135011672974,0.1162622364583188,[0.12524784],5.0,0.6,0.0,-0.002287104338849444,0.029722455044340387,1.4839814607546447
22.067097425460815,0.1162622364583188,[0.12521077],5.0,0.6,0.0,-0.0021041360182222045,0.03514421315922767,1.4841123213933622
22.075740575790405,0.1162622364583188,[0.12516933],5.0,0.6,0.0,-0.0019358051553009356,0.03760174468334189,1.4842579411122512
22.085141897201538,0.1162622364583188,[0.12512473],5.0,0.6,0.0,-0.0017809407558524119,0.038546604571748175,1.4844139955062419
22.09362769126892,0.1162622364583188,[0.12507779],5.0,0.6,0.0,-0.0016384655044671074,0.03972367376149553,1.4845773568994345
22.10720658302307,0.1162622364583188,[0.12502946],5.0,0.6,0.0,-0.001507388270467763,0.04186042095313343,1.4847447053291738
22.11665654182434,0.11645763517505547,[0.12498082],5.0,0.6,0.0,-0.0013867972132809575,0.042078113602960855,1.4855761015013678
22.1275691986084,0.1162622364583188,[0.12493315],5.0,0.6,0.0,-0.001275853439333909,0.046948328279499435,1.4850755452546274
22.136306762695312,0.1162622364583188,[0.12488789],5.0,0.6,0.0,-0.0011737851663679976,0.047549722411528,1.4852297990044214
22.14941668510437,0.1162622364583188,[0.12484662],5.0,0.6,0.0,-0.001079882354585119,0.05342337495444121,1.485369762374034
22.158603191375732,0.1162622364583188,[0.12481105],5.0,0.6,0.0,-0.0009934917672869022,0.05323019249611011,1.4854898684591986
22.16989016532898,0.11645763517505547,[0.12478299],5.0,0.6,0.0,-0.0009140124266519643,0.06001315573495122,1.4862333378316206
22.177671432495117,0.11645763517505547,[0.12476431],5.0,0.6,0.0,-0.0008408914330434174,0.058754608520825286,1.4862946177526735
22.18803381919861,0.1162622364583188,[0.12475691],5.0,0.6,0.0,-0.0007736201187664707,0.06917785145484504,1.485671753119457
22.196807622909546,0.1162622364583188,[0.12476268],5.0,0.6,0.0,-0.0007117305095217224,0.06684102420534664,1.4856524042715322
22.2053861618042,0.1162622364583188,[0.12478294],5.0,0.6,0.0,-0.000654792068939583,0.07161089281141142,1.4855844375753822
22.21359658241272,0.1162622364583188,[0.12481841],5.0,0.6,0.0,-0.0006024087035501351,0.06936738323044796,1.4854650525208979
22.228893995285034,0.1162622364583188,[0.12487107],5.0,0.6,0.0,-0.0005542160073541279,0.09002497718289558,1.4852869108492872
22.238670587539673,0.1162622364583188,[0.12494474],5.0,0.6,0.0,-0.0005098787268274001,0.09219685224191482,1.4850359259989339
22.24863314628601,0.1162622364583188,[0.12504215],5.0,0.6,0.0,-0.00046908842872433017,0.09467447560338385,1.4847008612855594
22.25948429107666,0.1162622364583188,[0.12516441],5.0,0.6,0.0,-0.00043156135445656865,0.09773035625259796,1.4842752138177278
22.26992893218994,0.1162622364583188,[0.12531247],5.0,0.6,0.0,-0.000397036446121172,0.10107608932987483,1.4837520944165272
22.278865575790405,0.11645763517505547,[0.12548716],5.0,0.6,0.0,-0.0003652735304462693,0.10369471076097975,1.4838257731655813
22.288622856140137,0.11645763517505547,[0.12568912],5.0,0.6,0.0,-0.0003360516480209211,0.1072525413051982,1.4831003656559392
22.29745388031006,0.11645763517505547,[0.12591883],5.0,0.6,0.0,-0.0003091675161864949,0.11098956776300532,1.4822564661251434
22.305670738220215,0.11665303389179212,[0.12617562],5.0,0.6,0.0,-0.00028443411489664853,0.10326981022774362,1.4820275259124895
22.319191217422485,0.11665303389179212,[0.12645891],5.0,0.6,0.0,0.27577668029297253,0.12109616585184675,1.4808960946133367
22.32859444618225,0.1168484326085288,[0.12677014],5.0,0.6,0.0,0.30892221780526846,0.12359381196290266,1.4804334530432288
22.33859658241272,0.1168484326085288,[0.12711054],5.0,0.6,0.0,0.2538442208161903,0.12767396049056073,1.4791101224075247
22.346606254577637,0.11704383132526547,[0.12747897],5.0,0.6,0.0,0.45381529417448124,0.11827461240368335,1.4783037266481143
22.35456609725952,0.11723923004200215,[0.12787325],5.0,0.6,0.0,0.41643352103777487,0.12527396950593364,1.4775082730731126
22.366159915924072,0.11743462875873882,[0.128294],5.0,0.6,0.0,0.5807678256518813,0.1457995946214428,1.4764397433849277
22.37358570098877,0.11782542619221216,[0.12874301],5.0,0.6,0.0,0.7718619755172467,0.13332069843439662,1.4759998831252152
22.381551265716553,0.11802082490894884,[0.12921794],5.0,0.6,0.0,0.9260025633728913,0.12562067211511532,1.4745988023904368
22.396878957748413,0.11860702105915884,[0.12971856],5.0,0.6,0.0,1.303883721487039,0.16639791448953256,1.4743451604463984
22.406457662582397,0.11899781849263219,[0.13025069],5.0,0.6,0.0,1.3903269588462117,0.16784394487176718,1.4735557300723816
22.415596961975098,0.1195840146428422,[0.13081643],5.0,0.6,0.0,1.349819047117885,0.15190077718691095,1.4737278068307005
22.428913116455078,0.12036560950978886,[0.13141501],5.0,0.6,0.0,1.5359698997250328,0.1770492969392094,1.474124755592839
22.438602924346924,0.12095180565999888,[0.13204947],5.0,0.6,0.0,1.741304573656143,0.17979464669272607,1.4734172079018601
22.450002193450928,0.12192879924368223,[0.13272474],5.0,0.6,0.0,1.6168688354441056,0.20255307339933676,1.4750168278700526
22.457624673843384,0.12231959667715558,[0.13344146],5.0,0.6,0.0,1.666525748435613,0.2038339579930115,1.473501163888221
22.466590881347656,0.12310119154410225,[0.13419416],5.0,0.6,0.0,1.7428073726650495,0.20275034967393304,1.4734336865351454
22.475977420806885,0.12407818512778561,[0.13498272],5.0,0.6,0.0,1.7922549568375212,0.22535378153044955,1.474113339416145
22.485578775405884,0.12505517871146896,[0.13581145],5.0,0.6,0.0,2.0781982393155123,0.19804603181142705,1.473921487203047
22.494338750839233,0.12622757101188897,[0.13667969],5.0,0.6,0.0,2.0849871744265984,0.20193239673099866,1.475162016380391
22.50494408607483,0.12759536202904564,[0.1375898],5.0,0.6,0.0,1.975578665921316,0.2305921350919301,1.4773235616909977
22.51292109489441,0.128572355612729,[0.13854638],5.0,0.6,0.0,2.101873612875184,0.20374786050530738,1.4770225067608658
22.52081322669983,0.12974474791314905,[0.13954556],5.0,0.6,0.0,2.254846549211168,0.18330514132698444,1.4772016961395962
22.532609224319458,0.1313079376470424,[0.14058432],5.0,0.6,0.0,2.3602867816338264,0.22278556068525343,1.478807118927247
22.541465520858765,0.1326757286641991,[0.14166561],5.0,0.6,0.0,2.1260260381777956,0.19770648412292363,1.480612946313585
22.552035570144653,0.1346297158315658,[0.14279219],5.0,0.6,0.0,2.0774171689660244,0.23454423249360837,1.4835608968649776
22.5614275932312,0.1359975068487225,[0.14396668],5.0,0.6,0.0,2.0728948823835367,0.20691738680021945,1.48419037997269
22.571571826934814,0.1379514940160892,[0.14518821],5.0,0.6,0.0,2.058552971269762,0.21431674546246351,1.4864360807004515
22.581530332565308,0.14010087990019257,[0.14645625],5.0,0.6,0.0,2.0190714685132924,0.21932937643780767,1.4889289343270011
22.591376066207886,0.14205486706755927,[0.1477771],5.0,0.6,0.0,1.9547676451494371,0.2537447092665134,1.490636249672135
22.600582122802734,0.144008854234926,[0.14915981],5.0,0.6,0.0,1.871231549247344,0.249980552423538,1.4921078533418521
22.612569570541382,0.1465490375525027,[0.15060875],5.0,0.6,0.0,2.0509581008970494,0.24468813980684437,1.493587683811859
22.621564388275146,0.14869842343660605,[0.15212041],5.0,0.6,0.0,1.9806573233555615,0.21096167129529886,1.4947489625005212
22.632344245910645,0.15123860675418274,[0.15369175],5.0,0.6,0.0,1.8194370056671016,0.24876774258360065,1.496338980945515
22.64161443710327,0.15377879007175946,[0.15532769],5.0,0.6,0.0,1.637739212344147,0.244660996869922,1.4975276530244626
22.651067972183228,0.1563189733893362,[0.15703231],5.0,0.6,0.0,1.1882790223713913,0.24159178122053648,1.498848240687442
22.65942883491516,0.15885915670691292,[0.15880094],5.0,0.6,0.0,0.9997757881824804,0.2066365395560504,1.4992558088574
22.668559074401855,0.1613993400244896,[0.16062533],5.0,0.6,0.0,0.919118998793679,0.21493675757663164,1.4992517302171722
22.679919719696045,0.16452571949227635,[0.16250674],5.0,0.6,0.0,0.8774841266288198,0.24943134974314224,1.498612236272671
22.688193321228027,0.16706590280985303,[0.16445029],5.0,0.6,0.0,0.8457951280018781,0.21308977972936466,1.4981004082483893
22.698128700256348,0.16960608612742978,[0.16645155],5.0,0.6,0.0,0.8131800688572709,0.21924007443973184,1.4975197595289327
22.7055721282959,0.1719508707282698,[0.16850672],5.0,0.6,0.0,0.5006671589584089,0.2250277037685588,1.4974438126216696
22.71436309814453,0.1748818514793199,[0.17061222],5.0,0.6,0.0,0.42743494776866064,0.19166296560506804,1.4962247025920543
22.722548961639404,0.17742203479689655,[0.1727604],5.0,0.6,0.0,0.16399766263745702,0.20568166139926938,1.4956432416204608
22.734580516815186,0.18133000913162997,[0.17494939],5.0,0.6,0.0,0.16343781559903056,0.20889390493870788,1.4918707231340311
22.743128776550293,0.18387019244920672,[0.17718233],5.0,0.6,0.0,-0.30640709858080295,0.21645576459241994,1.4910245047621002
22.75054693222046,0.1864103757667834,[0.1794571],5.0,0.6,0.0,-0.5583760258243008,0.18658352139271092,1.4901449564225084
22.76174569129944,0.19012295138478016,[0.1817721],5.0,0.6,0.0,-0.6856142767881979,0.2293180239953663,1.4857996691830457
22.774578094482422,0.1942263244362502,[0.18413596],5.0,0.6,0.0,-0.4642482513067281,0.22273385192555648,1.479682431275183
22.783637285232544,0.19735270390403695,[0.18655604],5.0,0.6,0.0,-0.7191969339930143,0.22111135797375714,1.4765712028041156
22.79257297515869,0.20047908337182369,[0.18903356],5.0,0.6,0.0,-1.0704483397910405,0.2199932400378238,1.4732879998161823
22.800583362579346,0.20321466540613706,[0.19156409],5.0,0.6,0.0,-1.373126075251951,0.1889520020964042,1.4718164251828345
22.808794021606445,0.20595024744045046,[0.19413842],5.0,0.6,0.0,-1.3101384465450003,0.20052279674503884,1.4712057411681023
22.81878137588501,0.20966282305844713,[0.19675391],5.0,0.6,0.0,-1.4016909183504593,0.20406435240964255,1.4657608197474983
22.827236890792847,0.21278920252623387,[0.19941358],5.0,0.6,0.0,-1.2327516821790105,0.2079773933998188,1.4637211853164227
22.835585832595825,0.2159155819940206,[0.20211991],5.0,0.6,0.0,-1.2732779104040741,0.210494101952385,1.4614458377104804
22.845033407211304,0.2194327588952807,[0.20486921],5.0,0.6,0.0,-1.3582726998772134,0.17792972714528493,1.4570962514675143
22.853450775146484,0.2225591383630674,[0.20765253],5.0,0.6,0.0,-1.149099723995099,0.18949618938983323,1.4555496697986152
22.861684799194336,0.22549011911411745,[0.21046764],5.0,0.6,0.0,-1.4232351157556549,0.19801962428119976,1.454362870204457
22.872311115264893,0.22978889088232424,[0.21331804],5.0,0.6,0.0,-1.2317545367162617,0.19669960494943348,1.4460597310154093
22.883666515350342,0.2336968652170576,[0.21620635],5.0,0.6,0.0,-1.187984230334743,0.19531154817986635,1.4396010299399626
22.89362096786499,0.23740944083505436,[0.21912874],5.0,0.6,0.0,-1.1858371791976046,0.16278364301950018,1.4343021652982701
22.90513277053833,0.24190361131999777,[0.22208153],5.0,0.6,0.0,-1.1832707098148694,0.19419046512784335,1.4233842006730522
22.91358208656311,0.24522538950452114,[0.22507248],5.0,0.6,0.0,-1.1668575684219271,0.19170150660196159,1.420970966029036
22.92267346382141,0.24854716768904456,[0.22810754],5.0,0.6,0.0,-1.4111403643639813,0.1892353822491608,1.4183597384102042
22.931665658950806,0.25186894587356795,[0.23117981],5.0,0.6,0.0,-1.3999814768478938,0.1591015712395297,1.4164970622955313
22.94157862663269,0.255386122774828,[0.23427719],5.0,0.6,0.0,-1.5679291378428628,0.16513761896845355,1.412911506719107
22.953555583953857,0.2598802932597714,[0.23739455],5.0,0.6,0.0,-1.4667855425364817,0.16345745788983745,1.4022240175720277
22.964465141296387,0.26417906502797817,[0.24053811],5.0,0.6,0.0,-1.556648778977599,0.1819682356978967,1.3924413260487798
22.973592519760132,0.2676962419292382,[0.24371255],5.0,0.6,0.0,-1.39622405529114,0.15258629361561646,1.389878274959433
22.982696056365967,0.271408817547235,[0.24691028],5.0,0.6,0.0,-1.4449709769592063,0.15358828161915966,1.3853369457332032
22.990580558776855,0.27433979829828503,[0.25012441],5.0,0.6,0.0,-1.5344696015910113,0.15704355055743743,1.3875890873817525
22.999585151672363,0.27785697519954505,[0.25335406],5.0,0.6,0.0,-1.60167190067805,0.15668953276721795,1.3849447118384255
23.008513927459717,0.2809833546673318,[0.25659796],5.0,0.6,0.0,-1.6297062833049614,0.15766005863846477,1.385897189435608
23.01953911781311,0.2852821264355385,[0.25985458],5.0,0.6,0.0,-1.6202455887329124,0.15249382004633127,1.3767493582916752
23.029550552368164,0.2889947020535353,[0.2631222],5.0,0.6,0.0,-1.857104423885376,0.1500109790637229,1.3721366987629853
23.038605213165283,0.292121081521322,[0.26639373],5.0,0.6,0.0,-1.8299513561649,0.1198645716616916,1.3735220535724606
23.048707246780396,0.29622445457279206,[0.26966283],5.0,0.6,0.0,-1.700986122312215,0.1523723638673012,1.3662498348051217
23.059603929519653,0.30032782762426213,[0.27293437],5.0,0.6,0.0,-1.8193672916079664,0.14584858967764217,1.3581808958211867
23.069589376449585,0.3038450045255222,[0.27621217],5.0,0.6,0.0,-1.6970308133733099,0.14220547492900118,1.3562353088237247
23.077571868896484,0.3065805865598356,[0.27948875],5.0,0.6,0.0,-1.776101173416566,0.11317807181452448,1.3611295517177668
23.086570024490356,0.3095115673108857,[0.2827525],5.0,0.6,0.0,-1.6076495932174364,0.1223219061175886,1.364652279698213
23.09457302093506,0.31244254806193567,[0.28599864],5.0,0.6,0.0,-1.6482483130582364,0.1288814065581629,1.3674650986760684
23.103047132492065,0.31556892752972243,[0.28922817],5.0,0.6,0.0,-1.4526301333067404,0.13225410638747315,1.3688624490789425
23.110557317733765,0.31830450956403583,[0.29244189],5.0,0.6,0.0,-1.476724364118365,0.13618847806877477,1.3731661279598935
23.11857533454895,0.32123549031508586,[0.29563044],5.0,0.6,0.0,-1.2732290352289553,0.13759703522100353,1.375903961399185
23.12822699546814,0.3245572684996093,[0.29878106],5.0,0.6,0.0,-1.295873591860666,0.16144158779550066,1.3743194320349008
23.13556671142578,0.327097451817186,[0.30189311],5.0,0.6,0.0,-1.371482242767898,0.1316621310588577,1.3792898597336742
23.146471738815308,0.3310054261519194,[0.30496636],5.0,0.6,0.0,-1.4333219014461658,0.1296599426941277,1.3716591239224365
23.15755581855774,0.3349134004866528,[0.30800076],5.0,0.6,0.0,-1.1857401869818356,0.1260344700983232,1.364099585137692
23.16757321357727,0.3384305773879129,[0.31100119],5.0,0.6,0.0,-1.1473747935487761,0.12345700993956511,1.3593208662360976
23.175572872161865,0.34097076070548954,[0.31397176],5.0,0.6,0.0,-1.169897982717508,0.12493771543331993,1.363322049406614
23.18359613418579,0.34370634273980294,[0.31691587],5.0,0.6,0.0,-0.9176707540705884,0.12484942533992706,1.3656545676060616
23.195589303970337,0.3476143170745364,[0.31983631],5.0,0.6,0.0,-0.8899233749597728,0.11847293702302987,1.3564054936124883
23.20732855796814,0.35171769012600645,[0.32273966],5.0,0.6,0.0,-0.6530130692525374,0.13571646459441064,1.3450827769832499
23.215579509735107,0.3544532721603198,[0.32563119],5.0,0.6,0.0,-0.6619674621131788,0.1004286396945703,1.3465994920937598
23.228002786636353,0.35875204392852655,[0.32851042],5.0,0.6,0.0,-0.7404453437238534,0.12019867435965308,1.332434189105587
23.23673939704895,0.3616830246795766,[0.33138077],5.0,0.6,0.0,-0.8175136470812807,0.11177938682852596,1.331733654867159
23.245853900909424,0.3646140054306266,[0.33424471],5.0,0.6,0.0,-0.593636565159566,0.10417796626706277,1.3312919626245483
23.25430679321289,0.3671541887482034,[0.33709545],5.0,0.6,0.0,-0.5843064356399819,0.0697983113248073,1.3344270015655393
23.262527465820312,0.3698897707825168,[0.33991878],5.0,0.6,0.0,-0.6388214721747976,0.04059583227135456,1.3352572113076924
23.271567821502686,0.3726253528168302,[0.34270277],5.0,0.6,0.0,-0.6958709375714887,0.0536882910282257,1.3356852118741789
23.281427145004272,0.37555633356788015,[0.34544568],5.0,0.6,0.0,-0.7345466393854543,0.060908348167751335,1.3337582670359078
23.29158043861389,0.3786827130356669,[0.34815019],5.0,0.6,0.0,-0.751143046308523,0.06340772579879235,1.3294827140007957
23.30254578590393,0.382199889936927,[0.3508224],5.0,0.6,0.0,-1.0245012460842478,0.0900231744149128,1.3204843896887342
23.314844131469727,0.38591246555492376,[0.35347492],5.0,0.6,0.0,-1.0402663105695655,0.10226014384793658,1.3094237183447555
23.326306104660034,0.3892342437394471,[0.35611797],5.0,0.6,0.0,-1.5096845468696205,0.08636312848041255,1.3013569263325073
23.3365740776062,0.3919698257737605,[0.35874853],5.0,0.6,0.0,-1.7418350653558146,0.04761547673420492,1.2996790005500722
23.349221229553223,0.3952916039582839,[0.36135997],5.0,0.6,0.0,-1.8325747594093844,0.07140186374759806,1.291824531833001
23.358912229537964,0.3978317872758606,[0.36395389],5.0,0.6,0.0,-1.8385487290125935,0.06363078168261393,1.2923873075101961
23.367347478866577,0.40017657187670064,[0.36653149],5.0,0.6,0.0,-1.5179921366912807,0.05759187929284107,1.2956880353489177
23.37632417678833,0.4025213564775407,[0.36908997],5.0,0.6,0.0,-1.134982550331098,0.05285513547276183,1.298731676769647
23.385115146636963,0.4046707423616441,[0.37162341],5.0,0.6,0.0,-0.7910151306947802,0.021018094568997427,1.3033179992346107
23.3945791721344,0.40701552696248405,[0.37412344],5.0,0.6,0.0,-0.7915192765848551,0.02681149704325846,1.3049647302429865
23.403212547302246,0.4089695141298508,[0.37658659],5.0,0.6,0.0,-0.617310887857577,0.03245894001014666,1.3105189391607701
23.410524606704712,0.41072810258048087,[0.37901353],5.0,0.6,0.0,-0.6885752858661175,0.037468266529680515,1.3174264572607945
23.42178463935852,0.4132682858980576,[0.38140499],5.0,0.6,0.0,-0.5410404224728553,0.03744424147977064,1.3160163190101408
23.429543018341064,0.41522227306542425,[0.38375849],5.0,0.6,0.0,-0.6206296955619086,0.010143675445691912,1.3200882248026689
23.439430236816406,0.4173716589495276,[0.38606896],5.0,0.6,0.0,-0.7507834223646621,0.019498706402075624,1.3216160006055202
23.449706315994263,0.4199118422671044,[0.38833881],5.0,0.6,0.0,-0.8634802941023382,0.05150958798823112,1.3186909658662542
23.458078145980835,0.4216704307177344,[0.39057362],5.0,0.6,0.0,-0.6627435296709623,0.021275555652354984,1.3238234230833492
23.46552586555481,0.42323362045162777,[0.3927688],5.0,0.6,0.0,-0.6673065569577422,-0.000676983093847095,1.3302569221488665
23.478524684906006,0.42577380376920443,[0.39492073],5.0,0.6,0.0,-0.7291014633097672,0.03751750617530821,1.3262473303252778
23.489866733551025,0.42792318965330783,[0.39703901],5.0,0.6,0.0,-1.0648731446329274,0.06275547614394197,1.3254821471652214
23.498451471328735,0.4294863793872012,[0.39913198],5.0,0.6,0.0,-1.136251890631093,0.03053392547486446,1.3307444631682788
23.508136987686157,0.43085417040435786,[0.40119753],5.0,0.6,0.0,-1.0952991270273729,0.03495535262402822,1.337806829585341
23.517547369003296,0.43261275885498784,[0.40323399],5.0,0.6,0.0,-1.28885141257093,0.03708601580836733,1.3402202119817284
23.530317068099976,0.43476214473909125,[0.40524599],5.0,0.6,0.0,-1.5056731727357833,0.062053689647929774,1.3384099132217606
23.53851819038391,0.43593453703951135,[0.40723463],5.0,0.6,0.0,-1.3946851315458448,0.06709294423624054,1.3466708745815725
23.54650378227234,0.43710692933993134,[0.40919222],5.0,0.6,0.0,-1.1824938405672545,0.06297188823801361,1.3546510046711135
23.55652689933777,0.439060916507298,[0.41111539],5.0,0.6,0.0,-0.6878031626771107,0.05661511285491703,1.3550441991985056
23.566346883773804,0.44042870752445473,[0.4130073],5.0,0.6,0.0,-0.4639236327271045,0.054414284953001435,1.3602149665511736
23.5785129070282,0.44218729597508477,[0.41487081],5.0,0.6,0.0,-0.08817695983296733,0.05119417559697341,1.3613582064237968
23.59051251411438,0.4441412831424515,[0.41671124],5.0,0.6,0.0,-0.009901170921360322,0.07189507858412936,1.3602936384574151
23.599541425704956,0.4453136754428715,[0.4185359],5.0,0.6,0.0,0.23387376718439545,0.06564608953858209,1.3663581641652631
23.61084008216858,0.4468768651767649,[0.42035083],5.0,0.6,0.0,0.4818157078843424,0.082818811950133,1.368554423726874
23.619140625,0.44824465619392156,[0.42215831],5.0,0.6,0.0,0.6782086661920512,0.048760341284462126,1.3724134887128359
23.62656021118164,0.44922164977760487,[0.42395477],5.0,0.6,0.0,0.8125496860966517,0.05035177373330695,1.379641102606855
23.63453483581543,0.45039404207802497,[0.42573455],5.0,0.6,0.0,0.8916345918204553,0.026313664705172157,1.3848950120260488
23.64250659942627,0.4513710356617082,[0.42749294],5.0,0.6,0.0,1.2032396412673088,0.03590453881595552,1.3911521889840142
23.650575399398804,0.4523480292453916,[0.4292287],5.0,0.6,0.0,1.2400339822242326,0.04349997662997837,1.3974715599302159
23.659112691879272,0.4535204215458116,[0.43094096],5.0,0.6,0.0,1.4425063021575597,0.02318745791247566,1.4015133285515167
23.66762924194336,0.45469281384623167,[0.43262656],5.0,0.6,0.0,1.3665087552294288,0.03453666570047475,1.4058195280877537
23.677175998687744,0.45566980742991503,[0.43428561],5.0,0.6,0.0,1.474923699704131,0.044289577994607414,1.4109840438574512
23.684537172317505,0.45645140229686165,[0.43591851],5.0,0.6,0.0,1.3283831828852248,0.027150215232754352,1.4178252741632467
23.693537950515747,0.4576237945972817,[0.43752313],5.0,0.6,0.0,1.1116491075307302,0.03875071420765728,1.4214523351674953
23.704606294631958,0.45860078818096506,[0.43910032],5.0,0.6,0.0,0.9001523913547711,0.04804985859816341,1.4261636485198395
23.71396231651306,0.45938238304791174,[0.44065341],5.0,0.6,0.0,0.7197246522115045,0.05600150757857209,1.431863967907534
23.72152304649353,0.46035937663159504,[0.44218538],5.0,0.6,0.0,0.5749456982834291,0.06126283048248132,1.4358297904297161
23.73150110244751,0.4613363702152784,[0.44369883],5.0,0.6,0.0,0.46225430606155427,0.06533981523271049,1.4395203071984104
23.7415554523468,0.4623133637989618,[0.44519366],5.0,0.6,0.0,0.09972106187985086,0.0453749871974306,1.4430606286086312
23.750185251235962,0.46309495866590844,[0.44666753],5.0,0.6,0.0,0.0004617646977302381,0.055995946432955516,1.4474585671421059
23.75861358642578,0.46407195224959186,[0.44812094],5.0,0.6,0.0,0.004830403737685701,0.06334567718697436,1.4503860567155678
23.769185304641724,0.4648535471165385,[0.44955677],5.0,0.6,0.0,0.04167923197869909,0.06978559781959469,1.4542785559153093
23.77696967124939,0.4656351419834852,[0.45097753],5.0,0.6,0.0,0.35752361267161,0.0745533649033113,1.4578458192023456
23.785949230194092,0.46661213556716846,[0.45238536],5.0,0.6,0.0,0.4228654858916454,0.07765127655739028,1.4601950596884632
23.794033527374268,0.46719833171737857,[0.45377983],5.0,0.6,0.0,0.6660945696415908,0.05926750748345628,1.4642992693291945
23.804059505462646,0.4685661227345353,[0.45515833],5.0,0.6,0.0,0.636358314755273,0.06584259004155882,1.4643835252271564
23.81182289123535,0.46915231888474523,[0.45652095],5.0,0.6,0.0,0.7927791691581173,0.07377024699355325,1.4681258139594644
23.82050609588623,0.46993391375169197,[0.45786785],5.0,0.6,0.0,0.9699093003856283,0.05717469012064339,1.4706020768022796
23.830517530441284,0.4709109073353753,[0.45919707],5.0,0.6,0.0,1.1084141822128295,0.06676455050973948,1.4720166228194815
23.83954381942749,0.47169250220232195,[0.46050918],5.0,0.6,0.0,0.9188264763207135,0.07463517582117114,1.474668825503767
23.849687099456787,0.4724740970692687,[0.4618068],5.0,0.6,0.0,0.9246270632653276,0.08020047805671485,1.4768627807253092
23.859021186828613,0.47345109065295204,[0.46309214],5.0,0.6,0.0,0.9811450442246841,0.08316797407359833,1.4780510020957975
23.86853551864624,0.474037286803162,[0.46436693],5.0,0.6,0.0,0.7554435094651655,0.08710873286330523,1.4810460123686966
23.87816858291626,0.4750142803868453,[0.46563253],5.0,0.6,0.0,0.7487236198135785,0.08811395614259361,1.4821334719349244
23.8885555267334,0.475795875253792,[0.46688992],5.0,0.6,0.0,0.5287695558040701,0.08955528307995679,1.4840538736413502
23.89748978614807,0.4765774701207387,[0.46813973],5.0,0.6,0.0,0.5516384848221698,0.0904135892574728,1.4856353286914197
23.909059762954712,0.47755446370442206,[0.46938227],5.0,0.6,0.0,0.6417316592638513,0.08990225706681965,1.4864254073781658
23.918062210083008,0.4783360585713688,[0.47061762],5.0,0.6,0.0,0.7286525576768559,0.09003850183351603,1.4877607593938738
23.925501823425293,0.4791176534383154,[0.47184379],5.0,0.6,0.0,0.7892931818180151,0.07146788157394866,1.4890104443186374
23.933490753173828,0.47970384958852547,[0.47305719],5.0,0.6,0.0,0.8204783208750002,0.07786513010590376,1.4907024227680843
23.94310998916626,0.4804854444554721,[0.47425645],5.0,0.6,0.0,0.8264078774635665,0.0816662071157527,1.491761832642915
23.951525926589966,0.4812670393224188,[0.47544216],5.0,0.6,0.0,0.8131616262158974,0.0840969238937079,1.4927451558721567
23.96149253845215,0.48204863418936544,[0.47661301],5.0,0.6,0.0,0.7864996130674444,0.06811921909313556,1.4936479699061957
23.970041036605835,0.4828302290563122,[0.47776616],5.0,0.6,0.0,0.7511455117283399,0.07423496124628719,1.4944643390064756
23.97754216194153,0.4834164252065221,[0.47890085],5.0,0.6,0.0,0.7106960911055202,0.07938759837057377,1.495554380273442
23.98751974105835,0.48419802007346885,[0.48001656],5.0,0.6,0.0,0.39172465481973284,0.06570104913027348,1.4963949765624158
24.00098419189453,0.48537041237388884,[0.48111431],5.0,0.6,0.0,0.31501136620562503,0.10220104968400115,1.4963098093539375
24.013076543807983,0.4863474059575722,[0.48219952],5.0,0.6,0.0,0.3271005895840089,0.09592454233603406,1.4964852761362697
24.021852731704712,0.48712900082451893,[0.48327509],5.0,0.6,0.0,0.3615620623070699,0.09161556450938324,1.4969365739155147
24.03154230117798,0.4877151969747289,[0.48434025],5.0,0.6,0.0,0.3923409747540341,0.08942164911788664,1.4976099697062522
24.041515350341797,0.4884967918416756,[0.48539288],5.0,0.6,0.0,0.1353396580514624,0.07236518646504639,1.4980613722023313
24.050482034683228,0.4894737854253589,[0.48642975],5.0,0.6,0.0,0.10891764151827925,0.07399436385125456,1.4981396537022051
24.05969548225403,0.49025538029230564,[0.48744955],5.0,0.6,0.0,0.1604553310827451,0.07576751055711987,1.4984075358647064
24.069504261016846,0.49084157644251564,[0.48845265],5.0,0.6,0.0,0.22537842102039302,0.07786601784219084,1.4988214490122493
24.07870078086853,0.49181857002619894,[0.48943943],5.0,0.6,0.0,0.27957168173781016,0.0775071300085459,1.498810402723889
24.088303089141846,0.492404766176409,[0.49041027],5.0,0.6,0.0,0.3166583577291473,0.07879006276183577,1.4991300749008678
24.097490787506104,0.49338175976009235,[0.49136557],5.0,0.6,0.0,0.06135198502891727,0.0783118678611573,1.4991845276774083
24.106956005096436,0.49396795591030235,[0.49230585],5.0,0.6,0.0,0.03570539732135789,0.07972401130019616,1.499446682556302
24.11457920074463,0.4945541520605124,[0.49323038],5.0,0.6,0.0,0.0884536472780426,0.06719040483964586,1.4996437608098057
24.12307643890381,0.4951403482107224,[0.49413746],5.0,0.6,0.0,0.1553614237035016,0.07271816598904952,1.4997808946700302
24.13313889503479,0.49592194307766907,[0.49502722],5.0,0.6,0.0,-0.06378660663206212,0.07664179126676551,1.4998368787159726
24.140592098236084,0.49631274051114244,[0.49590006],5.0,0.6,0.0,-0.056602682022651826,0.06718689021129919,1.4999635541796965
24.149117946624756,0.49728973409482574,[0.49675527],5.0,0.6,0.0,0.022774418587534713,0.07284388505934614,1.4999424842575257
24.156529664993286,0.49787593024503574,[0.49759256],5.0,0.6,0.0,0.11004277973097759,0.06420032569083313,1.4999749262482147
24.166386604309082,0.4982667276785091,[0.49841203],5.0,0.6,0.0,-0.09408773488659561,0.07452565270511233,1.4999891878821219
24.17675232887268,0.4992437212621924,[0.4992169],5.0,0.6,0.0,-0.07609647722453258,0.09510372300194907,1.4999955455918519
24.18630290031433,0.4998299174124025,[0.50001167],5.0,0.6,0.0,0.010912809882467081,0.08162893132877308,1.4999933048480423
24.19548463821411,0.5006115122793491,[0.50079762],5.0,0.6,0.0,0.10348318420181912,0.0870136864102904,1.499985101542863
24.2044894695282,0.5011977084295592,[0.50157621],5.0,0.6,0.0,0.17901405927244346,0.09248867751967065,1.4999474928030687
24.213141918182373,0.5017839045797692,[0.50235046],5.0,0.6,0.0,0.23255918061030437,0.09732283661911749,1.4998955462956503
24.22202444076538,0.5025654994467159,[0.50312323],5.0,0.6,0.0,0.2660606060246833,0.1006981938825807,1.4998850982359206
24.232532739639282,0.5035424930303992,[0.50389721],5.0,0.6,0.0,0.5595883229293654,0.10265422506639839,1.4997417883854434
24.2405047416687,0.5041286891806092,[0.50467333],5.0,0.6,0.0,0.5983208199282027,0.0890366945983473,1.4996742594170642
24.250760555267334,0.5049102840475559,[0.50545091],5.0,0.6,0.0,0.8165085915271091,0.09625035017252116,1.4994455114966545
24.259876012802124,0.5056918789145026,[0.5062312],5.0,0.6,0.0,0.7651888221664507,0.10227000435341398,1.4995061605880808
24.268491983413696,0.5064734737814492,[0.50701713],5.0,0.6,0.0,0.6276561149293326,0.10711676400717679,1.499647717421179
24.276621103286743,0.507255068648396,[0.50780957],5.0,0.6,0.0,0.7570005423705755,0.09256860160770747,1.4995121115614252
24.287081003189087,0.5082320622320793,[0.50860761],5.0,0.6,0.0,0.9386199594559597,0.0997532092444968,1.499316400073666
24.296610593795776,0.5092090558157627,[0.50941232],5.0,0.6,0.0,1.091300794447083,0.1051285125356276,1.4991059878822532
24.306070804595947,0.5099906506827093,[0.51022641],5.0,0.6,0.0,0.9165200781434921,0.11025204306705007,1.4993639716223195
24.31554079055786,0.5109676442663927,[0.51105225],5.0,0.6,0.0,0.9345451971616341,0.11321298149334118,1.4993488501103416
24.324495792388916,0.511944637850076,[0.51189189],5.0,0.6,0.0,1.0000144801739872,0.11539014665207473,1.4992555753260992
24.33440899848938,0.5129216314337594,[0.512747],5.0,0.6,0.0,0.7802830867793664,0.11724523568337626,1.4995408838396829
24.344353914260864,0.5140940237341795,[0.51361894],5.0,0.6,0.0,0.7771410029639962,0.1175898587271676,1.4995054832470804
24.35548973083496,0.5152664160345994,[0.51451066],5.0,0.6,0.0,0.8350119807225136,0.13672444062208822,1.4993670132328831
24.36592435836792,0.5164388083350194,[0.51542637],5.0,0.6,0.0,0.8915135347650218,0.1311323741643138,1.4992037190406333
24.374248504638672,0.5174158019187027,[0.51636565],5.0,0.6,0.0,0.9261406766857292,0.10828551680496698,1.4991413674630616
24.383528470993042,0.5185881942191228,[0.5173241],5.0,0.6,0.0,0.9360314128180394,0.11064409969276091,1.4990286778018405
24.39355158805847,0.5197605865195428,[0.51829971],5.0,0.6,0.0,0.924845409467548,0.11230506998487311,1.498936952086125
24.402588844299316,0.5209329788199628,[0.51929253],5.0,0.6,0.0,0.897899891726553,0.11319612708506971,1.498862136629841
24.41145658493042,0.5221053711203829,[0.52030046],5.0,0.6,0.0,0.8602246600218884,0.09373223085854727,1.4987981268497135
24.421040058135986,0.5234731621375396,[0.52131964],5.0,0.6,0.0,1.091968418203272,0.09847996986314696,1.4981860704429357
24.43453574180603,0.5252317505881696,[0.52235057],5.0,0.6,0.0,1.0772917963763278,0.11930630096812955,1.4974779615721154
24.44309687614441,0.526794940322063,[0.52339736],5.0,0.6,0.0,0.9731288687773214,0.11418435695527428,1.4969895133237245
24.45449686050415,0.5281627313392196,[0.52446138],5.0,0.6,0.0,0.8482647605381912,0.110671412967213,1.4967283973048864
24.465145111083984,0.529725921073113,[0.52554164],5.0,0.6,0.0,0.7302798755719399,0.10677538400182426,1.4961076486015503
24.473567247390747,0.5312891108070064,[0.52663711],5.0,0.6,0.0,0.3521255104575708,0.10339449818744638,1.4955888383990414
24.482979774475098,0.5324615031074265,[0.52774668],5.0,0.6,0.0,0.233858755660457,0.10214550690506498,1.4955232483477086
24.49198269844055,0.5338292941245831,[0.52886923],5.0,0.6,0.0,-0.05709816994967093,0.10030462772382921,1.4950892017702446
24.501885890960693,0.5355878825752132,[0.5300036],5.0,0.6,0.0,-0.07165597697759987,0.09655034051420253,1.4937787451943425
24.509459495544434,0.5365648761588965,[0.53114674],5.0,0.6,0.0,-0.269625772441702,0.0770397710851194,1.4940918478459704
24.518731355667114,0.5381280658927898,[0.53229398],5.0,0.6,0.0,-0.4858044577747723,0.08034397957167756,1.493040154812957
24.52711248397827,0.5394958569099465,[0.53344321],5.0,0.6,0.0,-0.3849044422603646,0.08288491811744543,1.4925895931337383
24.53752374649048,0.5410590466438399,[0.53459449],5.0,0.6,0.0,-0.19645723471368048,0.08317975603584078,1.491647999124274
24.546505451202393,0.5424268376609965,[0.53574592],5.0,0.6,0.0,-0.28930567362862114,0.06402731846164784,1.4910504993287004
24.557066917419434,0.54399002739489,[0.53689588],5.0,0.6,0.0,-0.1755800795481367,0.0882752256965119,1.4899621637048923
24.565884590148926,0.5453578184120467,[0.53804681],5.0,0.6,0.0,-0.2908769084425023,0.0865253555598472,1.4893038019323972
24.573824167251587,0.5465302107124667,[0.53919888],5.0,0.6,0.0,-0.45452203714355077,0.06615580436685206,1.489154130980169
24.58247661590576,0.5478980017296233,[0.54034652],5.0,0.6,0.0,-0.5971884794834208,0.05050959385473501,1.488394418987129
24.59058427810669,0.5488749953133067,[0.54148513],5.0,0.6,0.0,-0.6988268990166024,0.06128165950394954,1.4887739967028875
24.60050940513611,0.5502427863304634,[0.54261478],5.0,0.6,0.0,-0.7595570727065368,0.06755631294715603,1.4880008734636248
24.612460613250732,0.5520013747810935,[0.54373964],5.0,0.6,0.0,-1.0624997330400554,0.09010630818072474,1.4856018583335446
24.62115454673767,0.5533691657982501,[0.54486343],5.0,0.6,0.0,-1.0970873521342899,0.06734070667222336,1.484739521927846
24.629396677017212,0.5545415580986702,[0.54598555],5.0,0.6,0.0,-1.0255279520959493,0.07217352657298362,1.4846833233301409
24.639495611190796,0.5561047478325636,[0.54710569],5.0,0.6,0.0,-0.921079162479046,0.07424407385524406,1.4833027235082707
24.64863157272339,0.5574725388497203,[0.54822581],5.0,0.6,0.0,-1.0908706691740098,0.07679467869970502,1.4821599412918227
24.658501148223877,0.5590357285836136,[0.5493457],5.0,0.6,0.0,-1.0275783573005635,0.05630241430376155,1.4806105015882949
24.667899131774902,0.5604035196007703,[0.55046545],5.0,0.6,0.0,-0.8889276548164499,0.08563791812732484,1.4798528819434211
24.67647075653076,0.5615759119011904,[0.55158741],5.0,0.6,0.0,-0.7416880521698784,0.06453310186966744,1.47983442105922
24.686482191085815,0.562943702918347,[0.55271167],5.0,0.6,0.0,-0.6107580915478199,0.07077314817272318,1.4790011792270268
24.696531057357788,0.5641160952187669,[0.55383851],5.0,0.6,0.0,-0.5026274310772616,0.07660755739637946,1.4789078131818978
24.708791732788086,0.5658746836693971,[0.55497285],5.0,0.6,0.0,-0.4163514415719542,0.10089270821244255,1.4763812769131002
24.717705011367798,0.5670470759698171,[0.55612132],5.0,0.6,0.0,-0.6245472365032975,0.09882115674540566,1.4761180316780749
24.730172634124756,0.5686102657037104,[0.55728974],5.0,0.6,0.0,-0.6044728184695642,0.11835553996570256,1.4744229058045426
24.737488985061646,0.5695872592873937,[0.55847846],5.0,0.6,0.0,-0.5074558574658568,0.1196397036321126,1.4754293376627226
24.74786615371704,0.5711504490212871,[0.55968305],5.0,0.6,0.0,-0.398007149926935,0.13354712621152875,1.4739246709695417
24.756460189819336,0.5723228413217071,[0.5609021],5.0,0.6,0.0,-0.30057458863692454,0.10087468660628732,1.4741833999068656
24.766254663467407,0.5738860310556004,[0.56213436],5.0,0.6,0.0,-0.22191651802052909,0.0985959133092366,1.472720919941486
24.77548313140869,0.5752538220727572,[0.56337878],5.0,0.6,0.0,-0.16158586860192142,0.09819989010968691,1.4721712396040625
24.786559104919434,0.5772078092401239,[0.56463941],5.0,0.6,0.0,0.15935791790339754,0.1187653169631161,1.4688820006488341
24.79628872871399,0.5787709989740173,[0.56592213],5.0,0.6,0.0,0.5013275200997729,0.11134760027104129,1.4673334371238809
24.805845260620117,0.5805295874246473,[0.56722935],5.0,0.6,0.0,0.7790772802901322,0.1047898910675542,1.4647876308352616
24.814446687698364,0.5817019797250673,[0.56855789],5.0,0.6,0.0,0.9740268695549381,0.0781518591260344,1.4653309756002244
24.82508683204651,0.583655966892434,[0.56990236],5.0,0.6,0.0,1.0935860593867108,0.08027495612233497,1.4619849252187525
24.83756375312805,0.586000751493274,[0.57126063],5.0,0.6,0.0,0.8769919021417116,0.07958582345879128,1.4569041887002814
24.84643030166626,0.5873685425104307,[0.57263331],5.0,0.6,0.0,0.5827853541888401,0.08252967475460371,1.4572511882710883
24.85816240310669,0.5891271309610607,[0.57402333],5.0,0.6,0.0,0.3124934362888173,0.10708530164301498,1.455327526293734
24.867469787597656,0.5906903206949541,[0.57543557],5.0,0.6,0.0,0.09750757243133162,0.10105209774750308,1.454517899459839
24.87544822692871,0.5918627129953741,[0.57686878],5.0,0.6,0.0,-0.05999251876068168,0.07384089515405293,1.4560295904750882
24.88543200492859,0.5936213014460042,[0.57831652],5.0,0.6,0.0,0.10770109607586789,0.07653198155066103,1.4542244687547887
24.89544415473938,0.5951844911798975,[0.57977827],5.0,0.6,0.0,0.0709145246030639,0.10341531936758845,1.4536350319930595
24.907459020614624,0.5971384783472642,[0.58125854],5.0,0.6,0.0,-0.02557619257673705,0.09630550382577706,1.4508157498203667
24.91692352294922,0.5985062693644211,[0.58275831],5.0,0.6,0.0,-0.12265149409912506,0.09320895253796398,1.4515991503101398
24.925515174865723,0.5998740603815778,[0.58427301],5.0,0.6,0.0,-0.1999989065613669,0.06653256402312392,1.4524574488674395
24.935428857803345,0.601437250115471,[0.58579596],5.0,0.6,0.0,-0.25389794349968586,0.07156466208088708,1.45219982445365
24.94454336166382,0.6028050411326277,[0.58732396],5.0,0.6,0.0,-0.2869590111790289,0.0761152202250568,1.453136598432753
24.958289623260498,0.604954427016731,[0.58885924],5.0,0.6,0.0,-0.5796235014424461,0.09951203005835005,1.4492582777202525
24.96695303916931,0.6065176167506244,[0.59040602],5.0,0.6,0.0,-0.6172801989318863,0.09406247586620016,1.4491243880396834
24.976528644561768,0.6080808064845178,[0.59196262],5.0,0.6,0.0,-0.5582622522379228,0.06566838564014882,1.4491356576575956
24.988709688186646,0.6100347936518845,[0.59352486],5.0,0.6,0.0,-0.4726293329619121,0.09147074852680352,1.446777529071018
24.99712038040161,0.6112071859523045,[0.59509408],5.0,0.6,0.0,-0.38902509518137807,0.08922310515225938,1.449286080638583
25.004693508148193,0.6123795782527245,[0.59666876],5.0,0.6,0.0,-0.3172905968785107,0.06385790862766455,1.4517577881353425
25.013930320739746,0.6139427679866178,[0.59824251],5.0,0.6,0.0,-0.2592002222024613,0.06844515869037116,1.4518458537198629
25.024431467056274,0.6153105590037747,[0.59981236],5.0,0.6,0.0,-0.21343002385626558,0.07268859692988516,1.4530628668635635
25.03356695175171,0.6166783500209313,[0.60137827],5.0,0.6,0.0,-0.17776209968777804,0.07577568634891388,1.4542370880391187
25.043137073516846,0.6180461410380881,[0.60294019],5.0,0.6,0.0,-0.42602922787893077,0.07818745039250123,1.4552527309710654
25.05183744430542,0.6192185333385081,[0.60449806],5.0,0.6,0.0,-0.437401978160365,0.08088952763674856,1.4574448053354405
25.05944323539734,0.620390925638928,[0.60604936],5.0,0.6,0.0,-0.6411234521421754,0.05931819323039697,1.4593926147458343
25.070777654647827,0.622149514089558,[0.60759202],5.0,0.6,0.0,-0.5843422939945493,0.08938637130792912,1.458247410069839
25.08347249031067,0.623908102540188,[0.6091292],5.0,0.6,0.0,-0.7234939605000241,0.08661240906129257,1.4568676604608528
25.092440128326416,0.6252758935573448,[0.61066116],5.0,0.6,0.0,-0.6145768927031019,0.062134548666848456,1.457900371778747
25.101571559906006,0.6266436845745015,[0.61218329],5.0,0.6,0.0,-0.43910101262978174,0.06855908661446954,1.4588983280374574
25.111485481262207,0.6280114755916582,[0.61369658],5.0,0.6,0.0,-0.2702644000658323,0.09640538673943591,1.4597908123254777
25.122201442718506,0.6297700640422882,[0.61520666],5.0,0.6,0.0,-0.13240141522626758,0.09105447242798667,1.4584554608258748
25.13191509246826,0.6307470576259715,[0.61671589],5.0,0.6,0.0,-0.029117088650742473,0.09030805777949744,1.4613897403290954
25.139883279800415,0.6319194499263915,[0.61822145],5.0,0.6,0.0,0.043758292978204466,0.06623218603729922,1.463166933608906
25.149138927459717,0.6332872409435483,[0.61971857],5.0,0.6,0.0,0.09247057230912718,0.07178011490397605,1.463841536843376
25.157227993011475,0.6344596332439683,[0.62120563],5.0,0.6,0.0,-0.15300100691920862,0.07697177565685187,1.4654589028380065
25.16801381111145,0.6358274242611249,[0.62268369],5.0,0.6,0.0,-0.1686858167884972,0.07974822474065016,1.4660173636575657
25.176431894302368,0.636999816561545,[0.62415365],5.0,0.6,0.0,-0.10537494324755738,0.08258772999563532,1.4675256350931427
25.186944007873535,0.6385630062954383,[0.62561629],5.0,0.6,0.0,-0.3034303859810252,0.08295158935851296,1.4669636477272165
25.19666814804077,0.6401261960293317,[0.62707228],5.0,0.6,0.0,-0.2683357241250145,0.08277089261095497,1.4664396836289262
25.204479455947876,0.6412985883297517,[0.62851991],5.0,0.6,0.0,-0.1616146856543444,0.06125044576237152,1.4678491735440204
25.21294617652893,0.6424709806301717,[0.62995545],5.0,0.6,0.0,-0.05016757499533865,0.06910319831060821,1.4691560666708248
25.22440814971924,0.6440341703640652,[0.63137813],5.0,0.6,0.0,0.04222839078305204,0.07292326131728852,1.4684712922279661
25.233444690704346,0.6454019613812219,[0.63278965],5.0,0.6,0.0,0.11042791372259589,0.0760741925289774,1.4686775695256533
25.24316096305847,0.6469651511151151,[0.6341915],5.0,0.6,0.0,0.15655313774485047,0.07711855236873535,1.4678752425444723
25.251771450042725,0.6483329421322718,[0.635585],5.0,0.6,0.0,0.1849280072985699,0.07825802690147518,1.4679950414781933
25.260409832000732,0.6495053344326919,[0.63697127],5.0,0.6,0.0,0.1999769014106204,0.07992086073490752,1.4690381671882593
25.26975703239441,0.6508731254498485,[0.63835129],5.0,0.6,0.0,0.2054758187322578,0.08017495004108498,1.4690958935702385
25.278297424316406,0.6520455177502685,[0.63972368],5.0,0.6,0.0,0.20438913941146983,0.058859122080817526,1.4700597664524135
25.286436557769775,0.6528271126172153,[0.64108511],5.0,0.6,0.0,0.19893569736983713,0.06822012048657478,1.4727723331510707
25.294424533843994,0.6539995049176353,[0.64243288],5.0,0.6,0.0,0.1907250833515614,0.051178062014050715,1.4735703479028825
25.303508281707764,0.6551718972180554,[0.64376483],5.0,0.6,0.0,0.18089797562006169,0.06163667478286106,1.474287102931509
25.31183958053589,0.656539688235212,[0.64508149],5.0,0.6,0.0,0.17024673167444487,0.06816825074242143,1.4740620906632054
25.320544004440308,0.6575166818188953,[0.64638346],5.0,0.6,0.0,-0.11672746824121022,0.05224653032105532,1.475504880052895
25.3314208984375,0.6588844728360521,[0.64766923],5.0,0.6,0.0,-0.16071347269769626,0.06156213186174449,1.4751382263879325
25.341375589370728,0.6602522638532087,[0.64893983],5.0,0.6,0.0,-0.11617137569719217,0.06779880506088665,1.4747204644117404
25.350452184677124,0.6614246561536288,[0.65019843],5.0,0.6,0.0,-0.05019217194928379,0.07276311711503484,1.4751074856818374
25.36044669151306,0.6627924471707854,[0.65144781],5.0,0.6,0.0,0.01075603752256234,0.07523635895485505,1.4745882269645918
25.370438814163208,0.6641602381879422,[0.65269041],5.0,0.6,0.0,0.05837503458762655,0.07644753818907238,1.4740291812185424
25.380828857421875,0.6657234279218355,[0.65392824],5.0,0.6,0.0,-0.18408444427841217,0.07600572080886961,1.4725330212401058
25.39143419265747,0.6670912189389921,[0.65516299],5.0,0.6,0.0,-0.1956345183996982,0.0759590267374436,1.4719160445885036
25.40373945236206,0.6686544086728856,[0.65640021],5.0,0.6,0.0,-0.1282896358893337,0.11499611723447838,1.4704012066670407
25.411400318145752,0.6696314022565689,[0.65764449],5.0,0.6,0.0,-0.04679662938985861,0.11673004084918225,1.4716701207465623
25.42133593559265,0.6708037945569889,[0.65889317],5.0,0.6,0.0,-0.25170839832678243,0.1243170809199105,1.4719789695223842
25.432474851608276,0.6723669842908824,[0.66014592],5.0,0.6,0.0,-0.23085040839765056,0.1081925449288176,1.470531152196393
25.442946434020996,0.6739301740247756,[0.66140432],5.0,0.6,0.0,-0.13848736929936728,0.09563470148521183,1.4690935247693573
25.450451135635376,0.6749071676084589,[0.66266543],5.0,0.6,0.0,-0.0389868333657087,0.06875368582746194,1.470471530766367
25.460785627365112,0.6764703573423524,[0.66392459],5.0,0.6,0.0,0.04437471672192272,0.06701228185627746,1.4690095712372897
25.471842527389526,0.6780335470762457,[0.66518174],5.0,0.6,0.0,0.3822066819284865,0.08452228176350739,1.4673971349116894
25.480463981628418,0.6792059393766657,[0.66643874],5.0,0.6,0.0,0.7332035672309845,0.05856871043086301,1.4675253497941165
25.488410711288452,0.6803783316770857,[0.66769305],5.0,0.6,0.0,0.7369133461114277,0.05947717846265729,1.4679250214333037
25.49745774269104,0.6817461226942425,[0.66894242],5.0,0.6,0.0,0.8952872182620168,0.05893724323960649,1.4671483909878134
25.505448579788208,0.6827231162779259,[0.67018491],5.0,0.6,0.0,0.7865900864391764,0.04027310210593609,1.4685874256718554
25.518861293792725,0.6846771034452925,[0.67141879],5.0,0.6,0.0,0.6031094653459719,0.06119816583366705,1.4651835423697732
25.527585744857788,0.6858494957457124,[0.67264635],5.0,0.6,0.0,0.42317256513126333,0.0590178944432745,1.4656028586320402
25.53776502609253,0.6870218880461326,[0.67386941],5.0,0.6,0.0,0.27348668329862236,0.0569836952360968,1.4659384455088462
25.54541325569153,0.6881942803465526,[0.67508572],5.0,0.6,0.0,-0.11733825294501693,0.03665171782008446,1.4662067074626148
25.554916620254517,0.6893666726469726,[0.6762933],5.0,0.6,0.0,-0.5101451677873792,0.05939719257054393,1.4662013032545955
25.567423105239868,0.6911252610976026,[0.67749406],5.0,0.6,0.0,-0.8228352239050304,0.05387459808554772,1.4630163610078775
25.580973625183105,0.692688450831496,[0.67869134],5.0,0.6,0.0,-1.0404425181641281,0.06758054478609822,1.4607687636007922
25.589454889297485,0.693860843131916,[0.67988607],5.0,0.6,0.0,-0.8975641072988892,0.04268731362599723,1.4610947784033494
25.600421905517578,0.6950332354323361,[0.68107546],5.0,0.6,0.0,-0.9310237878391053,0.04264344068847056,1.4611405975568885
25.610666036605835,0.6964010264494928,[0.68225887],5.0,0.6,0.0,-1.003734709055141,0.05982266163006914,1.4600399151250438
25.619470357894897,0.6975734187499129,[0.68343757],5.0,0.6,0.0,-0.7871862785504239,0.03673322984403828,1.460362520509012
25.627780437469482,0.6983550136168594,[0.68460916],5.0,0.6,0.0,-0.7852326629236066,0.040028756235106634,1.4624566258070464
25.635818004608154,0.6993320072005428,[0.68576993],5.0,0.6,0.0,-0.5672886130227723,0.023926986346267356,1.4636429034314806
25.647894144058228,0.7006997982176995,[0.68691861],5.0,0.6,0.0,-0.5904359090893084,0.046829200607510536,1.4624686566862497
25.656386137008667,0.7016767918013829,[0.68805595],5.0,0.6,0.0,-0.4036930417169093,0.028769557065265457,1.4634531812371396
25.665491580963135,0.7024583866683295,[0.68918102],5.0,0.6,0.0,-0.45604072969601295,0.03511726578859499,1.4652018310713268
25.674415826797485,0.7030445828185395,[0.69029149],5.0,0.6,0.0,-0.5699570270259422,0.0231149590161165,1.4677533155961844
25.682877779006958,0.704021576402223,[0.69138557],5.0,0.6,0.0,-0.675214835749798,0.031682298694586615,1.4682314916124553
25.692443370819092,0.7048031712691696,[0.69246372],5.0,0.6,0.0,-0.7495830494560105,0.039148445922479055,1.4695884840988132
25.70137929916382,0.7055847661361163,[0.69352829],5.0,0.6,0.0,-0.5148414966901859,0.0447322932554752,1.4711495086098578
25.712427854537964,0.7065617597197996,[0.69458325],5.0,0.6,0.0,-0.7710661155429666,0.06658061652219958,1.4712685368164957
25.721394538879395,0.7073433545867464,[0.69563215],5.0,0.6,0.0,-0.8514080110097086,0.047215711470398165,1.4724030070066532
25.73209834098816,0.7083203481704297,[0.69667639],5.0,0.6,0.0,-0.8496338132753555,0.06941680731909615,1.472710922017546
25.740777492523193,0.7089065443206396,[0.69771911],5.0,0.6,0.0,-0.5355213656617788,0.06938192944058127,1.475065526577183
25.74866008758545,0.7094927404708496,[0.69876127],5.0,0.6,0.0,-0.45012946992438474,0.05162855290440411,1.4770795474760352
25.75740909576416,0.7100789366210597,[0.69980024],5.0,0.6,0.0,-0.44920849844218574,0.058721747671844834,1.4789411602765297
25.766796350479126,0.711055930204743,[0.70083572],5.0,0.6,0.0,-0.19423328749176713,0.06287122421083172,1.4792980878834445
25.774406909942627,0.711642126354953,[0.70186762],5.0,0.6,0.0,0.09643289793674277,0.04883227094826147,1.4810662892595143
25.78486919403076,0.7124237212218996,[0.70289416],5.0,0.6,0.0,0.3422078071405526,0.05811559506911231,1.4819142890707606
25.793174743652344,0.7132053160888464,[0.70391592],5.0,0.6,0.0,0.24668563928690238,0.06572657990778587,1.4828442009322615
25.803961515426636,0.713986910955793,[0.70493544],5.0,0.6,0.0,0.3324931565201898,0.07190362802566885,1.4836654081771758
25.812398672103882,0.7145731071060031,[0.70595512],5.0,0.6,0.0,0.4563954861988855,0.07805482316294222,1.485100817590192
25.823325395584106,0.7155501006896864,[0.70697721],5.0,0.6,0.0,0.5635461570116804,0.08167105479600145,1.4851722451888405
25.833439350128174,0.7165270942733698,[0.70800378],5.0,0.6,0.0,0.6381816123310795,0.0849101126084902,1.4852725778178395
25.842435121536255,0.7171132904235799,[0.70903679],5.0,0.6,0.0,0.6805082524029444,0.08976906958237263,1.486694148571325
25.851804971694946,0.7178948852905265,[0.71007803],5.0,0.6,0.0,0.6962232933226229,0.09355291949086121,1.4874930318130135
25.8604474067688,0.7184810814407364,[0.71112707],5.0,0.6,0.0,0.6920288620206818,0.07681353437083377,1.4888856251709073
25.869405269622803,0.7194580750244197,[0.71218155],5.0,0.6,0.0,0.6739161762664816,0.08539039417435876,1.4891283438941858
25.87839365005493,0.7202396698913666,[0.71323953],5.0,0.6,0.0,0.9227145884354506,0.07106672253414578,1.4896140821921178
25.887401580810547,0.7210212647583132,[0.71429943],5.0,0.6,0.0,0.9230757410836701,0.0835990161560457,1.4903702124457383
25.896071195602417,0.7218028596252599,[0.71536217],5.0,0.6,0.0,0.8322945682700323,0.09338417673657316,1.4912224401033263
25.90550208091736,0.72238905577547,[0.71643077],5.0,0.6,0.0,0.7194264546730453,0.10201138796638486,1.4925397797710436
25.91343069076538,0.7231706506424166,[0.71750565],5.0,0.6,0.0,0.6122581702711587,0.0857543923057371,1.493323147130139
25.92246150970459,0.7239522455093631,[0.71858503],5.0,0.6,0.0,0.7959784665419027,0.09705967231786962,1.4937837448808544
25.932382583618164,0.7249292390930466,[0.71966959],5.0,0.6,0.0,0.7528679282205784,0.10489743648411426,1.4940607369626513
25.94194746017456,0.7259062326767299,[0.72076211],5.0,0.6,0.0,0.6358744483030291,0.11069883661083119,1.494420692310888
25.95138454437256,0.7268832262604134,[0.72186492],5.0,0.6,0.0,0.7857272886748725,0.11491485994305338,1.4945166199103974
25.961766719818115,0.7278602198440967,[0.72297986],5.0,0.6,0.0,0.7075655173664701,0.11822909999308556,1.494875202317626
25.971429347991943,0.7290326121445166,[0.72410839],5.0,0.6,0.0,0.8383813511159055,0.1196626605146823,1.4946391939639407
25.981947422027588,0.7302050044449367,[0.72525154],5.0,0.6,0.0,1.0015723890681794,0.12039706667464167,1.4943584643161056
25.990323305130005,0.7313773967453567,[0.72640994],5.0,0.6,0.0,1.1321630768940132,0.12072522976965806,1.4941237692561644
26.000420808792114,0.73235439032904,[0.72758388],5.0,0.6,0.0,1.2138582643694946,0.12168350938582738,1.494363161109962
26.008487462997437,0.73352678262946,[0.72877335],5.0,0.6,0.0,0.9736823562607251,0.12156025695512652,1.494785925099615
26.01707363128662,0.7345037762131434,[0.72997582],5.0,0.6,0.0,0.9398515493180455,0.1002474847091871,1.4952508120596764
26.025696277618408,0.7356761685135634,[0.73118677],5.0,0.6,0.0,0.9676134996781016,0.10615811757916792,1.4952807024334014
26.034401416778564,0.7366531620972468,[0.73240217],5.0,0.6,0.0,0.9983221853251397,0.08914171729245428,1.4956509871722368
26.04641318321228,0.7382163518311402,[0.73362061],5.0,0.6,0.0,1.0121652032377135,0.11776450692406586,1.4950226976296146
26.056862592697144,0.7395841428482968,[0.73484499],5.0,0.6,0.0,1.0058013202975584,0.11634075375140826,1.4947656568418528
26.067779779434204,0.7409519338654537,[0.73607957],5.0,0.6,0.0,0.9820703371979037,0.13466549851584095,1.4945458424921614
26.07584547996521,0.741928927449137,[0.73732552],5.0,0.6,0.0,0.6694328309107388,0.10841738671953269,1.4954372130639861
26.08793616294861,0.743687515899767,[0.73858139],5.0,0.6,0.0,0.5911737160595056,0.12630892306315084,1.4945389846818538
26.097949743270874,0.744859908200187,[0.7398477],5.0,0.6,0.0,0.3201212308009969,0.12077248420853466,1.4949118785131597
26.10688281059265,0.7460323005006069,[0.74112458],5.0,0.6,0.0,0.3106861573795491,0.11634016428093012,1.4951225907030286
26.114354610443115,0.7470092940842904,[0.74240785],5.0,0.6,0.0,0.10751796095243943,0.09408407090728715,1.4957656839050655
26.123371362686157,0.748377085101447,[0.74369179],5.0,0.6,0.0,0.15531780038593643,0.09652798875465146,1.4956012687187297
26.133304357528687,0.7499402748353403,[0.74497345],5.0,0.6,0.0,-0.003054795409141345,0.09708486239543918,1.4950782802967268
26.141668796539307,0.7509172684190237,[0.74625224],5.0,0.6,0.0,0.07835089507683946,0.09952941160890937,1.4956523850932788
26.150609970092773,0.7522850594361805,[0.74752758],5.0,0.6,0.0,0.2205579018120517,0.09948542951740877,1.4954473054985917
26.163406372070312,0.7540436478868106,[0.748799],5.0,0.6,0.0,0.07663854659941816,0.09725940080218994,1.4945094620972914
26.175657033920288,0.7559976350541772,[0.75006799],5.0,0.6,0.0,0.14304987744943526,0.11317474877934007,1.492977295107611
26.183982133865356,0.7571700273545973,[0.75133584],5.0,0.6,0.0,-0.013185421857924234,0.08850968158157824,1.4932154454496338
26.193965911865234,0.7585378183717539,[0.7525998],5.0,0.6,0.0,-0.21127000414527203,0.0896009593896256,1.4929395782928192
26.2020480632782,0.7597102106721738,[0.75385763],5.0,0.6,0.0,-0.6586971045464918,0.09172789579793174,1.4928499892697984
26.210373640060425,0.7608826029725938,[0.75510753],5.0,0.6,0.0,-0.8174586217709284,0.07327936699922584,1.4928547179707417
26.22138547897339,0.7622503939897506,[0.75634624],5.0,0.6,0.0,-0.84329562947856,0.07972873128056539,1.4925233297896492
26.229395151138306,0.7634227862901706,[0.75757317],5.0,0.6,0.0,-0.8113023661035734,0.08552159522901187,1.4926900185601095
26.2403724193573,0.7647905773073274,[0.75879009],5.0,0.6,0.0,-0.7570308470879928,0.0890853259454497,1.4923982715864577
26.248753786087036,0.7659629696077473,[0.75999882],5.0,0.6,0.0,-0.6968129482040375,0.09280117508935883,1.4925497237787133
26.259210109710693,0.767330760624904,[0.7612012],5.0,0.6,0.0,-0.637759960411981,0.09503320220948383,1.4922111642265128
26.26902151107788,0.7683077542085874,[0.76239908],5.0,0.6,0.0,-0.5826490221470659,0.09891639170760429,1.4927891935691386
26.276352643966675,0.7692847477922707,[0.76359224],5.0,0.6,0.0,-0.8083250735131349,0.08093019931009991,1.4930538751360583
26.2853946685791,0.7704571400926907,[0.76477861],5.0,0.6,0.0,-0.7957978252199993,0.0896407156169809,1.4931004047160312
26.296736478805542,0.7718249311098475,[0.76596106],5.0,0.6,0.0,-0.9754380773882944,0.11771930392490804,1.4924388035296978
26.305045127868652,0.7728019246935308,[0.7671444],5.0,0.6,0.0,-0.8950810001859149,0.09573412107255186,1.493022887846206
26.313859701156616,0.7739743169939507,[0.76832857],5.0,0.6,0.0,-0.7355316555923427,0.10202607836049876,1.4932428186609963
26.321350574493408,0.7747559118608975,[0.76951149],5.0,0.6,0.0,-0.8480087561831893,0.08620013409329408,1.4939792863260757
26.33037233352661,0.7759283041613175,[0.77069158],5.0,0.6,0.0,-0.7404932582582698,0.09715854031701693,1.4941223390582707
26.339564323425293,0.7771006964617375,[0.77186998],5.0,0.6,0.0,-0.8497205287966099,0.1057524336846307,1.4940056882609527
26.349440336227417,0.7784684874788942,[0.77305022],5.0,0.6,0.0,-0.7217507833535772,0.1114412868605491,1.493758059120789
26.359973192214966,0.779836278496051,[0.7742355],5.0,0.6,0.0,-0.5330568409984611,0.11573654144343831,1.493534420888908
26.36911368370056,0.7810086707964708,[0.77542873],5.0,0.6,0.0,-0.3542648741931677,0.12008194259775677,1.493698786446084
26.379583835601807,0.7823764618136277,[0.77663253],5.0,0.6,0.0,-0.20838063871760187,0.12285621231151803,1.4933908412687407
26.38792896270752,0.783353455397311,[0.77784921],5.0,0.6,0.0,-0.0983101298059394,0.1270779211752748,1.493951780029541
26.396361351013184,0.7847212464144676,[0.7790783],5.0,0.6,0.0,-0.01950531598341434,0.10424254430498157,1.4936513805850868
26.406960487365723,0.7860890374316244,[0.78031944],5.0,0.6,0.0,0.034493093185928775,0.1376738869662338,1.4933635706086823
26.418132066726685,0.7876522271655179,[0.78157735],5.0,0.6,0.0,0.06983022519654775,0.13623360071334753,1.4926427240548632
26.42838716506958,0.7890200181826744,[0.78285598],5.0,0.6,0.0,0.3676447678563828,0.13578046125409451,1.4923291184032839
26.436409950256348,0.7899970117663577,[0.78415342],5.0,0.6,0.0,0.41294217674691114,0.11252418493687599,1.4930668427391347
26.445387363433838,0.7911694040667778,[0.78546537],5.0,0.6,0.0,0.3633672547535678,0.12091722092696594,1.4934156385986255
26.455804109573364,0.7925371950839345,[0.78679318],5.0,0.6,0.0,0.28830227033730105,0.15106525496734466,1.49336111478741
26.46433997154236,0.7937095873843545,[0.78814045],5.0,0.6,0.0,0.4918705652946041,0.12393343864759779,1.493636067460672
26.472758054733276,0.794686580968038,[0.7895048],5.0,0.6,0.0,0.4645399937060448,0.13061955534837136,1.4944836151950385
26.480851650238037,0.7958589732684579,[0.79088404],5.0,0.6,0.0,0.3624783157670992,0.13518412440193636,1.4949644481078461
26.488391160964966,0.7970313655688779,[0.7922761],5.0,0.6,0.0,0.251395200602562,0.1133066071583313,1.495440649924618
26.49846839904785,0.7983991565860346,[0.79367643],5.0,0.6,0.0,0.431534591804031,0.12237681803922928,1.4954104981812542
26.50668215751648,0.7995715488864547,[0.79508363],5.0,0.6,0.0,0.6660427306254668,0.12964151845622954,1.4956497090265666
26.514364004135132,0.8007439411868746,[0.79649639],5.0,0.6,0.0,0.5894701873582586,0.10956875465029756,1.496139567163357
26.522687196731567,0.8019163334872947,[0.79791087],5.0,0.6,0.0,0.42020480543099675,0.1209774813744145,1.496664965675173
26.53035831451416,0.8030887257877147,[0.79932375],5.0,0.6,0.0,0.5242486540348376,0.10364838050200127,1.4969644528729398
26.538774728775024,0.8042611180881346,[0.80073216],5.0,0.6,0.0,0.4142004001079058,0.11695564907190739,1.4973846980417715
26.5464084148407,0.8054335103885547,[0.80213617],5.0,0.6,0.0,0.5271916122895768,0.12623027953752033,1.4976210163561672
26.554348707199097,0.8066059026889748,[0.80353577],5.0,0.6,0.0,0.40816854321752155,0.107807444206262,1.4979926347304886
26.562748908996582,0.8079736937061315,[0.80492844],5.0,0.6,0.0,0.2321532361868426,0.11869633246286583,1.4981068827129724
26.571350574493408,0.8089506872898149,[0.80631198],5.0,0.6,0.0,0.06844349803509374,0.10332742814082713,1.4986049284834468
26.58202886581421,0.8105138770237083,[0.807687],5.0,0.6,0.0,-0.06102031866525232,0.13853973667128086,1.4984002601690298
26.590333461761475,0.8118816680408648,[0.8090564],5.0,0.6,0.0,-0.15412657966118284,0.1156147557044544,1.4983871621000184
26.598448514938354,0.8130540603412848,[0.81042012],5.0,0.6,0.0,-0.21598599917511724,0.12345764828426563,1.4985787082823183
26.609341621398926,0.8146172500751782,[0.81178035],5.0,0.6,0.0,-0.2534388140341298,0.15026248702779585,1.4983438782039522
26.61836004257202,0.8157896423755981,[0.81314123],5.0,0.6,0.0,-0.2728754016026166,0.12430215806027106,1.4985427434986012
26.6279137134552,0.8173528321094915,[0.81450138],5.0,0.6,0.0,-0.27954330752630485,0.12633517254872131,1.498316998069715
26.63550901412964,0.8183298256931749,[0.81585708],5.0,0.6,0.0,-0.27747827614456855,0.10710055570161583,1.4987205380094086
26.645062685012817,0.8196976167103317,[0.81720509],5.0,0.6,0.0,0.006374504079417503,0.11434636506589112,1.49875820272672
26.65478539466858,0.821260806444225,[0.81854486],5.0,0.6,0.0,0.05091605746041111,0.11817561873016418,1.4985238869368773
26.664615392684937,0.8226285974613817,[0.81987812],5.0,0.6,0.0,0.009325507966030766,0.12091301873512758,1.4984880502228841
26.673933506011963,0.8239963884785384,[0.82120619],5.0,0.6,0.0,-0.052209280345854744,0.12221097208800462,1.4984421455885024
26.681358575820923,0.8251687807789585,[0.82252794],5.0,0.6,0.0,0.1681903672650911,0.1015822164337251,1.4985851110726693
26.690319538116455,0.8263411730793784,[0.82384015],5.0,0.6,0.0,0.15944032611124445,0.10868403751382198,1.4987308380634676
26.69868016242981,0.8275135653797985,[0.82514221],5.0,0.6,0.0,0.07665330908104002,0.11348776831226563,1.4988715962424675
26.708068132400513,0.828881356396955,[0.82643571],5.0,0.6,0.0,-0.2912022803332557,0.11572033682839987,1.4987413574047768
26.71569561958313,0.8298583499806385,[0.82771985],5.0,0.6,0.0,-0.4014246010238399,0.09750701357049651,1.4989658385329798
26.725334882736206,0.8312261409977952,[0.82899186],5.0,0.6,0.0,-0.40292967304189264,0.10392572844287906,1.4988812537889402
26.733335494995117,0.8325939320149518,[0.83024947],5.0,0.6,0.0,-0.6403450309061423,0.08710670461142386,1.498596160493566
26.74235248565674,0.8337663243153719,[0.83149084],5.0,0.6,0.0,-0.6248920827691039,0.09665977133174658,1.4986743752743767
26.751324892044067,0.834938716615792,[0.83271654],5.0,0.6,0.0,-0.5234528952524546,0.10317780533658727,1.4988089501578268
26.7645845413208,0.8368927037831586,[0.83393112],5.0,0.6,0.0,-0.6833565092193961,0.12352854430641115,1.4978998479006953
26.77501153945923,0.8382604948003154,[0.83514037],5.0,0.6,0.0,-0.6127921808210031,0.11917370649937681,1.4977753986462798
26.782342195510864,0.8394328871007354,[0.83634514],5.0,0.6,0.0,-0.4740708912068343,0.09648836640648477,1.4979277150806851
26.79134750366211,0.8406052794011555,[0.8375422],5.0,0.6,0.0,-0.6101096140920621,0.10016258004994963,1.4978482547157164
26.80033588409424,0.8417776717015754,[0.83873071],5.0,0.6,0.0,-0.5254140286061189,0.10255024560380831,1.4979394708921847
26.809327363967896,0.8429500640019953,[0.83991191],5.0,0.6,0.0,-0.3794291887237165,0.10384276870332929,1.4980484672612713
26.820348739624023,0.8447086524526255,[0.8410868],5.0,0.6,0.0,-0.512931537917316,0.10162205585076989,1.4971840613103662
26.828452110290527,0.8456856460363087,[0.84225618],5.0,0.6,0.0,-0.7049081371915931,0.10284088380600746,1.4972807669612076
26.83663773536682,0.8466626396199921,[0.84341883],5.0,0.6,0.0,-0.5947406338047622,0.08443618875616987,1.4976345144066006
26.847355604171753,0.8482258293538855,[0.84457183],5.0,0.6,0.0,-0.40107766739888384,0.08768161871932283,1.497213488788064
26.858508825302124,0.8495936203710422,[0.84571641],5.0,0.6,0.0,-0.4885505531878571,0.10876536723184548,1.4968203177715882
26.866363525390625,0.8505706139547256,[0.84685724],5.0,0.6,0.0,-0.36802836876676814,0.10629465491050845,1.497145152378435
26.876349687576294,0.8519384049718822,[0.84799458],5.0,0.6,0.0,-0.4750530060315243,0.08406111735592996,1.496726122124748
26.88850998878479,0.8533061959890389,[0.84912677],5.0,0.6,0.0,-0.3532740430477466,0.10443376084511263,1.4964196858897885
26.897329568862915,0.8542831895727223,[0.85025417],5.0,0.6,0.0,-0.17671903523428584,0.08383129720231067,1.4967354209348849
26.908360958099365,0.8556509805898791,[0.85137706],5.0,0.6,0.0,-0.013950964047424963,0.10342620853756247,1.4963532449292698
26.918699979782104,0.8568233728902991,[0.8524974],5.0,0.6,0.0,-0.16241916808991727,0.09988882227502648,1.4962445477736814
26.92828392982483,0.857995765190719,[0.85361678],5.0,0.6,0.0,-0.10490910429246338,0.09693025282702017,1.4961640568374752
26.936424732208252,0.8587773600576656,[0.85473303],5.0,0.6,0.0,-0.26678040079921217,0.07875730641466272,1.496681047663678
26.94533681869507,0.859754353641349,[0.85584255],5.0,0.6,0.0,-0.18929722449937914,0.08320156833192653,1.4969175622285027
26.955321311950684,0.8607313472250324,[0.85694408],5.0,0.6,0.0,-0.3232305044374784,0.08667416721634418,1.4970576630567063
26.963347911834717,0.861512942091979,[0.85803834],5.0,0.6,0.0,-0.21987543436401957,0.08998356654725245,1.4975523485396944
26.972368955612183,0.8624899356756623,[0.85912597],5.0,0.6,0.0,-0.3331508333670955,0.0918346058303364,1.4976566878423407
26.981383800506592,0.8636623279760824,[0.86020586],5.0,0.6,0.0,-0.49066110760183734,0.07449928576081417,1.497434234487272
26.991403341293335,0.8646393215597659,[0.86127545],5.0,0.6,0.0,-0.35056176658666405,0.08076829606734223,1.497647952492666
26.99929976463318,0.8654209164267126,[0.86233438],5.0,0.6,0.0,-0.13704426305488202,0.08624058710242763,1.4980824880864423
27.00837016105652,0.8663979100103958,[0.86338417],5.0,0.6,0.0,-0.21484826538578078,0.08959975392874688,1.4981507664330804
27.019307374954224,0.8673749035940792,[0.86442622],5.0,0.6,0.0,-0.3690968529769856,0.09215668521768361,1.4981611680094071
27.02729868888855,0.8685472958944992,[0.86546181],5.0,0.6,0.0,-0.23818584346526894,0.09302389836074874,1.498055539120743
27.036333084106445,0.8693288907614459,[0.86649041],5.0,0.6,0.0,-0.037468305372057725,0.07748795019809206,1.4983888597600634
27.04880952835083,0.8705012830618659,[0.8675117],5.0,0.6,0.0,-0.127998137327549,0.10082023747255398,1.4982018824007146
27.057419538497925,0.8714782766455493,[0.86852724],5.0,0.6,0.0,-0.29357297671920213,0.08273983882435657,1.4981956460046346
27.066959381103516,0.8722598715124958,[0.86953848],5.0,0.6,0.0,-0.17229185362159669,0.10655740448389134,1.4984978059593566
27.076380729675293,0.8730414663794427,[0.87054673],5.0,0.6,0.0,-0.2556573814262401,0.08840733686608616,1.4987073847300292
27.084671020507812,0.8738230612463893,[0.87155149],5.0,0.6,0.0,-0.1099734322827097,0.09376228859455242,1.4989595244691183
27.094321489334106,0.874604656113336,[0.87255244],5.0,0.6,0.0,0.08310417928825313,0.09815006826449493,1.4991528930170974
27.102919816970825,0.8755816496970192,[0.87355114],5.0,0.6,0.0,-0.022277805867755414,0.1008950557119566,1.499175380176612
27.11459970474243,0.8765586432807027,[0.87454905],5.0,0.6,0.0,0.07256448935885973,0.10303443247302345,1.499188712809749
27.122331857681274,0.8771448394309127,[0.87554745],5.0,0.6,0.0,-0.06305016677534792,0.10678500672288264,1.4994868405702761
27.130301237106323,0.8777310355811228,[0.87654572],5.0,0.6,0.0,0.029689785097721855,0.09157001219717413,1.4997183896429602
27.138404846191406,0.878121833014596,[0.87754161],5.0,0.6,0.0,0.1779830524721031,0.10100584328597931,1.499909089268479
27.149314165115356,0.8790988265982794,[0.87853684],5.0,0.6,0.0,0.0378146103284171,0.12447477675625894,1.499935771647444
27.15883159637451,0.879880421465226,[0.87953472],5.0,0.6,0.0,0.10697808608194648,0.10524351330356088,1.4999675790646527
27.166432857513428,0.8806620163321728,[0.88053267],5.0,0.6,0.0,0.2291216419722277,0.09149516451629662,1.4999575769118247
27.175812482833862,0.8814436111991195,[0.88152857],5.0,0.6,0.0,0.34236804834373824,0.11986981142287675,1.4999113084650535
27.18430757522583,0.8820298073493293,[0.88252425],5.0,0.6,0.0,0.42712433877947814,0.10390445669856174,1.4998153193057164
27.193562269210815,0.8830068009330129,[0.8835195],5.0,0.6,0.0,0.4814776246357714,0.10984961477478945,1.4997748922345502
27.203346252441406,0.8837883957999594,[0.88451414],5.0,0.6,0.0,0.5099362872091316,0.11531929609309585,1.4997011310380872
27.21299457550049,0.8845699906669061,[0.8855099],5.0,0.6,0.0,0.51853049974996,0.11941654861377615,1.4996232197908004
27.221811532974243,0.8851561868171162,[0.88650821],5.0,0.6,0.0,0.5128730930005551,0.12363688609040964,1.4994387048400086
27.231359481811523,0.8861331804007996,[0.88751027],5.0,0.6,0.0,0.4975470950060773,0.1253452816707827,1.499436550209415
27.24097728729248,0.8871101739844829,[0.88851707],5.0,0.6,0.0,0.47604918510954863,0.12660155473417492,1.4994355395696182
27.24893093109131,0.8878917688514296,[0.88952755],5.0,0.6,0.0,0.7269742919182856,0.10946661166823612,1.4990717340846844
27.25632929801941,0.8886733637183762,[0.89053716],5.0,0.6,0.0,0.7331817886307492,0.09748419370765986,1.4989054990719932
27.26669430732727,0.8898457560187963,[0.89154389],5.0,0.6,0.0,0.6506126090532875,0.1258140566289381,1.499108430589192
27.275333881378174,0.890627350885743,[0.89254976],5.0,0.6,0.0,0.8233764922002182,0.10955405074602503,1.4987567321081408
27.284348487854004,0.8917997431861631,[0.8935547],5.0,0.6,0.0,0.7596136061613722,0.11553328823199051,1.498954872523631
27.29432511329651,0.8927767367698464,[0.89455873],5.0,0.6,0.0,0.8987270451968676,0.12045843524849102,1.498764201253146
27.30290460586548,0.8935583316367929,[0.89556378],5.0,0.6,0.0,0.7899120232685222,0.12527886786916637,1.4987316959136932
27.314292907714844,0.8949261226539497,[0.89657155],5.0,0.6,0.0,0.6124599467969617,0.1264289453831083,1.4991795076632295
27.3233425617218,0.8957077175208964,[0.89758357],5.0,0.6,0.0,0.7153114736092061,0.12976909586268073,1.498915741065562
27.33330726623535,0.8968801098213164,[0.8986012],5.0,0.6,0.0,0.6042568732225233,0.1309551998003987,1.4991360165764798
27.344453811645508,0.8982479008384732,[0.89962569],5.0,0.6,0.0,0.7142121511512509,0.1309444853932149,1.4992408403593567
27.353829383850098,0.899420293138893,[0.90065814],5.0,0.6,0.0,0.5898322015985944,0.1319191158553736,1.4994346821914182
27.364314317703247,0.900592685439313,[0.9016996],5.0,0.6,0.0,0.6825888724714376,0.1327274569471317,1.4994082627899863
27.374329566955566,0.9017650777397332,[0.90275098],5.0,0.6,0.0,0.5434103415071154,0.13366026213910973,1.499585848661693
27.38360834121704,0.9029374700401532,[0.90381313],5.0,0.6,0.0,0.6255100320150457,0.13456526640454383,1.4995554838376535
27.392321586608887,0.9039144636238364,[0.90488682],5.0,0.6,0.0,0.7557562482563456,0.13644618042384754,1.4993859263165767
27.401681661605835,0.9050868559242566,[0.90597274],5.0,0.6,0.0,0.8676897897188766,0.1373091138502622,1.4992829207541933
27.4103262424469,0.90606384950794,[0.90706939],5.0,0.6,0.0,0.6660086398694348,0.11782094086851028,1.499467716049736
27.42036199569702,0.9074316405250966,[0.90817554],5.0,0.6,0.0,0.6697092338891887,0.14545556683158725,1.4995555683372273
27.42833137512207,0.9086040328255167,[0.90929228],5.0,0.6,0.0,0.7308031257644036,0.12308612245495615,1.4995078612537998
27.436346292495728,0.9097764251259366,[0.91041625],5.0,0.6,0.0,0.7900001825836367,0.10669665679309134,1.4994537646237187
27.446706771850586,0.9111442161430933,[0.91154469],5.0,0.6,0.0,0.8278590155281516,0.138823874254045,1.4994580090716279
27.458271980285645,0.91251200716025,[0.91268185],5.0,0.6,0.0,0.5656810942605452,0.13974668067252558,1.499756082623146
27.467925310134888,0.9138797981774068,[0.91383135],5.0,0.6,0.0,0.5259553297250268,0.14018313391396045,1.4997936502130964
27.47627091407776,0.9148567917610901,[0.91499185],5.0,0.6,0.0,0.2830572312836074,0.11993106019451566,1.4999367127418077
27.484568119049072,0.9160291840615101,[0.91615999],5.0,0.6,0.0,0.017491593252963844,0.12778932386746938,1.4999963504303255
27.49392080307007,0.9173969750786667,[0.91733513],5.0,0.6,0.0,0.0709129392600443,0.13267730751212373,1.499995491606083
27.503556489944458,0.9187647660958235,[0.91851901],5.0,0.6,0.0,-0.059991276563867754,0.1362437673524716,1.499985241838182
27.513293027877808,0.9201325571129801,[0.91971311],5.0,0.6,0.0,-0.22465662697202338,0.1385696295196506,1.4999272443913343
27.524138927459717,0.9216957468468735,[0.9209186],5.0,0.6,0.0,-0.09017240693644354,0.1391182004850442,1.4998731645471868
27.533912181854248,0.9230635378640303,[0.92213643],5.0,0.6,0.0,-0.15987031782017785,0.14022741270642683,1.4998090819768362
27.542731046676636,0.9244313288811868,[0.92336728],5.0,0.6,0.0,-0.004115468299493941,0.14087358839702668,1.4997735745162128
27.5503191947937,0.9254083224648704,[0.92460937],5.0,0.6,0.0,0.1946911342820719,0.11995278425017131,1.4998441275268974
27.559914350509644,0.9269715121987636,[0.92585876],5.0,0.6,0.0,0.09121249356868374,0.12613280585921494,1.4997461950547155
27.5674467086792,0.9281439044991837,[0.92711443],5.0,0.6,0.0,0.18500275600573052,0.13219287369091137,1.499762583390999
27.57727885246277,0.9295116955163404,[0.92837548],5.0,0.6,0.0,0.046235062643406905,0.11217245075269569,1.4997402461683704
27.586278200149536,0.9308794865334971,[0.92963882],5.0,0.6,0.0,0.1344331081795046,0.12164793672820479,1.4996787416631672
27.5950186252594,0.9322472775506537,[0.93090423],5.0,0.6,0.0,0.0013049360121891174,0.12870259506591153,1.4996393076508348
27.60336661338806,0.9334196698510738,[0.932174],5.0,0.6,0.0,-0.1778115847759686,0.13484802927938813,1.4996661738251942
27.612298488616943,0.9349828595849671,[0.93344774],5.0,0.6,0.0,-0.33557047585298827,0.11350040138658574,1.4994449732356818
27.6212797164917,0.9363506506021237,[0.93472281],5.0,0.6,0.0,-0.45245117514814087,0.1236311931638455,1.4993178007716532
27.63027262687683,0.9377184416192806,[0.93599955],5.0,0.6,0.0,-0.25249399004301415,0.1312378010110399,1.499361800739509
27.642560958862305,0.9394770300699106,[0.93728342],5.0,0.6,0.0,-0.26151530312913,0.1596680614541335,1.4989871704934985
27.651312828063965,0.9410402198038039,[0.93857923],5.0,0.6,0.0,-0.05693709983023096,0.13168683986417232,1.4987870234299732
27.6604483127594,0.9424080108209606,[0.93988614],5.0,0.6,0.0,-0.09780482536285341,0.13772162891154865,1.4987217189944828
27.67028021812439,0.9441665992715907,[0.94120364],5.0,0.6,0.0,0.06727074545499043,0.14088059072911083,1.4982423420536488
27.680097341537476,0.9459251877222207,[0.94253404],5.0,0.6,0.0,0.26648845029684154,0.14328516095710597,1.4976498046708997
27.688650846481323,0.9472929787393772,[0.94387951],5.0,0.6,0.0,0.1596123372922194,0.14724764785203692,1.4976534012470237
27.69766664505005,0.9488561684732707,[0.94524208],5.0,0.6,0.0,0.24860348804311685,0.14996909152085197,1.497345080484659
27.705626964569092,0.9502239594904275,[0.94662079],5.0,0.6,0.0,0.1047339775454,0.12614747933777082,1.4973986365352305
27.71683979034424,0.9521779466577941,[0.94801498],5.0,0.6,0.0,0.18800009306831547,0.16126122128335288,1.4965136251634983
27.728211641311646,0.9545227312586343,[0.94942986],5.0,0.6,0.0,0.32632731710371776,0.15735723683643138,1.4947467059718063
27.737963438034058,0.9562813197092642,[0.95086992],5.0,0.6,0.0,0.17614775802948562,0.15670280433949177,1.4941373728124137
27.74527859687805,0.9576491107264208,[0.95233309],5.0,0.6,0.0,0.23552771760038418,0.13030617053528704,1.4943226358644437
27.753473043441772,0.9594076991770509,[0.95381159],5.0,0.6,0.0,0.3482773172453339,0.10905815766920653,1.493666006753452
27.763296842575073,0.9613616863444175,[0.95530181],5.0,0.6,0.0,0.4526101892546618,0.15101836309042088,1.4925300081498156
27.772315979003906,0.9631202747950476,[0.95680663],5.0,0.6,0.0,0.8050166666911658,0.12401830746322032,1.4915771007196634
27.782641649246216,0.965269660679151,[0.95832849],5.0,0.6,0.0,0.8846470546833141,0.15926695234730334,1.4898280825861268
27.792369604110718,0.9670282491297811,[0.95986937],5.0,0.6,0.0,0.8506980034996398,0.12940534606445242,1.4892640247048181
27.800305604934692,0.9685914388636743,[0.96142776],5.0,0.6,0.0,0.5003799569056031,0.13736732376504585,1.4896024966819885
27.81029963493347,0.9705454260310411,[0.96300229],5.0,0.6,0.0,0.38478532283811334,0.14133316165206294,1.4885745357421842
27.81978678703308,0.9724994131984078,[0.96459474],5.0,0.6,0.0,0.3621171842029217,0.14361530257208474,1.4874833842274826
27.82944941520691,0.9746487990825112,[0.96620645],5.0,0.6,0.0,0.36933291722720185,0.14395020439837056,1.4857449392358208
27.839909315109253,0.9767981849666146,[0.96783841],5.0,0.6,0.0,0.10432991296578065,0.14355915692350082,1.4840645854566674
27.849275588989258,0.9789475708507178,[0.96949124],5.0,0.6,0.0,0.35284780650980935,0.14246620829520107,1.4821818499441013
27.857879400253296,0.9809015580180845,[0.97116522],5.0,0.6,0.0,0.16319013633837162,0.14208144816119486,1.4811995103461773
27.86840581893921,0.9830509439021881,[0.97286034],5.0,0.6,0.0,0.41859332970441626,0.1402736839118882,1.4793141249461073
27.877330541610718,0.9850049310695548,[0.97457632],5.0,0.6,0.0,0.21167967507613702,0.13934059163882317,1.4784502924801992
27.886274099349976,0.9869589182369213,[0.97630947],5.0,0.6,0.0,0.16871179335089093,0.10963157699811282,1.4775519508420314
27.897319078445435,0.989499101554498,[0.97805641],5.0,0.6,0.0,0.18467380650794346,0.1418259722492946,1.4741274961802182
27.905253171920776,0.9912576900051281,[0.97981717],5.0,0.6,0.0,-0.0616759820394924,0.11139773281904851,1.4741596994317154
27.917285442352295,0.9937978733227049,[0.98159147],5.0,0.6,0.0,-0.06890523944861669,0.14103702917174266,1.4706368131762126
27.925273895263672,0.9957518604900715,[0.98337883],5.0,0.6,0.0,-0.2729756237287345,0.10866692297832013,1.4697901371892756
27.933239459991455,0.9975104489407016,[0.9851755],5.0,0.6,0.0,-0.22234141068467134,0.11355243057093213,1.4699913531313364
27.942663192749023,0.999659834824805,[0.98697807],5.0,0.6,0.0,-0.37268308053112387,0.11509220420366363,1.4682429902089278
27.9503071308136,1.001418423275435,[0.98878348],5.0,0.6,0.0,-0.5547018704310467,0.08895923724496825,1.4683469923465622
27.960315227508545,1.0035678091595384,[0.99058897],5.0,0.6,0.0,-0.429642340783339,0.1241672645909757,1.466733760114119
27.96974468231201,1.0057171950436417,[0.99239805],5.0,0.6,0.0,-0.500347554463699,0.12072719538716141,1.464955764331533
27.979143142700195,1.0078665809277452,[0.99421052],5.0,0.6,0.0,-0.6146508542428296,0.0896850493706922,1.4631082546704253
27.989001274108887,1.0100159668118485,[0.99602011],5.0,0.6,0.0,-0.7138993005368385,0.09448852663597215,1.461201432803775
27.997910976409912,1.0119699539792153,[0.99782433],5.0,0.6,0.0,-0.7808760876063332,0.09815488450986082,1.4603167591757997
28.00615382194519,1.013923941146582,[0.99962398],5.0,0.6,0.0,-1.0914036574897021,0.10029213605687105,1.4590413271287488
28.015313863754272,1.0158779283139485,[1.00141677],5.0,0.6,0.0,-1.1322191375927653,0.0737141383437213,1.4580842440799853
28.0267276763916,1.0182227129147887,[1.00320075],5.0,0.6,0.0,-1.3408841135945908,0.10718417900232206,1.4545347758878593
28.035269737243652,1.0199813013654186,[1.00497716],5.0,0.6,0.0,-1.2718213127936124,0.07893056929372229,1.454771072880076
28.045323371887207,1.022130687249522,[1.00674425],5.0,0.6,0.0,-1.387228603939444,0.08375828386516103,1.4523244949599676
28.056338787078857,1.0242800731336255,[1.00850061],5.0,0.6,0.0,-1.5234611361272052,0.08678132321850304,1.4496965640260553
28.066288948059082,1.026234060300992,[1.010248],5.0,0.6,0.0,-1.6222336811812936,0.0892635552266217,1.4482182057809134
28.07575035095215,1.028188047468359,[1.01198804],5.0,0.6,0.0,-1.6707105226438501,0.09073981369450422,1.4467921656912752
28.08364486694336,1.0299466359189888,[1.01372218],5.0,0.6,0.0,-1.3976946617216501,0.09239417305200893,1.4472631415778923
28.092318534851074,1.0315098256528823,[1.01544888],5.0,0.6,0.0,-1.3322971879447598,0.06733513070056497,1.4483978420296861
28.1011962890625,1.0332684141035122,[1.01716408],5.0,0.6,0.0,-1.3301907885910014,0.07629397492535729,1.4481369499547476
28.110951900482178,1.0348316038374055,[1.01886736],5.0,0.6,0.0,-1.3329020416155848,0.08375004721227321,1.448985081247117
28.118273973464966,1.0361993948545623,[1.02055855],5.0,0.6,0.0,-1.3206546161319248,0.062494325918754486,1.4509537780438138
28.127251625061035,1.0379579833051924,[1.02223478],5.0,0.6,0.0,-1.2900696516169228,0.07391477313230627,1.450521263882157
28.135648250579834,1.0393257743223492,[1.02389673],5.0,0.6,0.0,-1.2439103069722766,0.08382849491466703,1.4523540505432353
28.144559860229492,1.0408889640562422,[1.02554801],5.0,0.6,0.0,-1.1865793637247095,0.0902462229506713,1.4529745874628497
28.15739941596985,1.0430383499403457,[1.02719467],5.0,0.6,0.0,-1.1223050925793325,0.11798730921610213,1.450098231375698
28.166300296783447,1.044601539674239,[1.02884188],5.0,0.6,0.0,-1.3305778799362264,0.08764406290360302,1.4502239748354946
28.176332712173462,1.0461647294081324,[1.03049108],5.0,0.6,0.0,-1.2950336962951408,0.11830434893076706,1.4508079613283509
28.185957431793213,1.0479233178587624,[1.0321463],5.0,0.6,0.0,-0.8961550788502423,0.11327761407731816,1.4508385055780293
28.194457292556763,1.0490957101591825,[1.03380795],5.0,0.6,0.0,-0.7213542097675472,0.08596627399272751,1.453945315468175
28.204773664474487,1.0510496973265493,[1.03547059],5.0,0.6,0.0,-0.6432622902659697,0.08964271330374693,1.4523096804380098
28.213807106018066,1.0522220896269692,[1.03713235],5.0,0.6,0.0,-0.32739061007295434,0.09577819391539544,1.4554015627527437
28.223822116851807,1.0537852793608626,[1.03879444],5.0,0.6,0.0,-0.26707913853179016,0.09880614788354214,1.4559968918219584
28.23312759399414,1.055348469094756,[1.0404578],5.0,0.6,0.0,-0.02127392442826706,0.10090098140646848,1.4566221955447984
28.242246627807617,1.056520861395176,[1.04212317],5.0,0.6,0.0,-0.03822578848488596,0.10438348988425537,1.459387887308318
28.251700162887573,1.0580840511290694,[1.04378828],5.0,0.6,0.0,0.13993249160219315,0.07885081979884026,1.4599356662595957
28.260295152664185,1.0592564434294893,[1.04544834],5.0,0.6,0.0,0.06934861530912269,0.08955150729032733,1.4625815997672538
28.27033257484436,1.0608196331633828,[1.04710213],5.0,0.6,0.0,0.20728687745226873,0.0957355132024701,1.4630334056413012
28.279553651809692,1.0621874241805394,[1.04875413],5.0,0.6,0.0,0.3836735558352587,0.12627085074875896,1.4644432732918604
28.287269353866577,1.0635552151976961,[1.05040533],5.0,0.6,0.0,0.5343230726846889,0.1280058119272601,1.4657948286681783
28.296660661697388,1.064923006214853,[1.05204825],5.0,0.6,0.0,0.6416499384466907,0.12410285116533518,1.4670852250273272
28.306271076202393,1.0666815946654828,[1.05367933],5.0,0.6,0.0,0.7069350068024205,0.11946456268532292,1.46638158453403
28.314281463623047,1.067853986965903,[1.05530118],5.0,0.6,0.0,0.7377952333241062,0.11859605260825799,1.4685717510217744
28.32561230659485,1.0698079741332696,[1.05691598],5.0,0.6,0.0,0.46681531525749725,0.11473384839377286,1.4671435087691274
28.33525538444519,1.0711757651504263,[1.05852561],5.0,0.6,0.0,0.4205656309617548,0.114072120499871,1.4683697995088194
28.344112873077393,1.0729343536010563,[1.06013159],5.0,0.6,0.0,0.450419734384885,0.11171253959256394,1.467598348655075
28.353838205337524,1.0744975433349495,[1.06173515],5.0,0.6,0.0,0.4937019409904283,0.11050968000655607,1.4677677094183026
28.364281177520752,1.076060733068843,[1.06333987],5.0,0.6,0.0,0.8031983139524983,0.13338570198076657,1.4676740508629256
28.37452459335327,1.077819321519473,[1.06495129],5.0,0.6,0.0,0.8539345981724553,0.12438325031613831,1.4668825923527449
28.382696390151978,1.0793825112533664,[1.06656855],5.0,0.6,0.0,0.8014630246375891,0.09359951540547233,1.467215932669761
28.392229795455933,1.0807503022705232,[1.0681855],5.0,0.6,0.0,0.9921489232603219,0.09706112377477952,1.4681862038821947
28.402758359909058,1.082508890721153,[1.06979941],5.0,0.6,0.0,0.9369570604216726,0.09776139327655942,1.4675569981876526
28.41332173347473,1.084267479171783,[1.0714105],5.0,0.6,0.0,1.0778738872854308,0.09762924257409959,1.4666160260937242
28.421281814575195,1.08563527018894,[1.07301632],5.0,0.6,0.0,0.9661906688031354,0.07392466319589044,1.467959779068943
28.430251598358154,1.0871984599228333,[1.07461219],5.0,0.6,0.0,1.0588341188841,0.08121103516226112,1.4679799516762666
28.44101333618164,1.0887616496567265,[1.07619923],5.0,0.6,0.0,0.9109241316217553,0.11005629835722452,1.4683127193255816
28.44926619529724,1.09032483939062,[1.07778088],5.0,0.6,0.0,0.7027277455352561,0.08204840464442238,1.4686523966398266
28.459258317947388,1.09208342784125,[1.079355],5.0,0.6,0.0,0.5062437194373951,0.08478839838330657,1.4679260019841016
28.469237804412842,1.09384201629188,[1.08091724],5.0,0.6,0.0,0.06874975390251487,0.06198076706113782,1.4671384562609997
28.480124950408936,1.09560060474251,[1.08246648],5.0,0.6,0.0,-0.0880121960475979,0.0938474588384209,1.4660815738002846
28.49025797843933,1.0971637944764034,[1.08400673],5.0,0.6,0.0,-0.12353752013631461,0.09255983065196918,1.4659594355834882
28.49827003479004,1.09853158549356,[1.08554135],5.0,0.6,0.0,-0.11179238887917647,0.09209398866356254,1.4668045824866582
28.509758710861206,1.1004855726609268,[1.08707307],5.0,0.6,0.0,-0.08571623727296926,0.11151131439793822,1.4646550548087411
28.520236492156982,1.1018533636780836,[1.08860416],5.0,0.6,0.0,-0.3349897307509486,0.08186955995152376,1.4654173297614066
28.532633066177368,1.1038073508454502,[1.09013397],5.0,0.6,0.0,-0.34550560973751965,0.10334907266925923,1.4632093486434927
28.54026770591736,1.10497974314587,[1.09166424],5.0,0.6,0.0,-0.27299745253358004,0.09899789279155316,1.4651053825752887
28.550777435302734,1.1065429328797636,[1.09319633],5.0,0.6,0.0,-0.4602944957933207,0.09429273570846317,1.464843108657836
28.559391498565674,1.1079107238969204,[1.09472657],5.0,0.6,0.0,-0.4141004817548001,0.06868861948218118,1.465705304534195
28.56725811958313,1.1090831161973405,[1.09624947],5.0,0.6,0.0,-0.2965300041525091,0.0745758902549877,1.4675306835819635
28.575271368026733,1.1102555084977603,[1.09776046],5.0,0.6,0.0,-0.17475633597728846,0.05574565190493605,1.4692344881555326
28.58374309539795,1.111623299514917,[1.09925577],5.0,0.6,0.0,-0.07266916135913609,0.06528073209025985,1.4698680657739658
28.592267274856567,1.112795691815337,[1.10073469],5.0,0.6,0.0,0.004554429092488238,0.07312160878321981,1.4713255829517256
28.601460456848145,1.1143588815492305,[1.10219915],5.0,0.6,0.0,0.05904481010757121,0.07687570671413604,1.4708585406575245
28.609622478485107,1.1155312738496506,[1.10364858],5.0,0.6,0.0,-0.18088497210876586,0.058017332112463835,1.4721309818836112
28.618252992630005,1.1168990648668071,[1.10508039],5.0,0.6,0.0,-0.1918224089204988,0.06726780517128846,1.4724230159552227
28.6276593208313,1.1182668558839637,[1.10649489],5.0,0.6,0.0,-0.12464432861069406,0.0738037713143443,1.4726531381319112
28.638195991516113,1.1198300456178572,[1.10789481],5.0,0.6,0.0,-0.31961951478195527,0.07745765619307067,1.4718360258950032
28.65011167526245,1.1213932353517506,[1.10928267],5.0,0.6,0.0,-0.2820889735315308,0.07960107623000094,1.4710336535737794
28.66056752204895,1.1229564250856439,[1.11066298],5.0,0.6,0.0,-0.449475682885202,0.10316957922724578,1.4700761022994044
28.668229579925537,1.124128817386064,[1.11203736],5.0,0.6,0.0,-0.6456485639615568,0.10467213709963245,1.4708724791888064
28.679327726364136,1.1256920071199572,[1.11340265],5.0,0.6,0.0,-0.5300316024819022,0.12004934804571589,1.4700368858219584
28.6882586479187,1.1270597981371138,[1.11476085],5.0,0.6,0.0,-0.6056635148292535,0.11028047727024556,1.4699272375428123
28.699230670928955,1.1286229878710075,[1.11611604],5.0,0.6,0.0,-0.4452011793462648,0.10219659756590341,1.4690520499822972
28.707252979278564,1.1297953801714273,[1.11746714],5.0,0.6,0.0,-0.23386192565151007,0.07544857811712957,1.4700195109271337
28.719826698303223,1.1317493673387942,[1.11881328],5.0,0.6,0.0,-0.04348841938675642,0.09792013679049993,1.4670839931661204
28.727472066879272,1.132921759639214,[1.12015844],5.0,0.6,0.0,0.1044850110478609,0.09478984285806527,1.467936453251788
28.735264778137207,1.1340941519396341,[1.12150375],5.0,0.6,0.0,0.4854752048287352,0.06975110450787447,1.4686182107661439
28.74456286430359,1.1354619429567907,[1.12284559],5.0,0.6,0.0,0.5872445974520937,0.07436209072161935,1.4684102556751377
28.753161668777466,1.1368297339739475,[1.12418335],5.0,0.6,0.0,0.5727217723348699,0.07794591709159356,1.4682758543832066
28.761661767959595,1.1380021262743676,[1.12551897],5.0,0.6,0.0,0.5166395286094276,0.08162173559302331,1.4691161562433832
28.769222259521484,1.1391745185747875,[1.12685184],5.0,0.6,0.0,0.4516311040566596,0.06109604963328549,1.4699350107646663
28.7813937664032,1.140737708308681,[1.12818161],5.0,0.6,0.0,0.39068047669384254,0.09229159765405005,1.4688472076263455
28.789643049240112,1.1419101006091008,[1.12951051],5.0,0.6,0.0,0.33792891350479104,0.06924694957892023,1.4696330124205208
28.79919743537903,1.1432778916262578,[1.13083815],5.0,0.6,0.0,0.2937850990235701,0.07605201504035478,1.4694603569125304
28.80923318862915,1.1446456826434142,[1.13216439],5.0,0.6,0.0,-0.018763476489273345,0.0814498222082302,1.469323547571821
28.822235822677612,1.1464042710940443,[1.13349413],5.0,0.6,0.0,-0.08209063431032097,0.10749889657044942,1.4672101161724949
28.831647396087646,1.1477720621112009,[1.13483419],5.0,0.6,0.0,-0.05215124803685458,0.10420272534897917,1.4670744356018464
28.839503288269043,1.1487490556948845,[1.13618543],5.0,0.6,0.0,0.0027572970195059478,0.07960926026771797,1.4689241456726223
28.84759211540222,1.1501168467120408,[1.13754367],5.0,0.6,0.0,0.055240200079029175,0.0856474656159439,1.4688753568832194
28.855318546295166,1.151289239012461,[1.1389054],5.0,0.6,0.0,0.09630741243329374,0.0660840309032291,1.4697867884914084
28.865488052368164,1.1526570300296177,[1.14026772],5.0,0.6,0.0,0.12474031308397203,0.07751576437918717,1.4697558622377307
28.87324070930481,1.1538294223300378,[1.14162834],5.0,0.6,0.0,0.14220583048545213,0.060900000719189405,1.4706505184890049
28.8832368850708,1.1551972133471944,[1.14298542],5.0,0.6,0.0,0.15111493220859468,0.07498658701693464,1.4705978355244205
28.89596390724182,1.1571512005145612,[1.14434291],5.0,0.6,0.0,0.1537627595694106,0.10816970246166958,1.4677043857392253
28.90659213066101,1.1587143902484545,[1.14571231],5.0,0.6,0.0,0.15204621627214707,0.13228843409952673,1.466737162355115
28.91694211959839,1.1600821812656115,[1.14710349],5.0,0.6,0.0,0.1474259342542319,0.12606593380531333,1.4668556836041444
28.92522430419922,1.1614499722827678,[1.14851669],5.0,0.6,0.0,0.14097939074059845,0.09629890627193309,1.4670846393624346
28.933855533599854,1.162622364583188,[1.14994658],5.0,0.6,0.0,0.13347788160405022,0.10217151935199816,1.4683624706011156
28.94429636001587,1.164380953033818,[1.15139406],5.0,0.6,0.0,0.1254602256936181,0.13004617359050757,1.4668189756043701
28.953444957733154,1.1655533453342382,[1.15286254],5.0,0.6,0.0,0.11729420243665492,0.10127318249378187,1.4682917160317976
28.962637186050415,1.1671165350681314,[1.15434923],5.0,0.6,0.0,0.38526277856237834,0.10528536742502795,1.4678143864986724
28.970470905303955,1.1682889273685515,[1.15585167],5.0,0.6,0.0,0.41057115320400106,0.11052636251039065,1.469411108465462
28.979249715805054,1.169656718385708,[1.15736765],5.0,0.6,0.0,0.6240458576260459,0.08674210842988085,1.4699575530825602
28.988563776016235,1.1712199081196015,[1.15889242],5.0,0.6,0.0,0.8500613761057166,0.09653927523523043,1.4695262051883375
28.996862411499023,1.1723923004200216,[1.16042474],5.0,0.6,0.0,0.7509329920088577,0.10582104177108637,1.471342273757898
29.004424571990967,1.1735646927204413,[1.16196357],5.0,0.6,0.0,0.8329698280353057,0.08520969330835805,1.4729255935117924
29.01324152946472,1.1749324837375983,[1.16350515],5.0,0.6,0.0,0.6717208684813504,0.09823233753767897,1.4738855147994097
29.023185968399048,1.1768864709049651,[1.16504921],5.0,0.6,0.0,0.7307488943226745,0.10502887595759114,1.4719675429084234
29.033276081085205,1.1786450593555948,[1.16659849],5.0,0.6,0.0,0.5646834381408511,0.11041642275048465,1.471155889549573
29.04302144050598,1.1802082490894885,[1.16815536],5.0,0.6,0.0,0.6269524758431361,0.11497574510253115,1.4710710887526228
29.0522403717041,1.1819668375401182,[1.16972185],5.0,0.6,0.0,0.4673523140238529,0.11756530154084419,1.4702946671339892
29.063150644302368,1.183920824707485,[1.17129968],5.0,0.6,0.0,0.5370644326146694,0.11836404381787649,1.4684288248595
29.07123637199402,1.1854840144413783,[1.17288734],5.0,0.6,0.0,0.38488667009523825,0.092629516038154,1.4686527759632018
29.0807785987854,1.1872426028920084,[1.17448056],5.0,0.6,0.0,0.4615938603745642,0.10177880084713081,1.4677922987207621
29.090205669403076,1.1890011913426384,[1.17607877],5.0,0.6,0.0,0.31585015329881017,0.10860608274632201,1.467079499480219
29.09879183769226,1.190368982359795,[1.17768454],5.0,0.6,0.0,0.39841671945823376,0.11524011050988209,1.468215050773195
29.10936999320984,1.192127570810425,[1.17930008],5.0,0.6,0.0,0.5340305453955643,0.11847680111242126,1.4674144772247733
29.11823868751526,1.1936907605443183,[1.18092424],5.0,0.6,0.0,0.3785122358298616,0.09319230329628922,1.4678221235846527
29.126226663589478,1.195253950278212,[1.18255298],5.0,0.6,0.0,0.15425571061972945,0.10452161603272006,1.4682342416886178
29.13423776626587,1.196426342578632,[1.18418598],5.0,0.6,0.0,0.22466151091325615,0.11476987033191108,1.4704416244777936
29.143450498580933,1.1979895323125254,[1.1858261],5.0,0.6,0.0,0.097837180153554,0.12103774567425651,1.470836548676003
29.151203155517578,1.1995527220464186,[1.18747269],5.0,0.6,0.0,-0.06957267612280317,0.09660767306001465,1.4712327412586823
29.164374589920044,1.2020929053639953,[1.18912522],5.0,0.6,0.0,0.05863003286913226,0.13249303806961427,1.4669245415162215
29.174181699752808,1.2038514938146252,[1.19079266],5.0,0.6,0.0,-0.019080446904096136,0.1589849923773038,1.4664681690583385
29.185781240463257,1.2060008796987287,[1.19248566],5.0,0.6,0.0,0.12793734273873272,0.14918837998423604,1.4641148315290722
29.194413900375366,1.2075640694326222,[1.19420356],5.0,0.6,0.0,0.31784900698852736,0.11653868249450298,1.4648539239159408
29.202204704284668,1.2091272591665154,[1.19593925],5.0,0.6,0.0,0.2056367348917643,0.1216704987290909,1.4657818269674827
29.212353229522705,1.211081246333882,[1.1976897],5.0,0.6,0.0,0.014993246171083899,0.12416959871890978,1.4647686988309316
29.22271966934204,1.2132306322179853,[1.1994554],5.0,0.6,0.0,0.11117560927906958,0.1246246851531984,1.4627505221934245
29.230231761932373,1.214598423235142,[1.20123344],5.0,0.6,0.0,0.004068780695313315,0.09919841483680376,1.4649060404410439
29.240885734558105,1.2169432078359823,[1.20301806],5.0,0.6,0.0,0.12784266412808917,0.1064123068098142,1.4619482831264445
29.249271869659424,1.2187017962866122,[1.20480753],5.0,0.6,0.0,0.3009089870084152,0.11367810022972355,1.4620583338346012
29.259207725524902,1.2210465808874524,[1.20660356],5.0,0.6,0.0,0.4533539661995081,0.11590429729873888,1.4589851863171477
29.269217252731323,1.2228051693380821,[1.20840758],5.0,0.6,0.0,0.2887157194032767,0.11962482516503936,1.4593274945347032
29.278767824172974,1.2249545552221854,[1.21022072],5.0,0.6,0.0,0.32583171177624093,0.12037828576932484,1.457432815256052
29.28620743751526,1.2263223462393424,[1.21204061],5.0,0.6,0.0,0.14091219039079694,0.09486082647505549,1.4600124545816549
29.294553995132446,1.2280809346899724,[1.21386196],5.0,0.6,0.0,-0.08205900364623253,0.10532022581524263,1.4603657670221022
29.30323839187622,1.2298395231406025,[1.21568354],5.0,0.6,0.0,-0.2739336013663619,0.11288819271950441,1.4606582650836155
29.3130464553833,1.2317935103079691,[1.2175075],5.0,0.6,0.0,-0.14001335861048145,0.11709943416654803,1.4599892239107826
29.322214603424072,1.233747497475336,[1.21933565],5.0,0.6,0.0,-0.20099022272030348,0.11976632760426507,1.4592806165090293
29.330217599868774,1.2353106872092292,[1.22116619],5.0,0.6,0.0,-0.310726468387389,0.09377327796293343,1.4607047373214757
29.340180158615112,1.2374600730933325,[1.22299433],5.0,0.6,0.0,-0.4115846306185176,0.10252834375080225,1.4588860547641453
29.35017418861389,1.239609458977436,[1.2248192],5.0,0.6,0.0,-0.4854819835919605,0.10803139861916654,1.4570174841420822
29.360177993774414,1.2417588448615395,[1.22664325],5.0,0.6,0.0,-0.5308316751163207,0.11113275414118824,1.4551223972448617
29.36948561668396,1.2439082307456428,[1.22846844],5.0,0.6,0.0,-0.552002598163112,0.11244907366296328,1.4532145344350849
29.379600048065186,1.2458622179130094,[1.23029631],5.0,0.6,0.0,-0.5547414512032249,0.11365610827271641,1.4524668935731384
29.38867449760437,1.247816205080376,[1.23212797],5.0,0.6,0.0,-0.5443678982091491,0.11380563241861615,1.4517471886634592
29.39721417427063,1.2495747935310062,[1.23396105],5.0,0.6,0.0,-0.8012490704411207,0.08602230770492077,1.4519340947103296
29.40559482574463,1.2513333819816361,[1.23579028],5.0,0.6,0.0,-0.8097254929478166,0.09503902461249808,1.4523432822871187
29.416709184646606,1.2534827678657396,[1.23761734],5.0,0.6,0.0,-0.7268883598513676,0.1264551546951519,1.45051062605744
29.425183534622192,1.2550459575996329,[1.2394466],5.0,0.6,0.0,-0.6216646568207714,0.09580454364953359,1.4522097076962082
29.43384099006653,1.2571953434837364,[1.24127547],5.0,0.6,0.0,-0.5217650059653459,0.09892800163776555,1.4503721092146054
29.444193601608276,1.2589539319343666,[1.24310164],5.0,0.6,0.0,-0.4362994535012503,0.10236744916224158,1.4508413905340076
29.452224254608154,1.260321722951523,[1.24492317],5.0,0.6,0.0,-0.642522901924024,0.07842249777835018,1.4533766089325393
29.46121311187744,1.2616895139686797,[1.24673533],5.0,0.6,0.0,-0.6197391189302797,0.09038561131224837,1.455974090758394
29.47020983695984,1.2634481024193098,[1.2485372],5.0,0.6,0.0,-0.7961454164407276,0.09767168988864895,1.4560355547725987
29.4816997051239,1.2657928870201498,[1.25033412],5.0,0.6,0.0,-0.7175816186705986,0.12653754705169262,1.4529463362704238
29.49266743659973,1.2677468741875166,[1.25213364],5.0,0.6,0.0,-0.8392719520510958,0.12139087051954876,1.4518907195494442
29.50261640548706,1.2697008613548835,[1.25393906],5.0,0.6,0.0,-0.9922516888951737,0.11737710551048648,1.4507949623153054
29.51018500328064,1.2710686523720398,[1.25574711],5.0,0.6,0.0,-1.1143334433873795,0.08978890590982844,1.4532116727596815
29.51973867416382,1.2728272408226697,[1.25755198],5.0,0.6,0.0,-0.913860153209435,0.0966801231408891,1.453784121601138
29.52869200706482,1.2743904305565632,[1.25935182],5.0,0.6,0.0,-0.9126861016217063,0.10278539876103748,1.4551560734891826
29.53748655319214,1.2759536202904564,[1.26114818],5.0,0.6,0.0,-0.6889188817635856,0.10748546062924677,1.4567536986737082
29.546195030212402,1.2775168100243501,[1.26293938],5.0,0.6,0.0,-0.7037637665928945,0.08274399547026604,1.4580216394721994
29.555503129959106,1.2790799997582434,[1.26472108],5.0,0.6,0.0,-0.5081376961362145,0.09414429410444002,1.4594107526189197
29.56519389152527,1.2804477907754,[1.26649282],5.0,0.6,0.0,-0.5518496387892475,0.10419555507682633,1.4615738440115422
29.575230598449707,1.28220637922603,[1.26825737],5.0,0.6,0.0,-0.6577009568940935,0.10885074807171904,1.4615105610414558
29.585737705230713,1.2839649676766602,[1.27002003],5.0,0.6,0.0,-0.7555569919717893,0.13919105468130308,1.4614295523575305
29.593708276748657,1.2851373599770801,[1.27178529],5.0,0.6,0.0,-0.5471408556675721,0.10993046722799292,1.4647498184972916
29.60420536994934,1.28689594842771,[1.2735539],5.0,0.6,0.0,-0.5491768154868801,0.14050319336444744,1.4647997783729145
29.614871501922607,1.2886545368783402,[1.27532639],5.0,0.6,0.0,-0.612001396106431,0.10886163099817868,1.4648170522608543
29.623254776000977,1.2902177266122334,[1.27710011],5.0,0.6,0.0,-0.6751192255527223,0.11403029875887385,1.4658318971095103
29.634219884872437,1.2919763150628636,[1.27887274],5.0,0.6,0.0,-0.44219930314108846,0.1169402557891615,1.4660966513160092
29.642221689224243,1.2931487073632837,[1.28064224],5.0,0.6,0.0,-0.1529036182517206,0.0937971763112933,1.4691844725258696
29.652182579040527,1.2947118970971772,[1.2824039],5.0,0.6,0.0,-0.17462463423316554,0.10425126531675535,1.470134327848235
29.66152572631836,1.2962750868310704,[1.28415962],5.0,0.6,0.0,-0.014232179569024339,0.1381810752851326,1.4710696619185826
29.66921329498291,1.2972520804147536,[1.28591388],5.0,0.6,0.0,-0.1015413272670882,0.11179684199571291,1.4746090791691757
29.677202939987183,1.2986198714319104,[1.28766166],5.0,0.6,0.0,-0.2508031569359194,0.09085121170960911,1.4762227883070584
29.686211109161377,1.2999876624490672,[1.28939577],5.0,0.6,0.0,-0.11260600500037085,0.10442713884675546,1.4778027636647448
29.69417953491211,1.3011600547494875,[1.29111599],5.0,0.6,0.0,-0.18279160747461115,0.11524660015983393,1.4800006723781611
29.70217204093933,1.3021370483331705,[1.29282507],5.0,0.6,0.0,-0.30454769310903906,0.1243036645770396,1.482737905595171
29.711573600769043,1.3035048393503272,[1.29452532],5.0,0.6,0.0,-0.1400828860544906,0.12919215381824253,1.4839883794222535
29.72068738937378,1.304872630367484,[1.29621864],5.0,0.6,0.0,-0.18906062994048511,0.13296879147613488,1.4851067047347188
29.730202674865723,1.306045022667904,[1.29790381],5.0,0.6,0.0,-0.2951923763317252,0.11015965487179662,1.4867667550486552
29.741189002990723,1.3074128136850605,[1.29957701],5.0,0.6,0.0,-0.11998201152064944,0.1201824180364762,1.4877844091421313
29.752414226531982,1.3089760034189541,[1.30124056],5.0,0.6,0.0,-0.1620680317569564,0.1521751234747832,1.4880843443592513
29.762476682662964,1.3103437944361107,[1.30290194],5.0,0.6,0.0,-0.2641823277525419,0.14998016717926,1.4889329215543485
29.77150845527649,1.3115161867365306,[1.30456188],5.0,0.6,0.0,-0.08701546469176485,0.12363743543698413,1.4903685274689948
29.782203674316406,1.3126885790369507,[1.30621814],5.0,0.6,0.0,-0.12857594649873824,0.15647781326207713,1.4916493305506853
29.790701627731323,1.3138609713373708,[1.30787146],5.0,0.6,0.0,0.04491112922686265,0.1297186351455435,1.4928493249589367
29.80109190940857,1.3152287623545271,[1.30951973],5.0,0.6,0.0,-0.021896319139333507,0.13534639679119612,1.4935022224958487
29.811933755874634,1.3165965533716841,[1.31116107],5.0,0.6,0.0,0.12291592643485501,0.1397139153224333,1.4940972867153866
29.82078742980957,1.3177689456721042,[1.31279659],5.0,0.6,0.0,0.3068803956815358,0.14363355667366381,1.4949972450085154
29.828697681427002,1.3185505405390507,[1.31442713],5.0,0.6,0.0,0.18877770736700633,0.1487988327494857,1.4965787515561004
29.83621573448181,1.3193321354059975,[1.31605334],5.0,0.6,0.0,0.26962193228784115,0.15333893454806438,1.4977980932669106
29.847127676010132,1.3206999264231545,[1.31767565],5.0,0.6,0.0,0.3959311973480203,0.15440090182407462,1.4980557395388145
29.857272148132324,1.3220677174403108,[1.31929432],5.0,0.6,0.0,0.5081302706034815,0.15499665384560335,1.4982706741749592
29.86617112159729,1.323240109740731,[1.3209069],5.0,0.6,0.0,0.588370474932032,0.13161852469094537,1.498654188453983
29.87522315979004,1.324412502041151,[1.32250868],5.0,0.6,0.0,0.6360138389445076,0.14016167817417974,1.4989743251062078
29.886542320251465,1.3257802930583074,[1.32410069],5.0,0.6,0.0,0.6564766151455015,0.1690613089373887,1.499115242333613
29.895633697509766,1.3271480840754641,[1.32568873],5.0,0.6,0.0,0.6564215952112734,0.1654735800537643,1.4992534978404277
29.905360221862793,1.3283204763758845,[1.32727258],5.0,0.6,0.0,0.6418932395664607,0.1398606240123659,1.4994737891857786
29.91517949104309,1.3294928686763046,[1.32884699],5.0,0.6,0.0,0.6177621385205496,0.1454552289021092,1.49963256647041
29.925167083740234,1.3306652609767244,[1.33040987],5.0,0.6,0.0,0.31167235731331655,0.1497738977453971,1.499914649235892
29.935688972473145,1.332033051993881,[1.33196417],5.0,0.6,0.0,0.24524723091439982,0.17430011433592896,1.4999542803030712
29.943178415298462,1.3330100455775644,[1.33351231],5.0,0.6,0.0,0.26567193060859284,0.1481614919890171,1.499897009164237
29.952205896377563,1.3341824378779843,[1.33504918],5.0,0.6,0.0,0.30699351819557275,0.12822332208094572,1.4997796129538692
29.963886260986328,1.3357456276118778,[1.33657037],5.0,0.6,0.0,0.0674705201454526,0.15835577292611516,1.499860580434703
29.974607944488525,1.3369180199122979,[1.33807907],5.0,0.6,0.0,0.05825364858666514,0.1582531744758766,1.4997279005205568
29.984158754348755,1.3380904122127177,[1.33957791],5.0,0.6,0.0,0.12424751157121156,0.15765430094508537,1.499546077473143
29.99260401725769,1.3390674057964012,[1.34106666],5.0,0.6,0.0,0.20042942697278143,0.15809657139155908,1.4991710119868857
