t_s,q_rad,q_des_rad,K,B,Kff,jerk,tau_Nm,reward
0.005997657775878906,0.0,[0.00308687],9.825212432529046,0.9781515540661307,1.9737818648793566,0.0,9.9,1.498096062062325
0.014634370803833008,-0.00019539871673667023,[0.01501962],9.650424865058092,0.9563031081322615,1.9475637297587132,0.0,9.999,1.4547560818305048
0.022173643112182617,0.0,[0.03767039],9.475637297587138,0.9344546621983922,1.92134559463807,0.0,9.99999,1.2529084292933557
0.033037424087524414,0.0,[0.06954916],9.300849730116184,0.9126062162645229,1.8951274595174268,0.0,9.9999999,0.8800634402981848
0.04254555702209473,-0.00019539871673667023,[0.10927557],9.12606216264523,0.8907577703306536,1.8689093243967834,0.0,9.999999999,0.5910106521325864
0.051753997802734375,0.0,[0.15547347],8.951274595174274,0.8689093243967844,1.84269118927614,0.0,9.99999999999,0.5079514583747293
0.06118011474609375,0.0,[0.20687941],8.77648702770332,0.847060878462915,1.8164730541554968,0.0,-9.8000000000001,0.5001916541723544
0.07050657272338867,0.0,[0.26238204],8.601699460232366,0.8252124325290457,1.7902549190348536,0.0,-9.998000000000001,0.5000010477487131
0.07802534103393555,0.0,[0.32092084],8.426911892761412,0.8033639865951765,1.7640367839142101,0.0,-9.99998,0.5000000011334078
0.08803033828735352,0.0,[0.38152672],8.252124325290458,0.7815155406613071,1.7378186487935667,0.0,-9.999999800000001,0.5000000000002273
0.0977168083190918,0.0,[0.44339435],8.077336757819502,0.7596670947274378,1.7116005136729235,0.0,-5.0499999980000005,0.5
0.10502052307128906,0.0,[0.50574675],7.902549190348549,0.7378186487935685,1.6853823785522803,0.0,-5.000499999980001,0.5
0.11518216133117676,0.0,[0.56781503],7.727761622877595,0.7159702028596993,1.659164243431637,0.0,-5.0000049999998,0.5
0.12299203872680664,0.0,[0.62900087],7.55297405540664,0.6941217569258299,1.6329461083109935,0.0,-5.000000049999998,0.5
0.13202667236328125,0.0,[0.68886235],7.378186487935686,0.6722733109919605,1.6067279731903503,0.0,-5.0000000005,0.5
0.1418302059173584,0.0,[0.74704933],7.203398920464732,0.6504248650580913,1.5805098380697071,0.0,-5.0000000000050004,0.5
0.1520674228668213,0.0,[0.80330629],7.028611352993777,0.6285764191242219,1.5542917029490637,0.0,-5.00000000000005,0.5
0.16030335426330566,0.0,[0.85743131],6.853823785522822,0.6067279731903527,1.5280735678284203,0.0,-5.000000000000001,0.5
0.17001676559448242,0.0,[0.90931256],6.679036218051868,0.5848795272564833,1.501855432707777,0.0,-5.0,0.5
0.18104004859924316,0.0,[0.95904402],6.504248650580913,0.563031081322614,1.475637297587134,0.0,-5.0,0.5
0.19047164916992188,0.0,[1.00676967],6.329461083109958,0.5411826353887447,1.4494191624664907,0.0,-5.0,0.5
0.19902658462524414,0.0,[1.05248293],6.154673515639004,0.5193341894548753,1.4232010273458477,0.0,-5.0,0.5
0.20906782150268555,0.0,[1.09623865],5.97988594816805,0.5,1.3969828922252046,0.0,4.9,0.5
0.2174062728881836,0.0,[1.13822471],5.805098380697095,0.5,1.3707647571045614,0.0,4.9990000000000006,0.5
0.22608590126037598,0.0017585884506300322,[1.17854747],5.63031081322614,0.5,1.3445466219839184,0.552076719357362,4.99999,0.49977316659524446
0.234450101852417,0.004884967918416756,[1.21729699],5.455523245755186,0.5,1.3183284868632752,1.99851772407365,4.999999900000001,0.49703563222477215
0.24277472496032715,0.008011347386203481,[1.25456927],5.280735678284231,0.5,1.292110351742632,5.0,4.999999999,0.4817320621239355
0.2510061264038086,0.011528524287463544,[1.29041416],5.105948110813277,0.5,1.2658922166219888,5.0,4.99999999999,0.4817320621239355
0.2590622901916504,0.0144595050385136,[1.3248416],5.0,0.5,1.2396740815013456,5.0,4.9999999999999005,0.4817320621239355
0.2681612968444824,0.017976681939773663,[1.35787838],5.0,0.5,1.2134559463807026,5.0,4.999999999999999,0.4817320621239355
0.27648162841796875,0.02129846012429706,[1.3897176],5.0,0.5,1.1872378112600595,5.0,5.0,0.4817320621239355
0.28609275817871094,0.02501103574229379,[1.42053808],5.0,0.5,1.1610196761394163,5.0,5.0,0.4817320621239355
0.2950174808502197,0.028528212643553853,[1.45039995],5.0,0.5,1.1348015410187733,5.0,5.0,0.4817320621239355
0.3050410747528076,0.03224078826155059,[1.47944279],5.0,0.5,1.10858340589813,5.0,5.0,0.4817320621239355
0.3130056858062744,0.03517176901260064,[1.50781148],5.0,0.5,1.082365270777487,5.0,5.398359402636264,0.4817320621239355
0.3220202922821045,0.038884344630597374,[1.53550304],5.0,0.5,1.0561471356568437,4.485983862306928,-9.846016405973637,0.48524183208833116
0.3327958583831787,0.04318311639880412,[1.56245089],5.0,0.5,1.0299290005362005,2.3734319066118603,-9.998460164059736,0.4958241935972135
0.3428840637207031,0.04748188816701086,[1.58854578],5.0,0.5,1.0037108654155575,-0.1569832534558424,-9.999984601640598,0.4999816555219512
0.35236310958862305,0.05138986250174427,[1.61359219],5.0,0.5,0.9774927302949143,-2.3392876858771827,-9.999999846016406,0.49594299052588614
0.36007165908813477,0.054320843252794335,[1.6373245],5.0,0.5,0.9512745951742712,-4.242829529284516,-9.999999998460165,0.48677757483248596
0.3685433864593506,0.05744722272058106,[1.65939189],5.0,0.5,0.9250564600536281,-5.0,-9.999999999984603,0.4817320621239355
0.37662196159362793,0.060769000905104446,[1.67950074],5.0,0.5,0.898838324932985,-5.0,-9.999999999999847,0.4817320621239355
0.3881721496582031,0.06526317139004786,[1.69738181],5.0,0.5,0.8726201898123418,-5.0,-9.999999999999998,0.4817320621239355
0.3969004154205322,0.06917114572478127,[1.71265166],5.0,0.5,0.8464020546916986,-5.0,-10.0,0.4817320621239355
0.40633535385131836,0.07268832262604133,[1.72499863],5.0,0.5,0.8201839195710555,-5.0,-10.0,0.4817320621239355
0.4188706874847412,0.07776868926119475,[1.73422322],5.0,0.5,0.7939657844504124,-5.0,-5.05,0.4817320621239355
0.4270310401916504,0.0806996700122448,[1.74022544],5.0,0.5,0.7677476493297692,-5.0,-5.000500000000001,0.4817320621239355
0.43530964851379395,0.08167666359592816,[1.74311931],5.0,0.5,0.741529514209126,-5.0,-5.000005,0.4817320621239355
0.4437406063079834,0.07952727771182479,[1.74309211],5.0,0.5,0.715311379088483,-5.0,-5.000000050000001,0.4817320621239355
0.45401430130004883,0.0762054995273014,[1.7401376],5.0,0.5,0.6890932439678399,-5.0,-5.0000000005,0.4817320621239355
0.46497535705566406,0.07190672775909465,[1.7342055],5.0,0.5,0.6628751088471967,-5.0,-5.0000000000050004,0.4817320621239355
0.47399234771728516,0.06819415214109792,[1.72547993],5.0,0.5,0.6366569737265535,-5.0,-5.00000000000005,0.4817320621239355
0.4819941520690918,0.06487237395657452,[1.71431776],5.0,0.5,0.6104388386059104,-5.0,-5.000000000000001,0.4817320621239355
0.49130702018737793,0.06115979833857779,[1.70114005],5.0,0.5,0.5842207034852673,-5.0,4.9,0.4817320621239355
0.5012428760528564,0.05705642528710771,[1.68643275],5.0,0.5,0.5580025683646241,-5.0,4.9990000000000006,0.4817320621239355
0.5090844631195068,0.05627483042016103,[1.6707092],5.0,0.5,0.531784433243981,-5.0,4.99999,0.4817320621239355
0.5170047283172607,0.0578380201540544,[1.65450436],5.0,0.5,0.5055662981233379,-5.0,4.999999900000001,0.4817320621239355
0.52724289894104,0.061355197055314455,[1.63843119],5.0,0.5,0.4793481630026947,-3.3099907082226077,4.999999999,0.49191047406079913
0.5360753536224365,0.06487237395657452,[1.62314919],5.0,0.5,0.4531300278820516,5.0,4.99999999999,0.4817320621239355
0.5452849864959717,0.06878034829130793,[1.60921657],5.0,0.5,0.42691189276140845,5.0,4.9999999999999005,0.4817320621239355
0.559546947479248,0.07444691107667137,[1.59705979],5.0,0.5,0.4006937576407653,5.0,4.999999999999999,0.4817320621239355
0.5703189373016357,0.07874568284487811,[1.58705877],5.0,0.5,0.3744756225201221,5.0,5.0,0.4817320621239355
0.5801992416381836,0.08245825846287484,[1.57947421],5.0,0.5,0.3482574873994789,5.0,5.0,0.4817320621239355
0.5893292427062988,0.08578003664739824,[1.57443731],5.0,0.5,0.3220393522788358,5.0,5.0,0.4817320621239355
0.6018426418304443,0.09086040328255167,[1.57202662],5.0,0.5,0.2958212171581926,5.0,5.0,0.4817320621239355
0.6111240386962891,0.09476837761728506,[1.57227451],5.0,0.5,0.2696030820375494,5.0,5.0,0.4817320621239355
0.619042158126831,0.09809015580180845,[1.57517369],5.0,0.5,0.24338494691690624,5.0,5.0,0.4817320621239355
0.6290466785430908,0.10219352885327855,[1.5807341],5.0,0.5,0.21716681179626307,5.0,5.0,0.4817320621239355
0.6386723518371582,0.10571070575453859,[1.58892927],5.0,0.5,0.19094867667561988,3.690075139301605,5.0,0.4899658077854692
0.6477494239807129,0.10922788265579866,[1.59960102],5.0,0.5,0.16473054155497668,1.1216857216614518,5.0,0.49906428763902805
0.6571500301361084,0.11313585699053208,[1.61258323],5.0,0.5,0.13851240643433352,-1.1013571629435592,5.0,0.4990978662095393
0.6670944690704346,0.11723923004200215,[1.62780669],5.0,0.5,0.11229427131369034,-3.0536423895596565,5.0,0.49310662458945204
0.6762924194335938,0.12075640694326222,[1.64518402],5.0,0.5,0.08607613619304716,-4.511165748571568,5.0,0.4850781825210878
0.684086799621582,0.12388278641104894,[1.66451237],5.0,0.5,0.05985800107240398,-5.0,5.0,0.4817320621239355
0.69289231300354,0.12720456459557233,[1.68559462],5.0,0.5,0.0336398659517608,-5.0,5.0,0.4817320621239355
0.7021300792694092,0.13111253893030572,[1.70823928],5.0,0.5,0.0074217308311176206,-5.0,5.0,0.4817320621239355
0.7110738754272461,0.1346297158315658,[1.73220477],5.0,0.5,0.0,-5.0,5.0,0.4817320621239355
0.7205078601837158,0.13814689273282588,[1.75725733],5.0,0.5,0.0,-5.0,5.0,0.4817320621239355
0.7307319641113281,0.14205486706755927,[1.78320497],5.0,0.5,0.0,-5.0,5.0,0.4817320621239355
0.739300012588501,0.14557204396881931,[1.80988973],5.0,0.5,0.0,-5.0,5.0,0.4817320621239355
0.7490537166595459,0.14948001830355273,[1.83713245],5.0,0.5,0.0,-5.0,5.0,0.4817320621239355
0.7595236301422119,0.15397418878849614,[1.86476244],5.0,0.5,0.0,-4.961653692074117,5.0,0.4820061063891486
0.7675833702087402,0.15729596697301954,[1.89257396],5.0,0.5,0.0,-4.7339673121658645,5.0,0.4835928829253138
0.7771005630493164,0.16120394130775295,[1.92038773],5.0,0.5,0.0,-4.431766233515981,5.0,0.4855912515110111
0.7853620052337646,0.164134922058803,[1.94819981],5.0,0.5,0.0,-4.109808432012443,5.0,0.4875834553670514
0.7937271595001221,0.16765209896006306,[1.97597261],5.0,0.5,0.0,-3.7933432468516672,5.0,0.48940240514687383
0.8040547370910645,0.17156007329479647,[2.00351736],5.0,0.5,0.0,-3.493254950371525,5.0,0.49099822459510223
0.8141512870788574,0.1754680476295299,[2.03064248],5.0,0.5,0.0,-3.213537728973297,5.0,0.4923714989597679
0.8221936225891113,0.17859442709731663,[2.05714561],5.0,0.5,0.0,-3.2310021727481644,5.0,0.4922890016348291
0.8319993019104004,0.18289319886552335,[2.08278997],5.0,0.5,0.0,-3.026030482639907,5.0,0.4932298806811833
0.8429856300354004,0.1871919706337301,[2.10734498],5.0,0.5,0.0,-2.7520666127501148,5.0,0.49439367448732746
0.8510074615478516,0.19012295138478016,[2.13061293],5.0,0.5,0.0,-2.474915596896726,5.0,0.4954611194558055
0.8589813709259033,0.19324933085256688,[2.15243732],5.0,0.5,0.0,-2.2196980258925203,5.0,0.4963457136444393
0.8699812889099121,0.19735270390403695,[2.17266382],5.0,0.5,0.0,-1.9933979863097617,5.0,0.49705075598842285
0.8806133270263672,0.20184687438898036,[2.19114958],5.0,0.5,0.0,-1.7954856235297485,5.0,0.49760597463625833
0.8886492252349854,0.20536405129024043,[2.20780085],5.0,0.5,0.0,-1.6227716141260349,5.0,0.49804354252448124
0.8989889621734619,0.20966282305844713,[2.22253056],5.0,0.5,0.0,-1.4715138769266962,5.0,0.4983907054055391
0.9109985828399658,0.2145477909768639,[2.23520673],5.0,0.5,0.0,-1.3382458629218783,5.0,0.49866862731068806
0.9189374446868896,0.217478771727914,[2.24573967],5.0,0.5,0.0,-1.2200325120915876,5.0,0.4988932020057256
0.9269795417785645,0.22099594862917407,[2.2540991],5.0,0.5,0.0,-1.1144869093161813,5.0,0.4990762485580251
0.937035322189331,0.22490392296390746,[2.2601511],5.0,0.5,0.0,-0.743661783351214,5.0,0.4995884914854622
0.9463372230529785,0.22822570114843083,[2.26372692],5.0,0.5,0.0,-0.9010262028098007,5.0,0.49939602483381956
0.9564526081085205,0.2325244729166376,[2.26478529],5.0,0.5,0.0,-0.9117177420852054,5.0,0.4993816152251947
0.9649488925933838,0.23584625110116098,[2.2633116],5.0,0.5,0.0,-0.5861702488955804,5.0,0.499744292690056
0.9754214286804199,0.24014502286936773,[2.25929073],5.0,0.5,0.0,-0.4832121276502275,5.0,0.4998262171789902
0.9833683967590332,0.24307600362041779,[2.25281636],5.0,0.5,0.0,-0.4656912816756738,5.0,0.49983858912901186
0.9929599761962891,0.24698397795515117,[2.24400288],5.0,0.5,0.0,-0.7494602633721013,5.0,0.49958205193174027
1.0020663738250732,0.2506965535731479,[2.23292194],5.0,0.5,0.0,-0.7912965802170756,5.0,0.4995341105873634
1.012495756149292,0.25499532534135466,[2.21971173],5.0,0.5,0.0,-0.46174776013810864,5.0,0.499841310810044
1.0219595432281494,0.25870790095935137,[2.20451638],5.0,0.5,0.0,-0.3457245883415655,5.0,0.49991103307687096
1.0320346355438232,0.2626158752940848,[2.18740114],5.0,0.5,0.0,-0.31635238287327383,5.0,0.4999255068152922
1.0415234565734863,0.2665238496288182,[2.16847709],5.0,0.5,0.0,-0.31666627900717215,5.0,0.4999253589233942
1.048973798751831,0.26965022909660497,[2.14802669],5.0,0.5,0.0,-0.322679464243515,5.0,0.49992249750769413
1.0600364208221436,0.27414439958154835,[2.12638164],5.0,0.5,0.0,-0.32551316180493484,5.0,0.4999211304201037
1.0683948993682861,0.2772707790493351,[2.10383197],5.0,0.5,0.0,-0.3228785038566838,5.0,0.4999224018733077
1.0777547359466553,0.2807879559505952,[2.08072092],5.0,0.5,0.0,-0.3151090783982726,5.0,0.49992609115657205
1.0880744457244873,0.2850867277188019,[2.05745996],5.0,0.5,0.0,-0.5794194993765451,5.0,0.4997501471221237
1.0999865531921387,0.28997169563721864,[2.0345021],5.0,0.5,0.0,-0.3220908975716603,5.0,0.4999227799568019
1.1104531288146973,0.29387966997195203,[2.01230382],5.0,0.5,0.0,-0.21786023368135982,5.0,0.4999646697051875
1.1180088520050049,0.2970060494397388,[1.99125036],5.0,0.5,0.0,-0.1801166091345531,5.0,0.49997585074641304
1.1279850006103516,0.3009140237744722,[1.97168264],5.0,0.5,0.0,-0.16879170061068322,5.0,0.4999787920035373
1.137310266494751,0.3044312006757322,[1.95391447],5.0,0.5,0.0,-0.16609985085836276,5.0,0.49997946303603386
1.1473071575164795,0.30853457372720233,[1.93814142],5.0,0.5,0.0,-0.16470609927309174,5.0,0.49997980623634486
1.154984474182129,0.31146555447825236,[1.92447538],5.0,0.5,0.0,-0.1620186749075884,5.0,0.4999804598298616
1.1636691093444824,0.3147873326627758,[1.91296065],5.0,0.5,0.0,-0.15748107443733142,5.0,0.4999815389926144
1.1734371185302734,0.3184999082807725,[1.90354768],5.0,0.5,0.0,-0.15132008845752137,5.0,0.49998295517895996
1.1811304092407227,0.3218216864652959,[1.89615005],5.0,0.5,0.0,-0.1439911186182755,5.0,0.49998456625275284
1.1902968883514404,0.3255342620832926,[1.8906439],5.0,0.5,0.0,-0.13595066882229886,5.0,0.4999862417436515
1.1989638805389404,0.3290514389845527,[1.88685331],5.0,0.5,0.0,-0.1275773999155962,5.0,0.49998788428895335
1.2083473205566406,0.3325686158858127,[1.88457371],5.0,0.5,0.0,-0.11915695554858266,5.0,0.49998943083002945
1.2189621925354004,0.33706278637075615,[1.88358367],5.0,0.5,0.0,-0.11089132164651522,5.0,0.49999084627588375
1.2297520637512207,0.3411661594222262,[1.88364529],5.0,0.5,0.0,-0.1029153112958085,5.0,0.4999921156982878
1.2379908561706543,0.3444879376067496,[1.88452011],5.0,0.5,0.0,-0.09531301795964113,5.0,0.4999932374859464
1.2481262683868408,0.3485913106582197,[1.88596919],5.0,0.5,0.0,-0.08813174102060478,5.0,0.499994218122801
1.2559494972229004,0.35132689269253303,[1.88778583],5.0,0.5,0.0,-0.08139289308752445,5.0,0.4999950685174026
1.2654552459716797,0.3552348670272665,[1.88982742],5.0,0.5,0.0,-0.07510017368470677,5.0,0.4999958015717579
1.2751824855804443,0.3593382400787366,[1.89196008],5.0,0.5,0.0,-0.06924552227084599,5.0,0.4999964306550964
1.2829530239105225,0.36226922082978663,[1.89406886],5.0,0.5,0.0,-0.0638133662509093,5.0,0.4999969687017506
1.2918057441711426,0.3655909990143101,[1.89610236],5.0,0.5,0.0,-0.05878360299649331,5.0,0.4999974277216564
1.3019957542419434,0.36949897334904347,[1.89805108],5.0,0.5,0.0,-0.054133661994999416,5.0,0.4999978185737151
1.3099594116210938,0.3724299541000935,[1.89995093],5.0,0.5,0.0,-0.049839908605293574,5.0,0.4999981509002205
1.3196661472320557,0.37672872586830025,[1.90187294],5.0,0.5,0.0,-0.045878581867407404,5.0,0.49999843315525566
1.3282108306884766,0.3800505040528236,[1.90394392],5.0,0.5,0.0,-0.042226405609140025,5.0,0.49999867268400183
1.3369638919830322,0.38356768095408367,[1.90634327],5.0,0.5,0.0,-0.0388609724270577,5.0,0.4999988758260565
1.3471860885620117,0.3878664527222904,[1.90923163],5.0,0.5,0.0,-0.03576097115100456,5.0,0.49999904802647505
1.3569512367248535,0.3917744270570238,[1.9128481],5.0,0.5,0.0,-0.03290630753737747,5.0,0.4999991939450863
1.3649442195892334,0.3947054078080739,[1.91746956],5.0,0.5,0.0,-0.030278153047128914,5.0,0.49999931755895594
1.3760030269622803,0.3991995782930173,[1.92325356],5.0,0.5,0.0,0.2481794136675532,5.0,0.4999541522242186
1.385207176208496,0.40291215391101404,[1.93036261],5.0,0.5,0.0,0.2835306007999129,5.0,0.49994016151866777
1.3954484462738037,0.4074063243959575,[1.93892189],5.0,0.5,0.0,0.2304824409420408,5.0,0.4999604574027759
1.4042911529541016,0.41092350129721755,[1.94891344],5.0,0.5,0.0,0.1562830524350252,5.0,0.4999818187997878
1.4130620956420898,0.41424527948174095,[1.9602639],5.0,0.5,0.0,0.08749545549005827,5.0,0.4999943013078938
1.4213542938232422,0.41717626023279103,[1.9728086],5.0,0.5,0.0,0.03247015338180723,5.0,0.49999921517104945
1.4302659034729004,0.420693437134051,[1.98633649],5.0,0.5,0.0,-0.008058524229145318,5.0,0.49999995165877115
1.4390830993652344,0.424210614035311,[2.00070314],5.0,0.5,0.0,-0.036122137715057026,5.0,0.49999902870055274
1.4479458332061768,0.4275323922198345,[2.01583182],5.0,0.5,0.0,-0.054406448337838226,5.0,0.4999977965334074
1.4559805393218994,0.43085417040435786,[2.03175576],5.0,0.5,0.0,-0.06541492704028237,5.0,0.49999681463638757
1.4649207592010498,0.43437134730561794,[2.04850793],5.0,0.5,0.0,-0.07120399778638017,5.0,0.49999622589661874
1.473419189453125,0.43769312549014133,[2.06592803],5.0,0.5,0.0,-0.07335804775541926,5.0,0.49999599409665957
1.4833295345306396,0.4417964985416114,[2.08376209],5.0,0.5,0.0,-0.07305205496700636,5.0,0.49999602744586163
1.4939305782318115,0.44609527030981816,[2.10174587],5.0,0.5,0.0,-0.07113544238095823,5.0,0.4999962331605271
1.5031580924987793,0.45000324464455155,[2.11958705],5.0,0.5,0.0,-0.06821074130280264,5.0,0.4999965365357438
1.5149738788604736,0.4541066176960216,[2.13692678],5.0,0.5,0.0,-0.06469860003946097,5.0,0.49999688401693304
1.5229442119598389,0.45742839588054507,[2.15333176],5.0,0.5,0.0,-0.060888226675974155,5.0,0.4999972402348364
1.53108549118042,0.4607501740650684,[2.16852818],5.0,0.5,0.0,-0.05697513479523134,5.0,0.4999975835581502
1.5411522388458252,0.4648535471165385,[2.18232104],5.0,0.5,0.0,-0.05308875339168721,5.0,0.49999790197422544
1.5499463081359863,0.46837072401779856,[2.19435376],5.0,0.5,0.0,-0.049312320187810815,5.0,0.4999981898408367
1.5579566955566406,0.47149710348558527,[2.20438212],5.0,0.5,0.0,-0.0456970647707368,5.0,0.4999984455290488
1.5669915676116943,0.47520967910358203,[2.21241859],5.0,0.5,0.0,-0.042272242352995114,5.0,0.4999986698008399
1.5788264274597168,0.47970384958852547,[2.21832609],5.0,0.5,0.0,-0.03905218871215342,5.0,0.499998864735805
1.5894057750701904,0.48380722263999554,[2.22170893],5.0,0.5,0.0,-0.03604125454468761,5.0,0.4999990330454643
1.5982208251953125,0.4873243995412556,[2.22230628],5.0,0.5,0.0,-0.033237239284874466,5.0,0.49999917765092994
1.6069705486297607,0.49084157644251564,[2.2201509],5.0,0.5,0.0,-0.03063376794140137,5.0,0.49999930143437954
1.6153090000152588,0.49435875334377566,[2.21534482],5.0,0.5,0.0,-0.028221926078826277,5.0,0.49999940710236523
1.6244533061981201,0.4982667276785091,[2.20790328],5.0,0.5,0.0,-0.025991375750087004,5.0,0.4999994971192719
1.6324396133422852,0.5013931071462958,[2.19792265],5.0,0.5,0.0,-0.023931109348752214,5.0,0.49999957368348935
1.640381097793579,0.504324087897346,[2.18561872],5.0,0.5,0.0,-0.022029951676093625,5.0,0.4999996387285789
1.6479241847991943,0.5074504673651327,[2.17125526],5.0,0.5,0.0,-0.29631524723039393,5.0,0.4999346438759649
1.655907392501831,0.5103814481161826,[2.15518371],5.0,0.5,0.0,-0.3278242319231,5.0,0.49992000662194935
1.6670708656311035,0.5150710173178628,[2.13757058],5.0,0.5,0.0,-0.27123864664356145,5.0,0.4999452371516686
1.6749184131622314,0.5178065993521761,[2.11837292],5.0,0.5,0.0,-0.19378300727640305,5.0,0.49997204716132965
1.687964916229248,0.5228869659873295,[2.09762544],5.0,0.5,0.0,-0.12199838588548431,6.783016453177299,0.4999889207583957
1.6969306468963623,0.5264041428885896,[2.07537795],5.0,0.5,0.0,-0.06421492971662016,6.710049208822705,0.4999969304312463
1.7072317600250244,0.5310937120902697,[2.0516557],5.0,0.5,0.0,-0.021148126264672346,6.4904514728953195,0.4999996670720013
1.7149078845977783,0.5340246928413197,[2.02661436],5.0,0.5,0.0,0.009250999871727736,6.349792835609074,0.49999993629346307
1.7229223251342773,0.5371510723091065,[2.00056412],5.0,0.5,0.0,0.0296842879481281,6.314863144815467,0.49999934406672636
1.731100082397461,0.5404728504936299,[1.97380652],5.0,0.5,0.0,0.042670039979358115,6.3663798804780924,0.4999986446477338
1.7389631271362305,0.54340383124468,[1.94659553],5.0,0.5,0.0,0.05027835203834074,6.300719553880487,0.49999811822399226
1.7499480247497559,0.5478980017296233,[1.9191669],5.0,0.5,0.0,0.05410620891058952,6.233609298428932,0.4999978207857053
1.7599873542785645,0.5520013747810935,[1.89177137],5.0,0.5,0.0,0.05534019190004574,6.2653240770194945,0.499997720251142
1.7685906887054443,0.5557139503990901,[1.8647318],5.0,0.5,0.0,0.05484040842839883,6.2694426822399985,0.4999977612424462
1.7772526741027832,0.5592311273003503,[1.83841088],5.0,0.5,0.0,-0.2228191335639342,6.161983244750849,0.4999630430955629
1.7863819599151611,0.5627483042016103,[1.81320523],5.0,0.5,0.0,-0.2582566155398547,6.496592078458615,0.4999503535700722
1.7939183712005615,0.5654838862359236,[1.78949744],5.0,0.5,0.0,-0.20586639322862388,6.340379833002898,0.49996845257724437
1.8039376735687256,0.5695872592873937,[1.76770137],5.0,0.5,0.0,-0.13267939565727732,6.6295048184567005,0.4999868958772197
1.8139984607696533,0.5731044361886538,[1.74827591],5.0,0.5,0.0,-0.06510921324289527,6.523259048080571,0.49999684434003644
1.8227877616882324,0.5768170118066506,[1.73155796],5.0,0.5,0.0,-0.2874430290875103,6.583199781776912,0.49993849880902164
1.8309540748596191,0.580138789991174,[1.71777673],5.0,0.5,0.0,-0.2813948313333155,6.526768446745236,0.4999410595688125
1.8399641513824463,0.583655966892434,[1.70703535],5.0,0.5,0.0,-0.1995800447976379,6.342735795752005,0.49997034977252175
1.8493225574493408,0.5873685425104307,[1.6993054],5.0,0.5,0.0,-0.10651826557855983,6.345812335123111,0.49999155399800227
1.8593029975891113,0.5912765168451641,[1.69457759],5.0,0.5,0.0,-0.026238473580075333,6.345107999774132,0.4999994875121359
1.8692653179168701,0.5951844911798975,[1.69290606],5.0,0.5,0.0,0.03498721973662986,6.486019793695558,0.4999990887760104
1.8769285678863525,0.5981154719309476,[1.69424584],5.0,0.5,0.0,0.07802476491084197,6.479553158750267,0.49999546821137664
1.8858802318572998,0.6020234462656809,[1.6984185],5.0,0.5,0.0,0.1060922956210576,6.598583059789516,0.49999162141403203
1.895634651184082,0.6061268193171511,[1.70533774],5.0,0.5,0.0,0.12273354329152593,6.557294771232681,0.4999887868314501
1.9029264450073242,0.6090578000682011,[1.7148952],5.0,0.5,0.0,0.13106088824629514,6.410762940591626,0.4999872136279759
1.9109272956848145,0.6121841795359879,[1.72676256],5.0,0.5,0.0,0.13355623032621083,6.452565513663594,0.4999867221054995
1.920107126235962,0.6158967551539846,[1.74058167],5.0,0.5,0.0,0.13209687772137851,6.517443350318463,0.49998701068827534
1.9311861991882324,0.620390925638928,[1.75622302],5.0,0.5,0.0,0.40409458756889205,6.711105838203711,0.49987845979826234
1.9400036334991455,0.6235173051067148,[1.77364638],5.0,0.5,0.0,0.43157841192559354,6.6011352587689895,0.49986136723469565
1.9523115158081055,0.6284022730251315,[1.79275641],5.0,0.5,0.0,0.09388953790476999,6.868062463008961,0.499993437969741
1.9626495838165283,0.6325056460766015,[1.81348972],5.0,0.5,0.0,-0.02231237370588423,6.827184891764488,0.4999996294062721
1.9709179401397705,0.6356320255443884,[1.83566025],5.0,0.5,0.0,-0.04484937173002225,6.729299367247509,0.4999985026657721
1.9799466133117676,0.6393446011623851,[1.85897027],5.0,0.5,0.0,-0.03240604549388907,6.827570214525292,0.49999921826706306
1.9906620979309082,0.6438387716473285,[1.8831785],5.0,0.5,0.0,-0.010674414284950334,6.827848901424011,0.4999999151806877
1.9985525608062744,0.6473559485485886,[1.90802172],5.0,0.5,0.0,0.010047134166989349,6.797128129838659,0.4999999248565646
2.007883071899414,0.650677726733112,[1.93320019],5.0,0.5,0.0,0.02638577615534629,6.854749554958562,0.49999948174178155
2.01747727394104,0.6545857010678453,[1.95846037],5.0,0.5,0.0,0.3139305106492875,6.914827357402461,0.4999266429483761
2.0249102115631104,0.6577120805356321,[1.98357801],5.0,0.5,0.0,0.3543645815699099,6.944491356204026,0.49990653119392425
2.0353245735168457,0.6616200548703655,[2.00835271],5.0,0.5,0.0,0.30329417036605993,7.06350189954896,0.4999315292535004
2.0453264713287354,0.6657234279218355,[2.03263726],5.0,0.5,0.0,0.22882316400247532,7.129300584675594,0.49996102467719106
2.054095506668091,0.6694360035398322,[2.05629279],5.0,0.5,0.0,0.15822077923857408,7.1678473743127675,0.4999813651620525
2.0619215965270996,0.6723669842908824,[2.07917612],5.0,0.5,0.0,0.1003798943839361,7.249469279935405,0.4999924993847829
2.071899890899658,0.6760795599088789,[2.10117907],5.0,0.5,0.0,0.05643342188992144,7.322609942999259,0.49999762929008773
2.082456111907959,0.6801829329603492,[2.12222433],5.0,0.5,0.0,0.02463357888723111,7.388825318824136,0.49999954828812804
2.0927908420562744,0.6840909072950825,[2.14225098],5.0,0.5,0.0,0.002491317804561721,7.493216499737445,0.4999999953797557
2.10188627243042,0.6878034829130792,[2.16121355],5.0,0.5,0.0,-0.01236406810776186,7.604755526242638,0.4999998862033694
2.109910249710083,0.6913206598143393,[2.17906964],5.0,0.5,0.0,-0.021902188074586118,7.676848456654196,0.4999996429068428
2.11993670463562,0.6954240328658093,[2.19581611],5.0,0.5,0.0,-0.027653079356437908,7.7241788047886955,0.4999994307625978
2.1319169998168945,0.7003090007842262,[2.21171825],5.0,0.5,0.0,-0.030759976705852836,5.0272417880478875,0.49999929566645324
2.140132427215576,0.7036307789687495,[2.22717794],5.0,0.5,0.0,-0.03205607779213742,5.000272417880479,0.4999992350604609
2.150822877883911,0.7077341520202196,[2.24226304],5.0,0.5,0.0,-0.03213817034184757,5.000002724178805,0.4999992311375732
2.1616721153259277,0.712228322505163,[2.25673435],5.0,0.5,0.0,-0.03142809651418036,5.000000027241788,0.4999992647373378
2.1699817180633545,0.7153547019729498,[2.2702023],5.0,0.5,0.0,-0.030220721982127552,5.000000000272418,0.4999993201453831
2.1789321899414062,0.7190672775909466,[2.28215836],5.0,0.5,0.0,-0.02871996912054711,5.000000000002724,0.49999938599155286
2.18721866607666,0.72238905577547,[2.29214525],5.0,0.5,0.0,-0.0270652518511691,5.0000000000000275,0.4999994547061697
2.195906400680542,0.7259062326767299,[2.29989523],5.0,0.5,0.0,-0.025350571301408085,5.000000000000001,0.4999995216101356
2.2061243057250977,0.7298142070114633,[2.30527831],5.0,0.5,0.0,-0.023638165024134836,5.0,0.4999995840568129
2.214287519454956,0.7329405864792501,[2.30826806],5.0,0.5,0.0,-0.021968190275078223,5.0,0.4999996407514017
2.2229084968566895,0.7362623646637734,[2.30891584],5.0,0.5,0.0,-0.020365555397093858,5.0,0.49999969125562205
2.2325379848480225,0.7401703389985068,[2.30723766],5.0,0.5,0.0,-0.01884471791969331,5.0,0.49999973564602657
2.2417938709259033,0.743687515899767,[2.3032294],5.0,0.5,0.0,-0.017413041710900565,6.9486821422203615,0.4999997742873717
2.2527270317077637,0.7481816863847104,[2.29692096],5.0,0.5,0.0,-0.016073137409779316,6.894291764871594,0.4999998076873258
2.2629096508026123,0.7522850594361805,[2.28836465],5.0,0.5,0.0,-0.014824487831137375,6.809619247944166,0.4999998364065165
2.2729384899139404,0.7561930337709138,[2.27762543],5.0,0.5,0.0,-0.013664571839172045,6.715668403607525,0.4999998610051621
2.280888557434082,0.7595148119554372,[2.26482968],5.0,0.5,0.0,-0.01258963723852325,6.75755639836643,0.4999998820132993
2.290882110595703,0.7636181850069071,[2.25010623],5.0,0.5,0.0,0.26444313110556367,6.469259929377958,0.4999479466542323
2.2994272708892822,0.766744564474694,[2.23358715],5.0,0.5,0.0,0.29848641867769476,6.3691105662029095,0.49993368267149496
2.3081722259521484,0.7702617413759542,[2.21545814],5.0,0.5,0.0,0.24423703177847195,6.124676819509564,0.4999555971938447
2.3178470134735107,0.7739743169939507,[2.19579563],5.0,0.5,0.0,0.16893394282891738,6.051225463102274,0.4999787562449138
2.326890468597412,0.7774914938952109,[2.17468412],5.0,0.5,0.0,0.09913194140563097,6.099638737380123,0.49999268472391606
2.3359429836273193,0.7810086707964708,[2.15231542],5.0,0.5,0.0,0.04317408713942625,5.951536371406869,0.4999986124379919
2.3448610305786133,0.784525847697731,[2.12886783],5.0,0.5,0.0,0.0017879515226078245,5.942327146104143,0.4999999976203222
2.3547203540802,0.7888246194659378,[2.10445488],5.0,0.5,0.0,-0.02706418034014077,5.607363262753799,0.49999945474934504
2.364609718322754,0.7925371950839345,[2.0790903],5.0,0.5,0.0,-0.046073687776071605,5.48580749636992,0.49999841980043125
2.3728718757629395,0.7958589732684579,[2.05287166],5.0,0.5,0.0,-0.05774917948040405,5.518397054621044,0.4999975174544072
2.3836700916290283,0.8003531437534013,[2.02606131],5.0,0.5,0.0,-0.06415178454154719,5.469520840556395,0.4999969364651255
2.3918569087982178,0.8036749219379247,[1.99898438],5.0,0.5,0.0,-0.06687020372750757,5.534066189639197,0.4999966713316825
2.400887966156006,0.8071920988391849,[1.97205808],5.0,0.5,0.0,-0.0670833729716232,5.5531932259717465,0.49999665007562905
2.4094507694244385,0.8111000731739182,[1.94581788],5.0,0.5,0.0,-0.06564434910244998,5.896959178885345,0.49999679225397775
2.41951584815979,0.8146172500751782,[1.92088932],5.0,0.5,0.0,0.2128793582820617,6.03101870154981,0.499966266676631
2.426888942718506,0.817743629542965,[1.89794604],5.0,0.5,0.0,0.24911191737733734,6.213660054583574,0.4999538070581011
2.43485426902771,0.820674610294015,[1.87745845],5.0,0.5,0.0,-0.07858516219182113,6.099596586946793,0.4999954028805704
2.4438672065734863,0.8241917871952751,[1.85957846],5.0,0.5,0.0,-0.1842237586678157,6.015335499612118,0.49997473688022054
2.455416440963745,0.8286859576802185,[1.84448154],5.0,0.5,0.0,0.07996085452535762,6.082192299188122,0.4999952405204876
2.464935541152954,0.8323985332982152,[1.83243538],5.0,0.5,0.0,0.13603557479230613,5.9819558618187285,0.49998622455349284
2.4752023220062256,0.8363065076329487,[1.82358045],5.0,0.5,0.0,0.11281228578869237,5.90177766961198,0.49999052639312613
2.4848759174346924,0.8400190832509454,[1.81794407],5.0,0.5,0.0,-0.2089246443974,5.843743074633706,0.49996750833945564
2.4938833713531494,0.8439270575856788,[1.81550786],5.0,0.5,0.0,-0.011069135218781265,5.804181063765187,0.49999990879177136
2.502362012863159,0.8474442344869388,[1.8161643],5.0,0.5,0.0,0.04059706263523594,5.644862936273232,0.49999877313898633
2.51139497756958,0.8511568101049355,[1.81972984],5.0,0.5,0.0,0.034886559898912,5.6754015025693185,0.4999990940117296
2.521341562271118,0.8546739870061957,[1.82605293],5.0,0.5,0.0,0.01136711637357599,5.697435731079135,0.4999999038150229
2.529521942138672,0.857995765190719,[1.83499953],5.0,0.5,0.0,-0.013554517212447539,5.709204553383854,0.4999998632350778
2.5368611812591553,0.8611221446585058,[1.84635467],5.0,0.5,0.0,-0.034029891410238516,5.611311319140789,0.49999913795998163
2.546452283859253,0.8650301189932391,[1.85987054],5.0,0.5,0.0,-0.04877489029037558,5.741448081214336,0.4999982290817699
2.5538570880889893,0.8679610997442891,[1.8752892],5.0,0.5,0.0,-0.058287859847630824,5.804563273170808,0.4999974709244894
2.562873363494873,0.8714782766455493,[1.89228192],5.0,0.5,0.0,-0.06360919742876478,5.803346003913082,0.4999969880677455
2.574923276901245,0.8761678458472293,[1.91057796],5.0,0.5,0.0,-0.06580646500409701,5.862651074203096,0.4999967763907055
2.5862696170806885,0.8806620163321728,[1.93000515],5.0,0.5,0.0,-0.06579062361821542,5.891305922147761,0.4999967779425326
2.594858407974243,0.8837883957999594,[1.95034667],5.0,0.5,0.0,-0.06427568352660532,5.829578716158928,0.4999969246202724
2.6038637161254883,0.8875009714179563,[1.97132365],5.0,0.5,0.0,-0.06179456406694056,5.851603063973878,0.49999715746391565
2.614868640899658,0.8919951419028997,[1.9926762],5.0,0.5,0.0,-0.058732212779285226,5.882422774198387,0.4999974322171897
2.6252822875976562,0.8964893123878431,[2.01419564],5.0,0.5,0.0,-0.05535976503427006,5.951430832507621,0.49999771863822307
2.633484363555908,0.8998110905723665,[2.03568995],5.0,0.5,0.0,-0.05186391412123324,5.960343544584071,0.4999979976666323
2.6418819427490234,0.9029374700401532,[2.05696231],5.0,0.5,0.0,-0.04837017209203903,6.017651260902706,0.4999982583487973
2.6528995037078857,0.9072362418083599,[2.07783059],5.0,0.5,0.0,-0.04496047804388459,6.048007439209744,0.49999849523783735
2.6628851890563965,0.9111442161430933,[2.09814108],5.0,0.5,0.0,-0.3177245232569208,6.113571898814371,0.49992485925208174
2.6718780994415283,0.9148567917610901,[2.11777349],5.0,0.5,0.0,-0.347740289963824,6.213139722678696,0.49990999272642755
2.6799209117889404,0.9179831712288767,[2.13663706],5.0,0.5,0.0,-0.2897152318379615,6.32674112960315,0.49993752270786773
2.6878902912139893,0.9211095506966636,[2.15465282],5.0,0.5,0.0,-0.21088920637767353,6.4230062171710705,0.4999668944351435
2.699309825897217,0.9257991198983436,[2.17175945],5.0,0.5,0.0,-0.13781154379670976,6.485278666540972,0.4999858625288696
2.7068545818328857,0.928534701932657,[2.18791873],5.0,0.5,0.0,-0.07881587142763444,6.5395815278126515,0.4999953758487539
2.714855194091797,0.9318564801171804,[2.20310212],5.0,0.5,0.0,-0.03461798719986979,6.589424866286834,0.4999991079074471
2.722870111465454,0.9347874608682304,[2.21729598],5.0,0.5,0.0,-0.003167172910417442,6.64226815950408,0.49999999253293004
2.7318806648254395,0.9383046377694905,[2.23062623],5.0,0.5,0.0,0.018241436218817443,6.872884796204809,0.4999997523007875
2.7398974895477295,0.941626415954014,[2.24340632],5.0,0.5,0.0,0.032129922317221934,7.032957668049815,0.499999231532168
2.7478439807891846,0.9447527954218007,[2.25585636],5.0,0.5,0.0,0.04057255737330204,7.080710572084581,0.499998774619657
2.7558600902557373,0.9478791748895873,[2.26794395],5.0,0.5,0.0,0.3212090167231887,6.943342709216986,0.4999232022005091
2.7667503356933594,0.9525687440912673,[2.27956245],5.0,0.5,0.0,0.35627809233989793,6.90032860608863,0.49990551913165004
2.775071859359741,0.9558905222757909,[2.29062934],5.0,0.5,0.0,0.02529764924059069,6.923361706246906,0.49999952360543104
2.783043384552002,0.9592123004603142,[2.30101222],5.0,0.5,0.0,-0.08492966680864276,6.553603193669588,0.499994630631829
2.7951207160949707,0.9639018696619943,[2.31047495],5.0,0.5,0.0,-0.10211212989667437,6.447787443865364,0.4999922382799522
2.8038222789764404,0.9674190465632543,[2.31868],5.0,0.5,0.0,-0.08484413678565965,6.199830746565504,0.4999946414409725
2.812021017074585,0.9705454260310411,[2.32520834],5.0,0.5,0.0,-0.05874588582827679,5.9316947050247775,0.4999974310214773
2.8218934535980225,0.9742580016490379,[2.32966887],5.0,0.5,0.0,-0.3100963685750565,5.866996170276995,0.499928423748698
2.83085298538208,0.9777751785502978,[2.33179674],5.0,0.5,0.0,-0.32326923575099153,5.750433535185106,0.4999222139633132
2.838864803314209,0.9810969567348212,[2.33153709],5.0,0.5,0.0,-0.25336683512077485,5.731550787860981,0.49995221567504217
2.847853183746338,0.984809532352818,[2.32907688],5.0,0.5,0.0,-0.166955252355206,5.868100514864996,0.49997925096817913
2.857907295227051,0.9887175066875513,[2.32459377],5.0,0.5,0.0,-0.08964245063928925,5.809463464457853,0.4999940182050887
2.8678932189941406,0.9922346835888115,[2.31811987],5.0,0.5,0.0,-0.028873179339613204,5.7530708863244095,0.4999993794230757
2.877209424972534,0.9959472592068082,[2.30971136],5.0,0.5,0.0,0.015369391771020206,5.819439997720971,0.4999998241590744
2.890925407409668,1.0016138219921717,[2.29944084],5.0,0.5,0.0,0.04569984420858277,5.560766817345074,0.4999984453399478
2.901848554611206,1.006107992477115,[2.28729119],5.0,0.5,0.0,0.06523941033984317,5.474372756905697,0.4999968317068857
2.90993070602417,1.009625169378375,[2.27326388],5.0,0.5,0.0,0.07680892059136671,5.382074952560922,0.49999560834624873
2.9195871353149414,1.0133377449963719,[2.25737553],5.0,0.5,0.0,0.08269215885471912,5.138581251222689,0.4999949098201758
2.9294073581695557,1.0172457193311053,[2.2396106],5.0,0.5,0.0,0.08463429636167677,5.067532781719406,0.49999466791412295
2.9385650157928467,1.0211536936658387,[2.22003084],5.0,0.5,0.0,0.08392278174236327,4.977959687517191,0.49999475718974906
2.948439121246338,1.0248662692838355,[2.19876315],5.0,0.5,0.0,0.08148490553513171,4.872229577143797,0.4999950573613421
2.95683217048645,1.028188047468359,[2.17593652],5.0,0.5,0.0,0.07797651850954287,4.754744536541655,0.4999954738140569
2.9672610759735107,1.032291420519829,[2.15163264],5.0,0.5,0.0,0.07385430231315379,4.491817167981145,0.49999593971506645
2.975806713104248,1.035808597421089,[2.12594688],5.0,0.5,0.0,0.06943140257340974,4.540193473328379,0.4999964114665914
2.988363742828369,1.0408889640562422,[2.09905141],5.0,0.5,0.0,0.06491885685233582,4.29134199327631,0.4999968627650799
2.995905637741089,1.0436245460905555,[2.07113621],5.0,0.5,0.0,0.06045580253009632,4.327966740685899,0.4999972792948727
3.0044331550598145,1.0469463242750792,[2.04245272],5.0,0.5,0.0,0.056131195129035985,4.2356661894936565,0.4999976546145039
3.01308274269104,1.0504635011763392,[2.01328823],5.0,0.5,0.0,0.05199926870135492,4.178132716587002,0.49999798720162547
3.0221683979034424,1.053980678077599,[1.98393562],5.0,0.5,0.0,0.048090460343881807,4.158254415052716,0.4999982784335266
3.0319933891296387,1.0580840511290694,[1.95473532],5.0,0.5,0.0,0.3204574437475187,4.143294908201773,0.499923561139482
3.0417089462280273,1.0619920254638027,[1.92605927],5.0,0.5,0.0,0.35015165624788547,4.044089951276748,0.4999087402218674
3.0501928329467773,1.065313803648326,[1.89831195],5.0,0.5,0.0,0.29186151626738144,4.283905876413779,0.4999365936424153
3.0582339763641357,1.0684401831161128,[1.87193608],5.0,0.5,0.0,0.21281320318911762,4.27956783365368,0.49996628763882467
3.065852642059326,1.071957360017373,[1.84734338],5.0,0.5,0.0,0.13954617941993924,4.205719384844955,0.4999855043971693
3.075693130493164,1.0756699356353696,[1.82489437],5.0,0.5,0.0,0.08038691117137098,4.318185833682305,0.4999951896655909
3.084273338317871,1.07918711253663,[1.80499486],5.0,0.5,0.0,0.03604595823365067,4.423069353530455,0.4999990327930566
3.0918681621551514,1.0819226945709433,[1.7879764],5.0,0.5,0.0,-0.27156962729333,4.242600829357324,0.49994510342805276
3.100849151611328,1.08563527018894,[1.77396902],5.0,0.5,0.0,-0.32621548805762646,4.208773896482718,0.49992078974238363
3.1098525524139404,1.0893478458069366,[1.7630437],5.0,0.5,0.0,-0.009069438367817567,4.183936067530466,0.49999993876955207
3.118924379348755,1.0928650227081966,[1.75526865],5.0,0.5,0.0,0.09160633062886686,4.161366078919294,0.499993753238323
3.1268692016601562,1.0959914021759836,[1.75066376],5.0,0.5,0.0,0.10235099716546214,4.1456528878207815,0.4999922019243318
3.1348464488983154,1.09911778164377,[1.74910308],5.0,0.5,0.0,0.08086815010196338,4.1222908045294115,0.4999951318990211
3.1438281536102295,1.1028303572617668,[1.75033941],5.0,0.5,0.0,0.05211936680014219,4.126147173174293,0.49999797789334366
3.1528258323669434,1.106347534163027,[1.75417828],5.0,0.5,0.0,0.02586778845526213,3.999954111589118,0.49999950189022974
3.1618576049804688,1.1096693123475503,[1.76047232],5.0,0.5,0.0,0.005097696530571259,4.0634826675048465,0.49999998065562856
3.1718504428863525,1.1137726853990204,[1.76911587],5.0,0.5,0.0,-0.010022211659504307,4.121495574428624,0.49999992522889763
3.1813607215881348,1.1174852610170172,[1.78003746],5.0,0.5,0.0,-0.02032971159094203,4.175832780241506,0.4999996923414586
3.1929471492767334,1.1221748302186971,[1.79318029],5.0,0.5,0.0,-0.02688523453707387,4.334987187407448,0.4999994619357959
3.2038559913635254,1.1266690007036406,[1.80848483],5.0,0.5,0.0,-0.030664448719733922,4.3174876846836,0.4999993000344045
3.2128939628601074,1.1301861776049007,[1.82578919],5.0,0.5,0.0,-0.03246366740122386,4.309420065618307,0.49999921548456033
3.222830295562744,1.1340941519396341,[1.8448471],5.0,0.5,0.0,-0.032893911973009275,4.306400644573375,0.4999991945522414
3.2348365783691406,1.1387837211413143,[1.86541619],5.0,0.5,0.0,-0.0324068734691378,4.37367764945672,0.499999218227116
3.243201494216919,1.1423008980425742,[1.88725918],5.0,0.5,0.0,-0.031328124649017436,4.360159689141355,0.49999926940759304
3.2532355785369873,1.1460134736605712,[1.91009859],5.0,0.5,0.0,-0.029887869887182842,4.366123594729923,0.4999993350387861
3.260830879211426,1.1491398531283576,[1.93363627],5.0,0.5,0.0,-0.02824620417809874,4.393249937508849,0.4999994060818388
3.2699105739593506,1.1528524287463542,[1.95757865],5.0,0.5,0.0,-0.02651264617866238,4.391848519736456,0.49999947674594797
3.2789041996002197,1.1563696056476145,[1.98164365],5.0,0.5,0.0,-0.024760723127454896,4.455679587708514,0.49999954361314736
3.2871010303497314,1.1596913838321379,[2.00557004],5.0,0.5,0.0,-0.023038623231827027,4.558310713031671,0.49999960488861067
3.2948737144470215,1.1628177632999248,[2.02910884],5.0,0.5,0.0,-0.021376861893613208,4.593131871814133,0.4999996598312371
3.3038976192474365,1.1661395414844482,[2.05206238],5.0,0.5,0.0,-0.019793741882443983,4.6718209663217865,0.49999970834974944
3.3131601810455322,1.1694613196689714,[2.07430145],5.0,0.5,0.0,-0.018299212278122617,4.746103799142041,0.49999975072922875
3.3245959281921387,1.1739554901539149,[2.09573722],5.0,0.5,0.0,-0.016897578862323136,4.8330038219181315,0.4999997874527222
3.3359601497650146,1.1788404580723315,[2.1163102],5.0,0.5,0.0,-0.015589397421875071,4.901694341097532,0.4999998190888834
3.344799757003784,1.1823576349735918,[2.13596332],5.0,0.5,0.0,-0.014372789222059503,4.962092549440375,0.49999984622394267
3.3588714599609375,1.1880241977589552,[2.15464139],5.0,0.5,0.0,-0.013244349693027836,5.008036106888938,0.49999986942263613
3.368091106414795,1.191736773376952,[2.17231453],5.0,0.5,0.0,-0.012199771790251557,5.137467927987343,0.499999889207582
3.3766937255859375,1.1950585515614751,[2.18895531],5.0,0.5,0.0,0.26480408980758574,5.22339543410115,0.49994780446146686
3.384826421737671,1.1983803297459985,[2.20453413],5.0,0.5,0.0,0.29882009829520617,5.274733885835343,0.49993353432546206
3.394306182861328,1.202288304080732,[2.21904131],5.0,0.5,0.0,0.24454513528919963,5.312242271110723,0.49995548510044097
3.4019713401794434,1.2054146835485189,[2.23248075],5.0,0.5,0.0,-0.1068201788688469,5.327409919864319,0.4999915060521907
3.410839557647705,1.2089318604497787,[2.24486382],5.0,0.5,0.0,-0.20976897458270555,5.359249525899856,0.49996724519937935
3.4214279651641846,1.2132306322179853,[2.25621786],5.0,0.5,0.0,0.0653882072018796,5.399354009411197,0.4999968172380796
3.428816556930542,1.215966214252299,[2.26658059],5.0,0.5,0.0,0.13319263103673684,5.400144619843225,0.49998679430276916
3.4374570846557617,1.2190925937200856,[2.27598692],5.0,0.5,0.0,0.11974831471066466,5.401154086128627,0.4999893256642344
3.446632146835327,1.2226097706213457,[2.28447479],5.0,0.5,0.0,-0.1947790153004408,5.421287430026784,0.4999717590864041
3.458933115005493,1.2276901372564992,[2.29220468],5.0,0.5,0.0,-0.26811917515378186,5.666463724075112,0.49994648947840425
3.468153238296509,1.231207314157759,[2.29947446],5.0,0.5,0.0,0.029393353936437078,5.697995986537788,0.49999935686123936
3.4788732528686523,1.235506085925966,[2.30647435],5.0,0.5,0.0,0.11340198841335378,5.634027151565442,0.49999042709261826
3.488659143447876,1.2394140602606996,[2.31325111],5.0,0.5,0.0,0.11133990441322937,5.644817582884047,0.49999077206862996
3.496849298477173,1.2429312371619592,[2.31983817],5.0,0.5,0.0,0.08061876617054929,5.6152536417276595,0.4999951618774086
3.504856824874878,1.2460576166297461,[2.32623913],5.0,0.5,0.0,0.045539003533888914,5.631165082329732,0.49999845626393064
3.514936685562134,1.2501609896812165,[2.33244251],5.0,0.5,0.0,0.015174450700892378,5.647106720377569,0.4999998285914193
3.525721549987793,1.2540689640159497,[2.33849221],5.0,0.5,0.0,-0.008084632945489091,5.688016646169101,0.49999995134502334
3.5380971431732178,1.2589539319343666,[2.34446875],5.0,0.5,0.0,-0.02453951402564216,5.698992602922488,0.49999955173132
3.5473668575286865,1.2628619062690998,[2.3504252],5.0,0.5,0.0,-0.035382540305872984,5.674377108854186,0.49999906806785777
3.5552730560302734,1.2657928870201498,[2.35637041],5.0,0.5,0.0,-0.04193378386363115,5.657754531120749,0.49999869101638106
3.562920093536377,1.2691146652046732,[2.36229076],5.0,0.5,0.0,-0.04535513170246211,5.642306479299089,0.4999984687049625
3.5739758014678955,1.27341343697288,[2.36816072],5.0,0.5,0.0,-0.04657433544993113,5.721163699482081,0.4999983852722543
3.5853726863861084,1.2779076074578233,[2.37395126],5.0,0.5,0.0,-0.04629390806261992,5.731520677010852,0.49999840465846546
3.5948290824890137,1.281815581792557,[2.37963892],5.0,0.5,0.0,-0.04502835375674052,5.7375421573756205,0.4999984906910108
3.603843927383423,1.2851373599770801,[2.38519654],5.0,0.5,0.0,-0.04314570365609169,5.73346869623826,0.4999986142618101
3.615696907043457,1.2900223278954968,[2.3906004],5.0,0.5,0.0,-0.040904303784754,5.729169403905287,0.49999875449881614
3.626279354095459,1.2943210996637038,[2.39583478],5.0,0.5,0.0,-0.03848240081742823,5.7067803947644,0.49999889762205957
3.634809732437134,1.2982290739984372,[2.40087935],5.0,0.5,0.0,-0.036000748607190394,5.670027555564226,0.49999903521771677
3.64524507522583,1.3021370483331705,[2.40571323],5.0,0.5,0.0,-0.0335393620773205,5.666966804609847,0.49999916263287264
3.6528661251068115,1.3050680290842205,[2.41032001],5.0,0.5,0.0,-0.03114969219237977,5.675231429442878,0.4999992777062105
3.6608123779296875,1.3079990098352705,[2.41468399],5.0,0.5,0.0,-0.3049017157175562,5.657566591815533,0.499930801551457
3.6718742847442627,1.312493180320214,[2.4187952],5.0,0.5,0.0,-0.3358612997837231,5.63357239650583,0.4999160365767669
3.6801507472991943,1.3158149585047374,[2.42265045],5.0,0.5,0.0,-0.27872906177415246,5.61693391414735,0.49994217094903265
3.688857078552246,1.3191367366892608,[2.42624789],5.0,0.5,0.0,-0.20074163353667301,5.593044683614644,0.4999700036401069
3.699827194213867,1.3234355084574676,[2.42958718],5.0,0.5,0.0,-0.12844754580846127,5.577881733704278,0.49998771845615203
3.7078890800476074,1.326757286641991,[2.43267161],5.0,0.5,0.0,-0.0701812198429723,5.56725725387207,0.4999963335403646
3.7173855304718018,1.3306652609767244,[2.43550746],5.0,0.5,0.0,-0.026660260460300834,5.553623517194643,0.49999947090309443
3.7256386280059814,1.3339870391612478,[2.4381025],5.0,0.5,0.0,0.004163631725416216,5.542814607202996,0.4999999870951997
3.7366576194763184,1.3384812096461913,[2.44046584],5.0,0.5,0.0,0.024992565177739342,5.5258697785221855,0.4999995350265663
3.7453651428222656,1.3418029878307145,[2.44260762],5.0,0.5,0.0,0.03834571377987871,5.514566039847054,0.49999890543929565
3.7544562816619873,1.3455155634487113,[2.44453836],5.0,0.5,0.0,0.04629441286049385,5.496418542979287,0.4999984046236735
3.76324200630188,1.3488373416332344,[2.44626887],5.0,0.5,0.0,0.0504370934154988,5.486312283809999,0.49999810632277847
3.7741646766662598,1.3533315121181781,[2.4478112],5.0,0.5,0.0,0.051961881578833635,5.46964228090459,0.499997990094956
3.783168315887451,1.357044087736175,[2.44917828],5.0,0.5,0.0,0.05173045606213098,5.456006771286064,0.4999980079583034
3.790879726409912,1.3603658659206983,[2.45038268],5.0,0.5,0.0,-0.22568162456294538,5.439941908709165,0.49996208748383736
3.799816131591797,1.3638830428219582,[2.45143659],5.0,0.5,0.0,-0.26089104164063187,5.427651913556834,0.499949335588239
3.8098385334014893,1.3677910171566916,[2.4523526],5.0,0.5,0.0,-0.20829071931154752,5.4124873888490646,0.4999677052081989
3.8187875747680664,1.3709173966244785,[2.45314226],5.0,0.5,0.0,-0.13491023350431378,5.388797865012375,0.4999864515198558
3.8301517963409424,1.375411567109422,[2.45381156],5.0,0.5,0.0,-0.06716190455852514,5.33571077895089,0.499996642227843
3.8378536701202393,1.3785379465772085,[2.45436368],5.0,0.5,0.0,-0.013293369767036184,5.329983728939342,0.4999998684542599
3.8477797508239746,1.3824459209119417,[2.45480675],5.0,0.5,0.0,0.026030370133563303,5.316864393478434,0.4999994956092153
3.856790065765381,1.386158496529939,[2.45515216],5.0,0.5,0.0,0.052886811056609515,5.302477312424461,0.4999979179050396
3.8658015727996826,1.3896756734311988,[2.45541058],5.0,0.5,0.0,0.069991416200869,5.2878487031308845,0.49999635334520204
3.876465320587158,1.393779046482669,[2.45559208],5.0,0.5,0.0,0.07986615825249273,5.269441644885191,0.49999525178689924
3.8870468139648438,1.3980778182508755,[2.45570619],5.0,0.5,0.0,-0.19146007017921726,5.249492659497551,0.49997271328517073
3.895267963409424,1.401399596435399,[2.45576183],5.0,0.5,0.0,-0.22344514718374187,5.233761784844273,0.49996283514964823
3.9040966033935547,1.4053075707701321,[2.45576732],5.0,0.5,0.0,0.10643449264701141,5.214575769647438,0.49999156727764305
3.914815664291382,1.4094109438216025,[2.45573031],5.0,0.5,0.0,-0.06319649353816598,5.194254745768621,0.4999970270243758
3.923985242843628,1.4131235194395992,[2.45565784],5.0,0.5,0.0,-0.0846432963242015,5.175553817784316,0.4999946667800468
3.9344286918640137,1.4172268924910691,[2.45555634],5.0,0.5,0.0,-0.05328417997043956,5.154710523389731,0.49999788649961907
3.941804885864258,1.4203532719588559,[2.45543159],5.0,0.5,0.0,-0.010240379601318857,5.138515057812021,0.4999999219381655
3.949815034866333,1.4236750501433795,[2.4552888],5.0,0.5,0.0,0.028510451505876864,5.121275506002938,0.4999993949174859
3.962848424911499,1.4283646193450594,[2.4551326],5.0,0.5,0.0,0.05817416318234154,5.0971658711545285,0.4999974807813029
3.973802328109741,1.4324679923965296,[2.45496709],5.0,0.5,0.0,0.07857762722535457,5.0758277596347785,0.4999954037620936
3.9828102588653564,1.4361805680145263,[2.45479585],5.0,0.5,0.0,0.3672180615141658,5.056270642363855,0.49989962833042145
3.9938013553619385,1.4406747384994696,[2.45462198],5.0,0.5,0.0,0.40694414129043355,5.032913408854054,0.49987673983651126
4.002179145812988,1.4441919154007297,[2.45444814],5.0,0.5,0.0,0.35408851406064623,5.014373891334496,0.49990667675724154
4.0109498500823975,1.4479044910187262,[2.45427658],5.0,0.5,0.0,0.277215084179931,4.994955472164052,0.4999427974291962
4.018799304962158,1.4508354717697765,[2.45410916],5.0,0.5,0.0,0.20388729251270374,4.979423192554099,0.4999690562065269
4.028870344161987,1.4551342435379833,[2.45394742],5.0,0.5,0.0,0.14318682925689694,4.957189387994478,0.4999847381847691
4.037995100021362,1.4586514204392433,[2.45379258],5.0,0.5,0.0,0.09636721181709806,4.93879216681512,0.4999930870683866
4.046850204467773,1.4619731986237665,[2.45364557],5.0,0.5,0.0,0.06175654750176371,4.921439285858603,0.4999971609603368
4.0597851276397705,1.46705356525892,[2.4535071],5.0,0.5,0.0,0.03691211374240597,4.8954338164739575,0.4999989857522201
4.068480968475342,1.4709615395936537,[2.45337763],5.0,0.5,0.0,0.01948990327148844,4.875189469669289,0.49999971723482584
4.076806306838989,1.474283317778177,[2.45325746],5.0,0.5,0.0,0.007533989849598491,4.857950161011986,0.4999999577470809
4.085819244384766,1.4774096972459638,[2.45314671],5.0,0.5,0.0,-0.0004805602504473895,4.841754535186277,0.4999999998280895
4.0963053703308105,1.481317671580697,[2.45304535],5.0,0.5,0.0,-0.005697460118898704,4.82174681525958,0.49999997583597633
4.104304313659668,1.4844440510484838,[2.45295326],5.0,0.5,0.0,-0.008953936116367342,4.805615591699224,0.4999999403192005
4.114749431610107,1.4889382215334273,[2.45287019],5.0,0.5,0.0,-0.010852977954424144,4.782797151967862,0.499999912319205
4.124788284301758,1.4928461958681607,[2.45279582],5.0,0.5,0.0,-0.011823872308536394,4.762856551208296,0.4999998959298712
4.132789373397827,1.4963633727694208,[2.45272979],5.0,0.5,0.0,-0.012169546777794762,4.744920349465537,0.4999998897558797
4.140790939331055,1.4996851509539442,[2.45267165],5.0,0.5,0.0,-0.01210218773356761,4.72801047389483,0.4999998909729154
4.149827241897583,1.503202327855204,[2.45262094],5.0,0.5,0.0,-0.011769403863638443,4.710180400063561,0.499999896886492
4.159227609634399,1.5071103021899377,[2.45257718],5.0,0.5,0.0,-0.011273149288819381,4.6904410193814625,0.4999999053986899
4.168292760848999,1.5106274790911975,[2.4525401],5.0,0.5,0.0,0.26535509195395085,4.674788177945615,0.4999475870307889
4.176804304122925,1.513949257275721,[2.45250989],5.0,0.5,0.0,0.29911584628555443,4.65955778462474,0.49993340270441333
4.1858131885528564,1.517661832893718,[2.45248684],5.0,0.5,0.0,0.24466933635337434,4.641552162591815,0.4999554398739804
4.194860219955444,1.5211790097949778,[2.45247085],5.0,0.5,0.0,0.16922889217902315,4.6230330856025725,0.4999786820008885
4.204440593719482,1.5254777815631846,[2.4524614],5.0,0.5,0.0,0.09933133886573453,4.60100179611775,0.4999926552661305
4.213825941085815,1.528799559747708,[2.45245789],5.0,0.5,0.0,0.04330715547284397,4.584065035816981,0.4999986038715178
4.2256622314453125,1.533489128949388,[2.45245975],5.0,0.5,0.0,0.0018751061732867613,4.560683042283306,0.4999999973826705
4.239815950393677,1.5391556917347513,[2.45246649],5.0,0.5,0.0,-0.027008687855387317,4.532314256736072,0.499999456983019
4.247866868972778,1.5422820712025382,[2.45247757],5.0,0.5,0.0,-0.046039918567097715,4.516208143174717,0.4999984221159589
4.256129741668701,1.5456038493870616,[2.45249241],5.0,0.5,0.0,-0.057730211032772184,4.499368335331951,0.49999751908498224
4.263916730880737,1.5485348301381114,[2.4525104],5.0,0.5,0.0,-0.06414280328228511,4.4843657938734935,0.4999969373228535
4.273860216140747,1.5526382031895818,[2.45253093],5.0,0.5,0.0,-0.06686786989543575,4.463644522317619,0.49999667156402494
4.282788038253784,1.5561553800908419,[2.45255344],5.0,0.5,0.0,-0.06708537615840729,4.4460841899251395,0.4999966498755615
4.29320764541626,1.5606495505757851,[2.45257747],5.0,0.5,0.0,-0.06564909728476229,4.4239132408094015,0.49999679178991757
4.303594350814819,1.5645575249105188,[2.45260266],5.0,0.5,0.0,-0.06316540341574553,4.404316172336556,0.49999702994881545
4.314812183380127,1.5688562966787254,[2.45262865],5.0,0.5,0.0,-0.060058358912329926,4.3828681190333745,0.49999731494966726
4.324801445007324,1.5725688722967222,[2.4526551],5.0,0.5,0.0,-0.05662023365329563,4.364236849895679,0.49999761356860734
4.33410382270813,1.5764768466314556,[2.45268167],5.0,0.5,0.0,-0.05304930138640233,4.3448245603500935,0.4999979050912847
4.342998266220093,1.5801894222494521,[2.45270813],5.0,0.5,0.0,-0.04947749077696474,4.326289997133922,0.4999981776943698
4.351807355880737,1.5835112004339755,[2.45273421],5.0,0.5,0.0,-0.045990311467767414,4.309555094369611,0.4999984255143992
4.361847162246704,1.587419174768709,[2.45275968],5.0,0.5,0.0,-0.04264106376834842,4.290181335373791,0.4999986464878814
4.370807647705078,1.5911317503867057,[2.45278439],5.0,0.5,0.0,-0.03946089434495413,4.271698506881785,0.4999988408489852
4.381265878677368,1.5954305221549125,[2.45280819],5.0,0.5,0.0,-0.03646586958470864,4.250314535284466,0.49999901012719183
4.388820648193359,1.5983615029059628,[2.45283098],5.0,0.5,0.0,0.24237643400322256,4.235458296054296,0.49995627110868274
4.3986194133758545,1.6026602746741694,[2.45285267],5.0,0.5,0.0,0.27811464680528664,4.214029220112722,0.4999424256037105
4.4081268310546875,1.6061774515754295,[2.45287318],5.0,0.5,0.0,-0.05059265349851072,4.196622165057292,0.4999980946236784
4.416849851608276,1.609890027193426,[2.45289249],5.0,0.5,0.0,-0.15755155044403854,4.178190682572326,0.4999815224658646
4.4248785972595215,1.6134072040946863,[2.45291059],5.0,0.5,0.0,0.10514370719553816,4.160564046727388,0.4999917705715763
4.433276653289795,1.616533583562473,[2.45292746],5.0,0.5,0.0,0.15965541949498271,4.144827324688996,0.49998102569989616
4.4432806968688965,1.6204415578972062,[2.45294311],5.0,0.5,0.0,0.13485893982402383,4.125417029109022,0.49998646182018475
4.452102422714233,1.623567937364993,[2.45295757],5.0,0.5,0.0,0.08761824619821562,4.109792052132923,0.49999428530172657
4.462744474411011,1.6278667091331998,[2.45297087],5.0,0.5,0.0,0.041074828513437474,4.088392658228256,0.4999987440925178
4.471844911575317,1.6313838860344596,[2.45298306],5.0,0.5,0.0,0.0031062850996043494,4.070795202377832,0.499999992817274
4.48180627822876,1.6350964616524568,[2.45299418],5.0,0.5,0.0,-0.024924400971481457,4.052274093617763,0.4999995375594242
4.490850210189819,1.6386136385537167,[2.45300427],5.0,0.5,0.0,-0.044130173813071855,4.034706063915625,0.49999855030272783
4.500533103942871,1.6429124103219235,[2.4530134],5.0,0.5,0.0,-0.05631566566910573,4.013287961916368,0.4999976391733772
4.509395122528076,1.6464295872231836,[2.45302161],5.0,0.5,0.0,-0.06324959560716455,3.9956630106359494,0.49999702202609175
4.518493175506592,1.65014216284118,[2.45302896],5.0,0.5,0.0,-0.06641608077205505,3.9771452925555484,0.4999967163887291
4.529446125030518,1.6542455358926502,[2.45303548],5.0,0.5,0.0,-0.0669708235694082,3.956397038850535,0.4999966613068605
4.537782192230225,1.657371915360437,[2.45304116],5.0,0.5,0.0,-0.06577553431008762,3.9407418404437617,0.4999967794203385
4.548812627792358,1.662061484562117,[2.45304603],5.0,0.5,0.0,-0.06345453327605793,3.9174241820410627,0.4999970026967689
4.558218717575073,1.6659694588968506,[2.45305015],5.0,0.5,0.0,-0.06045058884777152,3.8978866342362606,0.49999727976411606
4.566772937774658,1.6694866357981104,[2.45305358],5.0,0.5,0.0,-0.05707207902170228,3.880312015839159,0.49999757532793476
4.576600551605225,1.6735900088495805,[2.45305639],5.0,0.5,0.0,-0.05353001105621307,3.8598481150998176,0.4999978669530479
4.5873332023620605,1.677302584467577,[2.45305863],5.0,0.5,0.0,-0.049965910150648996,3.841284068110899,0.4999981415389068
4.5948426723480225,1.680428963935364,[2.45306036],5.0,0.5,0.0,-0.04647230288857021,3.825636147936576,0.4999983923394115
4.603781223297119,1.6839461408366243,[2.45306164],5.0,0.5,0.0,-0.043107512324819144,3.8080792845108125,0.4999986167139518
4.614751815795898,1.6882449126048311,[2.45306252],5.0,0.5,0.0,-0.03990622079720444,3.7866314690560006,0.4999988145387491
4.625117301940918,1.6925436843730375,[2.45306305],5.0,0.5,0.0,-0.03688694669988601,3.765142322492767,0.4999989871347955
4.633081674575806,1.6960608612742978,[2.45306328],5.0,0.5,0.0,-0.034057300933218196,3.7475196766524164,0.49999913657075584
4.643596172332764,1.7001642343257677,[2.45306325],5.0,0.5,0.0,-0.031417660573468155,3.7270324062366513,0.4999992652255556
4.652776002883911,1.7036814112270278,[2.453063],5.0,0.5,0.0,-0.02896372169627314,3.709416843214643,0.4999993755248862
4.66399884223938,1.7081755817119713,[2.45306257],5.0,0.5,0.0,-0.3027266221014091,3.687135147907438,0.4999317852521265
4.671749591827393,1.7111065624630215,[2.453062],5.0,0.5,0.0,-0.3337453145346131,3.672472566822346,0.49991709112529137
4.680741310119629,1.7146237393642816,[2.45306131],5.0,0.5,0.0,-0.2767018766641075,3.654948260110303,0.49994300901900696
4.689756155014038,1.7183363149822781,[2.45306052],5.0,0.5,0.0,0.07721809616745884,3.6362674845677674,0.4999955614314943
4.699624061584473,1.7222442893170116,[2.45305967],5.0,0.5,0.0,0.18252254158584982,3.616669823317572,0.4999752012996808
4.708539247512817,1.7257614662182716,[2.45305878],5.0,0.5,0.0,-0.09046368763014585,3.5991706572883304,0.499993908102267
4.721089839935303,1.730646434136688,[2.45305786],5.0,0.5,0.0,-0.15626820659705662,3.574866161570266,0.4999818222537442
4.729267358779907,1.7337728136044748,[2.45305693],5.0,0.5,0.0,0.13505622189783534,3.5590284284120783,0.49998642218236083
4.737755298614502,1.737289990505735,[2.453056],5.0,0.5,0.0,0.20836549571993454,3.5413981884728076,0.4999676820171133
4.749327898025513,1.7417841609906786,[2.45305509],5.0,0.5,0.0,0.19504474176249975,3.5189426047791468,0.4999716819809287
4.757757186889648,1.7453013378919386,[2.4530542],5.0,0.5,0.0,0.15401952521086762,3.5012893181141096,0.49998234163185384
4.768769979476929,1.7496001096601452,[2.45305334],5.0,0.5,0.0,0.11002002854613699,3.4798224735792043,0.49999098955440535
4.778076887130737,1.753508083994879,[2.45305252],5.0,0.5,0.0,0.07210247770876385,3.460255706781659,0.4999961300498343
4.786450386047363,1.7570252608961388,[2.45305175],5.0,0.5,0.0,0.042482418354412146,3.4426443884792506,0.4999986565405741
4.795771360397339,1.7607378365141355,[2.45305102],5.0,0.5,0.0,-0.2553861861640725,3.4242288563512955,0.4999514509881237
4.804303169250488,1.7640596146986587,[2.45305034],5.0,0.5,0.0,-0.30393279345423385,3.4076692505978015,0.49993124062265815
4.8161399364471436,1.7689445826170758,[2.45304971],5.0,0.5,0.0,-0.2593266687302337,3.3833553022346594,0.4999499413311633
4.8263020515441895,1.7724617595183356,[2.45304913],5.0,0.5,0.0,-0.19008860797050076,3.365716945421133,0.49997310279367224
4.833796262741089,1.7753927402693859,[2.4530486],5.0,0.5,0.0,-0.3998315917346482,3.3511807558409044,0.4998810103449733
4.842705488204956,1.778909917170646,[2.45304812],5.0,0.5,0.0,-0.37871896614086153,3.333698574628736,0.4998932434777709
4.854258298873901,1.7837948850890626,[2.45304768],5.0,0.5,0.0,-0.2827376056028858,3.309378811880201,0.4999404957503215
4.862474679946899,1.7873120619903229,[2.4530473],5.0,0.5,0.0,-0.17749211964784206,3.291742570489545,0.4999765493630933
4.870760202407837,1.790047644024636,[2.45304695],5.0,0.5,0.0,-0.0871303222041801,3.278032828402413,0.49999434877158666
4.882527828216553,1.7949326119430529,[2.45304666],5.0,0.5,0.0,-0.017684250109128427,3.2537608824412003,0.4999997672016642
4.893994569778442,1.7992313837112597,[2.45304641],5.0,0.5,0.0,0.03204441572703693,3.232234734568069,0.49999923561693227
4.90372896194458,1.8033347567627296,[2.45304623],5.0,0.5,0.0,0.06559109725020847,3.211718228473983,0.49999679745621034
4.9127516746521,1.807242731097463,[2.45304609],5.0,0.5,0.0,0.08676621716814414,3.1921331702380717,0.4999943959039712
4.9241297245025635,1.8119323002991432,[2.45304601],5.0,0.5,0.0,0.09889322685884513,3.1687415591575077,0.4999927199123235
4.933733224868774,1.815449477200403,[2.45304596],5.0,0.5,0.0,0.10461589449273725,3.1510745541084737,0.4999918529856252
4.943359136581421,1.8193574515351367,[2.45304595],5.0,0.5,0.0,0.10593366640012439,3.131579843955548,0.49999164645041827
4.9527428150177,1.8232654258698702,[2.45304598],5.0,0.5,0.0,0.10431148122427863,3.1120307590761285,0.4999919003289274
4.961262941360474,1.8265872040543936,[2.45304604],5.0,0.5,0.0,0.10079910727630462,3.0953575651720495,0.4999924366053466
4.9707252979278564,1.83029977967239,[2.45304612],5.0,0.5,0.0,0.09613585430662129,3.076853081557274,0.4999931202213183
4.980663299560547,1.8342077540071235,[2.45304623],5.0,0.5,0.0,0.09083440610446133,3.0573302116578485,0.49999385807130786
4.99305272102356,1.8392881206422769,[2.45304637],5.0,0.5,0.0,0.08524472132258742,3.031985033134201,0.4999945907218133
5.002432346343994,1.8428052975435372,[2.45304652],5.0,0.5,0.0,0.07960132781473395,3.0142920447258814,0.49999528322400894
5.009738445281982,1.8457362782945872,[2.45304669],5.0,0.5,0.0,0.07405766892976375,2.9996288947656544,0.49999591732341486
5.01897120475769,1.8492534551958473,[2.45304688],5.0,0.5,0.0,0.06871072775443247,2.98206680613549,0.499996485575273
5.028167963027954,1.852966030813844,[2.45304707],5.0,0.5,0.0,0.06361851977184797,2.96351754509672,0.4999969871848468
5.035741090774536,1.8560924102816307,[2.45304728],5.0,0.5,0.0,0.05881243315674686,2.9478451681596782,0.4999974251979189
5.044739484786987,1.8596095871828908,[2.45304749],5.0,0.5,0.0,0.054305884880966965,2.9303133285587437,0.49999780467152155
5.055771589279175,1.8639083589510974,[2.45304771],5.0,0.5,0.0,0.05010036150427837,2.9088130609424305,0.49999813152374534
5.063753366470337,1.8672301371356208,[2.45304792],5.0,0.5,0.0,0.046189613248653366,2.8921563247956494,0.4999984118385964
5.073824405670166,1.8715289089038274,[2.45304813],5.0,0.5,0.0,0.04256254939158906,2.870756809426408,0.49999865146769057
5.081739187240601,1.8746552883716143,[2.45304835],5.0,0.5,0.0,0.0392052234509378,2.855028926046123,0.49999885582080816
5.09075140953064,1.8781724652728744,[2.45304856],5.0,0.5,0.0,0.0361021823667607,2.837463428134302,0.4999990297734265
5.101792573928833,1.882471237041081,[2.45304876],5.0,0.5,0.0,0.03323737262390746,2.81605289468359,0.4999991776443318
5.111469507217407,1.8863792113758147,[2.45304897],5.0,0.5,0.0,0.030594738752602435,2.796468810032848,0.49999930321327024
5.122070074081421,1.8906779831440212,[2.45304917],5.0,0.5,0.0,0.30419696876119573,2.774819993186018,0.4999311210490388
5.133968830108643,1.8951721536289647,[2.45304937],5.0,0.5,0.0,0.33507689793370266,2.7523492311140294,0.49991642827808835
5.143744230270386,1.899080127963698,[2.45304957],5.0,0.5,0.0,0.27791213691889927,2.732710988169905,0.49994250941425117
5.153736591339111,1.903183501015168,[2.45304976],5.0,0.5,0.0,0.19992334461360425,2.7121761215200917,0.4999702476844702
5.161710500717163,1.9063098804829548,[2.45304995],5.0,0.5,0.0,0.12764800463541054,2.6964872125142967,0.499987870875093
5.173207998275757,1.910804050967898,[2.45305012],5.0,0.5,0.0,0.06941293484678521,2.674080706704635,0.49999641337532436
5.182396650314331,1.9143212278691581,[2.45305028],5.0,0.5,0.0,0.025930540100908336,2.656452362368031,0.49999949947061006
5.190726280212402,1.9176430060536815,[2.45305044],5.0,0.5,0.0,-0.0048510047607644175,2.6398379443680855,0.499999982482583
5.202494382858276,1.9225279739720984,[2.45305059],5.0,0.5,0.0,-0.02563617037884646,2.615487813069683,0.4999995107703595
5.212704420089722,1.9266313470235685,[2.45305073],5.0,0.5,0.0,-0.03894568636845731,2.594916364300867,0.49999887091949385
5.222285509109497,1.9303439226415653,[2.45305086],5.0,0.5,0.0,-0.046851886903342785,2.576350559011975,0.49999836596957664
5.230746269226074,1.9336657008260885,[2.45305098],5.0,0.5,0.0,-0.05095381911722515,2.5597272066073913,0.4999980673228232
5.242326736450195,1.9383552700277689,[2.45305109],5.0,0.5,0.0,-0.052439963981826675,2.5363442652469734,0.49999795294007726
5.254698991775513,1.9434356366629222,[2.4530512],5.0,0.5,0.0,0.22386618145086615,2.5108251862920974,0.49996269496460716
5.2647459506988525,1.9473436109976556,[2.45305131],5.0,0.5,0.0,0.2583985228709793,2.4911366824723595,0.4999502989981675
5.273750066757202,1.9508607878989157,[2.4530514],5.0,0.5,0.0,0.20541777225471852,2.4735031809703463,0.4999685899184627
5.282763957977295,1.9543779648001756,[2.45305149],5.0,0.5,0.0,-0.14417922432593808,2.4560406830468615,0.4999845259026627
5.29072117805481,1.957699742984699,[2.45305158],5.0,0.5,0.0,-0.2450947123861411,2.439485152473465,0.4999552848039683
5.299723386764526,1.9612169198859593,[2.45305165],5.0,0.5,0.0,-0.24381967542267252,2.4219405351367858,0.4999557488100032
5.30823826789856,1.9645386980704826,[2.45305172],5.0,0.5,0.0,-0.20695571031959525,2.4053378147545628,0.4999681178458956
5.317361831665039,1.967860476255006,[2.45305179],5.0,0.5,0.0,-0.16315279520128353,2.3887368124002135,0.49998018531798444
5.324960947036743,1.970986855722793,[2.45305184],5.0,0.5,0.0,-0.12348025850817679,2.3730992081408337,0.4999886499753148
5.333077430725098,1.9741132351905792,[2.45305189],5.0,0.5,0.0,-0.09119372253760485,2.3574693180644837,0.4999938093838719
5.341858863830566,1.9778258108085762,[2.45305194],5.0,0.5,0.0,0.20971276371516978,2.3387945395574254,0.4999672627507719
5.353349208831787,1.9823199812935197,[2.45305198],5.0,0.5,0.0,0.26138772872743143,2.3162910975736084,0.49994914250355543
5.363280534744263,1.9868141517784632,[2.45305201],5.0,0.5,0.0,0.21985524780314236,2.2937847025229257,0.49996401970484416
5.372717618942261,1.9903313286797228,[2.45305204],5.0,0.5,0.0,0.15356287768928134,2.276132055794634,0.49998244618424575
5.383190870285034,1.9944347017311932,[2.45305206],5.0,0.5,0.0,0.09005061904580677,2.2556350980034865,0.4999939636076626
5.390717029571533,1.9973656824822434,[2.45305209],5.0,0.5,0.0,0.038420278009427204,2.240917442876327,0.49999890117835855
5.402491331100464,2.0018598529671867,[2.4530521],5.0,0.5,0.0,-3.5364096598770184e-05,2.218521986546666,0.499999999999069
5.413694381713867,2.0067448208856034,[2.45305212],5.0,0.5,0.0,-0.3029801164564798,2.1942587281375046,0.4999316709700642
5.422709703445435,2.0102619977868637,[2.45305213],5.0,0.5,0.0,-0.35385673829354397,2.1766767305952937,0.499906798879088
5.43080997467041,2.013583775971387,[2.45305213],5.0,0.5,0.0,-0.03361622341495335,2.159951118312843,0.4999991587905306
5.441077470779419,2.01749175030612,[2.45305214],5.0,0.5,0.0,0.06964334666134567,2.1403859009279382,0.4999963895247465
5.450223684310913,2.0208135284906437,[2.45305214],5.0,0.5,0.0,0.08258001403688382,2.12372070523236,0.499994923617066
5.458631277084351,2.024135306675167,[2.45305214],5.0,0.5,0.0,-0.21305457990565105,2.1072402118081697,0.4999662111236594
5.468419075012207,2.0280432810099005,[2.45305214],5.0,0.5,0.0,0.0027548271726869494,2.0876530778532585,0.4999999943506904
5.476097583770752,2.0311696604776874,[2.45305214],5.0,0.5,0.0,0.06617399763014636,2.0719426934884773,0.4999967402822095
5.483716726303101,2.034296039945474,[2.45305214],5.0,0.5,0.0,0.06767978153714055,2.056290535220509,0.49999659024566034
5.49273157119751,2.037617818129997,[2.45305214],5.0,0.5,0.0,-0.22788716102459608,2.03982379547216,0.49996134287048355
5.501714706420898,2.041330393747994,[2.45305213],5.0,0.5,0.0,-0.2841807968115025,2.021348159000592,0.4999398867757606
5.509871006011963,2.0446521719325172,[2.45305213],5.0,0.5,0.0,-0.24932246745570327,2.004753728109779,0.49995372894391704
5.517732858657837,2.047778551400304,[2.45305212],5.0,0.5,0.0,0.08729394138669673,1.988986423739159,0.49999432752727013
5.52670431137085,2.051295728301564,[2.45305212],5.0,0.5,0.0,0.1800334471682995,1.9713558204680794,0.49997587304072794
5.534712076187134,2.054422107769351,[2.45305211],5.0,0.5,0.0,0.17446368269990797,1.955672470010462,0.4999773427651549
5.543691158294678,2.057939284670611,[2.45305211],5.0,0.5,0.0,0.13620302426754052,1.9380898641027209,0.49998619062005706
5.555791616439819,2.0626288538722912,[2.4530521],5.0,0.5,0.0,0.09305098678967554,1.91469278364279,0.49999355465990186
5.5638086795806885,2.0659506320568144,[2.4530521],5.0,0.5,0.0,0.05540620053850856,1.898012054285909,0.49999771480953265
5.5725016593933105,2.0694678089580743,[2.45305209],5.0,0.5,0.0,0.026022384163601253,1.880433230430349,0.4999994959188221
5.582291841506958,2.073375783292808,[2.45305209],5.0,0.5,0.0,0.004569256590175399,1.8609119617234515,0.4999999844586284
5.590711832046509,2.076892960194068,[2.45305208],5.0,0.5,0.0,-0.010308926029377906,1.8433062081966283,0.49999992089012957
5.602690696716309,2.0813871306790115,[2.45305208],5.0,0.5,0.0,-0.020119414563713245,1.8208837384363266,0.4999996986745761
5.613710165023804,2.085685902447218,[2.45305207],5.0,0.5,0.0,-0.026192679806250185,1.799380449308834,0.49999948930135035
5.625312566757202,2.0905708703656347,[2.45305207],5.0,0.5,0.0,-0.30563268627383744,1.775127076135769,0.4999304693883533
5.634745359420776,2.0944788447003684,[2.45305207],5.0,0.5,0.0,-0.34029723027307346,1.7556111863729422,0.49991380421430287
5.6461405754089355,2.0991684139020483,[2.45305206],5.0,0.5,0.0,-0.28547424523436193,1.732238210598923,0.4999393383664906
5.654774188995361,2.1024901920865715,[2.45305206],5.0,0.5,0.0,0.06721140761879879,1.715437114820526,0.4999966372973696
5.662848949432373,2.1056165715543584,[2.45305206],5.0,0.5,0.0,0.17195366889590308,1.699731237135793,0.49997799003441723
5.671686410903931,2.108938349738882,[2.45305205],5.0,0.5,0.0,-0.10114467526253332,1.6832425587658748,0.4999923847097565
5.680805444717407,2.1126509253568786,[2.45305205],5.0,0.5,0.0,-0.16676691319934064,1.6647560088532984,0.4999792978401897
5.69080376625061,2.116558899691612,[2.45305205],5.0,0.5,0.0,-0.15111241676632134,1.6452544590707194,0.49998300207696256
5.700425386428833,2.120076076592872,[2.45305205],5.0,0.5,0.0,-0.11044781718725566,1.6276633084076328,0.49999091958280917
5.709540843963623,2.1237886522108687,[2.45305205],5.0,0.5,0.0,-0.06813086450899512,1.609117089535878,0.4999965450256463
5.719722747802734,2.127892025262339,[2.45305204],5.0,0.5,0.0,-0.03250450476757209,1.5886233989070162,0.49999921416495163
5.728723526000977,2.1317999995970722,[2.45305204],5.0,0.5,0.0,-0.005411470245463467,1.5690757207751527,0.49999997928717343
5.737933874130249,2.135512575215069,[2.45305204],5.0,0.5,0.0,0.013851094639747428,1.550503858615855,0.49999985893011084
5.747363328933716,2.139029752116329,[2.45305204],5.0,0.5,0.0,0.02676614783808353,1.5329085447411903,0.4999994694136153
5.755695104598999,2.1425469290175894,[2.45305204],5.0,0.5,0.0,0.03486224839148176,1.5153227799270346,0.49999909949715476
5.764742374420166,2.1460641059188497,[2.45305204],5.0,0.5,0.0,0.039450040107286616,1.497737002694888,0.49999884800705263
5.773655414581299,2.149776681536846,[2.45305204],5.0,0.5,0.0,0.041563075470152644,1.4791839480041438,0.49999872431593917
5.782784700393677,2.1534892571548427,[2.45305204],5.0,0.5,0.0,0.04197900566286261,1.4606211939303264,0.4999987042413778
5.7917420864105225,2.1572018327728397,[2.45305204],5.0,0.5,0.0,0.04126569318610315,1.4420583297623388,0.4999987573666658
5.800612688064575,2.1609144083908363,[2.45305204],5.0,0.5,0.0,0.03982910562213896,1.423495458118386,0.4999988577597258
5.809772729873657,2.164431585292096,[2.45305204],5.0,0.5,0.0,0.037954625849855594,1.4058998070085604,0.4999989857956734
5.819225311279297,2.168144160910093,[2.45305204],5.0,0.5,0.0,0.03583984043294913,1.387346603060888,0.49999913283431097
5.828727960586548,2.171661337811353,[2.45305204],5.0,0.5,0.0,0.033619407742564146,1.3697510466369014,0.4999992912024291
5.83669638633728,2.17478771727914,[2.45305204],5.0,0.5,0.0,-0.24465495373036159,1.3542418460469068,0.4999556332285078
5.844728469848633,2.177914096746927,[2.45305204],5.0,0.5,0.0,-0.2799723324679421,1.3386823428312398,0.4999419198272734
5.8531553745269775,2.1814312736481867,[2.45305204],5.0,0.5,0.0,-0.22698759281499598,1.3211523062491566,0.4999620380542621
5.862179756164551,2.1849484505494465,[2.45305204],5.0,0.5,0.0,-0.15291282046059335,1.3035847728444687,0.4999831654662291
5.870690107345581,2.188465627450707,[2.45305204],5.0,0.5,0.0,-0.08428631047811098,1.2860079687478951,0.49999554220746706
5.881794452667236,2.1925690005021767,[2.45305204],5.0,0.5,0.0,-0.029441742150268152,1.2655249531490231,0.5000006326542541
5.890986919403076,2.19647697483691,[2.45305114],5.0,0.5,0.0,-0.2651404857904159,1.2378509702624352,0.49994958625809316
5.900644779205322,2.200189550454907,[2.45303912],5.0,0.5,0.0,-0.2703913690844669,1.144800601480439,0.49994837679715803
5.908787250518799,2.20351132863943,[2.45298984],5.0,0.5,0.0,-0.19719567709226843,1.0674068130938568,0.49997497991536566
5.916768312454224,2.2068331068239537,[2.45284718],5.0,0.5,0.0,-0.11028102121124433,0.9259033094306105,0.4999964808343546
5.926008462905884,2.2105456824419503,[2.45250064],5.0,0.5,0.0,-0.03413927132083504,0.9740465961869224,0.500007356520493
5.933670520782471,2.213672061909737,[2.45182862],5.0,0.5,0.0,0.024476341617228566,0.9511241493075511,0.5000113977958278
5.942772388458252,2.217189238810997,[2.45074171],5.0,0.5,0.0,0.06601785589895133,0.8646674469127935,0.500015042082669
5.950784206390381,2.220315618278784,[2.44917572],5.0,0.5,0.0,0.09337640842906761,0.870097575841388,0.5000217320518996
5.960752725601196,2.224223592613517,[2.44709976],5.0,0.5,0.0,0.10984940539327581,0.8207583067330321,0.5000394781991477
5.969714641571045,2.2277407695147775,[2.44449898],5.0,0.5,0.0,0.11836919117738924,0.7959787664743956,0.5000725573046748
5.979640007019043,2.2312579464160374,[2.44137216],5.0,0.5,0.0,0.12128885336831881,0.7802505226168532,0.5001353865678616
5.988572835922241,2.2347751233172977,[2.43774413],5.0,0.5,0.0,0.12039507370561664,0.763099851330212,0.5002532834706791
5.997710466384888,2.238487698935294,[2.43366699],5.0,0.5,0.0,0.1169984430174611,0.7793231096481168,0.5004808470920548
6.007420301437378,2.242395673270028,[2.42933976],5.0,0.5,0.0,0.11203727281367282,1.1242856700660127,0.5009120544720075
6.018726587295532,2.2472806411884445,[2.42505096],5.0,0.5,0.0,0.1061704959508166,1.057164327222072,0.5017907294233646
6.02968430519104,2.2515794129566515,[2.42091408],5.0,0.5,0.0,-0.1761856042824832,0.9164594002029496,0.503208274300341
6.041482925415039,2.256073583441595,[2.41692785],5.0,0.5,0.0,0.06026733901208067,0.8394104548677473,0.5056545366868929
6.053024530410767,2.260567753926538,[2.41311422],5.0,0.5,0.0,0.14208916734981802,0.7716364618530065,0.5095075947910593
6.063171148300171,2.264671126978008,[2.40949421],5.0,0.5,0.0,-0.11916980039968039,0.7165650164921982,0.5150640109789639
6.070694446563721,2.2674067090123216,[2.40608349],5.0,0.5,0.0,-0.16379318333330817,0.6757141083603936,0.5213397123700751
6.080212831497192,2.2715100820637915,[2.402893],5.0,0.5,0.0,-0.1282159469987767,0.6309806742477319,0.5316606526073304
6.089445352554321,2.2750272589650518,[2.39992902],5.0,0.5,0.0,-0.07203519479953022,0.5928405455904483,0.5441493262265695
6.097674369812012,2.2781536384328382,[2.39719399],5.0,0.5,0.0,-0.019030031072174478,0.56086141539113,0.5587698851318988
6.106706619262695,2.281280017900625,[2.39468718],5.0,0.5,0.0,0.023109972431964075,0.5297288801380987,0.5763641445269604
6.115685224533081,2.2846017960851484,[2.39240493],5.0,0.5,0.0,0.05346747400926352,0.49975508542424374,0.5978494854052517
6.127290725708008,2.289486764003565,[2.39034106],5.0,0.5,0.0,0.07362147497830279,0.4628566807117983,0.630765642102351
6.135729074478149,2.2928085421880886,[2.38848756],5.0,0.5,0.0,0.08577723086761849,0.4374655130529205,0.6602645883448652
6.144670486450195,2.2965211178060856,[2.38683523],5.0,0.5,0.0,0.09201863145192837,0.41019467061545617,0.6956632916840413
6.152662754058838,2.299647497273872,[2.3853737],5.0,0.5,0.0,0.09406551993956444,0.38688228719142376,0.7299656866230723
6.1606974601745605,2.3029692754583957,[2.38409168],5.0,0.5,0.0,0.09324408048012921,0.3638348065881066,0.7681542064142869
6.1736979484558105,2.3080496420935486,[2.38297725],5.0,0.5,0.0,0.09053618395324825,0.3322572167105198,0.8253519072079062
6.183103084564209,2.311566818994809,[2.38201805],5.0,0.5,0.0,0.08664891438337807,0.309475198130524,0.8705784199525712
6.191741466522217,2.315083995896069,[2.38120169],5.0,0.5,0.0,0.08208068093928018,0.28842238621268523,0.9171447894410734
6.199677228927612,2.3182103753638557,[2.38051611],5.0,0.5,0.0,0.0771761733108582,0.2704459737731327,0.9600543815577645
6.212332248687744,2.3230953432822723,[2.37994954],5.0,0.5,0.0,0.07216912776466713,0.24296385678991417,1.02388280073294
6.219923734664917,2.3260263240333225,[2.37949037],5.0,0.5,0.0,0.06721437412961465,0.2263013107453206,1.0645722877114085
6.229688882827759,2.3295435009345824,[2.3791275],5.0,0.5,0.0,-0.21362707048769297,0.20793355869750785,1.1115429630384115
6.2387144565582275,2.3326698804023693,[2.3788504],5.0,0.5,0.0,-0.5273806302780127,0.1912460574480047,1.1525644960352934
6.249683141708374,2.336187057303629,[2.37864907],5.0,0.5,0.0,-1.0618285069093019,0.17321854475769466,1.1964161633046353
6.260272741317749,2.3397042342048895,[2.37851398],5.0,0.5,0.0,-1.5530529149206067,0.15556233601065375,1.2381084038995542
6.267711162567139,2.3422444175224664,[2.37843634],5.0,0.5,0.0,-1.9183900935349811,0.14354053763291952,1.26680128700898
6.277353286743164,2.3447846008400433,[2.37840798],5.0,0.5,0.0,-2.4267951989030996,0.13138251022665995,1.2932684817028197
6.286219596862793,2.3473247841576197,[2.37842135],5.0,0.5,0.0,-2.855549664279094,0.11959373770814928,1.3181195650544126
6.293717384338379,2.349278771324986,[2.37846955],5.0,0.5,0.0,-3.1429266791848924,0.11129960057783125,1.3360109351672216
6.302300214767456,2.351428157209089,[2.37854633],5.0,0.5,0.0,-3.568501761735705,0.10193983777283637,1.3538356682318269
6.312204122543335,2.354163739243403,[2.37864604],5.0,0.5,0.0,-4.190933694921313,0.0900595917120461,1.3741247717880234
6.320775985717773,2.3559223276940333,[2.37876356],5.0,0.5,0.0,-4.4321619026883035,0.08300835556287195,1.3865036916592473
6.329026699066162,2.357680916144663,[2.37889436],5.0,0.5,0.0,-4.451623208562644,0.0760918445932828,1.3993930709213946
6.338342666625977,2.35963490331203,[2.37902408],5.0,0.5,0.0,-4.8946351647659725,-0.024139636345177386,1.410049389785715
6.346006393432617,2.3606118968957133,[2.37912444],5.0,0.5,0.0,-4.779045817362,-0.05131951337229849,1.4170376691770692
6.355096340179443,2.3619796879128696,[2.37917638],5.0,0.5,0.0,-5.0,-0.02330335939419496,1.4243019302694127
6.3656675815582275,2.362956681496553,[2.37917909],5.0,0.5,0.0,-5.0,-0.014923124857473168,1.4304598947086011
6.375271558761597,2.3635428776467635,[2.37913393],5.0,0.5,0.0,-5.0,-0.021296139151802677,1.4342787170575897
6.384697437286377,2.3637382763635,[2.37903832],5.0,0.5,0.0,-5.0,-0.023372485899193683,1.4359928666081072
6.392690896987915,2.3637382763635,[2.37889093],5.0,0.5,0.0,-5.0,-0.010778136308072797,1.4368498752912373
6.401755094528198,2.3635428776467635,[2.37869295],5.0,0.5,0.0,-5.0,-0.01325829410498213,1.4368648303014544
6.4097630977630615,2.3635428776467635,[2.37844611],5.0,0.5,0.0,-5.0,-0.002758007384870737,1.438282978024688
6.418900489807129,2.3633474789300264,[2.378154],5.0,0.5,0.0,-5.0,0.005879362014430861,1.4388328273738176
6.426645994186401,2.362956681496553,[2.37782171],5.0,0.5,0.0,-5.0,0.013406775010658767,1.4385005497186605
6.436136722564697,2.36256588406308,[2.37745274],5.0,0.5,0.0,-4.912286573090617,0.00661712744272235,1.4390002501901238
6.445338010787964,2.3621750866296063,[2.37704781],5.0,0.5,0.0,-4.321499743692202,0.002314737000582655,1.4430142807188817
6.453125476837158,2.361784289196133,[2.37660669],5.0,0.5,0.0,-2.8009997003177074,-0.00034155751497362926,1.4512043913430757
6.464818000793457,2.36139349176266,[2.37612856],5.0,0.5,0.0,-1.5124533735589305,-0.01341890870409955,1.4558049804922732
6.475051641464233,2.3610026943291866,[2.37561204],5.0,0.5,0.0,-0.24923214547321593,-0.01067525291822662,1.4581654075978026
6.483657598495483,2.36080729561245,[2.3750593],5.0,0.5,0.0,1.320889872606576,0.0017339470097356984,1.4588930562397278
6.492781400680542,2.360416498178977,[2.37447543],5.0,0.5,0.0,2.675660083157987,-0.00010401013329436491,1.4559394557722318
6.501666784286499,2.36022109946224,[2.37386406],5.0,0.5,0.0,3.947611110361273,-0.00244368903665533,1.451991360441698
6.511898756027222,2.360025700745503,[2.37322757],5.0,0.5,0.0,4.9038523320335266,-0.004352359213345484,1.4481581434216588
6.5230937004089355,2.35963490331203,[2.37256742],5.0,0.5,0.0,5.0,-0.014875390227128126,1.4488353280812127
6.53169322013855,2.359244105878557,[2.37188542],5.0,0.5,0.0,5.0,-0.0022889115543753133,1.4502768187577382
6.539745092391968,2.359244105878557,[2.37118596],5.0,0.5,0.0,5.0,-0.005103160644326684,1.4536133895654246
6.551711797714233,2.358853308445083,[2.37047223],5.0,0.5,0.0,5.0,-0.01487129323737573,1.4550934355253708
6.560736656188965,2.358267112294873,[2.36974532],5.0,0.5,0.0,5.0,-0.011214836049348543,1.4557263210652396
6.56975531578064,2.3580717135781364,[2.36900759],5.0,0.5,0.0,5.0,-0.011423450578641053,1.458097165151186
6.579371213912964,2.3578763148613997,[2.36826249],5.0,0.5,0.0,4.98298460957157,-0.009199310074186548,1.460510430490727
6.588072776794434,2.3578763148613997,[2.36751366],5.0,0.5,0.0,5.0,-0.009921329823668537,1.4633278519642907
6.597325325012207,2.3574855174279263,[2.36676456],5.0,0.5,0.0,4.753587235641216,-0.008843499665293776,1.4663861790202781
6.604725122451782,2.3572901187111897,[2.36601911],5.0,0.5,0.0,4.386332107200553,-0.0018544184505980233,1.4707574357267137
6.6159844398498535,2.3570947199944534,[2.36528092],5.0,0.5,0.0,3.9973082266428515,-0.010829346752076275,1.474932629520565
6.625714063644409,2.3567039225609796,[2.36455168],5.0,0.5,0.0,3.6272216464897102,-0.00950619089516627,1.4780594961476676
6.635044813156128,2.356508523844243,[2.36383304],5.0,0.5,0.0,3.2900226675380595,-0.009168112237591857,1.4813346495137694
6.644521951675415,2.3563131251275062,[2.3631273],5.0,0.5,0.0,2.9880010301636437,-0.008974685790973368,1.4841542372506806
6.6537017822265625,2.3561177264107696,[2.36243657],5.0,0.5,0.0,2.9948729551949542,-0.008982482824097493,1.4854139041913477
6.66363000869751,2.3559223276940333,[2.3617627],5.0,0.5,0.0,2.787926106423939,-0.009014490133050203,1.4874486983658204
6.673719882965088,2.3557269289772966,[2.36110732],5.0,0.5,0.0,2.5179944004779817,-0.009162655655152117,1.489529496345099
6.68269681930542,2.3553361315438233,[2.36047304],5.0,0.5,0.0,2.248852661845686,0.003148028485360244,1.4909857858177413
6.6926493644714355,2.3553361315438233,[2.359866],5.0,0.5,0.0,2.004115991086381,0.023516710427399747,1.4929235270049919
6.700654029846191,2.3549453341103495,[2.35929393],5.0,0.5,0.0,1.789688327733408,0.026308059703315262,1.4938464558622102
6.7136406898498535,2.354749935393613,[2.35876027],5.0,0.5,0.0,1.6042851608695385,0.014356803255102104,1.4948763964260794
6.724650144577026,2.35435913796014,[2.35826421],5.0,0.5,0.0,1.4442030616488613,0.015622838008952594,1.4954045242297518
6.733672618865967,2.3539683405266665,[2.35780524],5.0,0.5,0.0,1.0293211486427523,0.017051459590813486,1.4962719032848038
6.744138717651367,2.3537729418099302,[2.35738345],5.0,0.5,0.0,0.8749077649638637,0.01685390726016463,1.496826760850367
6.753373384475708,2.353577543093193,[2.35699843],5.0,0.5,0.0,0.823204897447764,0.016811504898612616,1.497158036372689
6.762148141860962,2.3531867456597197,[2.35664941],5.0,0.5,0.0,0.804519902194766,0.0175686661051834,1.497123284144526
6.7697248458862305,2.352991346942983,[2.35633525],5.0,0.5,0.0,0.5143242124035394,0.017618975507767393,1.4975692798185825
6.780268430709839,2.3526005495095093,[2.35605456],5.0,0.5,0.0,0.4617057291611768,0.01824992570525333,1.4974581488917322
6.792734146118164,2.3520143533592996,[2.35580566],5.0,0.5,0.0,0.4900441494936596,0.020211311801221484,1.4969505942389216
6.803684711456299,2.351818954642563,[2.35558676],5.0,0.5,0.0,0.5331858631201474,0.020313939967991572,1.4969531709145747
6.812221050262451,2.3516235559258263,[2.35539598],5.0,0.5,0.0,0.5664990812408321,0.020431071982282077,1.4969189746040372
6.819977283477783,2.351232758492353,[2.35523135],5.0,0.5,0.0,0.5835200233908234,0.021700136212466654,1.4965539630068319
6.8296449184417725,2.3510373597756162,[2.35509089],5.0,0.5,0.0,0.5850586333890668,0.022123117238156235,1.4964644290174605
6.838970899581909,2.3508419610588795,[2.35497263],5.0,0.5,0.0,0.5742988929341148,0.022499323342192387,1.496347867161949
6.846679925918579,2.350646562342143,[2.3548746],5.0,0.5,0.0,0.5547318476044629,0.023112460204629728,1.4962020963567082
6.856194972991943,2.35025576490867,[2.35479489],5.0,0.5,0.0,0.5293898065465384,0.024712121477730192,1.495679165614705
6.867053508758545,2.3500603661919333,[2.35473165],5.0,0.5,0.0,0.5006505269865547,0.02536312338551337,1.4954587883471993
6.876369476318359,2.3496695687584594,[2.35468307],5.0,0.5,0.0,0.47026999342146925,0.027064358707906664,1.4948209753286497
6.886947154998779,2.349278771324986,[2.35464746],5.0,0.5,0.0,0.4394900375230518,0.02888252272028118,1.4941082613007233
6.895632028579712,2.34908337260825,[2.35462322],5.0,0.5,0.0,0.4091557788037168,0.02984883261869249,1.4937562158375965
6.904625654220581,2.348887973891513,[2.35460887],5.0,0.5,0.0,0.3798186743870798,0.030782840438114772,1.4933682616503823
6.914815664291382,2.3483017777413027,[2.35460303],5.0,0.5,0.0,0.07578051972374719,0.03375615729924475,1.4920860085371337
6.9247400760650635,2.3481063790245664,[2.3546044],5.0,0.5,0.0,0.016184869709006997,0.034859004132472546,1.49159050018465
6.93481183052063,2.3479109803078297,[2.3546118],5.0,0.5,0.0,0.04642866125740922,0.03594317508886415,1.4910584020125106
6.945650339126587,2.3475201828743564,[2.35462415],5.0,0.5,0.0,0.09929728865985266,0.037983937426962155,1.4899501449455834
6.955241680145264,2.3471293854408826,[2.3546405],5.0,0.5,0.0,0.14821450653691592,0.04005433534898967,1.48876369420404
6.9647297859191895,2.3469339867241463,[2.35465998],5.0,0.5,0.0,0.18478652507172222,0.04117528034127528,1.4881073798272932
6.972750663757324,2.346543189290673,[2.35468181],5.0,0.5,0.0,0.2082172675958529,0.04327501378128315,1.486807655111549
6.9806458950042725,2.3463477905739363,[2.35470533],5.0,0.5,0.0,0.22046607095380455,0.04434767496008412,1.486091245988789
6.9896605014801025,2.3461523918571996,[2.35472993],5.0,0.5,0.0,0.2241414244107921,0.04547436125603524,1.4853554950556636
6.998129844665527,2.3457615944237262,[2.3547551],5.0,0.5,0.0,0.2216681127499146,0.04761299463237462,1.4839169226553888
7.0056421756744385,2.3455661957069895,[2.35478041],5.0,0.5,0.0,0.21502484278364775,0.048703830142804314,1.4831285913708456
7.013644695281982,2.345370796990253,[2.35480548],5.0,0.5,0.0,0.20572076942323778,0.04981820950349998,1.4823233972626895
7.022722959518433,2.3449799995567795,[2.35482999],5.0,0.5,0.0,0.19485904207530902,0.05192905961112988,1.4807543279018633
7.031681776046753,2.3447846008400433,[2.35485371],5.0,0.5,0.0,0.18322116983460346,0.05306552625765776,1.4799018303782236
7.042241811752319,2.3443938034065694,[2.35487619],5.0,0.5,0.0,0.17134592062614046,0.05289944400499654,1.4782417703898476
7.050611257553101,2.3441984046898328,[2.35489662],5.0,0.5,0.0,0.15959438233615497,0.052686111864410315,1.4773506552341698
7.058626651763916,2.344003005973096,[2.35491432],5.0,0.5,0.0,0.14820033864898402,0.05427309276889249,1.4764535550670945
7.06863808631897,2.3438076072563594,[2.35492908],5.0,0.5,0.0,0.4133462321393748,0.05572382595697948,1.4754388434878214
7.07802414894104,2.343612208539623,[2.35494094],5.0,0.5,0.0,0.4361617511734108,0.05658738689184819,1.4745170011246485
7.086657285690308,2.34322141110615,[2.35494986],5.0,0.5,0.0,0.3713780000019541,0.05853585600842461,1.472761041923322
7.095631837844849,2.343026012389413,[2.35495582],5.0,0.5,0.0,0.2862396605468829,0.05954621264272032,1.4718762532883005
7.103628158569336,2.342830613672676,[2.35495889],5.0,0.5,0.0,0.20728855223439122,0.060948933995717255,1.4709775054914096
7.115917682647705,2.3426352149559393,[2.35495921],5.0,0.5,0.0,0.1428429803023628,0.061583374220951455,1.4700653395793222
7.123932838439941,2.342439816239203,[2.35495686],5.0,0.5,0.0,0.09359873398830473,0.06259967967255388,1.4691440840754137
7.132610559463501,2.3420490188057297,[2.35495196],5.0,0.5,0.0,0.05748253651504574,0.06499762365471537,1.4672485978205305
7.144460916519165,2.341853620088993,[2.35494475],5.0,0.5,0.0,0.03176585785026191,0.06566451006498741,1.4663044623989403
7.154417276382446,2.341462822655519,[2.35493539],5.0,0.5,0.0,0.0139028028939149,0.06776805814395861,1.4643488703007517
7.16275429725647,2.341267423938783,[2.35492406],5.0,0.5,0.0,0.0017957615786599714,0.06881105491559938,1.4633863429757548
7.170626401901245,2.3410720252220463,[2.35491103],5.0,0.5,0.0,-0.006179054633206277,0.07004959084219346,1.4624206931405213
7.178619384765625,2.3408766265053096,[2.35489659],5.0,0.5,0.0,-0.011233930625927476,0.07095769934571705,1.4614507288829195
7.187648057937622,2.3406812277885725,[2.35488107],5.0,0.5,0.0,-0.014253352261961836,0.07189383453460219,1.4604750566007583
7.197678804397583,2.340290430355099,[2.35486469],5.0,0.5,0.0,-0.015872627257145895,0.07380344986719818,1.4584077135442228
7.210093975067139,2.339899632921626,[2.35484757],5.0,0.5,0.0,-0.016542921257810435,0.07551388470562402,1.4562954439064066
7.21760892868042,2.339899632921626,[2.35482983],5.0,0.5,0.0,-0.01658177246301408,0.07577136454499497,1.4563968044329194
7.225603818893433,2.3397042342048895,[2.35481166],5.0,0.5,0.0,-0.01621093608953863,0.0767888626442063,1.4553791049133304
7.233581304550171,2.339313436771416,[2.35479323],5.0,0.5,0.0,0.2604542516850652,0.0786387987660504,1.4531549652365996
7.242611885070801,2.339118038054679,[2.35477471],5.0,0.5,0.0,0.29435602423475704,0.07947388640599866,1.45209163579347
7.253465414047241,2.3389226393379428,[2.35475618],5.0,0.5,0.0,0.24011436800676894,0.08017496244358,1.4510531322139073
7.263900995254517,2.338727240621206,[2.35473771],5.0,0.5,0.0,0.16491506997960392,0.08098645708186593,1.4500047279523518
7.2728590965271,2.3383364431877327,[2.35471934],5.0,0.5,0.0,0.09527629707851287,0.0830962629717806,1.4477286886632015
7.281658172607422,2.3383364431877327,[2.3547012],5.0,0.5,0.0,0.0395160645542781,0.08307550486471453,1.4478468952003838
7.290618896484375,2.338141044470996,[2.35468339],5.0,0.5,0.0,0.27438333311503066,0.08397394141226099,1.4466848275144195
7.29958701133728,2.33794564575426,[2.35466601],5.0,0.5,0.0,0.2788769163225433,0.08480756139331182,1.445562483557539
7.308610916137695,2.337750247037523,[2.3546491],5.0,0.5,0.0,0.20498986904101313,0.08564600435201347,1.4444548814147509
7.319921493530273,2.3375548483207864,[2.3546327],5.0,0.5,0.0,0.117442919297014,0.08651027200734403,1.4433277398538653
7.330622911453247,2.3373594496040493,[2.35461684],5.0,0.5,0.0,0.3167604460585669,0.08736107539571869,1.4421010111821824
7.341658115386963,2.3371640508873126,[2.35460154],5.0,0.5,0.0,0.2907385191388382,0.08815963480908759,1.4409360685127468
7.350677251815796,2.336968652170576,[2.35458683],5.0,0.5,0.0,0.1936125920188172,0.08912651100151871,1.4397797819612683
7.36063027381897,2.3367732534538397,[2.35457272],5.0,0.5,0.0,0.08972175188287736,0.09007213603341019,1.4385955774647305
7.3696277141571045,2.336577854737103,[2.35455924],5.0,0.5,0.0,0.002315208359048533,0.09096329276194189,1.4373804584545338
7.379119157791138,2.3363824560203663,[2.35454639],5.0,0.5,0.0,-0.06320393088646649,0.0919424331904188,1.4361413078744774
7.389677047729492,2.336187057303629,[2.35453417],5.0,0.5,0.0,-0.10846824232707036,0.09291363021317259,1.434884161199039
7.398627519607544,2.3357962598701563,[2.35452263],5.0,0.5,0.0,-0.1373086611328586,0.09525014013449638,1.432253539544007
7.4085938930511475,2.3356008611534196,[2.35451189],5.0,0.5,0.0,-0.42977156268222727,0.09644645593875069,1.4308351594881494
7.420581579208374,2.3352100637199458,[2.35450199],5.0,0.5,0.0,-0.4703573339497723,0.09824181848476815,1.428102538388871
7.430029630661011,2.335014665003209,[2.3544929],5.0,0.5,0.0,-0.6925214443970273,0.09943703224665981,1.4265702384125645
7.4392781257629395,2.3348192662864724,[2.35448462],5.0,0.5,0.0,-0.6465939820637232,0.10048982508456321,1.4252591637601535
7.453707933425903,2.3344284688529995,[2.35447712],5.0,0.5,0.0,-0.5153081233536421,0.10246016326729111,1.4225590472073473
7.463330507278442,2.334233070136263,[2.35447039],5.0,0.5,0.0,-0.37529747668490865,0.10342737466230309,1.4212501783321143
7.473150253295898,2.333842272702789,[2.35446439],5.0,0.5,0.0,-0.25457590144032977,0.10532562072098671,1.4184141034411493
7.482153415679932,2.3336468739860523,[2.35445908],5.0,0.5,0.0,-0.15994759567351974,0.10631446255343606,1.4169976768361985
7.490107536315918,2.3332560765525794,[2.35445441],5.0,0.5,0.0,-0.0897813296261569,0.10824067281002361,1.414040471944725
7.498085260391235,2.3330606778358427,[2.35445035],5.0,0.5,0.0,-0.03974605496194134,0.10923831436649949,1.4125568558001738
7.506845951080322,2.332865279119106,[2.35444685],5.0,0.5,0.0,-0.2812610687284412,0.1103055034127489,1.4109953326662332
7.518987417221069,2.3326698804023693,[2.35444388],5.0,0.5,0.0,-0.2913539302505733,0.11135765543230039,1.4094721784767723
7.528450012207031,2.3322790829688964,[2.35444138],5.0,0.5,0.0,-0.22151496789780406,0.11331698775031458,1.4064007346224274
7.537835597991943,2.3320836842521597,[2.35443931],5.0,0.5,0.0,-0.13654918148957068,0.11431929043185998,1.4048644519836158
7.54596471786499,2.331692886818686,[2.35443763],5.0,0.5,0.0,-0.06121746697516676,0.11626988149105112,1.401705103657708
7.55366849899292,2.3314974881019492,[2.3544363],5.0,0.5,0.0,-0.0025663397646119683,0.11724418319372337,1.4001104407788831
7.56585693359375,2.331302089385213,[2.35443528],5.0,0.5,0.0,0.3156390799199518,0.11811128540744871,1.3984255310838738
7.574606418609619,2.3311066906684763,[2.35443455],5.0,0.5,0.0,0.3771359234033615,0.11900985924222296,1.3967700281189082
7.5836217403411865,2.330911291951739,[2.35443407],5.0,0.5,0.0,0.3397625740073076,0.11995319364717315,1.3951534134697943
7.5929274559021,2.330520494518266,[2.3544338],5.0,0.5,0.0,0.2735768080012335,0.12183894065410908,1.391872840170347
7.602563142776489,2.330520494518266,[2.35443372],5.0,0.5,0.0,0.2074058176918739,0.12184234187342415,1.3918972623438899
7.613959312438965,2.330325095801529,[2.35443378],5.0,0.5,0.0,0.15132320350333076,0.12284362455783711,1.3902394035266334
7.625681638717651,2.330129697084793,[2.35443397],5.0,0.5,0.0,0.3833672243581516,0.12366146091289414,1.3884626764846972
7.634782314300537,2.329934298368056,[2.35443426],5.0,0.5,0.0,0.38346089136354333,0.1245549845774987,1.3867669550586514
7.643879175186157,2.329738899651319,[2.35443464],5.0,0.5,0.0,0.3042472170020316,0.12553869774681017,1.38510077912952
7.651681423187256,2.329738899651319,[2.35443509],5.0,0.5,0.0,0.48693456992372,0.12537005804006912,1.3849892938991581
7.662795782089233,2.3293481022178457,[2.35443559],5.0,0.5,0.0,0.437361882057714,0.12720380647966234,1.3815814551952281
7.672632455825806,2.3293481022178457,[2.35443612],5.0,0.5,0.0,0.31717192916791787,0.12721935526558106,1.3816442193375562
7.682886362075806,2.329152703501109,[2.35443668],5.0,0.5,0.0,0.1932732448395078,0.12814414622943057,1.3799523656483985
7.69694709777832,2.328957304784373,[2.35443725],5.0,0.5,0.0,0.3654401797508679,0.12896752692215377,1.378131687772845
7.70584774017334,2.328761906067636,[2.35443782],5.0,0.5,0.0,0.3198048845885846,0.12987420638308814,1.3763959139821231
7.716575622558594,2.328957304784373,[2.35443837],5.0,0.5,0.0,0.20887031880836276,0.12888393198930465,1.378188564799593
7.724758625030518,2.328957304784373,[2.35443891],5.0,0.5,0.0,0.3715188712403831,0.1287175809529886,1.378113463713966
7.7326154708862305,2.328957304784373,[2.35443943],5.0,0.5,0.0,0.5868997363197768,0.12849704914967303,1.3779551980252718
7.74117374420166,2.328957304784373,[2.35443993],5.0,0.5,0.0,0.4952568851920238,0.12835855516332773,1.3780245728526825
7.748645782470703,2.328957304784373,[2.35444038],5.0,0.5,0.0,0.5922598162162197,0.1281564498141076,1.377941993368835
7.758599281311035,2.328761906067636,[2.35444079],5.0,0.5,0.0,0.7244690144041497,0.12886471930537385,1.3760546908852158
7.769579887390137,2.328761906067636,[2.35444115],5.0,0.5,0.0,0.5581628951115641,0.12876889821751278,1.3762101593491443
7.77859091758728,2.328761906067636,[2.35444145],5.0,0.5,0.0,0.5966734111931857,0.12855673225412415,1.3761743377723512
7.78759765625,2.328761906067636,[2.35444171],5.0,0.5,0.0,0.41061944519679794,0.12848997924500927,1.3763115292373715
7.798609495162964,2.328761906067636,[2.35444191],5.0,0.5,0.0,0.1826785361682415,0.12841490528493515,1.376410354820815
7.807585954666138,2.328761906067636,[2.35444206],5.0,0.5,0.0,-0.01763333823526793,0.12837225685275755,1.3764335872965112
7.8205931186676025,2.328957304784373,[2.35444216],5.0,0.5,0.0,-0.1707778072940203,0.12742280015863675,1.3781653995458782
7.829601049423218,2.328957304784373,[2.35444221],5.0,0.5,0.0,-0.2775875890230713,0.12737182788890442,1.378129299528024
7.840612173080444,2.328761906067636,[2.35444222],5.0,0.5,0.0,-0.345852691835161,0.12836725415599096,1.3763434092101243
7.849555253982544,2.328761906067636,[2.35444217],5.0,0.5,0.0,-0.38458580619967087,0.12836939720014742,1.3763227418448225
7.862642288208008,2.328957304784373,[2.35444209],5.0,0.5,0.0,-0.4018352988804059,0.12738261026218772,1.3780676063562622
7.871564865112305,2.328761906067636,[2.35444196],5.0,0.5,0.0,-0.4040676381830618,0.12837565932383982,1.3763131970965168
7.880836009979248,2.328761906067636,[2.35444181],5.0,0.5,0.0,-0.39619149797227454,0.12837490551913333,1.376319299427288
7.888656377792358,2.328957304784373,[2.35444162],5.0,0.5,0.0,-0.38180259602254096,0.12738569713835401,1.3780834725423556
7.898035287857056,2.328957304784373,[2.3544414],5.0,0.5,0.0,-0.3634688450110453,0.1273670875404799,1.3780955904548895
7.905987501144409,2.328957304784373,[2.35444115],5.0,0.5,0.0,-0.3429866391537143,0.1274028250737186,1.3781085742535346
7.914813756942749,2.328957304784373,[2.35444089],5.0,0.5,0.0,-0.32158841027907203,0.12747039026045318,1.378121485968166
7.926509380340576,2.328957304784373,[2.35444064],5.0,0.5,0.0,-0.30010182455568907,0.1273831939936853,1.378133745179061
7.934579133987427,2.328761906067636,[2.35444037],5.0,0.5,0.0,-0.27906801731978653,0.12837969660097667,1.3763910382626976
7.942639589309692,2.328957304784373,[2.35444012],5.0,0.5,0.0,-0.25882761192383585,0.12744316243451576,1.3781555730214086
7.951592206954956,2.328761906067636,[2.35443986],5.0,0.5,0.0,-0.23958242760249504,0.12833019138958918,1.3764109168603338
7.963698148727417,2.328761906067636,[2.3544396],5.0,0.5,0.0,-0.22143930035700332,0.12833863858086808,1.3764194972657067
7.973677158355713,2.328957304784373,[2.35443933],5.0,0.5,0.0,-0.20444095806229362,0.1274132574652775,1.3781813740659417
7.982600688934326,2.328761906067636,[2.35443906],5.0,0.5,0.0,-0.18858763006098392,0.1283929902909444,1.3764343644096997
7.991758584976196,2.328957304784373,[2.3544388],5.0,0.5,0.0,-0.17385207742166575,0.12735837731349933,1.3781947203863116
8.000657558441162,2.328761906067636,[2.35443854],5.0,0.5,0.0,-0.1601899785213194,0.12839538693393274,1.3764464221042076
8.010402917861938,2.328761906067636,[2.35443829],5.0,0.5,0.0,-0.1475470507737318,0.12835528308116867,1.3764515890580014
8.020289897918701,2.328957304784373,[2.35443805],5.0,0.5,0.0,-0.13586388780008962,0.12742989577689595,1.378210218854703
8.028892040252686,2.328761906067636,[2.35443782],5.0,0.5,0.0,-0.12507920339504877,0.12836048821187165,1.376460383905087
8.036996841430664,2.328957304784373,[2.3544376],5.0,0.5,0.0,-0.11513196868531446,0.1274114591649925,1.3782180648680042
8.046656608581543,2.328761906067636,[2.3544374],5.0,0.5,0.0,-0.10596278374809476,0.12831140335837057,1.376467474226138
8.055556297302246,2.328957304784373,[2.35443719],5.0,0.5,0.0,-0.09751472257071941,0.12740447871261376,1.378224555289222
8.063563108444214,2.328761906067636,[2.35443699],5.0,0.5,0.0,-0.08973381819686654,0.12837702774298052,1.3764734869792625
8.073368549346924,2.328957304784373,[2.3544368],5.0,0.5,0.0,-0.0825693043264176,0.12738688451989538,1.3782300153459548
8.082053184509277,2.328761906067636,[2.35443663],5.0,0.5,0.0,-0.07597369418153302,0.1283706966637321,1.3764784556555825
8.08959436416626,2.328761906067636,[2.35443646],5.0,0.5,0.0,-0.0699027526336298,0.12837763540697347,1.3764805891375818
8.100794792175293,2.328761906067636,[2.35443631],5.0,0.5,0.0,-0.06431540023645274,0.12834716770086715,1.3764825128478673
8.108639001846313,2.328761906067636,[2.35443617],5.0,0.5,0.0,-0.05917357569843555,0.12836778535349955,1.376484283010666
8.120970487594604,2.328761906067636,[2.35443603],5.0,0.5,0.0,-0.05444207488490997,0.1283683018882958,1.3764859063945916
8.129912376403809,2.328761906067636,[2.35443591],5.0,0.5,0.0,-0.05008837856662168,0.12836837340321686,1.3764873758164307
8.138601541519165,2.328761906067636,[2.35443579],5.0,0.5,0.0,-0.046082477053475096,0.12838245483797062,1.3764886864230486
8.149583578109741,2.328761906067636,[2.35443569],5.0,0.5,0.0,-0.042396697030440245,0.12836402373385367,1.3764898355102755
8.158264636993408,2.328761906067636,[2.3544356],5.0,0.5,0.0,-0.039005533967232706,0.12836490507173196,1.3764908501258155
8.167621612548828,2.328761906067636,[2.35443552],5.0,0.5,0.0,-0.03588549213949216,0.12836556967284427,1.3764917544101687
8.178420305252075,2.328761906067636,[2.35443545],5.0,0.5,0.0,-0.033014933391168864,0.1283659567165025,1.3764925559044552
8.188658237457275,2.328761906067636,[2.35443538],5.0,0.5,0.0,-0.03037393515590528,0.12836615896614129,1.3764932619765058
8.198332071304321,2.328761906067636,[2.35443533],5.0,0.5,0.0,-0.027944157848676147,0.12836624192911048,1.3764938798041888
8.211390256881714,2.328761906067636,[2.35443528],5.0,0.5,0.0,-0.02570872147446361,0.12836625067710355,1.3764944163558899
8.223851442337036,2.328761906067636,[2.35443523],5.0,0.5,0.0,-0.023652091134089122,0.12836621596612752,1.3764948783699982
8.234891176223755,2.328761906067636,[2.3544352],5.0,0.5,0.0,-0.02175997100767261,0.12836615854366834,1.3764952723348791
8.243405818939209,2.328761906067636,[2.35443517],5.0,0.5,0.0,-0.020019206342077617,0.12836609217204054,1.3764956044702947
8.251545906066895,2.328761906067636,[2.35443514],5.0,0.5,0.0,-0.018417692945225304,0.12836602575136277,1.3764958807111007
8.26053786277771,2.328761906067636,[2.35443512],5.0,0.5,0.0,-0.01694429368696734,0.12836596481092483,1.3764961066936303
8.271577596664429,2.328761906067636,[2.3544351],5.0,0.5,0.0,-0.015588761516162192,0.12836591255717236,1.3764962877450986
8.279585838317871,2.328761906067636,[2.35443509],5.0,0.5,0.0,-0.014341668521775836,0.12836587061021604,1.3764964288761656
8.288653373718262,2.328761906067636,[2.35443508],5.0,0.5,0.0,-0.013194340588868456,0.12836583952137137,1.3764965347765918
8.298583269119263,2.328761906067636,[2.35443507],5.0,0.5,0.0,-0.012138797225943299,0.12836581913655032,1.3764966098139437
8.307867527008057,2.328761906067636,[2.35443507],5.0,0.5,0.0,-0.011167696166796866,0.12836580885103316,1.3764966580351463
8.315560579299927,2.328761906067636,[2.35443507],5.0,0.5,0.0,-0.01027428237670344,0.12836580778758547,1.3764966831706604
8.326555252075195,2.328761906067636,[2.35443507],5.0,0.5,0.0,-0.009452341118842387,0.12836581492039298,1.3764966886410237
8.335859060287476,2.328761906067636,[2.35443507],5.0,0.5,0.0,-0.008696154761927675,0.1283658291606356,1.376496677565482
8.344072103500366,2.328957304784373,[2.35443508],5.0,0.5,0.0,-0.008000463033788313,0.12739862576703137,1.3782504919738745
8.352189302444458,2.328761906067636,[2.35443508],5.0,0.5,0.0,-0.0073604264480556635,0.1283562023876358,1.3764966168110926
8.35956335067749,2.328761906067636,[2.35443509],5.0,0.5,0.0,-0.006771592652090498,0.12836580706675468,1.376496571965139
8.368579387664795,2.328957304784373,[2.35443509],5.0,0.5,0.0,-0.00622986546383875,0.12739871137093256,1.3782503603186436
8.378551006317139,2.328957304784373,[2.3544351],5.0,0.5,0.0,-0.005731476383472491,0.12738907448085543,1.3782503039057719
8.38755464553833,2.328957304784373,[2.35443511],5.0,0.5,0.0,-0.005272958382513289,0.1273890135966693,1.3782502440233368
8.398557662963867,2.328761906067636,[2.35443511],5.0,0.5,0.0,-0.004851121788715247,0.12835627288150364,1.3764963409054474
8.40856385231018,2.328761906067636,[2.35443512],5.0,0.5,0.0,-0.004463032099380133,0.12836598190954016,1.3764962776010263
8.41683030128479,2.328761906067636,[2.35443513],5.0,0.5,0.0,-0.004105989569063206,0.128366115133832,1.3764962143535797
8.425987720489502,2.328761906067636,[2.35443514],5.0,0.5,0.0,-0.003777510429881586,0.128366151884785,1.376496152002837
8.434112071990967,2.328761906067636,[2.35443514],5.0,0.5,0.0,-0.0034753096139314597,0.1283661866125228,1.3764960912428101
8.442332983016968,2.328761906067636,[2.35443515],5.0,0.5,0.0,-0.003197284857725226,0.1283662199834776,1.3764960326359876
8.45294976234436,2.328761906067636,[2.35443516],5.0,0.5,0.0,-0.002941502078143002,0.1283662517853786,1.3764959766269333
8.46053433418274,2.328761906067636,[2.35443516],5.0,0.5,0.0,-0.0027061819182166223,0.1283662818503491,1.3764959235552068
8.470583200454712,2.328957304784373,[2.35443517],5.0,0.5,0.0,-0.0024896873691868373,0.12739908641044614,1.3782497174938468
8.481569528579712,2.328957304784373,[2.35443517],5.0,0.5,0.0,-0.002290512382751168,0.12738944044700024,1.3782496712216765
8.489781618118286,2.328761906067636,[2.35443518],5.0,0.5,0.0,-0.0021072713943005726,0.12835659166953778,1.3764957840363001
8.498904466629028,2.328761906067636,[2.35443518],5.0,0.5,0.0,-0.001938689684275175,0.12836628525055505,1.3764957444217576
8.508005619049072,2.328761906067636,[2.35443519],5.0,0.5,0.0,-0.0017835945105962093,0.1283664023074301,1.3764957082687546
8.5159273147583,2.328761906067636,[2.35443519],5.0,0.5,0.0,-0.0016409069504926528,0.12836642169153153,1.3764956755168378
8.523615598678589,2.328761906067636,[2.35443519],5.0,0.5,0.0,-0.0015096343949741362,0.12836643825001065,1.37649564606998
8.53320026397705,2.328761906067636,[2.3544352],5.0,0.5,0.0,-0.0013888636437408295,0.1283664530048336,1.376495619803444
8.54158616065979,2.328761906067636,[2.3544352],5.0,0.5,0.0,-0.0012777545524968017,0.12836646605133872,1.3764955965699395
8.549545526504517,2.328761906067636,[2.3544352],5.0,0.5,0.0,-0.0011755341884757257,0.12836647748386507,1.3764955762051052
8.558565378189087,2.328761906067636,[2.3544352],5.0,0.5,0.0,-0.001081491453522735,0.12836648740447215,1.3764955585323575
8.566568374633789,2.328957304784373,[2.35443521],5.0,0.5,0.0,-0.0009949721373284626,0.12739927226964542,1.3782493890731864
8.576703548431396,2.328957304784373,[2.35443521],5.0,0.5,0.0,-0.0009153743664034679,0.12738960724560544,1.3782493762994998
8.585513353347778,2.328761906067636,[2.35443521],5.0,0.5,0.0,-0.0008421444171340911,0.12835674019028065,1.3764955198025695
8.59354043006897,2.328761906067636,[2.35443521],5.0,0.5,0.0,-0.0007747728637933918,0.12836641639170224,1.376495511024732
8.603886842727661,2.328957304784373,[2.35443521],5.0,0.5,0.0,-0.0007127910347109411,0.12739929340559447,1.3782493499318167
8.612534523010254,2.328957304784373,[2.35443521],5.0,0.5,0.0,-0.0006557677519487791,0.12738962520276534,1.3782493445166584
8.622913360595703,2.328761906067636,[2.35443521],5.0,0.5,0.0,-0.0006033063318031761,0.12835675441841937,1.376495494514352
8.63103175163269,2.328761906067636,[2.35443521],5.0,0.5,0.0,-0.0005550418252661318,0.12836642727403205,1.3764954917130505
8.639801025390625,2.328957304784373,[2.35443521],5.0,0.5,0.0,-0.0005106384792498885,0.1273993013175157,1.3782493360069423
8.648553848266602,2.328761906067636,[2.35443521],5.0,0.5,0.0,-0.00046978740091343054,0.12835685414813622,1.3764954892231094
8.661636114120483,2.328761906067636,[2.35443521],5.0,0.5,0.0,-0.0004322044088428289,0.12836642967294776,1.3764954892547159
8.671951055526733,2.328761906067636,[2.35443521],5.0,0.5,0.0,-0.0003976280561371335,0.1283665250477285,1.3764954899679234
8.682548999786377,2.328957304784373,[2.35443521],5.0,0.5,0.0,-0.00036581781164737415,0.12739930165931093,1.3782493372513724
8.693148851394653,2.328761906067636,[2.35443521],5.0,0.5,0.0,-0.00033655238671643237,0.12835685212253925,1.3764954929926592
8.702542304992676,2.328761906067636,[2.35443521],5.0,0.5,0.0,-0.00030962819577971167,0.12836642647191865,1.3764954951063106
8.712514162063599,2.328761906067636,[2.35443521],5.0,0.5,0.0,-0.0002848579401177504,0.1283665209021757,1.3764954975052475
8.721571445465088,2.328761906067636,[2.35443521],5.0,0.5,0.0,-0.0002620693049086212,0.1283665204166551,1.376495500114499
8.729854345321655,2.328761906067636,[2.35443521],5.0,0.5,0.0,-0.00024110376051613574,0.12836651890190767,1.3764955028679213
8.739004135131836,2.328761906067636,[2.35443521],5.0,0.5,0.0,-0.00022181545967498714,0.1283665173287174,1.376495505707693
8.749871969223022,2.328761906067636,[2.35443521],5.0,0.5,0.0,-0.0002040702229010884,0.12836651573441105,1.3764955085837784
8.758625984191895,2.328761906067636,[2.35443521],5.0,0.5,0.0,-0.00018774460506907118,0.1283665141429797,1.3764955114533874
8.768558263778687,2.328957304784373,[2.35443521],5.0,0.5,0.0,-0.00017272503666359434,0.12739928892674604,1.3782493601541124
8.779531955718994,2.328761906067636,[2.35443521],5.0,0.5,0.0,-0.000158907033730541,0.1283568388095346,1.3764955170348545
8.789555311203003,2.328761906067636,[2.35443521],5.0,0.5,0.0,-0.00014619447103212177,0.1283664128485323,1.3764955196922775
8.798625707626343,2.328761906067636,[2.35443521],5.0,0.5,0.0,-0.00013449891334956865,0.1283665071928763,1.3764955222332727
8.808593273162842,2.328761906067636,[2.35443521],5.0,0.5,0.0,-0.00012373900028161492,0.12836650681229686,1.3764955246429267
8.819761037826538,2.328761906067636,[2.35443521],5.0,0.5,0.0,-0.00011383988025909388,0.12836650556252777,1.3764955269103203
8.828162670135498,2.328761906067636,[2.35443521],5.0,0.5,0.0,-0.00010473268983837199,0.12836650438622166,1.3764955290280556
8.83598279953003,2.328761906067636,[2.35443521],5.0,0.5,0.0,-9.63540746513064e-05,0.12836650329519453,1.3764955309918292
8.843505382537842,2.328761906067636,[2.35443521],5.0,0.5,0.0,-8.864574867920464e-05,0.1283665022904988,1.3764955327999768
8.853644132614136,2.328761906067636,[2.35443521],5.0,0.5,0.0,-8.155408878487036e-05,0.12836650137182629,1.3764955344531078
8.862972497940063,2.328761906067636,[2.35443521],5.0,0.5,0.0,-7.502976168208205e-05,0.12836650053780216,1.3764955359537414
8.87152910232544,2.328957304784373,[2.35443521],5.0,0.5,0.0,-6.902738074751658e-05,0.12739927613831514,1.3782493830502718
8.883057832717896,2.328761906067636,[2.35443521],5.0,0.5,0.0,-6.350519028771593e-05,0.12835682687744498,1.3764955385152582
8.891634225845337,2.328957304784373,[2.35443521],5.0,0.5,0.0,-5.8424775064699156e-05,0.12739917814733337,1.3782493853193913
8.900522232055664,2.328761906067636,[2.35443521],5.0,0.5,0.0,-5.375079305952355e-05,0.12835682478933563,1.3764955405312447
8.912168264389038,2.328957304784373,[2.35443521],5.0,0.5,0.0,-4.945072961476182e-05,0.1273991771562188,1.378249387074447
8.919856309890747,2.328761906067636,[2.35443521],5.0,0.5,0.0,-4.549467124558107e-05,0.12835682393843,1.3764955420611076
8.929538249969482,2.328761906067636,[2.35443521],5.0,0.5,0.0,-4.185509754593465e-05,0.1283664000747529,1.3764955426641379
8.938941717147827,2.328761906067636,[2.35443521],5.0,0.5,0.0,-3.850668974225997e-05,0.12836649555779236,1.3764955431704384
8.947558164596558,2.328761906067636,[2.35443521],5.0,0.5,0.0,-3.5426154562879215e-05,0.12836649628286692,1.3764955435883928
8.956511974334717,2.328957304784373,[2.35443521],5.0,0.5,0.0,-3.259206219784891e-05,0.12739927245656804,1.378249389633271
8.968329906463623,2.328761906067636,[2.35443521],5.0,0.5,0.0,-2.9984697222021067e-05,0.12835682372010487,1.3764955441919071
8.97651720046997,2.328761906067636,[2.35443521],5.0,0.5,0.0,-2.7585921444259366e-05,0.12836639912212253,1.3764955443931557
8.985607624053955,2.328761906067636,[2.35443521],5.0,0.5,0.0,-2.537904772871862e-05,0.1283664947969159,1.3764955445373077
8.993616819381714,2.328761906067636,[2.35443521],5.0,0.5,0.0,-2.3348723910421168e-05,0.12836649570200953,1.3764955446313087
9.002588033676147,2.328761906067636,[2.35443521],5.0,0.5,0.0,-2.1480825997587495e-05,0.1283664956833934,1.3764955446816804
9.012514352798462,2.328761906067636,[2.35443521],5.0,0.5,0.0,-1.97623599177805e-05,0.12836649567618166,1.3764955446945086
9.02151370048523,2.328761906067636,[2.35443521],5.0,0.5,0.0,-1.8181371124358076e-05,0.12836649568663033,1.3764955446754223
9.029744148254395,2.328761906067636,[2.35443521],5.0,0.5,0.0,-1.6726861434409433e-05,0.12836649571195743,1.3764955446295957
9.037500858306885,2.328761906067636,[2.35443521],5.0,0.5,0.0,-1.5388712519656668e-05,0.12836649574954123,1.3764955445617462
9.046533823013306,2.328761906067636,[2.35443521],5.0,0.5,0.0,-1.4157615518084152e-05,0.12836649579699902,1.3764955444761604
9.056875467300415,2.328761906067636,[2.35443521],5.0,0.5,0.0,-1.3025006276637447e-05,0.12836649585219662,1.3764955443766755
9.065757513046265,2.328761906067636,[2.35443521],5.0,0.5,0.0,-1.1983005774506416e-05,0.12836649591322222,1.3764955442667306
9.074230670928955,2.328957304784373,[2.35443521],5.0,0.5,0.0,-1.1024365312545901e-05,0.12739927233053946,1.378249389855167
9.08354377746582,2.328761906067636,[2.35443521],5.0,0.5,0.0,-1.0142416087542217e-05,0.12835682380972427,1.3764955440272455
9.093955993652344,2.328761906067636,[2.35443521],5.0,0.5,0.0,-9.33102280053885e-06,0.12836639939301994,1.3764955439026907
9.103545904159546,2.328761906067636,[2.35443521],5.0,0.5,0.0,-8.584540976495755e-06,0.1283664952176029,1.3764955437776867
9.114502191543579,2.328957304784373,[2.35443521],5.0,0.5,0.0,-7.897777698376098e-06,0.12739927259606848,1.378249389362515
9.124536514282227,2.328761906067636,[2.35443521],5.0,0.5,0.0,-7.265955482506001e-06,0.12835682408430865,1.3764955435328106
9.133998155593872,2.328761906067636,[2.35443521],5.0,0.5,0.0,-6.6846790439055155e-06,0.12836639966370283,1.3764955434155093
9.144345760345459,2.328761906067636,[2.35443521],5.0,0.5,0.0,-6.149904720393076e-06,0.12836649548139928,1.3764955433029518
9.153918027877808,2.328761906067636,[2.35443521],5.0,0.5,0.0,-5.65791234276164e-06,0.12836649649847154,1.3764955431958616
9.16508674621582,2.328761906067636,[2.35443521],5.0,0.5,0.0,-5.205279355340702e-06,0.12836649656423138,1.3764955430947827
9.174026727676392,2.328761906067636,[2.35443521],5.0,0.5,0.0,-4.788857006913449e-06,0.12836649661696092,1.376495543000099
9.183316469192505,2.328761906067636,[2.35443521],5.0,0.5,0.0,-4.405748446360372e-06,0.1283664966659111,1.3764955429120502
9.191511392593384,2.328957304784373,[2.35443521],5.0,0.5,0.0,-4.053288570651542e-06,0.12739927306326404,1.3782493885439737
9.203732967376709,2.328761906067636,[2.35443521],5.0,0.5,0.0,-3.7290254849994183e-06,0.12835682451607697,1.3764955427562133
9.2122220993042,2.328957304784373,[2.35443521],5.0,0.5,0.0,-3.4307034461994594e-06,0.12739917642007806,1.3782493884023759
9.219726324081421,2.328957304784373,[2.35443521],5.0,0.5,0.0,-3.156247170503502e-06,0.1273895999728435,1.3782493883413967
9.22859501838684,2.328761906067636,[2.35443521],5.0,0.5,0.0,-2.9037473968632293e-06,0.12835672788646993,1.37649554257202
9.239540338516235,2.328957304784373,[2.35443521],5.0,0.5,0.0,-2.671447605114169e-06,0.12739917554468366,1.378249388238015
9.247531652450562,2.328761906067636,[2.35443521],5.0,0.5,0.0,-2.4577317967050363e-06,0.128356823692871,1.376495542479861
9.25561261177063,2.328761906067636,[2.35443521],5.0,0.5,0.0,-2.261113252968636e-06,0.12836640019512624,1.3764955424420877
9.264508485794067,2.328957304784373,[2.35443521],5.0,0.5,0.0,-2.080224192731143e-06,0.12739927233027945,1.3782493881249906
9.272531032562256,2.328761906067636,[2.35443521],5.0,0.5,0.0,-1.9138062573126525e-06,0.12835682471486087,1.3764955423814265
9.282527923583984,2.328761906067636,[2.35443521],5.0,0.5,0.0,-1.7607017567276398e-06,0.1283664002516983,1.3764955423578031
9.2905912399292,2.328957304784373,[2.35443521],5.0,0.5,0.0,-1.6198456161894313e-06,0.12739927237002222,1.3782493880541535
9.30118203163147,2.328761906067636,[2.35443521],5.0,0.5,0.0,-1.490257966894275e-06,0.1283568247478582,1.3764955423221483
9.310054302215576,2.328957304784373,[2.35443521],5.0,0.5,0.0,-1.3710373295427328e-06,0.12739917663079356,1.3782493880255675
9.320070266723633,2.328761906067636,[2.35443521],5.0,0.5,0.0,-1.2613543431793122e-06,0.12835682380286179,1.3764955422996084
9.33223295211792,2.328761906067636,[2.35443521],5.0,0.5,0.0,-1.160445995724967e-06,0.12836640027854151,1.3764955422924094
9.33953046798706,2.328761906067636,[2.35443521],5.0,0.5,0.0,-1.067610316066971e-06,0.12836649604599337,1.376495542287509
9.349162340164185,2.328957304784373,[2.35443521],5.0,0.5,0.0,-9.822014907816136e-07,0.1273992733574106,1.3782493880009128
9.356535911560059,2.328761906067636,[2.35443521],5.0,0.5,0.0,-9.036253715190844e-07,0.12835682477900667,1.376495542283464
9.36453127861023,2.328761906067636,[2.35443521],5.0,0.5,0.0,-8.313353417975573e-07,0.12836640029304458,1.376495542283788
9.373523950576782,2.328761906067636,[2.35443521],5.0,0.5,0.0,-7.648285144537524e-07,0.12836649604732103,1.3764955422853589
9.38169550895691,2.328761906067636,[2.35443521],5.0,0.5,0.0,-7.036422332974529e-07,0.12836649700342836,1.376495542287969
9.390830993652344,2.328761906067636,[2.35443521],5.0,0.5,0.0,-6.473508546336557e-07,0.12836649701109235,1.3764955422914187
9.400745868682861,2.328761906067636,[2.35443521],5.0,0.5,0.0,-5.955627862629639e-07,0.1283664970089048,1.376495542295536
9.411107301712036,2.328761906067636,[2.35443521],5.0,0.5,0.0,-5.47917763361926e-07,0.12836649700633737,1.376495542300165
9.42148733139038,2.328761906067636,[2.35443521],5.0,0.5,0.0,-5.040843422929724e-07,0.12836649700355948,1.3764955423051695
9.43205976486206,2.328957304784373,[2.35443521],5.0,0.5,0.0,-4.637575949095351e-07,0.12739927335279663,1.3782493880265705
9.442523717880249,2.328761906067636,[2.35443521],5.0,0.5,0.0,-4.26656987316772e-07,0.12835682476116794,1.3764955423158183
9.450515508651733,2.328761906067636,[2.35443521],5.0,0.5,0.0,-3.925244283314306e-07,0.12836640027225765,1.3764955423212624
9.458523035049438,2.328761906067636,[2.35443521],5.0,0.5,0.0,-3.61122474064916e-07,0.12836649602439215,1.3764955423266747
9.468511819839478,2.328761906067636,[2.35443521],5.0,0.5,0.0,-3.3223267613972277e-07,0.12836649697898764,1.3764955423319951
9.476818084716797,2.328957304784373,[2.35443521],5.0,0.5,0.0,-3.056540620485447e-07,0.1273992733378403,1.3782493880531697
9.488144874572754,2.328761906067636,[2.35443521],5.0,0.5,0.0,-2.8120173708466095e-07,0.1283568247465364,1.376495542342152
9.49783205986023,2.328761906067636,[2.35443521],5.0,0.5,0.0,-2.587055981178885e-07,0.12836640025800963,1.376495542346905
9.508517503738403,2.328957304784373,[2.35443521],5.0,0.5,0.0,-2.3800915026845734e-07,0.12739927236280035,1.3782493880673279
9.516511917114258,2.328761906067636,[2.35443521],5.0,0.5,0.0,-2.1896841824698074e-07,0.1283568247293691,1.3764955423556389
9.526038885116577,2.328761906067636,[2.35443521],5.0,0.5,0.0,-2.0145094478722223e-07,0.12836640025086515,1.3764955423595842
9.534474611282349,2.328761906067636,[2.35443521],5.0,0.5,0.0,-1.853348692042447e-07,0.1283664960040731,1.3764955423632337
9.54568099975586,2.328761906067636,[2.35443521],5.0,0.5,0.0,-1.705080796679052e-07,0.12836649695975866,1.3764955423665914
9.554462909698486,2.328761906067636,[2.35443521],5.0,0.5,0.0,-1.5686743329447255e-07,0.12836649696762725,1.3764955423696614
9.562467098236084,2.328761906067636,[2.35443521],5.0,0.5,0.0,-1.443180386309149e-07,0.12836649696617597,1.3764955423724434
9.572818994522095,2.328761906067636,[2.35443521],5.0,0.5,0.0,-1.3277259554044178e-07,0.12836649696478536,1.3764955423749456
9.581293821334839,2.328957304784373,[2.35443521],5.0,0.5,0.0,-1.2215078789720635e-07,0.12739927331569606,1.3782493880929532
9.590476512908936,2.328761906067636,[2.35443521],5.0,0.5,0.0,-1.1237872486542998e-07,0.1283568247259636,1.3764955423791587
9.59946060180664,2.328761906067636,[2.35443521],5.0,0.5,0.0,-1.0338842687619569e-07,0.12836640023911006,1.3764955423808978
9.608480215072632,2.328957304784373,[2.35443521],5.0,0.5,0.0,-9.511735272609983e-08,0.1273992723455662,1.3782493880981481
9.618799209594727,2.328761906067636,[2.35443521],5.0,0.5,0.0,-8.750796450801176e-08,0.1283568247137651,1.3764955423836995
9.62786316871643,2.328761906067636,[2.35443521],5.0,0.5,0.0,-8.050732734737089e-08,0.1283664002368404,1.376495542384803
9.63847804069519,2.328761906067636,[2.35443521],5.0,0.5,0.0,-7.40667411595812e-08,0.12836649599156555,1.3764955423857224
9.647503852844238,2.328761906067636,[2.35443521],5.0,0.5,0.0,-6.814140186681463e-08,0.12836649694869953,1.3764955423864738
9.655656814575195,2.328761906067636,[2.35443521],5.0,0.5,0.0,-6.26900897174695e-08,0.12836649695794114,1.3764955423870733
9.663468360900879,2.328761906067636,[2.35443521],5.0,0.5,0.0,-5.767488254007193e-08,0.12836649695777635,1.376495542387541
9.672770023345947,2.328761906067636,[2.35443521],5.0,0.5,0.0,-5.3060891936866174e-08,0.12836649695758345,1.3764955423878888
9.682241678237915,2.328761906067636,[2.35443521],5.0,0.5,0.0,-4.881602058191686e-08,0.12836649695744742,1.3764955423881327
9.692440509796143,2.328761906067636,[2.35443521],5.0,0.5,0.0,-4.4910738935363595e-08,0.12836649695736033,1.3764955423882885
9.70358920097351,2.328957304784373,[2.35443521],5.0,0.5,0.0,-4.131787982053451e-08,0.12739927330947332,1.3782493881040705
9.712520599365234,2.328761906067636,[2.35443521],5.0,0.5,0.0,-3.801244943489175e-08,0.12835682472083884,1.3764955423883645
9.721801996231079,2.328957304784373,[2.35443521],5.0,0.5,0.0,-3.497145348010042e-08,0.12739917658713448,1.378249388104023
9.730517625808716,2.328761906067636,[2.35443521],5.0,0.5,0.0,-3.2173737201692415e-08,0.12835682375369897,1.3764955423882126
9.740327596664429,2.328761906067636,[2.35443521],5.0,0.5,0.0,-2.9599838225557034e-08,0.12836640022544157,1.3764955423880727
9.749486446380615,2.328957304784373,[2.35443521],5.0,0.5,0.0,-2.723185116751243e-08,0.12739927234240692,1.3782493881036135
9.75807523727417,2.328761906067636,[2.35443521],5.0,0.5,0.0,-2.505330307411144e-08,0.12835682471152868,1.3764955423877088
9.766856670379639,2.328761906067636,[2.35443521],5.0,0.5,0.0,-2.3049038828182542e-08,0.12836640023533422,1.376495542387501
9.774463653564453,2.328761906067636,[2.35443521],5.0,0.5,0.0,-2.1205115721927942e-08,0.12836649599069316,1.3764955423872811
9.783466339111328,2.328957304784373,[2.35443521],5.0,0.5,0.0,-1.9508706464173696e-08,0.12739927330052328,1.3782493881027749
9.793103218078613,2.328761906067636,[2.35443521],5.0,0.5,0.0,-1.7948009947039814e-08,0.12835682472159568,1.3764955423868255
9.804001808166504,2.328761906067636,[2.35443521],5.0,0.5,0.0,-1.6512169151276624e-08,0.12836640023593388,1.3764955423865937
9.815278053283691,2.328761906067636,[2.35443521],5.0,0.5,0.0,-1.51911956191745e-08,0.12836649599120475,1.3764955423863618
9.824566125869751,2.328761906067636,[2.35443521],5.0,0.5,0.0,-1.397589996964054e-08,0.12836649694888058,1.376495542386138
9.833510637283325,2.328761906067636,[2.35443521],5.0,0.5,0.0,-1.2857827972069287e-08,0.12836649695858043,1.3764955423859142
9.84253215789795,2.328761906067636,[2.35443521],5.0,0.5,0.0,-1.1829201734303743e-08,0.12836649695879615,1.3764955423856984
9.851743698120117,2.328761906067636,[2.35443521],5.0,0.5,0.0,-1.0882865595559442e-08,0.1283664969589082,1.3764955423854985
9.860829830169678,2.328957304784373,[2.35443521],5.0,0.5,0.0,-1.001223634791469e-08,0.12739927331116607,1.3782493881010378
9.870465993881226,2.328761906067636,[2.35443521],5.0,0.5,0.0,-9.211257440081518e-09,0.12835682472262974,1.3764955423851388
9.88053822517395,2.328957304784373,[2.35443521],5.0,0.5,0.0,-8.474356844874998e-09,0.12739917658898794,1.3782493881007039
9.88955020904541,2.328761906067636,[2.35443521],5.0,0.5,0.0,-7.796408297284998e-09,0.12835682375557944,1.376495542384827
9.898798704147339,2.328761906067636,[2.35443521],5.0,0.5,0.0,-7.172695633502199e-09,0.12836640022732007,1.376495542384691
9.907613277435303,2.328957304784373,[2.35443521],5.0,0.5,0.0,-6.598879982822013e-09,0.12739927234425685,1.3782493881003024
9.91661262512207,2.328957304784373,[2.35443521],5.0,0.5,0.0,-6.070969584196245e-09,0.12738960106548777,1.3782493881001914
9.92551326751709,2.328761906067636,[2.35443521],5.0,0.5,0.0,-5.585292017460549e-09,0.12835672800059944,1.3764955423843632
9.933507204055786,2.328761906067636,[2.35443521],5.0,0.5,0.0,-5.138468656063709e-09,0.1283663992699967,1.3764955423842793
9.942475080490112,2.328761906067636,[2.35443521],5.0,0.5,0.0,-4.7273911635786145e-09,0.12836649598273245,1.3764955423842034
9.954481840133667,2.328761906067636,[2.35443521],5.0,0.5,0.0,-4.349199870492332e-09,0.12836649694989496,1.3764955423841394
9.964566707611084,2.328761906067636,[2.35443521],5.0,0.5,0.0,-4.001263880852941e-09,0.12836649695959737,1.3764955423840834
9.974940061569214,2.328761906067636,[2.35443521],5.0,0.5,0.0,-3.681162770384706e-09,0.12836649695972296,1.3764955423840315
9.98752212524414,2.328761906067636,[2.35443521],5.0,0.5,0.0,-3.386669748753934e-09,0.12836649695974842,1.3764955423839875
9.997036218643188,2.328761906067636,[2.35443521],5.0,0.5,0.0,-3.115736168853612e-09,0.12836649695976624,1.3764955423839556
10.008060216903687,2.328957304784373,[2.35443521],5.0,0.5,0.0,-2.866477275345324e-09,0.12739927331193523,1.3782493880996625
10.017478704452515,2.328761906067636,[2.35443521],5.0,0.5,0.0,-2.637159093317696e-09,0.1283568247233145,1.3764955423839076
10.027868270874023,2.328957304784373,[2.35443521],5.0,0.5,0.0,-2.426186365852285e-09,0.1273991765895905,1.378249388099627
10.036076307296753,2.328761906067636,[2.35443521],5.0,0.5,0.0,-2.2320914565841016e-09,0.12835682375610424,1.3764955423838836
10.045601844787598,2.328761906067636,[2.35443521],5.0,0.5,0.0,-2.0535241400573737e-09,0.12836640022776938,1.3764955423838836
10.055054664611816,2.328957304784373,[2.35443521],5.0,0.5,0.0,-1.889242208852783e-09,0.12739927234463724,1.378249388099623
10.065982341766357,2.328761906067636,[2.35443521],5.0,0.5,0.0,-1.738102832144561e-09,0.1283568247136481,1.3764955423838954
10.07550597190857,2.328957304784373,[2.35443521],5.0,0.5,0.0,-1.5990546055729968e-09,0.12739917658948946,1.3782493880996347
10.086572170257568,2.328957304784373,[2.35443521],5.0,0.5,0.0,-1.4711302371271565e-09,0.12738960010824787,1.3782493880996347
10.098150253295898,2.328957304784373,[2.35443521],5.0,0.5,0.0,-1.3534398181569846e-09,0.12738950434343546,1.3782493880996347
10.108453750610352,2.328761906067636,[2.35443521],5.0,0.5,0.0,-1.2451646327044265e-09,0.1283567270336339,1.3764955423838996
10.121209859848022,2.328957304784373,[2.35443521],5.0,0.5,0.0,-1.1455514620880722e-09,0.12739917561268932,1.3782493880996347
10.130494356155396,2.328761906067636,[2.35443521],5.0,0.5,0.0,-1.0539073451210258e-09,0.12835682374632643,1.3764955423838996
10.140437602996826,2.328957304784373,[2.35443521],5.0,0.5,0.0,-9.69594757511342e-10,0.12739917657981623,1.3782493880996347
10.152490139007568,2.328957304784373,[2.35443521],5.0,0.5,0.0,-8.92027176910434e-10,0.12738960010815112,1.3782493880996347
10.161433458328247,2.328761906067636,[2.35443521],5.0,0.5,0.0,-8.206650027576012e-10,0.12835672799128106,1.3764955423838996
10.170560121536255,2.328957304784373,[2.35443521],5.0,0.5,0.0,-7.550118025369939e-10,0.12739917562226577,1.3782493880996347
10.17993974685669,2.328957304784373,[2.35443521],5.0,0.5,0.0,-6.946108583340341e-10,0.12738960009857564,1.3782493880996347
10.187497854232788,2.328761906067636,[2.35443521],5.0,0.5,0.0,-6.390419896673113e-10,0.1283567279911853,1.3764955423838996
10.198061466217041,2.328761906067636,[2.35443521],5.0,0.5,0.0,-5.879186304939255e-10,0.1283663992701114,1.3764955423838996
10.206550121307373,2.328761906067636,[2.35443521],5.0,0.5,0.0,-5.408851400544122e-10,0.12836649598290065,1.3764955423838996
10.216458559036255,2.328761906067636,[2.35443521],5.0,0.5,0.0,-4.976143288500595e-10,0.12836649695002855,1.3764955423838996
10.2254638671875,2.328957304784373,[2.35443521],5.0,0.5,0.0,-4.5780518254205494e-10,0.12739927331185324,1.3782493880996347
10.234466791152954,2.328761906067636,[2.35443521],5.0,0.5,0.0,-4.211807679386901e-10,0.12835682472331808,1.3764955423838996
10.243472337722778,2.328957304784373,[2.35443521],5.0,0.5,0.0,-3.874863065035952e-10,0.12739917658958616,1.3782493880996347
10.251428365707397,2.328761906067636,[2.35443521],5.0,0.5,0.0,-3.5648740198330694e-10,0.1283568237560954,1.3764955423838996
10.260444164276123,2.328957304784373,[2.35443521],5.0,0.5,0.0,-3.2796840982464237e-10,0.12739917657991393,1.3782493880996347
10.271959781646729,2.328761906067636,[2.35443521],5.0,0.5,0.0,-3.0173093703867113e-10,0.1283568237559987,1.3764955423838996
10.280765771865845,2.328761906067636,[2.35443521],5.0,0.5,0.0,-2.775924620755776e-10,0.12836640022775953,1.3764955423838996
10.289742946624756,2.328761906067636,[2.35443521],5.0,0.5,0.0,-2.553850651095316e-10,0.12836649599247713,1.3764955423838996
10.297441959381104,2.328761906067636,[2.35443521],5.0,0.5,0.0,-2.349542599007692e-10,0.1283664969501243,1.3764955423838996
10.307609796524048,2.328761906067636,[2.35443521],5.0,0.5,0.0,-2.161579191087072e-10,0.1283664969597008,1.3764955423838996
10.317525625228882,2.328761906067636,[2.35443521],5.0,0.5,0.0,-1.9886528558001046e-10,0.12836649695979654,1.3764955423838996
10.326534509658813,2.328957304784373,[2.35443521],5.0,0.5,0.0,-1.8295606273360983e-10,0.12739927331195094,1.3782493880996347
10.335935354232788,2.328761906067636,[2.35443521],5.0,0.5,0.0,-1.6831957771492117e-10,0.12835682472331905,1.3764955423838996
10.344776391983032,2.328761906067636,[2.35443521],5.0,0.5,0.0,-1.5485401149772746e-10,0.12836640023743273,1.3764955423838996
10.353050708770752,2.328761906067636,[2.35443521],5.0,0.5,0.0,-1.4246569057790933e-10,0.12836649599257388,1.3764955423838996
10.363919258117676,2.328761906067636,[2.35443521],5.0,0.5,0.0,-1.3106843533167668e-10,0.12836649695012528,1.3764955423838996
10.37239933013916,2.328761906067636,[2.35443521],5.0,0.5,0.0,-1.2058296050514252e-10,0.1283664969597008,1.3764955423838996
10.381519317626953,2.328761906067636,[2.35443521],5.0,0.5,0.0,-1.1093632366473095e-10,0.12836649695979654,1.3764955423838996
10.389451742172241,2.328761906067636,[2.35443521],5.0,0.5,0.0,-1.0206141777155268e-10,0.12836649695979752,1.3764955423838996
10.40040135383606,2.328761906067636,[2.35443521],5.0,0.5,0.0,-9.389650434982841e-11,0.12836649695979752,1.3764955423838996
10.408452033996582,2.328761906067636,[2.35443521],5.0,0.5,0.0,-8.638478400184221e-11,0.12836649695979752,1.3764955423838996
10.419052362442017,2.328957304784373,[2.35443521],5.0,0.5,0.0,-7.947400128169472e-11,0.12739927331195094,1.3782493880996347
10.428473711013794,2.328761906067636,[2.35443521],5.0,0.5,0.0,-7.311608117915925e-11,0.12835682472331905,1.3764955423838996
10.438430786132812,2.328761906067636,[2.35443521],5.0,0.5,0.0,-6.72667946848265e-11,0.12836640023743273,1.3764955423838996
10.447453260421753,2.328957304784373,[2.35443521],5.0,0.5,0.0,-6.188545111004038e-11,0.1273992723447273,1.3782493880996347
10.45785403251648,2.328957304784373,[2.35443521],5.0,0.5,0.0,-5.6934615021237163e-11,0.12738960106580025,1.3782493880996347
10.465453386306763,2.328957304784373,[2.35443521],5.0,0.5,0.0,-5.237984581953815e-11,0.12738950435301097,1.3782493880996347
10.473963975906372,2.328761906067636,[2.35443521],5.0,0.5,0.0,-4.8189458153975045e-11,0.12835672703372966,1.3764955423838996
10.483952045440674,2.328761906067636,[2.35443521],5.0,0.5,0.0,-4.4334301501657097e-11,0.12836639926053683,1.3764955423838996
10.492411136627197,2.328761906067636,[2.35443521],5.0,0.5,0.0,-4.0787557381524534e-11,0.12836649598280492,1.3764955423838996
10.501458406448364,2.328761906067636,[2.35443521],5.0,0.5,0.0,-3.7524552791002564e-11,0.12836649695002758,1.3764955423838996
10.510877132415771,2.328761906067636,[2.35443521],5.0,0.5,0.0,-3.452258856772234e-11,0.12836649695969982,1.3764955423838996
10.520663261413574,2.328761906067636,[2.35443521],5.0,0.5,0.0,-3.1760781482304556e-11,0.12836649695979654,1.3764955423838996
10.529460906982422,2.328761906067636,[2.35443521],5.0,0.5,0.0,-2.921991896372016e-11,0.12836649695979752,1.3764955423838996
10.538905143737793,2.328761906067636,[2.35443521],5.0,0.5,0.0,-2.6882325446622536e-11,0.12836649695979752,1.3764955423838996
10.547818183898926,2.328761906067636,[2.35443521],5.0,0.5,0.0,-2.4731739410892796e-11,0.12836649695979752,1.3764955423838996
10.557453155517578,2.328761906067636,[2.35443521],5.0,0.5,0.0,-2.2753200258021354e-11,0.12836649695979752,1.3764955423838996
10.566441297531128,2.328761906067636,[2.35443521],5.0,0.5,0.0,-2.093294423737965e-11,0.12836649695979752,1.3764955423838996
10.575722455978394,2.328761906067636,[2.35443521],5.0,0.5,0.0,-1.925830869838927e-11,0.12836649695979752,1.3764955423838996
10.583543300628662,2.328761906067636,[2.35443521],5.0,0.5,0.0,-1.7717644002518146e-11,0.12836649695979752,1.3764955423838996
10.5924813747406,2.328761906067636,[2.35443521],5.0,0.5,0.0,-1.6300232482316684e-11,0.12836649695979752,1.3764955423838996
10.601624250411987,2.328761906067636,[2.35443521],5.0,0.5,0.0,-1.4996213883731356e-11,0.12836649695979752,1.3764955423838996
10.610971927642822,2.328957304784373,[2.35443521],5.0,0.5,0.0,-1.3796516773032858e-11,0.12739927331195094,1.3782493880996347
10.61941909790039,2.328761906067636,[2.35443521],5.0,0.5,0.0,-1.269279543119023e-11,0.12835682472331905,1.3764955423838996
10.62776803970337,2.328761906067636,[2.35443521],5.0,0.5,0.0,-1.167737179669499e-11,0.12836640023743273,1.3764955423838996
10.638790369033813,2.328761906067636,[2.35443521],5.0,0.5,0.0,-1.0743182052959384e-11,0.12836649599257388,1.3764955423838996
10.648426294326782,2.328957304784373,[2.35443521],5.0,0.5,0.0,-9.883727488722645e-12,0.1273992733022787,1.3782493880996347
10.657146215438843,2.328957304784373,[2.35443521],5.0,0.5,0.0,-9.09302928962483e-12,0.12738960107537575,1.3782493880996347
10.665940999984741,2.328761906067636,[2.35443521],5.0,0.5,0.0,-8.365586946454839e-12,0.1283567280009533,1.3764955423838996
10.675065755844116,2.328761906067636,[2.35443521],5.0,0.5,0.0,-7.696339990738473e-12,0.12836639927020907,1.3764955423838996
10.68395185470581,2.328761906067636,[2.35443521],5.0,0.5,0.0,-7.080632791479388e-12,0.12836649598290162,1.3764955423838996
10.692013025283813,2.328957304784373,[2.35443521],5.0,0.5,0.0,-6.514182168161042e-12,0.12739927330218198,1.3782493880996347
10.70175051689148,2.328957304784373,[2.35443521],5.0,0.5,0.0,-5.993047594708163e-12,0.12738960107537478,1.3782493880996347
10.711494445800781,2.328957304784373,[2.35443521],5.0,0.5,0.0,-5.5136037871315084e-12,0.12738950435310673,1.3782493880996347
10.721441984176636,2.328761906067636,[2.35443521],5.0,0.5,0.0,-5.0725154841609805e-12,0.1283567270337306,1.3764955423838996
10.730257034301758,2.328957304784373,[2.35443521],5.0,0.5,0.0,-4.666714245428098e-12,0.12739917561269026,1.3782493880996347
10.740447998046875,2.328761906067636,[2.35443521],5.0,0.5,0.0,-4.2933771057938484e-12,0.12835682374632645,1.3764955423838996
10.74857473373413,2.328957304784373,[2.35443521],5.0,0.5,0.0,-3.949906937330347e-12,0.12739917657981623,1.3782493880996347
10.756446123123169,2.328761906067636,[2.35443521],5.0,0.5,0.0,-3.6339143823439226e-12,0.1283568237559977,1.3764955423838996
10.764865159988403,2.328761906067636,[2.35443521],5.0,0.5,0.0,-3.3432012317564105e-12,0.12836640022775953,1.3764955423838996
10.77241063117981,2.328761906067636,[2.35443521],5.0,0.5,0.0,-3.0757451332158956e-12,0.12836649599247713,1.3764955423838996
10.785449266433716,2.328761906067636,[2.35443521],5.0,0.5,0.0,-2.8296855225586193e-12,0.1283664969501243,1.3764955423838996
10.794925928115845,2.328761906067636,[2.35443521],5.0,0.5,0.0,-2.6033106807539295e-12,0.1283664969597008,1.3764955423838996
10.802446126937866,2.328761906067636,[2.35443521],5.0,0.5,0.0,-2.395045826293617e-12,0.12836649695979654,1.3764955423838996
10.812761545181274,2.328957304784373,[2.35443521],5.0,0.5,0.0,-2.2034421601901286e-12,0.12739927331195094,1.3782493880996347
10.820477962493896,2.328957304784373,[2.35443521],5.0,0.5,0.0,-2.0271667873749187e-12,0.12738960107547248,1.3782493880996347
10.828430414199829,2.328761906067636,[2.35443521],5.0,0.5,0.0,-1.864993444384928e-12,0.12835672800095427,1.3764955423838996
10.838735818862915,2.328761906067636,[2.35443521],5.0,0.5,0.0,-1.7157939688341361e-12,0.1283663992702091,1.3764955423838996
10.847511529922485,2.328761906067636,[2.35443521],5.0,0.5,0.0,-1.5785304513274035e-12,0.12836649598290162,1.3764955423838996
10.855419635772705,2.328761906067636,[2.35443521],5.0,0.5,0.0,-1.452248015221209e-12,0.12836649695002855,1.3764955423838996
10.867990970611572,2.328761906067636,[2.35443521],5.0,0.5,0.0,-1.3360681740035125e-12,0.12836649695969982,1.3764955423838996
10.875413417816162,2.328761906067636,[2.35443521],5.0,0.5,0.0,-1.2291827200832313e-12,0.12836649695979654,1.3764955423838996
10.88765811920166,2.328957304784373,[2.35443521],5.0,0.5,0.0,-1.1308481024765742e-12,0.12739927331195094,1.3782493880996347
10.895930290222168,2.328761906067636,[2.35443521],5.0,0.5,0.0,-1.0403802542784481e-12,0.12835682472331905,1.3764955423838996
10.904804229736328,2.328957304784373,[2.35443521],5.0,0.5,0.0,-9.571498339361728e-13,0.12739917658958616,1.3782493880996347
10.913716793060303,2.328761906067636,[2.35443521],5.0,0.5,0.0,-8.805778472212782e-13,0.1283568237560954,1.3764955423838996
10.922663688659668,2.328761906067636,[2.35443521],5.0,0.5,0.0,-8.101316194435752e-13,0.1283664002277605,1.3764955423838996
10.932465314865112,2.328761906067636,[2.35443521],5.0,0.5,0.0,-7.453210898880899e-13,0.12836649599247715,1.3764955423838996
10.942761898040771,2.328761906067636,[2.35443521],5.0,0.5,0.0,-6.85695402697043e-13,0.1283664969501243,1.3764955423838996
10.951603412628174,2.328761906067636,[2.35443521],5.0,0.5,0.0,-6.308397704812801e-13,0.1283664969597008,1.3764955423838996
10.960781812667847,2.328761906067636,[2.35443521],5.0,0.5,0.0,-5.803725888427761e-13,0.12836649695979654,1.3764955423838996
10.968406677246094,2.328761906067636,[2.35443521],5.0,0.5,0.0,-5.339427817353545e-13,0.12836649695979752,1.3764955423838996
10.978405475616455,2.328761906067636,[2.35443521],5.0,0.5,0.0,-4.912273591965273e-13,0.12836649695979752,1.3764955423838996
10.987433433532715,2.328761906067636,[2.35443521],5.0,0.5,0.0,-4.519291704608051e-13,0.12836649695979752,1.3764955423838996
10.997153997421265,2.328761906067636,[2.35443521],5.0,0.5,0.0,-4.157748368239398e-13,0.12836649695979752,1.3764955423838996
11.00653886795044,2.328761906067636,[2.35443521],5.0,0.5,0.0,-3.8251284987802477e-13,0.12836649695979752,1.3764955423838996
11.01576566696167,2.328761906067636,[2.35443521],5.0,0.5,0.0,-3.5191182188778273e-13,0.12836649695979752,1.3764955423838996
11.024760961532593,2.328761906067636,[2.35443521],5.0,0.5,0.0,-3.237588761367603e-13,0.12836649695979752,1.3764955423838996
11.036026239395142,2.328957304784373,[2.35443521],5.0,0.5,0.0,-2.978581660458194e-13,0.12739927331195094,1.3782493880996347
11.046273946762085,2.328761906067636,[2.35443521],5.0,0.5,0.0,-2.7402951276215397e-13,0.12835682472331905,1.3764955423838996
11.054409980773926,2.328761906067636,[2.35443521],5.0,0.5,0.0,-2.5210715174118186e-13,0.12836640023743273,1.3764955423838996
11.06345796585083,2.328761906067636,[2.35443521],5.0,0.5,0.0,-2.3193857960188747e-13,0.12836649599257388,1.3764955423838996
11.07195782661438,2.328761906067636,[2.35443521],5.0,0.5,0.0,-2.1338349323373635e-13,0.12836649695012528,1.3764955423838996
11.083471059799194,2.328957304784373,[2.35443521],5.0,0.5,0.0,-1.9631281377503748e-13,0.12739927331185422,1.3782493880996347
11.094444274902344,2.328761906067636,[2.35443521],5.0,0.5,0.0,-1.8060778867303436e-13,0.12835682472331808,1.3764955423838996
11.103413343429565,2.328761906067636,[2.35443521],5.0,0.5,0.0,-1.661591655791918e-13,0.12836640023743273,1.3764955423838996
11.112438440322876,2.328761906067636,[2.35443521],5.0,0.5,0.0,-1.528664323328563e-13,0.12836649599257388,1.3764955423838996
11.120371580123901,2.328957304784373,[2.35443521],5.0,0.5,0.0,-1.4063711774622763e-13,0.1273992733022787,1.3782493880996347
11.129936695098877,2.328761906067636,[2.35443521],5.0,0.5,0.0,-1.293861483265294e-13,0.12835682472322232,1.3764955423838996
11.139578819274902,2.328761906067636,[2.35443521],5.0,0.5,0.0,-1.1903525646040708e-13,0.12836640023743176,1.3764955423838996
11.152430534362793,2.328761906067636,[2.35443521],5.0,0.5,0.0,-1.0951243594357457e-13,0.12836649599257385,1.3764955423838996
11.16237497329712,2.328957304784373,[2.35443521],5.0,0.5,0.0,-1.0075144106808869e-13,0.1273992733022787,1.3782493880996347
11.171600580215454,2.328761906067636,[2.35443521],5.0,0.5,0.0,-9.269132578264167e-14,0.12835682472322232,1.3764955423838996
11.179381608963013,2.328761906067636,[2.35443521],5.0,0.5,0.0,-8.527601972003021e-14,0.12836640023743176,1.3764955423838996
11.18940258026123,2.328761906067636,[2.35443521],5.0,0.5,0.0,-7.845393814242782e-14,0.12836649599257385,1.3764955423838996
11.198432683944702,2.328761906067636,[2.35443521],5.0,0.5,0.0,-7.217762309103356e-14,0.12836649695012528,1.3764955423838996
11.209595918655396,2.328761906067636,[2.35443521],5.0,0.5,0.0,-6.640341324375087e-14,0.1283664969597008,1.3764955423838996
11.22039008140564,2.328761906067636,[2.35443521],5.0,0.5,0.0,-6.109114018425079e-14,0.12836649695979654,1.3764955423838996
11.229398250579834,2.328957304784373,[2.35443521],5.0,0.5,0.0,-5.620384896951079e-14,0.12739927331195094,1.3782493880996347
11.238973379135132,2.328761906067636,[2.35443521],5.0,0.5,0.0,-5.170754105194994e-14,0.12835682472331905,1.3764955423838996
11.249612092971802,2.328761906067636,[2.35443521],5.0,0.5,0.0,-4.7570937767793934e-14,0.12836640023743273,1.3764955423838996
11.257402181625366,2.328761906067636,[2.35443521],5.0,0.5,0.0,-4.3765262746370446e-14,0.12836649599257388,1.3764955423838996
11.266566753387451,2.328761906067636,[2.35443521],5.0,0.5,0.0,-4.0264041726660796e-14,0.12836649695012528,1.3764955423838996
11.275461912155151,2.328761906067636,[2.35443521],5.0,0.5,0.0,-3.7042918388527947e-14,0.1283664969597008,1.3764955423838996
11.283499479293823,2.328761906067636,[2.35443521],5.0,0.5,0.0,-3.4079484917445696e-14,0.12836649695979654,1.3764955423838996
11.292811155319214,2.328761906067636,[2.35443521],5.0,0.5,0.0,-3.1353126124050024e-14,0.12836649695979752,1.3764955423838996
11.302875995635986,2.328957304784373,[2.35443521],5.0,0.5,0.0,-2.884487603412606e-14,0.12739927331195094,1.3782493880996347
11.311641693115234,2.328957304784373,[2.35443521],5.0,0.5,0.0,-2.6537285951396007e-14,0.12738960107547248,1.3782493880996347
11.321667194366455,2.328761906067636,[2.35443521],5.0,0.5,0.0,-2.4414303075284324e-14,0.12835672800095427,1.3764955423838996
11.329383134841919,2.328957304784373,[2.35443521],5.0,0.5,0.0,-2.2461158829261545e-14,0.12739917562236253,1.3782493880996347
11.33999514579773,2.328761906067636,[2.35443521],5.0,0.5,0.0,-2.0664266122920602e-14,0.12835682374642315,1.3764955423838996
11.347415685653687,2.328761906067636,[2.35443521],5.0,0.5,0.0,-1.901112483308694e-14,0.12836640022766377,1.3764955423838996
11.355440616607666,2.328761906067636,[2.35443521],5.0,0.5,0.0,-1.7490234846440013e-14,0.12836649599247618,1.3764955423838996
11.364496231079102,2.328761906067636,[2.35443521],5.0,0.5,0.0,-1.6091016058724813e-14,0.1283664969501243,1.3764955423838996
11.37450098991394,2.328761906067636,[2.35443521],5.0,0.5,0.0,-1.4803734774026837e-14,0.1283664969597008,1.3764955423838996
11.384084939956665,2.328761906067636,[2.35443521],5.0,0.5,0.0,-1.3619435992104673e-14,0.12836649695979654,1.3764955423838996
11.393386602401733,2.328761906067636,[2.35443521],5.0,0.5,0.0,-1.2529881112736296e-14,0.12836649695979752,1.3764955423838996
11.402389764785767,2.328761906067636,[2.35443521],5.0,0.5,0.0,-1.1527490623717418e-14,0.12836649695979752,1.3764955423838996
11.412402153015137,2.328761906067636,[2.35443521],5.0,0.5,0.0,-1.060529137382002e-14,0.12836649695979752,1.3764955423838996
11.42042875289917,2.328957304784373,[2.35443521],5.0,0.5,0.0,-9.7568680639144e-15,0.12739927331195094,1.3782493880996347
11.429832935333252,2.328761906067636,[2.35443521],5.0,0.5,0.0,-8.976318618801263e-15,0.12835682472331905,1.3764955423838996
11.437381744384766,2.328761906067636,[2.35443521],5.0,0.5,0.0,-8.258213129297168e-15,0.12836640023743273,1.3764955423838996
11.447378396987915,2.328761906067636,[2.35443521],5.0,0.5,0.0,-7.597556078953392e-15,0.12836649599257388,1.3764955423838996
11.457043886184692,2.328761906067636,[2.35443521],5.0,0.5,0.0,-6.98975159263712e-15,0.12836649695012528,1.3764955423838996
11.46583342552185,2.328761906067636,[2.35443521],5.0,0.5,0.0,-6.430571465226139e-15,0.1283664969597008,1.3764955423838996
11.474424600601196,2.328761906067636,[2.35443521],5.0,0.5,0.0,-5.916125748008046e-15,0.12836649695979654,1.3764955423838996
11.482410430908203,2.328957304784373,[2.35443521],5.0,0.5,0.0,-5.4428356881674066e-15,0.12739927331195094,1.3782493880996347
11.491700887680054,2.328761906067636,[2.35443521],5.0,0.5,0.0,-5.007408833114026e-15,0.12835682472331905,1.3764955423838996
11.50011682510376,2.328761906067636,[2.35443521],5.0,0.5,0.0,-4.606816126464899e-15,0.12836640023743273,1.3764955423838996
11.512405157089233,2.328761906067636,[2.35443521],5.0,0.5,0.0,-4.238270836347702e-15,0.12836649599257388,1.3764955423838996
11.521865129470825,2.328761906067636,[2.35443521],5.0,0.5,0.0,-3.89920916943989e-15,0.12836649695012528,1.3764955423838996
11.529396295547485,2.328761906067636,[2.35443521],5.0,0.5,0.0,-3.587272435884699e-15,0.1283664969597008,1.3764955423838996
11.537402629852295,2.328761906067636,[2.35443521],5.0,0.5,0.0,-3.3002906410139254e-15,0.12836649695979654,1.3764955423838996
11.548179864883423,2.328761906067636,[2.35443521],5.0,0.5,0.0,-3.03626738973281e-15,0.12836649695979752,1.3764955423838996
11.557984113693237,2.328957304784373,[2.35443521],5.0,0.5,0.0,-2.7933659985541815e-15,0.12739927331195094,1.3782493880996347
11.566411018371582,2.328761906067636,[2.35443521],5.0,0.5,0.0,-2.5698967186698504e-15,0.12835682472331905,1.3764955423838996
11.577475309371948,2.328761906067636,[2.35443521],5.0,0.5,0.0,-2.3643049811762643e-15,0.12836640023743273,1.3764955423838996
11.585384607315063,2.328957304784373,[2.35443521],5.0,0.5,0.0,-2.1751605826821605e-15,0.1273992723447273,1.3782493880996347
11.59606409072876,2.328761906067636,[2.35443521],5.0,0.5,0.0,-2.0011477360675874e-15,0.12835682471364682,1.3764955423838996
11.604809999465942,2.328957304784373,[2.35443521],5.0,0.5,0.0,-1.8410559171821805e-15,0.12739917658948943,1.3782493880996347
11.613017082214355,2.328761906067636,[2.35443521],5.0,0.5,0.0,-1.6937714438076098e-15,0.12835682375609445,1.3764955423838996
11.620341777801514,2.328761906067636,[2.35443521],5.0,0.5,0.0,-1.5582697283030007e-15,0.1283664002277605,1.3764955423838996
11.630714893341064,2.328761906067636,[2.35443521],5.0,0.5,0.0,-1.433608150038759e-15,0.12836649599247715,1.3764955423838996
11.638652086257935,2.328761906067636,[2.35443521],5.0,0.5,0.0,-1.3189194980356577e-15,0.1283664969501243,1.3764955423838996
11.648378372192383,2.328957304784373,[2.35443521],5.0,0.5,0.0,-1.2134059381928045e-15,0.12739927331185422,1.3782493880996347
11.65794038772583,2.328957304784373,[2.35443521],5.0,0.5,0.0,-1.116333463137379e-15,0.1273896010754715,1.3782493880996347
11.66668438911438,2.328761906067636,[2.35443521],5.0,0.5,0.0,-1.0270267860863903e-15,0.12835672800095427,1.3764955423838996
11.675602674484253,2.328957304784373,[2.35443521],5.0,0.5,0.0,-9.448646431994787e-16,0.12739917562236253,1.3782493880996347
11.685423374176025,2.328761906067636,[2.35443521],5.0,0.5,0.0,-8.692754717435213e-16,0.12835682374642315,1.3764955423838996
11.695683479309082,2.328957304784373,[2.35443521],5.0,0.5,0.0,-7.997334340040379e-16,0.1273991765798172,1.3782493880996347
11.705406904220581,2.328761906067636,[2.35443521],5.0,0.5,0.0,-7.357547592837154e-16,0.12835682375599772,1.3764955423838996
11.714786529541016,2.328761906067636,[2.35443521],5.0,0.5,0.0,-6.768943785410193e-16,0.12836640022775953,1.3764955423838996
11.723222017288208,2.328761906067636,[2.35443521],5.0,0.5,0.0,-6.227428282577368e-16,0.12836649599247713,1.3764955423838996
11.732383966445923,2.328957304784373,[2.35443521],5.0,0.5,0.0,-5.729234019971182e-16,0.12739927330227774,1.3782493880996347
11.740578889846802,2.328761906067636,[2.35443521],5.0,0.5,0.0,-5.2708952983734885e-16,0.12835682472322232,1.3764955423838996
11.748802661895752,2.328761906067636,[2.35443521],5.0,0.5,0.0,-4.849223674503607e-16,0.12836640023743176,1.3764955423838996
11.757747411727905,2.328761906067636,[2.35443521],5.0,0.5,0.0,-4.461285780543324e-16,0.12836649599257385,1.3764955423838996
11.766068935394287,2.328761906067636,[2.35443521],5.0,0.5,0.0,-4.1043829180998596e-16,0.12836649695012528,1.3764955423838996
11.773701429367065,2.328761906067636,[2.35443521],5.0,0.5,0.0,-3.776032284651867e-16,0.1283664969597008,1.3764955423838996
11.783142566680908,2.328761906067636,[2.35443521],5.0,0.5,0.0,-3.4739497018797195e-16,0.12836649695979654,1.3764955423838996
11.791358470916748,2.328761906067636,[2.35443521],5.0,0.5,0.0,-3.1960337257293413e-16,0.12836649695979752,1.3764955423838996
11.800354242324829,2.328761906067636,[2.35443521],5.0,0.5,0.0,-2.9403510276709897e-16,0.12836649695979752,1.3764955423838996
11.810383796691895,2.328957304784373,[2.35443521],5.0,0.5,0.0,-2.705122945457315e-16,0.12739927331195094,1.3782493880996347
11.820701122283936,2.328761906067636,[2.35443521],5.0,0.5,0.0,-2.4887131098207266e-16,0.12835682472331905,1.3764955423838996
11.829423427581787,2.328761906067636,[2.35443521],5.0,0.5,0.0,-2.289616061035071e-16,0.12836640023743273,1.3764955423838996
11.839297533035278,2.328957304784373,[2.35443521],5.0,0.5,0.0,-2.106446776152266e-16,0.1273992723447273,1.3782493880996347
11.848011493682861,2.328761906067636,[2.35443521],5.0,0.5,0.0,-1.937931034060085e-16,0.12835682471364682,1.3764955423838996
11.856877326965332,2.328761906067636,[2.35443521],5.0,0.5,0.0,-1.7828965513352784e-16,0.128366400237336,1.3764955423838996
11.867396593093872,2.328761906067636,[2.35443521],5.0,0.5,0.0,-1.6402648272284543e-16,0.1283664959925729,1.3764955423838996
11.879389762878418,2.328761906067636,[2.35443521],5.0,0.5,0.0,-1.5090436410501788e-16,0.12836649695012528,1.3764955423838996
11.890336751937866,2.328957304784373,[2.35443521],5.0,0.5,0.0,-1.3883201497661674e-16,0.12739927331185422,1.3782493880996347
11.90136456489563,2.328957304784373,[2.35443521],5.0,0.5,0.0,-1.2772545377848718e-16,0.1273896010754715,1.3782493880996347
11.912393569946289,2.328761906067636,[2.35443521],5.0,0.5,0.0,-1.1750741747620813e-16,0.12835672800095427,1.3764955423838996
11.9203519821167,2.328761906067636,[2.35443521],5.0,0.5,0.0,-1.081068240781115e-16,0.1283663992702091,1.3764955423838996
11.928401947021484,2.328957304784373,[2.35443521],5.0,0.5,0.0,-9.945827815186278e-17,0.12739927233505505,1.3782493880996347
11.93738317489624,2.328957304784373,[2.35443521],5.0,0.5,0.0,-9.150161589971366e-17,0.12738960106570352,1.3782493880996347
11.946394205093384,2.328761906067636,[2.35443521],5.0,0.5,0.0,-8.41814866277365e-17,0.12835672800085657,1.3764955423838996
11.956393241882324,2.328957304784373,[2.35443521],5.0,0.5,0.0,-7.744696769751764e-17,0.12739917562236153,1.3782493880996347
11.965228080749512,2.328761906067636,[2.35443521],5.0,0.5,0.0,-7.125121028171619e-17,0.12835682374642315,1.3764955423838996
11.974370002746582,2.328761906067636,[2.35443521],5.0,0.5,0.0,-6.555111345917894e-17,0.12836640022766377,1.3764955423838996
11.983359336853027,2.328761906067636,[2.35443521],5.0,0.5,0.0,-6.030702438244459e-17,0.12836649599247618,1.3764955423838996
11.992663621902466,2.328957304784373,[2.35443521],5.0,0.5,0.0,-5.548246243184907e-17,0.12739927330227774,1.3782493880996347
12.003342151641846,2.328761906067636,[2.35443521],5.0,0.5,0.0,-5.104386543730112e-17,0.12835682472322232,1.3764955423838996
12.015003204345703,2.328761906067636,[2.35443521],5.0,0.5,0.0,-4.696035620231705e-17,0.12836640023743176,1.3764955423838996
12.026396036148071,2.328761906067636,[2.35443521],5.0,0.5,0.0,-4.320352770613167e-17,0.12836649599257385,1.3764955423838996
12.039368152618408,2.328761906067636,[2.35443521],5.0,0.5,0.0,-3.9747245489641146e-17,0.12836649695012528,1.3764955423838996
12.04750943183899,2.328761906067636,[2.35443521],5.0,0.5,0.0,-3.656746585046984e-17,0.1283664969597008,1.3764955423838996
12.055440902709961,2.328957304784373,[2.35443521],5.0,0.5,0.0,-3.364206858243226e-17,0.12739927331194997,1.3782493880996347
12.06464695930481,2.328761906067636,[2.35443521],5.0,0.5,0.0,-3.095070309583775e-17,0.12835682472331905,1.3764955423838996
12.073451280593872,2.328761906067636,[2.35443521],5.0,0.5,0.0,-2.8474646848170704e-17,0.12836640023743273,1.3764955423838996
12.081859588623047,2.328761906067636,[2.35443521],5.0,0.5,0.0,-2.6196675100317016e-17,0.12836649599257388,1.3764955423838996
12.090350151062012,2.328761906067636,[2.35443521],5.0,0.5,0.0,-2.4100941092291652e-17,0.12836649695012528,1.3764955423838996
12.102097749710083,2.328957304784373,[2.35443521],5.0,0.5,0.0,-2.2172865804908352e-17,0.12739927331185422,1.3782493880996347
12.11483359336853,2.328761906067636,[2.35443521],5.0,0.5,0.0,-2.039903654051567e-17,0.12835682472331808,1.3764955423838996
12.124355554580688,2.328761906067636,[2.35443521],5.0,0.5,0.0,-1.8767113617274433e-17,0.12836640023743273,1.3764955423838996
12.133776664733887,2.328761906067636,[2.35443521],5.0,0.5,0.0,-1.726574452789248e-17,0.12836649599257388,1.3764955423838996
12.14246129989624,2.328761906067636,[2.35443521],5.0,0.5,0.0,-1.5884484965661087e-17,0.12836649695012528,1.3764955423838996
12.15041184425354,2.328761906067636,[2.35443521],5.0,0.5,0.0,-1.461372616840816e-17,0.1283664969597008,1.3764955423838996
12.161360740661621,2.328761906067636,[2.35443521],5.0,0.5,0.0,-1.344462807493553e-17,0.12836649695979654,1.3764955423838996
12.170836687088013,2.328761906067636,[2.35443521],5.0,0.5,0.0,-1.2369057828940678e-17,0.12836649695979752,1.3764955423838996
12.180155277252197,2.328761906067636,[2.35443521],5.0,0.5,0.0,-1.1379533202625433e-17,0.12836649695979752,1.3764955423838996
12.190447807312012,2.328761906067636,[2.35443521],5.0,0.5,0.0,-1.0469170546415395e-17,0.12836649695979752,1.3764955423838996
12.19832444190979,2.328957304784373,[2.35443521],5.0,0.5,0.0,-9.631636902702171e-18,0.12739927331195094,1.3782493880996347
12.207322835922241,2.328761906067636,[2.35443521],5.0,0.5,0.0,-8.861105950485985e-18,0.12835682472331905,1.3764955423838996
12.21902585029602,2.328957304784373,[2.35443521],5.0,0.5,0.0,-8.152217474447113e-18,0.12739917658958616,1.3782493880996347
12.228455305099487,2.328761906067636,[2.35443521],5.0,0.5,0.0,-7.500040076491328e-18,0.1283568237560954,1.3764955423838996
12.238554954528809,2.328957304784373,[2.35443521],5.0,0.5,0.0,-6.900036870372019e-18,0.12739917657991393,1.3782493880996347
12.249386310577393,2.328761906067636,[2.35443521],5.0,0.5,0.0,-6.348033920742269e-18,0.1283568237559987,1.3764955423838996
12.258719444274902,2.328761906067636,[2.35443521],5.0,0.5,0.0,-5.840191207082883e-18,0.12836640022775953,1.3764955423838996
12.268629550933838,2.328957304784373,[2.35443521],5.0,0.5,0.0,-5.3729759105162565e-18,0.12739927234463055,1.3782493880996347
12.278397798538208,2.328761906067636,[2.35443521],5.0,0.5,0.0,-4.943137837674964e-18,0.12835682471364585,1.3764955423838996
12.286365509033203,2.328761906067636,[2.35443521],5.0,0.5,0.0,-4.547686810660965e-18,0.128366400237336,1.3764955423838996
12.296572208404541,2.328957304784373,[2.35443521],5.0,0.5,0.0,-4.183871865808091e-18,0.12739927234472634,1.3782493880996347
12.306381940841675,2.328957304784373,[2.35443521],5.0,0.5,0.0,-3.849162116543441e-18,0.12738960106580025,1.3782493880996347
12.316483497619629,2.328761906067636,[2.35443521],5.0,0.5,0.0,-3.541229147219971e-18,0.12835672800085754,1.3764955423838996
12.327703952789307,2.328761906067636,[2.35443521],5.0,0.5,0.0,-3.257930815442367e-18,0.12836639927020813,1.3764955423838996
12.336289882659912,2.328957304784373,[2.35443521],5.0,0.5,0.0,-2.997296350206982e-18,0.12739927233505505,1.3782493880996347
12.346394300460815,2.328957304784373,[2.35443521],5.0,0.5,0.0,-2.757512642190419e-18,0.12738960106570352,1.3782493880996347
12.355361461639404,2.328761906067636,[2.35443521],5.0,0.5,0.0,-2.5369116308151855e-18,0.12835672800085657,1.3764955423838996
12.363365888595581,2.328761906067636,[2.35443521],5.0,0.5,0.0,-2.3339587003499696e-18,0.1283663992702081,1.3764955423838996
12.371356010437012,2.328761906067636,[2.35443521],5.0,0.5,0.0,-2.147242004321974e-18,0.12836649598290162,1.3764955423838996
12.384613275527954,2.328761906067636,[2.35443521],5.0,0.5,0.0,-1.97546264397622e-18,0.12836649695002855,1.3764955423838996
12.393379926681519,2.328761906067636,[2.35443521],5.0,0.5,0.0,-1.8174256324581218e-18,0.12836649695969982,1.3764955423838996
12.40655779838562,2.328761906067636,[2.35443521],5.0,0.5,0.0,-1.6720315818614694e-18,0.12836649695979654,1.3764955423838996
12.416703939437866,2.328761906067636,[2.35443521],5.0,0.5,0.0,-1.5382690553125519e-18,0.12836649695979752,1.3764955423838996
12.42481803894043,2.328957304784373,[2.35443521],5.0,0.5,0.0,-1.4152075308875489e-18,0.12739927331195094,1.3782493880996347
12.435156106948853,2.328761906067636,[2.35443521],5.0,0.5,0.0,-1.3019909284165434e-18,0.12835682472331905,1.3764955423838996
12.444343090057373,2.328761906067636,[2.35443521],5.0,0.5,0.0,-1.197831654143219e-18,0.12836640023743273,1.3764955423838996
12.4534010887146,2.328761906067636,[2.35443521],5.0,0.5,0.0,-1.1020051218117628e-18,0.12836649599257388,1.3764955423838996
12.46284008026123,2.328761906067636,[2.35443521],5.0,0.5,0.0,-1.0138447120668213e-18,0.12836649695012528,1.3764955423838996
12.472353458404541,2.328957304784373,[2.35443521],5.0,0.5,0.0,-9.327371351014774e-19,0.12739927331185422,1.3782493880996347
12.482022523880005,2.328957304784373,[2.35443521],5.0,0.5,0.0,-8.581181642933579e-19,0.1273896010754715,1.3782493880996347
12.490397691726685,2.328761906067636,[2.35443521],5.0,0.5,0.0,-7.894687111498893e-19,0.12835672800095427,1.3764955423838996
12.499346256256104,2.328957304784373,[2.35443521],5.0,0.5,0.0,-7.263112142578977e-19,0.12739917562236253,1.3782493880996347
12.511463642120361,2.328957304784373,[2.35443521],5.0,0.5,0.0,-6.6820631711726695e-19,0.12738960009857658,1.3782493880996347
12.525731086730957,2.328761906067636,[2.35443521],5.0,0.5,0.0,-6.147498117478853e-19,0.1283567279911853,1.3764955423838996
12.534589529037476,2.328761906067636,[2.35443521],5.0,0.5,0.0,-5.655698268080551e-19,0.1283663992701114,1.3764955423838996
12.544121742248535,2.328761906067636,[2.35443521],5.0,0.5,0.0,-5.203242406634107e-19,0.12836649598290065,1.3764955423838996
12.554300546646118,2.328957304784373,[2.35443521],5.0,0.5,0.0,-4.786983014103371e-19,0.12739927330218198,1.3782493880996347
12.562347650527954,2.328761906067636,[2.35443521],5.0,0.5,0.0,-4.404024372975104e-19,0.12835682472322135,1.3764955423838996
12.57245683670044,2.328761906067636,[2.35443521],5.0,0.5,0.0,-4.0517024231370955e-19,0.12836640023743176,1.3764955423838996
12.583748817443848,2.328761906067636,[2.35443521],5.0,0.5,0.0,-3.727566229286128e-19,0.12836649599257385,1.3764955423838996
12.59243369102478,2.328761906067636,[2.35443521],5.0,0.5,0.0,-3.4293609309432396e-19,0.12836649695012528,1.3764955423838996
12.604061365127563,2.328761906067636,[2.35443521],5.0,0.5,0.0,-3.155012056467776e-19,0.1283664969597008,1.3764955423838996
12.611317157745361,2.328761906067636,[2.35443521],5.0,0.5,0.0,-2.902611091950356e-19,0.12836649695979654,1.3764955423838996
12.621387243270874,2.328957304784373,[2.35443521],5.0,0.5,0.0,-2.6704022045943304e-19,0.12739927331195094,1.3782493880996347
12.630688190460205,2.328957304784373,[2.35443521],5.0,0.5,0.0,-2.456770028226781e-19,0.12738960107547248,1.3782493880996347
12.639310359954834,2.328761906067636,[2.35443521],5.0,0.5,0.0,-2.260228425968641e-19,0.12835672800095427,1.3764955423838996
12.649026155471802,2.328761906067636,[2.35443521],5.0,0.5,0.0,-2.0794101518911523e-19,0.1283663992702091,1.3764955423838996
12.657395839691162,2.328761906067636,[2.35443521],5.0,0.5,0.0,-1.9130573397398562e-19,0.12836649598290162,1.3764955423838996
12.66631531715393,2.328957304784373,[2.35443521],5.0,0.5,0.0,-1.7600127525606668e-19,0.12739927330218198,1.3782493880996347
12.6756432056427,2.328761906067636,[2.35443521],5.0,0.5,0.0,-1.6192117323558122e-19,0.12835682472322135,1.3764955423838996
12.68637228012085,2.328957304784373,[2.35443521],5.0,0.5,0.0,-1.4896747937673488e-19,0.1273991765895852,1.3782493880996347
12.696281909942627,2.328761906067636,[2.35443521],5.0,0.5,0.0,-1.370500810265961e-19,0.1283568237560954,1.3764955423838996
12.705673217773438,2.328957304784373,[2.35443521],5.0,0.5,0.0,-1.2608607454446862e-19,0.12739917657991393,1.3782493880996347
12.715852737426758,2.328761906067636,[2.35443521],5.0,0.5,0.0,-1.159991885809111e-19,0.1283568237559987,1.3764955423838996
12.725642681121826,2.328761906067636,[2.35443521],5.0,0.5,0.0,-1.0671925349443828e-19,0.12836640022775953,1.3764955423838996
12.73738169670105,2.328957304784373,[2.35443521],5.0,0.5,0.0,-9.818171321488298e-20,0.12739927234463055,1.3782493880996347
12.749411582946777,2.328761906067636,[2.35443521],5.0,0.5,0.0,-9.032717615769228e-20,0.12835682471364585,1.3764955423838996
12.760716199874878,2.328957304784373,[2.35443521],5.0,0.5,0.0,-8.310100206507709e-20,0.12739917658948943,1.3782493880996347
12.769346475601196,2.328761906067636,[2.35443521],5.0,0.5,0.0,-7.645292189987089e-20,0.12835682375609445,1.3764955423838996
12.779350519180298,2.328761906067636,[2.35443521],5.0,0.5,0.0,-7.033668814788117e-20,0.1283664002277605,1.3764955423838996
12.79268193244934,2.328761906067636,[2.35443521],5.0,0.5,0.0,-6.470975309605081e-20,0.12836649599247715,1.3764955423838996
12.80336332321167,2.328957304784373,[2.35443521],5.0,0.5,0.0,-5.953297284836674e-20,0.12739927330227774,1.3782493880996347
12.815337419509888,2.328761906067636,[2.35443521],5.0,0.5,0.0,-5.477033502049741e-20,0.12835682472322232,1.3764955423838996
12.825353145599365,2.328957304784373,[2.35443521],5.0,0.5,0.0,-5.0388708218857614e-20,0.1273991765895852,1.3782493880996347
12.835718393325806,2.328761906067636,[2.35443521],5.0,0.5,0.0,-4.635761156134899e-20,0.1283568237560954,1.3764955423838996
12.845649719238281,2.328761906067636,[2.35443521],5.0,0.5,0.0,-4.2649002636441085e-20,0.1283664002277605,1.3764955423838996
12.853817224502563,2.328957304784373,[2.35443521],5.0,0.5,0.0,-3.923708242552575e-20,0.12739927234463058,1.3782493880996347
12.863298416137695,2.328957304784373,[2.35443521],5.0,0.5,0.0,-3.609811583148366e-20,0.12738960106579927,1.3782493880996347
12.871748924255371,2.328761906067636,[2.35443521],5.0,0.5,0.0,-3.3210266564964966e-20,0.12835672800085754,1.3764955423838996
12.879331588745117,2.328957304784373,[2.35443521],5.0,0.5,0.0,-3.055344523976783e-20,0.12739917562236155,1.3782493880996347
12.890401124954224,2.328761906067636,[2.35443521],5.0,0.5,0.0,-2.81091696205864e-20,0.12835682374642315,1.3764955423838996
12.902372360229492,2.328957304784373,[2.35443521],5.0,0.5,0.0,-2.5860436050939485e-20,0.1273991765798172,1.3782493880996347
12.91251277923584,2.328957304784373,[2.35443521],5.0,0.5,0.0,-2.3791601166864328e-20,0.12738960010815115,1.3782493880996347
12.922788143157959,2.328761906067636,[2.35443521],5.0,0.5,0.0,-2.1888273073515196e-20,0.12835672799128106,1.3764955423838996
12.930365562438965,2.328957304784373,[2.35443521],5.0,0.5,0.0,-2.0137211227633962e-20,0.12739917562226577,1.3782493880996347
12.939316034317017,2.328761906067636,[2.35443521],5.0,0.5,0.0,-1.852623432942325e-20,0.1283568237464222,1.3764955423838996
12.947412967681885,2.328761906067636,[2.35443521],5.0,0.5,0.0,-1.7044135583069386e-20,0.12836640022766377,1.3764955423838996
12.955456018447876,2.328761906067636,[2.35443521],5.0,0.5,0.0,-1.568060473642381e-20,0.12836649599247618,1.3764955423838996
12.966276407241821,2.328761906067636,[2.35443521],5.0,0.5,0.0,-1.4426156357509916e-20,0.1283664969501243,1.3764955423838996
12.975354194641113,2.328761906067636,[2.35443521],5.0,0.5,0.0,-1.3272063848909126e-20,0.1283664969597008,1.3764955423838996
12.985213279724121,2.328761906067636,[2.35443521],5.0,0.5,0.0,-1.2210298740996413e-20,0.12836649695979654,1.3764955423838996
12.996297597885132,2.328761906067636,[2.35443521],5.0,0.5,0.0,-1.1233474841716697e-20,0.12836649695979752,1.3764955423838996
13.005924701690674,2.328957304784373,[2.35443521],5.0,0.5,0.0,-1.0334796854379369e-20,0.12739927331195094,1.3782493880996347
13.01731014251709,2.328761906067636,[2.35443521],5.0,0.5,0.0,-9.508013106029013e-21,0.12835682472331905,1.3764955423838996
13.026306629180908,2.328761906067636,[2.35443521],5.0,0.5,0.0,-8.747372057546684e-21,0.12836640023743273,1.3764955423838996
13.037315845489502,2.328957304784373,[2.35443521],5.0,0.5,0.0,-8.047582292942958e-21,0.1273992723447273,1.3782493880996347
13.049068927764893,2.328761906067636,[2.35443521],5.0,0.5,0.0,-7.403775709507523e-21,0.12835682471364682,1.3764955423838996
13.059380054473877,2.328761906067636,[2.35443521],5.0,0.5,0.0,-6.811473652746914e-21,0.128366400237336,1.3764955423838996
13.067436218261719,2.328761906067636,[2.35443521],5.0,0.5,0.0,-6.2665557605271614e-21,0.1283664959925729,1.3764955423838996
13.07660174369812,2.328957304784373,[2.35443521],5.0,0.5,0.0,-5.76523129968498e-21,0.1273992733022787,1.3782493880996347
13.086239576339722,2.328761906067636,[2.35443521],5.0,0.5,0.0,-5.30401279571019e-21,0.12835682472322232,1.3764955423838996
13.095340490341187,2.328761906067636,[2.35443521],5.0,0.5,0.0,-4.879691772053375e-21,0.12836640023743176,1.3764955423838996
13.110265016555786,2.328761906067636,[2.35443521],5.0,0.5,0.0,-4.4893164302891065e-21,0.12836649599257385,1.3764955423838996
13.121393203735352,2.328957304784373,[2.35443521],5.0,0.5,0.0,-4.1301711158659784e-21,0.1273992733022787,1.3782493880996347
13.129743814468384,2.328761906067636,[2.35443521],5.0,0.5,0.0,-3.799757426596694e-21,0.12835682472322232,1.3764955423838996
13.141057014465332,2.328957304784373,[2.35443521],5.0,0.5,0.0,-3.4957768324689635e-21,0.1273991765895852,1.3782493880996347
13.151955604553223,2.328761906067636,[2.35443521],5.0,0.5,0.0,-3.216114685871444e-21,0.1283568237560954,1.3764955423838996
13.159266233444214,2.328761906067636,[2.35443521],5.0,0.5,0.0,-2.9588255110017337e-21,0.1283664002277605,1.3764955423838996
13.16831350326538,2.328761906067636,[2.35443521],5.0,0.5,0.0,-2.7221194701215932e-21,0.12836649599247715,1.3764955423838996
13.178259134292603,2.328761906067636,[2.35443521],5.0,0.5,0.0,-2.504349912511866e-21,0.1283664969501243,1.3764955423838996
13.187137126922607,2.328761906067636,[2.35443521],5.0,0.5,0.0,-2.304001919510914e-21,0.1283664969597008,1.3764955423838996
13.196446180343628,2.328761906067636,[2.35443521],5.0,0.5,0.0,-2.1196817659500417e-21,0.12836649695979654,1.3764955423838996
13.210198402404785,2.328761906067636,[2.35443521],5.0,0.5,0.0,-1.95010722467404e-21,0.12836649695979752,1.3764955423838996
13.220876932144165,2.328957304784373,[2.35443521],5.0,0.5,0.0,-1.7940986467001193e-21,0.12739927331195094,1.3782493880996347
13.228827238082886,2.328761906067636,[2.35443521],5.0,0.5,0.0,-1.6505707549641103e-21,0.12835682472331905,1.3764955423838996
13.237329006195068,2.328761906067636,[2.35443521],5.0,0.5,0.0,-1.5185250945669812e-21,0.12836640023743273,1.3764955423838996
13.24836540222168,2.328761906067636,[2.35443521],5.0,0.5,0.0,-1.397043087001624e-21,0.12836649599257388,1.3764955423838996
13.257252931594849,2.328761906067636,[2.35443521],5.0,0.5,0.0,-1.285279640041491e-21,0.12836649695012528,1.3764955423838996
13.266131401062012,2.328761906067636,[2.35443521],5.0,0.5,0.0,-1.1824572688381706e-21,0.1283664969597008,1.3764955423838996
13.275299072265625,2.328761906067636,[2.35443521],5.0,0.5,0.0,-1.087860687331118e-21,0.12836649695979654,1.3764955423838996
13.284661054611206,2.328957304784373,[2.35443521],5.0,0.5,0.0,-1.0008318323446293e-21,0.12739927331195094,1.3782493880996347
13.292318344116211,2.328761906067636,[2.35443521],5.0,0.5,0.0,-9.207652857570585e-22,0.12835682472331905,1.3764955423838996
13.301280498504639,2.328761906067636,[2.35443521],5.0,0.5,0.0,-8.471040628964932e-22,0.12836640023743273,1.3764955423838996
13.311262845993042,2.328761906067636,[2.35443521],5.0,0.5,0.0,-7.793357378647739e-22,0.12836649599257388,1.3764955423838996
13.320299625396729,2.328761906067636,[2.35443521],5.0,0.5,0.0,-7.169888788355921e-22,0.12836649695012528,1.3764955423838996
13.32828688621521,2.328957304784373,[2.35443521],5.0,0.5,0.0,-6.596297685287459e-22,0.12739927331185422,1.3782493880996347
13.337294816970825,2.328761906067636,[2.35443521],5.0,0.5,0.0,-6.068593870464462e-22,0.12835682472331808,1.3764955423838996
13.347291231155396,2.328761906067636,[2.35443521],5.0,0.5,0.0,-5.583106360827307e-22,0.12836640023743273,1.3764955423838996
13.355298280715942,2.328957304784373,[2.35443521],5.0,0.5,0.0,-5.136457851961121e-22,0.1273992723447273,1.3782493880996347
13.366780519485474,2.328957304784373,[2.35443521],5.0,0.5,0.0,-4.725541223804228e-22,0.12738960106580025,1.3782493880996347
13.375194311141968,2.328761906067636,[2.35443521],5.0,0.5,0.0,-4.347497925899893e-22,0.12835672800085754,1.3764955423838996
13.385316371917725,2.328957304784373,[2.35443521],5.0,0.5,0.0,-3.999698091827907e-22,0.12739917562236155,1.3782493880996347
13.398147821426392,2.328761906067636,[2.35443521],5.0,0.5,0.0,-3.6797222444816663e-22,0.12835682374642315,1.3764955423838996
13.407349586486816,2.328957304784373,[2.35443521],5.0,0.5,0.0,-3.3853444649231305e-22,0.1273991765798172,1.3782493880996347
13.415554523468018,2.328957304784373,[2.35443521],5.0,0.5,0.0,-3.1145169077292826e-22,0.12738960010815115,1.3782493880996347
13.424087762832642,2.328761906067636,[2.35443521],5.0,0.5,0.0,-2.865355555110943e-22,0.12835672799128106,1.3764955423838996
13.432312250137329,2.328761906067636,[2.35443521],5.0,0.5,0.0,-2.6361271107020654e-22,0.12836639927011234,1.3764955423838996
13.441344738006592,2.328957304784373,[2.35443521],5.0,0.5,0.0,-2.4252369418458987e-22,0.1273992723350541,1.3782493880996347
13.449358463287354,2.328761906067636,[2.35443521],5.0,0.5,0.0,-2.2312179864982275e-22,0.1283568247135501,1.3764955423838996
13.459407567977905,2.328761906067636,[2.35443521],5.0,0.5,0.0,-2.05272054757837e-22,0.12836640023733503,1.3764955423838996
13.467277526855469,2.328761906067636,[2.35443521],5.0,0.5,0.0,-1.8885029037721025e-22,0.12836649599257288,1.3764955423838996
13.47554326057434,2.328957304784373,[2.35443521],5.0,0.5,0.0,-1.737422671470332e-22,0.1273992733022787,1.3782493880996347
13.48433256149292,2.328761906067636,[2.35443521],5.0,0.5,0.0,-1.5984288577527058e-22,0.12835682472322232,1.3764955423838996
13.492267608642578,2.328761906067636,[2.35443521],5.0,0.5,0.0,-1.4705545491324907e-22,0.12836640023743176,1.3764955423838996
13.501277446746826,2.328761906067636,[2.35443521],5.0,0.5,0.0,-1.3529101852018895e-22,0.12836649599257385,1.3764955423838996
13.509483575820923,2.328957304784373,[2.35443521],5.0,0.5,0.0,-1.2446773703857388e-22,0.1273992733022787,1.3782493880996347
13.519285440444946,2.328761906067636,[2.35443521],5.0,0.5,0.0,-1.145103180754881e-22,0.12835682472322232,1.3764955423838996
13.528822183609009,2.328761906067636,[2.35443521],5.0,0.5,0.0,-1.0534949262944904e-22,0.12836640023743176,1.3764955423838996
13.537274360656738,2.328957304784373,[2.35443521],5.0,0.5,0.0,-9.692153321909295e-23,0.12739927234472728,1.3782493880996347
13.546248197555542,2.328761906067636,[2.35443521],5.0,0.5,0.0,-8.916781056156563e-23,0.12835682471364682,1.3764955423838996
13.555273532867432,2.328957304784373,[2.35443521],5.0,0.5,0.0,-8.203438571664026e-23,0.12739917658948943,1.3782493880996347
13.563243627548218,2.328761906067636,[2.35443521],5.0,0.5,0.0,-7.547163485930904e-23,0.12835682375609445,1.3764955423838996
13.572234153747559,2.328957304784373,[2.35443521],5.0,0.5,0.0,-6.943390407056434e-23,0.12739917657991393,1.3782493880996347
13.581316232681274,2.328761906067636,[2.35443521],5.0,0.5,0.0,-6.387919174491929e-23,0.1283568237559987,1.3764955423838996
13.591356992721558,2.328761906067636,[2.35443521],5.0,0.5,0.0,-5.876885640532567e-23,0.12836640022775953,1.3764955423838996
13.60059142112732,2.328957304784373,[2.35443521],5.0,0.5,0.0,-5.406734789289959e-23,0.12739927234463055,1.3782493880996347
13.60978388786316,2.328761906067636,[2.35443521],5.0,0.5,0.0,-4.9741960061467704e-23,0.12835682471364585,1.3764955423838996
13.617264747619629,2.328761906067636,[2.35443521],5.0,0.5,0.0,-4.576260325655027e-23,0.128366400237336,1.3764955423838996
13.625247955322266,2.328761906067636,[2.35443521],5.0,0.5,0.0,-4.210159499602624e-23,0.1283664959925729,1.3764955423838996
13.6355881690979,2.328761906067636,[2.35443521],5.0,0.5,0.0,-3.873346739634411e-23,0.12836649695012528,1.3764955423838996
13.643848657608032,2.328957304784373,[2.35443521],5.0,0.5,0.0,-3.563479000463658e-23,0.12739927331185422,1.3782493880996347
13.652732133865356,2.328761906067636,[2.35443521],5.0,0.5,0.0,-3.2784006804265723e-23,0.12835682472331808,1.3764955423838996
13.660616874694824,2.328761906067636,[2.35443521],5.0,0.5,0.0,-3.0161286259924487e-23,0.12836640023743273,1.3764955423838996
13.669416666030884,2.328761906067636,[2.35443521],5.0,0.5,0.0,-2.7748383359130507e-23,0.12836649599257388,1.3764955423838996
13.679009675979614,2.328761906067636,[2.35443521],5.0,0.5,0.0,-2.5528512690400083e-23,0.12836649695012528,1.3764955423838996
13.690908670425415,2.328761906067636,[2.35443521],5.0,0.5,0.0,-2.348623167516807e-23,0.1283664969597008,1.3764955423838996
13.69991421699524,2.328957304784373,[2.35443521],5.0,0.5,0.0,-2.1607333141154616e-23,0.12739927331194997,1.3782493880996347
13.709842920303345,2.328957304784373,[2.35443521],5.0,0.5,0.0,-1.9878746489862222e-23,0.12738960107547248,1.3782493880996347
13.71729040145874,2.328957304784373,[2.35443521],5.0,0.5,0.0,-1.8288446770673253e-23,0.1273895043531077,1.3782493880996347
13.726282596588135,2.328957304784373,[2.35443521],5.0,0.5,0.0,-1.6825371029019378e-23,0.12738950338588403,1.3782493880996347
13.735966920852661,2.328957304784373,[2.35443521],5.0,0.5,0.0,-1.5479341346697828e-23,0.1273895033762118,1.3782493880996347
13.74812126159668,2.328957304784373,[2.35443521],5.0,0.5,0.0,-1.4240994038961998e-23,0.1273895033761151,1.3782493880996347
13.756437063217163,2.328761906067636,[2.35443521],5.0,0.5,0.0,-1.3101714515845046e-23,0.1283567270239607,1.3764955423838996
13.766274213790894,2.328957304784373,[2.35443521],5.0,0.5,0.0,-1.2053577354577475e-23,0.12739917561259256,1.3782493880996347
13.776376485824585,2.328957304784373,[2.35443521],5.0,0.5,0.0,-1.1089291166211285e-23,0.12738960009847888,1.3782493880996347
13.784351825714111,2.328761906067636,[2.35443521],5.0,0.5,0.0,-1.0202147872914366e-23,0.12835672799118433,1.3764955423838996
13.796616077423096,2.328957304784373,[2.35443521],5.0,0.5,0.0,-9.385976043081213e-24,0.12739917562226483,1.3782493880996347
13.80429196357727,2.328761906067636,[2.35443521],5.0,0.5,0.0,-8.635097959634728e-24,0.12835682374642218,1.3764955423838996
13.814313650131226,2.328761906067636,[2.35443521],5.0,0.5,0.0,-7.944290122863955e-24,0.12836640022766377,1.3764955423838996
13.82688045501709,2.328761906067636,[2.35443521],5.0,0.5,0.0,-7.30874691303483e-24,0.12836649599247618,1.3764955423838996
13.83457636833191,2.328761906067636,[2.35443521],5.0,0.5,0.0,-6.724047159992034e-24,0.1283664969501243,1.3764955423838996
13.843800067901611,2.328957304784373,[2.35443521],5.0,0.5,0.0,-6.1861233871926764e-24,0.12739927331185422,1.3782493880996347
13.852602005004883,2.328957304784373,[2.35443521],5.0,0.5,0.0,-5.691233516217269e-24,0.1273896010754715,1.3782493880996347
13.86277461051941,2.328761906067636,[2.35443521],5.0,0.5,0.0,-5.235934834919888e-24,0.12835672800095427,1.3764955423838996
13.871263980865479,2.328957304784373,[2.35443521],5.0,0.5,0.0,-4.817060048126295e-24,0.12739917562236253,1.3782493880996347
13.88024640083313,2.328761906067636,[2.35443521],5.0,0.5,0.0,-4.431695244276185e-24,0.12835682374642315,1.3764955423838996
13.888899564743042,2.328761906067636,[2.35443521],5.0,0.5,0.0,-4.077159624734096e-24,0.12836640022766377,1.3764955423838996
13.897471904754639,2.328761906067636,[2.35443521],5.0,0.5,0.0,-3.75098685475537e-24,0.12836649599247618,1.3764955423838996
13.90637755393982,2.328957304784373,[2.35443521],5.0,0.5,0.0,-3.450907906374938e-24,0.12739927330227774,1.3782493880996347
13.915233612060547,2.328957304784373,[2.35443521],5.0,0.5,0.0,-3.1748352738649454e-24,0.12738960107537575,1.3782493880996347
13.92423415184021,2.328957304784373,[2.35443521],5.0,0.5,0.0,-2.920848451955745e-24,0.12738950435310673,1.3782493880996347
13.935232877731323,2.328957304784373,[2.35443521],5.0,0.5,0.0,-2.6871805757992894e-24,0.12738950338588403,1.3782493880996347
13.944612741470337,2.328957304784373,[2.35443521],5.0,0.5,0.0,-2.4722061297353447e-24,0.1273895033762118,1.3782493880996347
13.953673124313354,2.328761906067636,[2.35443521],5.0,0.5,0.0,-2.2744296393565194e-24,0.12835672702396167,1.3764955423838996
13.96425724029541,2.328957304784373,[2.35443521],5.0,0.5,0.0,-2.092475268207997e-24,0.1273991756125926,1.3782493880996347
13.973420858383179,2.328761906067636,[2.35443521],5.0,0.5,0.0,-1.9250772467513577e-24,0.12835682374632545,1.3764955423838996
13.982250213623047,2.328761906067636,[2.35443521],5.0,0.5,0.0,-1.7710710670112466e-24,0.1283664002276628,1.3764955423838996
13.993013620376587,2.328761906067636,[2.35443521],5.0,0.5,0.0,-1.6293853816503493e-24,0.12836649599247618,1.3764955423838996
14.002701044082642,2.328761906067636,[2.35443521],5.0,0.5,0.0,-1.4990345511183223e-24,0.1283664969501243,1.3764955423838996
14.010249376296997,2.328761906067636,[2.35443521],5.0,0.5,0.0,-1.3791117870288541e-24,0.1283664969597008,1.3764955423838996
14.01925539970398,2.328761906067636,[2.35443521],5.0,0.5,0.0,-1.2687828440665467e-24,0.12836649695979654,1.3764955423838996
14.027246952056885,2.328957304784373,[2.35443521],5.0,0.5,0.0,-1.1672802165412237e-24,0.12739927331195094,1.3782493880996347
14.035681009292603,2.328761906067636,[2.35443521],5.0,0.5,0.0,-1.0738977992179239e-24,0.12835682472331905,1.3764955423838996
14.04448390007019,2.328761906067636,[2.35443521],5.0,0.5,0.0,-9.879859752804895e-25,0.12836640023743273,1.3764955423838996
14.052786827087402,2.328761906067636,[2.35443521],5.0,0.5,0.0,-9.089470972580512e-25,0.12836649599257388,1.3764955423838996
14.062254428863525,2.328761906067636,[2.35443521],5.0,0.5,0.0,-8.362313294774074e-25,0.12836649695012528,1.3764955423838996
14.07025408744812,2.328761906067636,[2.35443521],5.0,0.5,0.0,-7.693328231192158e-25,0.1283664969597008,1.3764955423838996
14.079060077667236,2.328957304784373,[2.35443521],5.0,0.5,0.0,-7.077861972696777e-25,0.12739927331194997,1.3782493880996347
14.089235782623291,2.328957304784373,[2.35443521],5.0,0.5,0.0,-6.511633014881033e-25,0.12738960107547248,1.3782493880996347
14.098022222518921,2.328761906067636,[2.35443521],5.0,0.5,0.0,-5.990702373690553e-25,0.12835672800095427,1.3764955423838996
14.11121916770935,2.328761906067636,[2.35443521],5.0,0.5,0.0,-5.511446183795318e-25,0.1283663992702091,1.3764955423838996
14.122248888015747,2.328761906067636,[2.35443521],5.0,0.5,0.0,-5.070530489091682e-25,0.12836649598290162,1.3764955423838996
14.130624055862427,2.328761906067636,[2.35443521],5.0,0.5,0.0,-4.664888049964349e-25,0.12836649695002855,1.3764955423838996
14.138418912887573,2.328761906067636,[2.35443521],5.0,0.5,0.0,-4.291697005967209e-25,0.12836649695969982,1.3764955423838996
14.146236181259155,2.328957304784373,[2.35443521],5.0,0.5,0.0,-3.9483612454898313e-25,0.12739927331194997,1.3782493880996347
14.15524435043335,2.328761906067636,[2.35443521],5.0,0.5,0.0,-3.632492345850644e-25,0.12835682472331905,1.3764955423838996
14.16380500793457,2.328957304784373,[2.35443521],5.0,0.5,0.0,-3.3418929581825906e-25,0.12739917658958616,1.3782493880996347
14.173298597335815,2.328957304784373,[2.35443521],5.0,0.5,0.0,-3.0745415215279814e-25,0.12738960010824882,1.3782493880996347
14.181463718414307,2.328761906067636,[2.35443521],5.0,0.5,0.0,-2.828578199805741e-25,0.12835672799128203,1.3764955423838996
14.192353010177612,2.328761906067636,[2.35443521],5.0,0.5,0.0,-2.6022919438212846e-25,0.12836639927011237,1.3764955423838996
14.200216054916382,2.328761906067636,[2.35443521],5.0,0.5,0.0,-2.394108588315586e-25,0.12836649598290067,1.3764955423838996
14.208232879638672,2.328957304784373,[2.35443521],5.0,0.5,0.0,-2.202579901250337e-25,0.12739927330218198,1.3782493880996347
14.21971607208252,2.328761906067636,[2.35443521],5.0,0.5,0.0,-2.0263735091503126e-25,0.12835682472322135,1.3764955423838996
14.227248191833496,2.328761906067636,[2.35443521],5.0,0.5,0.0,-1.8642636284182861e-25,0.12836640023743176,1.3764955423838996
14.237598419189453,2.328761906067636,[2.35443521],5.0,0.5,0.0,-1.7151225381448213e-25,0.12836649599257385,1.3764955423838996
14.24605941772461,2.328957304784373,[2.35443521],5.0,0.5,0.0,-1.5779127350932338e-25,0.1273992733022787,1.3782493880996347
14.255812406539917,2.328761906067636,[2.35443521],5.0,0.5,0.0,-1.451679716285774e-25,0.12835682472322232,1.3764955423838996
14.263814926147461,2.328957304784373,[2.35443521],5.0,0.5,0.0,-1.3355453389829134e-25,0.1273991765895852,1.3782493880996347
14.272865295410156,2.328957304784373,[2.35443521],5.0,0.5,0.0,-1.2287017118642813e-25,0.12738960010824882,1.3782493880996347
14.280364274978638,2.328761906067636,[2.35443521],5.0,0.5,0.0,-1.1304055749151402e-25,0.12835672799128203,1.3764955423838996
14.291306972503662,2.328761906067636,[2.35443521],5.0,0.5,0.0,-1.039973128921927e-25,0.12836639927011237,1.3764955423838996
14.302366256713867,2.328761906067636,[2.35443521],5.0,0.5,0.0,-9.567752786081724e-26,0.12836649598290067,1.3764955423838996
14.311647891998291,2.328761906067636,[2.35443521],5.0,0.5,0.0,-8.802332563195189e-26,0.12836649695002855,1.3764955423838996
14.31919002532959,2.328761906067636,[2.35443521],5.0,0.5,0.0,-8.098145958139586e-26,0.12836649695969982,1.3764955423838996
14.329288005828857,2.328761906067636,[2.35443521],5.0,0.5,0.0,-7.45029428148843e-26,0.12836649695979654,1.3764955423838996
14.33904242515564,2.328761906067636,[2.35443521],5.0,0.5,0.0,-6.854270738969354e-26,0.12836649695979752,1.3764955423838996
14.348331451416016,2.328957304784373,[2.35443521],5.0,0.5,0.0,-6.3059290798518e-26,0.12739927331195094,1.3782493880996347
14.356958866119385,2.328761906067636,[2.35443521],5.0,0.5,0.0,-5.801454753463659e-26,0.12835682472331905,1.3764955423838996
14.364328622817993,2.328761906067636,[2.35443521],5.0,0.5,0.0,-5.337338373186562e-26,0.12836640023743273,1.3764955423838996
14.374794244766235,2.328761906067636,[2.35443521],5.0,0.5,0.0,-4.910351303331642e-26,0.12836649599257388,1.3764955423838996
14.383581638336182,2.328957304784373,[2.35443521],5.0,0.5,0.0,-4.517523199065109e-26,0.1273992733022787,1.3782493880996347
14.393690347671509,2.328761906067636,[2.35443521],5.0,0.5,0.0,-4.1561213431398964e-26,0.12835682472322232,1.3764955423838996
14.40337085723877,2.328761906067636,[2.35443521],5.0,0.5,0.0,-3.8236316356887085e-26,0.12836640023743176,1.3764955423838996
14.411706686019897,2.328761906067636,[2.35443521],5.0,0.5,0.0,-3.5177411048336096e-26,0.12836649599257385,1.3764955423838996
14.419752597808838,2.328761906067636,[2.35443521],5.0,0.5,0.0,-3.236321816446926e-26,0.12836649695012528,1.3764955423838996
14.42823076248169,2.328957304784373,[2.35443521],5.0,0.5,0.0,-2.9774160711311656e-26,0.12739927331185422,1.3782493880996347
14.436626195907593,2.328761906067636,[2.35443521],5.0,0.5,0.0,-2.739222785440673e-26,0.12835682472331808,1.3764955423838996
14.444226741790771,2.328957304784373,[2.35443521],5.0,0.5,0.0,-2.5200849626054217e-26,0.12739917658958616,1.3782493880996347
14.453248739242554,2.328761906067636,[2.35443521],5.0,0.5,0.0,-2.31847816559699e-26,0.1283568237560954,1.3764955423838996
14.461228370666504,2.328761906067636,[2.35443521],5.0,0.5,0.0,-2.132999912349227e-26,0.1283664002277605,1.3764955423838996
14.469215154647827,2.328761906067636,[2.35443521],5.0,0.5,0.0,-1.962359919361291e-26,0.12836649599247715,1.3764955423838996
14.479233026504517,2.328761906067636,[2.35443521],5.0,0.5,0.0,-1.8053711258123875e-26,0.1283664969501243,1.3764955423838996
14.487656593322754,2.328761906067636,[2.35443521],5.0,0.5,0.0,-1.6609414357473974e-26,0.1283664969597008,1.3764955423838996
14.495232105255127,2.328761906067636,[2.35443521],5.0,0.5,0.0,-1.528066120887603e-26,0.12836649695979654,1.3764955423838996
14.504333972930908,2.328761906067636,[2.35443521],5.0,0.5,0.0,-1.4058208312165937e-26,0.12836649695979752,1.3764955423838996
14.512365579605103,2.328957304784373,[2.35443521],5.0,0.5,0.0,-1.2933551647192675e-26,0.12739927331195094,1.3782493880996347
14.521235466003418,2.328761906067636,[2.35443521],5.0,0.5,0.0,-1.1898867515417263e-26,0.12835682472331905,1.3764955423838996
14.529304027557373,2.328761906067636,[2.35443521],5.0,0.5,0.0,-1.0946958114183879e-26,0.12836640023743273,1.3764955423838996
14.53740930557251,2.328761906067636,[2.35443521],5.0,0.5,0.0,-1.0071201465049167e-26,0.12836649599257388,1.3764955423838996
14.545233011245728,2.328957304784373,[2.35443521],5.0,0.5,0.0,-9.265505347845246e-27,0.1273992733022787,1.3782493880996347
14.55907940864563,2.328761906067636,[2.35443521],5.0,0.5,0.0,-8.524264920017632e-27,0.12835682472322232,1.3764955423838996
14.567230939865112,2.328957304784373,[2.35443521],5.0,0.5,0.0,-7.84232372641622e-27,0.1273991765895852,1.3782493880996347
14.578847885131836,2.328761906067636,[2.35443521],5.0,0.5,0.0,-7.214937828302922e-27,0.1283568237560954,1.3764955423838996
14.586241245269775,2.328761906067636,[2.35443521],5.0,0.5,0.0,-6.637742802038692e-27,0.1283664002277605,1.3764955423838996
14.59519076347351,2.328761906067636,[2.35443521],5.0,0.5,0.0,-6.1067233778755995e-27,0.12836649599247715,1.3764955423838996
14.606671333312988,2.328957304784373,[2.35443521],5.0,0.5,0.0,-5.6181855076455486e-27,0.12739927330227774,1.3782493880996347
14.614215612411499,2.328761906067636,[2.35443521],5.0,0.5,0.0,-5.168730667033899e-27,0.12835682472322232,1.3764955423838996
14.624053478240967,2.328761906067636,[2.35443521],5.0,0.5,0.0,-4.7552322136711885e-27,0.12836640023743176,1.3764955423838996
14.634244203567505,2.328957304784373,[2.35443521],5.0,0.5,0.0,-4.374813636577494e-27,0.12739927234472728,1.3782493880996347
14.644360780715942,2.328761906067636,[2.35443521],5.0,0.5,0.0,-4.024828545651295e-27,0.12835682471364682,1.3764955423838996
14.652466535568237,2.328761906067636,[2.35443521],5.0,0.5,0.0,-3.70284226199919e-27,0.128366400237336,1.3764955423838996
14.661855459213257,2.328761906067636,[2.35443521],5.0,0.5,0.0,-3.406614881039256e-27,0.1283664959925729,1.3764955423838996
14.670615434646606,2.328761906067636,[2.35443521],5.0,0.5,0.0,-3.1340856905561155e-27,0.12836649695012528,1.3764955423838996
14.678226232528687,2.328761906067636,[2.35443521],5.0,0.5,0.0,-2.8833588353116245e-27,0.1283664969597008,1.3764955423838996
14.686298847198486,2.328761906067636,[2.35443521],5.0,0.5,0.0,-2.6526901284866944e-27,0.12836649695979654,1.3764955423838996
14.699296474456787,2.328761906067636,[2.35443521],5.0,0.5,0.0,-2.4404749182077597e-27,0.12836649695979752,1.3764955423838996
14.70720624923706,2.328957304784373,[2.35443521],5.0,0.5,0.0,-2.245236924751138e-27,0.12739927331195094,1.3782493880996347
14.715213060379028,2.328957304784373,[2.35443521],5.0,0.5,0.0,-2.0656179707710494e-27,0.12738960107547248,1.3782493880996347
14.723405122756958,2.328957304784373,[2.35443521],5.0,0.5,0.0,-1.900368533109366e-27,0.1273895043531077,1.3782493880996347
14.733521461486816,2.328957304784373,[2.35443521],5.0,0.5,0.0,-1.7483390504606155e-27,0.12738950338588403,1.3782493880996347
14.74267292022705,2.328761906067636,[2.35443521],5.0,0.5,0.0,-1.6084719264237672e-27,0.12835672702405837,1.3764955423838996
14.753345489501953,2.328761906067636,[2.35443521],5.0,0.5,0.0,-1.479794172309867e-27,0.12836639926044013,1.3764955423838996
14.762138843536377,2.328761906067636,[2.35443521],5.0,0.5,0.0,-1.3614106385250797e-27,0.12836649598280395,1.3764955423838996
14.77221965789795,2.328957304784373,[2.35443521],5.0,0.5,0.0,-1.2524977874430718e-27,0.127399273302181,1.3782493880996347
14.780361413955688,2.328957304784373,[2.35443521],5.0,0.5,0.0,-1.1522979644476248e-27,0.12738960107537478,1.3782493880996347
14.792434930801392,2.328957304784373,[2.35443521],5.0,0.5,0.0,-1.0601141272918146e-27,0.12738950435310673,1.3782493880996347
14.80025863647461,2.328761906067636,[2.35443521],5.0,0.5,0.0,-9.753049971084698e-28,0.1283567270337306,1.3764955423838996
14.810307025909424,2.328761906067636,[2.35443521],5.0,0.5,0.0,-8.972805973397924e-28,0.12836639926053683,1.3764955423838996
14.819194078445435,2.328761906067636,[2.35443521],5.0,0.5,0.0,-8.254981495526072e-28,0.12836649598280492,1.3764955423838996
14.829188108444214,2.328957304784373,[2.35443521],5.0,0.5,0.0,-7.594582975883993e-28,0.127399273302181,1.3782493880996347
14.838183641433716,2.328957304784373,[2.35443521],5.0,0.5,0.0,-6.987016337813282e-28,0.12738960107537478,1.3782493880996347
14.847506523132324,2.328761906067636,[2.35443521],5.0,0.5,0.0,-6.428055030788221e-28,0.1283567280009533,1.3764955423838996
14.857083559036255,2.328957304784373,[2.35443521],5.0,0.5,0.0,-5.913810628325158e-28,0.1273991756223625,1.3782493880996347
14.869265079498291,2.328957304784373,[2.35443521],5.0,0.5,0.0,-5.4407057780591515e-28,0.12738960009857658,1.3782493880996347
14.878642559051514,2.328761906067636,[2.35443521],5.0,0.5,0.0,-5.005449315814426e-28,0.1283567279911853,1.3764955423838996
14.8872971534729,2.328761906067636,[2.35443521],5.0,0.5,0.0,-4.605013370549265e-28,0.1283663992701114,1.3764955423838996
14.895246505737305,2.328761906067636,[2.35443521],5.0,0.5,0.0,-4.23661230090532e-28,0.12836649598290065,1.3764955423838996
14.904274940490723,2.328957304784373,[2.35443521],5.0,0.5,0.0,-3.8976833168328987e-28,0.12739927330218198,1.3782493880996347
14.912603378295898,2.328761906067636,[2.35443521],5.0,0.5,0.0,-3.5858686514862666e-28,0.12835682472322135,1.3764955423838996
14.920215606689453,2.328761906067636,[2.35443521],5.0,0.5,0.0,-3.298999159367364e-28,0.12836640023743176,1.3764955423838996
14.930681467056274,2.328957304784373,[2.35443521],5.0,0.5,0.0,-3.035079226617975e-28,0.12739927234472728,1.3782493880996347
14.939204692840576,2.328957304784373,[2.35443521],5.0,0.5,0.0,-2.79227288848854e-28,0.12738960106580025,1.3782493880996347
14.94928789138794,2.328957304784373,[2.35443521],5.0,0.5,0.0,-2.568891057409457e-28,0.12738950435301097,1.3782493880996347
14.957238912582397,2.328761906067636,[2.35443521],5.0,0.5,0.0,-2.363379772816701e-28,0.12835672703372966,1.3764955423838996
14.965831518173218,2.328761906067636,[2.35443521],5.0,0.5,0.0,-2.174309390991366e-28,0.12836639926053683,1.3764955423838996
14.974695444107056,2.328957304784373,[2.35443521],5.0,0.5,0.0,-2.0003646397120583e-28,0.12739927233495835,1.3782493880996347
14.982274532318115,2.328761906067636,[2.35443521],5.0,0.5,0.0,-1.8403354685350894e-28,0.12835682471354912,1.3764955423838996
14.991180658340454,2.328761906067636,[2.35443521],5.0,0.5,0.0,-1.693108631052285e-28,0.12836640023733503,1.3764955423838996
15.00026798248291,2.328957304784373,[2.35443521],5.0,0.5,0.0,-1.5576599405681004e-28,0.1273992723447263,1.3782493880996347
15.008192777633667,2.328957304784373,[2.35443521],5.0,0.5,0.0,-1.4330471453226537e-28,0.12738960106580025,1.3782493880996347
15.018136739730835,2.328761906067636,[2.35443521],5.0,0.5,0.0,-1.3184033736968396e-28,0.12835672800085754,1.3764955423838996
15.0261869430542,2.328957304784373,[2.35443521],5.0,0.5,0.0,-1.212931103801092e-28,0.12739917562236155,1.3782493880996347
15.036547422409058,2.328957304784373,[2.35443521],5.0,0.5,0.0,-1.1158966154970047e-28,0.12738960009857658,1.3782493880996347
15.045206785202026,2.328761906067636,[2.35443521],5.0,0.5,0.0,-1.0266248862572446e-28,0.1283567279911853,1.3764955423838996
15.054196834564209,2.328957304784373,[2.35443521],5.0,0.5,0.0,-9.444948953566666e-29,0.12739917562226483,1.3782493880996347
15.062182426452637,2.328761906067636,[2.35443521],5.0,0.5,0.0,-8.689353037281325e-29,0.12835682374642218,1.3764955423838996
15.071117877960205,2.328957304784373,[2.35443521],5.0,0.5,0.0,-7.994204794298822e-29,0.1273991765798172,1.3782493880996347
15.079745531082153,2.328761906067636,[2.35443521],5.0,0.5,0.0,-7.35466841075492e-29,0.12835682375599772,1.3764955423838996
15.088346242904663,2.328957304784373,[2.35443521],5.0,0.5,0.0,-6.766294937894523e-29,0.12739917657991295,1.3782493880996347
15.099193811416626,2.328761906067636,[2.35443521],5.0,0.5,0.0,-6.224991342862955e-29,0.12835682375599866,1.3764955423838996
15.108952522277832,2.328761906067636,[2.35443521],5.0,0.5,0.0,-5.726992035433918e-29,0.12836640022775953,1.3764955423838996
15.117181539535522,2.328761906067636,[2.35443521],5.0,0.5,0.0,-5.268832672599214e-29,0.12836649599247713,1.3764955423838996
15.12619400024414,2.328957304784373,[2.35443521],5.0,0.5,0.0,-4.847326058791272e-29,0.12739927330227774,1.3782493880996347
15.134201765060425,2.328957304784373,[2.35443521],5.0,0.5,0.0,-4.4595399740879677e-29,0.12738960107537575,1.3782493880996347
15.143744230270386,2.328761906067636,[2.35443521],5.0,0.5,0.0,-4.1027767761609335e-29,0.1283567280009533,1.3764955423838996
15.153176546096802,2.328761906067636,[2.35443521],5.0,0.5,0.0,-3.774554634068061e-29,0.12836639927020907,1.3764955423838996
15.166105031967163,2.328957304784373,[2.35443521],5.0,0.5,0.0,-3.4725902633426155e-29,0.12739927233505505,1.3782493880996347
15.177464008331299,2.328761906067636,[2.35443521],5.0,0.5,0.0,-3.194783042275209e-29,0.1283568247135501,1.3764955423838996
15.185297727584839,2.328761906067636,[2.35443521],5.0,0.5,0.0,-2.939200398893191e-29,0.12836640023733503,1.3764955423838996
15.194228410720825,2.328761906067636,[2.35443521],5.0,0.5,0.0,-2.704064366981734e-29,0.12836649599257288,1.3764955423838996
15.203006029129028,2.328761906067636,[2.35443521],5.0,0.5,0.0,-2.4877392176231975e-29,0.12836649695012528,1.3764955423838996
15.211198091506958,2.328761906067636,[2.35443521],5.0,0.5,0.0,-2.2887200802133438e-29,0.1283664969597008,1.3764955423838996
15.220200061798096,2.328761906067636,[2.35443521],5.0,0.5,0.0,-2.105622473796272e-29,0.12836649695979654,1.3764955423838996
15.229195594787598,2.328761906067636,[2.35443521],5.0,0.5,0.0,-1.9371726758925711e-29,0.12836649695979752,1.3764955423838996
15.240188837051392,2.328957304784373,[2.35443521],5.0,0.5,0.0,-1.7821988618211673e-29,0.12739927331195094,1.3782493880996347
15.250142335891724,2.328761906067636,[2.35443521],5.0,0.5,0.0,-1.6396229528754733e-29,0.12835682472331905,1.3764955423838996
15.258187055587769,2.328957304784373,[2.35443521],5.0,0.5,0.0,-1.508453116645433e-29,0.12739917658958616,1.3782493880996347
15.26762342453003,2.328957304784373,[2.35443521],5.0,0.5,0.0,-1.387776867313798e-29,0.12738960010824882,1.3782493880996347
15.277499437332153,2.328761906067636,[2.35443521],5.0,0.5,0.0,-1.2767547179286963e-29,0.12835672799128203,1.3764955423838996
15.288132667541504,2.328761906067636,[2.35443521],5.0,0.5,0.0,-1.1746143404943992e-29,0.12836639927011237,1.3764955423838996
15.29613733291626,2.328957304784373,[2.35443521],5.0,0.5,0.0,-1.0806451932548482e-29,0.1273992723350541,1.3782493880996347
15.305145025253296,2.328957304784373,[2.35443521],5.0,0.5,0.0,-9.941935777944611e-30,0.12738960106570352,1.3782493880996347
15.316642045974731,2.328761906067636,[2.35443521],5.0,0.5,0.0,-9.146580915709045e-30,0.12835672800085657,1.3764955423838996
15.328285932540894,2.328957304784373,[2.35443521],5.0,0.5,0.0,-8.414854442452324e-30,0.12739917562236153,1.3782493880996347
15.337753534317017,2.328957304784373,[2.35443521],5.0,0.5,0.0,-7.74166608705613e-30,0.12738960009857658,1.3782493880996347
15.3462815284729,2.328957304784373,[2.35443521],5.0,0.5,0.0,-7.122332800091635e-30,0.12738950434333873,1.3782493880996347
15.357038736343384,2.328761906067636,[2.35443521],5.0,0.5,0.0,-6.552546176084312e-30,0.12835672703363293,1.3764955423838996
15.36775016784668,2.328761906067636,[2.35443521],5.0,0.5,0.0,-6.028342481997558e-30,0.12836639926053586,1.3764955423838996
15.375255346298218,2.328761906067636,[2.35443521],5.0,0.5,0.0,-5.546075083437762e-30,0.1283664959828049,1.3764955423838996
15.384154558181763,2.328957304784373,[2.35443521],5.0,0.5,0.0,-5.102389076762738e-30,0.127399273302181,1.3782493880996347
15.393432855606079,2.328761906067636,[2.35443521],5.0,0.5,0.0,-4.6941979506217184e-30,0.12835682472322135,1.3764955423838996
15.404114961624146,2.328761906067636,[2.35443521],5.0,0.5,0.0,-4.318662114571981e-30,0.12836640023743176,1.3764955423838996
15.41417908668518,2.328761906067636,[2.35443521],5.0,0.5,0.0,-3.973169145406229e-30,0.12836649599257385,1.3764955423838996
15.423157691955566,2.328957304784373,[2.35443521],5.0,0.5,0.0,-3.6553156137737274e-30,0.1273992733022787,1.3782493880996347
15.431732177734375,2.328761906067636,[2.35443521],5.0,0.5,0.0,-3.3628903646718255e-30,0.12835682472322232,1.3764955423838996
15.443979501724243,2.328761906067636,[2.35443521],5.0,0.5,0.0,-3.093859135498082e-30,0.12836640023743176,1.3764955423838996
15.454455137252808,2.328957304784373,[2.35443521],5.0,0.5,0.0,-2.8463504046582363e-30,0.12739927234472728,1.3782493880996347
15.463475942611694,2.328761906067636,[2.35443521],5.0,0.5,0.0,-2.618642372285574e-30,0.12835682471364682,1.3764955423838996
15.47263503074646,2.328761906067636,[2.35443521],5.0,0.5,0.0,-2.4091509825027274e-30,0.128366400237336,1.3764955423838996
15.480302810668945,2.328761906067636,[2.35443521],5.0,0.5,0.0,-2.2164189039025135e-30,0.1283664959925729,1.3764955423838996
15.488136053085327,2.328957304784373,[2.35443521],5.0,0.5,0.0,-2.0391053915903095e-30,0.1273992733022787,1.3782493880996347
15.496171474456787,2.328761906067636,[2.35443521],5.0,0.5,0.0,-1.875976960263089e-30,0.12835682472322232,1.3764955423838996
15.505164861679077,2.328761906067636,[2.35443521],5.0,0.5,0.0,-1.7258988034420407e-30,0.12836640023743176,1.3764955423838996
15.51655387878418,2.328761906067636,[2.35443521],5.0,0.5,0.0,-1.5878268991666773e-30,0.12836649599257385,1.3764955423838996
15.524179697036743,2.328761906067636,[2.35443521],5.0,0.5,0.0,-1.4608007472333417e-30,0.12836649695012528,1.3764955423838996
15.53330135345459,2.328761906067636,[2.35443521],5.0,0.5,0.0,-1.3439366874546726e-30,0.1283664969597008,1.3764955423838996
15.541137933731079,2.328957304784373,[2.35443521],5.0,0.5,0.0,-1.2364217524583027e-30,0.12739927331194997,1.3782493880996347
15.551172256469727,2.328761906067636,[2.35443521],5.0,0.5,0.0,-1.1375080122616369e-30,0.12835682472331905,1.3764955423838996
15.559305429458618,2.328957304784373,[2.35443521],5.0,0.5,0.0,-1.0465073712807057e-30,0.12739917658958616,1.3782493880996347
15.569229364395142,2.328761906067636,[2.35443521],5.0,0.5,0.0,-9.627867815782495e-31,0.1283568237560954,1.3764955423838996
15.577259540557861,2.328761906067636,[2.35443521],5.0,0.5,0.0,-8.8576383905199e-31,0.1283664002277605,1.3764955423838996
15.588325500488281,2.328957304784373,[2.35443521],5.0,0.5,0.0,-8.149027319278316e-31,0.12739927234463058,1.3782493880996347
15.597280979156494,2.328761906067636,[2.35443521],5.0,0.5,0.0,-7.497105133736058e-31,0.12835682471364585,1.3764955423838996
15.606192111968994,2.328761906067636,[2.35443521],5.0,0.5,0.0,-6.897336723037172e-31,0.128366400237336,1.3764955423838996
15.6151602268219,2.328957304784373,[2.35443521],5.0,0.5,0.0,-6.345549785194192e-31,0.12739927234472634,1.3782493880996347
15.623647451400757,2.328761906067636,[2.35443521],5.0,0.5,0.0,-5.837905802378658e-31,0.12835682471364682,1.3764955423838996
15.632182121276855,2.328761906067636,[2.35443521],5.0,0.5,0.0,-5.370873338188358e-31,0.128366400237336,1.3764955423838996
15.641203880310059,2.328761906067636,[2.35443521],5.0,0.5,0.0,-4.9412034711332895e-31,0.1283664959925729,1.3764955423838996
15.650176525115967,2.328957304784373,[2.35443521],5.0,0.5,0.0,-4.545907193442622e-31,0.1273992733022787,1.3782493880996347
15.65883994102478,2.328957304784373,[2.35443521],5.0,0.5,0.0,-4.18223461796721e-31,0.12738960107537575,1.3782493880996347
15.667165040969849,2.328761906067636,[2.35443521],5.0,0.5,0.0,-3.8476558485298377e-31,0.1283567280009533,1.3764955423838996
15.676185846328735,2.328761906067636,[2.35443521],5.0,0.5,0.0,-3.53984338064745e-31,0.12836639927020907,1.3764955423838996
15.68525218963623,2.328761906067636,[2.35443521],5.0,0.5,0.0,-3.2566559101956523e-31,0.12836649598290162,1.3764955423838996
15.695236682891846,2.328957304784373,[2.35443521],5.0,0.5,0.0,-2.9961234373800047e-31,0.12739927330218198,1.3782493880996347
15.707448720932007,2.328957304784373,[2.35443521],5.0,0.5,0.0,-2.7564335623896075e-31,0.12738960107537478,1.3782493880996347
15.717318534851074,2.328761906067636,[2.35443521],5.0,0.5,0.0,-2.5359188773984394e-31,0.1283567280009533,1.3764955423838996
15.725346565246582,2.328761906067636,[2.35443521],5.0,0.5,0.0,-2.333045367206563e-31,0.12836639927020907,1.3764955423838996
15.73409128189087,2.328957304784373,[2.35443521],5.0,0.5,0.0,-2.146401737830037e-31,0.12739927233505505,1.3782493880996347
15.74428653717041,2.328761906067636,[2.35443521],5.0,0.5,0.0,-1.9746895988036354e-31,0.1283568247135501,1.3764955423838996
15.753313541412354,2.328761906067636,[2.35443521],5.0,0.5,0.0,-1.8167144308993425e-31,0.12836640023733503,1.3764955423838996
15.762165307998657,2.328761906067636,[2.35443521],5.0,0.5,0.0,-1.6713772764273957e-31,0.12836649599257288,1.3764955423838996
15.77234697341919,2.328761906067636,[2.35443521],5.0,0.5,0.0,-1.5376670943132043e-31,0.12836649695012528,1.3764955423838996
15.78060245513916,2.328761906067636,[2.35443521],5.0,0.5,0.0,-1.414653726768148e-31,0.1283664969597008,1.3764955423838996
15.78833532333374,2.328957304784373,[2.35443521],5.0,0.5,0.0,-1.3014814286266968e-31,0.12739927331194997,1.3782493880996347
15.797401428222656,2.328957304784373,[2.35443521],5.0,0.5,0.0,-1.1973629143365584e-31,0.12738960107547248,1.3782493880996347
15.805108547210693,2.328761906067636,[2.35443521],5.0,0.5,0.0,-1.1015738811896356e-31,0.12835672800095427,1.3764955423838996
15.81427264213562,2.328761906067636,[2.35443521],5.0,0.5,0.0,-1.0134479706944653e-31,0.1283663992702091,1.3764955423838996
15.823905944824219,2.328761906067636,[2.35443521],5.0,0.5,0.0,-9.32372133038907e-32,0.12836649598290162,1.3764955423838996
15.832158088684082,2.328761906067636,[2.35443521],5.0,0.5,0.0,-8.577823623957937e-32,0.12836649695002855,1.3764955423838996
15.841776609420776,2.328761906067636,[2.35443521],5.0,0.5,0.0,-7.891597734041305e-32,0.12836649695969982,1.3764955423838996
15.85180950164795,2.328761906067636,[2.35443521],5.0,0.5,0.0,-7.260269915318008e-32,0.12836649695979654,1.3764955423838996
15.862962484359741,2.328761906067636,[2.35443521],5.0,0.5,0.0,-6.67944832209257e-32,0.12836649695979752,1.3764955423838996
15.872648239135742,2.328957304784373,[2.35443521],5.0,0.5,0.0,-6.14509245632516e-32,0.12739927331195094,1.3782493880996347
15.880239963531494,2.328957304784373,[2.35443521],5.0,0.5,0.0,-5.653485059819154e-32,0.12738960107547248,1.3782493880996347
15.889453411102295,2.328761906067636,[2.35443521],5.0,0.5,0.0,-5.20120625503362e-32,0.12835672800095427,1.3764955423838996
15.89863395690918,2.328761906067636,[2.35443521],5.0,0.5,0.0,-4.785109754630934e-32,0.1283663992702091,1.3764955423838996
15.90752649307251,2.328957304784373,[2.35443521],5.0,0.5,0.0,-4.402300974260457e-32,0.12739927233505505,1.3782493880996347
15.91686749458313,2.328761906067636,[2.35443521],5.0,0.5,0.0,-4.050116896319613e-32,0.1283568247135501,1.3764955423838996
15.926444292068481,2.328957304784373,[2.35443521],5.0,0.5,0.0,-3.7261075446140464e-32,0.12739917658948846,1.3782493880996347
15.934139490127563,2.328761906067636,[2.35443521],5.0,0.5,0.0,-3.428018941044924e-32,0.12835682375609442,1.3764955423838996
15.943575143814087,2.328761906067636,[2.35443521],5.0,0.5,0.0,-3.153777425761332e-32,0.1283664002277605,1.3764955423838996
15.953407049179077,2.328957304784373,[2.35443521],5.0,0.5,0.0,-2.9014752317004244e-32,0.12739927234463058,1.3782493880996347
15.96363353729248,2.328761906067636,[2.35443521],5.0,0.5,0.0,-2.6693572131643927e-32,0.12835682471364585,1.3764955423838996
15.972122192382812,2.328957304784373,[2.35443521],5.0,0.5,0.0,-2.4558086361112394e-32,0.12739917658948943,1.3782493880996347
15.981165170669556,2.328761906067636,[2.35443521],5.0,0.5,0.0,-2.2593439452223415e-32,0.12835682375609445,1.3764955423838996
15.992976665496826,2.328957304784373,[2.35443521],5.0,0.5,0.0,-2.0785964296045522e-32,0.12739917657991393,1.3782493880996347
16.001166105270386,2.328957304784373,[2.35443521],5.0,0.5,0.0,-1.912308715236191e-32,0.12738960010815212,1.3782493880996347
16.010149717330933,2.328761906067636,[2.35443521],5.0,0.5,0.0,-1.7593240180172964e-32,0.12835672799128106,1.3764955423838996
16.020140409469604,2.328957304784373,[2.35443521],5.0,0.5,0.0,-1.618578096575913e-32,0.12739917562226577,1.3782493880996347
16.030489444732666,2.328957304784373,[2.35443521],5.0,0.5,0.0,-1.4890918488498393e-32,0.12738960009857564,1.3782493880996347
16.039142370224,2.328957304784373,[2.35443521],5.0,0.5,0.0,-1.3699645009418526e-32,0.12738950434333873,1.3782493880996347
16.050190448760986,2.328761906067636,[2.35443521],5.0,0.5,0.0,-1.260367340866503e-32,0.12835672703363293,1.3764955423838996
16.0594584941864,2.328761906067636,[2.35443521],5.0,0.5,0.0,-1.1595379535971831e-32,0.12836639926053586,1.3764955423838996
16.06715750694275,2.328761906067636,[2.35443521],5.0,0.5,0.0,-1.0667749173094083e-32,0.1283664959828049,1.3764955423838996
16.07772731781006,2.328957304784373,[2.35443521],5.0,0.5,0.0,-9.814329239246563e-33,0.127399273302181,1.3782493880996347
16.08518934249878,2.328761906067636,[2.35443521],5.0,0.5,0.0,-9.029182900106842e-33,0.12835682472322135,1.3764955423838996
16.09316372871399,2.328761906067636,[2.35443521],5.0,0.5,0.0,-8.306848268098302e-33,0.12836640023743176,1.3764955423838996
16.102948427200317,2.328957304784373,[2.35443521],5.0,0.5,0.0,-7.642300406650425e-33,0.12739927234472728,1.3782493880996347
16.112890481948853,2.328761906067636,[2.35443521],5.0,0.5,0.0,-7.030916374118389e-33,0.12835682471364682,1.3764955423838996
16.12392568588257,2.328957304784373,[2.35443521],5.0,0.5,0.0,-6.468443064188923e-33,0.12739917658948943,1.3782493880996347
16.133785009384155,2.328957304784373,[2.35443521],5.0,0.5,0.0,-5.950967619053815e-33,0.12738960010824787,1.3782493880996347
16.14252996444702,2.328957304784373,[2.35443521],5.0,0.5,0.0,-5.474890209529512e-33,0.12738950434343546,1.3782493880996347
16.150142669677734,2.328957304784373,[2.35443521],5.0,0.5,0.0,-5.0368989927671394e-33,0.12738950338578733,1.3782493880996347
16.16016983985901,2.328761906067636,[2.35443521],5.0,0.5,0.0,-4.633947073345765e-33,0.12835672702405743,1.3764955423838996
16.169899225234985,2.328957304784373,[2.35443521],5.0,0.5,0.0,-4.263231307478109e-33,0.12739917561259353,1.3782493880996347
16.18171763420105,2.328761906067636,[2.35443521],5.0,0.5,0.0,-3.922172802879866e-33,0.12835682374632548,1.3764955423838996
16.191162824630737,2.328957304784373,[2.35443521],5.0,0.5,0.0,-3.60839897864947e-33,0.12739917657981623,1.3782493880996347
16.20016646385193,2.328761906067636,[2.35443521],5.0,0.5,0.0,-3.319727060357513e-33,0.1283568237559977,1.3764955423838996
16.209150552749634,2.328761906067636,[2.35443521],5.0,0.5,0.0,-3.05414889552891e-33,0.12836640022775953,1.3764955423838996
16.21917700767517,2.328761906067636,[2.35443521],5.0,0.5,0.0,-2.809816983886602e-33,0.12836649599247713,1.3764955423838996
16.229225397109985,2.328761906067636,[2.35443521],5.0,0.5,0.0,-2.5850316251756778e-33,0.1283664969501243,1.3764955423838996
16.237664699554443,2.328761906067636,[2.35443521],5.0,0.5,0.0,-2.3782290951616225e-33,0.1283664969597008,1.3764955423838996
16.248062133789062,2.328761906067636,[2.35443521],5.0,0.5,0.0,-2.1879707675486908e-33,0.12836649695979654,1.3764955423838996
16.258136749267578,2.328761906067636,[2.35443521],5.0,0.5,0.0,-2.0129331061447925e-33,0.12836649695979752,1.3764955423838996
16.268163442611694,2.328761906067636,[2.35443521],5.0,0.5,0.0,-1.8518984576532085e-33,0.12836649695979752,1.3764955423838996
16.27818512916565,2.328761906067636,[2.35443521],5.0,0.5,0.0,-1.7037465810409546e-33,0.12836649695979752,1.3764955423838996
16.286130666732788,2.328761906067636,[2.35443521],5.0,0.5,0.0,-1.5674468545576766e-33,0.12836649695979752,1.3764955423838996
16.296203136444092,2.328761906067636,[2.35443521],5.0,0.5,0.0,-1.4420511061930617e-33,0.12836649695979752,1.3764955423838996
16.304506063461304,2.328957304784373,[2.35443521],5.0,0.5,0.0,-1.3266870176976181e-33,0.12739927331195094,1.3782493880996347
16.313748359680176,2.328761906067636,[2.35443521],5.0,0.5,0.0,-1.2205520562818088e-33,0.12835682472331905,1.3764955423838996
16.322967529296875,2.328957304784373,[2.35443521],5.0,0.5,0.0,-1.1229078917792639e-33,0.12739917658958616,1.3782493880996347
16.332406997680664,2.328761906067636,[2.35443521],5.0,0.5,0.0,-1.033075260436924e-33,0.1283568237560954,1.3764955423838996
16.342180728912354,2.328761906067636,[2.35443521],5.0,0.5,0.0,-9.50429239601971e-34,0.1283664002277605,1.3764955423838996
16.351105213165283,2.328761906067636,[2.35443521],5.0,0.5,0.0,-8.74394900433813e-34,0.12836649599247715,1.3764955423838996
16.359981536865234,2.328761906067636,[2.35443521],5.0,0.5,0.0,-8.044433083991071e-34,0.1283664969501243,1.3764955423838996
16.370140552520752,2.328957304784373,[2.35443521],5.0,0.5,0.0,-7.4008784372717924e-34,0.12739927331185422,1.3782493880996347
16.380129098892212,2.328957304784373,[2.35443521],5.0,0.5,0.0,-6.808808162290036e-34,0.1273896010754715,1.3782493880996347
16.39115571975708,2.328761906067636,[2.35443521],5.0,0.5,0.0,-6.2641035093068295e-34,0.12835672800095427,1.3764955423838996
16.400203227996826,2.328957304784373,[2.35443521],5.0,0.5,0.0,-5.762975228562287e-34,0.12739917562236253,1.3782493880996347
16.409147262573242,2.328761906067636,[2.35443521],5.0,0.5,0.0,-5.30193721027731e-34,0.12835682374642315,1.3764955423838996
16.419183254241943,2.328761906067636,[2.35443521],5.0,0.5,0.0,-4.87778223345513e-34,0.12836640022766377,1.3764955423838996
16.43028998374939,2.328761906067636,[2.35443521],5.0,0.5,0.0,-4.487559654778709e-34,0.12836649599247618,1.3764955423838996
16.44046139717102,2.328761906067636,[2.35443521],5.0,0.5,0.0,-4.128554882396415e-34,0.1283664969501243,1.3764955423838996
16.45004677772522,2.328957304784373,[2.35443521],5.0,0.5,0.0,-3.798270491804703e-34,0.12739927331185422,1.3782493880996347
16.459433794021606,2.328957304784373,[2.35443521],5.0,0.5,0.0,-3.4944088524603338e-34,0.1273896010754715,1.3782493880996347
16.47133207321167,2.328957304784373,[2.35443521],5.0,0.5,0.0,-3.214856144263506e-34,0.1273895043531077,1.3782493880996347
16.480176210403442,2.328761906067636,[2.35443521],5.0,0.5,0.0,-2.957667652722424e-34,0.1283567270337306,1.3764955423838996
16.490111351013184,2.328957304784373,[2.35443521],5.0,0.5,0.0,-2.7210542405046295e-34,0.12739917561269026,1.3782493880996347
16.499227046966553,2.328957304784373,[2.35443521],5.0,0.5,0.0,-2.503369901264258e-34,0.12738960009847988,1.3782493880996347
16.509008646011353,2.328957304784373,[2.35443521],5.0,0.5,0.0,-2.3031003091631175e-34,0.12738950434333776,1.3782493880996347
16.518441200256348,2.328957304784373,[2.35443521],5.0,0.5,0.0,-2.1188522844300704e-34,0.12738950338578633,1.3782493880996347
16.52882957458496,2.328957304784373,[2.35443521],5.0,0.5,0.0,-1.949344101675665e-34,0.12738950337621083,1.3782493880996347
16.538508892059326,2.328957304784373,[2.35443521],5.0,0.5,0.0,-1.793396573541609e-34,0.12738950337611507,1.3782493880996347
16.548149347305298,2.329152703501109,[2.35443521],5.0,0.5,0.0,-1.6499248476582835e-34,0.12642227972826972,1.3799933036247425
16.558156967163086,2.329152703501109,[2.35443521],5.0,0.5,0.0,-1.517930859845619e-34,0.12641260749179126,1.3799933036247425
16.56917667388916,2.329152703501109,[2.35443521],5.0,0.5,0.0,-1.396496391057969e-34,0.12641251076942647,1.3799933036247425
16.579083919525146,2.3293481022178457,[2.35443521],5.0,0.5,0.0,0.276038359678681,0.12530295387514695,1.3816704979203187
16.589714765548706,2.3293481022178457,[2.35443521],5.0,0.5,0.0,0.3091629628401227,0.1252206921665995,1.3816560698874139
16.600484609603882,2.3295435009345824,[2.35443521],5.0,0.5,0.0,0.530104065926939,0.12407473055265578,1.3832419117862174
16.610929012298584,2.3295435009345824,[2.35443521],5.0,0.5,0.0,0.48714366393342645,0.12397431326201051,1.3832744305610103
16.621187448501587,2.3295435009345824,[2.35443521],5.0,0.5,0.0,0.3615237297156143,0.12392883025185115,1.3833537690236888
16.631129264831543,2.329738899651319,[2.35443521],5.0,0.5,0.0,0.22881692886637467,0.12293891235527651,1.3851257670574357
16.641164779663086,2.329738899651319,[2.35443521],5.0,0.5,0.0,0.11629664597677433,0.12291789346699754,1.3851546724075536
16.650693893432617,2.3295435009345824,[2.35443521],5.0,0.5,0.0,-0.24577864381119974,0.12402167935051403,1.3834060871802285
16.65985369682312,2.329738899651319,[2.35443521],5.0,0.5,0.0,-0.3404286373563206,0.12313387977377897,1.3850784778870282
16.669169425964355,2.329738899651319,[2.35443521],5.0,0.5,0.0,-0.6029374027680745,0.12330152716335913,1.384894198935523
16.677852869033813,2.329738899651319,[2.35443521],5.0,0.5,0.0,-0.5863464187807532,0.12339146632992867,1.384908879260062
16.688156604766846,2.3295435009345824,[2.35443521],5.0,0.5,0.0,-0.47600144541915157,0.12440372071577784,1.3832824163917496
16.698100328445435,2.3295435009345824,[2.35443521],5.0,0.5,0.0,-0.35072121507270615,0.12443590893280475,1.3833594953869472
16.70810341835022,2.329738899651319,[2.35443521],5.0,0.5,0.0,-0.24022642116209342,0.12348004000371265,1.385121783689761
16.719332695007324,2.3295435009345824,[2.35443521],5.0,0.5,0.0,-0.15260383157289006,0.12444322138056041,1.3834337170202142
16.72819495201111,2.329738899651319,[2.35443521],5.0,0.5,0.0,-0.08716313781825433,0.12348838775562837,1.3851590847703028
16.739216327667236,2.3295435009345824,[2.35443521],5.0,0.5,0.0,-0.04025278868191107,0.12444744217179866,1.3834498461257105
16.74816656112671,2.329738899651319,[2.35443521],5.0,0.5,0.0,-0.007739143384380493,0.1234904986204003,1.385164695670925
16.757892608642578,2.329738899651319,[2.35443521],5.0,0.5,0.0,0.0140540403911343,0.12348127396102958,1.3851645932252694
16.767213582992554,2.3295435009345824,[2.35443521],5.0,0.5,0.0,0.02808588215451873,0.12444857775035406,1.3834504650714756
16.77655863761902,2.329738899651319,[2.35443521],5.0,0.5,0.0,0.03661549126909963,0.12349111333443655,1.38516374224382
16.785093784332275,2.329738899651319,[2.35443521],5.0,0.5,0.0,0.04131336984376641,0.12348158178729529,1.38516346971916
16.795294046401978,2.3295435009345824,[2.35443521],5.0,0.5,0.0,0.04338907381726889,0.12444873166817941,1.383449650851551
16.805317401885986,2.329738899651319,[2.35443521],5.0,0.5,0.0,0.04370538492842386,0.12349119029339614,1.3851633183337018
16.816100120544434,2.3295435009345824,[2.35443521],5.0,0.5,0.0,0.042870607807642236,0.12444884391462213,1.3834496841430701
16.827314615249634,2.329738899651319,[2.35443521],5.0,0.5,0.0,0.04130934063543386,0.12349119949655143,1.3851634699669733
16.838108777999878,2.329738899651319,[2.35443521],5.0,0.5,0.0,0.03931507234176053,0.12348162439915254,1.3851635896563965
16.847218990325928,2.329738899651319,[2.35443521],5.0,0.5,0.0,0.03708850779467228,0.12348152932156944,1.385163716291681
16.856938123703003,2.329738899651319,[2.35443521],5.0,0.5,0.0,0.034765129024395124,0.12348152870748906,1.3851638405640596
16.868112087249756,2.329738899651319,[2.35443521],5.0,0.5,0.0,0.032434836492310964,0.12348152886969599,1.385163957133695
16.876121044158936,2.3295435009345824,[2.35443521],5.0,0.5,0.0,0.030155855272113324,0.1244487526033385,1.3834503753275311
16.885085105895996,2.329738899651319,[2.35443521],5.0,0.5,0.0,0.027964532462915283,0.12349120123491528,1.3851641581242014
16.896270513534546,2.3295435009345824,[2.35443521],5.0,0.5,0.0,0.025882212606251842,0.1244488493901211,1.3834505536013322
16.90518569946289,2.329738899651319,[2.35443521],5.0,0.5,0.0,0.023920045921795474,0.12349120223434831,1.3851643143338748
16.915541887283325,2.329738899651319,[2.35443521],5.0,0.5,0.0,0.02208233967777498,0.12348162576805143,1.3851643772646058
16.92447304725647,2.3295435009345824,[2.35443521],5.0,0.5,0.0,0.02036888580580544,0.1244487536538655,1.3834507434213945
16.932102918624878,2.3295435009345824,[2.35443521],5.0,0.5,0.0,0.018776570803640848,0.12445842493403883,1.383450789821266
16.940223932266235,2.3295435009345824,[2.35443521],5.0,0.5,0.0,0.01730048351832103,0.1244585216474982,1.38345082946272
16.94939875602722,2.329738899651319,[2.35443521],5.0,0.5,0.0,0.01593467233981613,0.12349129896711501,1.3851645512427824
16.95853567123413,2.3295435009345824,[2.35443521],5.0,0.5,0.0,0.014672658123543781,0.12444885038832217,1.383450892007105
16.96688747406006,2.329738899651319,[2.35443521],5.0,0.5,0.0,0.013507777332719538,0.12349120225476984,1.3851646044329629
16.976146697998047,2.329738899651319,[2.35443521],5.0,0.5,0.0,0.012433407527153554,0.12348162577347542,1.3851646251797174
16.986316442489624,2.329738899651319,[2.35443521],5.0,0.5,0.0,0.011443111631572443,0.12348153000868302,1.3851646427809294
16.9961519241333,2.329738899651319,[2.35443521],5.0,0.5,0.0,0.010530726415587995,0.12348152905104538,1.385164657705119
17.005560398101807,2.329738899651319,[2.35443521],5.0,0.5,0.0,0.009690412912483636,0.12348152904147414,1.3851646703540428
17.014111757278442,2.329738899651319,[2.35443521],5.0,0.5,0.0,0.00891668111156672,0.123481529041381,1.3851646810711018
17.022123098373413,2.3295435009345824,[2.35443521],5.0,0.5,0.0,0.008204397487589549,0.12444875268922793,1.3834510021595705
17.03064203262329,2.3295435009345824,[2.35443521],5.0,0.5,0.0,0.007548781295291583,0.12445842492570705,1.3834510098477677
17.03825855255127,2.3295435009345824,[2.35443521],5.0,0.5,0.0,0.006945393716987426,0.12445852164807215,1.3834510163580003
17.04803466796875,2.3295435009345824,[2.35443521],5.0,0.5,0.0,0.00639012266766322,0.12445852261529596,1.3834510218701566
17.057605266571045,2.329738899651319,[2.35443521],5.0,0.5,0.0,0.005879165168030198,0.1234912989771217,1.3851647145264083
17.068119525909424,2.329738899651319,[2.35443521],5.0,0.5,0.0,0.005409008574311653,0.12348162674074,1.3851647184770977
17.079107999801636,2.329738899651319,[2.35443521],5.0,0.5,0.0,0.0049764115222123515,0.12348153001837621,1.3851647218214673
17.088088512420654,2.329738899651319,[2.35443521],5.0,0.5,0.0,0.004578385144146758,0.12348152905115257,1.3851647246524679
17.096073865890503,2.3295435009345824,[2.35443521],5.0,0.5,0.0,0.004212174913222724,0.12444875268932694,1.3834510390592947
17.107120275497437,2.3295435009345824,[2.35443521],5.0,0.5,0.0,0.0038752433265951684,0.12445842492570867,1.3834510410877165
17.116147994995117,2.3295435009345824,[2.35443521],5.0,0.5,0.0,0.003565253544971181,0.12445852164807249,1.38345104280466
17.12565326690674,2.329738899651319,[2.35443521],5.0,0.5,0.0,0.00328005404052723,0.12349129896744955,1.3851647322474792
17.13408923149109,2.3295435009345824,[2.35443521],5.0,0.5,0.0,0.003017664262693283,0.1244488503884899,1.3834510454880267
17.14357018470764,2.329738899651319,[2.35443521],5.0,0.5,0.0,0.0027762613034638815,0.12349120225485372,1.3851647345187401
17.152081727981567,2.3295435009345824,[2.35443521],5.0,0.5,0.0,0.0025541675264371703,0.12444884942136394,1.3834510474104604
17.16105628013611,2.3295435009345824,[2.35443521],5.0,0.5,0.0,0.0023498391133975507,0.12445842589302905,1.3834510481563704
17.17015790939331,2.3295435009345824,[2.35443521],5.0,0.5,0.0,0.0021618554766785368,0.1244585216577457,1.383451048787715
17.17997431755066,2.3295435009345824,[2.35443521],5.0,0.5,0.0,0.001988909483191223,0.12445852261539286,1.383451049322089
17.190053939819336,2.3295435009345824,[2.35443521],5.0,0.5,0.0,0.001829798435788811,0.12445852262496934,1.3834510497743857
17.198479413986206,2.329738899651319,[2.35443521],5.0,0.5,0.0,0.0016834157588027367,0.12349129897721851,1.3851647381467536
17.208136558532715,2.329738899651319,[2.35443521],5.0,0.5,0.0,0.0015487433366124367,0.12348162674074101,1.3851647384707784
17.217085599899292,2.3295435009345824,[2.35443521],5.0,0.5,0.0,0.001424844456643188,0.12444875366622282,1.3834510507554914
17.226088047027588,2.3295435009345824,[2.35443521],5.0,0.5,0.0,0.0013108573109835544,0.12445842493547764,1.3834510509876212
17.234249353408813,2.329738899651319,[2.35443521],5.0,0.5,0.0,0.0012059890137151453,0.1234912980003236,1.3851647391736386
17.2440345287323,2.3295435009345824,[2.35443521],5.0,0.5,0.0,0.001109510093945128,0.12444885037881864,1.383451051350393
17.253058910369873,2.329738899651319,[2.35443521],5.0,0.5,0.0,0.0010207494273585544,0.123491202254757,1.385164739480689
17.263106107711792,2.3295435009345824,[2.35443521],5.0,0.5,0.0,0.0009390895718201946,0.12444884942136297,1.3834510516102807
17.27411985397339,2.329738899651319,[2.35443521],5.0,0.5,0.0,0.0008639624751298066,0.12349120224518245,1.3851647397006581
17.283085823059082,2.3295435009345824,[2.35443521],5.0,0.5,0.0,0.000794845525458081,0.12444884942126723,1.3834510517964627
17.293705224990845,2.3295435009345824,[2.35443521],5.0,0.5,0.0,0.0007312579172584955,0.12445842589302808,1.3834510518687002
17.30207896232605,2.329738899651319,[2.35443521],5.0,0.5,0.0,0.0006727573075637586,0.12349129800989911,1.3851647399193843
17.31207847595215,2.329738899651319,[2.35443521],5.0,0.5,0.0,0.000618936739538818,0.12348162673106781,1.3851647399711349
17.322704076766968,2.3295435009345824,[2.35443521],5.0,0.5,0.0,0.0005694218119818243,0.12444875366612608,1.3834510520253942
17.332880973815918,2.329738899651319,[2.35443521],5.0,0.5,0.0,0.0005238680751475568,0.12349120128763008,1.3851647400520102
17.342058181762695,2.329738899651319,[2.35443521],5.0,0.5,0.0,0.00048195863482274775,0.12348162576384512,1.3851647400833893
17.352144718170166,2.329738899651319,[2.35443521],5.0,0.5,0.0,0.0004434019480178247,0.12348153000860727,1.3851647401099487
17.36206579208374,2.329738899651319,[2.35443521],5.0,0.5,0.0,0.00040792979496302663,0.12348152905105489,1.3851647401324285
17.370826721191406,2.3295435009345824,[2.35443521],5.0,0.5,0.0,0.0003752954133166238,0.12444875268932595,1.3834510521619132
17.38206720352173,2.329738899651319,[2.35443521],5.0,0.5,0.0,0.00034527178161674157,0.12349120127786208,1.3851647401675597
17.39045476913452,2.3295435009345824,[2.35443521],5.0,0.5,0.0,0.0003176500400432156,0.12444884941159402,1.3834510521916483
17.39947485923767,2.3295435009345824,[2.35443521],5.0,0.5,0.0,0.0002922380375088273,0.12445842589293135,1.3834510522031855
17.411965131759644,2.3295435009345824,[2.35443521],5.0,0.5,0.0,0.0002688589949764693,0.12445852165774472,1.3834510522129504
17.42187476158142,2.3295435009345824,[2.35443521],5.0,0.5,0.0,0.00024735027570619607,0.12445852261539285,1.3834510522212156
17.431101083755493,2.3295435009345824,[2.35443521],5.0,0.5,0.0,0.00022756225387919062,0.12445852262496934,1.383451052228211
17.43909740447998,2.3295435009345824,[2.35443521],5.0,0.5,0.0,0.000209357273729499,0.1244585226250651,1.3834510522341321
17.449088096618652,2.329738899651319,[2.35443521],5.0,0.5,0.0,0.0001926086919435897,0.12349129897721947,1.385164740228686
17.459062099456787,2.3295435009345824,[2.35443521],5.0,0.5,0.0,0.0001771999966668177,0.1244488503885876,1.3834510522433856
17.468576431274414,2.329738899651319,[2.35443521],5.0,0.5,0.0,0.0001630239969885729,0.1234912022548547,1.385164740236518
17.477751970291138,2.329738899651319,[2.35443521],5.0,0.5,0.0,0.00014998207726805768,0.12348162577351737,1.3851647402395568
17.48758816719055,2.329738899651319,[2.35443521],5.0,0.5,0.0,0.00013798351111361267,0.123481530008704,1.3851647402421288
17.496948957443237,2.3295435009345824,[2.35443521],5.0,0.5,0.0,0.00012694483024342304,0.12444875269890245,1.3834510522547636
17.507308959960938,2.329738899651319,[2.35443521],5.0,0.5,0.0,0.00011678924383717903,0.12349120127795785,1.3851647402461484
17.516086101531982,2.329738899651319,[2.35443521],5.0,0.5,0.0,0.00010744610433946543,0.1234816257637484,1.3851647402477079
17.524572372436523,2.3295435009345824,[2.35443521],5.0,0.5,0.0,9.885041599879074e-05,0.12444875365645289,1.3834510522594856
17.534120798110962,2.329738899651319,[2.35443521],5.0,0.5,0.0,9.094238272342519e-05,0.12349120128753335,1.3851647402501452
17.543195247650146,2.3295435009345824,[2.35443521],5.0,0.5,0.0,8.366699210872755e-05,0.12444884941169074,1.3834510522615486
17.55229115486145,2.329738899651319,[2.35443521],5.0,0.5,0.0,7.6973632742253e-05,0.12349120224508572,1.3851647402518912
17.560056447982788,2.329738899651319,[2.35443521],5.0,0.5,0.0,7.08157421244293e-05,0.12348162577341967,1.3851647402525686
17.570160150527954,2.3295435009345824,[2.35443521],5.0,0.5,0.0,6.515048275556439e-05,0.1244487536565496,1.3834510522635999
17.581707239151,2.329738899651319,[2.35443521],5.0,0.5,0.0,5.993844413588188e-05,0.12349120128753432,1.3851647402536273
17.590147972106934,2.3295435009345824,[2.35443521],5.0,0.5,0.0,5.5143368605545227e-05,0.12444884941169075,1.383451052264496
17.599366426467896,2.3295435009345824,[2.35443521],5.0,0.5,0.0,5.073189911747539e-05,0.12445842589293231,1.3834510522648438
17.608089208602905,2.329738899651319,[2.35443521],5.0,0.5,0.0,4.667334718833893e-05,0.12349129800989815,1.3851647402546803
17.617045402526855,2.329738899651319,[2.35443521],5.0,0.5,0.0,4.29394794134549e-05,0.1234816267310678,1.3851647402549292
17.627071380615234,2.3295435009345824,[2.35443521],5.0,0.5,0.0,3.95043210605067e-05,0.12444875366612608,1.3834510522655978
17.636038780212402,2.3295435009345824,[2.35443521],5.0,0.5,0.0,3.6343975375755845e-05,0.12445842493547667,1.3834510522657764
17.64410948753357,2.329738899651319,[2.35443521],5.0,0.5,0.0,3.343645734575816e-05,0.12349129800032359,1.3851647402554694
17.655651330947876,2.3295435009345824,[2.35443521],5.0,0.5,0.0,3.0761540758141545e-05,0.12444885037881864,1.3834510522660552
17.665226936340332,2.3295435009345824,[2.35443521],5.0,0.5,0.0,2.8300617497521015e-05,0.12445842590260359,1.3834510522661634
17.673088788986206,2.3295435009345824,[2.35443521],5.0,0.5,0.0,2.6036568097740863e-05,0.12445852165784144,1.3834510522662549
17.6820969581604,2.329738899651319,[2.35443521],5.0,0.5,0.0,2.395364264993663e-05,0.12349129896754724,1.3851647402558747
17.69114589691162,2.3295435009345824,[2.35443521],5.0,0.5,0.0,2.203735123795225e-05,0.12444885038849088,1.383451052266398
17.7005295753479,2.329738899651319,[2.35443521],5.0,0.5,0.0,2.027436313892349e-05,0.12349120225485373,1.3851647402559957
17.710238456726074,2.329738899651319,[2.35443521],5.0,0.5,0.0,1.865241408781479e-05,0.12348162577351736,1.3851647402560427
17.719550848007202,2.3295435009345824,[2.35443521],5.0,0.5,0.0,1.7160220960793206e-05,0.12444875365655059,1.3834510522665404
17.728047609329224,2.329738899651319,[2.35443521],5.0,0.5,0.0,1.5787403283932294e-05,0.12349120128753432,1.3851647402561162
17.738125562667847,2.3295435009345824,[2.35443521],5.0,0.5,0.0,1.4524411021219472e-05,0.12444884941169075,1.3834510522666026
17.74810028076172,2.329738899651319,[2.35443521],5.0,0.5,0.0,1.3362458139523162e-05,0.12349120224508572,1.3851647402561689
17.757669687271118,2.329738899651319,[2.35443521],5.0,0.5,0.0,1.2293461488362199e-05,0.12348162577341967,1.3851647402561893
17.768386363983154,2.3295435009345824,[2.35443521],5.0,0.5,0.0,1.130998456929384e-05,0.1244487536565496,1.3834510522666643
17.777074813842773,2.3295435009345824,[2.35443521],5.0,0.5,0.0,1.0405185803750752e-05,0.12445842493538091,1.383451052266679
17.786006212234497,2.329738899651319,[2.35443521],5.0,0.5,0.0,9.572770939450986e-06,0.12349129800032263,1.3851647402562335
17.79603862762451,2.3295435009345824,[2.35443521],5.0,0.5,0.0,8.80694926429512e-06,0.12444885037881863,1.3834510522667018
17.805274963378906,2.329738899651319,[2.35443521],5.0,0.5,0.0,8.102393323151655e-06,0.123491202254757,1.3851647402562528
17.815250873565674,2.329738899651319,[2.35443521],5.0,0.5,0.0,7.454201857299637e-06,0.12348162577351639,1.3851647402562604
17.8245587348938,2.3295435009345824,[2.35443521],5.0,0.5,0.0,6.8578657087157315e-06,0.12444875365655057,1.3834510522667245
17.83448338508606,2.3295435009345824,[2.35443521],5.0,0.5,0.0,6.309236452018514e-06,0.12445842493538091,1.38345105226673
17.842031002044678,2.3295435009345824,[2.35443521],5.0,0.5,0.0,5.804497535857073e-06,0.12445852164816922,1.3834510522667345
17.851022958755493,2.329738899651319,[2.35443521],5.0,0.5,0.0,5.340137732988529e-06,0.12349129896745051,1.3851647402562806
17.861766815185547,2.3295435009345824,[2.35443521],5.0,0.5,0.0,4.912926714349466e-06,0.1244488503884899,1.3834510522667416
17.871057510375977,2.3295435009345824,[2.35443521],5.0,0.5,0.0,4.519892577201519e-06,0.1244584259027003,1.3834510522667443
17.881030082702637,2.3295435009345824,[2.35443521],5.0,0.5,0.0,4.158301171025404e-06,0.12445852165784241,1.3834510522667467
17.89010214805603,2.3295435009345824,[2.35443521],5.0,0.5,0.0,3.82563707734338e-06,0.12445852261539384,1.3834510522667487
17.900158166885376,2.329738899651319,[2.35443521],5.0,0.5,0.0,3.519586111155912e-06,0.12349129897712276,1.3851647402562925
17.90935969352722,2.3295435009345824,[2.35443521],5.0,0.5,0.0,3.238019222263449e-06,0.12444885038858663,1.3834510522667518
17.918040990829468,2.3295435009345824,[2.35443521],5.0,0.5,0.0,2.9789776844823735e-06,0.12445842590270127,1.383451052266753
17.930109977722168,2.3295435009345824,[2.35443521],5.0,0.5,0.0,2.740659469723784e-06,0.12445852165784242,1.383451052266754
17.93907380104065,2.329738899651319,[2.35443521],5.0,0.5,0.0,2.5214067121458835e-06,0.12349129896754725,1.385164740256297
17.948015928268433,2.329738899651319,[2.35443521],5.0,0.5,0.0,2.31969417517421e-06,0.12348162674064429,1.3851647402562977
17.95748257637024,2.3295435009345824,[2.35443521],5.0,0.5,0.0,2.1341186411602737e-06,0.12444875366622185,1.3834510522667562
17.966672897338867,2.329738899651319,[2.35443521],5.0,0.5,0.0,1.9633891498674533e-06,0.12349120128763104,1.385164740256299
17.97645378112793,2.329738899651319,[2.35443521],5.0,0.5,0.0,1.8063180178780583e-06,0.12348162576384514,1.3851647402562994
17.985069513320923,2.3295435009345824,[2.35443521],5.0,0.5,0.0,1.6618125764478138e-06,0.12444875365645386,1.3834510522667576
17.99646258354187,2.3295435009345824,[2.35443521],5.0,0.5,0.0,1.52886757033199e-06,0.12445842493537995,1.3834510522667578
18.006032943725586,2.3295435009345824,[2.35443521],5.0,0.5,0.0,1.4065581647054299e-06,0.1244585216481692,1.383451052266758
18.014939785003662,2.3295435009345824,[2.35443521],5.0,0.5,0.0,1.2940335115289966e-06,0.12445852261529709,1.3834510522667585
18.023919343948364,2.329738899651319,[2.35443521],5.0,0.5,0.0,1.1905108306066755e-06,0.1234912989771218,1.3851647402563008
18.033023357391357,2.3295435009345824,[2.35443521],5.0,0.5,0.0,1.0952699641581417e-06,0.12444885038858662,1.3834510522667587
18.043621301651,2.329738899651319,[2.35443521],5.0,0.5,0.0,1.0076483670254899e-06,0.12349120225485469,1.385164740256301
18.053372859954834,2.329738899651319,[2.35443521],5.0,0.5,0.0,9.270364976634524e-07,0.12348162577351737,1.3851647402563012
18.062050104141235,2.3295435009345824,[2.35443521],5.0,0.5,0.0,8.52873577850375e-07,0.12444875365655059,1.383451052266759
18.070539712905884,2.3295435009345824,[2.35443521],5.0,0.5,0.0,7.846436916223459e-07,0.12445842493538091,1.3834510522667591
18.079155921936035,2.329738899651319,[2.35443521],5.0,0.5,0.0,7.218721962925573e-07,0.12349129800032263,1.3851647402563014
18.08871340751648,2.3295435009345824,[2.35443521],5.0,0.5,0.0,6.641224205891527e-07,0.12444885037881863,1.3834510522667594
18.09712553024292,2.329738899651319,[2.35443521],5.0,0.5,0.0,6.109926269420196e-07,0.123491202254757,1.3851647402563014
18.107303619384766,2.329738899651319,[2.35443521],5.0,0.5,0.0,5.621132167866583e-07,0.12348162577351639,1.3851647402563017
18.115025997161865,2.3295435009345824,[2.35443521],5.0,0.5,0.0,5.171441594437263e-07,0.12444875365655057,1.3834510522667594
18.12600803375244,2.3295435009345824,[2.35443521],5.0,0.5,0.0,4.75772626688229e-07,0.12445842493538091,1.3834510522667594
18.13503646850586,2.3295435009345824,[2.35443521],5.0,0.5,0.0,4.377108165531714e-07,0.12445852164816922,1.3834510522667594
18.146084785461426,2.329738899651319,[2.35443521],5.0,0.5,0.0,4.026939512289174e-07,0.12349129896745051,1.3851647402563017
18.156371355056763,2.329738899651319,[2.35443521],5.0,0.5,0.0,3.704784351306033e-07,0.12348162674064332,1.3851647402563017
18.164069652557373,2.329738899651319,[2.35443521],5.0,0.5,0.0,3.408401603201546e-07,0.12348153001837525,1.3851647402563017
18.174034118652344,2.3295435009345824,[2.35443521],5.0,0.5,0.0,3.1357294749454264e-07,0.12444875269899916,1.3834510522667596
18.183172464370728,2.3295435009345824,[2.35443521],5.0,0.5,0.0,2.8848711169497895e-07,0.1244584249258054,1.3834510522667596
18.192055463790894,2.329738899651319,[2.35443521],5.0,0.5,0.0,2.6540814275938047e-07,0.12349129800022687,1.3851647402563017
18.20201587677002,2.329738899651319,[2.35443521],5.0,0.5,0.0,2.4417549133863065e-07,0.12348162673097109,1.3851647402563017
18.21257448196411,2.3295435009345824,[2.35443521],5.0,0.5,0.0,2.2464145203153994e-07,0.12444875366612512,1.3834510522667596
18.223121643066406,2.3295435009345824,[2.35443521],5.0,0.5,0.0,2.0667013586901697e-07,0.12445842493547665,1.3834510522667596
18.23286008834839,2.329738899651319,[2.35443521],5.0,0.5,0.0,1.9013652499949543e-07,0.12349129800032359,1.3851647402563017
18.242385149002075,2.329738899651319,[2.35443521],5.0,0.5,0.0,1.749256029995356e-07,0.12348162673097206,1.3851647402563017
18.251359224319458,2.3295435009345824,[2.35443521],5.0,0.5,0.0,1.6093155475957285e-07,0.12444875366612512,1.3834510522667596
18.259979963302612,2.3295435009345824,[2.35443521],5.0,0.5,0.0,1.4805703037880742e-07,0.12445842493547665,1.3834510522667596
18.269035577774048,2.3295435009345824,[2.35443521],5.0,0.5,0.0,1.362124679485026e-07,0.12445852164817017,1.3834510522667596
18.278595685958862,2.329738899651319,[2.35443521],5.0,0.5,0.0,1.253154705126225e-07,0.12349129896745052,1.3851647402563017
18.288020372390747,2.329738899651319,[2.35443521],5.0,0.5,0.0,1.1529023287161285e-07,0.12348162674064332,1.3851647402563017
18.29759407043457,2.3295435009345824,[2.35443521],5.0,0.5,0.0,1.0606701424188355e-07,0.12444875366622184,1.3834510522667596
18.307012796401978,2.329738899651319,[2.35443521],5.0,0.5,0.0,9.75816531025329e-08,0.12349120128763104,1.3851647402563017
18.316053867340088,2.3295435009345824,[2.35443521],5.0,0.5,0.0,8.977512085433028e-08,0.12444884941169172,1.3834510522667596
18.3260657787323,2.3295435009345824,[2.35443521],5.0,0.5,0.0,8.259311118598392e-08,0.12445842589293232,1.3834510522667596
18.335232496261597,2.3295435009345824,[2.35443521],5.0,0.5,0.0,7.598566229110522e-08,0.12445852165774474,1.3834510522667596
18.344416856765747,2.3295435009345824,[2.35443521],5.0,0.5,0.0,6.990680930781683e-08,0.12445852261539285,1.3834510522667596
18.35419726371765,2.329738899651319,[2.35443521],5.0,0.5,0.0,6.431426456319149e-08,0.12349129897712276,1.3851647402563017
18.362993001937866,2.329738899651319,[2.35443521],5.0,0.5,0.0,5.916912339813611e-08,0.12348162674074005,1.3851647402563017
18.37299609184265,2.329738899651319,[2.35443521],5.0,0.5,0.0,5.443559352628514e-08,0.12348153001837622,1.3851647402563017
18.381266117095947,2.3295435009345824,[2.35443521],5.0,0.5,0.0,5.008074604418238e-08,0.12444875269899917,1.3834510522667596
18.390589714050293,2.329738899651319,[2.35443521],5.0,0.5,0.0,4.6074286360647814e-08,0.12349120127795882,1.3851647402563017
18.399978160858154,2.3295435009345824,[2.35443521],5.0,0.5,0.0,4.2388343451795974e-08,0.124448849411595,1.3834510522667596
18.407975435256958,2.329738899651319,[2.35443521],5.0,0.5,0.0,3.8997275975652286e-08,0.12349120224508477,1.3851647402563017
18.416993379592896,2.329738899651319,[2.35443521],5.0,0.5,0.0,3.5877493897600105e-08,0.12348162577341967,1.3851647402563017
18.42699646949768,2.3295435009345824,[2.35443521],5.0,0.5,0.0,3.3007294385792075e-08,0.1244487536565496,1.3834510522667596
18.436057806015015,2.3295435009345824,[2.35443521],5.0,0.5,0.0,3.036671083492876e-08,0.12445842493538091,1.3834510522667596
18.44457507133484,2.3295435009345824,[2.35443521],5.0,0.5,0.0,2.793737396813445e-08,0.12445852164816922,1.3834510522667596
18.45400309562683,2.329738899651319,[2.35443521],5.0,0.5,0.0,2.5702384050683706e-08,0.12349129896745051,1.3851647402563017
18.46402668952942,2.3295435009345824,[2.35443521],5.0,0.5,0.0,2.3646193326629038e-08,0.1244488503884899,1.3834510522667596
18.47243356704712,2.329738899651319,[2.35443521],5.0,0.5,0.0,2.1754497860498704e-08,0.12349120225485372,1.3851647402563017
18.480454206466675,2.3295435009345824,[2.35443521],5.0,0.5,0.0,2.001413803165881e-08,0.12444884942136394,1.3834510522667596
18.4893159866333,2.3295435009345824,[2.35443521],5.0,0.5,0.0,1.8413006989126085e-08,0.12445842589302905,1.3834510522667596
18.498568296432495,2.329738899651319,[2.35443521],5.0,0.5,0.0,1.6939966429996025e-08,0.12349129800989911,1.3851647402563017
18.509387731552124,2.3295435009345824,[2.35443521],5.0,0.5,0.0,1.5584769115596326e-08,0.1244488503789144,1.3834510522667596
18.518853187561035,2.329738899651319,[2.35443521],5.0,0.5,0.0,1.43379875863486e-08,0.12349120225475796,1.3851647402563017
18.52803325653076,2.329738899651319,[2.35443521],5.0,0.5,0.0,1.3190948579440713e-08,0.1234816257735164,1.3851647402563017
18.536996364593506,2.3295435009345824,[2.35443521],5.0,0.5,0.0,1.2135672693085475e-08,0.12444875365655057,1.3834510522667596
18.547161102294922,2.329738899651319,[2.35443521],5.0,0.5,0.0,1.116481887763864e-08,0.12349120128753432,1.3851647402563017
18.556358337402344,2.329738899651319,[2.35443521],5.0,0.5,0.0,1.0271633367427541e-08,0.12348162576384417,1.3851647402563017
18.564338445663452,2.329738899651319,[2.35443521],5.0,0.5,0.0,9.449902698033324e-09,0.12348153000860726,1.3851647402563017
18.573456525802612,2.3295435009345824,[2.35443521],5.0,0.5,0.0,8.69391048219067e-09,0.12444875269890147,1.3834510522667596
18.582281827926636,2.3295435009345824,[2.35443521],5.0,0.5,0.0,7.998397643615402e-09,0.12445842492580442,1.3834510522667596
18.590996503829956,2.329738899651319,[2.35443521],5.0,0.5,0.0,7.3585258321261764e-09,0.12349129800022686,1.3851647402563017
18.60162353515625,2.3295435009345824,[2.35443521],5.0,0.5,0.0,6.769843765556087e-09,0.12444885037881767,1.3834510522667596
18.611006259918213,2.3295435009345824,[2.35443521],5.0,0.5,0.0,6.228256264311613e-09,0.12445842590260359,1.3834510522667596
18.621031761169434,2.3295435009345824,[2.35443521],5.0,0.5,0.0,5.729995763166681e-09,0.12445852165784144,1.3834510522667596
18.631428241729736,2.3295435009345824,[2.35443521],5.0,0.5,0.0,5.271596102113345e-09,0.12445852261539382,1.3834510522667596
18.641350984573364,2.329738899651319,[2.35443521],5.0,0.5,0.0,4.8498684139442714e-09,0.12349129897712276,1.3851647402563017
18.649571418762207,2.329738899651319,[2.35443521],5.0,0.5,0.0,4.461878940828732e-09,0.12348162674074005,1.3851647402563017
18.65918803215027,2.3295435009345824,[2.35443521],5.0,0.5,0.0,4.104928625562438e-09,0.12444875366622281,1.3834510522667596
18.668601751327515,2.3295435009345824,[2.35443521],5.0,0.5,0.0,3.7765343355174416e-09,0.12445842493547764,1.3834510522667596
18.676027536392212,2.329738899651319,[2.35443521],5.0,0.5,0.0,3.4744115886760495e-09,0.1234912980003236,1.3851647402563017
18.68606400489807,2.329738899651319,[2.35443521],5.0,0.5,0.0,3.1964586615819595e-09,0.12348162673097206,1.3851647402563017
18.696374654769897,2.329738899651319,[2.35443521],5.0,0.5,0.0,2.9407419686554037e-09,0.12348153001827854,1.3851647402563017
18.704977989196777,2.3295435009345824,[2.35443521],5.0,0.5,0.0,2.705482611162975e-09,0.12444875269899819,1.3834510522667596
18.7139835357666,2.3295435009345824,[2.35443521],5.0,0.5,0.0,2.489044002269934e-09,0.12445842492580539,1.3834510522667596
18.725010633468628,2.3295435009345824,[2.35443521],5.0,0.5,0.0,2.2899204820883415e-09,0.12445852164807346,1.3834510522667596
18.733680248260498,2.3295435009345824,[2.35443521],5.0,0.5,0.0,2.1067268435212717e-09,0.12445852261529614,1.3834510522667596
18.743990659713745,2.3295435009345824,[2.35443521],5.0,0.5,0.0,1.938188696039573e-09,0.12445852262496837,1.3834510522667596
18.752233743667603,2.329738899651319,[2.35443521],5.0,0.5,0.0,1.7831336003564062e-09,0.1234912989772185,1.3851647402563017
18.762930870056152,2.3295435009345824,[2.35443521],5.0,0.5,0.0,1.6404829123278943e-09,0.12444885038858759,1.3834510522667596
18.77156376838684,2.329738899651319,[2.35443521],5.0,0.5,0.0,1.5092442793416607e-09,0.1234912022548547,1.3851647402563017
18.780978679656982,2.329738899651319,[2.35443521],5.0,0.5,0.0,1.388504736994328e-09,0.12348162577351737,1.3851647402563017
18.791104793548584,2.329738899651319,[2.35443521],5.0,0.5,0.0,1.277424358034781e-09,0.123481530008704,1.3851647402563017
18.80201768875122,2.329738899651319,[2.35443521],5.0,0.5,0.0,1.175230409391999e-09,0.12348152905105586,1.3851647402563017
18.81197500228882,2.329738899651319,[2.35443521],5.0,0.5,0.0,1.0812119766406408e-09,0.12348152904147938,1.3851647402563017
18.824399948120117,2.329738899651319,[2.35443521],5.0,0.5,0.0,9.94715018509391e-10,0.12348152904138361,1.3851647402563017
18.832428455352783,2.3295435009345824,[2.35443521],5.0,0.5,0.0,9.151378170286381e-10,0.12444875268922924,1.3834510522667596
18.841034412384033,2.329738899651319,[2.35443521],5.0,0.5,0.0,8.419267916663458e-10,0.12349120127786112,1.3851647402563017
18.85097074508667,2.3295435009345824,[2.35443521],5.0,0.5,0.0,7.745726483330391e-10,0.12444884941159402,1.3834510522667596
18.861464738845825,2.3295435009345824,[2.35443521],5.0,0.5,0.0,7.126068364663964e-10,0.12445842589293135,1.3834510522667596
18.870012760162354,2.329738899651319,[2.35443521],5.0,0.5,0.0,6.555982895490848e-10,0.12349129800989814,1.3851647402563017
18.879336833953857,2.329738899651319,[2.35443521],5.0,0.5,0.0,6.031504263851583e-10,0.1234816267310678,1.3851647402563017
18.887973070144653,2.3295435009345824,[2.35443521],5.0,0.5,0.0,5.548983922743454e-10,0.12444875366612608,1.3834510522667596
18.89822220802307,2.3295435009345824,[2.35443521],5.0,0.5,0.0,5.105065208923979e-10,0.12445842493547667,1.3834510522667596
18.908510446548462,2.3295435009345824,[2.35443521],5.0,0.5,0.0,4.696659992210058e-10,0.12445852164817017,1.3834510522667596
18.91699981689453,2.3295435009345824,[2.35443521],5.0,0.5,0.0,4.3209271928332526e-10,0.1244585226152971,1.3834510522667596
18.92702555656433,2.3295435009345824,[2.35443521],5.0,0.5,0.0,3.975253017406586e-10,0.12445852262496838,1.3834510522667596
18.937530279159546,2.329738899651319,[2.35443521],5.0,0.5,0.0,3.657232776014063e-10,0.1234912989772185,1.3851647402563017
18.946024179458618,2.3295435009345824,[2.35443521],5.0,0.5,0.0,3.364654153932941e-10,0.12444885038858759,1.3834510522667596
18.95504641532898,2.329738899651319,[2.35443521],5.0,0.5,0.0,3.0954818216183037e-10,0.1234912022548547,1.3851647402563017
18.96502375602722,2.329738899651319,[2.35443521],5.0,0.5,0.0,2.847843275888839e-10,0.12348162577351737,1.3851647402563017
18.973982334136963,2.3295435009345824,[2.35443521],5.0,0.5,0.0,2.620015813817733e-10,0.12444875365655059,1.3834510522667596
18.983065843582153,2.3295435009345824,[2.35443521],5.0,0.5,0.0,2.4104145487123176e-10,0.12445842493538091,1.3834510522667596
18.993626832962036,2.329738899651319,[2.35443521],5.0,0.5,0.0,2.2175813848153297e-10,0.12349129800032263,1.3851647402563017
19.00407099723816,2.3295435009345824,[2.35443521],5.0,0.5,0.0,2.0401748740301055e-10,0.12444885037881863,1.3834510522667596
19.012234687805176,2.329738899651319,[2.35443521],5.0,0.5,0.0,1.8769608841076977e-10,0.123491202254757,1.3851647402563017
19.020981311798096,2.3295435009345824,[2.35443521],5.0,0.5,0.0,1.7268040133790802e-10,0.12444884942136297,1.3834510522667596
19.031005859375,2.329738899651319,[2.35443521],5.0,0.5,0.0,1.5886596923087527e-10,0.12349120224518245,1.3851647402563017
19.04101037979126,2.329738899651319,[2.35443521],5.0,0.5,0.0,1.4615669169240533e-10,0.12348162577342064,1.3851647402563017
19.05055546760559,2.329738899651319,[2.35443521],5.0,0.5,0.0,1.3446415635701295e-10,0.12348153000870303,1.3851647402563017
19.060347080230713,2.329738899651319,[2.35443521],5.0,0.5,0.0,1.2370702384845177e-10,0.12348152905105585,1.3851647402563017
19.070130348205566,2.329738899651319,[2.35443521],5.0,0.5,0.0,1.1381046194057559e-10,0.12348152904147938,1.3851647402563017
19.07973885536194,2.3295435009345824,[2.35443521],5.0,0.5,0.0,1.0470562498532951e-10,0.1244487526892302,1.3834510522667596
19.090147733688354,2.3295435009345824,[2.35443521],5.0,0.5,0.0,9.632917498650345e-11,0.1244584249257077,1.3834510522667596
19.099972248077393,2.3295435009345824,[2.35443521],5.0,0.5,0.0,8.862284098758313e-11,0.12445852164807249,1.3834510522667596
19.109344482421875,2.3295435009345824,[2.35443521],5.0,0.5,0.0,8.153301370857641e-11,0.12445852261529614,1.3834510522667596
19.118052005767822,2.3295435009345824,[2.35443521],5.0,0.5,0.0,7.501037261189028e-11,0.12445852262496837,1.3834510522667596
19.12684464454651,2.3295435009345824,[2.35443521],5.0,0.5,0.0,6.900954280293916e-11,0.12445852262506509,1.3834510522667596
19.138954639434814,2.3295435009345824,[2.35443521],5.0,0.5,0.0,6.348877937870388e-11,0.12445852262506606,1.3834510522667596
19.150192737579346,2.329738899651319,[2.35443521],5.0,0.5,0.0,5.840967702840759e-11,0.12349129897721949,1.3851647402563017
19.160135746002197,2.329738899651319,[2.35443521],5.0,0.5,0.0,5.373690286613509e-11,0.12348162674074102,1.3851647402563017
19.169737339019775,2.3295435009345824,[2.35443521],5.0,0.5,0.0,4.943795063684425e-11,0.12444875366622282,1.3834510522667596
19.17821431159973,2.329738899651319,[2.35443521],5.0,0.5,0.0,4.548291458589668e-11,0.12349120128763105,1.3851647402563017
19.18731427192688,2.329738899651319,[2.35443521],5.0,0.5,0.0,4.184428141902491e-11,0.12348162576384514,1.3851647402563017
19.196983814239502,2.3295435009345824,[2.35443521],5.0,0.5,0.0,3.8496738905502914e-11,0.12444875365645386,1.3834510522667596
19.20498037338257,2.3295435009345824,[2.35443521],5.0,0.5,0.0,3.5416999793062745e-11,0.12445842493537995,1.3834510522667596
19.21410608291626,2.329738899651319,[2.35443521],5.0,0.5,0.0,3.2583639809617764e-11,0.12349129800032262,1.3851647402563017
19.223575830459595,2.329738899651319,[2.35443521],5.0,0.5,0.0,2.997694862484829e-11,0.12348162673097204,1.3851647402563017
19.23463463783264,2.329738899651319,[2.35443521],5.0,0.5,0.0,2.7578792734860433e-11,0.12348153001827854,1.3851647402563017
19.2434024810791,2.3295435009345824,[2.35443521],5.0,0.5,0.0,2.53724893160716e-11,0.12444875269899819,1.3834510522667596
19.25097107887268,2.329738899651319,[2.35443521],5.0,0.5,0.0,2.3342690170785883e-11,0.1234912012779588,1.3851647402563017
19.25996708869934,2.329738899651319,[2.35443521],5.0,0.5,0.0,2.147527495712302e-11,0.12348162576374841,1.3851647402563017
19.269083738327026,2.3295435009345824,[2.35443521],5.0,0.5,0.0,1.9757252960553168e-11,0.12444875365645289,1.3834510522667596
19.2800452709198,2.3295435009345824,[2.35443521],5.0,0.5,0.0,1.8176672723708916e-11,0.12445842493537994,1.3834510522667596
19.288206338882446,2.3295435009345824,[2.35443521],5.0,0.5,0.0,1.6722538905812194e-11,0.1244585216481692,1.3834510522667596
19.295990467071533,2.329738899651319,[2.35443521],5.0,0.5,0.0,1.5384735793347248e-11,0.12349129896745051,1.3851647402563017
19.30599570274353,2.329738899651319,[2.35443521],5.0,0.5,0.0,1.4153956929879457e-11,0.12348162674064332,1.3851647402563017
19.314046382904053,2.3295435009345824,[2.35443521],5.0,0.5,0.0,1.3021640375489106e-11,0.12444875366622184,1.3834510522667596
19.32297134399414,2.329738899651319,[2.35443521],5.0,0.5,0.0,1.1979909145449984e-11,0.12349120128763104,1.3851647402563017
19.332950115203857,2.3295435009345824,[2.35443521],5.0,0.5,0.0,1.1021516413813972e-11,0.12444884941169172,1.3834510522667596
19.340967655181885,2.3295435009345824,[2.35443521],5.0,0.5,0.0,1.0139795100708847e-11,0.12445842589293232,1.3834510522667596
19.351316690444946,2.329738899651319,[2.35443521],5.0,0.5,0.0,9.328611492652124e-12,0.12349129800989815,1.3851647402563017
19.360035181045532,2.3295435009345824,[2.35443521],5.0,0.5,0.0,8.582322573239962e-12,0.12444885037891439,1.3834510522667596
19.369232892990112,2.329738899651319,[2.35443521],5.0,0.5,0.0,7.895736767380777e-12,0.12349120225475796,1.3851647402563017
19.38010025024414,2.329738899651319,[2.35443521],5.0,0.5,0.0,7.264077825990308e-12,0.1234816257735164,1.3851647402563017
19.389458656311035,2.329738899651319,[2.35443521],5.0,0.5,0.0,6.682951599911097e-12,0.12348153000870399,1.3851647402563017
19.399882078170776,2.3295435009345824,[2.35443521],5.0,0.5,0.0,6.148315471918198e-12,0.12444875269890245,1.3834510522667596
19.40830159187317,2.3295435009345824,[2.35443521],5.0,0.5,0.0,5.656450234164738e-12,0.12445842492580443,1.3834510522667596
19.418050527572632,2.329738899651319,[2.35443521],5.0,0.5,0.0,5.2039342154315584e-12,0.12349129800022686,1.3851647402563017
19.425952911376953,2.3295435009345824,[2.35443521],5.0,0.5,0.0,4.7876194781970396e-12,0.12444885037881767,1.3834510522667596
19.436287879943848,2.329738899651319,[2.35443521],5.0,0.5,0.0,4.404609919941281e-12,0.123491202254757,1.3851647402563017
19.4449360370636,2.329738899651319,[2.35443521],5.0,0.5,0.0,4.052241126345983e-12,0.12348162577351639,1.3851647402563017
19.45402479171753,2.329738899651319,[2.35443521],5.0,0.5,0.0,3.728061836238308e-12,0.12348153000870399,1.3851647402563017
19.465736389160156,2.3295435009345824,[2.35443521],5.0,0.5,0.0,3.42981688933924e-12,0.12444875269890245,1.3834510522667596
19.475977420806885,2.329738899651319,[2.35443521],5.0,0.5,0.0,3.155431538192099e-12,0.12349120127795785,1.3851647402563017
19.48642659187317,2.3295435009345824,[2.35443521],5.0,0.5,0.0,2.902997015136728e-12,0.12444884941159498,1.3834510522667596
19.496347904205322,2.329738899651319,[2.35443521],5.0,0.5,0.0,2.6707572539257906e-12,0.12349120224508477,1.3851647402563017
19.50493097305298,2.3295435009345824,[2.35443521],5.0,0.5,0.0,2.4570966736117274e-12,0.12444884942126626,1.3834510522667596
19.515984773635864,2.329738899651319,[2.35443521],5.0,0.5,0.0,2.2605289397227882e-12,0.12349120224518148,1.3851647402563017
19.52582550048828,2.329738899651319,[2.35443521],5.0,0.5,0.0,2.0796866245449627e-12,0.12348162577342063,1.3851647402563017
19.534945011138916,2.3295435009345824,[2.35443521],5.0,0.5,0.0,1.9133116945813674e-12,0.12444875365654962,1.3834510522667596
19.544938325881958,2.3295435009345824,[2.35443521],5.0,0.5,0.0,1.760246759014859e-12,0.12445842493538091,1.3834510522667596
19.553951740264893,2.329738899651319,[2.35443521],5.0,0.5,0.0,1.6194270182936695e-12,0.12349129800032263,1.3851647402563017
19.563961029052734,2.329738899651319,[2.35443521],5.0,0.5,0.0,1.4898728568301761e-12,0.12348162673097204,1.3851647402563017
19.573985815048218,2.329738899651319,[2.35443521],5.0,0.5,0.0,1.3706830282837627e-12,0.12348153001827854,1.3851647402563017
19.583943367004395,2.3295435009345824,[2.35443521],5.0,0.5,0.0,1.2610283860210633e-12,0.12444875269899819,1.3834510522667596
19.59351086616516,2.3295435009345824,[2.35443521],5.0,0.5,0.0,1.1601461151393789e-12,0.12445842492580539,1.3834510522667596
19.603047370910645,2.329738899651319,[2.35443521],5.0,0.5,0.0,1.0673344259282273e-12,0.12349129800022687,1.3851647402563017
19.611552953720093,2.329738899651319,[2.35443521],5.0,0.5,0.0,9.819476718539695e-13,0.12348162673097109,1.3851647402563017
19.621209621429443,2.3295435009345824,[2.35443521],5.0,0.5,0.0,9.03391858105653e-13,0.12444875366612512,1.3834510522667596
19.62896466255188,2.3295435009345824,[2.35443521],5.0,0.5,0.0,8.311205094572018e-13,0.12445842493547665,1.3834510522667596
19.64089298248291,2.329738899651319,[2.35443521],5.0,0.5,0.0,7.646308687006231e-13,0.12349129800032359,1.3851647402563017
19.64918828010559,2.329738899651319,[2.35443521],5.0,0.5,0.0,7.034603992045738e-13,0.12348162673097206,1.3851647402563017
19.658114433288574,2.3295435009345824,[2.35443521],5.0,0.5,0.0,6.471835672682081e-13,0.12444875366612512,1.3834510522667596
19.66694664955139,2.329738899651319,[2.35443521],5.0,0.5,0.0,5.95408881886752e-13,0.12349120128763007,1.3851647402563017
19.675996780395508,2.329738899651319,[2.35443521],5.0,0.5,0.0,5.477761713358118e-13,0.12348162576384512,1.3851647402563017
19.685485124588013,2.3295435009345824,[2.35443521],5.0,0.5,0.0,5.03954077628946e-13,0.12444875365645386,1.3834510522667596
19.694441318511963,2.3295435009345824,[2.35443521],5.0,0.5,0.0,4.6363775141863e-13,0.12445842493537995,1.3834510522667596
19.706992864608765,2.329738899651319,[2.35443521],5.0,0.5,0.0,4.2654673130513975e-13,0.12349129800032262,1.3851647402563017
19.71725368499756,2.329738899651319,[2.35443521],5.0,0.5,0.0,3.9242299280072913e-13,0.12348162673097204,1.3851647402563017
19.72692108154297,2.3295435009345824,[2.35443521],5.0,0.5,0.0,3.6102915337667096e-13,0.12444875366612512,1.3834510522667596
19.735952138900757,2.329738899651319,[2.35443521],5.0,0.5,0.0,3.3214682110653703e-13,0.12349120128763007,1.3851647402563017
19.74652862548828,2.329738899651319,[2.35443521],5.0,0.5,0.0,3.0557507541801407e-13,0.12348162576384512,1.3851647402563017
19.754963874816895,2.329738899651319,[2.35443521],5.0,0.5,0.0,2.8112906938457304e-13,0.12348153000860727,1.3851647402563017
19.764636278152466,2.3295435009345824,[2.35443521],5.0,0.5,0.0,2.5863874383380735e-13,0.12444875269890147,1.3834510522667596
19.77462601661682,2.329738899651319,[2.35443521],5.0,0.5,0.0,2.379476443271027e-13,0.12349120127795783,1.3851647402563017
19.783332347869873,2.329738899651319,[2.35443521],5.0,0.5,0.0,2.1891183278093423e-13,0.1234816257637484,1.3851647402563017
19.791913270950317,2.3295435009345824,[2.35443521],5.0,0.5,0.0,2.0139888615845958e-13,0.12444875365645289,1.3834510522667596
19.80197811126709,2.329738899651319,[2.35443521],5.0,0.5,0.0,1.8528697526578328e-13,0.12349120128753335,1.3851647402563017
19.811217546463013,2.329738899651319,[2.35443521],5.0,0.5,0.0,1.7046401724452064e-13,0.12348162576384415,1.3851647402563017
19.82095718383789,2.329738899651319,[2.35443521],5.0,0.5,0.0,1.5682689586495885e-13,0.12348153000860726,1.3851647402563017
19.830249071121216,2.3295435009345824,[2.35443521],5.0,0.5,0.0,1.4428074419576204e-13,0.12444875269890147,1.3834510522667596
19.840571403503418,2.329738899651319,[2.35443521],5.0,0.5,0.0,1.3273828466010106e-13,0.12349120127795783,1.3851647402563017
19.84991693496704,2.329738899651319,[2.35443521],5.0,0.5,0.0,1.2211922188729295e-13,0.1234816257637484,1.3851647402563017
19.858916997909546,2.3295435009345824,[2.35443521],5.0,0.5,0.0,1.1234968413630941e-13,0.12444875365645289,1.3834510522667596
19.870002508163452,2.3295435009345824,[2.35443521],5.0,0.5,0.0,1.0336170940540478e-13,0.12445842493537994,1.3834510522667596
19.880932092666626,2.3295435009345824,[2.35443521],5.0,0.5,0.0,9.509277265297239e-14,0.1244585216481692,1.3834510522667596
19.889053106307983,2.3295435009345824,[2.35443521],5.0,0.5,0.0,8.748535084073456e-14,0.12445852261529709,1.3834510522667596
19.897967100143433,2.329738899651319,[2.35443521],5.0,0.5,0.0,8.048652277347583e-14,0.1234912989771218,1.3851647402563017
19.907015562057495,2.329738899651319,[2.35443521],5.0,0.5,0.0,7.404760095159786e-14,0.12348162674074004,1.3851647402563017
19.915918588638306,2.329738899651319,[2.35443521],5.0,0.5,0.0,6.812379287547e-14,0.12348153001837622,1.3851647402563017
19.924729585647583,2.329738899651319,[2.35443521],5.0,0.5,0.0,6.267388944543234e-14,0.12348152905115259,1.3851647402563017
19.9360032081604,2.3295435009345824,[2.35443521],5.0,0.5,0.0,5.765997828979775e-14,0.12444875268932694,1.3834510522667596
19.944884538650513,2.3295435009345824,[2.35443521],5.0,0.5,0.0,5.3047180026613934e-14,0.12445842492570867,1.3834510522667596
19.953909873962402,2.3295435009345824,[2.35443521],5.0,0.5,0.0,4.8803405624484876e-14,0.12445852164807249,1.3834510522667596
19.963937759399414,2.329738899651319,[2.35443521],5.0,0.5,0.0,4.4899133174526086e-14,0.12349129896744955,1.3851647402563017
19.9739089012146,2.329738899651319,[2.35443521],5.0,0.5,0.0,4.130720252056401e-14,0.12348162674064332,1.3851647402563017
19.98283863067627,2.329738899651319,[2.35443521],5.0,0.5,0.0,3.800262631891886e-14,0.12348153001837525,1.3851647402563017
19.992168426513672,2.329738899651319,[2.35443521],5.0,0.5,0.0,3.496241621340533e-14,0.12348152905115257,1.3851647402563017
20.002495050430298,2.3295435009345824,[2.35443521],5.0,0.5,0.0,3.216542291633288e-14,0.12444875268932694,1.3834510522667596
20.01087713241577,2.329738899651319,[2.35443521],5.0,0.5,0.0,2.9592189083026235e-14,0.12349120127786209,1.3851647402563017
20.02122402191162,2.329738899651319,[2.35443521],5.0,0.5,0.0,2.722481395638416e-14,0.12348162576374744,1.3851647402563017
20.029911994934082,2.3295435009345824,[2.35443521],5.0,0.5,0.0,2.504682883987343e-14,0.12444875365645289,1.3834510522667596
20.041436672210693,2.3295435009345824,[2.35443521],5.0,0.5,0.0,2.3043082532683576e-14,0.12445842493537994,1.3834510522667596
20.0512592792511,2.329738899651319,[2.35443521],5.0,0.5,0.0,2.1199635930068904e-14,0.12349129800032262,1.3851647402563017
20.05889654159546,2.3295435009345824,[2.35443521],5.0,0.5,0.0,1.950366505566339e-14,0.12444885037881863,1.3834510522667596
20.069931507110596,2.3295435009345824,[2.35443521],5.0,0.5,0.0,1.7943371851210315e-14,0.12445842590260359,1.3834510522667596
20.079885959625244,2.3295435009345824,[2.35443521],5.0,0.5,0.0,1.6507902103113507e-14,0.12445852165784144,1.3834510522667596
20.089884757995605,2.329738899651319,[2.35443521],5.0,0.5,0.0,1.5187269934864407e-14,0.12349129896754724,1.3851647402563017
20.098917722702026,2.329738899651319,[2.35443521],5.0,0.5,0.0,1.3972288340075249e-14,0.12348162674064429,1.3851647402563017
20.108413696289062,2.3295435009345824,[2.35443521],5.0,0.5,0.0,1.2854505272869227e-14,0.12444875366622185,1.3834510522667596
20.116931438446045,2.3295435009345824,[2.35443521],5.0,0.5,0.0,1.1826144851039698e-14,0.12445842493547762,1.3834510522667596
20.125926971435547,2.329738899651319,[2.35443521],5.0,0.5,0.0,1.0880053262956521e-14,0.1234912980003236,1.3851647402563017
20.13803482055664,2.3295435009345824,[2.35443521],5.0,0.5,0.0,1.0009649001920018e-14,0.12444885037881864,1.3834510522667596
20.14753818511963,2.3295435009345824,[2.35443521],5.0,0.5,0.0,9.208877081766414e-15,0.12445842590260359,1.3834510522667596
20.15636968612671,2.329738899651319,[2.35443521],5.0,0.5,0.0,8.472166915225096e-15,0.12349129800999485,1.3851647402563017
20.167462587356567,2.329738899651319,[2.35443521],5.0,0.5,0.0,7.794393562007078e-15,0.12348162673106877,1.3851647402563017
20.179205179214478,2.3295435009345824,[2.35443521],5.0,0.5,0.0,7.170842077046512e-15,0.1244487536661261,1.3834510522667596
20.19024634361267,2.329738899651319,[2.35443521],5.0,0.5,0.0,6.5971747108828046e-15,0.12349120128763008,1.3851647402563017
20.203742265701294,2.3295435009345824,[2.35443521],5.0,0.5,0.0,6.069400734012177e-15,0.12444884941169171,1.3834510522667596
20.21265149116516,2.3295435009345824,[2.35443521],5.0,0.5,0.0,5.583848675291202e-15,0.12445842589293232,1.3834510522667596
20.22401237487793,2.3295435009345824,[2.35443521],5.0,0.5,0.0,5.137140781267903e-15,0.12445852165774474,1.3834510522667596
20.23289465904236,2.329738899651319,[2.35443521],5.0,0.5,0.0,4.726169518766472e-15,0.12349129896754626,1.3851647402563017
20.244609594345093,2.329738899651319,[2.35443521],5.0,0.5,0.0,4.348075957265156e-15,0.12348162674064428,1.3851647402563017
20.253384828567505,2.3295435009345824,[2.35443521],5.0,0.5,0.0,4.000229880683947e-15,0.12444875366622185,1.3834510522667596
20.262377738952637,2.3295435009345824,[2.35443521],5.0,0.5,0.0,3.680211490229231e-15,0.12445842493547762,1.3834510522667596
20.270572423934937,2.329738899651319,[2.35443521],5.0,0.5,0.0,3.3857945710108863e-15,0.1234912980003236,1.3851647402563017
20.279370546340942,2.329738899651319,[2.35443521],5.0,0.5,0.0,3.114931005330017e-15,0.12348162673097206,1.3851647402563017
20.288347721099854,2.329738899651319,[2.35443521],5.0,0.5,0.0,2.865736524903615e-15,0.12348153001827854,1.3851647402563017
20.297874450683594,2.329738899651319,[2.35443521],5.0,0.5,0.0,2.636477602911329e-15,0.1234815290511516,1.3851647402563017
20.30939793586731,2.329738899651319,[2.35443521],5.0,0.5,0.0,2.425559394678421e-15,0.12348152904148034,1.3851647402563017
20.316911697387695,2.329738899651319,[2.35443521],5.0,0.5,0.0,2.2315146431041485e-15,0.12348152904138363,1.3851647402563017
20.32831382751465,2.329738899651319,[2.35443521],5.0,0.5,0.0,2.0529934716558135e-15,0.12348152904138265,1.3851647402563017
20.338886260986328,2.329738899651319,[2.35443521],5.0,0.5,0.0,1.8887539939233475e-15,0.12348152904138265,1.3851647402563017
20.350563526153564,2.3295435009345824,[2.35443521],5.0,0.5,0.0,1.7376536744094825e-15,0.12444875268922924,1.3834510522667596
20.359925746917725,2.329738899651319,[2.35443521],5.0,0.5,0.0,1.598641380456724e-15,0.12349120127786112,1.3851647402563017
20.368873357772827,2.329738899651319,[2.35443521],5.0,0.5,0.0,1.4707500700201872e-15,0.12348162576374744,1.3851647402563017
20.378226280212402,2.329738899651319,[2.35443521],5.0,0.5,0.0,1.353090064418571e-15,0.1234815300086063,1.3851647402563017
20.387492418289185,2.3295435009345824,[2.35443521],5.0,0.5,0.0,1.2448428592650863e-15,0.12444875269890147,1.3834510522667596
20.397084951400757,2.329738899651319,[2.35443521],5.0,0.5,0.0,1.1452554305238786e-15,0.12349120127795783,1.3851647402563017
20.40691375732422,2.3295435009345824,[2.35443521],5.0,0.5,0.0,1.0536349960819697e-15,0.12444884941159498,1.3834510522667596
20.415914297103882,2.329738899651319,[2.35443521],5.0,0.5,0.0,9.693441963954126e-16,0.12349120224508477,1.3851647402563017
20.42393445968628,2.329738899651319,[2.35443521],5.0,0.5,0.0,8.917966606837781e-16,0.12348162577341967,1.3851647402563017
20.432461261749268,2.329738899651319,[2.35443521],5.0,0.5,0.0,8.204529278290757e-16,0.12348153000870302,1.3851647402563017
20.44105362892151,2.3295435009345824,[2.35443521],5.0,0.5,0.0,7.548166936027503e-16,0.12444875269890243,1.3834510522667596
20.449222564697266,2.3295435009345824,[2.35443521],5.0,0.5,0.0,6.944313581145298e-16,0.12445842492580443,1.3834510522667596
20.458207368850708,2.3295435009345824,[2.35443521],5.0,0.5,0.0,6.388768494653682e-16,0.12445852164807344,1.3834510522667596
20.46587896347046,2.3295435009345824,[2.35443521],5.0,0.5,0.0,5.8776670150813825e-16,0.12445852261529614,1.3834510522667596
20.474886417388916,2.329738899651319,[2.35443521],5.0,0.5,0.0,5.407453653874871e-16,0.12349129897712179,1.3851647402563017
20.48539686203003,2.329738899651319,[2.35443521],5.0,0.5,0.0,4.974857361564881e-16,0.12348162674074004,1.3851647402563017
20.495560884475708,2.3295435009345824,[2.35443521],5.0,0.5,0.0,4.5768687726397e-16,0.12444875366622281,1.3834510522667596
20.508943557739258,2.329738899651319,[2.35443521],5.0,0.5,0.0,4.2107192708285154e-16,0.12349120128763105,1.3851647402563017
20.519413709640503,2.3295435009345824,[2.35443521],5.0,0.5,0.0,3.873861729162232e-16,0.12444884941169172,1.3834510522667596
20.52992582321167,2.3295435009345824,[2.35443521],5.0,0.5,0.0,3.5639527908292563e-16,0.12445842589293232,1.3834510522667596
20.538058042526245,2.329738899651319,[2.35443521],5.0,0.5,0.0,3.2788365675629186e-16,0.12349129800989815,1.3851647402563017
20.546295404434204,2.3295435009345824,[2.35443521],5.0,0.5,0.0,3.016529642157882e-16,0.12444885037891439,1.3834510522667596
20.55515456199646,2.329738899651319,[2.35443521],5.0,0.5,0.0,2.7752072707852546e-16,0.12349120225475796,1.3851647402563017
20.564960718154907,2.3295435009345824,[2.35443521],5.0,0.5,0.0,2.553190689122433e-16,0.12444884942136299,1.3834510522667596
20.573327779769897,2.3295435009345824,[2.35443521],5.0,0.5,0.0,2.3489354339926427e-16,0.12445842589302904,1.3834510522667596
20.582860231399536,2.329738899651319,[2.35443521],5.0,0.5,0.0,2.161020599273233e-16,0.12349129800989911,1.3851647402563017
20.592915058135986,2.329738899651319,[2.35443521],5.0,0.5,0.0,1.9881389513313735e-16,0.12348162673106781,1.3851647402563017
20.60278034210205,2.3295435009345824,[2.35443521],5.0,0.5,0.0,1.829087835224863e-16,0.12444875366612608,1.3834510522667596
20.612070560455322,2.329738899651319,[2.35443521],5.0,0.5,0.0,1.682760808406869e-16,0.12349120128763008,1.3851647402563017
20.620139598846436,2.3295435009345824,[2.35443521],5.0,0.5,0.0,1.5481399437343196e-16,0.12444884941169171,1.3834510522667596
20.62889266014099,2.3295435009345824,[2.35443521],5.0,0.5,0.0,1.4242887482355746e-16,0.12445842589293232,1.3834510522667596
20.63826560974121,2.329738899651319,[2.35443521],5.0,0.5,0.0,1.3103456483767286e-16,0.12349129800989815,1.3851647402563017
20.64635920524597,2.329738899651319,[2.35443521],5.0,0.5,0.0,1.2055179965065894e-16,0.1234816267310678,1.3851647402563017
20.65463900566101,2.329738899651319,[2.35443521],5.0,0.5,0.0,1.1090765567860644e-16,0.1234815300182795,1.3851647402563017
20.664875745773315,2.3295435009345824,[2.35443521],5.0,0.5,0.0,1.0203504322431792e-16,0.1244487526989982,1.3834510522667596
20.67510747909546,2.3295435009345824,[2.35443521],5.0,0.5,0.0,9.387223976637241e-17,0.12445842492580539,1.3834510522667596
20.686033010482788,2.329738899651319,[2.35443521],5.0,0.5,0.0,8.636246058506271e-17,0.12349129800022687,1.3851647402563017
20.695903062820435,2.3295435009345824,[2.35443521],5.0,0.5,0.0,7.945346373825778e-17,0.12444885037881767,1.3834510522667596
20.705073595046997,2.329738899651319,[2.35443521],5.0,0.5,0.0,7.3097186639197e-17,0.123491202254757,1.3851647402563017
20.716214179992676,2.3295435009345824,[2.35443521],5.0,0.5,0.0,6.724941170806137e-17,0.12444884942136297,1.3834510522667596
20.726863861083984,2.329738899651319,[2.35443521],5.0,0.5,0.0,6.186945877141635e-17,0.12349120224518245,1.3851647402563017
20.735364198684692,2.3295435009345824,[2.35443521],5.0,0.5,0.0,5.691990206970301e-17,0.12444884942126723,1.3834510522667596
20.744293212890625,2.329738899651319,[2.35443521],5.0,0.5,0.0,5.2366309904126776e-17,0.1234912022451815,1.3851647402563017
20.752981424331665,2.329738899651319,[2.35443521],5.0,0.5,0.0,4.8177005111796774e-17,0.12348162577342063,1.3851647402563017
20.768811464309692,2.3295435009345824,[2.35443521],5.0,0.5,0.0,4.432284470285298e-17,0.12444875365654962,1.3834510522667596
20.77818775177002,2.329738899651319,[2.35443521],5.0,0.5,0.0,4.0777017126624776e-17,0.12349120128753432,1.3851647402563017
20.786956310272217,2.329738899651319,[2.35443521],5.0,0.5,0.0,3.7514855756494724e-17,0.12348162576384417,1.3851647402563017
20.798518657684326,2.329738899651319,[2.35443521],5.0,0.5,0.0,3.451366729597519e-17,0.12348153000860726,1.3851647402563017
20.809202194213867,2.3295435009345824,[2.35443521],5.0,0.5,0.0,3.1752573912297226e-17,0.12444875269890147,1.3834510522667596
20.8192081451416,2.3295435009345824,[2.35443521],5.0,0.5,0.0,2.921236799931342e-17,0.12445842492580442,1.3834510522667596
20.82784390449524,2.3295435009345824,[2.35443521],5.0,0.5,0.0,2.687537855936834e-17,0.12445852164807344,1.3834510522667596
20.83869504928589,2.3295435009345824,[2.35443521],5.0,0.5,0.0,2.4725348274618862e-17,0.12445852261529614,1.3834510522667596
20.8482723236084,2.329738899651319,[2.35443521],5.0,0.5,0.0,2.2747320412649357e-17,0.12349129897712179,1.3851647402563017
20.860779762268066,2.3295435009345824,[2.35443521],5.0,0.5,0.0,2.0927534779637415e-17,0.12444885038858662,1.3834510522667596
20.869943618774414,2.3295435009345824,[2.35443521],5.0,0.5,0.0,1.9253331997266386e-17,0.12445842590270127,1.3834510522667596
20.878930807113647,2.329738899651319,[2.35443521],5.0,0.5,0.0,1.771306543748507e-17,0.12349129800999584,1.3851647402563017
20.887487173080444,2.3295435009345824,[2.35443521],5.0,0.5,0.0,1.6296020202486277e-17,0.12444885037891537,1.3834510522667596
20.898059606552124,2.3295435009345824,[2.35443521],5.0,0.5,0.0,1.4992338586287372e-17,0.12445842590260456,1.3834510522667596
20.907535314559937,2.3295435009345824,[2.35443521],5.0,0.5,0.0,1.3792951499384388e-17,0.12445852165784145,1.3834510522667596
20.915854930877686,2.329738899651319,[2.35443521],5.0,0.5,0.0,1.2689515379433636e-17,0.12349129896754724,1.3851647402563017
20.92832851409912,2.329738899651319,[2.35443521],5.0,0.5,0.0,1.1674354149078952e-17,0.12348162674064429,1.3851647402563017
20.936548709869385,2.329738899651319,[2.35443521],5.0,0.5,0.0,1.0740405817152648e-17,0.12348153001837527,1.3851647402563017
20.94441294670105,2.329738899651319,[2.35443521],5.0,0.5,0.0,9.881173351780431e-18,0.12348152905115257,1.3851647402563017
20.952863931655884,2.3295435009345824,[2.35443521],5.0,0.5,0.0,9.090679483638008e-18,0.12444875268932694,1.3834510522667596
20.962049961090088,2.3295435009345824,[2.35443521],5.0,0.5,0.0,8.363425124946964e-18,0.12445842492570867,1.3834510522667596
20.9718976020813,2.3295435009345824,[2.35443521],5.0,0.5,0.0,7.694351114951214e-18,0.12445852164807249,1.3834510522667596
20.981900691986084,2.329738899651319,[2.35443521],5.0,0.5,0.0,7.07880302575511e-18,0.12349129896744955,1.3851647402563017
20.99199891090393,2.329738899651319,[2.35443521],5.0,0.5,0.0,6.512498783694694e-18,0.12348162674064332,1.3851647402563017
21.001388549804688,2.3295435009345824,[2.35443521],5.0,0.5,0.0,5.991498880999126e-18,0.12444875366622184,1.3834510522667596
21.011733055114746,2.329738899651319,[2.35443521],5.0,0.5,0.0,5.512178970519188e-18,0.12349120128763104,1.3851647402563017
21.023465871810913,2.3295435009345824,[2.35443521],5.0,0.5,0.0,5.071204652877652e-18,0.12444884941169172,1.3834510522667596
21.03185534477234,2.329738899651319,[2.35443521],5.0,0.5,0.0,4.665508280647442e-18,0.12349120224508574,1.3851647402563017
21.040836572647095,2.329738899651319,[2.35443521],5.0,0.5,0.0,4.292267618195641e-18,0.12348162577341967,1.3851647402563017
21.049002408981323,2.3295435009345824,[2.35443521],5.0,0.5,0.0,3.948886208739992e-18,0.1244487536565496,1.3834510522667596
21.05884289741516,2.3295435009345824,[2.35443521],5.0,0.5,0.0,3.632975312040798e-18,0.12445842493538091,1.3834510522667596
21.06682825088501,2.329738899651319,[2.35443521],5.0,0.5,0.0,3.3423372870775336e-18,0.12349129800032263,1.3851647402563017
21.07521390914917,2.3295435009345824,[2.35443521],5.0,0.5,0.0,3.0749503041113255e-18,0.12444885037881863,1.3834510522667596
21.0842547416687,2.329738899651319,[2.35443521],5.0,0.5,0.0,2.828954279782424e-18,0.123491202254757,1.3851647402563017
21.09517741203308,2.3295435009345824,[2.35443521],5.0,0.5,0.0,2.6026379373998283e-18,0.12444884942136297,1.3834510522667596
21.103935480117798,2.329738899651319,[2.35443521],5.0,0.5,0.0,2.394426902407845e-18,0.12349120224518245,1.3851647402563017
21.112000703811646,2.329738899651319,[2.35443521],5.0,0.5,0.0,2.202872750215218e-18,0.12348162577342064,1.3851647402563017
21.12191343307495,2.3295435009345824,[2.35443521],5.0,0.5,0.0,2.026642930197999e-18,0.12444875365654962,1.3834510522667596
21.130903005599976,2.3295435009345824,[2.35443521],5.0,0.5,0.0,1.86451149578216e-18,0.12445842493538091,1.3834510522667596
21.138879537582397,2.329738899651319,[2.35443521],5.0,0.5,0.0,1.7153505761195887e-18,0.12349129800032263,1.3851647402563017
21.147926092147827,2.329738899651319,[2.35443521],5.0,0.5,0.0,1.5781225300300208e-18,0.12348162673097204,1.3851647402563017
21.162898540496826,2.3295435009345824,[2.35443521],5.0,0.5,0.0,1.4518727276276183e-18,0.12444875366612512,1.3834510522667596
21.171878576278687,2.329738899651319,[2.35443521],5.0,0.5,0.0,1.3357229094174077e-18,0.12349120128763007,1.3851647402563017
21.182169198989868,2.329738899651319,[2.35443521],5.0,0.5,0.0,1.2288650766640167e-18,0.12348162576384512,1.3851647402563017
21.189924240112305,2.3295435009345824,[2.35443521],5.0,0.5,0.0,1.130555870530895e-18,0.12444875365645386,1.3834510522667596
21.20139741897583,2.3295435009345824,[2.35443521],5.0,0.5,0.0,1.0401114008884231e-18,0.12445842493537995,1.3834510522667596
21.210105657577515,2.3295435009345824,[2.35443521],5.0,0.5,0.0,9.569024888173505e-19,0.1244585216481692,1.3834510522667596
21.217933893203735,2.3295435009345824,[2.35443521],5.0,0.5,0.0,8.803502897119617e-19,0.12445852261529709,1.3834510522667596
21.228540182113647,2.3295435009345824,[2.35443521],5.0,0.5,0.0,8.099222665350066e-19,0.12445852262496838,1.3834510522667596
21.23791003227234,2.3295435009345824,[2.35443521],5.0,0.5,0.0,7.451284852122059e-19,0.12445852262506509,1.3834510522667596
21.247369289398193,2.3295435009345824,[2.35443521],5.0,0.5,0.0,6.855182063952288e-19,0.12445852262506606,1.3834510522667596
21.254985332489014,2.3295435009345824,[2.35443521],5.0,0.5,0.0,6.306767498836104e-19,0.12445852262506607,1.3834510522667596
21.263554096221924,2.329738899651319,[2.35443521],5.0,0.5,0.0,5.802226098929213e-19,0.12349129897721949,1.3851647402563017
21.272359609603882,2.329738899651319,[2.35443521],5.0,0.5,0.0,5.33804801101487e-19,0.12348162674074102,1.3851647402563017
21.283632516860962,2.329738899651319,[2.35443521],5.0,0.5,0.0,4.911004170133674e-19,0.12348153001837624,1.3851647402563017
21.292872190475464,2.3295435009345824,[2.35443521],5.0,0.5,0.0,4.518123836522987e-19,0.12444875269899917,1.3834510522667596
21.301838397979736,2.3295435009345824,[2.35443521],5.0,0.5,0.0,4.1566739296011484e-19,0.1244584249258054,1.3834510522667596
21.310829639434814,2.329738899651319,[2.35443521],5.0,0.5,0.0,3.824140015233062e-19,0.12349129800022687,1.3851647402563017
21.319964170455933,2.3295435009345824,[2.35443521],5.0,0.5,0.0,3.5182088140144177e-19,0.12444885037881767,1.3834510522667596
21.329652547836304,2.329738899651319,[2.35443521],5.0,0.5,0.0,3.236752108893264e-19,0.123491202254757,1.3851647402563017
21.337911128997803,2.329738899651319,[2.35443521],5.0,0.5,0.0,2.977811940181805e-19,0.12348162577351639,1.3851647402563017
21.346872091293335,2.329738899651319,[2.35443521],5.0,0.5,0.0,2.739586984967259e-19,0.12348153000870399,1.3851647402563017
21.35586190223694,2.3295435009345824,[2.35443521],5.0,0.5,0.0,2.520420026169876e-19,0.12444875269890245,1.3834510522667596
21.366782188415527,2.3295435009345824,[2.35443521],5.0,0.5,0.0,2.3187864240762867e-19,0.12445842492580443,1.3834510522667596
21.37580966949463,2.329738899651319,[2.35443521],5.0,0.5,0.0,2.1332835101501868e-19,0.12349129800022686,1.3851647402563017
21.384735345840454,2.3295435009345824,[2.35443521],5.0,0.5,0.0,1.9626208293381718e-19,0.12444885037881767,1.3834510522667596
21.3930447101593,2.329738899651319,[2.35443521],5.0,0.5,0.0,1.8056111629911156e-19,0.123491202254757,1.3851647402563017
21.401859760284424,2.3295435009345824,[2.35443521],5.0,0.5,0.0,1.6611622699518251e-19,0.12444884942136297,1.3834510522667596
21.413925886154175,2.329738899651319,[2.35443521],5.0,0.5,0.0,1.5282692883556807e-19,0.12349120224518245,1.3851647402563017
21.423169136047363,2.3295435009345824,[2.35443521],5.0,0.5,0.0,1.4060077452872265e-19,0.12444884942126723,1.3834510522667596
21.430833339691162,2.329738899651319,[2.35443521],5.0,0.5,0.0,1.293527125664247e-19,0.1234912022451815,1.3851647402563017
21.440776824951172,2.329738899651319,[2.35443521],5.0,0.5,0.0,1.1900449556111086e-19,0.12348162577342063,1.3851647402563017
21.449381828308105,2.329738899651319,[2.35443521],5.0,0.5,0.0,1.0948413591622196e-19,0.12348153000870303,1.3851647402563017
21.45892596244812,2.3295435009345824,[2.35443521],5.0,0.5,0.0,1.0072540504292422e-19,0.12444875269890243,1.3834510522667596
21.467001914978027,2.3295435009345824,[2.35443521],5.0,0.5,0.0,9.266737263949035e-20,0.12445842492580443,1.3834510522667596
21.47491693496704,2.329738899651319,[2.35443521],5.0,0.5,0.0,8.525398282833123e-20,0.12349129800022686,1.3851647402563017
21.484927654266357,2.329738899651319,[2.35443521],5.0,0.5,0.0,7.84336642020647e-20,0.12348162673097109,1.3851647402563017
21.49382972717285,2.329738899651319,[2.35443521],5.0,0.5,0.0,7.215897106589955e-20,0.12348153001827854,1.3851647402563017
21.501876831054688,2.329738899651319,[2.35443521],5.0,0.5,0.0,6.638625338062757e-20,0.1234815290511516,1.3851647402563017
21.510950088500977,2.329738899651319,[2.35443521],5.0,0.5,0.0,6.107535311017729e-20,0.12348152904148034,1.3851647402563017
21.520841360092163,2.3295435009345824,[2.35443521],5.0,0.5,0.0,5.618932486136305e-20,0.12444875268923021,1.3834510522667596
21.530866622924805,2.3295435009345824,[2.35443521],5.0,0.5,0.0,5.169417887245404e-20,0.1244584249257077,1.3834510522667596
21.53978967666626,2.329738899651319,[2.35443521],5.0,0.5,0.0,4.75586445626578e-20,0.1234912980002259,1.3851647402563017
21.548884868621826,2.329738899651319,[2.35443521],5.0,0.5,0.0,4.375395299764518e-20,0.12348162673097109,1.3851647402563017
21.55681085586548,2.3295435009345824,[2.35443521],5.0,0.5,0.0,4.025363675783351e-20,0.12444875366612512,1.3834510522667596
21.56544852256775,2.3295435009345824,[2.35443521],5.0,0.5,0.0,3.7033345817206827e-20,0.12445842493547665,1.3834510522667596
21.572824478149414,2.329738899651319,[2.35443521],5.0,0.5,0.0,3.4070678151830264e-20,0.12349129800032359,1.3851647402563017
21.58080244064331,2.329738899651319,[2.35443521],5.0,0.5,0.0,3.1345023899683835e-20,0.12348162673097206,1.3851647402563017
21.59078884124756,2.329738899651319,[2.35443521],5.0,0.5,0.0,2.8837421987709106e-20,0.12348153001827854,1.3851647402563017
21.599284410476685,2.329738899651319,[2.35443521],5.0,0.5,0.0,2.653042822869241e-20,0.1234815290511516,1.3851647402563017
21.60886573791504,2.3295435009345824,[2.35443521],5.0,0.5,0.0,2.4407993970397015e-20,0.12444875268932692,1.3834510522667596
21.618173837661743,2.329738899651319,[2.35443521],5.0,0.5,0.0,2.2455354452765232e-20,0.12349120127786209,1.3851647402563017
21.62687659263611,2.3295435009345824,[2.35443521],5.0,0.5,0.0,2.0658926096544042e-20,0.12444884941159402,1.3834510522667596
21.638700485229492,2.329738899651319,[2.35443521],5.0,0.5,0.0,1.9006212008820532e-20,0.12349120224508477,1.3851647402563017
21.64720129966736,2.329738899651319,[2.35443521],5.0,0.5,0.0,1.7485715048114897e-20,0.12348162577341967,1.3851647402563017
21.656702041625977,2.3295435009345824,[2.35443521],5.0,0.5,0.0,1.6086857844265696e-20,0.1244487536565496,1.3834510522667596
21.6652615070343,2.3295435009345824,[2.35443521],5.0,0.5,0.0,1.4799909216724452e-20,0.12445842493538091,1.3834510522667596
21.673370122909546,2.3295435009345824,[2.35443521],5.0,0.5,0.0,1.361591647938646e-20,0.12445852164816922,1.3834510522667596
21.683194875717163,2.329738899651319,[2.35443521],5.0,0.5,0.0,1.2526643161035554e-20,0.12349129896745051,1.3851647402563017
21.692628383636475,2.329738899651319,[2.35443521],5.0,0.5,0.0,1.1524511708152743e-20,0.12348162674064332,1.3851647402563017
21.700862169265747,2.329738899651319,[2.35443521],5.0,0.5,0.0,1.0602550771500508e-20,0.12348153001837525,1.3851647402563017
21.710787057876587,2.3295435009345824,[2.35443521],5.0,0.5,0.0,9.754346709780477e-21,0.12444875269899916,1.3834510522667596
21.71989607810974,2.3295435009345824,[2.35443521],5.0,0.5,0.0,8.973998972998025e-21,0.1244584249258054,1.3834510522667596
21.729780673980713,2.329738899651319,[2.35443521],5.0,0.5,0.0,8.256079055158179e-21,0.12349129800022687,1.3851647402563017
21.738770484924316,2.329738899651319,[2.35443521],5.0,0.5,0.0,7.595592730745526e-21,0.12348162673097109,1.3851647402563017
21.751955032348633,2.329738899651319,[2.35443521],5.0,0.5,0.0,6.987945312285878e-21,0.12348153001827854,1.3851647402563017
21.759803533554077,2.329738899651319,[2.35443521],5.0,0.5,0.0,6.428909687303014e-21,0.1234815290511516,1.3851647402563017
21.7685604095459,2.3295435009345824,[2.35443521],5.0,0.5,0.0,5.914596912318772e-21,0.12444875268932692,1.3834510522667596
21.77688479423523,2.329738899651319,[2.35443521],5.0,0.5,0.0,5.4414291593332774e-21,0.12349120127786209,1.3851647402563017
21.785810947418213,2.329738899651319,[2.35443521],5.0,0.5,0.0,5.006114826586621e-21,0.12348162576374744,1.3851647402563017
21.7947998046875,2.329738899651319,[2.35443521],5.0,0.5,0.0,4.605625640459682e-21,0.1234815300086063,1.3851647402563017
21.80443811416626,2.329738899651319,[2.35443521],5.0,0.5,0.0,4.2371755892229065e-21,0.12348152905105489,1.3851647402563017
21.811811923980713,2.3295435009345824,[2.35443521],5.0,0.5,0.0,3.8982015420850805e-21,0.12444875268932595,1.3834510522667596
21.820809364318848,2.329738899651319,[2.35443521],5.0,0.5,0.0,3.5863454187182746e-21,0.12349120127786208,1.3851647402563017
21.82997965812683,2.329738899651319,[2.35443521],5.0,0.5,0.0,3.2994377852208096e-21,0.12348162576374744,1.3851647402563017
21.840969800949097,2.3295435009345824,[2.35443521],5.0,0.5,0.0,3.0354827624031473e-21,0.12444875365645289,1.3834510522667596
21.849630117416382,2.329738899651319,[2.35443521],5.0,0.5,0.0,2.7926441414108975e-21,0.12349120128753335,1.3851647402563017
21.864137649536133,2.329738899651319,[2.35443521],5.0,0.5,0.0,2.5692326100980235e-21,0.12348162576384415,1.3851647402563017
21.871973276138306,2.3295435009345824,[2.35443521],5.0,0.5,0.0,2.3636940012901805e-21,0.12444875365645384,1.3834510522667596
21.8817880153656,2.329738899651319,[2.35443521],5.0,0.5,0.0,2.17459848118697e-21,0.12349120128753337,1.3851647402563017
21.88982367515564,2.3295435009345824,[2.35443521],5.0,0.5,0.0,2.000630602692011e-21,0.12444884941169074,1.3834510522667596
21.898029804229736,2.3295435009345824,[2.35443521],5.0,0.5,0.0,1.8405801544766486e-21,0.12445842589293231,1.3834510522667596
21.907339334487915,2.3295435009345824,[2.35443521],5.0,0.5,0.0,1.6933337421185172e-21,0.12445852165774474,1.3834510522667596
21.91590118408203,2.329738899651319,[2.35443521],5.0,0.5,0.0,1.5578670427490358e-21,0.12349129896754626,1.3851647402563017
21.92457628250122,2.3295435009345824,[2.35443521],5.0,0.5,0.0,1.433237679329113e-21,0.12444885038849086,1.3834510522667596
21.93502426147461,2.329738899651319,[2.35443521],5.0,0.5,0.0,1.3185786649827817e-21,0.12349120225485373,1.3851647402563017
21.943936824798584,2.3295435009345824,[2.35443521],5.0,0.5,0.0,1.2130923717841596e-21,0.12444884942136394,1.3834510522667596
21.954784870147705,2.329738899651319,[2.35443521],5.0,0.5,0.0,1.1160449820414263e-21,0.12349120224518247,1.3851647402563017
21.964820384979248,2.3295435009345824,[2.35443521],5.0,0.5,0.0,1.026761383478113e-21,0.12444884942126723,1.3834510522667596
21.975806951522827,2.329738899651319,[2.35443521],5.0,0.5,0.0,9.446204727998645e-22,0.1234912022451815,1.3851647402563017
21.986909866333008,2.329738899651319,[2.35443521],5.0,0.5,0.0,8.690508349758765e-22,0.12348162577342063,1.3851647402563017
21.99731993675232,2.329738899651319,[2.35443521],5.0,0.5,0.0,7.9952676817780685e-22,0.12348153000870303,1.3851647402563017
22.005581378936768,2.3295435009345824,[2.35443521],5.0,0.5,0.0,7.355646267235809e-22,0.12444875269890243,1.3834510522667596
22.018789768218994,2.3295435009345824,[2.35443521],5.0,0.5,0.0,6.76719456585695e-22,0.12445842492580443,1.3834510522667596
22.026810884475708,2.3295435009345824,[2.35443521],5.0,0.5,0.0,6.225819000588393e-22,0.12445852164807344,1.3834510522667596
22.035822868347168,2.3295435009345824,[2.35443521],5.0,0.5,0.0,5.727753480541329e-22,0.12445852261529614,1.3834510522667596
22.04472541809082,2.3295435009345824,[2.35443521],5.0,0.5,0.0,5.269533202098024e-22,0.12445852262496837,1.3834510522667596
22.054827451705933,2.329738899651319,[2.35443521],5.0,0.5,0.0,4.84797054593018e-22,0.1234912989772185,1.3851647402563017
22.065489530563354,2.329738899651319,[2.35443521],5.0,0.5,0.0,4.460132902255764e-22,0.12348162674074101,1.3851647402563017
22.073149919509888,2.3295435009345824,[2.35443521],5.0,0.5,0.0,4.1033222700752954e-22,0.12444875366622282,1.3834510522667596
22.081019401550293,2.329738899651319,[2.35443521],5.0,0.5,0.0,3.7750564884692765e-22,0.12349120128763105,1.3851647402563017
22.08911108970642,2.329738899651319,[2.35443521],5.0,0.5,0.0,3.473051969391734e-22,0.12348162576384514,1.3851647402563017
22.096837520599365,2.329738899651319,[2.35443521],5.0,0.5,0.0,3.1952078118404e-22,0.12348153000860727,1.3851647402563017
22.107309103012085,2.329738899651319,[2.35443521],5.0,0.5,0.0,2.939591186893165e-22,0.12348152905105489,1.3851647402563017
22.115808248519897,2.3295435009345824,[2.35443521],5.0,0.5,0.0,2.70442389194171e-22,0.12444875268932595,1.3834510522667596
22.124767303466797,2.3295435009345824,[2.35443521],5.0,0.5,0.0,2.4880699805863784e-22,0.12445842492570866,1.3834510522667596
22.13481831550598,2.3295435009345824,[2.35443521],5.0,0.5,0.0,2.28902438213947e-22,0.12445852164807249,1.3834510522667596
22.144007682800293,2.329738899651319,[2.35443521],5.0,0.5,0.0,2.105902431568309e-22,0.12349129896744955,1.3851647402563017
22.151836156845093,2.3295435009345824,[2.35443521],5.0,0.5,0.0,1.9374302370428429e-22,0.1244488503884899,1.3834510522667596
22.16286277770996,2.329738899651319,[2.35443521],5.0,0.5,0.0,1.7824358180794167e-22,0.12349120225485372,1.3851647402563017
22.173583507537842,2.329738899651319,[2.35443521],5.0,0.5,0.0,1.6398409526330641e-22,0.12348162577351736,1.3851647402563017
22.18329691886902,2.329738899651319,[2.35443521],5.0,0.5,0.0,1.508653676422419e-22,0.123481530008704,1.3851647402563017
22.1926748752594,2.3295435009345824,[2.35443521],5.0,0.5,0.0,1.387961382308624e-22,0.12444875269890245,1.3834510522667596
22.20183515548706,2.329738899651319,[2.35443521],5.0,0.5,0.0,1.276924471723935e-22,0.12349120127795785,1.3851647402563017
22.210813522338867,2.329738899651319,[2.35443521],5.0,0.5,0.0,1.1747705139860228e-22,0.1234816257637484,1.3851647402563017
22.22018790245056,2.329738899651319,[2.35443521],5.0,0.5,0.0,1.0807888728671392e-22,0.1234815300086063,1.3851647402563017
22.229599475860596,2.3295435009345824,[2.35443521],5.0,0.5,0.0,9.943257630377667e-23,0.12444875269890147,1.3834510522667596
22.23912215232849,2.3295435009345824,[2.35443521],5.0,0.5,0.0,9.147797019947455e-23,0.12445842492580442,1.3834510522667596
22.246803760528564,2.3295435009345824,[2.35443521],5.0,0.5,0.0,8.415973258351669e-23,0.12445852164807344,1.3834510522667596
22.255825996398926,2.3295435009345824,[2.35443521],5.0,0.5,0.0,7.742695397683547e-23,0.12445852261529614,1.3834510522667596
22.266708850860596,2.329738899651319,[2.35443521],5.0,0.5,0.0,7.123279765868855e-23,0.12349129897712179,1.3851647402563017
22.275012969970703,2.329738899651319,[2.35443521],5.0,0.5,0.0,6.553417384599345e-23,0.12348162674074004,1.3851647402563017
22.28428339958191,2.329738899651319,[2.35443521],5.0,0.5,0.0,6.029143993831394e-23,0.12348153001837622,1.3851647402563017
22.29388451576233,2.3295435009345824,[2.35443521],5.0,0.5,0.0,5.546812474324883e-23,0.12444875269899917,1.3834510522667596
22.30176067352295,2.3295435009345824,[2.35443521],5.0,0.5,0.0,5.1030674763789014e-23,0.1244584249258054,1.3834510522667596
22.310744762420654,2.329738899651319,[2.35443521],5.0,0.5,0.0,4.694822078268579e-23,0.12349129800022687,1.3851647402563017
22.319645404815674,2.3295435009345824,[2.35443521],5.0,0.5,0.0,4.319236312007095e-23,0.12444885037881767,1.3834510522667596
22.329283475875854,2.3295435009345824,[2.35443521],5.0,0.5,0.0,3.9736974070465245e-23,0.12445842590260359,1.3834510522667596
22.337772846221924,2.329738899651319,[2.35443521],5.0,0.5,0.0,3.6558016144828095e-23,0.12349129800999485,1.3851647402563017
22.349618196487427,2.329738899651319,[2.35443521],5.0,0.5,0.0,3.363337485324184e-23,0.12348162673106877,1.3851647402563017
22.357857942581177,2.329738899651319,[2.35443521],5.0,0.5,0.0,3.094270486498248e-23,0.12348153001827951,1.3851647402563017
22.365845203399658,2.3295435009345824,[2.35443521],5.0,0.5,0.0,2.8467288475783847e-23,0.1244487526989982,1.3834510522667596
22.374807834625244,2.3295435009345824,[2.35443521],5.0,0.5,0.0,2.6189905397721152e-23,0.12445842492580539,1.3834510522667596
22.384922981262207,2.329738899651319,[2.35443521],5.0,0.5,0.0,2.4094712965903505e-23,0.12349129800022687,1.3851647402563017
22.393476009368896,2.329738899651319,[2.35443521],5.0,0.5,0.0,2.2167135928631212e-23,0.12348162673097109,1.3851647402563017
22.40092396736145,2.3295435009345824,[2.35443521],5.0,0.5,0.0,2.0393765054340707e-23,0.12444875366612512,1.3834510522667596
22.413792371749878,2.329738899651319,[2.35443521],5.0,0.5,0.0,1.8762263849993454e-23,0.12349120128763007,1.3851647402563017
22.421818494796753,2.329738899651319,[2.35443521],5.0,0.5,0.0,1.7261282741993967e-23,0.12348162576384512,1.3851647402563017
22.432989358901978,2.3295435009345824,[2.35443521],5.0,0.5,0.0,1.588038012263444e-23,0.12444875365645386,1.3834510522667596
22.44389796257019,2.329738899651319,[2.35443521],5.0,0.5,0.0,1.4609949712823665e-23,0.12349120128753337,1.3851647402563017
22.45242714881897,2.329738899651319,[2.35443521],5.0,0.5,0.0,1.344115373579778e-23,0.12348162576384415,1.3851647402563017
22.46139407157898,2.329738899651319,[2.35443521],5.0,0.5,0.0,1.2365861436933977e-23,0.12348153000860726,1.3851647402563017
22.470320224761963,2.329738899651319,[2.35443521],5.0,0.5,0.0,1.1376592521979248e-23,0.12348152905105489,1.3851647402563017
22.477763414382935,2.329738899651319,[2.35443521],5.0,0.5,0.0,1.0466465120220904e-23,0.12348152904147937,1.3851647402563017
22.485747575759888,2.329738899651319,[2.35443521],5.0,0.5,0.0,9.629147910603247e-24,0.12348152904138361,1.3851647402563017
22.495843410491943,2.329738899651319,[2.35443521],5.0,0.5,0.0,8.858816077754978e-24,0.12348152904138265,1.3851647402563017
22.505842685699463,2.3295435009345824,[2.35443521],5.0,0.5,0.0,8.1501107915346e-24,0.12444875268922924,1.3834510522667596
22.513890743255615,2.3295435009345824,[2.35443521],5.0,0.5,0.0,7.498101928211827e-24,0.1244584249257077,1.3834510522667596
22.524096250534058,2.329738899651319,[2.35443521],5.0,0.5,0.0,6.898253773954884e-24,0.1234912980002259,1.3851647402563017
22.533429622650146,2.329738899651319,[2.35443521],5.0,0.5,0.0,6.346393472038484e-24,0.12348162673097109,1.3851647402563017
22.541839122772217,2.329738899651319,[2.35443521],5.0,0.5,0.0,5.838681994275406e-24,0.12348153001827854,1.3851647402563017
22.550758600234985,2.329738899651319,[2.35443521],5.0,0.5,0.0,5.371587434733372e-24,0.1234815290511516,1.3851647402563017
22.558751583099365,2.3295435009345824,[2.35443521],5.0,0.5,0.0,4.9418604399547056e-24,0.12444875268932692,1.3834510522667596
22.569021940231323,2.329738899651319,[2.35443521],5.0,0.5,0.0,4.546511604758332e-24,0.12349120127786209,1.3851647402563017
22.578214406967163,2.3295435009345824,[2.35443521],5.0,0.5,0.0,4.1827906763776665e-24,0.12444884941159402,1.3834510522667596
22.58677625656128,2.329738899651319,[2.35443521],5.0,0.5,0.0,3.84816742226745e-24,0.12349120224508477,1.3851647402563017
22.595824718475342,2.329738899651319,[2.35443521],5.0,0.5,0.0,3.540314028486053e-24,0.12348162577341967,1.3851647402563017
22.605313539505005,2.3295435009345824,[2.35443521],5.0,0.5,0.0,3.257088906207171e-24,0.1244487536565496,1.3834510522667596
22.61328673362732,2.329738899651319,[2.35443521],5.0,0.5,0.0,2.996521793710595e-24,0.12349120128753432,1.3851647402563017
22.621753454208374,2.3295435009345824,[2.35443521],5.0,0.5,0.0,2.7568000502137482e-24,0.12444884941169075,1.3834510522667596
22.630767345428467,2.3295435009345824,[2.35443521],5.0,0.5,0.0,2.536256046196648e-24,0.12445842589293231,1.3834510522667596
22.64022159576416,2.3295435009345824,[2.35443521],5.0,0.5,0.0,2.3333555625009205e-24,0.12445852165774474,1.3834510522667596
22.64931344985962,2.329738899651319,[2.35443521],5.0,0.5,0.0,2.146687117500844e-24,0.12349129896754626,1.3851647402563017
22.657129049301147,2.329738899651319,[2.35443521],5.0,0.5,0.0,1.9749521481007757e-24,0.12348162674064428,1.3851647402563017
22.66534924507141,2.329738899651319,[2.35443521],5.0,0.5,0.0,1.8169559762527166e-24,0.12348153001837527,1.3851647402563017
22.674397945404053,2.3295435009345824,[2.35443521],5.0,0.5,0.0,1.671599498152501e-24,0.12444875269899916,1.3834510522667596
22.68275237083435,2.3295435009345824,[2.35443521],5.0,0.5,0.0,1.5378715383003e-24,0.1244584249258054,1.3834510522667596
22.690749168395996,2.3295435009345824,[2.35443521],5.0,0.5,0.0,1.4148418152362724e-24,0.12445852164807346,1.3834510522667596
22.6998233795166,2.329738899651319,[2.35443521],5.0,0.5,0.0,1.3016544700173707e-24,0.12349129896744955,1.3851647402563017
22.709775924682617,2.329738899651319,[2.35443521],5.0,0.5,0.0,1.1975221124159827e-24,0.12348162674064332,1.3851647402563017
22.718778133392334,2.329738899651319,[2.35443521],5.0,0.5,0.0,1.1017203434227043e-24,0.12348153001837525,1.3851647402563017
22.728261947631836,2.329738899651319,[2.35443521],5.0,0.5,0.0,1.013582715948888e-24,0.12348152905115257,1.3851647402563017
22.736735582351685,2.3295435009345824,[2.35443521],5.0,0.5,0.0,9.324960986729774e-25,0.12444875268932694,1.3834510522667596
22.744730472564697,2.3295435009345824,[2.35443521],5.0,0.5,0.0,8.578964107791397e-25,0.12445842492570867,1.3834510522667596
22.756197690963745,2.329738899651319,[2.35443521],5.0,0.5,0.0,7.892646979168089e-25,0.1234912980002259,1.3851647402563017
22.764998197555542,2.3295435009345824,[2.35443521],5.0,0.5,0.0,7.2612352208346375e-25,0.12444885037881767,1.3834510522667596
22.772786140441895,2.329738899651319,[2.35443521],5.0,0.5,0.0,6.680336403167862e-25,0.123491202254757,1.3851647402563017
22.78400731086731,2.3295435009345824,[2.35443521],5.0,0.5,0.0,6.145909490914429e-25,0.12444884942136297,1.3834510522667596
22.79424524307251,2.329738899651319,[2.35443521],5.0,0.5,0.0,5.654236731641276e-25,0.12349120224518245,1.3851647402563017
22.80289649963379,2.329738899651319,[2.35443521],5.0,0.5,0.0,5.20189779310998e-25,0.12348162577342064,1.3851647402563017
22.81172466278076,2.329738899651319,[2.35443521],5.0,0.5,0.0,4.785745969661179e-25,0.12352403913199533,1.3851646997460412
22.820839643478394,2.329738899651319,[2.35443523],5.0,0.5,0.0,4.402886292088277e-25,0.12352597500987711,1.3851645309792446
22.82971477508545,2.329738899651319,[2.35443529],5.0,0.5,0.0,4.050655388721214e-25,0.12366888434293144,1.3851640398838065
22.839764833450317,2.3295435009345824,[2.35443543],5.0,0.5,0.0,3.7266029576235277e-25,0.12479473284819166,1.3834490697029986
22.851139545440674,2.329738899651319,[2.35443576],5.0,0.5,0.0,3.4284747210136475e-25,0.12418361200278898,1.3851598773792706
22.85973834991455,2.329738899651319,[2.35443639],5.0,0.5,0.0,3.1541967433325537e-25,0.12416592075406013,1.385154415820938
22.86873507499695,2.3295435009345824,[2.35443738],5.0,0.5,0.0,2.901861003865947e-25,0.1252621411142158,1.3834319502246284
22.877745389938354,2.3295435009345824,[2.3544388],5.0,0.5,0.0,2.669712123556666e-25,0.1254166901364113,1.383419453818048
22.887506246566772,2.329738899651319,[2.35444071],5.0,0.5,0.0,2.4561351536721355e-25,0.12444276618964396,1.3851166129110306
22.89881944656372,2.329738899651319,[2.35444317],5.0,0.5,0.0,2.2596443413783655e-25,0.12473021447984578,1.3850950904238815
22.908278703689575,2.3295435009345824,[2.35444624],5.0,0.5,0.0,2.0788727940680965e-25,0.12563888017221997,1.3833539306802758
22.91673994064331,2.3295435009345824,[2.35444994],5.0,0.5,0.0,1.9125629705426468e-25,0.12547096867537172,1.3833214350417264
22.926749229431152,2.3295435009345824,[2.35445454],5.0,0.5,0.0,1.7595579328992363e-25,0.1286054283874862,1.3832809600436606
22.934792518615723,2.3295435009345824,[2.35446144],5.0,0.5,0.0,1.6187932982672997e-25,0.13515353967014074,1.3832202219652596
22.944364309310913,2.329738899651319,[2.3544712],5.0,0.5,0.0,1.4892898344059144e-25,0.12157811840154135,1.3848498332741461
22.953373432159424,2.329738899651319,[2.35448234],5.0,0.5,0.0,1.3701466476534425e-25,0.12520182483031933,1.3847522914452735
22.9638454914093,2.329738899651319,[2.35449424],5.0,0.5,0.0,1.2605349158411656e-25,0.1259214699569672,1.3846480602756506
22.9721097946167,2.329738899651319,[2.35450727],5.0,0.5,0.0,1.1596921225738728e-25,0.1260337842178575,1.3845338951507027
22.97992515563965,2.3295435009345824,[2.3545214],5.0,0.5,0.0,1.0669167527679638e-25,0.12683850327498794,1.3826918907887515
22.98775362968445,2.3295435009345824,[2.35453654],5.0,0.5,0.0,9.815634125465267e-26,0.1273103257168732,1.382558308859093
22.995749950408936,2.329738899651319,[2.35455267],5.0,0.5,0.0,9.03038339542805e-26,0.1262962033954167,1.3841357961567495
23.00829553604126,2.329738899651319,[2.35456987],5.0,0.5,0.0,8.307952723793818e-26,0.12783698488924894,1.3839847507099734
23.015784978866577,2.329738899651319,[2.35458838],5.0,0.5,0.0,7.643316505890302e-26,0.1275680416438394,1.3838222392913495
23.025256872177124,2.3295435009345824,[2.35460831],5.0,0.5,0.0,7.031851185419074e-26,0.12929561154453093,1.3819244243291227
23.034339427947998,2.3295435009345824,[2.35462982],5.0,0.5,0.0,6.469303090585549e-26,0.12999060696375722,1.3817341980103688
23.043198823928833,2.3295435009345824,[2.35465315],5.0,0.5,0.0,5.951758843338706e-26,0.130689942043743,1.381527656445098
23.051770210266113,2.3295435009345824,[2.35467846],5.0,0.5,0.0,5.475618135871607e-26,0.1303480925405246,1.3813034943135287
23.060261726379395,2.329738899651319,[2.3547058],5.0,0.5,0.0,5.0375686850018853e-26,0.1303986478311379,1.3827888941454276
23.06974744796753,2.3295435009345824,[2.35473537],5.0,0.5,0.0,4.6345631902017374e-26,0.13230985409092397,1.3807987761162852
23.077799558639526,2.329738899651319,[2.35476724],5.0,0.5,0.0,4.2637981349856005e-26,0.13151949706712038,1.3822466710403543
23.088539361953735,2.329738899651319,[2.35480135],5.0,0.5,0.0,3.9226942841867494e-26,0.13386643373250998,1.3819452625569661
23.099740982055664,2.329738899651319,[2.35483812],5.0,0.5,0.0,3.6088787414518016e-26,0.13449070737086866,1.3816199701234413
23.110777616500854,2.329738899651319,[2.3548781],5.0,0.5,0.0,3.320168442135653e-26,0.13514369612133212,1.3812658887698848
23.119271755218506,2.3295435009345824,[2.35492163],5.0,0.5,0.0,3.0545549667648055e-26,0.1367461888335938,1.3791410597272495
23.129629850387573,2.329738899651319,[2.354969],5.0,0.5,0.0,2.810190569423621e-26,0.13637536265738306,1.3804592487209186
23.13962697982788,2.329738899651319,[2.35502045],5.0,0.5,0.0,2.5853753238697286e-26,0.13703118657523253,1.3800017689129518
23.149023294448853,2.3295435009345824,[2.35507616],5.0,0.5,0.0,2.3785452979601545e-26,0.138564128400581,1.3777588938985865
23.15720510482788,2.3295435009345824,[2.35513626],5.0,0.5,0.0,2.18826167412334e-26,0.1391390133007897,1.377219648764989
23.16576385498047,2.3295435009345824,[2.35520081],5.0,0.5,0.0,2.013200740193473e-26,0.13959111804014643,1.3766394294874489
23.173781156539917,2.3295435009345824,[2.35526962],5.0,0.5,0.0,1.8521446809779954e-26,0.13836909899346236,1.3760197606713038
23.183788299560547,2.329738899651319,[2.35534228],5.0,0.5,0.0,1.7039731064997563e-26,0.13832244340125552,1.3771242535665715
23.192306756973267,2.3295435009345824,[2.35541859],5.0,0.5,0.0,1.567655257979777e-26,0.14011763536037714,1.3746739772339667
23.199796438217163,2.329738899651319,[2.35549834],5.0,0.5,0.0,1.4422428373413952e-26,0.13816599299649854,1.3757192248628753
23.209311962127686,2.329738899651319,[2.35558112],5.0,0.5,0.0,1.3268634103540852e-26,0.13926967380570773,1.374971407295528
23.21674084663391,2.3295435009345824,[2.35566654],5.0,0.5,0.0,1.220714337525758e-26,0.13948576899184637,1.3724214351556823
23.226702451705933,2.329738899651319,[2.35575425],5.0,0.5,0.0,1.1230571905236983e-26,0.13983104653523795,1.373401656639861
23.235746383666992,2.329738899651319,[2.35584411],5.0,0.5,0.0,1.0332126152818008e-26,0.1409067101686442,1.3725839498991508
23.244685411453247,2.329738899651319,[2.35593616],5.0,0.5,0.0,9.505556060592553e-27,0.14182640729256119,1.3717442052360007
23.2586772441864,2.329738899651319,[2.35603058],5.0,0.5,0.0,8.745111575745154e-27,0.14427593588721604,1.370880506973652
23.27159070968628,2.329934298368056,[2.35612786],5.0,0.5,0.0,8.045502649685532e-27,0.14496203148371448,1.371777963839475
23.280453205108643,2.329934298368056,[2.35622828],5.0,0.5,0.0,7.401862437710692e-27,0.1444652737816648,1.3708594358793191
23.2878201007843,2.329934298368056,[2.35633146],5.0,0.5,0.0,6.809713442693837e-27,0.14263593873044544,1.3699130661350192
23.29832172393799,2.329934298368056,[2.35643662],5.0,0.5,0.0,6.264936367278344e-27,0.14291162751035671,1.3689457046243123
23.30719256401062,2.329934298368056,[2.35654322],5.0,0.5,0.0,5.7637414578960716e-27,0.14315603626869136,1.367962362927177
23.314806699752808,2.329934298368056,[2.35665086],5.0,0.5,0.0,5.302642141264398e-27,0.14327877164101294,1.3669665330091878
23.32533049583435,2.330129697084793,[2.35675913],5.0,0.5,0.0,4.87843076996324e-27,0.1424608451983361,1.367772844167668
23.334237575531006,2.330129697084793,[2.35686761],5.0,0.5,0.0,0.276038359678681,0.14244135222479054,1.3667119264525458
23.344505310058594,2.330129697084793,[2.3569759],5.0,0.5,0.0,0.3091629628401227,0.14249441019503664,1.3656922019798363
23.353896617889404,2.330325095801529,[2.3570836],5.0,0.5,0.0,0.2540657062482581,0.14171589731292594,1.366529650893378
23.36336636543274,2.330325095801529,[2.35719038],5.0,0.5,0.0,0.17798070109330383,0.14195982610933466,1.365562326978579
23.37186551094055,2.330325095801529,[2.35729582],5.0,0.5,0.0,0.10745802346735636,0.141232127394644,1.3645951502042941
23.379806995391846,2.330325095801529,[2.35739947],5.0,0.5,0.0,0.0508362277730709,0.14179766106814326,1.3636337153867888
23.389513969421387,2.330325095801529,[2.35750105],5.0,0.5,0.0,0.008838622509418255,0.14242674707646133,1.3626842054556245
23.398338556289673,2.330325095801529,[2.3576005],5.0,0.5,0.0,-0.020576511905589963,0.14306677680623636,1.3617501848144196
23.40943145751953,2.330520494518266,[2.3576978],5.0,0.5,0.0,0.2359340626530648,0.1426648859027756,1.362630188858495
23.418232917785645,2.330520494518266,[2.35779303],5.0,0.5,0.0,0.25690613790457695,0.1433848515384942,1.3617282736295169
23.42572045326233,2.3307158932350025,[2.35788621],5.0,0.5,0.0,0.19496724842654717,0.14189495041746367,1.3627087983226467
23.433735847473145,2.3307158932350025,[2.3579773],5.0,0.5,0.0,0.1157598103253121,0.14313799962556376,1.3618720348655717
23.446178197860718,2.330911291951739,[2.35806668],5.0,0.5,0.0,0.04465219508273581,0.14494237546124317,1.3628756016209862
23.454703330993652,2.3311066906684763,[2.35815492],5.0,0.5,0.0,0.2651657030344247,0.14303041794321128,1.3638277106733132
23.463977336883545,2.3311066906684763,[2.35824227],5.0,0.5,0.0,0.2584632980287529,0.1441424879149102,1.3630129962382236
23.471726655960083,2.331302089385213,[2.35832901],5.0,0.5,0.0,0.1767692664255425,0.14432480240711493,1.3640559369770837
23.479824781417847,2.331302089385213,[2.35841542],5.0,0.5,0.0,0.08432856586542894,0.14354527974246928,1.3632657387705607
23.487749814987183,2.3314974881019492,[2.35850162],5.0,0.5,0.0,0.28101758789590997,0.14386626962035304,1.3642332285076617
23.49571394920349,2.331692886818686,[2.3585877],5.0,0.5,0.0,0.25402489568133985,0.1422260671258046,1.3652630671637886
23.505723237991333,2.331692886818686,[2.35867398],5.0,0.5,0.0,0.157087004252454,0.14548971104315045,1.3644885940049583
23.514034271240234,2.3318882855354226,[2.35876092],5.0,0.5,0.0,0.05415991399701878,0.1432464279069948,1.3655152770544678
23.524202823638916,2.3320836842521597,[2.35884866],5.0,0.5,0.0,-0.031789470099998496,0.14326088503017223,1.366516896402074
23.534276723861694,2.332474481685633,[2.35893727],5.0,0.5,0.0,0.18047818348430825,0.14181132409195432,1.3692854622812602
23.541707754135132,2.332474481685633,[2.35902675],5.0,0.5,0.0,0.1702367711404928,0.14057459471551634,1.3684637298466042
23.552205562591553,2.332865279119106,[2.35912081],5.0,0.5,0.0,0.36428882633814164,0.17528211583708309,1.3711126259636963
23.560728788375854,2.3330606778358427,[2.3592446],5.0,0.5,0.0,0.30684366200184915,0.3145782922289098,1.3717959399617634
23.568872690200806,2.3332560765525794,[2.35943544],5.0,0.5,0.0,0.17564885025550064,0.28656616736003193,1.3718845996358469
23.578198194503784,2.3336468739860523,[2.3596836],5.0,0.5,0.0,0.3195642397505365,0.05777431389806735,1.3731313217628969
23.58958387374878,2.334233070136263,[2.35991028],5.0,0.5,0.0,0.5208864191642351,-0.12768520472894077,1.3762583785207043
23.599653720855713,2.334623867569736,[2.35999771],5.0,0.5,0.0,0.6961917338131681,-0.07040206175751441,1.378818634372993
23.610568284988403,2.3348192662864724,[2.3598027],5.0,0.5,0.0,0.8214573074187926,-0.1492615034645521,1.3821410399058285
23.619688510894775,2.3348192662864724,[2.35915961],5.0,0.5,0.0,0.6209137780556958,-0.24805595552190046,1.387973364394627
23.629249811172485,2.334623867569736,[2.35789165],5.0,0.5,0.0,0.07007366310030777,-0.3447210465436354,1.3973744951779052
23.63952398300171,2.334233070136263,[2.35582333],5.0,0.5,0.0,-0.7657815742101551,-0.4334891564466362,1.410549535883697
23.648946046829224,2.3336468739860523,[2.35279265],5.0,0.5,0.0,-1.8014481666181221,-0.5113211611352309,1.4269007850613304
23.65956950187683,2.332474481685633,[2.34866041],5.0,0.5,0.0,-2.9590983444892407,-0.577406097397799,1.4424763363076223
23.66772222518921,2.3314974881019492,[2.34335718],5.0,0.5,0.0,-4.176602882628789,-0.5210900488724061,1.4594433338526924
23.675697088241577,2.330325095801529,[2.33687579],5.0,0.5,0.0,-5.0,-0.6137012224436903,1.4731864542021982
23.68507218360901,2.3281757099174256,[2.32917689],5.0,0.5,0.0,-5.0,-0.6919646547781722,1.4815316079502405
23.693363189697266,2.3262217227500592,[2.32019795],5.0,0.5,0.0,-5.0,-0.7575557720769349,1.4745011604042508
23.702160358428955,2.323486140715746,[2.30990737],5.0,0.5,0.0,-5.0,-0.8093284921584027,1.4455271414602686
23.709700345993042,2.3207505586814325,[2.29834496],5.0,0.5,0.0,-5.0,-0.7453677600513423,1.3862056280435182
23.71913456916809,2.3170379830634356,[2.28560814],5.0,0.5,0.0,-5.0,-0.8252080213789448,1.3024571646031706
23.72726011276245,2.3141070023123858,[2.27175674],5.0,0.5,0.0,-5.0,-0.9025346518951642,1.1803097559232256
23.7353835105896,2.310785224127862,[2.25685789],5.0,0.5,0.0,-5.0,-0.863053297374863,1.0407177720727714
23.74408483505249,2.3072680472266023,[2.24102659],5.0,0.5,0.0,-5.0,-0.9604456050605785,0.897517361004358
23.75603985786438,2.302578478024922,[2.22430289],5.0,0.5,0.0,-5.0,-1.1390646451254365,0.7753683180828128
23.7644362449646,2.299061301123662,[2.20670299],5.0,0.5,0.0,-5.0,-1.0827162498664615,0.6633206745597814
23.774708032608032,2.2949579280721917,[2.18833792],5.0,0.5,0.0,-5.0,-1.154478997779267,0.5846765639831684
23.783726692199707,2.290854555020722,[2.1693243],5.0,0.5,0.0,-4.2421404159953084,-1.2227424261872857,0.5389167092360178
23.793692111968994,2.2865557832525156,[2.14974313],5.0,0.5,0.0,-2.443612358609747,-1.289857946928398,0.5192448583357323
23.80417227745056,2.2826478089177815,[2.12967769],5.0,0.5,0.0,-0.3463476757167734,-1.3607318883911552,0.5091899891655978
23.81370711326599,2.278935233299785,[2.10920995],5.0,0.5,0.0,2.004862802305863,-1.4344595356835097,0.5001637445258904
23.823110580444336,2.2754180563985247,[2.08841953],5.0,0.5,0.0,3.6910171222296064,-1.5093437937700411,0.49087839031589886
23.831355333328247,2.272096278214001,[2.06741321],5.0,0.5,0.0,5.0,-1.5046335711495133,0.4819616942348321
23.83879542350769,2.2691652974629517,[2.04634809],5.0,0.5,0.0,5.0,-1.5276233876430185,0.48178077821397686
23.84809899330139,2.265061924411482,[2.02536285],5.0,0.5,0.0,5.0,-1.639219906861441,0.4817422824741068
23.857988119125366,2.2611539500767477,[2.0045226],5.0,0.5,0.0,5.0,-1.736675346124778,0.48173396540735924
23.866374969482422,2.258027570608961,[1.98386038],5.0,0.5,0.0,5.0,-1.8280940045693035,0.4817323579396186
23.87714385986328,2.253533400124018,[1.96338231],5.0,0.5,0.0,5.0,-1.981570883381064,0.4817321108266537
23.885663986206055,2.2500162232227576,[1.94309192],5.0,0.5,0.0,5.0,-1.9788161184363016,0.48173206869555213
23.896512508392334,2.2455220527378144,[1.92303403],5.0,0.5,0.0,5.0,-2.0794804857164757,0.4817320630503452
23.905500173568726,2.2418094771198174,[1.90322493],5.0,0.5,0.0,5.0,-2.197158298165264,0.48173206223422643
23.91468334197998,2.2377061040683475,[1.88361982],5.0,0.5,0.0,5.0,-2.327499992431776,0.4817320621368145
23.924245595932007,2.2337981297336142,[1.86414043],5.0,0.5,0.0,4.908578124884469,-2.4730062091780964,0.48238218668636496
23.933030128479004,2.2304763515490906,[1.84467537],5.0,0.5,0.0,4.689891439191319,-2.633759621967781,0.48389202710167695
23.942127466201782,2.226763775931094,[1.82508417],5.0,0.5,0.0,4.415497257503598,-2.8011973566728035,0.48569532095616724
23.95071792602539,2.2236373964633076,[1.80526545],5.0,0.5,0.0,4.1223141895362865,-2.8073725655213937,0.48750872894566566
23.959800958633423,2.21992482084531,[1.78516897],5.0,0.5,0.0,3.8293181128262774,-2.9910717226908066,0.48920263990254836
23.969937086105347,2.2158214477938407,[1.76470477],5.0,0.5,0.0,3.546099684522046,-3.1109330286074086,0.49072637361721844
23.979875087738037,2.2117180747423704,[1.74377104],5.0,0.5,0.0,3.277287964168049,-3.217463089913473,0.49206826520241803
23.988630294799805,2.208005499124374,[1.72230315],5.0,0.5,0.0,3.0248619750712953,-3.3221156100439853,0.49323507273636885
23.996660709381104,2.20468372093985,[1.70030547],5.0,0.5,0.0,2.7893747856669,-3.286595214083978,0.49424152535956306
24.005731344223022,2.200775746605117,[1.6778393],5.0,0.5,0.0,2.5706119583222145,-3.427871209228645,0.49510508488392124
24.01449728012085,2.197453968420594,[1.65491161],5.0,0.5,0.0,2.3679519692564575,-3.561154958743138,0.49584337381337584
24.024422645568848,2.193155196652387,[1.63148338],5.0,0.5,0.0,2.180567068407882,-3.6815846585023455,0.49647296895935267
24.03311538696289,2.189638019751127,[1.60752804],5.0,0.5,0.0,2.0075370723055816,-3.8010866942536894,0.4970088957247498
24.0417263507843,2.1863162415666033,[1.58308081],5.0,0.5,0.0,1.8479146099233636,-3.7788126152383272,0.4974644803680158
24.05284357070923,2.1820174697983967,[1.55817778],5.0,0.5,0.0,1.700762665932614,-4.07120778843108,0.4978513815781642
24.061733722686768,2.178109495463663,[1.53280437],5.0,0.5,0.0,1.5651759462308856,-4.0335706168287855,0.4981797071617321
24.070695638656616,2.1743969198456665,[1.50700528],5.0,0.5,0.0,1.4402925941388178,-4.179933022623541,0.4984581658574145
24.079785346984863,2.170879742944406,[1.4808238],5.0,0.5,0.0,1.3253000521848222,-4.319724523227296,0.4986942278613034
24.08858060836792,2.167557964759883,[1.45425059],5.0,0.5,0.0,1.2194373334404207,-4.454488223749107,0.4988942804247126
24.09671187400818,2.164431585292096,[1.4273338],5.0,0.5,0.0,1.12199508632956,-4.4461742062613006,0.4990637719062606
24.10582208633423,2.1607190096740996,[1.40016964],5.0,0.5,0.0,1.0323143169998816,-4.61308832001233,0.49920734153554036
24.115711212158203,2.1566156366226297,[1.37279178],5.0,0.5,0.0,0.9497843178844239,-4.765585385200345,0.4993289342693752
24.124481916427612,2.1529030610046327,[1.3451806],5.0,0.5,0.0,0.8738401547951622,-4.910202740629354,0.4994319012529001
24.134862422943115,2.1484088905196894,[1.31732266],5.0,0.5,0.0,0.8039599400358304,-5.044629588651505,0.4995190869613177
24.143912315368652,2.144891713618429,[1.28920985],5.0,0.5,0.0,0.7396620381625588,-5.179814979783712,0.4995929043369373
24.152114152908325,2.1415699354339055,[1.2608387],5.0,0.5,0.0,0.40446393825791327,-5.313528241270561,0.4998782375433483
24.16178846359253,2.137466562382436,[1.23220965],5.0,0.5,0.0,0.31690840598857906,-5.442138225391146,0.4999252447452992
24.170690536499023,2.1339493854811757,[1.20337731],5.0,0.5,0.0,0.32192643075718963,-5.432906641746967,0.49992285879114723
24.17965531349182,2.1300414111464425,[1.17444131],5.0,0.5,0.0,0.3519365990168422,-5.601661815341347,0.4999078075196707
24.189154863357544,2.126133436811709,[1.14543634],5.0,0.5,0.0,0.3800690663231017,-5.7590187792349825,0.49989248104759765
24.1979877948761,2.1224208611937123,[1.11634169],5.0,0.5,0.0,0.39769091633831144,-5.908399411188976,0.4998822809121396
24.20981478691101,2.117926690708769,[1.08709092],5.0,0.5,0.0,0.4038079050867838,-6.185424054268606,0.49987863216810013
24.218950033187866,2.114214115090772,[1.05763261],5.0,0.5,0.0,0.40021240578417205,-6.14015226639641,0.49988078360397975
24.22707748413086,2.111087735622985,[1.02803675],5.0,0.5,0.0,0.38937008132720435,-6.270757370025939,0.4998871548707124
24.23524260520935,2.107765957438462,[0.99842732],5.0,0.5,0.0,0.09754352016270122,-6.2655879589705075,0.49999291727388556
24.24268078804016,2.104639577970675,[0.96892648],5.0,0.5,0.0,0.045554918836378334,-6.403677822966283,0.4999984551847115
24.25068235397339,2.101708597219625,[0.93965495],5.0,0.5,0.0,0.08012531580391083,-6.419127646039387,0.499995220922115
24.258974075317383,2.098386819035102,[0.91073241],5.0,0.5,0.0,0.13503783100864022,-6.5480907969784745,0.4999864258798987
24.2678062915802,2.0944788447003684,[0.88224833],5.0,0.5,0.0,0.1844466764246413,-6.6469536676049685,0.49997467570610754
24.2756667137146,2.090961667799108,[0.85431936],5.0,0.5,0.0,-0.055556060256087225,-6.768736633005162,0.49999770243102537
24.28407049179077,2.0874444908978482,[0.82711407],5.0,0.5,0.0,-0.06644377400086135,-6.844555416353942,0.49999671364986054
24.293015241622925,2.083927313996588,[0.80073556],5.0,0.5,0.0,-0.0006904594607774622,-6.902137653989319,0.49999999964511876
24.303622245788574,2.079823940945118,[0.77524062],5.0,0.5,0.0,0.35329478161675343,-6.9411983126286865,0.49990709464025934
24.3128502368927,2.076111365327121,[0.75070618],5.0,0.5,0.0,0.4525556101763977,-6.969007918889156,0.4998475651136036
24.3224675655365,2.0722033909923883,[0.72722514],5.0,0.5,0.0,0.44550495315690997,-6.987320779108394,0.4998522771812155
24.33210563659668,2.0682954166576546,[0.70489882],5.0,0.5,0.0,0.4002155631767213,-7.0035473247203734,0.4998807817231307
24.340750217437744,2.064582841039658,[0.68382478],5.0,0.5,0.0,0.3464156985212757,-7.15700997013245,0.4999106770599362
24.349502325057983,2.0610656641383978,[0.66408474],5.0,0.5,0.0,0.29594044692266663,-7.197739376002386,0.4999348090946492
24.364787101745605,2.0548129052028243,[0.64573469],5.0,0.5,0.0,0.2525747331690559,-7.201294312122167,0.49995251397057117
24.37512445449829,2.050904930868091,[0.62878972],5.0,0.5,0.0,0.21670687941674188,-7.290079808097123,0.49996504277983
24.38369369506836,2.047387753966831,[0.6132227],5.0,0.5,0.0,0.18746774624476437,-7.357468296260458,0.49997383935603684
24.391668796539307,2.0440659757823076,[0.59896823],5.0,0.5,0.0,0.16366888344734037,-7.479666895594181,0.49998005976581134
24.403352975845337,2.0391810078638906,[0.58588378],5.0,0.5,0.0,0.14417954504068184,-7.517768041300722,0.499984525833822
24.414677143096924,2.0344914386622106,[0.57374817],5.0,0.5,0.0,-0.1479876664340598,-7.635734060304027,0.49998369763399686
24.424160718917847,2.0307788630442136,[0.56232351],5.0,0.5,0.0,-0.19463117118066806,-7.765634545021614,0.49997180194061747
24.432985067367554,2.0272616861429538,[0.55136806],5.0,0.5,0.0,-0.151018202404674,-5.027656345450216,0.49998302311936044
24.44074511528015,2.0239399079584306,[0.54067204],5.0,0.5,0.0,-0.08481689479306458,-5.000276563454502,0.4999946448814838
24.44965386390686,2.020618129773907,[0.53006425],5.0,0.5,0.0,-0.022902587785072627,-5.000002765634545,0.4999996095408373
24.458669185638428,2.0169055541559104,[0.51932499],5.0,0.5,0.0,0.02614241775041017,-5.000000027656346,0.49999949125757587
24.466681957244873,2.0137791746881235,[0.50825717],5.0,0.5,0.0,0.06141124814705493,-5.000000000276564,0.49999719261933434
24.47477626800537,2.0106527952203366,[0.49674697],5.0,0.5,0.0,0.3608444970745664,-5.000000000002766,0.4999030819306444
24.48375916481018,2.00694021960234,[0.48467895],5.0,0.5,0.0,0.408077877829222,-5.0000000000000275,0.49987605216538983
24.491718530654907,2.0034230427010797,[0.47200654],5.0,0.5,0.0,0.08419326447611634,-5.000000000000001,0.499994723340361
24.50163984298706,1.9995150683663467,[0.45879463],5.0,0.5,0.0,-0.02262522593753869,-5.0,0.49999961894088063
24.513697624206543,1.9944347017311932,[0.44507864],5.0,0.5,0.0,0.23705695080383732,-5.0,0.4999581694190943
24.524883270263672,1.9901359299629864,[0.43085472],5.0,0.5,0.0,0.2865296856999295,-5.0,0.49993888900137917
24.534674406051636,1.9860325569115163,[0.41617476],5.0,0.5,0.0,-0.0205615552155628,-5.0,0.49999968528426336
24.543537378311157,1.9823199812935197,[0.4011371],5.0,0.5,0.0,-0.10783396222711862,-5.0,0.49999134406388757
24.554765701293945,1.9778258108085762,[0.38584919],5.0,0.5,0.0,-0.10644893984277574,-5.0,0.4999915649882267
24.566442489624023,1.972745444173423,[0.37042207],5.0,0.5,0.0,-0.07550199216774546,-5.0,0.4999957565249381
24.57522964477539,1.9692282672721628,[0.35496598],5.0,0.5,0.0,-0.040010000701423284,-5.0,0.4999988083649307
24.58668541908264,1.964929495503956,[0.33957781],5.0,0.5,0.0,-0.009317863504485862,-5.0,0.49999993536922915
24.595625638961792,1.961412318602696,[0.32435023],5.0,0.5,0.0,0.01410902891243526,-5.0,0.4999998518161555
24.606220960617065,1.9569181481177527,[0.30938174],5.0,0.5,0.0,0.3066144542826701,-5.0,0.4999300219991707
24.61367154121399,1.953791768649966,[0.29476124],5.0,0.5,0.0,0.07443104363470908,-5.0,0.4999958760527519
24.622792959213257,1.9502745917487057,[0.2805728],5.0,0.5,0.0,-0.0074421370329717795,-5.0,0.4999999587710777
24.632762670516968,1.9461712186972357,[0.26688864],5.0,0.5,0.0,-0.02527021367564086,-5.0,0.49999952463818
24.64063572883606,1.943044839229449,[0.25376632],5.0,0.5,0.0,0.25725316998263187,-5.0,0.49995073859996303
24.650645971298218,1.938746067461242,[0.24108937],5.0,0.5,0.0,0.303684883244228,-5.0,0.49993135273974615
24.660311222076416,1.9348380931265086,[0.22859102],5.0,0.5,0.0,0.26162883451945695,-5.0,0.4999490486424761
24.67168641090393,1.9301485239248286,[0.21616465],5.0,0.5,0.0,0.19593082967854866,-5.0,0.49997142410642625
24.679720163345337,1.927022144457042,[0.20382228],5.0,0.5,0.0,0.13275156593193743,-5.0,0.49998688161768917
24.689655542373657,1.9231141701223082,[0.1915859],5.0,0.5,0.0,0.08079437813831283,-5.0,0.49999514077677626
24.69868516921997,1.9194015945043117,[0.17950487],5.0,0.5,0.0,0.0413530319446755,-5.0,0.4999987270221812
24.707234144210815,1.9156890188863152,[0.16763075],5.0,0.5,0.0,0.012939406139655761,-5.0,0.499999875366351
24.71498131752014,1.9125626394185284,[0.15600675],5.0,0.5,0.0,-0.006679977670947908,-5.0,0.49999996678328484
24.72544836997986,1.908459266367058,[0.14466761],5.0,0.5,0.0,-0.019659772903230257,-5.0,0.4999997122843112
24.735662698745728,1.9043558933155882,[0.1336502],5.0,0.5,0.0,-0.027799542244357343,-5.0,0.49999942471676884
24.7448148727417,1.9006433176975914,[0.1229883],5.0,0.5,0.0,-0.03250067256677602,-5.0,0.49999921369501227
24.75324535369873,1.8971261407963316,[0.11270888],5.0,0.5,0.0,-0.03481133829308642,-5.0,0.4999990979144566
24.762317895889282,1.8934135651783346,[0.10287361],5.0,0.5,0.0,-0.03549551187193727,-5.0,0.4999990621073016
24.769672632217407,1.8906779831440212,[0.09358925],5.0,0.5,0.0,-0.03510001585687786,-5.0,0.49999908289111195
24.77962040901184,1.8865746100925513,[0.08491907],5.0,0.5,0.0,-0.03401081028515814,-5.0,0.49999913892643005
24.788655042648315,1.8828620344745544,[0.07686504],5.0,0.5,0.0,-0.032497049571391975,-5.0,0.4999992138703082
24.798699617385864,1.8787586614230845,[0.06941705],5.0,0.5,0.0,-0.030744232042645717,-5.0,0.4999992963873022
24.80772089958191,1.8752414845218242,[0.06256412],5.0,0.5,0.0,-0.0288785427654559,-5.0,0.4999993791925001
24.815686225891113,1.8721151050540379,[0.05629685],5.0,0.5,0.0,-0.02698444723476117,-5.0,0.49999945795730955
24.8246967792511,1.8680117320025675,[0.05060524],5.0,0.5,0.0,-0.025117269674389424,-5.0,0.49999953037486994
24.8346586227417,1.8639083589510974,[0.04547412],5.0,0.5,0.0,-0.0233121162008363,-5.0,0.4999995954521494
24.844020128250122,1.8601957833331009,[0.04088337],5.0,0.5,0.0,-0.021590168248867135,-5.0,0.4999996530087063
24.852296590805054,1.8566786064318406,[0.036809],5.0,0.5,0.0,-0.019963100566722417,-5.0,0.4999997033375796
24.860262870788574,1.8533568282473172,[0.03322402],5.0,0.5,0.0,-0.018436169984254666,-5.0,0.49999974698400734
24.86902093887329,1.849839651346057,[0.03009927],5.0,0.5,0.0,-0.01701036631865746,-5.0,0.4999997846058448
24.87669062614441,1.8469086705950069,[0.02740414],5.0,0.5,0.0,-0.015683903821015407,-5.0,0.49999981688878825
24.885690450668335,1.8431960949770103,[0.0251072],5.0,0.5,0.0,-0.014453250208218008,-5.0,0.49999984449740176
24.89466667175293,1.8396789180757502,[0.0231767],5.0,0.5,0.0,-0.013313832240183537,-5.0,0.4999998680489718
24.90384268760681,1.8357709437410168,[0.02158103],5.0,0.5,0.0,0.2637778441019293,-5.0,0.4999482082232226
24.912780284881592,1.8320583681230203,[0.02028915],5.0,0.5,0.0,0.2978750353274977,-5.0,0.49993395404807134
24.923824310302734,1.8275641976380768,[0.01927086],5.0,0.5,0.0,-0.03236332408997217,-5.0,0.49999922032684474
24.9331636428833,1.8240470207368165,[0.01849709],5.0,0.5,0.0,-0.14074572295735172,-5.0,0.49998525412039885
24.94184947013855,1.82033444511882,[0.01794006],5.0,0.5,0.0,0.12062946161138458,-5.0,0.4999891679975385
24.950642585754395,1.8168172682175598,[0.01757352],5.0,0.5,0.0,0.17391938976042393,-5.0,0.4999774839138129
24.96062707901001,1.81271389516609,[0.01737279],5.0,0.5,0.0,-0.12804461336176484,-5.0,0.4999877953873288
24.970956802368164,1.8084151233978831,[0.01731485],5.0,0.5,0.0,-0.20945232672110553,-5.0,0.499967344008758
24.979731798171997,1.8045071490631495,[0.01737838],5.0,0.5,0.0,0.07417833836086524,-5.0,0.4999959040080186
24.987733125686646,1.801185370878626,[0.01754378],5.0,0.5,0.0,0.14453303519634036,-5.0,0.4999844498648529
24.996755838394165,1.7970819978271562,[0.01779316],5.0,0.5,0.0,0.13111108143539751,-5.0,0.4999872038324758
25.00550365447998,1.7939556183593695,[0.0181103],5.0,0.5,0.0,0.09168988441965581,-5.0,0.49999374183790174
25.01372218132019,1.7906338401748463,[0.01848063],5.0,0.5,0.0,0.0502866798958773,-5.0,0.4999981176005657
25.024391174316406,1.786530467123376,[0.01889111],5.0,0.5,0.0,0.01550843765523166,-5.0,0.4999998209630402
25.035074949264526,1.7822316953551693,[0.0193302],5.0,0.5,0.0,-0.010714801956308702,-5.0,0.4999999145376295
25.04263162612915,1.778909917170646,[0.01978778],5.0,0.5,0.0,-0.029072337571635447,-5.0,0.4999993708324611
25.05169367790222,1.7751973415526492,[0.02025507],5.0,0.5,0.0,-0.3170986763611361,-5.0,0.4999251549596396
25.0605947971344,1.7716801646513891,[0.02072449],5.0,0.5,0.0,-0.3573898216076755,-5.0,0.49990492863211927
25.06913447380066,1.7683583864668657,[0.02118961],5.0,0.5,0.0,-0.029927879398563756,-5.0,0.4999993332572899
25.076611757278442,1.7652320069990788,[0.02164505],5.0,0.5,0.0,0.07805356282563276,-5.0,0.49999546486552726
25.08570170402527,1.761714830097819,[0.02208637],5.0,0.5,0.0,-0.18212919240049813,-5.0,0.49997530806783125
25.09369468688965,1.7583930519132955,[0.02251005],5.0,0.5,0.0,-0.2332021857251605,-5.0,0.49995951871152583
25.10493278503418,1.753508083994879,[0.02291331],5.0,0.5,0.0,-0.2044395407571556,-5.0,0.4999688883562783
25.113696575164795,1.749795508376882,[0.02329407],5.0,0.5,0.0,-0.15298144831380012,-5.0,0.49998257885699765
25.12349796295166,1.7456921353254118,[0.02364464],5.0,0.5,0.0,-0.10215668196779712,-5.0,0.49999223150556693
25.132487773895264,1.7419795597074152,[0.02395181],5.0,0.5,0.0,-0.05996667204726196,-5.0,0.4999973231415419
25.14405345916748,1.7374853892224718,[0.02420942],5.0,0.5,0.0,-0.027853555516135258,-5.0,0.49999942247909906
25.154807090759277,1.7331866174542652,[0.02441798],5.0,0.5,0.0,-0.004752448131111833,-5.0,0.4999999831871461
25.164637088775635,1.729083244402795,[0.02457839],5.0,0.5,0.0,0.011114611283385088,-5.0,0.4999999080407983
25.173693656921387,1.725566067501535,[0.02469194],5.0,0.5,0.0,0.021504190627107546,-5.0,0.4999996557668204
25.185621738433838,1.720876498299855,[0.02476054],5.0,0.5,0.0,0.027897951025301335,-5.0,0.4999994206366231
25.19663095474243,1.7161869290981746,[0.0247868],5.0,0.5,0.0,0.03145546783501452,-5.0,0.4999992634560729
25.207308053970337,1.7116927586132313,[0.02477363],5.0,0.5,0.0,0.0330463204013446,-5.0,0.4999991870711419
25.214730978012085,1.708761777862181,[0.02472442],5.0,0.5,0.0,-0.2427332704297866,-5.0,0.4999561422606537
25.224536895751953,1.7048538035274479,[0.02464346],5.0,0.5,0.0,-0.2764768628531249,-5.0,0.49994310166611483
25.23673915863037,1.6997734368922943,[0.02453517],5.0,0.5,0.0,-0.22255585887439555,-5.0,0.49996313037452017
25.24564266204834,1.6962562599910345,[0.02440365],5.0,0.5,0.0,-0.14798117530378607,-5.0,0.499983699064072
25.255364179611206,1.6917620895060912,[0.0242531],5.0,0.5,0.0,-0.35518778235790827,-5.0,0.4999060964680178
25.26464343070984,1.6878541151713575,[0.02408767],5.0,0.5,0.0,-0.33345809658605585,-5.0,0.4999172337532123
25.274709224700928,1.6841415395533608,[0.02391112],5.0,0.5,0.0,-0.23813806766181234,-5.0,0.49995778702190385
25.283029556274414,1.680428963935364,[0.02372687],5.0,0.5,0.0,-0.1343750969261734,-5.0,0.4999865587883753
25.29185724258423,1.676911787034104,[0.02353808],5.0,0.5,0.0,-0.04599596220393583,-5.0,0.4999984251274684
25.302263259887695,1.6730038126993705,[0.02334768],5.0,0.5,0.0,0.021189493271228585,-5.0,0.49999966576827354
25.311113119125366,1.669291237081374,[0.02315829],5.0,0.5,0.0,0.06853107356923624,-5.0,0.49999650392913153
25.31912350654602,1.6659694588968506,[0.02297225],5.0,0.5,0.0,0.3757040125994234,-5.0,0.4998949362955263
25.326661825180054,1.6628430794290636,[0.02279157],5.0,0.5,0.0,0.4276329828958506,-5.0,0.499863890027615
25.33463191986084,1.6595213012445402,[0.02261789],5.0,0.5,0.0,0.3823752951089059,-5.0,0.4998911723983716
25.344672203063965,1.6554179281930703,[0.02245254],5.0,0.5,0.0,0.3098339605572879,-5.0,0.4999285448265026
25.35466766357422,1.651509953858337,[0.0222967],5.0,0.5,0.0,0.23857213778564845,-5.0,0.49995763299936213
25.36272430419922,1.6483835743905502,[0.02215137],5.0,0.5,0.0,0.17839919848026248,-5.0,0.49997630906593915
25.37397289276123,1.6434986064721333,[0.02201727],5.0,0.5,0.0,0.13108894773735363,-5.0,0.49998720815246117
25.38349199295044,1.6393952334206634,[0.02189484],5.0,0.5,0.0,0.09533636297980022,-5.0,0.49999323417287755
25.393728971481323,1.6352918603691935,[0.02178431],5.0,0.5,0.0,0.06895430141773545,-5.0,0.49999646061452646
25.403713703155518,1.6313838860344596,[0.02168572],5.0,0.5,0.0,0.04977468840433423,-5.0,0.4999981557364866
25.41456437110901,1.627085114266253,[0.02159895],5.0,0.5,0.0,0.035961094035416794,-5.0,0.499999037341946
25.422626972198486,1.6239587347984663,[0.02152368],5.0,0.5,0.0,0.026068407471619176,-5.0,0.49999949413403916
25.431278944015503,1.6204415578972062,[0.02145938],5.0,0.5,0.0,0.019005042778532252,-5.0,0.4999997311288148
25.43967866897583,1.6171197797126828,[0.02140541],5.0,0.5,0.0,0.013966698506158302,-5.0,0.4999998547908013
25.44897723197937,1.6136026028114228,[0.02136113],5.0,0.5,0.0,0.010370095838917757,-5.0,0.4999999199480011
25.458606719970703,1.6096946284766893,[0.02132598],5.0,0.5,0.0,0.007796647325305473,-5.0,0.4999999547495987
25.470635890960693,1.6044188631247993,[0.02129941],5.0,0.5,0.0,0.005948049898774213,-5.0,0.4999999736636327
25.480652809143066,1.6001200913565925,[0.02128057],5.0,0.5,0.0,0.004612711434558676,-5.0,0.49999998416131064
25.491756677627563,1.595821319588386,[0.02126821],5.0,0.5,0.0,0.0036410041272183637,-5.0,0.49999999013154844
25.502076625823975,1.5911317503867057,[0.0212614],5.0,0.5,0.0,0.0029273183912365986,-5.0,0.4999999936210882
25.512367725372314,1.586832978618499,[0.02125952],5.0,0.5,0.0,0.002397188070397297,-5.0,0.4999999957222944
25.52060079574585,1.5835112004339755,[0.02126186],5.0,0.5,0.0,0.001998121097325253,-5.0,0.49999999702798986
25.530380964279175,1.579798624815979,[0.02126777],5.0,0.5,0.0,0.0016931017939367278,-5.0,0.49999999786610616
25.53901696205139,1.576281447914719,[0.02127661],5.0,0.5,0.0,0.0014560022862995453,-5.0,0.49999999842191356
25.548883199691772,1.5719826761465123,[0.02128782],5.0,0.5,0.0,0.0012683498320096855,-5.0,0.4999999988024745
25.55827808380127,1.568465499245252,[0.02130088],5.0,0.5,0.0,0.001117053097092063,-5.0,0.49999999907113135
25.56737995147705,1.5647529236272555,[0.02131536],5.0,0.5,0.0,0.0009928046463315047,-5.0,0.49999999926627336
25.57668924331665,1.5612357467259954,[0.02133083],5.0,0.5,0.0,0.0008889592930246622,-5.0,0.4999999994117385
25.58468723297119,1.557718569824735,[0.02134695],5.0,0.5,0.0,0.0008007468426399759,-5.0,0.49999999952269375
25.593035221099854,1.554201392923475,[0.02136342],5.0,0.5,0.0,0.0007247195904276589,-5.0,0.4999999996090271
25.6021831035614,1.5504888173054785,[0.02137996],5.0,0.5,0.0,0.0006583645149619731,-5.0,0.49999999967734415
25.60969090461731,1.547167039120955,[0.02139634],5.0,0.5,0.0,0.0005998309704810419,-5.0,0.4999999997321668
25.61942768096924,1.5434544635029583,[0.02141237],5.0,0.5,0.0,0.2765860990395625,-5.0,0.4999430566986569
25.63009285926819,1.5391556917347513,[0.02142791],5.0,0.5,0.0,0.3096640094278278,-5.0,0.49992862318905673
25.637917518615723,1.535833913550228,[0.02144283],5.0,0.5,0.0,0.25452465755599585,-5.0,0.49995177797370105
25.645970106124878,1.5325121353657045,[0.02145703],5.0,0.5,0.0,0.17840152820135885,-5.0,0.4999763084471883
25.65683674812317,1.5284087623142348,[0.02147045],5.0,0.5,0.0,0.10784419873628666,-5.0,0.49999134242043486
25.66657280921936,1.5245007879795012,[0.02148302],5.0,0.5,0.0,0.05119081904914242,-5.0,0.49999804930224234
25.6766254901886,1.5202020162112944,[0.02149471],5.0,0.5,0.0,0.009164363502495478,-5.0,0.4999999374811095
25.685668230056763,1.516294041876561,[0.02150551],5.0,0.5,0.0,-0.02027716827913497,-5.0,0.49999969392972543
25.693692207336426,1.5131676624087744,[0.02151541],5.0,0.5,0.0,-0.3158674972291938,-5.0,0.49992573498056253
25.703004598617554,1.509259688074041,[0.02152442],5.0,0.5,0.0,-0.08512844704288226,-5.0,0.4999946054682415
25.7118923664093,1.505742511172781,[0.02153257],5.0,0.5,0.0,-0.003768574624240517,-5.0,0.4999999894279086
25.719740390777588,1.5026161317049942,[0.02153987],5.0,0.5,0.0,0.014078049689130612,-5.0,0.4999998524661762
25.72837543487549,1.4989035560869972,[0.02154638],5.0,0.5,0.0,0.007913612896891077,-5.0,0.4999999533817185
25.740928411483765,1.4934323920183705,[0.02155213],5.0,0.5,0.0,-0.0049061059357288555,-5.0,0.49999998208237223
25.749578952789307,1.489719816400374,[0.02155716],5.0,0.5,0.0,-0.01737420573584146,-5.0,0.49999977529305384
25.757594108581543,1.486202639499114,[0.02156152],5.0,0.5,0.0,-0.02715165477661528,-5.0,0.49999945121902967
25.76656723022461,1.4828808613145905,[0.02156525],5.0,0.5,0.0,-0.033879179097805565,-5.0,0.4999991455787093
25.774596214294434,1.4797544818468038,[0.0215684],5.0,0.5,0.0,-0.03793984788917007,-5.0,0.4999989284871572
25.78359293937683,1.4760419062288068,[0.02157101],5.0,0.5,0.0,-0.03991498395488471,-5.0,0.49999881401805274
25.792675018310547,1.4725247293275467,[0.02157315],5.0,0.5,0.0,-0.040364322822912406,-5.0,0.49999878716564494
25.80299186706543,1.4684213562760768,[0.02157485],5.0,0.5,0.0,-0.03975260873455469,-5.0,0.49999882364762727
25.810686588287354,1.4650995780915532,[0.02157616],5.0,0.5,0.0,-0.03843842996622413,-5.0,0.4999989001398209
25.821691751480103,1.4606054076066102,[0.02157716],5.0,0.5,0.0,-0.0366864903772705,-5.0,0.49999899811338644
25.830950260162354,1.4568928319886134,[0.02157797],5.0,0.5,0.0,-0.034686222441536775,-5.0,0.4999991043871911
25.83868980407715,1.4537664525208267,[0.02157866],5.0,0.5,0.0,-0.032569809016547595,-5.0,0.4999992103461515
25.8477041721344,1.4500538769028297,[0.02157925],5.0,0.5,0.0,-0.030427277586594137,-5.0,0.49999931082015325
25.856978178024292,1.4459505038513598,[0.02157972],5.0,0.5,0.0,-0.028318289799717542,-5.0,0.49999940304655915
25.86466360092163,1.4430195231003098,[0.02158003],5.0,0.5,0.0,-0.026280991267818306,-5.0,0.49999948584988657
25.873657941818237,1.4391115487655763,[0.0215802],5.0,0.5,0.0,-0.024338491501798856,-5.0,0.4999995590454805
25.882657289505005,1.435203574430843,[0.02158025],5.0,0.5,0.0,0.25353482968267166,-5.0,0.4999521522903943
25.890650987625122,1.4318817962463195,[0.0215802],5.0,0.5,0.0,0.28838116670400554,-5.0,0.4999380967317372
25.90057396888733,1.4281692206283225,[0.0215801],5.0,0.5,0.0,-0.04114692288837851,-6.9748368985968385,0.4999987396799267
25.90856409072876,1.425042841160536,[0.02157993],5.0,0.5,0.0,-0.14886111807452646,-6.979081410740402,0.4999835046298808
25.916627883911133,1.4217210629760126,[0.02157972],5.0,0.5,0.0,0.11313915091921573,-6.962810101490924,0.49999047141598874
25.925665855407715,1.418008487358016,[0.02157947],5.0,0.5,0.0,0.16701139678023466,-6.944327248006822,0.49997923701097646
25.935731172561646,1.4139051143065458,[0.02157917],5.0,0.5,0.0,0.14162655571762342,-6.9238833738487395,0.49998506897654316
25.945669174194336,1.4098017412550756,[0.02157885],5.0,0.5,0.0,-0.18219382587993832,-6.903222494946082,0.4999752905399522
25.956140518188477,1.4055029694868688,[0.0215785],5.0,0.5,0.0,0.013678466241841367,-6.881819202512683,0.4999998607223531
25.96732449531555,1.4006180015684524,[0.02157814],5.0,0.5,0.0,0.06347356252452224,-6.8574473627801265,0.4999970008987946
25.975579500198364,1.3971008246671923,[0.02157777],5.0,0.5,0.0,0.05600905070297965,-6.839823321771946,0.49999766481073804
25.984646797180176,1.3933882490491956,[0.0215774],5.0,0.5,0.0,0.030853093709557813,-6.821284825957013,0.4999992913956663
25.99423575401306,1.3896756734311988,[0.02157703],5.0,0.5,0.0,0.004409886075046349,-6.802722858811874,0.49999998552357217
26.003462314605713,1.3857676990964651,[0.02157666],5.0,0.5,0.0,-0.017476525448299397,-6.783215569230975,0.4999997726385847
26.01362633705139,1.3816643260449955,[0.0215763],5.0,0.5,0.0,-0.03352751212902108,-6.762716163542507,0.4999991632244758
26.02301335334778,1.377756351710262,[0.02157595],5.0,0.5,0.0,-0.04424747439552251,-6.743160616676601,0.49999854258573634
26.031903982162476,1.3740437760922652,[0.0215756],5.0,0.5,0.0,-0.050683084277223525,-6.724576844672706,0.4999980878061539
26.040562391281128,1.3705265991910052,[0.02157526],5.0,0.5,0.0,-0.05390816980220882,-6.7069825500514195,0.499997836709161
26.051101207733154,1.366618624856272,[0.02157494],5.0,0.5,0.0,-0.054839802196961385,-6.687491963344384,0.49999776129194234
26.05962109565735,1.3631014479550119,[0.02157462],5.0,0.5,0.0,-0.054197854902479026,-6.6698963966908345,0.4999978133970908
26.070533752441406,1.3586072774700682,[0.0215743],5.0,0.5,0.0,-0.05252081067509835,-6.647473784889457,0.4999979466233201
26.078611135482788,1.3552854992855448,[0.02157399],5.0,0.5,0.0,-0.32623721358914864,-6.6306377397436975,0.49992077919226585
26.089231491088867,1.350986727517338,[0.02157298],5.0,0.5,0.0,-0.35667098368725725,-6.615581295256336,0.49990531065592786
26.09943461418152,1.346297158315658,[0.02157523],5.0,0.5,0.0,-0.2987052778957816,-6.542560956526332,0.4999335853905836
26.111751794815063,1.3414121903972414,[0.02161142],5.0,0.5,0.0,-0.21970396163347083,-6.359461468669393,0.499964069203346
26.12173628807068,1.3373088173457712,[0.0217374],5.0,0.5,0.0,-0.14630298134983183,-6.304717906407305,0.49998406668625506
26.131539821624756,1.3334008430110378,[0.02202589],5.0,0.5,0.0,-0.08689585972897856,-6.31934631013454,0.49999437914472844
26.142629623413086,1.3287112738093576,[0.02263922],5.0,0.5,0.0,-0.04223936338883667,-6.129663216516732,0.49999867186926594
26.150586128234863,1.3253894956248342,[0.02379619],5.0,0.5,0.0,-0.0103104303329682,-6.1075420712197515,0.4999999208665272
26.158578157424927,1.3220677174403108,[0.02566849],5.0,0.5,0.0,0.011577455228748227,-5.949937778941185,0.49999990022244617
26.16779637336731,1.3185505405390507,[0.02843304],5.0,0.5,0.0,0.025934495777893293,-5.823793035400661,0.499999499317888
26.175597429275513,1.3152287623545271,[0.03223096],5.0,0.5,0.0,0.03482755257926474,-5.849153393140491,0.49999909707392204
26.184226036071777,1.3117115854532673,[0.03712174],5.0,0.5,0.0,0.039853595190651334,-5.725591621825418,0.499998817663295
26.191659212112427,1.307803611118534,[0.0431869],5.0,0.5,0.0,-0.23383709168431482,-5.616304753248656,0.4999592979953182
26.204912900924683,1.3033094406335908,[0.0505706],5.0,0.5,0.0,-0.266428930168645,-5.394213078415046,0.4999471619856021
26.21440625190735,1.2995968650155938,[0.05937553],5.0,0.5,0.0,-0.2119973429971871,-5.465779633745564,0.499966545620309
26.223313331604004,1.2958842893975973,[0.06957506],5.0,0.5,0.0,-0.13734224621121272,-5.376696101995819,0.4999859586498643
26.232179164886475,1.2919763150628636,[0.08111936],5.0,0.5,0.0,-0.344749900442808,-5.292783338594721,0.49991153396740184
26.240622758865356,1.2884591381616035,[0.09394259],5.0,0.5,0.0,-0.323398947713994,-5.32328823015507,0.4999221515322682
26.24861240386963,1.2849419612603434,[0.10788393],5.0,0.5,0.0,-0.22856361718998502,-5.3177616337103,0.4999611130405401
26.25661039352417,1.2820109805092936,[0.12278534],5.0,0.5,0.0,-0.1253422664090582,-5.1857657177272385,0.49998830509541853
26.26689648628235,1.2775168100243501,[0.13854777],5.0,0.5,0.0,0.23850979312164172,-5.122409576549657,0.4999576551385732
26.274681568145752,1.2747812279900368,[0.15501181],5.0,0.5,0.0,0.338252572362856,-5.026757836026962,0.499914836813485
26.28641700744629,1.2697008613548835,[0.17199167],5.0,0.5,0.0,0.053903644748147836,-4.849738469931746,0.49999783707231843
26.29564929008484,1.2657928870201498,[0.18938625],5.0,0.5,0.0,-0.024705000285820726,-4.850464305292003,0.4999995456649893
26.30570125579834,1.2616895139686797,[0.20705593],5.0,0.5,0.0,0.2542051879097724,-4.876484745868904,0.49995189894480907
26.313632488250732,1.2583677357841563,[0.22476792],5.0,0.5,0.0,0.31615468271449476,-4.900971125383271,0.4999255998862978
26.324060678482056,1.2542643627326862,[0.24225658],5.0,0.5,0.0,0.016640214363358996,-4.763246642475666,0.4999997938779661
26.33321762084961,1.250747185831426,[0.25922526],5.0,0.5,0.0,-0.06651922403103104,-5.086694856649191,0.49999670618203723
26.341724395751953,1.2472300089301662,[0.27538856],5.0,0.5,0.0,-0.06341381879606908,-5.108650016131433,0.49999700654185675
26.352816820144653,1.242540439728486,[0.29046505],5.0,0.5,0.0,-0.032360195081475966,-5.093880837355233,0.4999992204776008
26.36362385749817,1.2380462692435428,[0.30414068],5.0,0.5,0.0,0.0021808888187268595,-5.089371700665261,0.49999999645942556
26.372687578201294,1.234333693625546,[0.31611784],5.0,0.5,0.0,0.031255958291776145,-5.1719465974041166,0.49999927276964734
26.384914875030518,1.2294487257071294,[0.32612082],5.0,0.5,0.0,0.05267163641995802,-5.210900683549255,0.49999793481291144
26.394094944000244,1.225540751372396,[0.33397645],5.0,0.5,0.0,0.06691995205373846,-5.03701076841276,0.49999666637710743
26.405868530273438,1.2208511821707155,[0.33964853],5.0,0.5,0.0,0.0753501575692252,-5.06508493949152,0.49999577357497194
26.41568660736084,1.217138606552719,[0.34315878],5.0,0.5,0.0,0.07940099068785146,-4.889806806321594,0.4999953069359708
26.426576614379883,1.2128398347845122,[0.34462483],5.0,0.5,0.0,0.3563575553924752,-4.796529075458634,0.49990547698555216
26.43753719329834,1.2081502655828322,[0.34419593],5.0,0.5,0.0,0.3882533680306555,-4.793179219604432,0.49988780114959375
26.446730375289917,1.2042422912480988,[0.34200449],5.0,0.5,0.0,0.05448201400713243,-4.687805457939296,0.49999779040833603
26.45590305328369,1.200529715630102,[0.33821274],5.0,0.5,0.0,-0.058233034906462214,-4.700890136826389,0.49999747567988295
26.46767830848694,1.1956447477116852,[0.33297882],5.0,0.5,0.0,-0.07765329786217263,-4.658558821277479,0.4999955112591281
26.4766902923584,1.192127570810425,[0.32647947],5.0,0.5,0.0,0.21362740947516637,-4.601124955096431,0.4999660291925422
26.48464059829712,1.1888057926259017,[0.31891942],5.0,0.5,0.0,0.27100860626038453,-4.600004795296613,0.49994532999711094
26.49362349510193,1.1850932170079052,[0.31049174],5.0,0.5,0.0,-0.03711872969512614,-4.574505479180045,0.4999989743659276
26.504671096801758,1.180403647806225,[0.30137589],5.0,0.5,0.0,-0.1279118349265998,-4.58714588168737,0.49998782068553377
26.513561487197876,1.1764956734714915,[0.29172828],5.0,0.5,0.0,0.14610067382673217,-4.604493840855993,0.4999841107202091
26.523074865341187,1.172587699136758,[0.28168377],5.0,0.5,0.0,0.20772664585551115,-4.633328805893017,0.499967879881216
26.533509731292725,1.168484326085288,[0.27136725],5.0,0.5,0.0,0.18676249862326327,-4.697144313592229,0.49997403581169936
26.543601036071777,1.1645763517505545,[0.26089303],5.0,0.5,0.0,0.1409463709796127,-4.752453303282245,0.4999852120474076
26.554185152053833,1.1604729786990846,[0.25035815],5.0,0.5,0.0,0.09414161344405543,-4.772917414803027,0.4999934026870687
26.564586877822876,1.1559788082141411,[0.2398436],5.0,0.5,0.0,0.054781721653711354,-4.827320979176458,0.49999776603142826
26.575515270233154,1.1514846377291978,[0.22942831],5.0,0.5,0.0,0.02464007541365005,-4.865234766584009,0.49999954804984
26.58591318130493,1.1475766633944644,[0.21918286],5.0,0.5,0.0,0.0028979361214210575,-4.896560911664076,0.4999999937484992
26.594632387161255,1.1438640877764674,[0.20916786],5.0,0.5,0.0,-0.012043330701552812,-4.916735469676502,0.49999989203080775
26.60278010368347,1.1405423095919442,[0.19944422],5.0,0.5,0.0,-0.0218113559246229,-4.938913150038593,0.49999964586255385
26.61060094833374,1.1372205314074209,[0.19006244],5.0,0.5,0.0,-0.027795936289028503,-4.957842984494912,0.49999942486600224
26.618623733520508,1.1338987532228972,[0.1810623],5.0,0.5,0.0,-0.031091625904298675,-4.952421974278442,0.4999992803965612
26.62955665588379,1.129404582737954,[0.1724784],5.0,0.5,0.0,-0.032522212160527725,-4.96680253334155,0.4999992126524314
26.639627695083618,1.1254966084032205,[0.16433263],5.0,0.5,0.0,-0.03269015720060894,-4.9800789995349115,0.4999992044996997
26.649646759033203,1.121197836635014,[0.15663609],5.0,0.5,0.0,-0.03202734032500122,-4.987595046635504,0.4999992364313432
26.658572673797607,1.1172898623002805,[0.14939448],5.0,0.5,0.0,-0.03083862523505041,-4.993936188700121,0.4999992920601061
26.6665096282959,1.1141634828324936,[0.1426112],5.0,0.5,0.0,-0.029336363284301198,-4.981569689241143,0.4999993593527781
26.677645921707153,1.1096693123475503,[0.13628502],5.0,0.5,0.0,-0.027666532655608984,-5.005077368520406,0.4999994302085923
26.68558359146118,1.106347534163027,[0.13040554],5.0,0.5,0.0,-0.025928014340213336,-5.005399455930561,0.4999994995681133
26.69455099105835,1.1028303572617668,[0.12496377],5.0,0.5,0.0,-0.0241865608975984,-5.014929400009689,0.49999956453352434
26.703533411026,1.0993131803605067,[0.11995417],5.0,0.5,0.0,-0.022484799767317862,-5.010462131872513,0.4999996236563776
26.714444637298584,1.0948190098755635,[0.11536132],5.0,0.5,0.0,-0.02084933657909454,-5.013962306836365,0.49999967641303733
26.723511457443237,1.0911064342575667,[0.11116205],5.0,0.5,0.0,-0.019295767295086898,-5.000665833134772,0.49999972283993094
26.732352018356323,1.0875892573563064,[0.10733491],5.0,0.5,0.0,-0.017832196804677097,-4.98856652203086,0.499999763290183
26.746583223342896,1.0815318971374697,[0.10385855],5.0,0.5,0.0,-0.016461697957314215,-4.975216944951901,0.4999997982768016
26.754552125930786,1.078405517669683,[0.10071136],5.0,0.5,0.0,-0.015184022584480318,-4.950277218610794,0.49999982837510565
26.76456332206726,1.0744975433349495,[0.09787428],5.0,0.5,0.0,-0.01399678642025277,-4.936724726569933,0.49999985416449044
26.772565603256226,1.0711757651504263,[0.09532908],5.0,0.5,0.0,-0.012896285115416632,-4.915891481379811,0.4999998761956587
26.78251338005066,1.0666815946654828,[0.09305696],5.0,0.5,0.0,-0.011878052261795086,-4.9017120983676685,0.4999998949739352
26.791600227355957,1.062969019047486,[0.09103697],5.0,0.5,0.0,-0.01093723746460112,-4.898136731891855,0.4999999109524614
26.8010675907135,1.0590610447127526,[0.08924671],5.0,0.5,0.0,-0.010068859243375215,-4.880874521809459,0.4999999245312456
26.81096315383911,1.0551530703780192,[0.08766587],5.0,0.5,0.0,-0.009267971150733446,-4.863327244016924,0.499999936059505
26.820525884628296,1.0510496973265493,[0.08627681],5.0,0.5,0.0,-0.008529767963328865,-4.837809232712138,0.4999999458396969
26.82851552963257,1.047727919142026,[0.08506329],5.0,0.5,0.0,-0.0078496507054376,-4.824939247666369,0.4999999541322624
26.836894512176514,1.0442107422407658,[0.08400888],5.0,0.5,0.0,-0.00722326358739704,-4.810338136460966,0.49999996116050405
26.844520568847656,1.041084362772979,[0.08309783],5.0,0.5,0.0,-0.006646511963697395,-4.79099159386692,0.49999996711527284
26.85344624519348,1.0377625845884557,[0.08231594],5.0,0.5,0.0,-0.006115567634227338,-4.777747173051604,0.49999997215929615
26.865543603897095,1.0324868192365655,[0.08164916],5.0,0.5,0.0,-0.005626865864381204,-4.753757070890848,0.49999997643107413
26.87686324119568,1.028188047468359,[0.08108327],5.0,0.5,0.0,-0.005177097144665474,-4.738189390962942,0.4999999800483281
26.8845374584198,1.0246708705670988,[0.08060526],5.0,0.5,0.0,-0.004763195758175015,-4.7153168114424435,0.4999999831110158
26.894766092300415,1.0207628962323652,[0.08020426],5.0,0.5,0.0,-0.00438232656718828,-4.696391510240762,0.49999998570394716
26.903982639312744,1.0170503206143686,[0.07987038],5.0,0.5,0.0,0.2720064887079949,-4.678043388277371,0.49994492667661
26.91353130340576,1.0129469475628985,[0.0795941],5.0,0.5,0.0,0.3054535501768253,-4.657498269208674,0.4999305508609033
26.92331051826477,1.0088435745114284,[0.07936685],5.0,0.5,0.0,-0.02538537703994906,-4.636325783979191,0.49999952029559835
26.9333393573761,1.0047402014599582,[0.07918098],5.0,0.5,0.0,0.14171634743965777,-4.615294707895033,0.49998505003818444
26.94398283958435,1.000246030975015,[0.07902967],5.0,0.5,0.0,0.15966667826632508,-4.592076340568305,0.4999810230237479
26.953232288360596,0.9959472592068082,[0.07888401],5.0,0.5,0.0,0.12426369734056637,-4.759649894122075,0.49998850549625184
26.962242126464844,0.9926254810222849,[0.07867078],5.0,0.5,0.0,0.07691635203823396,-4.823674112332042,0.49999559605263527
26.970890760421753,0.9891083041210248,[0.07831658],5.0,0.5,0.0,0.033795920789709166,-4.803226602510322,0.4999991497730376
26.982872009277344,0.9844187349193447,[0.07779662],5.0,0.5,0.0,-0.00017611324576306125,-4.755612530983645,0.49999999997691175
26.991631507873535,0.980706159301348,[0.07712446],5.0,0.5,0.0,-0.024745563552953473,-4.677579477332053,0.49999954417181514
27.002888917922974,0.9760165900996679,[0.07633598],5.0,0.5,0.0,-0.04132223957869213,-4.540917956781169,0.4999987289172468
27.013776779174805,0.9715224196147245,[0.07548297],5.0,0.5,0.0,-0.05167980696586542,-4.421065803232532,0.4999980118571872
27.0216543674469,0.9685914388636743,[0.07462019],5.0,0.5,0.0,-0.05744672588432734,-4.331721584167861,0.4999975433902476
27.029879570007324,0.965269660679151,[0.07379263],5.0,0.5,0.0,-0.059950380690711166,-4.305997955087703,0.4999973245958035
27.038328886032104,0.9619478824946276,[0.07302961],5.0,0.5,0.0,-0.06020816547152108,-4.284630771697278,0.4999973015380878
27.050294637680054,0.9566721171427376,[0.0723598],5.0,0.5,0.0,-0.058971303010130635,-4.187212893205007,0.499997411268556
27.061593532562256,0.9519825479410575,[0.07182381],5.0,0.5,0.0,-0.056780512368204396,-4.132468312661612,0.49999760003865207
27.070619106292725,0.948074573606324,[0.07145232],5.0,0.5,0.0,-0.05401744092580307,-4.1409310583950125,0.49999782793036984
27.079360008239746,0.9445573967050639,[0.07123415],5.0,0.5,0.0,-0.050946869348455465,-4.275698326836388,0.49999806784999534
27.08820629119873,0.9408448210870671,[0.07112504],5.0,0.5,0.0,-0.3237876885740161,-4.3094189404782375,0.49992196427930347
27.09650993347168,0.9373276441858072,[0.07109112],5.0,0.5,0.0,-0.3537084080435454,-4.282044450915435,0.4999068769918346
27.10676884651184,0.9334196698510738,[0.07112188],5.0,0.5,0.0,-0.019441058117316362,-4.24555764410744,0.49999971865036874
27.115543365478516,0.929707094233077,[0.07121284],5.0,0.5,0.0,0.09277898668714799,-4.231473957013345,0.4999935922856602
27.126118421554565,0.9256037211816069,[0.07135695],5.0,0.5,0.0,-0.164973716789373,-4.212085695476985,0.4999797405619618
27.1346538066864,0.9220865442803469,[0.07154567],5.0,0.5,0.0,-0.2148665872717333,-4.198862570853759,0.49996563395757454
27.144015789031982,0.9183739686623502,[0.07177055],5.0,0.5,0.0,-0.18577054709095803,-4.182202914859802,0.4999743108793371
27.154953479766846,0.9140751968941434,[0.0720237],5.0,0.5,0.0,0.14149928093272085,-4.1618728900494375,0.49998509580005224
27.163391590118408,0.9105580199928834,[0.07229811],5.0,0.5,0.0,-0.051174909411313016,-4.1445728639511215,0.4999980505145696
27.173035383224487,0.9062592482246766,[0.07258753],5.0,0.5,0.0,-0.09801051891272519,-4.122875915859477,0.4999928492935972
27.184362411499023,0.9019604764564698,[0.07288644],5.0,0.5,0.0,-0.08781121335056546,-4.100839698745531,0.4999942601024766
27.195520877838135,0.8972709072547898,[0.07319002],5.0,0.5,0.0,-0.06013079863451918,-4.076625786422154,0.4999973084686018
27.205557346343994,0.8927767367698464,[0.07349411],5.0,0.5,0.0,-0.3073975356619958,-4.053050803961014,0.4999296641257187
27.213550806045532,0.889454958585323,[0.07379515],5.0,0.5,0.0,-0.31648944540912916,-4.035319989985497,0.4999254422564285
27.22551417350769,0.8845699906669061,[0.07409012],5.0,0.5,0.0,-0.2433637245751037,-4.009911667164681,0.4999559141503403
27.236815452575684,0.8800758201819627,[0.07437658],5.0,0.5,0.0,-0.15473744895747202,-3.9859475524367634,0.49998217663093586
27.246681451797485,0.8761678458472293,[0.07465252],5.0,0.5,0.0,-0.0761021376794696,-3.9658125560234,0.49999568879657885
27.256536960601807,0.8720644727957593,[0.07491627],5.0,0.5,0.0,-0.014711400409457877,-3.944182801149653,0.4999998388929158
27.270508289337158,0.8663979100103958,[0.07516663],5.0,0.5,0.0,0.029638880753622022,-3.914533562183516,0.4999993460719145
27.280630588531494,0.8620991382421892,[0.07540281],5.0,0.5,0.0,0.05971991506025805,-3.8917900935693353,0.499997345126179
27.28957509994507,0.8581911639074556,[0.07562428],5.0,0.5,0.0,0.0787742163800685,-3.8718253418705673,0.4999953807352684
27.297600507736206,0.855064784439669,[0.07583065],5.0,0.5,0.0,0.0897123018308296,-3.855259901284453,0.49999400887924395
27.30658197402954,0.8513522088216723,[0.07602178],5.0,0.5,0.0,0.09488218191418213,-3.835973034715903,0.49999329848349905
27.314608335494995,0.8480304306371489,[0.07619774],5.0,0.5,0.0,0.09607383647038212,-3.8188831070816804,0.49999312909477006
27.32251739501953,0.8450994498860988,[0.07635874],5.0,0.5,0.0,0.09460520200348295,-3.803407991707288,0.4999933375522424
27.33253288269043,0.8404098806844187,[0.07650513],5.0,0.5,0.0,0.09142373259588826,-3.7796068632202253,0.4999937781165706
27.34050989151001,0.837283501216632,[0.07663741],5.0,0.5,0.0,0.08719812473357869,-3.7634247486711225,0.49999433997293913
27.35266423225403,0.8323985332982152,[0.07675617],5.0,0.5,0.0,0.08239279228599669,-3.7382255240285165,0.4999949466087584
27.36448359489441,0.8279043628132718,[0.07686217],5.0,0.5,0.0,0.07732508817951561,-3.715119073991153,0.49999554912302563
27.372610330581665,0.8243871859120117,[0.07695622],5.0,0.5,0.0,0.07220786312097298,-3.6970932684643394,0.4999961187289263
27.381599187850952,0.8208700090107517,[0.0770391],5.0,0.5,0.0,0.0671804707194846,-3.679394898082762,0.4999966403711552
27.39053225517273,0.8173528321094915,[0.07711156],5.0,0.5,0.0,0.06233104334125665,-3.6614678155162554,0.4999971078939612
27.400500297546387,0.8136402564914949,[0.07717438],5.0,0.5,0.0,0.05771233938229011,-3.6426166571564775,0.4999975206207838
27.408945322036743,0.8101230795902348,[0.07722838],5.0,0.5,0.0,0.053352934043878614,-3.6248065427897616,0.499997881041894
27.41843891143799,0.8058243078220281,[0.07727432],5.0,0.5,0.0,0.049265074667147406,-3.6031993639643174,0.4999981933077508
27.42692518234253,0.8025025296375047,[0.07731297],5.0,0.5,0.0,0.04545016547556713,-3.586351485853004,0.4999984622811257
27.434492826461792,0.7991807514529814,[0.07734503],5.0,0.5,0.0,0.04190257700436222,-3.5695814760319298,0.49999869296392835
27.44756269454956,0.7937095873843545,[0.07737399],5.0,0.5,0.0,0.03861227669060476,-3.5165248234997617,0.4999988901685881
27.458710432052612,0.7890200181826744,[0.07740644],5.0,0.5,0.0,0.3116049925814119,-3.4931844018436,0.4999277256657498
27.467813730239868,0.7853074425646777,[0.07744656],5.0,0.5,0.0,0.06587624440273213,-3.4762632369884203,0.4999967695506465
27.475820541381836,0.7817902656634177,[0.07749547],5.0,0.5,0.0,-0.024944508306722762,-3.4593364684573387,0.49999953681299153
27.485504627227783,0.7782730887621575,[0.07755353],5.0,0.5,0.0,0.22770875031810295,-3.445389216528613,0.4999614033730569
27.49886417388916,0.7726065259767941,[0.07762109],5.0,0.5,0.0,0.26418565677137973,-3.412748641092091,0.4999480479628193
27.50860357284546,0.7686985516420607,[0.07769905],5.0,0.5,0.0,0.2209529377181152,-3.3931611954555114,0.49996365953728694
27.51788902282715,0.764985976024064,[0.07778812],5.0,0.5,0.0,0.15761650061917065,-3.374350433364155,0.4999815072283852
27.52551245689392,0.7622503939897506,[0.07788799],5.0,0.5,0.0,0.09794919135090992,-3.3636416972044234,0.49999285823947487
27.535608053207397,0.7575608247880705,[0.07799796],5.0,0.5,0.0,0.04962473970881134,-3.33876747507725,0.4999981668315977
27.54746103286743,0.7528712555863905,[0.07811802],5.0,0.5,0.0,0.013538837157946577,-3.3105995148277585,0.49999986355131787
27.555509090423584,0.7493540786851303,[0.07824846],5.0,0.5,0.0,-0.011912397146871909,-3.296154269506782,0.49999989436570036
27.56454563140869,0.7458369017838703,[0.07838825],5.0,0.5,0.0,-0.028960584992728865,-3.2807105923407,0.49999937566013725
27.575499057769775,0.7415381300156635,[0.07853602],5.0,0.5,0.0,-0.03971630916811132,-3.2570857557540194,0.49999882579498495
27.58718776702881,0.7364577633805102,[0.07869159],5.0,0.5,0.0,-0.0459256767384076,-3.226682116978259,0.49999842993684285
27.595428943634033,0.7333313839127235,[0.07885543],5.0,0.5,0.0,-0.04894022952250572,-3.210525857100348,0.4999982170551712
27.60547947883606,0.7294234095779901,[0.07902741],5.0,0.5,0.0,-0.0497660041623192,-3.1906748921965,0.4999981563799704
27.616488218307495,0.7251246378097833,[0.07920723],5.0,0.5,0.0,0.22690545667061238,-3.1657341959758907,0.49996167519881235
27.626484632492065,0.7206304673248398,[0.0793945],5.0,0.5,0.0,0.26160222460878035,-3.1468607071003167,0.4999490590058067
27.63654375076294,0.7165270942733698,[0.07958836],5.0,0.5,0.0,-0.06738683084751243,-3.1225615543967224,0.49999661969979375
27.645469903945923,0.712814518655373,[0.07978792],5.0,0.5,0.0,-0.17412779925119604,-3.1069780399704623,0.49997742992015914
27.65851593017578,0.7075387533034829,[0.07999231],5.0,0.5,0.0,0.08910379364253099,-3.077251496416573,0.4999940898772897
27.668628215789795,0.7032399815352761,[0.08020089],5.0,0.5,0.0,0.14434494342168616,-3.0559512288726793,0.4999844903110251
27.67841935157776,0.6993320072005428,[0.08041299],5.0,0.5,0.0,0.1203852127389461,-3.0364829943076947,0.49998921181763595
27.691898584365845,0.6934700456984426,[0.08062785],5.0,0.5,0.0,0.07403052482426223,-3.0047182495296862,0.4999959203156733
27.700504064559937,0.6899528687971827,[0.08084472],5.0,0.5,0.0,0.02838368508681812,-2.989989022749389,0.4999994002862941
27.709491729736328,0.6860448944624493,[0.08106229],5.0,0.5,0.0,-0.008702932208489032,-2.9700617201569317,0.4999999436183408
27.71909785270691,0.6819415214109791,[0.08127936],5.0,0.5,0.0,-0.03588226540478122,-2.949210349508535,0.49999904155771163
27.727541208267212,0.6790105406599292,[0.08149506],5.0,0.5,0.0,-0.05427679262909427,-2.9339957707637403,0.49999780702300894
27.73808765411377,0.6749071676084589,[0.08170863],5.0,0.5,0.0,-0.06569633064625141,-2.9132331477268294,0.4999967871717711
27.746479511260986,0.6715853894239355,[0.08191913],5.0,0.5,0.0,-0.0719118539476295,-2.8980035983547583,0.49999615048537205
27.75446343421936,0.6680682125226756,[0.08212551],5.0,0.5,0.0,-0.07440779283591337,-2.8795745576853022,0.4999958786288194
27.765048027038574,0.6637694407544688,[0.08232727],5.0,0.5,0.0,-0.07433890364045596,-2.8556882597987587,0.4999958862566588
27.773176193237305,0.6602522638532087,[0.08252414],5.0,0.5,0.0,-0.07256516190543533,-2.8395395178983738,0.4999960802234522
27.780507802963257,0.6573212831021586,[0.08271538],5.0,0.5,0.0,-0.06970868663941407,-2.8256722101266534,0.49999638274683594
27.791595458984375,0.653022511333952,[0.08289918],5.0,0.5,0.0,-0.06620979723735163,-2.81244908372944,0.49999673675430373
27.802448272705078,0.6483329421322718,[0.08307319],5.0,0.5,0.0,-0.06237432190295431,-2.7874447869519967,0.4999971038764035
27.811540365219116,0.6446203665142752,[0.08323618],5.0,0.5,0.0,-0.0584107143491584,-2.767766696819907,0.49999746025211383
27.820464611053467,0.6407123921795417,[0.08338798],5.0,0.5,0.0,-0.05445800508361426,-2.7476670212340277,0.49999779235533126
27.83167266845703,0.6358274242611249,[0.08352844],5.0,0.5,0.0,-0.050606323766433786,-2.7226333934645623,0.4999980935938658
27.840460300445557,0.632310247359865,[0.08365758],5.0,0.5,0.0,-0.04691171701367686,-2.7045435460126575,0.4999983617935876
27.851936101913452,0.6276206781581847,[0.0837755],5.0,0.5,0.0,-0.04340672294951069,-2.680647085187709,0.4999985974444694
27.86186647415161,0.623908102540188,[0.08388246],5.0,0.5,0.0,-0.04010785236790147,-2.6615806181272488,0.49999880252909357
27.872260332107544,0.6196093307719813,[0.08397881],5.0,0.5,0.0,-0.03702084472971326,-2.6396999703788717,0.49999897976814267
27.881653308868408,0.6155059577205113,[0.08406496],5.0,0.5,0.0,-0.03414433827382579,-2.6188203032964057,0.4999991321519355
27.892518043518066,0.6114025846690411,[0.0841414],5.0,0.5,0.0,-0.03147241736598852,-2.5979606892346494,0.4999992626620978
27.90183973312378,0.607299211617571,[0.08420867],5.0,0.5,0.0,-0.028996368968700656,-2.577153052455952,0.49999937411630435
27.91116738319397,0.6033912372828377,[0.08426734],5.0,0.5,0.0,-0.026705884287603364,-2.557317278458243,0.49999946909065396
27.920473337173462,0.5994832629481043,[0.08431799],5.0,0.5,0.0,0.2514484870775631,-2.5376794574034567,0.49995293649269357
27.92850422859192,0.5961614847635809,[0.08436125],5.0,0.5,0.0,0.01048759819325469,-2.520791401545196,0.4999999181236036
27.938772201538086,0.5918627129953741,[0.0843977],5.0,0.5,0.0,-0.07593332710302869,-2.4991340186686477,0.4999957079015989
27.949480295181274,0.5877593399439041,[0.08442795],5.0,0.5,0.0,0.18077715128633853,-2.478609400005702,0.4999756733006915
27.96456265449524,0.5815065810083306,[0.08445259],5.0,0.5,0.0,0.22099326527438298,-2.447351554949725,0.49996364627109074
27.973552465438843,0.5775986066735972,[0.08447219],5.0,0.5,0.0,-0.09483314659456256,-2.4274667752946004,0.49999330540837966
27.983086824417114,0.5738860310556004,[0.08448731],5.0,0.5,0.0,-0.1881218760964381,-2.4088080871424147,0.49997365647805286
27.990853786468506,0.570564252871077,[0.08449847],5.0,0.5,0.0,-0.18977115075770343,-2.3921141326986053,0.4999731925555312
27.998780012130737,0.5676332721200271,[0.08450614],5.0,0.5,0.0,0.11671645471315699,-2.377560367122108,0.49998985933476703
28.008488416671753,0.5639206965020302,[0.08451078],5.0,0.5,0.0,0.1867525334118741,-2.3590731523562964,0.4999740385823306
28.0184588432312,0.5598173234505602,[0.0845128],5.0,0.5,0.0,-0.11093502454243748,-2.3384988283555463,0.4999908390594594
28.028380393981934,0.5555185516823535,[0.0845126],5.0,0.5,0.0,-0.19309937751456935,-2.316953511942459,0.4999722440326248
28.03949737548828,0.5510243811974102,[0.08451052],5.0,0.5,0.0,0.08810152079121691,-2.294648233653425,0.49999422208729066
28.050509929656982,0.54633481199573,[0.0845069],5.0,0.5,0.0,0.1557822814022224,-2.2712408611078776,0.49998193512548383
28.060908794403076,0.5416452427940499,[0.08450203],5.0,0.5,0.0,-0.13605753389614234,-2.2477064287761173,0.4999862201058812
28.07047200202942,0.5381280658927898,[0.0844962],5.0,0.5,0.0,-0.2105423596452115,-2.2300512909704655,0.49996700323858595
28.08343768119812,0.5328523005408997,[0.08448963],5.0,0.5,0.0,-0.1983602535513418,-2.203788485783649,0.4999707110862901
28.093476057052612,0.528553528772693,[0.08448253],5.0,0.5,0.0,-0.15820567251922826,-2.1822435467547456,0.4999813687202777
28.103902339935303,0.5240593582877495,[0.08447509],5.0,0.5,0.0,-0.11477485688287441,-2.159807931240338,0.49999019390861105
28.115872621536255,0.5193697890860695,[0.08446747],5.0,0.5,0.0,-0.0771636503923445,-2.1364415870450095,0.49999556768844833
28.1278657913208,0.5146802198843894,[0.0844598],5.0,0.5,0.0,-0.04764652347518919,-2.1130315700754596,0.4999983100713175
28.13545536994934,0.5115538404166027,[0.08445218],5.0,0.5,0.0,-0.02577218601322438,-2.0974114873164487,0.49999950556526296
28.144484043121338,0.5078412647986059,[0.08444484],5.0,0.5,0.0,-0.2862440443201253,-2.0775415920806646,0.4999390107763009
28.155576467514038,0.5035424930303992,[0.08443814],5.0,0.5,0.0,-0.30866843637579855,-2.056025919472049,0.49992908137318604
28.167844772338867,0.49846212639524584,[0.0844323],5.0,0.5,0.0,-0.24647688857142236,-2.030791215356713,0.49995477907503066
28.177569150924683,0.49377255719356566,[0.08442739],5.0,0.5,0.0,-0.16589767955216447,-2.007424299829575,0.4999795129984293
28.188878536224365,0.4894737854253589,[0.08442343],5.0,0.5,0.0,-0.09271692118069455,-1.9859794978900827,0.49999360085576305
28.198924779891968,0.4849796149404155,[0.08442044],5.0,0.5,0.0,-0.034710204954249875,-1.9635661531430755,0.4999991031482986
28.208719730377197,0.4812670393224188,[0.08441841],5.0,0.5,0.0,0.007805716077916459,-1.9450006320019582,0.4999999546442914
28.217936038970947,0.47755446370442206,[0.08441732],5.0,0.5,0.0,0.037161907468548486,-1.926484178983205,0.49999897197847476
28.22705340385437,0.4736464893696886,[0.08441715],5.0,0.5,0.0,0.056257046660723876,-1.9069670964710896,0.4999976440856486
28.23792004585266,0.4693477176014819,[0.08441785],5.0,0.5,0.0,0.06774496603853757,-1.885570845463912,0.49999658367457334
28.24889063835144,0.4648535471165385,[0.08441937],5.0,0.5,0.0,0.07378771636187643,-1.8631261257234952,0.499995947033391
28.257858991622925,0.4611409714985418,[0.08442164],5.0,0.5,0.0,0.07604354709190411,-1.8446031717939904,0.4999956954328063
28.26650643348694,0.4576237945972817,[0.08442457],5.0,0.5,0.0,0.07573885930906746,-1.8270971146610102,0.49999572985856816
28.275492429733276,0.4541066176960216,[0.08442808],5.0,0.5,0.0,-0.20227965074652776,-1.8093399770636076,0.49996954224994644
28.283483266830444,0.4507848395114983,[0.08443208],5.0,0.5,0.0,-0.2384327791757701,-1.7926956306708968,0.4999576824812044
28.29556107521057,0.44589987159308153,[0.08443651],5.0,0.5,0.0,0.08906339270903837,-1.7684703831853485,0.49999409523999233
28.30445384979248,0.44218729597508477,[0.08444129],5.0,0.5,0.0,0.194323246245576,-1.7498436172777334,0.49997189109917795
28.31545329093933,0.43769312549014133,[0.08444638],5.0,0.5,0.0,-0.0703466055314119,-1.7272828029664793,0.49999631625416546
28.324453115463257,0.43398054987214457,[0.08445171],5.0,0.5,0.0,-0.12696403163684034,-1.7086283130732074,0.4999880005321064
28.33543848991394,0.4294863793872012,[0.08445723],5.0,0.5,0.0,-0.10430769733627332,-1.686136502731976,0.49999190096223683
28.344485998153687,0.42557840505246775,[0.08446291],5.0,0.5,0.0,0.21686013634460483,-1.666651618389192,0.4999649933981816
28.355920791625977,0.42108423456752436,[0.0844687],5.0,0.5,0.0,0.018447743433124858,-1.6440966326067579,0.4999997468101277
28.3665030002594,0.4169808615160543,[0.08447457],5.0,0.5,0.0,-0.033754141030507404,-1.6235174572038544,0.4999991521232693
28.374439001083374,0.4138544820482676,[0.08448049],5.0,0.5,0.0,-0.028552834033403328,-1.6078487910088852,0.4999993934946676
28.38279366493225,0.41053270386374413,[0.0844864],5.0,0.5,0.0,-0.0055133137070344194,-1.5912177126924258,0.4999999779566657
28.393532276153564,0.40603853337880075,[0.08449228],5.0,0.5,0.0,0.01895876221382882,-1.5687990803682574,0.4999997334826048
28.40444040298462,0.4013489641771207,[0.08449809],5.0,0.5,0.0,0.03901492146462583,-1.5453201340327034,0.4999988688063071
28.413432598114014,0.3976363885591239,[0.08450381],5.0,0.5,0.0,0.053370306232378054,-1.5267227681993847,0.4999978827048291
28.422449111938477,0.3939238129411272,[0.08450941],5.0,0.5,0.0,0.3385604345145681,-1.508351866521044,0.4999146865674899
28.43142318725586,0.39040663603986714,[0.08451484],5.0,0.5,0.0,0.37667214094205637,-1.4908077757429177,0.49989440164903215
28.44145965576172,0.38630326298839707,[0.08452009],5.0,0.5,0.0,0.32346330561971326,-1.4703305143818484,0.49992213283550074
28.450750827789307,0.382199889936927,[0.08452516],5.0,0.5,0.0,0.24707737489778975,-1.4497419472965614,0.4999545785851029
28.4601731300354,0.3786827130356669,[0.08453003],5.0,0.5,0.0,0.17477681779553003,-1.4321689760033978,0.4999772918731736
28.471471786499023,0.37340694768377686,[0.08453472],5.0,0.5,0.0,0.11543153503473502,-1.4058670098846915,0.49999013785566443
28.480801105499268,0.3698897707825168,[0.08453921],5.0,0.5,0.0,0.0701482759160658,-1.3881876841244172,0.49999642161070545
28.489445686340332,0.36656799259799333,[0.08454348],5.0,0.5,0.0,0.03715502833169217,-1.371638629566642,0.499999095792269
28.49843430519104,0.3628554169799967,[0.08454751],5.0,0.5,0.0,0.0139420211623691,-1.353208518207951,0.5000000425090307
28.50847101211548,0.3591428413619999,[0.08455125],5.0,0.5,0.0,-0.0018785814850380712,-1.3345799239053227,0.5000002797258885
28.51856303215027,0.3548440695937931,[0.08455471],5.0,0.5,0.0,-0.01229037239559052,-1.3131501252517583,0.5000003387954112
28.526504039764404,0.35152229140926977,[0.08455788],5.0,0.5,0.0,-0.018834801185170322,-1.296434425229583,0.500000380934357
28.53647756576538,0.3474189183577997,[0.08456076],5.0,0.5,0.0,-0.02266448028744815,-1.275948853605565,0.5000006142514645
28.545816898345947,0.34370634273980294,[0.08456337],5.0,0.5,0.0,-0.024620397197599182,-1.2573568909816253,0.5000010176433264
28.557684898376465,0.3388213748213862,[0.08456572],5.0,0.5,0.0,-0.025305893702598805,-1.2330178748108878,0.5000019494859569
28.56850290298462,0.33452260305317943,[0.0845678],5.0,0.5,0.0,-0.025148399776708623,-1.211471027130927,0.5000032727423421
28.579469442367554,0.32983303385149937,[0.08456963],5.0,0.5,0.0,-0.024447605980723833,-1.1879908390157872,0.5000055127758882
28.589470386505127,0.325925059516766,[0.08457124],5.0,0.5,0.0,-0.023411649176007042,-1.168413829645258,0.5000083081404785
28.59862208366394,0.32221248389876916,[0.08457264],5.0,0.5,0.0,0.2538546977934271,-1.1500384827422117,0.49996447216745554
28.607851266860962,0.31810911084729915,[0.08457383],5.0,0.5,0.0,0.2883020084195702,-1.129596131244684,0.49995644653242965
28.616886138916016,0.31459193394603907,[0.08457483],5.0,0.5,0.0,-0.041481383455678145,-1.1118355959329291,0.5000240984799559
28.628462553024292,0.309902364744359,[0.08457565],5.0,0.5,0.0,-0.1493520807997596,-1.0883701602816698,0.500022299177071
28.64081120491028,0.3048219981092056,[0.08457633],5.0,0.5,0.0,0.1125591266388038,-1.0630933854274285,0.5000517524943641
28.64944338798523,0.3015002199246822,[0.08457688],5.0,0.5,0.0,0.16638790880564974,-1.0464779572273764,0.5000611987871215
28.66120958328247,0.29661525200626543,[0.08457731],5.0,0.5,0.0,-0.1350483331610556,-1.0220181382894884,0.5001108225874048
28.670701026916504,0.2929026763882687,[0.08457763],5.0,0.5,0.0,0.0600902724302317,-1.0034689875491005,0.5001672861486282
28.680431365966797,0.2889947020535353,[0.08457787],5.0,0.5,0.0,0.10129020092508212,-0.9839811652460243,0.5002270518970482
28.69044804573059,0.2846959302853286,[0.08457802],5.0,0.5,0.0,0.08387840656961404,-0.9625281207513765,0.5003270749783008
28.70006489753723,0.2807879559505952,[0.08457811],5.0,0.5,0.0,0.04989533750518352,-0.9429845515627376,0.5004511276178877
28.710435152053833,0.27687998161586175,[0.08457814],5.0,0.5,0.0,0.01643435705657683,-0.9234505793456038,0.5006135019101986
28.71947455406189,0.273167405997865,[0.08457812],5.0,0.5,0.0,-0.010698136857171598,-0.9048887937038254,0.5008142134354088
28.729000091552734,0.2690640329463949,[0.08457807],5.0,0.5,0.0,-0.03050930662081739,-0.8843777104403979,0.5011052972372367
28.737059593200684,0.2657422547618715,[0.08457798],5.0,0.5,0.0,-0.043832776073534335,-0.8677345126323605,0.5014086637307059
28.74568200111389,0.26183428042713813,[0.08457787],5.0,0.5,0.0,-0.05200975351731018,-0.8482535869295249,0.5018639692908896
28.75649404525757,0.25773090737566806,[0.08457773],5.0,0.5,0.0,-0.056351817777631916,-0.8277005617292126,0.5024853165621773
28.764418363571167,0.25440912919114467,[0.08457758],5.0,0.5,0.0,-0.0579578259700787,-0.8110721100428304,0.5031217815718089
28.77345323562622,0.2506965535731479,[0.08457743],5.0,0.5,0.0,-0.05768218864048727,-0.7925453801048479,0.5040069277027107
28.783124446868896,0.24678857923841455,[0.08457727],5.0,0.5,0.0,-0.05616084628175266,-0.7730179224380093,0.5051799760063765
28.79046058654785,0.2436621997706278,[0.0845771],5.0,0.5,0.0,-0.05385351179637588,-0.7573662043532606,0.5063331692777494
28.798532724380493,0.24053582030284107,[0.08457693],5.0,0.5,0.0,-0.0510852392568854,-0.7416995467389884,0.5077126982997012
28.81001615524292,0.23565085238442432,[0.08457675],5.0,0.5,0.0,-0.048081493575417494,-0.7173662358791772,0.5104115227788285
28.82055163383484,0.23154747933295422,[0.08457658],5.0,0.5,0.0,-0.044995659298823404,-0.6968516187437438,0.5132971892943596
28.8319308757782,0.22685791013127415,[0.0845764],5.0,0.5,0.0,-0.04192975309547243,-0.6733844260852108,0.5174418891027546
28.840393543243408,0.22334073323001408,[0.08457623],5.0,0.5,0.0,-0.03894962887330669,-0.6557446032806701,0.5212548458764381
28.849445819854736,0.219823556328754,[0.08457608],5.0,0.5,0.0,-0.036095954504744454,-0.6381823688829541,0.5257733626894316
28.8595232963562,0.2155247845605473,[0.08457593],5.0,0.5,0.0,-0.033392043665079044,-0.616677664257242,0.532401646083394
28.868101596832275,0.21220300637602388,[0.0845758],5.0,0.5,0.0,-0.030849395217163973,-0.6000538691708471,0.5384745232815429
28.875471830368042,0.2088812281915005,[0.0845757],5.0,0.5,0.0,-0.028471583721996985,-0.5834028045908902,0.54548438387791
28.88543391227722,0.2047778551400304,[0.08457562],5.0,0.5,0.0,-0.026256974905019333,-0.5629651384968156,0.5555915086928453
28.897318363189697,0.19950208978814032,[0.08457556],5.0,0.5,0.0,-0.024200609326704224,-0.5366373767463187,0.5712452179657002
28.906797409057617,0.19559411545340694,[0.08457552],5.0,0.5,0.0,-0.02229550021928115,-0.5170751309848868,0.5850062767844537
28.914430856704712,0.19266313470235683,[0.08457549],5.0,0.5,0.0,-0.02053352042321103,-0.5023189289394553,0.5966565582169031
28.924999237060547,0.18875516036762346,[0.08457547],5.0,0.5,0.0,-0.018906002181581318,-0.4828323518327773,0.6140995532757753
28.93373680114746,0.18523798346636342,[0.08457547],5.0,0.5,0.0,-0.01740413700026874,-0.4652396263486952,0.6317841385536909
28.944565296173096,0.18074381298141998,[0.08457549],5.0,0.5,0.0,-0.016019236844727842,-0.4428082921449571,0.6572889691869916
28.95341181755066,0.1766404399299499,[0.08457551],5.0,0.5,0.0,-0.014742899614988064,-0.4223279102299087,0.6835641537207393
28.96442174911499,0.17234166816174315,[0.08457554],5.0,0.5,0.0,-0.013567108925586978,-0.40079811022230405,0.7142569386607739
28.97285509109497,0.16921528869395644,[0.08457557],5.0,0.5,0.0,-0.012484289146080761,-0.38510502110182937,0.7386452957426876
28.981419324874878,0.16569811179269636,[0.0845756],5.0,0.5,0.0,0.26455102939078917,-0.3676865172844803,0.7681076906940775
28.990942001342773,0.16179013745796297,[0.08457565],5.0,0.5,0.0,0.022555010295439284,-0.348067028724819,0.8034869298119336
29.002687454223633,0.15710056825628288,[0.0845757],5.0,0.5,0.0,-0.06482215633417443,-0.32463152870775613,0.8492455062106751
29.013930082321167,0.1524109990546028,[0.08457577],5.0,0.5,0.0,0.19100583474454863,-0.3013344344869261,0.8983629289520423
29.02447509765625,0.14791682856965938,[0.08457585],5.0,0.5,0.0,0.23040813860468115,-0.2788845990188753,0.9482051636604545
29.03447389602661,0.14361805680145262,[0.08457592],5.0,0.5,0.0,-0.08616832389495689,-0.2573299596142244,0.9979748091569185
29.044527292251587,0.13971008246671923,[0.084576],5.0,0.5,0.0,-0.18014804172202728,-0.23766947228396146,1.0444398838802158
29.052445650100708,0.1365837029989325,[0.08457608],5.0,0.5,0.0,-0.18243368487679315,-0.22196910763746175,1.0821651239654404
29.063228845596313,0.13228493123072574,[0.08457616],5.0,0.5,0.0,0.1234680001096564,-0.20066991417807423,1.1342936256667757
29.072535514831543,0.128572355612729,[0.08457624],5.0,0.5,0.0,-0.08307365074862341,-0.1819873256414361,1.178996552867078
29.08389115333557,0.12388278641104894,[0.08457632],5.0,0.5,0.0,-0.13834389859814306,-0.15855568244411075,1.2341667934352323
29.093682765960693,0.12017021079305219,[0.0845764],5.0,0.5,0.0,-0.13274328080429543,-0.1399831387253152,1.2761567686249835
29.10552167892456,0.11528524287463544,[0.08457647],5.0,0.5,0.0,-0.10701344228437976,-0.11557320535232406,1.3281043581599843
29.113510847091675,0.11196346469011205,[0.08457652],5.0,0.5,0.0,-0.07840650270205493,-0.09883267726702841,1.3606956919887387
29.123406648635864,0.1076646929219053,[0.08457658],5.0,0.5,0.0,-0.05336757706596135,-0.07739351371140425,1.398872035126057
29.133620500564575,0.1037567185871719,[0.08457664],5.0,0.5,0.0,-0.03359453686647722,-0.057849781361387555,1.4290655136466461
29.143760204315186,0.09984874425243849,[0.08457669],5.0,0.5,0.0,-0.2949092146518586,-0.03819776941480368,1.4543594116569292
29.153196096420288,0.0959407699177051,[0.08457674],5.0,0.5,0.0,-0.31750707859464555,-0.018551522073050164,1.474427443601528
29.161422967910767,0.09242359301644502,[0.08457679],5.0,0.5,0.0,-0.2551344493877951,-0.0009249906804653907,1.4877125963495534
29.170348167419434,0.08890641611518496,[0.08457683],5.0,0.5,0.0,0.10184785213524358,0.016564851228073232,1.4962502392428507
29.181540727615356,0.08441224563024154,[0.08457688],5.0,0.5,0.0,0.48464565662914794,0.038779769452161224,1.499819763998878
29.19226360321045,0.08128586616245481,[0.08457693],5.0,0.5,0.0,1.3492854417035556,0.05395651724615391,1.4964827271940966
29.202429056167603,0.07796408797793142,[0.08457699],5.0,0.5,0.0,1.912567000381719,0.06998690354559597,1.4885764989442105
29.21043062210083,0.07542390466035472,[0.08457705],5.0,0.5,0.0,2.800913629364129,0.08186217818191566,1.4775776536664753
29.22098708152771,0.07249292390930466,[0.08457711],5.0,0.5,0.0,3.3154960282467467,0.09563389759386146,1.4631006111076843
29.230743408203125,0.06975734187499127,[0.08457717],5.0,0.5,0.0,4.1242464562681445,0.10820228221920321,1.4445224651041606
29.24051308631897,0.06721715855741456,[0.08457723],5.0,0.5,0.0,5.0,0.1194784068859674,1.4232382107896961
29.248399257659912,0.06545857010678453,[0.08457729],5.0,0.5,0.0,5.0,0.12701162578443545,1.4112351999000337
29.25683569908142,0.06350458293941783,[0.08457735],5.0,0.5,0.0,5.0,0.1354826477796008,1.3967493730749179
29.26543116569519,0.06174599448878779,[0.08457739],5.0,0.5,0.0,5.0,0.14272572493651609,1.3827279842496263
29.274399280548096,0.059987406038157755,[0.08457743],5.0,0.5,0.0,5.0,0.1500251098617795,1.3678246530679328
29.28355622291565,0.05822881758752774,[0.08457747],5.0,0.5,0.0,5.0,0.15704190874218488,1.3520904173706652
29.292492628097534,0.05686102657037104,[0.08457751],5.0,0.5,0.0,5.0,0.1624310392732898,1.3393121674624648
29.306461334228516,0.05510243811974101,[0.08457756],5.0,0.5,0.0,5.0,0.16918202696437848,1.322233562073353
29.316492080688477,0.05412544453605766,[0.08457761],5.0,0.5,0.0,5.0,0.17223360203950674,1.3124484061849095
29.327117919921875,0.053343849669110974,[0.08457766],5.0,0.5,0.0,5.0,0.1741818578843489,1.304476015270005
29.33454966545105,0.05275765351890097,[0.08457772],5.0,0.5,0.0,4.93777011899764,0.1754374549435646,1.2988596169217392
29.343571424484253,0.05236685608542762,[0.08457776],5.0,0.5,0.0,4.987516040534877,0.17550613132105652,1.294427897693989
29.35368847846985,0.05197605865195429,[0.08457778],5.0,0.5,0.0,4.451939533554027,0.17581457117654362,1.2939618707400469
29.361587047576904,0.05178065993521762,[0.08457778],5.0,0.5,0.0,3.77622546651406,0.17532384571191215,1.2959332879452878
29.375568151474,0.05158526121848094,[0.08457777],5.0,0.5,0.0,4.242611510989125,0.17425172955665977,1.2911447251741337
29.386651754379272,0.05158526121848094,[0.08457777],5.0,0.5,0.0,4.109114025753935,0.17235753567273085,1.2919534368881227
29.396545886993408,0.05178065993521762,[0.08457777],5.0,0.5,0.0,3.482470838158991,0.1697164836764169,1.2974897567549524
29.407771110534668,0.05197605865195429,[0.08457777],5.0,0.5,0.0,3.050345649668035,0.16704038281170758,1.3016215793156327
29.420066833496094,0.052562254802164296,[0.08457778],5.0,0.5,0.0,2.7263548949057776,0.16241601600847355,1.3091456498416574
29.434382915496826,0.05314845095237431,[0.08457779],5.0,0.5,0.0,1.9139486931127867,0.1580503229313641,1.3180108338554777
29.44671058654785,0.05373464710258431,[0.08457781],5.0,0.5,0.0,0.7996241517205231,0.15396878545338752,1.326268318937203
29.457393884658813,0.054320843252794335,[0.08457782],5.0,0.5,0.0,-0.20979192197881946,0.15003098487364624,1.3326546550228868
29.468384504318237,0.054907039403004336,[0.08457784],5.0,0.5,0.0,-0.991120912014404,0.1461651468249415,1.337827520034141
29.476372957229614,0.05529783683647768,[0.08457785],5.0,0.5,0.0,-1.814698261738032,0.14344490085145822,1.339985280302539
29.485883235931396,0.05588403298668769,[0.08457787],5.0,0.5,0.0,-2.4736235076928557,0.13985774888233674,1.343641702259169
29.496492624282837,0.056665627853634375,[0.08457789],5.0,0.5,0.0,-2.9246514974103626,0.1353391606717103,1.349387256458232
29.50635814666748,0.05744722272058106,[0.08457791],5.0,0.5,0.0,-3.463983794282918,0.13097583592142897,1.3542556825253782
29.518568515777588,0.0584242163042644,[0.08457792],5.0,0.5,0.0,-3.6116707764435247,0.1255868082382267,1.3625253836157247
29.526413917541504,0.058815013737737745,[0.08457794],5.0,0.5,0.0,-3.837885751017746,0.12320151809184367,1.3648425884986062
29.535383224487305,0.05959660860468442,[0.08457795],5.0,0.5,0.0,-4.000351264967817,0.11896798421248714,1.370889772162247
29.547396659851074,0.06057360218836778,[0.08457797],5.0,0.5,0.0,-4.063416789766783,0.1137768296564019,1.3790093083033184
29.555432081222534,0.06115979833857779,[0.08457798],5.0,0.5,0.0,-4.309770426548781,0.11067267848811166,1.3824816482425288
29.56438899040222,0.06194139320552447,[0.084578],5.0,0.5,0.0,-4.240580039603461,0.10654081700630005,1.389384744930024
29.575520277023315,0.06272298807247115,[0.08457801],5.0,0.5,0.0,-4.308082049741003,0.10251856586735641,1.3952659288558595
29.586807012557983,0.06350458293941783,[0.08457801],5.0,0.5,0.0,-4.355076645216194,0.09852428890130983,1.401090840321321
29.597453832626343,0.0642861778063645,[0.08457801],5.0,0.5,0.0,-4.334277960287225,0.09463697161189681,1.4071574813123968
29.606582403182983,0.06487237395657452,[0.084578],5.0,0.5,0.0,-4.2435902536811785,0.09167183544183093,1.4120496925995474
29.61696147918701,0.0656539688235212,[0.08457799],5.0,0.5,0.0,-4.096705863306085,0.08776877332675528,1.4185426119944013
29.62435030937195,0.06604476625699454,[0.08457798],5.0,0.5,0.0,-4.18651206424764,0.08591811715170075,1.4207321855531785
29.634053230285645,0.06663096240720455,[0.08457796],5.0,0.5,0.0,-4.0091929529646055,0.08305121804398839,1.4257889141672095
29.642483711242676,0.06721715855741456,[0.08457794],5.0,0.5,0.0,-4.007478166532132,0.08035648410319732,1.429688317749455
29.651716232299805,0.06780335470762457,[0.08457792],5.0,0.5,0.0,-4.01454404412533,0.07765862258972409,1.4334226949852193
29.6614773273468,0.06819415214109792,[0.0845779],5.0,0.5,0.0,-3.974920250262579,0.07589946821642687,1.4361059161731493
29.66938614845276,0.06858494957457126,[0.08457788],5.0,0.5,0.0,-3.6040535003431007,0.07411509651174518,1.4405553403263824
29.6790714263916,0.06917114572478127,[0.08457786],5.0,0.5,0.0,-3.4297809187326243,0.07139982091481588,1.4449554299363156
29.687514543533325,0.06936654444151794,[0.08457784],5.0,0.5,0.0,-3.3107660787988475,0.07066155476234949,1.4466844301413035
29.696427583694458,0.06995274059172794,[0.08457783],5.0,0.5,0.0,-3.1924278583267913,0.06794661304007227,1.4505940939242736
29.70639443397522,0.07034353802520128,[0.08457781],5.0,0.5,0.0,-3.058482636911182,0.0663269728647229,1.453372092649145
29.71943974494934,0.07073433545867464,[0.08457779],5.0,0.5,0.0,-2.908259761617782,0.06466584377393847,1.4561403519409346
29.728371381759644,0.0709297341754113,[0.08457777],5.0,0.5,0.0,-2.7464387109420665,0.06391881959992742,1.45784804083122
29.737390279769897,0.07112513289214797,[0.08457776],5.0,0.5,0.0,-2.578671782890326,0.06325861082697161,1.4595270457010534
29.747403860092163,0.07132053160888463,[0.08457775],5.0,0.5,0.0,-2.4099219372586465,0.06256888077647677,1.4611551964838734
29.757452249526978,0.07171132904235797,[0.08457775],5.0,0.5,0.0,-2.243998999589152,0.060872094316381874,1.4636987257230878
29.767274141311646,0.07190672775909465,[0.08457774],5.0,0.5,0.0,-2.0835836964456087,0.06018036820437398,1.4651779322912233
29.780506134033203,0.07210212647583132,[0.08457772],5.0,0.5,0.0,-2.206456114538031,0.05963179627899744,1.465740450236927
29.78839659690857,0.07210212647583132,[0.08457769],5.0,0.5,0.0,-2.0946855863777385,0.06000277911602471,1.4660959851247952
29.797417879104614,0.07210212647583132,[0.08457766],5.0,0.5,0.0,-1.9034602028379872,0.060337823136685495,1.4666618676424013
29.80926823616028,0.07210212647583132,[0.08457764],5.0,0.5,0.0,-1.7001416563045577,0.060661557394602605,1.4672047475084107
29.819180488586426,0.07210212647583132,[0.08457762],5.0,0.5,0.0,-1.5111579352528537,0.06093241346641002,1.467654843063469
29.82734751701355,0.07210212647583132,[0.08457762],5.0,0.5,0.0,-1.3445630397830541,0.061222904877494946,1.4680079502304109
29.8363778591156,0.07210212647583132,[0.08457761],5.0,0.5,0.0,-1.2006956198124965,0.06151177524085465,1.4682798947463531
29.845412254333496,0.07210212647583132,[0.08457761],5.0,0.5,0.0,-1.0770729093093507,0.06179980469736772,1.4684891035578598
29.857887029647827,0.07210212647583132,[0.08457761],5.0,0.5,0.0,-0.9705324353385945,0.06208747308248022,1.46865123277274
29.865684986114502,0.07210212647583132,[0.08457762],5.0,0.5,0.0,-0.602050382682967,0.06223267167723799,1.4690821498847888
29.877431869506836,0.07210212647583132,[0.08457762],5.0,0.5,0.0,-0.21201012710318623,0.06230524263156635,1.469318407603615
29.887065649032593,0.07210212647583132,[0.08457763],5.0,0.5,0.0,0.11340834278325207,0.06234150720810294,1.4693422548382806
29.895580768585205,0.07210212647583132,[0.08457764],5.0,0.5,0.0,0.35482818828461127,0.062359633741014234,1.4692580724746331
29.906344890594482,0.07210212647583132,[0.08457765],5.0,0.5,0.0,0.519072767829301,0.06237180155628938,1.469151208824237
29.91636633872986,0.07210212647583132,[0.08457766],5.0,0.5,0.0,0.6210315684085025,0.06237966257417127,1.4690646606854372
29.926359176635742,0.07210212647583132,[0.08457767],5.0,0.5,0.0,0.6761097972298649,0.06234002120750427,1.4690114599564126
29.93605065345764,0.07210212647583132,[0.08457767],5.0,0.5,0.0,0.6975143009023881,0.06235427294282256,1.4689895832500368
29.94445013999939,0.07210212647583132,[0.08457766],5.0,0.5,0.0,0.6956388377683745,0.06236129192664942,1.4689915782110738
29.954333305358887,0.07210212647583132,[0.08457765],5.0,0.5,0.0,0.6782758972648986,0.06239389779420381,1.4690094064381203
29.964452266693115,0.07210212647583132,[0.08457763],5.0,0.5,0.0,0.6510856369769376,0.06238926098897718,1.4690363749738002
29.974464178085327,0.07210212647583132,[0.08457762],5.0,0.5,0.0,0.6180841015293619,0.06238570741724584,1.4690675959360213
29.984355688095093,0.07210212647583132,[0.08457761],5.0,0.5,0.0,0.5820646179970779,0.06238320114263879,1.4690998024442472
29.995336294174194,0.07210212647583132,[0.0845776],5.0,0.5,0.0,0.5449322816366858,0.062381440876575614,1.469130969144198
