t_s,q_rad,q_des_rad,K,B,jerk,tau_Nm,ilc_ff_Nm
0.00572514533996582,0.0,[0.00250156],0.005,0.1,0.0,9.998999999999999,0
0.017656564712524414,0.0,[0.01211474],0.005,0.1,0.0,10.098989999999999,0
0.028465986251831055,0.0,[0.03020263],0.005,0.1,0.0,10.099989899999999,0
0.04029679298400879,0.0,[0.05533775],0.005,0.1,0.0,10.099999898999998,0
0.050908803939819336,-0.00019539871673667023,[0.08621016],0.005,0.1,0.0,10.099999998989999,0
0.06151461601257324,0.0,[0.12162643],0.005,0.1,0.0,10.0999999999899,0
0.07443070411682129,0.0,[0.16052244],0.005,0.1,0.0,9.202434766212633,0
0.08442807197570801,0.0,[0.20195706],0.005,0.1,0.0,6.184575471977564,0
0.09665560722351074,0.0035171769012600643,[0.24509787],0.005,0.1,1.6562301580720857,4.502078430165408,0
0.10973620414733887,0.00840214481967682,[0.28922185],0.005,0.1,5.0,3.404145467430989,0
0.12084412574768066,0.012700916587883566,[0.33370846],0.005,0.1,5.0,2.6961732701333747,0
0.13161778450012207,0.01680428963935364,[0.37801966],0.005,0.1,5.0,2.0359632446185234,0
0.14436769485473633,0.022080054991243738,[0.42169528],0.005,0.1,5.0,1.80302593556957,0
0.15712547302246094,0.027355820343133833,[0.46436032],0.005,0.1,5.0,1.6727175540751216,0
0.16852188110351562,0.032045389544813924,[0.50571775],0.005,0.1,5.0,1.6245032343289443,0
0.1801469326019287,0.036734958746494004,[0.54553511],0.005,0.1,5.0,1.642705225510731,0
0.19146084785461426,0.04142452794817409,[0.58363863],0.005,0.1,5.0,1.7186880101705984,0
0.19949555397033691,0.044550907415960815,[0.61988606],0.005,0.1,3.74806969526412,1.1638891954777093,0
0.20946049690246582,0.048458881750694224,[0.65415628],0.005,0.1,1.176053591421693,1.2297462849057081,0
0.21943140029907227,0.05236685608542762,[0.68638168],0.005,0.1,-1.6224980827787039,1.3261899441321094,0
0.2299807071685791,0.056665627853634375,[0.71653286],0.005,0.1,-3.666761055864278,0.9969178912777257,0
0.2384052276611328,0.059987406038157755,[0.74458375],0.005,0.1,-5.0,0.8197971317672725,0
0.24949097633361816,0.0642861778063645,[0.77054081],0.005,0.1,-5.0,1.082635640850777,0
0.2604548931121826,0.06858494957457126,[0.79446855],0.005,0.1,-5.0,1.3394361052106984,0
0.2712233066558838,0.07288372134277801,[0.81644903],0.005,0.1,-5.0,1.0774010444139546,0
0.27943849563598633,0.07640089824403806,[0.83654616],0.005,0.1,-5.0,0.9325408945711205,0
0.289492130279541,0.08030887257877146,[0.85483947],0.005,0.1,-5.0,1.2661773687861302,0
0.29973602294921875,0.08421684691350488,[0.87144497],0.005,0.1,-5.0,1.3070623715227438,0
0.307903528213501,0.08773402381476494,[0.88647498],0.005,0.1,-5.0,1.109240339601,0
0.31850552558898926,0.09222819429970835,[0.90003744],0.005,0.1,-5.0,1.4656264305967888,0
0.3293263912200928,0.0965269660679151,[0.91226031],0.005,0.1,-5.0,1.4814725670401712,0
0.33867788314819336,0.10023954168591184,[0.923261],0.005,0.1,-5.0,1.2358084277902417,0
0.34874415397644043,0.10395211730390858,[0.93313773],0.005,0.1,-4.919048248866967,1.3242362355812565,0
0.3584573268890381,0.10786009163864198,[0.94200587],0.005,0.1,-4.69683186068259,1.6899451132118242,0
0.3692319393157959,0.11215886340684872,[0.94999386],0.005,0.1,-4.414987390794607,1.662286029011743,0
0.37933349609375,0.11645763517505547,[0.95721327],0.005,0.1,-4.114513279187202,1.6449686229156613,0
0.38859081268310547,0.11977941335957885,[0.9637511],0.005,0.1,-3.8157563448013176,1.3529604587631798,0
0.39847588539123535,0.12388278641104894,[0.96969014],0.005,0.1,-3.5285270828764865,1.733096799815218,0
0.4096202850341797,0.1281815581792557,[0.97512645],0.005,0.1,-3.2572409662552397,1.7119509923425786,0
0.4178330898284912,0.13169873508051574,[0.98013922],0.005,0.1,-3.003546012984805,1.3999004081583168,0
0.4264822006225586,0.13502051326503914,[0.9847834],0.005,0.1,-2.7676749032788726,1.4804367652584687,0
0.4352893829345703,0.13834229144956253,[0.9891106],0.005,0.1,-2.5491464832054893,1.2678864219737906,0
0.44704127311706543,0.14303186065124263,[0.99317839],0.005,0.1,-2.347133051209215,1.6955299115233178,0
0.45575380325317383,0.14674443626923936,[0.99705813],0.005,0.1,-1.8846160411598945,1.7174692800693692,0
0.4653956890106201,0.15065241060397278,[1.00081349],0.005,0.1,-1.6795180780716663,1.7378792680273625,0
0.47539734840393066,0.15456038493870616,[1.00449157],0.005,0.1,-1.5761234441547747,1.7607083395278096,0
0.48337292671203613,0.15788216312322959,[1.00812432],0.005,0.1,-1.5062087813454066,1.4493148245251946,0
0.4923732280731201,0.1613993400244896,[1.01174024],0.005,0.1,-1.4422839497902826,1.9251003667014561,0
0.5014004707336426,0.16511191564248637,[1.01537414],0.005,0.1,-1.375126154497039,1.5554737685235729,0
0.5114645957946777,0.16921528869395644,[1.01904592],0.005,0.1,-1.3031858121318587,1.6518257186656844,0
0.5194072723388672,0.17234166816174315,[1.02277271],0.005,0.1,-1.2277359249133237,1.736828365091029,0
0.528282880783081,0.17566344634626652,[1.02657899],0.005,0.1,-1.1507586117245676,1.8054195729769416,0
0.538250207901001,0.1799622181144733,[1.03047481],0.005,0.1,-1.0741060535386324,1.491882719140376,0
0.5473873615264893,0.18387019244920672,[1.03445769],0.005,0.1,-0.7231944201977852,1.6271428494886093,0
0.5584859848022461,0.18797356550067676,[1.03854566],0.005,0.1,-0.6180046016280221,2.1543213216971013,0
0.5676467418670654,0.19129534368520015,[1.04277389],0.005,0.1,-0.6045072177233254,2.126439835207685,0
0.5753967761993408,0.19442172315298686,[1.04714983],0.005,0.1,-0.6158452141099897,1.6963820062960524,0
0.5843894481658936,0.19813429877098362,[1.05166779],0.005,0.1,-0.6256358410677498,2.2343411469512873,0
0.594933032989502,0.20262846925592706,[1.05633194],0.005,0.1,-0.6255603658545184,1.7639426252500883,0
0.6023964881896973,0.20575484872371377,[1.06112285],0.005,0.1,-0.6148156216424773,1.4841828959898753,0
0.6122899055480957,0.20966282305844713,[1.06601201],0.005,0.1,-0.5952990867535009,1.6491230883173458,0
0.6234240531921387,0.2141569935433906,[1.07100605],0.005,0.1,-0.5695225878543119,2.211033280995667,0
0.6319925785064697,0.21767417044465065,[1.07611991],0.005,0.1,-0.5397936442804983,1.762588516114703,0
0.6414046287536621,0.22138674606264738,[1.0813435],0.005,0.1,-0.5079629890690875,1.865499722164766,0
0.6494331359863281,0.22451312553043412,[1.08664554],0.005,0.1,-0.4754078513316695,1.875284221195222,0
0.6618680953979492,0.22978889088232424,[1.09200923],0.005,0.1,-0.4431000121750932,2.9479706232797698,0
0.6704034805297852,0.23350146650032094,[1.09746219],0.005,0.1,-0.4116930924551065,2.7037667731688706,0
0.6804227828979492,0.23721404211831768,[1.10302668],0.005,0.1,-0.10556490675233118,2.5336746729360065,0
0.6901721954345703,0.2411220164530511,[1.10869872],0.005,0.1,-0.04391240948438713,2.4206653934993354,0
0.6984202861785889,0.24405299720410112,[1.11446284],0.005,0.1,-0.34820646913824493,1.8998603931980855,0
0.709381103515625,0.24854716768904456,[1.12030468],0.005,0.1,-0.4323026114782815,2.441518541016118,0
0.720409631729126,0.253041338173988,[1.12624281],0.005,0.1,-0.4243291260609314,2.8896223712411926,0
0.7321486473083496,0.25773090737566806,[1.13230207],0.005,0.1,-0.383132233222248,2.664716789609603,0
0.7394845485687256,0.2606618881267181,[1.13845932],0.005,0.1,-0.33446722603463486,2.6788890940109216,0
0.7494115829467773,0.26476526117818816,[1.14467234],0.005,0.1,-0.2886302306798205,3.069254642336554,0
0.7602603435516357,0.2692594316631316,[1.15093606],0.005,0.1,-0.24894932148449755,2.788069760783911,0
0.7721049785614014,0.27375360214807504,[1.1572661],0.005,0.1,0.06023570675690809,3.131120751574385,0
0.7794187068939209,0.27687998161586175,[1.16365341],0.005,0.1,-0.15534364187322378,3.1535447622265345,0
0.789421558380127,0.2807879559505952,[1.17006842],0.005,0.1,-0.2210345602351138,3.4105430419295484,0
0.799485445022583,0.2848913290020652,[1.17651622],0.005,0.1,-0.22332771483896957,3.588362990270353,0
0.8093342781066895,0.28860390462006197,[1.18301061],0.005,0.1,0.07394720211877506,2.5815438275248477,0
0.8184070587158203,0.292707277671532,[1.18952137],0.005,0.1,-0.1417632818855047,2.00245579503617,0
0.8284122943878174,0.29661525200626543,[1.19602229],0.005,0.1,-0.2039305539774439,2.4898336120839955,0
0.8389008045196533,0.3007186250577355,[1.20252132],0.005,0.1,-0.2023979634883817,2.387749919296309,0
0.8463776111602783,0.3038450045255222,[1.20901485],0.005,0.1,-0.17821643387927827,1.902853737481432,0
0.8563978672027588,0.3075575801435189,[1.21548944],0.005,0.1,-0.14919783929270988,2.3994373680448002,0
0.8680541515350342,0.31244254806193567,[1.22195356],0.005,0.1,-0.12234486868331662,2.323791107199335,0
0.8787698745727539,0.31693671854687916,[1.22841435],0.005,0.1,-0.09982315498618533,2.272419017638511,0
0.8863804340362549,0.3202584967314025,[1.23485789],0.005,0.1,-0.08177735375738311,1.8427548055490919,0
0.8974261283874512,0.3245572684996093,[1.24127245],0.005,0.1,-0.06762017033184661,2.3462748707297303,0
0.9089608192443848,0.3290514389845527,[1.24766818],0.005,0.1,-0.33263190432439804,2.299519183115314,0
0.9188232421875,0.3327640146025494,[1.25405402],0.005,0.1,-0.35715385773644637,2.2718653346828925,0
0.926384687423706,0.3360857927870728,[1.26041802],0.005,0.1,-0.2952930843605294,1.858764698188492,0
0.9367294311523438,0.33979836840506955,[1.26674057],0.005,0.1,-0.2138271028879189,1.9632041377989404,0
0.9464259147644043,0.3439017414565396,[1.27301566],0.005,0.1,-0.13896085565329405,2.0472112245423926,0
0.9555008411407471,0.3474189183577997,[1.27923896],0.005,0.1,-0.07877677955009978,1.7377813044583923,0
0.9654600620269775,0.35171769012600645,[1.28540775],0.005,0.1,-0.03381001565619185,2.293425546476306,0
0.9757125377655029,0.3558210631774765,[1.29155073],0.005,0.1,0.27415716843294413,2.7849379043020654,0
0.9854423999786377,0.3599244362289466,[1.29769279],0.005,0.1,0.32896847714816924,2.1852547601874734,0
0.9964463710784912,0.36422320799715335,[1.3038251],0.005,0.1,0.2879018236114176,2.2286987149386186,0
1.0054028034210205,0.36793578361515006,[1.30994061],0.005,0.1,0.22031030851813516,2.273075670982843,0
1.0152616500854492,0.37164835923314676,[1.31604396],0.005,0.1,0.15437645216910262,2.3106673185524533,0
1.0253729820251465,0.3759471310013535,[1.32213946],0.005,0.1,0.09965127721606877,2.3407019292210878,0
1.0343866348266602,0.37965970661935033,[1.32823114],0.005,0.1,-0.21830109409165635,2.37111593673976,0
1.044407606124878,0.383958478387557,[1.33432272],0.005,0.1,-0.28194369926936125,2.3960398985761495,0
1.053729772567749,0.38747565528881706,[1.34040724],0.005,0.1,-0.24822314037819673,1.9880926008987678,0
1.0623929500579834,0.39118823090681387,[1.34646885],0.005,0.1,-0.18657987116160585,2.127171820302839,0
1.0723683834075928,0.3947054078080739,[1.35251532],0.005,0.1,-0.1254187519174773,2.7242501664873826,0
1.0826892852783203,0.39880878085954397,[1.35857441],0.005,0.1,-0.07452847259786294,2.674479551810791,0
1.0919380187988281,0.40291215391101404,[1.36464894],0.005,0.1,-0.3117585748122177,2.170448642206141,0
1.103142499923706,0.4072109256792208,[1.37072056],0.005,0.1,-0.3169102578833134,2.284472600035938,0
1.113400936126709,0.41131429873069086,[1.3767952],0.005,0.1,0.03348741256657137,2.898324585118269,0
1.1242821216583252,0.4156130704988976,[1.3828993],0.005,0.1,0.1553562088351519,2.8225378346659067,0
1.1367058753967285,0.42049803841731437,[1.38905542],0.005,0.1,-0.09741899785833957,3.3649846342500878,0
1.1445069313049316,0.42401521531857445,[1.39526118],0.005,0.1,-0.1455948965808616,3.387115394079743,0
1.155411958694458,0.4287047845202545,[1.40149307],0.005,0.1,0.15904910105822442,3.835745363296898,0
1.1664249897003174,0.43300355628846127,[1.40776402],0.005,0.1,0.2414717968828768,4.207846054845336,0
1.177025556564331,0.4374977267734046,[1.41410684],0.005,0.1,-0.04225709992470328,3.7641365993285087,0
1.1843926906585693,0.44023330880771805,[1.42050521],0.005,0.1,-0.11343287428852258,3.78410031439975,0
1.1928629875183105,0.4437504857089781,[1.42690084],0.005,0.1,0.17475640807372356,2.884523559885629,0
1.206547498703003,0.44922164977760487,[1.43327833],0.005,0.1,0.2457698384774414,4.2486109497783335,0
1.2160446643829346,0.4529342253956016,[1.43968128],0.005,0.1,-0.045627504966678875,3.8613058290585602,0
1.2244625091552734,0.456256003580125,[1.44612443],0.005,0.1,-0.12176973259711688,2.9559405783721724,0
1.2360126972198486,0.4611409714985418,[1.45259806],0.005,0.1,0.1633668067840858,3.649086080496902,0
1.2464022636413574,0.4652443445500118,[1.45912878],0.005,0.1,0.23266040530052284,4.252568209380353,0
1.255828619003296,0.4693477176014819,[1.46573905],0.005,0.1,-0.05954349140189047,3.2129240705439774,0
1.2654228210449219,0.4730602932194786,[1.47241278],0.005,0.1,-0.1358779596158325,3.218451015914234,0
1.274482011795044,0.476968267554212,[1.47913624],0.005,0.1,0.14946997229822523,3.2441607366780705,0
1.2854804992675781,0.4812670393224188,[1.48590957],0.005,0.1,0.21923153064356946,3.2751527552150392,0
1.293546438217163,0.4843934187902056,[1.49272092],0.005,0.1,0.20368880224646302,2.6804195688194903,0
1.3034882545471191,0.4884967918416756,[1.49956047],0.005,0.1,0.16118694628685007,3.572903191602497,0
1.3154430389404297,0.49338175976009235,[1.50644448],0.005,0.1,0.11614536052892102,3.56145884368366,0
1.3235454559326172,0.49689893666135243,[1.51337456],0.005,0.1,0.07745013874354037,2.8781590477419527,0
1.3333392143249512,0.5004161135626125,[1.5203277],0.005,0.1,0.04722113663172337,3.0833129772847605,0
1.3433873653411865,0.5041286891806092,[1.5273096],0.005,0.1,0.024895114016415143,4.0297880477933345,0
1.3549513816833496,0.5088182583822893,[1.53435041],0.005,0.1,0.009057053727680996,3.9542658183057076,0
1.3634140491485596,0.5121400365668127,[1.54145055],0.005,0.1,-0.0017913358817989791,3.157346391631696,0
1.37241530418396,0.5162434096182827,[1.54858516],0.005,0.1,-0.008950361476143007,3.3549858531059757,0
1.3824265003204346,0.5205421813864896,[1.5557591],0.005,0.1,-0.01345379265693754,4.370862949681424,0
1.391179084777832,0.5240593582877495,[1.56298948],0.005,0.1,-0.016085025000384882,3.445431853781232,0
1.404144287109375,0.5293351236396396,[1.57027814],0.005,0.1,-0.017420454872890196,4.491026641299941,0
1.4124760627746582,0.532656901824163,[1.5776267],0.005,0.1,-0.0178758592155248,3.542220530837668,0
1.4234821796417236,0.5369556735923698,[1.58503652],0.005,0.1,-0.017746858201860817,4.635118155811071,0
1.4329185485839844,0.5408636479271033,[1.59250869],0.005,0.1,-0.017241226557649175,3.649742654748893,0
1.4445040225982666,0.5459440145622566,[1.60004397],0.005,0.1,-0.01650349514416291,4.771553531972814,0
1.4524719715118408,0.5488749953133067,[1.6076428],0.005,0.1,-0.015633154631732708,3.758602588444018,0
1.4628658294677734,0.5527829696480401,[1.61530523],0.005,0.1,-0.014697880831220164,4.918078981738458,0
1.4711918830871582,0.5563001465493002,[1.62303092],0.005,0.1,-0.013743025964071188,3.8658746724567052,0
1.4804472923278809,0.5598173234505602,[1.63080533],0.005,0.1,-0.012798372106718013,4.058138971791515,0
1.4910120964050293,0.5643114939355037,[1.63861585],0.005,0.1,0.2641554529365575,4.2266489341357785,0
1.502420425415039,0.5686102657037104,[1.64647921],0.005,0.1,0.2981547792296092,5.391821753990378,0
1.5111353397369385,0.5723228413217071,[1.65440907],0.005,0.1,0.2438850275786003,4.184275867625868,0
1.5204341411590576,0.5762308156564405,[1.66238865],0.005,0.1,0.16857726531242573,4.338772533691893,0
1.531428575515747,0.5807249861413839,[1.67041709],0.005,0.1,0.09878081127490872,5.5287719710192675,0
1.5428800582885742,0.585414555343064,[1.6785207],0.005,0.1,0.04283495501894517,5.317946819643648,0
1.5511598587036133,0.5887363335275874,[1.68669331],0.005,0.1,0.0014646844769410257,4.1755078960188685,0
1.560467004776001,0.5922535104288476,[1.69490121],0.005,0.1,-0.02736947227583071,4.379198629299606,0
1.5714490413665771,0.5965522821970541,[1.70314312],0.005,0.1,-0.046360076938153014,5.613904776802099,0
1.5811054706573486,0.600851053965261,[1.71143128],0.005,0.1,-0.05801652201826147,4.382588646680229,0
1.591670274734497,0.604954427016731,[1.71974785],0.005,0.1,-0.06440044488342073,4.554215429841573,0
1.6004362106323242,0.6082762052012545,[1.72807738],0.005,0.1,-0.06710086491246495,4.704507249944049,0
1.6114165782928467,0.612770375686198,[1.73643433],0.005,0.1,-0.06729690684371224,5.935311416388273,0
1.6237010955810547,0.6180461410380881,[1.74484441],0.005,0.1,-0.06584172817849064,5.6815939691068555,0
1.6320326328277588,0.6213679192226114,[1.75330106],0.005,0.1,0.21269711998933333,4.474329738202498,0
1.6414000988006592,0.6252758935573448,[1.76177058],0.005,0.1,0.248943803466487,4.6778976190690145,0
1.6504695415496826,0.6287930704586048,[1.77023829],0.005,0.1,0.19729821441090795,4.853223748579297,0
1.6596992015838623,0.6328964435100749,[1.77870577],0.005,0.1,0.12479639694752803,4.992835684667855,0
1.668384075164795,0.6362182216945983,[1.78717468],0.005,0.1,0.057856662491488,5.11659129825541,0
1.6783781051635742,0.6403215947460684,[1.79564676],0.005,0.1,0.004732188360541258,5.219878684371704,0
1.6872320175170898,0.6436433729305918,[1.80410977],0.005,0.1,-0.033906908121168824,4.284933266057324,0
1.6963810920715332,0.6473559485485886,[1.81253976],0.005,0.1,-0.06013340177082903,4.64209746551608,0
1.7074081897735596,0.6516547203167954,[1.82094552],0.005,0.1,-0.07665840269396389,6.0930317679065995,0
1.7185251712799072,0.6557580933682653,[1.82936346],0.005,0.1,-0.08599987195135433,5.999363526913799,0
1.7275958061218262,0.6596660677029987,[1.83779626],0.005,0.1,-0.09022136639006123,4.804345801819343,0
1.736386775970459,0.6631832446042588,[1.84621792],0.005,0.1,-0.09090948859708045,5.100062376060189,0
1.7462608814239502,0.6674820163724656,[1.85462087],0.005,0.1,-0.08923820786308082,5.319818974031475,0
1.7565488815307617,0.6717807881406723,[1.86301324],0.005,0.1,-0.08605388422717607,5.516399434342653,0
1.7666957378387451,0.6756887624754058,[1.87140239],0.005,0.1,-0.08195473565689043,5.655260039511445,0
1.776376485824585,0.6794013380934025,[1.8797945],0.005,0.1,-0.07735639485825566,5.770564278407811,0
1.786851167678833,0.6837001098616091,[1.88819463],0.005,0.1,-0.07254272217551075,5.8583305073001295,0
1.7964718341827393,0.6876080841963426,[1.89660688],0.005,0.1,-0.06770379776968777,5.932541979886281,0
1.8064792156219482,0.6919068559645494,[1.90503437],0.005,0.1,-0.06296369237287708,5.9851419220568145,0
1.816349744796753,0.6958148302992828,[1.91347919],0.005,0.1,-0.05840046241393451,6.029381230139649,0
1.8274919986724854,0.7001136020674896,[1.92195633],0.005,0.1,-0.054060394489184024,7.364477074655281,0
1.83998703956604,0.7051939687026428,[1.9304911],0.005,0.1,-0.049968072911362356,6.949365314430586,0
1.847801923751831,0.708124949453693,[1.93907513],0.005,0.1,-0.04613344988202828,5.462904316768823,0
1.857374668121338,0.712228322505163,[1.9476717],0.005,0.1,-0.042556782762289684,5.600983370365852,0
1.8660430908203125,0.7159408981231598,[1.95624888],0.005,0.1,-0.31527042248377013,4.680188625837109,0
1.8770263195037842,0.7204350686081032,[1.96479195],0.005,0.1,-0.06927398503384033,6.03362632840947,0
1.889378309249878,0.7253200365265199,[1.97332602],0.005,0.1,0.0218007022915465,7.08446824338492,0
1.8983666896820068,0.72883721342778,[1.98187043],0.005,0.1,-0.23061357262126791,5.525075038289745,0
1.90842866897583,0.7327451877625135,[1.99041296],0.005,0.1,-0.26686685859112685,6.540621177625532,0
1.9191968441009521,0.7374347569641935,[1.99895294],0.005,0.1,-0.22342577948399067,6.147607984265851,0
1.9289321899414062,0.7411473325821902,[2.00747608],0.005,0.1,-0.15989581049863666,4.949155330848559,0
1.9414887428283691,0.7462276992173437,[2.01595579],0.005,0.1,-0.10004916335372022,5.871105728184901,0
1.9513518810272217,0.7501356735520771,[2.02439055],0.005,0.1,-0.05155881883871745,5.5655559823263845,0
1.9626023769378662,0.7548252427537571,[2.03278731],0.005,0.1,-0.015319663402299497,6.191467804122076,0
1.971299648284912,0.7581470209382805,[2.04113859],0.005,0.1,0.2863113652573588,4.922639791491687,0
1.9834051132202148,0.763227387573434,[2.04942497],0.005,0.1,0.3366145855878106,5.5210468200805,0
1.9923443794250488,0.7665491657579574,[2.05762811],0.005,0.1,0.01635490506771528,4.525524099410823,0
2.0033535957336426,0.7710433362429008,[2.06573109],0.005,0.1,-0.08653458940955087,5.090743494419787,0
2.0133135318756104,0.7753421080111076,[2.07371841],0.005,0.1,-0.09884346495740759,4.255517734756311,0
2.022435188293457,0.7790546836291042,[2.08156748],0.005,0.1,-0.07846057327640611,4.235285277196493,0
2.0324020385742188,0.7831580566805743,[2.0892586],0.005,0.1,-0.05048215508785237,4.198550365824261,0
2.0438332557678223,0.7876522271655179,[2.09679176],0.005,0.1,-0.3008064506371976,4.620637314859096,0
2.0513813495635986,0.7907786066333043,[2.10415885],0.005,0.1,-0.3135345667695544,4.661564941135361,0
2.0622520446777344,0.7948819796847746,[2.11133686],0.005,0.1,-0.24357595626317535,4.89312599518725,0
2.0724058151245117,0.7987899540195079,[2.11832869],0.005,0.1,-0.15736144430023047,4.984913560647922,0
2.0844218730926514,0.804065719371398,[2.12515162],0.005,0.1,-0.08040495200969157,4.532751357089288,0
2.0927116870880127,0.8079736937061315,[2.13179867],0.005,0.1,-0.02008641616462354,3.879574447756356,0
2.1054043769836426,0.8122724654743383,[2.13825654],0.005,0.1,0.023655212888342287,4.087056303479724,0
2.1143341064453125,0.815985041092335,[2.14452706],0.005,0.1,0.05346430587946756,3.8948642549585193,0
2.1253833770751953,0.820088414143805,[2.15061222],0.005,0.1,0.07248182291989268,3.74669461907856,0
2.1339211463928223,0.8238009897618018,[2.15650235],0.005,0.1,0.3595797020701359,3.420535928285394,0
2.1455516815185547,0.828881356396955,[2.16218998],0.005,0.1,0.3980975446776364,3.603861034296663,0
2.1543796062469482,0.8325939320149518,[2.16768054],0.005,0.1,0.3444770548869003,3.5127172003535327,0
2.167013645172119,0.8376742986501053,[2.17297941],0.005,0.1,0.2672421904654857,3.4276186082857403,0
2.1780173778533936,0.8421684691350487,[2.17809096],0.005,0.1,0.19387121536744228,3.525759848951489,0
2.1873159408569336,0.8460764434697822,[2.18301965],0.005,0.1,0.13335844331578997,3.2663416740092495,0
2.195394992828369,0.8492028229375689,[2.18776105],0.005,0.1,-0.18915522166354976,3.23912818152346,0
2.2073781490325928,0.853892392139249,[2.19231233],0.005,0.1,-0.2564473554809479,3.2026916129584992,0
2.218167304992676,0.8583865626241924,[2.19668046],0.005,0.1,-0.22569528257310706,3.279292963646394,0
2.2271900177001953,0.8620991382421892,[2.20087237],0.005,0.1,-0.16650752556133852,3.1143265805734415,0
2.236924886703491,0.8658117138601857,[2.20488716],0.005,0.1,-0.10741106179359522,3.092373728302395,0
2.2473864555358887,0.869915086911656,[2.20872801],0.005,0.1,-0.05828338982479271,3.1461208043609084,0
2.258488893508911,0.8744092573965994,[2.21240544],0.005,0.1,-0.02100052581144414,3.0911619068909912,0
2.2679636478424072,0.8783172317313327,[2.21592298],0.005,0.1,0.0056365721874859845,2.9891684615436813,0
2.2763705253601074,0.8816390099158562,[2.21927857],0.005,0.1,0.023717046043703515,2.982295852354904,0
2.2863998413085938,0.8857423829673262,[2.22247773],0.005,0.1,0.03532239234076518,3.021365890168119,0
2.2972230911254883,0.8902365534522696,[2.2255292],0.005,0.1,0.042213863059227724,2.9320295258008033,0
2.30745792388916,0.8945353252204764,[2.22843569],0.005,0.1,0.045771520048152776,2.9150889923112633,0
2.3164455890655518,0.8980525021217365,[2.23120045],0.005,0.1,0.047030475947719794,2.9018663421136037,0
2.326388120651245,0.9019604764564698,[2.23383239],0.005,0.1,0.04674568276425646,2.923157568458475,0
2.33596134185791,0.9058684507912032,[2.23633999],0.005,0.1,0.04545696488768435,2.8572589677556595,0
2.3443987369537354,0.9093856276924633,[2.23872651],0.005,0.1,0.3195827157564575,2.844123086374505,0
2.3554399013519287,0.9138797981774068,[2.24099561],0.005,0.1,0.35043468062849764,2.8233737102091037,0
2.3669724464416504,0.9183739686623502,[2.24315571],0.005,0.1,0.2928853969163534,2.829293988784028,0
2.375670909881592,0.9220865442803469,[2.24521477],0.005,0.1,0.21429065030237968,2.778539047554505,0
2.3844220638275146,0.9254083224648704,[2.24717608],0.005,0.1,0.1412807786871133,2.7659533161076006,0
2.395596504211426,0.929707094233077,[2.2490431],0.005,0.1,0.08224574308404264,2.74610293130902,0
2.4056813716888428,0.9340058660012838,[2.25082157],0.005,0.1,0.03794031252443397,2.7255926125392387,0
2.413386106491089,0.9369368467523338,[2.2525152],0.005,0.1,0.006340562844919108,2.6985653393436437,0
2.4234328269958496,0.9410402198038039,[2.25412775],0.005,0.1,-0.01524009190623015,2.698556444938606,0
2.4313762187957764,0.9443619979883273,[2.25566324],0.005,0.1,-0.02931139258490916,2.6867186641017544,0
2.443453311920166,0.9490515671900073,[2.25712395],0.005,0.1,-0.037939397412308146,2.6765512431277836,0
2.454397439956665,0.9535457376749508,[2.25851576],0.005,0.1,-0.04272006728936818,2.645809025830788,0
2.4644293785095215,0.9574537120096842,[2.25984587],0.005,0.1,-0.04484092722833191,2.6213389982263533,0
2.4732046127319336,0.9613616863444175,[2.2611191],0.005,0.1,-0.04516427385204555,2.5985458868678575,0
2.4830989837646484,0.9650742619624143,[2.26233989],0.005,0.1,-0.044305414043571786,2.5779843361780572,0
2.491351842880249,0.9683960401469377,[2.26351234],0.005,0.1,-0.04269740215903416,2.5606922392983646,0
2.4993512630462646,0.9717178183314611,[2.2646388],0.005,0.1,-0.040641316738114455,2.5356996267707,0
2.508188009262085,0.9752349952327212,[2.26572023],0.005,0.1,-0.31438227174625016,2.5205896341644896,0
2.519437551498413,0.9797291657176646,[2.26676048],0.005,0.1,-0.069069785702768,2.5062292264400123,0
2.528777837753296,0.9836371400523979,[2.26776573],0.005,0.1,0.021559013760863575,2.4846008228953904,0
2.537903070449829,0.9871543169536582,[2.26873873],0.005,0.1,0.044901486082576214,2.4599303127772982,0
2.5464205741882324,0.9902806964214448,[2.26967938],0.005,0.1,0.041603873490421356,2.446296223449765,0
2.5553836822509766,0.9937978733227049,[2.27058787],0.005,0.1,0.029855453466682162,2.4255339713299287,0
2.5672831535339355,0.9988782399578583,[2.27146582],0.005,0.1,0.017259807812866408,2.4050953552654755,0
2.576417922973633,1.002590815575855,[2.27231602],0.005,0.1,0.006577410486686563,2.382222420227516,0
2.5864439010620117,1.0066941886273253,[2.27314093],0.005,0.1,-0.0015381943118772494,2.3668890780990157,0
2.597268581390381,1.0111883591122686,[2.27394383],0.005,0.1,-0.007266868673148978,2.3432054245251117,0
2.6070756912231445,1.0149009347302653,[2.27472758],0.005,0.1,0.2649870587978332,2.324353082631839,0
2.6174099445343018,1.0191997064984721,[2.27549349],0.005,0.1,0.2958049334551073,2.3022504168355447,0
2.6263365745544434,1.0229122821164687,[2.2762427],0.005,0.1,0.23947534371995413,2.283799502565726,0
2.636444330215454,1.0272110538846755,[2.27697619],0.005,0.1,0.16291318837554225,2.2619851849823287,0
2.6444339752197266,1.0305328320691989,[2.27769377],0.005,0.1,0.09242799815975761,2.2436142967699277,0
2.654372215270996,1.034636205120669,[2.27839522],0.005,0.1,0.03618264087860624,2.2261991049225487,0
2.663381576538086,1.0379579833051924,[2.27908135],0.005,0.1,-0.005225064004744446,2.2080435307735833,0
2.671431303024292,1.041084362772979,[2.27975111],0.005,0.1,-0.03392488012017634,2.1926894727314297,0
2.6835718154907227,1.045773931974659,[2.28040366],0.005,0.1,-0.05267269242888763,2.1712436038181986,0
2.692472457885742,1.0494865075926558,[2.28104023],0.005,0.1,-0.0640218028641163,2.1521109198372628,0
2.7013847827911377,1.053003684493916,[2.2816611],0.005,0.1,-0.07006393867895751,2.135806499396616,0
2.713029384613037,1.0576932536955959,[2.28226741],0.005,0.1,-0.07240845559711653,2.1144087786231114,0
2.7224466800689697,1.0614058293135928,[2.28286187],0.005,0.1,-0.34828633922758145,2.0964292995585767,0
2.7323832511901855,1.0657046010817994,[2.28344514],0.005,0.1,-0.37960737330021305,2.0743049505584708,0
2.7403695583343506,1.0688309805495864,[2.2840162],0.005,0.1,-0.04563645718310008,2.0601687882052526,0
2.753422737121582,1.0739113471847397,[2.28457581],0.005,0.1,0.06701327064034662,2.0365696499456907,0
2.7624166011810303,1.0776239228027364,[2.2851262],0.005,0.1,0.08618996829908379,2.0188248104800723,0
2.7713892459869385,1.0811410997039963,[2.28566772],0.005,0.1,0.07059049807006873,2.0015960111880085,0
2.781421661376953,1.0852444727554664,[2.28619915],0.005,0.1,0.04590991514783949,1.9824270202769276,0
2.7894198894500732,1.0885662509399898,[2.28672026],0.005,0.1,0.02244360571186142,1.967396315401214,0
2.799147367477417,1.0924742252747233,[2.28723161],0.005,0.1,0.003557567862766394,1.9493559091894412,0
2.809424877166748,1.09677299704293,[2.28773374],0.005,0.1,-0.010307966158464023,1.9293090023640986,0
2.820408582687378,1.1010717688111367,[2.28822709],0.005,0.1,-0.01979875088909014,1.90930578821342,0
2.834425687789917,1.106347534163027,[2.28871268],0.005,0.1,-0.025840032238680213,1.8850163508989928,0
2.844430685043335,1.1108417046479702,[2.28919203],0.005,0.1,-0.3053510093350102,1.8640330669990137,0
2.8527238368988037,1.1141634828324936,[2.28966576],0.005,0.1,-0.3401095710228011,1.8492073030140141,0
2.860497236251831,1.1174852610170172,[2.29013307],0.005,0.1,-0.285372413375992,1.8343821186270415,0
2.8723978996276855,1.1225656276521707,[2.29059268],0.005,0.1,-0.2087932250959267,1.811147916989561,0
2.88460636138916,1.1270597981371138,[2.29104475],0.005,0.1,-0.13722543002391768,1.7911253983370112,0
2.895883321762085,1.1315539686220573,[2.29149063],0.005,0.1,-0.0792224794683308,1.7709217356426428,0
2.9064152240753174,1.135852740390264,[2.29193086],0.005,0.1,-0.03565729969901331,1.7518606258018934,0
2.9154040813446045,1.1393699172915244,[2.2923653],0.005,0.1,-0.004590578682653463,1.7367182551134168,0
2.9244730472564697,1.1428870941927842,[2.29279437],0.005,0.1,0.01660404856639755,1.721908608215598,0
2.9346234798431396,1.1467950685275177,[2.29321844],0.005,0.1,0.030393633862175345,1.7049215514043705,0
2.9423575401306152,1.1501168467120408,[2.29363613],0.005,0.1,0.03881405083649191,1.691194831820662,0
2.952366590499878,1.1544156184802479,[2.29404575],0.005,0.1,0.043439947776166554,1.6726530688087917,0
2.9656052589416504,1.1596913838321379,[2.2944476],0.005,0.1,0.04544380947286092,1.6495649938765315,0
2.9752931594848633,1.1635993581668713,[2.29484299],0.005,0.1,0.04567731638518285,1.6330833619439553,0
2.987370491027832,1.168484326085288,[2.29523252],0.005,0.1,0.04474827494699678,1.612302816343467,0
2.997022867202759,1.1723923004200216,[2.29561616],0.005,0.1,0.04308443151386514,1.5960702171537686,0
3.005734920501709,1.1761048760380182,[2.29599391],0.005,0.1,0.04098309891252966,1.5808657390583833,0
3.015359401702881,1.1802082490894885,[2.2963658],0.005,0.1,0.03864835080628926,1.5639976214794575,0
3.024876356124878,1.1841162234242217,[2.29673185],0.005,0.1,-0.2398200948406834,1.5480827689355379,0
3.036364793777466,1.1886103939091652,[2.2970921],0.005,0.1,-0.2753783856060824,1.5297001451669905,0
3.0468122959136963,1.1925183682438982,[2.29744702],0.005,0.1,-0.2226589906269159,1.513821326958663,0
3.0594074726104736,1.1975987348790518,[2.29779795],0.005,0.1,-0.14885895799650126,1.4931185273041807,0
3.0704474449157715,1.2020929053639953,[2.29814602],0.005,0.1,-0.08050665874628549,1.4750899040055072,0
3.0797317028045654,1.2058054809819923,[2.29849125],0.005,0.1,-0.025929386597019315,1.4606020696707855,0
3.0874476432800293,1.2091272591665154,[2.2988327],0.005,0.1,0.014153797756528055,1.4481870935663865,0
3.09612774848938,1.2122536386343021,[2.29916871],0.005,0.1,0.04178423523960841,1.4367478324461531,0
3.1088974475860596,1.2175294039861924,[2.29949836],0.005,0.1,-0.2163846653929354,1.4154101584396708,0
3.118062734603882,1.2210465808874524,[2.29982224],0.005,0.1,-0.23889388611518175,1.4020086656035502,0
3.128535270690918,1.225540751372396,[2.30014086],0.005,0.1,-0.1783772113356501,1.3847501187816258,0
3.1364564895629883,1.2288625295569193,[2.30045386],0.005,0.1,0.17555451980209041,1.3727628074868201,0
3.1477203369140625,1.233552098758599,[2.30076094],0.005,0.1,0.2785738562546489,1.3544598524620521,0
3.1573596000671387,1.2376554718100692,[2.30106229],0.005,0.1,0.2778828414175435,1.3395088580563739,0
3.1674795150756836,1.2415634461448029,[2.3013581],0.005,0.1,0.24059379218717913,1.324535694580602,0
3.1763341426849365,1.2452760217627994,[2.30164863],0.005,0.1,0.19571796972971514,1.311329521792587,0
3.1843502521514893,1.2484024012305863,[2.30193376],0.005,0.1,0.15457699692327334,1.299997760388701,0
3.194202184677124,1.2519195781318462,[2.30221343],0.005,0.1,0.12060050657467195,1.2872429843344868,0
3.2032182216644287,1.2556321537498432,[2.30248801],0.005,0.1,0.0939393066647734,1.2738212399091113,0
3.213529109954834,1.2597355268013128,[2.30275783],0.005,0.1,0.07357198657911058,1.258996301465716,0
3.2264244556427,1.2654020895866764,[2.30302357],0.005,0.1,0.05821822277411165,1.2380130441458368,0
3.235322952270508,1.2693100639214097,[2.30328621],0.005,0.1,0.04669742054113364,1.2242187884053621,0
3.247448682785034,1.27399963312309,[2.30354621],0.005,0.1,0.03803941531216852,1.207677192601077,0
3.2575089931488037,1.27810300617456,[2.3038032],0.005,0.1,0.03149177872823293,1.1938042883265148,0
3.2685368061065674,1.2824017779427668,[2.30405689],0.005,0.1,0.026489830454195826,1.1784219940753171,0
3.2778549194335938,1.2863097522775002,[2.30430777],0.005,0.1,0.02261808602258606,1.1650932994245313,0
3.2853403091430664,1.2892407330285505,[2.3045559],0.005,0.1,0.019574481637916082,1.1557810114978917,0
3.2954819202423096,1.293539504796757,[2.30480063],0.005,0.1,0.017140929401856308,1.1411516393715062,0
3.30407977104187,1.2970566816980171,[2.30504179],0.005,0.1,0.015160497729668099,1.129353727146259,0
3.314020872116089,1.3007692573160137,[2.30527958],0.005,0.1,0.01352032692397298,1.1169884982234695,0
3.323396682739258,1.3042864342172737,[2.30551424],0.005,0.1,0.012139108647296351,1.105408622821462,0
3.334355115890503,1.3087806047022175,[2.30574596],0.005,0.1,0.010958035253851275,1.090557207574592,0
3.345360517501831,1.3134701739038972,[2.30597493],0.005,0.1,0.009934316034398542,1.0751435713058102,0
3.3564462661743164,1.3181597431055774,[2.30620129],0.005,0.1,0.00903655971831786,1.0598684232146318,0
3.3687021732330322,1.3230447110239942,[2.30642554],0.005,0.1,0.008241498440538507,1.043744362161236,0
3.3794100284576416,1.3275388815089375,[2.30664839],0.005,0.1,0.007531668626580468,1.0295311618282303,0
3.389115571975708,1.331446855843671,[2.30687012],0.005,0.1,0.006893770985122612,1.0173605857075632,0
3.3973920345306396,1.3349640327449313,[2.30709029],0.005,0.1,0.006317510803195384,1.0069787372389054,0
3.406367063522339,1.3382858109294544,[2.30730821],0.005,0.1,0.005794777188254779,0.9967446305129771,0
3.4182839393615723,1.343170778847871,[2.30752397],0.005,0.1,0.005319061188396909,0.9812366896368732,0
3.429394245147705,1.3478603480495512,[2.30773829],0.005,0.1,0.004885042166331229,0.9669865659522222,0
3.437849521636963,1.3513775249508115,[2.30795142],0.005,0.1,0.004488292679347776,0.9565177947861151,0
3.4453396797180176,1.3541131069851247,[2.30816295],0.005,0.1,0.004125066873005504,0.9490155377384113,0
3.454345703125,1.3576302838863845,[2.30837223],0.005,0.1,0.0037921477925453384,0.9385799933905143,0
3.4662320613861084,1.362319853088065,[2.30857906],0.005,0.1,0.003486736329639394,0.9246532336026104,0
3.4751524925231934,1.365837029989325,[2.30878357],0.005,0.1,0.0032063696615523924,0.9144075972759054,0
3.485328197479248,1.3697450043240584,[2.30898587],0.005,0.1,0.2789872203270115,0.9031269834964825,0
3.495018720626831,1.3740437760922652,[2.30918606],0.005,0.1,0.03583685534627473,0.8907387680610529,0
3.503103494644165,1.3773655542767886,[2.30938425],0.005,0.1,-0.05260247431178919,0.8813497908873403,0
3.5136117935180664,1.381859724761732,[2.30958051],0.005,0.1,0.2022482114095509,0.8686646985927969,0
3.5243301391601562,1.3859630978132023,[2.30977493],0.005,0.1,0.24075131358042337,0.857172629798257,0
3.534226179122925,1.3898710721479355,[2.30996757],0.005,0.1,0.19938588867261778,0.8463684058518812,0
3.5443670749664307,1.3939744451994056,[2.31015851],0.005,0.1,0.13776959811385955,0.8351054051652477,0
3.554694414138794,1.3980778182508755,[2.3103478],0.005,0.1,0.07968638884426224,0.8239389263402901,0
3.5677340030670166,1.4033535836027657,[2.31053577],0.005,0.1,0.03282040484498039,0.8092586093867666,0
3.5774121284484863,1.407261557937499,[2.31072295],0.005,0.1,-0.0019229405156093345,0.798931210534413,0
3.5853891372680664,1.4105833361220224,[2.31090925],0.005,0.1,-0.02613848532986087,0.7906867339260812,0
3.5945048332214355,1.4142959117400193,[2.31109406],0.005,0.1,-0.04204946302947872,0.7809672127318421,0
3.604607105255127,1.4183992847914892,[2.3112771],0.005,0.1,-0.05175869079896335,0.7702807993863924,0
3.614421844482422,1.4223072591262227,[2.31145843],0.005,0.1,0.2190332621536709,0.7602174692128433,0
3.627420663833618,1.4277784231948494,[2.31163838],0.005,0.1,-0.026008994265539973,0.7457906092358842,0
3.638498544692993,1.432663391113266,[2.31181746],0.005,0.1,0.16179698990580774,0.7334865663509001,0
3.6463394165039062,1.4355943718643163,[2.3119956],0.005,0.1,0.17531704699719325,0.7267227441361924,0
3.6543638706207275,1.4389161500488394,[2.31217219],0.005,0.1,0.12804442015745132,0.7185632755109153,0
3.666337251663208,1.443410320533783,[2.31234722],0.005,0.1,0.06864181514957791,0.7071152724343038,0
3.675381898880005,1.4473182948685164,[2.31252096],0.005,0.1,0.015796150341267093,0.6980662268634755,0
3.686879873275757,1.4518124653534599,[2.31269342],0.005,0.1,-0.02508705721333062,0.686827410529462,0
3.696492910385132,1.4555250409714566,[2.31286484],0.005,0.1,-0.05404949941026256,0.678061420838748,0
3.7046310901641846,1.4584560217225064,[2.31303542],0.005,0.1,-0.07302199715167262,0.671313533847626,0
3.7164928913116455,1.46353638835766,[2.31320506],0.005,0.1,-0.08429669424170994,0.6594082257924819,0
3.7275025844573975,1.4682259575593402,[2.3133737],0.005,0.1,-0.08993894674408753,0.6485236604285517,0
3.736377716064453,1.4721339318940736,[2.31354127],0.005,0.1,0.18442210292598832,0.6396342870289171,0
3.746870756149292,1.4760419062288068,[2.31370771],0.005,0.1,-0.0574741681344014,0.6308022025752267,0
3.7548983097076416,1.4791682856965935,[2.31387273],0.005,0.1,-0.14291695527212117,0.6242165666493433,0
3.765413522720337,1.4834670574648006,[2.31403585],0.005,0.1,-0.1600325875673123,0.6145683369704172,0
3.774554491043091,1.4871796330827973,[2.31419691],0.005,0.1,-0.1499745148162719,0.6063136443319805,0
3.783845901489258,1.4910876074175305,[2.31435605],0.005,0.1,0.14476051099343906,0.5977730785651822,0
3.7914278507232666,1.494409385602054,[2.31451316],0.005,0.1,-0.07865198470517712,0.5909505969486978,0
3.80401611328125,1.4990989548037343,[2.31466814],0.005,0.1,-0.1494774246515791,0.580403094937831,0
3.8136487007141113,1.5030069291384676,[2.31482139],0.005,0.1,-0.15591926996012945,0.5721035340723278,0
3.8219244480133057,1.506133308606254,[2.31497326],0.005,0.1,-0.13853461594709546,0.5656194461640384,0
3.829873561859131,1.509259688074041,[2.31512381],0.005,0.1,-0.11511849802367922,0.5591716258818538,0
3.838361978530884,1.5127768649753008,[2.31527288],0.005,0.1,-0.09282788915022824,0.5522876171124457,0
3.847285747528076,1.5166848393100343,[2.31542013],0.005,0.1,-0.07402097520708567,0.5442102968975777,0
3.856191635131836,1.5205928136447677,[2.31556527],0.005,0.1,-0.059020872978151145,0.5365474860285927,0
3.8652443885803223,1.524109990546028,[2.31570809],0.005,0.1,-0.04738833306901466,0.5293510415373278,0
3.8761720657348633,1.528213363597498,[2.31584865],0.005,0.1,-0.038481670812677615,0.521090296332774,0
3.889691114425659,1.5336845276661246,[2.31598746],0.005,0.1,-0.3077215866182636,0.5098297566098889,0
3.8983752727508545,1.537201704567385,[2.31612495],0.005,0.1,-0.3356380978385519,0.5033357286016462,0
3.906339645385742,1.5405234827519083,[2.31626106],0.005,0.1,-0.0004783187977805692,0.49694296623675344,0
3.9193618297576904,1.5456038493870616,[2.31639596],0.005,0.1,-0.16415931184260396,0.48684078399716973,0
3.9291625022888184,1.549511823721795,[2.31653025],0.005,0.1,-0.17935937339953822,0.47955030522113695,0
3.9390406608581543,1.553615196773265,[2.31666419],0.005,0.1,-0.14170825084087002,0.471927544224495,0
3.9487736225128174,1.5573277723912617,[2.31679778],0.005,0.1,0.18354609840580188,0.46514961195583554,0
3.9570372104644775,1.5608449492925216,[2.31693085],0.005,0.1,0.26136944742943413,0.45906523794096393,0
3.9674744606018066,1.564948322343992,[2.31706305],0.005,0.1,-0.034441214981008966,0.4515843106865753,0
3.976907253265381,1.5688562966787254,[2.31719428],0.005,0.1,-0.11790634895682486,0.444541802128179,0
3.9873340129852295,1.5731550684469322,[2.31732464],0.005,0.1,-0.11572297113377056,0.4368997496976656,0
3.9970977306365967,1.577258441498402,[2.31745423],0.005,0.1,-0.08498693864424517,0.4297087026549144,0
4.006363868713379,1.5807756183996624,[2.31758313],0.005,0.1,-0.0498769542613816,0.423620723631604,0
4.02255654335022,1.5876145734854459,[2.31771184],0.005,0.1,-0.01943093095047404,0.41133017364390134,0
4.0303051471710205,1.5905455542364957,[2.317841],0.005,0.1,0.003961723637553732,0.4068015550188831,0
4.04031777381897,1.594453528571229,[2.3179705],0.005,0.1,0.02059104844142153,0.4003649134239791,0
4.05489444732666,1.6003154900733294,[2.31810041],0.005,0.1,-0.2444024429177786,0.39020235997460173,0
4.062791347503662,1.6036372682578528,[2.31823122],0.005,0.1,-0.2707585287296687,0.385198032057904,0
4.073398113250732,1.6077406413093227,[2.31836269],0.005,0.1,-0.21201661130624316,0.3786997247262131,0
4.083928108215332,1.6120394130775293,[2.31849442],0.005,0.1,-0.13448990181592524,0.3719190502864912,0
4.0923590660095215,1.615165792545316,[2.31862606],0.005,0.1,-0.06403068526137404,0.36735088694035584,0
4.100348949432373,1.618292172013103,[2.31875712],0.005,0.1,-0.008466084354381155,0.3624882563823049,0
4.109345436096191,1.621809348914363,[2.31888738],0.005,0.1,0.0318467691540817,0.3570798093260396,0
4.124240875244141,1.6282575065666731,[2.31901724],0.005,0.1,0.05920695660363434,0.3467577927503155,0
4.134368658065796,1.6327516770516164,[2.31914721],0.005,0.1,0.07648746648768937,0.3403718888508487,0
4.145462274551392,1.63724584753656,[2.31927735],0.005,0.1,0.08632117371972478,0.3335401858312199,0
4.155269384384155,1.6411538218712933,[2.3194075],0.005,0.1,0.09085275203918639,0.3281918059489635,0
4.165342092514038,1.6452571949227635,[2.31953734],0.005,0.1,0.09172581194357127,0.3223126807256329,0
4.175130367279053,1.6493605679742336,[2.31966659],0.005,0.1,0.09015423779311554,0.3165053063608387,0
4.187757968902588,1.6546363333261238,[2.3197954],0.005,0.1,0.08701223971216353,0.308888807386837,0
4.198513746261597,1.6587397063775937,[2.31992405],0.005,0.1,0.08291739788433344,0.3032961294180434,0
4.2094502449035645,1.6632338768625372,[2.32005262],0.005,0.1,0.3543371112214073,0.2972506314289084,0
4.220714092254639,1.6675326486307438,[2.32018116],0.005,0.1,0.38261236077414307,0.2913395545177383,0
4.2283549308776855,1.6706590280985305,[2.32030969],0.005,0.1,0.32263144724409565,0.28755351194478523,0
4.24040412902832,1.6755439960169474,[2.32043783],0.005,0.1,0.24175684540514855,0.2811819442310537,0
4.248346567153931,1.678670375484734,[2.32056528],0.005,0.1,0.1666195681352773,0.2771645393641176,0
4.259199142456055,1.6831645459696776,[2.32069198],0.005,0.1,0.10560635724028736,0.2714516025469678,0
4.268394231796265,1.686877121587674,[2.32081768],0.005,0.1,-0.21657203017751597,0.2670192991160975,0
4.277831077575684,1.6907850959224076,[2.32094198],0.005,0.1,-0.2829944867853893,0.2621026264245793,0
4.290276765823364,1.6960608612742978,[2.32106493],0.005,0.1,-0.2510473330756345,0.255341263605861,0
4.299365282058716,1.6997734368922943,[2.32118696],0.005,0.1,0.08555580362706061,0.25091237396289956,0
4.308330297470093,1.7030952150768177,[2.32130823],0.005,0.1,0.17923854155789246,0.2470125944682597,0
4.317831754684448,1.7070031894115512,[2.32142872],0.005,0.1,0.17475032837861826,0.24244357523112195,0
4.328346252441406,1.7113019611797582,[2.32154841],0.005,0.1,0.13740682550531202,0.23746853699055848,0
4.340349197387695,1.7161869290981746,[2.32166727],0.005,0.1,0.09493030299053178,0.23187329146162253,0
4.349369764328003,1.7197041059994347,[2.32178529],0.005,0.1,0.05773232379301548,0.22791039590595172,0
4.358205795288086,1.7234166816174314,[2.32190247],0.005,0.1,0.028608863705700115,0.22378986444718946,0
4.368331670761108,1.7271292572354282,[2.32201882],0.005,0.1,0.007275549824047562,0.21971755588040998,0
4.378338575363159,1.7312326302868983,[2.32213435],0.005,0.1,-0.007583313939829368,0.2152688174848239,0
4.3891613483428955,1.7357268007718416,[2.32224906],0.005,0.1,-0.017443220883351405,0.21045722111059717,0
4.39907431602478,1.7396347751065753,[2.32236296],0.005,0.1,-0.0236107627608797,0.20633430396819408,0
4.408358573913574,1.7433473507245718,[2.32247604],0.005,0.1,-0.027134200977203787,0.20250024738295772,0
4.419305086135864,1.747841521209515,[2.32258828],0.005,0.1,-0.028811174141835427,0.19786328661139987,0
4.427379369735718,1.750967900677302,[2.32269971],0.005,0.1,-0.029229226568873397,0.1947165750702236,0
4.436324596405029,1.7546804762952988,[2.3228102],0.005,0.1,-0.028811725838449133,0.19121496571739827,0
4.448151350021362,1.7595654442137154,[2.3229196],0.005,0.1,-0.027858761419987978,0.18614395598997752,0
4.4593284130096436,1.7640596146986587,[2.32302815],0.005,0.1,-0.02658013579647668,0.18177758133917488,0
4.467943906784058,1.767381392883182,[2.32313606],0.005,0.1,-0.025120624503858636,0.17862076575596902,0
4.476055860519409,1.7708985697844424,[2.3232432],0.005,0.1,-0.023578727677366018,0.17551457026902337,0
4.484622001647949,1.7742203479689658,[2.32334926],0.005,0.1,-0.022020318373761054,0.17240100626996807,0
4.494356393814087,1.778128322303699,[2.32345415],0.005,0.1,-0.020488445999855637,0.1687679092431432,0
4.505033731460571,1.7826224927886425,[2.32355798],0.005,0.1,-0.019010312916260645,0.16466178157919562,0
4.5144360065460205,1.7863350684066395,[2.32366086],0.005,0.1,-0.017602205415116798,0.16132917825615345,0
4.523289203643799,1.7896568465911629,[2.32376289],0.005,0.1,-0.016272960111651563,0.1584002159830142,0
4.5333192348480225,1.793564820925896,[2.32386415],0.005,0.1,-0.015026389522274,0.15500816266751766,0
4.544318199157715,1.797863592694103,[2.32396472],0.005,0.1,-0.013862971928483821,0.15132420763426932,0
4.555088043212891,1.802553161895783,[2.32406482],0.005,0.1,-0.01278102327889782,0.1471858088454384,0
4.563908815383911,1.806070338797043,[2.32416466],0.005,0.1,-0.011777505593536703,0.1444843908681029,0
4.572332382202148,1.809587515698303,[2.32426394],0.005,0.1,-0.01084858097165559,0.14178582253027353,0
4.581380367279053,1.8133000913163,[2.32436224],0.005,0.1,-0.009989988022739224,0.1387403348630618,0
4.590229034423828,1.8168172682175598,[2.32445952],0.005,0.1,0.2668410650021677,0.1359251791213987,0
4.599314212799072,1.8205298438355566,[2.32455575],0.005,0.1,0.3006968976380455,0.13318178478279877,0
4.609217882156372,1.8244378181702903,[2.32465093],0.005,0.1,0.24627373833614588,0.1299244071216339,0
4.6191184520721436,1.8287365899384969,[2.32474538],0.005,0.1,-0.1052285006409673,0.12663961234301288,0
4.6294121742248535,1.8328399629899665,[2.32483937],0.005,0.1,0.06773468349716011,0.12359039199823867,0
4.638312339782715,1.8363571398912268,[2.32493284],0.005,0.1,0.09986155301146843,0.12116261565595447,0
4.648996591567993,1.840460512942697,[2.32502572],0.005,0.1,0.07933668537314399,0.11799685280978581,0
4.658798933029175,1.8439776898439573,[2.32511831],0.005,0.1,-0.2312327166803339,0.11548793627551045,0
4.669346332550049,1.8482764616121639,[2.32521081],0.005,0.1,-0.29737512014644996,0.11248175571384991,0
4.678822040557861,1.852184435946897,[2.32530326],0.005,0.1,-0.26867647196701616,0.10979836726791957,0
4.689323425292969,1.8562878089983674,[2.32539568],0.005,0.1,-0.21166763064828012,0.1070215883448019,0
4.699067115783691,1.8603911820498373,[2.32548807],0.005,0.1,-0.42987293510011904,0.10427591347382818,0
4.7073235511779785,1.8633221628008876,[2.32558044],0.005,0.1,-0.690079711423069,0.10234971194714629,0
4.715365409851074,1.866643940985411,[2.3256725],0.005,0.1,-0.6300523579714061,0.10020187327181636,0
4.724324941635132,1.870161117886671,[2.3257637],0.005,0.1,-0.47075418359244386,0.09795913646500988,0
4.7343854904174805,1.8738736935046676,[2.3258539],0.005,0.1,-0.30410840780374104,0.09563509910330117,0
4.743190288543701,1.8771954716891908,[2.32594329],0.005,0.1,-0.439148460546087,0.0935844241069318,0
4.756156921386719,1.8820804396076078,[2.32603215],0.005,0.1,-0.6404039585277719,0.09046551554932084,0
4.769489526748657,1.8869654075260245,[2.32612106],0.005,0.1,-0.8170574377577242,0.08744496564253681,0
4.778470516204834,1.8904825844272846,[2.32621033],0.005,0.1,-0.9424202166427875,0.08555778645484834,0
4.787360429763794,1.8936089638950713,[2.32629979],0.005,0.1,-1.016139419428922,0.08377029999633465,0
4.796769142150879,1.8971261407963316,[2.32638928],0.005,0.1,-1.0470290691486683,0.08176695354562238,0
4.80714225769043,1.9008387164143281,[2.3264788],0.005,0.1,-1.0456942205045783,0.0796902208610714,0
4.817816495895386,1.9045512920323246,[2.32656838],0.005,0.1,-1.0216883739835758,0.07765145754254824,0
4.829329967498779,1.908459266367058,[2.32665816],0.005,0.1,-0.9826833164974347,0.07542668302050566,0
4.838358163833618,1.9117810445515817,[2.32674825],0.005,0.1,-1.2105056338836322,0.0737993457181643,0
4.84954571723938,1.9158844176030516,[2.32683858],0.005,0.1,-1.1903956983899926,0.07154208533646217,0
4.862301349639893,1.920378588087995,[2.32692937],0.005,0.1,-1.079987716832184,0.06916024275850513,0
4.871320962905884,1.923504967555782,[2.32702082],0.005,0.1,-0.9485214283356802,0.06773131792885842,0
4.8802947998046875,1.9262405495900952,[2.32711253],0.005,0.1,-1.0999090623579733,0.06649163849907212,0
4.8912763595581055,1.9297577264913552,[2.32720395],0.005,0.1,-1.0243747405400656,0.06475418345067456,0
4.90429949760437,1.9340564982595623,[2.32729507],0.005,0.1,-1.1538689328792262,0.06257304636474498,0
4.913395881652832,1.9367920802938754,[2.32738615],0.005,0.1,-1.0348936233592871,0.061302219550762246,0
4.925104379653931,1.9403092571951355,[2.32747741],0.005,0.1,-0.8460977195691819,0.059605106941257244,0
4.93436861038208,1.943044839229449,[2.32756891],0.005,0.1,-0.9365759931880956,0.058476340490428165,0
4.943361043930054,1.9459758199804988,[2.32766039],0.005,0.1,-0.8125124083481188,0.05716466403867918,0
4.954251527786255,1.949492996881759,[2.32775164],0.005,0.1,-0.6331882773037913,0.05562766491852794,0
4.963962078094482,1.952423977632809,[2.32784258],0.005,0.1,-0.7385819356312407,0.05435167830806064,0
4.97235107421875,1.9549641609503858,[2.32793302],0.005,0.1,-0.6307285841478034,0.053351425356911085,0
4.984006643295288,1.958285939134909,[2.32802284],0.005,0.1,-0.4671330892773904,0.051851920077141525,0
4.992390871047974,1.9608261224524859,[2.32811206],0.005,0.1,-0.31106617119042546,0.05089106278500195,0
5.00418496131897,1.9639525019202726,[2.32820069],0.005,0.1,-0.4593817348886189,0.0495332452755448,0
5.013307571411133,1.9664926852378493,[2.32828885],0.005,0.1,-0.3959775601216543,0.04852491439894433,0
5.0274269580841064,1.9705960582893192,[2.3283768],0.005,0.1,-0.5477330517318257,0.04685048704060808,0
5.038374900817871,1.9735270390403694,[2.32846476],0.005,0.1,-0.7333636158887774,0.04573125217752976,0
5.048290729522705,1.9762626210746828,[2.32855289],0.005,0.1,-0.6097934231466127,0.044658587688488974,0
5.056589126586914,1.978607405675523,[2.32864119],0.005,0.1,-0.402821402226171,0.043869525275449885,0
5.066024303436279,1.980952190276363,[2.32872939],0.005,0.1,-0.47952317945917583,0.04301307901468801,0
5.0753819942474365,1.9834923735939396,[2.32881725],0.005,0.1,-0.35120194419109685,0.04209159128249688,0
5.088304281234741,1.9866187530617263,[2.32890483],0.005,0.1,-0.4530682699470065,0.040917074119990515,0
5.098824739456177,1.989158936379303,[2.32899235],0.005,0.1,-0.32822520954099255,0.0400400394419923,0
5.106978893280029,1.9911129235466698,[2.32907971],0.005,0.1,-0.15016320575350262,0.039432211398380435,0
5.114430665969849,1.9928715119973,[2.32916641],0.005,0.1,0.013005475552301415,0.038883823119067046,0
5.1262047290802,1.9954116953148764,[2.32925219],0.005,0.1,-0.13581796781447267,0.037949104506650164,0
5.138512372970581,1.9981472773491897,[2.32933736],0.005,0.1,-0.07915824579362042,0.03699215403443045,0
5.151207685470581,2.00107825810024,[2.32942242],0.005,0.1,-0.24218675243111454,0.036000778368917206,0
5.1593005657196045,2.003032245267607,[2.32950752],0.005,0.1,-0.16603485172762145,0.035450202126389316,0
5.16933274269104,2.0053770298684466,[2.32959232],0.005,0.1,-0.02534330277324598,0.03470648267438808,0
5.178091526031494,2.0071356183190767,[2.32967661],0.005,0.1,-0.166335621428829,0.0341499811327894,0
5.1913230419158936,2.0098712003533903,[2.32976052],0.005,0.1,-0.09320721777442022,0.03326560574633339,0
5.202347755432129,2.01221598495423,[2.32984425],0.005,0.1,0.03609214838273871,0.032566265026801586,0
5.211355447769165,2.01397457340486,[2.32992773],0.005,0.1,0.1584785791153984,0.03208567812636071,0
5.226170063018799,2.0169055541559104,[2.33001087],0.005,0.1,-0.022554479825979815,0.031143325671275025,0
5.236334323883057,2.0188595413232773,[2.33009387],0.005,0.1,0.009416680193103592,0.03062254165523953,0
5.246091604232788,2.0208135284906437,[2.33017674],0.005,0.1,0.10378767815149609,0.030033773916756618,0
5.254453897476196,2.022376718224537,[2.33025935],0.005,0.1,0.19907548217642532,0.029649034268091127,0
5.265036344528198,2.0245261041086406,[2.3303414],0.005,0.1,0.2741649092039501,0.029042560908797276,0
5.273345232009888,2.0260892938425337,[2.33042256],0.005,0.1,0.32519348879262727,0.028641573920185626,0
5.284838438034058,2.028238679726637,[2.33050275],0.005,0.1,0.35487672351858934,0.02801274148527658,0
5.293382883071899,2.029606470743794,[2.33058199],0.005,0.1,0.09175006223995436,0.027670937507223627,0
5.305565595626831,2.0319512553446337,[2.33066033],0.005,0.1,0.05927003902255237,0.027011723337446995,0
5.315277338027954,2.033514445078527,[2.33073792],0.005,0.1,0.10651819720396989,0.02660227662484608,0
5.3234148025512695,2.034882236095684,[2.33081487],0.005,0.1,0.16918346137487225,0.026252776949521404,0
5.33130407333374,2.0362500271128408,[2.33089108],0.005,0.1,0.22287643194534862,0.02592873670607285,0
5.340343475341797,2.037422419413261,[2.33096634],0.005,0.1,-0.015234217293851021,0.025623457628019854,0
5.350364685058594,2.0391810078638906,[2.33104057],0.005,0.1,-0.025843438470090477,0.025176657866748678,0
5.3608081340789795,2.040744197597784,[2.3311138],0.005,0.1,0.3151670331536741,0.024792657080056794,0
5.371308326721191,2.0423073873316775,[2.33118601],0.005,0.1,0.4247866921740286,0.024402572822209485,0
5.381072282791138,2.043675178348834,[2.33125724],0.005,0.1,0.43397333401611904,0.024068482912499082,0
5.393366813659668,2.045433766799464,[2.33132757],0.005,0.1,0.40386740236866564,0.023639730866969508,0
5.404224634170532,2.0469969565333574,[2.33139719],0.005,0.1,0.3619829802421024,0.023246658883658084,0
5.417098045349121,2.0487555449839876,[2.33146648],0.005,0.1,0.04388176894376472,0.022817497687606592,0
5.4274742603302,2.050123336001144,[2.33153576],0.005,0.1,-0.027210239869840724,0.02250477748890019,0
5.436278343200684,2.0511003295848274,[2.33160496],0.005,0.1,-0.004931280930351056,0.022299428208864106,0
5.447383642196655,2.0522727218852475,[2.33167395],0.005,0.1,0.0432393027983132,0.022018908346102966,0
5.455810785293579,2.0534451141856676,[2.3317427],0.005,0.1,0.0900757071670553,0.021771448011233478,0
5.465600490570068,2.0546175064860877,[2.33181106],0.005,0.1,0.12650268046582416,0.02150704283440367,0
5.476670980453491,2.0559852975032444,[2.33187901],0.005,0.1,0.15113865986768665,0.021192212314646703,0
5.484338045120239,2.056962291086928,[2.33194659],0.005,0.1,0.16548343923003692,0.020991474978933163,0
5.494028091430664,2.058134683387348,[2.3320137],0.005,0.1,0.44784150250869265,0.020734221090661337,0
5.504337549209595,2.059307075687768,[2.33208027],0.005,0.1,0.48143935347669986,0.02047988137706464,0
5.514374017715454,2.0604794679881877,[2.33214633],0.005,0.1,0.6988139118337048,0.020228423185663976,0
5.522984743118286,2.061456461571871,[2.33221195],0.005,0.1,0.6496392772614508,0.02002151656483316,0
5.5312957763671875,2.0624334551555545,[2.33227706],0.005,0.1,0.5161833118075535,0.019825308734804103,0
5.542572259902954,2.0636058474559746,[2.33234167],0.005,0.1,0.37475119150435127,0.019566297817667982,0
5.552305698394775,2.064582841039658,[2.33240596],0.005,0.1,0.529164197577873,0.019365998452584996,0
5.562377452850342,2.0657552333400777,[2.3324701],0.005,0.1,0.46711253314113454,0.019124716533274945,0
5.5713210105896,2.066732226923761,[2.332534],0.005,0.1,0.34154371064537165,0.018934832725745768,0
5.581327199935913,2.067709220507444,[2.33259748],0.005,0.1,0.21528191500105678,0.01873483886076733,0
5.590302467346191,2.0684908153743913,[2.3326605],0.005,0.1,0.11020334019530605,0.018578092277204535,0
5.601294279098511,2.069663207674811,[2.33272313],0.005,0.1,0.030588251630346765,0.018343516996680582,0
5.610372066497803,2.070444802541758,[2.3327854],0.005,0.1,0.24997057312136442,0.018189886382213253,0
5.619177341461182,2.0712263974087044,[2.33284735],0.005,0.1,0.24490941301096897,0.018038159257453067,0
5.6303112506866455,2.0722033909923883,[2.33290909],0.005,0.1,0.16560015928974872,0.017846961858004183,0
5.640305519104004,2.0731803845760712,[2.33297069],0.005,0.1,0.35150293540011723,0.017658169980524413,0
5.650335073471069,2.073961979443018,[2.3330322],0.005,0.1,0.30722606275178543,0.01751010039403681,0
5.66327977180481,2.0751343717434376,[2.33309377],0.005,0.1,0.46959559593199257,0.01728253874623202,0
5.6712799072265625,2.075720567893648,[2.3331555],0.005,0.1,0.38598155365488473,0.017178559729813626,0
5.680456876754761,2.076502162760595,[2.3332173],0.005,0.1,0.5104540491480013,0.017033781984836325,0
5.689316749572754,2.077088358910805,[2.3332791],0.005,0.1,0.6721551870696507,0.01692839452692201,0
5.699018716812134,2.077869953777751,[2.33334091],0.005,0.1,0.5310165097246855,0.016785632538842403,0
5.709317445755005,2.0786515486446984,[2.33340276],0.005,0.1,0.5888459221213658,0.016643052702155357,0
5.721200227737427,2.0794331435116447,[2.33346471],0.005,0.1,0.41665096031536303,0.016500453177558647,0
5.73293399810791,2.080410137095328,[2.33352693],0.005,0.1,0.19810538123545032,0.01632243052766723,0
5.744340896606445,2.081191731962275,[2.33358944],0.005,0.1,0.003781298843701278,0.016182666433009515,0
5.753973484039307,2.0817779281124844,[2.33365223],0.005,0.1,0.1301710981325221,0.01608140877040286,0
5.765045166015625,2.0825595229794316,[2.33371533],0.005,0.1,0.058216292601346836,0.01594454728821622,0
5.774288892745972,2.0829503204129045,[2.33377876],0.005,0.1,-0.06463265814215748,0.015880731340785922,0
5.786332368850708,2.0837319152798512,[2.33384244],0.005,0.1,0.0962857285736185,0.015745481138126582,0
5.796875476837158,2.0843181114300617,[2.33390639],0.005,0.1,0.040808916053695354,0.01564620657181524,0
5.805375576019287,2.0849043075802713,[2.33397051],0.005,0.1,0.2017420964447282,0.01554736602408139,0
5.814385890960693,2.0852951050137447,[2.33403454],0.005,0.1,0.12332272544276858,0.015485580780970324,0
5.8263444900512695,2.0860766998806914,[2.33409844],0.005,0.1,0.25729000035600624,0.015353664798637909,0
5.838328838348389,2.0866628960309015,[2.33416241],0.005,0.1,0.15506615333746193,0.015255872582029177,0
5.850259780883789,2.087249092181111,[2.33422653],0.005,0.1,-0.005649497849630786,0.015161452791330667,0
5.861586809158325,2.0878352883313216,[2.33429087],0.005,0.1,0.12144261739942096,0.015064320678359461,0
5.869554281234741,2.088226085764795,[2.33435529],0.005,0.1,0.039565660456115086,0.015001805700627863,0
5.879266262054443,2.088812281915005,[2.3344195],0.005,0.1,0.18152085583931388,0.014906830576972755,0
5.888307332992554,2.0890076806317412,[2.33448337],0.005,0.1,0.36640026687876304,0.014882238697305601,0
5.900317192077637,2.0895938767819517,[2.33454687],0.005,0.1,0.24953902438080683,0.014788318719738682,0
5.908294439315796,2.0901800729321613,[2.33460999],0.005,0.1,0.330764818904526,0.01469378965556576,0
5.920053005218506,2.0907662690823714,[2.33467283],0.005,0.1,0.18033420088418634,0.014602847540382612,0
5.927914619445801,2.091157066515845,[2.33473545],0.005,0.1,0.2577663847165862,0.014539630796647192,0
5.936283826828003,2.0913524652325814,[2.33479761],0.005,0.1,0.11472671952212993,0.014514151156836694,0
5.948352575302124,2.0919386613827915,[2.33485912],0.005,0.1,0.20253429437240053,0.01442406788035093,0
5.958321571350098,2.092329458816265,[2.33492001],0.005,0.1,0.34556082976304076,0.014362195269589453,0
5.967302560806274,2.0925248575330015,[2.33498023],0.005,0.1,0.19900773908763045,0.014338826372982871,0
5.97646951675415,2.0929156549664754,[2.33503973],0.005,0.1,0.2607053628569067,0.014281055918411282,0
5.986458778381348,2.0933064523999483,[2.33509858],0.005,0.1,0.3746087038069291,0.01422231983935686,0
6.000310897827148,2.0936972498334216,[2.33515692],0.005,0.1,0.20314698678428186,0.014168413944888622,0
6.009348392486572,2.094088047266895,[2.33521496],0.005,0.1,0.24597604316601013,0.014109702891411922,0
6.021893262863159,2.0944788447003684,[2.33527293],0.005,0.1,0.07067913567474698,0.014056431400237301,0
6.0312886238098145,2.094674243417105,[2.33533098],0.005,0.1,0.13364229029029956,0.014029762681116463,0
6.0403053760528564,2.0948696421338417,[2.33538906],0.005,0.1,0.25975847804380003,0.014000489605192396,0
6.051177978515625,2.095260439567315,[2.33544706],0.005,0.1,0.1030924053793518,0.013948318452428702,0
6.059328556060791,2.095455838284052,[2.33550495],0.005,0.1,0.15993824948070273,0.013918699834321195,0
6.068309783935547,2.0956512370007885,[2.33556265],0.005,0.1,-0.0032233982710633546,0.013896427480491157,0
6.07799220085144,2.0958466357175247,[2.33562008],0.005,0.1,0.06985029513124393,0.013873286516314167,0
6.087571620941162,2.096042034434262,[2.33567727],0.005,0.1,-0.07176879658154273,0.013850881370718639,0
6.097270488739014,2.096237433150998,[2.33573415],0.005,0.1,0.02128824756169992,0.01382262720289051,0
6.1082823276519775,2.096432831867735,[2.33579067],0.005,0.1,-0.10406364958605667,0.013806530061402315,0
6.116705894470215,2.096628230584472,[2.33584687],0.005,0.1,0.0013607581022766282,0.013776785283294964,0
6.130302429199219,2.096628230584472,[2.33590279],0.005,0.1,-0.11499019028885872,0.013795217707799805,0
6.138485670089722,2.096628230584472,[2.33595856],0.005,0.1,-0.003227881181121668,0.013805167288896773,0
6.150407552719116,2.096823629301208,[2.33601431],0.005,0.1,-0.11524756699372884,0.013782529227482335,0
6.159904479980469,2.096823629301208,[2.33607007],0.005,0.1,-0.276658344062359,0.013792689761644524,0
6.167846441268921,2.096823629301208,[2.33612581],0.005,0.1,-0.419985104743648,0.013804856705725864,0
6.176327705383301,2.096823629301208,[2.33618145],0.005,0.1,-0.24917854668316203,0.01380825515132749,0
6.188227653503418,2.096823629301208,[2.33623693],0.005,0.1,-0.2827225231377938,0.01382874202738865,0
6.197342157363892,2.096823629301208,[2.33629225],0.005,0.1,-0.37230134590226943,0.013832448963279325,0
6.2063984870910645,2.096823629301208,[2.33634738],0.005,0.1,-0.18239743702374658,0.013845293713722728,0
6.216120719909668,2.096823629301208,[2.33640235],0.005,0.1,-0.2124314216774979,0.013867511870264469,0
6.226005792617798,2.096823629301208,[2.33645738],0.005,0.1,-0.028991414225616935,0.013876087384173492,0
6.2335498332977295,2.096823629301208,[2.33651249],0.005,0.1,0.18868151423912438,0.013876427433486035,0
6.241276025772095,2.096823629301208,[2.33656738],0.005,0.1,0.373755408690839,0.01387906685910669,0
6.253329515457153,2.096823629301208,[2.33662192],0.005,0.1,0.5086833093402445,0.013900661973220017,0
6.263319253921509,2.096823629301208,[2.33667627],0.005,0.1,0.5957236991498336,0.013910867741051625,0
6.271383285522461,2.096823629301208,[2.33673056],0.005,0.1,0.6436579520153842,0.0139205195761525,0
6.283353090286255,2.096823629301208,[2.33678482],0.005,0.1,0.6621686253163128,0.013929385933715972,0
6.292202472686768,2.096628230584472,[2.33683908],0.005,0.1,0.6597418545664637,0.013974330156251068,0
6.303254127502441,2.096628230584472,[2.33689338],0.005,0.1,0.6431174110199349,0.013983085034442492,0
6.314327239990234,2.096823629301208,[2.33694772],0.005,0.1,0.6173625521744782,0.013958949532284584,0
6.323360919952393,2.096628230584472,[2.33700211],0.005,0.1,0.5861527721573102,0.014001315963211301,0
6.332451343536377,2.096628230584472,[2.33705655],0.005,0.1,0.5520825324602247,0.014011680826630478,0
6.343946218490601,2.096628230584472,[2.33711104],0.005,0.1,0.5169395798991282,0.014020229613627037,0
6.35335898399353,2.096628230584472,[2.33716558],0.005,0.1,0.4819250998236407,0.014030032149834013,0
6.364439010620117,2.096628230584472,[2.33722014],0.005,0.1,0.4478216379049774,0.014038752667149504,0
6.374027490615845,2.096628230584472,[2.33727472],0.005,0.1,0.4151173219424984,0.01404915021332613,0
6.382374048233032,2.096628230584472,[2.33732933],0.005,0.1,0.3840959431474714,0.014058295434025753,0
6.391296625137329,2.096628230584472,[2.33738387],0.005,0.1,0.3549013807736492,0.014059494755347573,0
6.399410247802734,2.096628230584472,[2.33743808],0.005,0.1,0.32758320356919796,0.014063771180569503,0
6.408363342285156,2.096628230584472,[2.33749176],0.005,0.1,0.3021286776152992,0.01407696108503551,0
6.41683554649353,2.096628230584472,[2.33754491],0.005,0.1,0.27848506316393545,0.014089508106096259,0
6.4262518882751465,2.096628230584472,[2.33759767],0.005,0.1,0.2565750282041799,0.014101382721736364,0
6.4363439083099365,2.096628230584472,[2.33765011],0.005,0.1,0.23630721214462536,0.014110998250044506,0
6.448399305343628,2.096628230584472,[2.33770239],0.005,0.1,0.21758338907651564,0.014129631290711347,0
6.457828044891357,2.096432831867735,[2.33775471],0.005,0.1,0.2003032574656738,0.014170716423462841,0
6.466990232467651,2.096432831867735,[2.33780716],0.005,0.1,0.18436758042054416,0.014178770881095842,0
6.475267648696899,2.096432831867735,[2.33785964],0.005,0.1,0.16968018541910163,0.014179019505302837,0
6.485444068908691,2.096628230584472,[2.33791207],0.005,0.1,0.15614918006097148,0.014163921863798003,0
6.49359917640686,2.096432831867735,[2.33796447],0.005,0.1,0.14368763302530102,0.014197114235133503,0
6.504363775253296,2.096432831867735,[2.33801675],0.005,0.1,0.13221389390993643,0.014207670814060882,0
6.515783786773682,2.096432831867735,[2.33806891],0.005,0.1,0.12165167264991002,0.014225405924331004,0
6.527019739151001,2.096432831867735,[2.33812111],0.005,0.1,0.11192996210690886,0.01423282326976989,0
6.535352945327759,2.096432831867735,[2.33817332],0.005,0.1,0.10298286147267718,0.014232193741641237,0
6.544353008270264,2.096432831867735,[2.33822533],0.005,0.1,0.09474934001190109,0.014242860248697642,0
6.553340911865234,2.096237433150998,[2.33827707],0.005,0.1,0.08717296804238228,0.014286437477178972,0
6.562260866165161,2.096432831867735,[2.33832852],0.005,0.1,0.08020163326674828,0.0142620470236523,0
6.5753960609436035,2.096237433150998,[2.33837977],0.005,0.1,0.07378725447571478,0.014312847064237105,0
6.584426641464233,2.096237433150998,[2.33843088],0.005,0.1,0.06788550042831042,0.014312448790501735,0
6.595082998275757,2.096237433150998,[2.33848174],0.005,0.1,0.06245551881222163,0.014321293526201194,0
6.605317831039429,2.096237433150998,[2.33853223],0.005,0.1,0.05745967820032678,0.014330135508873904,0
6.615339994430542,2.096237433150998,[2.33858233],0.005,0.1,0.05286332456963848,0.014338037196016467,0
6.623309850692749,2.096237433150998,[2.33863199],0.005,0.1,0.04863455304189383,0.014346365859961132,0
6.632266283035278,2.096237433150998,[2.33868111],0.005,0.1,0.044743994905065726,0.014349339405022386,0
6.644178152084351,2.096237433150998,[2.33872961],0.005,0.1,0.04116461958724929,0.014364686348648502,0
6.657517433166504,2.096042034434262,[2.33877761],0.005,0.1,0.03787155101249276,0.014411444522887567,0
6.666280508041382,2.096042034434262,[2.33882526],0.005,0.1,0.03484189762605534,0.014417254162653676,0
6.676254749298096,2.096042034434262,[2.33887255],0.005,0.1,0.03205459530216716,0.014424083715707197,0
6.68628454208374,2.096042034434262,[2.33891942],0.005,0.1,0.02949026231833257,0.014430685689253663,0
6.696281671524048,2.096042034434262,[2.33896575],0.005,0.1,0.02713106558110381,0.014433390431748605,0
6.705280542373657,2.096042034434262,[2.33901136],0.005,0.1,0.024960597308382307,0.014441541697327902,0
6.714306354522705,2.096042034434262,[2.33905616],0.005,0.1,0.022963761405348684,0.014449593469742063,0
6.724304676055908,2.096042034434262,[2.33910013],0.005,0.1,0.021126668810066744,0.014456575100107304,0
6.735284328460693,2.096042034434262,[2.33914324],0.005,0.1,0.019436541127263632,0.014464024440433907,0
6.745301961898804,2.0958466357175247,[2.33918546],0.005,0.1,0.017881621912484092,0.014506239067917884,0
6.753302812576294,2.0958466357175247,[2.33922682],0.005,0.1,0.01645109501226648,0.014514034269235039,0
6.761264085769653,2.0958466357175247,[2.33926727],0.005,0.1,0.015135009408231965,0.014518311665919024,0
6.770305156707764,2.0958466357175247,[2.33930674],0.005,0.1,0.013924210053436182,0.014525665799492677,0
6.780192136764526,2.0958466357175247,[2.33934522],0.005,0.1,0.01281027422766522,0.01453288020556906,0
6.790316581726074,2.0958466357175247,[2.33938277],0.005,0.1,0.011785452974404725,0.014540713640500205,0
6.799896478652954,2.0958466357175247,[2.33941946],0.005,0.1,0.010842617215919267,0.014546931487102814,0
6.8102922439575195,2.0958466357175247,[2.33945533],0.005,0.1,0.009975208174272568,0.014553065575070608,0
6.822571516036987,2.0956512370007885,[2.33949046],0.005,0.1,0.009177191755269558,0.014596761695558598,0
6.83467960357666,2.0956512370007885,[2.33952496],0.005,0.1,0.008443016579305148,0.014602131420230442,0
6.843201160430908,2.0956512370007885,[2.33955889],0.005,0.1,0.007767575368080745,0.014607654032858249,0
6.8543713092803955,2.0956512370007885,[2.33959226],0.005,0.1,0.007146169419218299,0.014612763226403182,0
6.864396810531616,2.0956512370007885,[2.33962511],0.005,0.1,0.006574475922089655,0.014620966535672554,0
6.873250961303711,2.095455838284052,[2.33965749],0.005,0.1,0.00604851788780864,0.014658048059481548,0
6.884291887283325,2.095455838284052,[2.33968934],0.005,0.1,0.005564636484424257,0.014663631550688018,0
6.89354681968689,2.095455838284052,[2.33972062],0.005,0.1,0.005119465585018541,0.014668637117791629,0
6.905634880065918,2.095455838284052,[2.33975135],0.005,0.1,0.004709908351760807,0.01467668671877039,0
6.914250612258911,2.095455838284052,[2.33978158],0.005,0.1,0.00433311569310057,0.014679270739048341,0
6.922251224517822,2.095455838284052,[2.33981127],0.005,0.1,0.00398646644428897,0.01468404989327773,0
6.933135509490967,2.095455838284052,[2.33984037],0.005,0.1,0.0036675491333913574,0.014689434035340404,0
6.94533109664917,2.095260439567315,[2.33986893],0.005,0.1,0.0033741452059719065,0.014731631451222896,0
6.954317092895508,2.095260439567315,[2.339897],0.005,0.1,0.0031042135917704492,0.014734455446482213,0
6.9662792682647705,2.095260439567315,[2.33992455],0.005,0.1,0.002855876506022226,0.014739531844675557,0
6.976130247116089,2.095260439567315,[2.33995156],0.005,0.1,0.0026274063866558333,0.014744575981205436,0
6.987875699996948,2.095260439567315,[2.33997808],0.005,0.1,0.002417213876504136,0.014750458893006298,0
6.9963202476501465,2.095260439567315,[2.34000415],0.005,0.1,0.0022238367669303425,0.01475333924663129,0
7.0063159465789795,2.095260439567315,[2.34002975],0.005,0.1,0.0020459298259584945,0.014758575576270876,0
7.01728892326355,2.095260439567315,[2.34005493],0.005,0.1,0.0018822554401496197,0.01476461539565824,0
7.028253793716431,2.0950650408505784,[2.34007978],0.005,0.1,0.0017316750051251128,0.014803947068839399,0
7.037255048751831,2.095260439567315,[2.34010431],0.005,0.1,0.0015931410048463312,0.014771268833406117,0
7.049278259277344,2.0950650408505784,[2.34012849],0.005,0.1,0.0014656897245504796,0.014812553908486153,0
7.058252811431885,2.0950650408505784,[2.34015237],0.005,0.1,0.0013484345466507417,0.014816727779173873,0
7.0672760009765625,2.0950650408505784,[2.34017603],0.005,0.1,0.0012405597829636896,0.014822266127484487,0
7.078025817871094,2.0950650408505784,[2.34019949],0.005,0.1,0.0011413150003581041,0.014824433106223611,0
7.08530855178833,2.0950650408505784,[2.34022269],0.005,0.1,0.0010500098003515096,0.014827326421206963,0
7.095340967178345,2.0948696421338417,[2.34024554],0.005,0.1,0.0009660090163388273,0.014867160699789916,0
7.10526180267334,2.0948696421338417,[2.34026805],0.005,0.1,0.0008887282950425276,0.01487195959949605,0
7.116814851760864,2.0948696421338417,[2.3402903],0.005,0.1,0.0008176300314466914,0.014878482866281578,0
7.127387523651123,2.0948696421338417,[2.34031241],0.005,0.1,0.0007522196289362513,0.014882110335742913,0
7.13628888130188,2.0948696421338417,[2.34033442],0.005,0.1,0.0006920420586250572,0.014884045148728453,0
7.145263910293579,2.0948696421338417,[2.34035625],0.005,0.1,0.0006366786939376477,0.014888011605559968,0
7.153296232223511,2.0948696421338417,[2.34037786],0.005,0.1,0.0005857443984244517,0.014891960035719881,0
7.164273023605347,2.0948696421338417,[2.34039926],0.005,0.1,0.0005388848465517674,0.01489580767469785,0
7.175747394561768,2.094674243417105,[2.34042046],0.005,0.1,0.0004957740588285155,0.014935076316956914,0
7.186288356781006,2.094674243417105,[2.34044147],0.005,0.1,0.00045611213412285773,0.014939352256787188,0
7.195724964141846,2.094674243417105,[2.34046229],0.005,0.1,0.0004196231633934645,0.014943127847733027,0
7.205266952514648,2.094674243417105,[2.34048295],0.005,0.1,0.00038605331032229317,0.014946817413064103,0
7.217302083969116,2.094674243417105,[2.34050346],0.005,0.1,0.0003551690454967236,0.014951663646861325,0
7.2276551723480225,2.094674243417105,[2.34052388],0.005,0.1,0.0003267555218571356,0.014954775696315042,0
7.237377882003784,2.094674243417105,[2.34054421],0.005,0.1,0.0003006150801086694,0.014958005208950858,0
7.247824668884277,2.094674243417105,[2.34056443],0.005,0.1,0.00027656587370004904,0.01496181037757022,0
7.25896143913269,2.0944788447003684,[2.34058453],0.005,0.1,0.00025444060380409606,0.015000431888798304,0
7.268348932266235,2.0944788447003684,[2.34060449],0.005,0.1,0.00023408535549980454,0.015004315276668817,0
7.278332233428955,2.0944788447003684,[2.34062429],0.005,0.1,0.00021535852705984512,0.01500803974999278,0
7.287295341491699,2.0944788447003684,[2.34064392],0.005,0.1,0.00019812984489507517,0.015011240351698782,0
7.29624080657959,2.0942834459836317,[2.34066333],0.005,0.1,0.00018227945730348155,0.015049215151303403,0
7.3081889152526855,2.0944788447003684,[2.34068248],0.005,0.1,0.00016769710071921155,0.015018912640063347,0
7.318807601928711,2.0942834459836317,[2.34070141],0.005,0.1,0.00015428133266168084,0.015057383115425947,0
7.3262574672698975,2.0942834459836317,[2.34072014],0.005,0.1,0.00014193882604875054,0.015060768941946247,0
7.336272239685059,2.0942834459836317,[2.34073862],0.005,0.1,0.0001305837199648535,0.015063568670730552,0
7.345299243927002,2.0942834459836317,[2.34075683],0.005,0.1,0.00012013702236766735,0.015066979301784751,0
7.353317499160767,2.094088047266895,[2.34077474],0.005,0.1,0.00011052606057825542,0.015106177324269358,0
7.362301588058472,2.094088047266895,[2.34079238],0.005,0.1,0.00010168397573199591,0.015109583745321701,0
7.370305061340332,2.094088047266895,[2.34080972],0.005,0.1,9.354925767343707e-05,0.015111932715772802,0
7.380252361297607,2.094088047266895,[2.34082672],0.005,0.1,8.606531705956279e-05,0.015115399647224501,0
7.3913867473602295,2.094088047266895,[2.34084337],0.005,0.1,7.918009169479803e-05,0.01511865631349747,0
7.400238752365112,2.0938926485501583,[2.34085971],0.005,0.1,-0.27596551399432173,0.015158149615655474,0
7.410260438919067,2.0938926485501583,[2.34087579],0.005,0.1,-0.3090959448105123,0.015161776384142671,0
7.419240474700928,2.0938926485501583,[2.34089164],0.005,0.1,-0.25400404966101636,0.015165482852064444,0
7.429283857345581,2.0938926485501583,[2.34090728],0.005,0.1,-0.17792397703304144,0.015167394156348154,0
7.437244892120361,2.0938926485501583,[2.34092268],0.005,0.1,-0.10740583733191501,0.015169358668790801,0
7.446239948272705,2.0938926485501583,[2.34093777],0.005,0.1,-0.05078821652846496,0.015172618722833885,0
7.456159591674805,2.0938926485501583,[2.34095257],0.005,0.1,-0.00879445216438065,0.015175373596660033,0
7.468386173248291,2.0938926485501583,[2.34096711],0.005,0.1,0.2966555083017056,0.015178573217135942,0
7.479351043701172,2.0936972498334216,[2.34098147],0.005,0.1,0.34930464564577846,0.01521634090315974,0
7.490267992019653,2.0936972498334216,[2.34099567],0.005,0.1,0.30635692610144005,0.01521900368789599,0
7.499240159988403,2.0936972498334216,[2.34100969],0.005,0.1,0.23711080223924014,0.015221457782414734,0
7.5082783699035645,2.0936972498334216,[2.34102354],0.005,0.1,0.1697080260936358,0.015223980567679535,0
7.519254922866821,2.0936972498334216,[2.34103721],0.005,0.1,0.11366883906731648,0.015226103981664695,0
7.527252197265625,2.0936972498334216,[2.34105069],0.005,0.1,0.0705721472035999,0.015228678171467001,0
7.5380988121032715,2.093501851116685,[2.34106398],0.005,0.1,0.03898444446990422,0.015266957861942506,0
7.5488786697387695,2.093501851116685,[2.34107708],0.005,0.1,0.016636486421838716,0.01526972920584113,0
7.559274673461914,2.093501851116685,[2.34108996],0.005,0.1,0.0013102003546165055,0.015271529849960396,0
7.567278861999512,2.093501851116685,[2.34110261],0.005,0.1,-0.008858835386257442,0.015274159633669557,0
7.577153921127319,2.093501851116685,[2.34111503],0.005,0.1,-0.01532881370664599,0.015276890997405063,0
7.585254907608032,2.093501851116685,[2.34112725],0.005,0.1,-0.019194453892284788,0.015278561067993288,0
7.59524130821228,2.0933064523999483,[2.34113926],0.005,0.1,-0.29729505179523624,0.015317192333253885,0
7.608348369598389,2.0933064523999483,[2.34115106],0.005,0.1,-0.3312542921813779,0.015320368202469202,0
7.621551275253296,2.0933064523999483,[2.3411627],0.005,0.1,-0.2761727082675631,0.015322974098153107,0
7.629294395446777,2.0933064523999483,[2.34117419],0.005,0.1,-0.19957140737357662,0.015324260783695342,0
7.640338659286499,2.0931110536832116,[2.34118551],0.005,0.1,-0.12820014789334946,0.015362771536062953,0
7.651661157608032,2.0933064523999483,[2.34119667],0.005,0.1,-0.0705350992748755,0.015329324536529356,0
7.661297559738159,2.0931110536832116,[2.34120769],0.005,0.1,-0.027393388600097962,0.015366762257269285,0
7.67029070854187,2.0931110536832116,[2.34121855],0.005,0.1,0.0032036028918031242,0.015369101414548003,0
7.680288076400757,2.0929156549664754,[2.34122926],0.005,0.1,0.023909323188654786,0.015407111379278875,0
7.6902594566345215,2.0929156549664754,[2.3412398],0.005,0.1,0.037209055426035254,0.015409097584990497,0
7.699304819107056,2.0927202562497382,[2.3412504],0.005,0.1,0.04515060171805127,0.015460126537004962,0
7.712342262268066,2.0925248575330015,[2.34126374],0.005,0.1,-0.2267222485591207,0.016038328639768916,0
7.723272800445557,2.092329458816265,[2.34128261],0.005,0.1,-0.5343188259961995,0.015548817632340782,0
7.7336742877960205,2.092134060099528,[2.34130537],0.005,0.1,-0.5125249082750873,0.015575719661637925,0
7.742077350616455,2.0917432626660553,[2.34132931],0.005,0.1,-0.6586961562594296,0.015644190382735148,0
7.7538886070251465,2.091547863949318,[2.34135251],0.005,0.1,-0.8232752966087895,0.015720545595411344,0
7.766650915145874,2.091157066515845,[2.34137175],0.005,0.1,-0.952632438074002,0.016015203187600083,0
7.775269508361816,2.090961667799108,[2.3413829],0.005,0.1,-1.0346386497632394,0.016247401134413114,0
7.787028551101685,2.0907662690823714,[2.34138202],0.005,0.1,-0.797362658367818,0.016554363088584666,0
7.797969818115234,2.090375471648898,[2.34136548],0.005,0.1,-0.7688302437225343,0.016982921158244985,0
7.8082594871521,2.089984674215425,[2.34132955],0.005,0.1,-0.527670096970048,0.017471124334557914,0
7.8190553188323975,2.089398478065215,[2.34126952],0.005,0.1,-0.25753220719837283,0.019021271734833915,0
7.829134702682495,2.089203079348478,[2.3411799],0.005,0.1,-0.026299296744759726,0.019416775612528168,0
7.838522911071777,2.0890076806317412,[2.34105668],0.005,0.1,0.14878754894319116,0.01988423215331504,0
7.850270509719849,2.0886168831982683,[2.34089732],0.005,0.1,-0.0052949491701120704,0.020366541722295135,0
7.861268758773804,2.088226085764795,[2.34069964],0.005,0.1,0.04000759772283328,0.02088252126244453,0
7.870272636413574,2.0880306870480583,[2.34046188],0.005,0.1,0.14042455402545514,0.02132812363188027,0
7.879986763000488,2.0878352883313216,[2.34018275],0.005,0.1,0.2378240338121883,0.021723022886802897,0
7.888868093490601,2.0874444908978482,[2.33986143],0.005,0.1,0.31289209659558026,0.022111765350180494,0
7.897338390350342,2.087249092181111,[2.33949899],0.005,0.1,0.3627518060159017,0.020518154123491558,0
7.908338785171509,2.087053693464375,[2.33909673],0.005,0.1,0.39066805919126557,0.02320266563513263,0
7.9172937870025635,2.0866628960309015,[2.33865483],0.005,0.1,0.40152641464213945,0.021202616988780874,0
7.930342435836792,2.086272098597428,[2.33817395],0.005,0.1,0.4000107225143542,0.023781702096065723,0
7.941270351409912,2.0860766998806914,[2.33765382],0.005,0.1,0.3899984399003483,0.023448352789905237,0
7.950289964675903,2.085685902447218,[2.33709488],0.005,0.1,0.37447260756764156,0.0231381721300425,0
7.960686206817627,2.0852951050137447,[2.33649833],0.005,0.1,0.35562764907790856,0.024838750357023383,0
7.971278429031372,2.085099706297008,[2.33586598],0.005,0.1,0.33502694228972985,0.021803174207593753,0
7.980238676071167,2.0849043075802713,[2.33520266],0.005,0.1,0.31375469553172997,0.021531219524975113,0
7.9912450313568115,2.084513510146798,[2.33451324],0.005,0.1,0.29254288344108487,0.021153127673750143,0
8.004013776779175,2.084122712713325,[2.3338172],0.005,0.1,0.2718702610092587,0.021439715952286862,0
8.016491413116455,2.0837319152798512,[2.33313975],0.005,0.1,0.2520366127775085,0.017013708101805743,0
8.025265455245972,2.0835365165631146,[2.33248221],0.005,0.1,0.23321706804888542,0.01569056415392084,0
8.03528881072998,2.0831457191296416,[2.33184303],0.005,0.1,0.21550117333011715,0.015525711512021109,0
8.045296430587769,2.0827549216961683,[2.33122907],0.005,0.1,-0.0771176998475549,0.015462186022750237,0
8.053335428237915,2.0825595229794316,[2.33064406],0.005,0.1,-0.12569397410837652,0.015379608708688035,0
8.062264919281006,2.082364124262695,[2.3300905],0.005,0.1,0.19108764795956037,0.01530704508738171,0
8.073100805282593,2.082168725545958,[2.32957015],0.005,0.1,0.28699459299825597,0.015243468731218832,0
8.08310842514038,2.0817779281124844,[2.32908408],0.005,0.1,0.2901136373602017,0.01522256481649055,0
8.09420394897461,2.0813871306790115,[2.32863281],0.005,0.1,0.25928099562714213,0.015209888051244312,0
8.104254245758057,2.081191731962275,[2.32821632],0.005,0.1,0.22026274095324735,0.015168086755729136,0
8.112815141677856,2.080996333245538,[2.32783419],0.005,0.1,0.18337903440900355,0.015132565430084231,0
8.123282194137573,2.0806055358120648,[2.32748566],0.005,0.1,0.1519900081930072,0.015139482788186071,0
8.134251832962036,2.0802147383785914,[2.3271697],0.005,0.1,0.12651030392542972,0.015152613045044522,0
8.14618968963623,2.0800193396618547,[2.32688508],0.005,0.1,0.10625642148897639,0.015136540222356642,0
8.156980752944946,2.0796285422283813,[2.32663024],0.005,0.1,0.09025841428720666,0.01516128523058778,0
8.166293859481812,2.0794331435116447,[2.32640349],0.005,0.1,0.07758731930789123,0.015155690394166813,0
8.175618886947632,2.0790423460781713,[2.3262032],0.005,0.1,0.0674639502785826,0.015190705610083807,0
8.184847593307495,2.0786515486446984,[2.32602767],0.005,0.1,0.059274821717403045,0.015230838493864623,0
8.194265842437744,2.0784561499279612,[2.32587513],0.005,0.1,0.05255315515297444,0.015239361048121318,0
8.202264547348022,2.0782607512112246,[2.3257438],0.005,0.1,0.04695049013690495,0.015251435481016044,0
8.212970495223999,2.078065352494488,[2.32563191],0.005,0.1,0.042209244090821635,0.01526735257022956,0
8.221891641616821,2.077674555061015,[2.32553774],0.005,0.1,0.03813970077273714,0.01532262383418647,0
8.22925329208374,2.077479156344278,[2.32545964],0.005,0.1,0.03460198255422687,0.015345179791242345,0
8.242271900177002,2.077088358910805,[2.325396],0.005,0.1,0.03149245468865344,0.015406201409391902,0
8.252262353897095,2.076697561477331,[2.32534531],0.005,0.1,0.02873370495491745,0.015470997601513974,0
8.263435363769531,2.076502162760595,[2.32530613],0.005,0.1,0.026267263769580197,0.015500086591154986,0
8.27326488494873,2.076111365327121,[2.3252771],0.005,0.1,0.02404836259681395,0.015568453773388948,0
8.281227350234985,2.075915966610385,[2.32525691],0.005,0.1,0.022042180179753332,0.01560206461846117,0
8.290259838104248,2.0755251691769114,[2.32524439],0.005,0.1,0.020221161699115264,0.015673215299525124,0
8.299906253814697,2.0753297704601747,[2.32523843],0.005,0.1,0.01856310557693792,0.01570952821612878,0
8.309225082397461,2.0749389730267014,[2.32523801],0.005,0.1,0.017049796730476637,0.01578345201267895,0
8.321242570877075,2.074548175593228,[2.32524038],0.005,0.1,-0.2603723320518238,0.016062939657332593,0
8.329231023788452,2.0743527768764913,[2.32524159],0.005,0.1,-0.29476406872152655,0.01594398694493379,0
8.338244676589966,2.0741573781597546,[2.32524015],0.005,0.1,-0.24082842033906787,0.015969937943400517,0
8.350246667861938,2.0737665807262813,[2.3252352],0.005,0.1,-0.16580918611841658,0.01616175209114011,0
8.360130310058594,2.073375783292808,[2.3252241],0.005,0.1,-0.09626498152636145,0.016381929404522322,0
8.370264053344727,2.0731803845760712,[2.32520366],0.005,0.1,-0.04054195556889372,0.016622536727857885,0
8.379924535751343,2.072789587142598,[2.32517067],0.005,0.1,0.0006297794031408545,0.016979063877341626,0
8.390260934829712,2.0723987897091245,[2.32512177],0.005,0.1,0.3053241713590329,0.01742358969817056,0
8.400226354598999,2.0722033909923883,[2.32505344],0.005,0.1,0.35727867465711227,0.017915696936306246,0
8.412249565124512,2.0718125935589145,[2.32496104],0.005,0.1,0.3136922340848569,0.01956358123015682,0
8.423107624053955,2.071421796125441,[2.32483897],0.005,0.1,0.2438587264860631,0.02009642288961641,0
8.4343740940094,2.0712263974087044,[2.32468307],0.005,0.1,0.1759157250306618,0.02059850563767649,0
8.444069147109985,2.070835599975231,[2.32449068],0.005,0.1,0.11937964812958615,0.021169947082184955,0
8.454267501831055,2.070444802541758,[2.32425957],0.005,0.1,0.07582589976866208,0.021696248802004152,0
8.464259147644043,2.0700540051082847,[2.32398805],0.005,0.1,0.043817762589010135,0.02211526465230565,0
8.473940134048462,2.0698586063915476,[2.32367507],0.005,0.1,0.02108304512279754,0.022392670430685196,0
8.484254121780396,2.069663207674811,[2.32332163],0.005,0.1,0.005400968581422767,0.02074179394867728,0
8.493524551391602,2.069272410241338,[2.32293053],0.005,0.1,-0.005095374662275742,0.02123658036636998,0
8.50324821472168,2.068686214091128,[2.3225036],0.005,0.1,-0.28790482175055654,0.021497392259460325,0
8.516599655151367,2.0684908153743913,[2.32204075],0.005,0.1,-0.32517207579032315,0.023050632670137815,0
8.526320695877075,2.068100017940918,[2.3215418],0.005,0.1,-0.27239190049143613,0.02221384149331713,0
8.53422999382019,2.0679046192241812,[2.32102275],0.005,0.1,-0.19737598344639093,0.01969749104593923,0
8.545095443725586,2.067513821790708,[2.32050726],0.005,0.1,-0.12708466999628037,0.017193308497909995,0
8.553964138031006,2.067318423073971,[2.31999793],0.005,0.1,-0.07014501241930857,0.01668544846271622,0
8.562030553817749,2.0671230243572345,[2.31949365],0.005,0.1,0.2485569768546041,0.016191504932658012,0
8.5732102394104,2.066732226923761,[2.31900225],0.005,0.1,0.3119720155719494,0.01616121962717372,0
8.581969976425171,2.0663414294902878,[2.31852893],0.005,0.1,0.2773921346669181,0.01614610608035445,0
8.591253995895386,2.066146030773551,[2.31807649],0.005,0.1,0.21449936139943904,0.016094265277514747,0
8.60243272781372,2.0657552333400777,[2.31764696],0.005,0.1,0.15186547137527662,0.01609046006805452,0
8.610281944274902,2.065559834623341,[2.31724168],0.005,0.1,0.0993929952035493,0.016046647777963472,0
8.620921611785889,2.0651690371898677,[2.31685936],0.005,0.1,0.05896954882249377,0.016552495531288014,0
8.630265712738037,2.064973638473131,[2.31648986],0.005,0.1,0.029398710260567056,0.021897405546562967,0
8.642839670181274,2.064387442322921,[2.31612224],0.005,0.1,0.008588086220035545,0.01728197695212408,0
8.65127444267273,2.0641920436061842,[2.31575769],0.005,0.1,-0.005550787211545728,0.01688002013450061,0
8.665268182754517,2.063801246172711,[2.31539751],0.005,0.1,-0.014788361548505647,0.018878783850093894,0
8.673744678497314,2.063410448739238,[2.31503577],0.005,0.1,-0.02051511811438947,0.019056813836503816,0
8.681231498718262,2.063215050022501,[2.31466875],0.005,0.1,-0.02377712619310223,0.018248434209124337,0
8.692257404327393,2.062824252589028,[2.3142957],0.005,0.1,-0.02534037820966868,0.018836800446900476,0
8.701236009597778,2.0626288538722912,[2.31391438],0.005,0.1,-0.025755528352561,0.01947226133599281,0
8.711719512939453,2.0622380564388174,[2.31351973],0.005,0.1,-0.02541304482475475,0.022128198165938424,0
8.721821784973145,2.062042657722081,[2.31310529],0.005,0.1,-0.02458671858736533,0.02263906792553016,0
8.730250358581543,2.061651860288608,[2.31266783],0.005,0.1,-0.02346655635954614,0.02099090931024332,0
8.743236064910889,2.0612610628551344,[2.31220546],0.005,0.1,-0.022183011089781754,0.024921376862016165,0
8.752240657806396,2.0610656641383978,[2.31171473],0.005,0.1,-0.02082453394868615,0.02257757375527211,0
8.762242555618286,2.0604794679881877,[2.31119433],0.005,0.1,-0.01945014499444874,0.023913981087084927,0
8.772547721862793,2.0600886705547143,[2.31064107],0.005,0.1,-0.2941367242764326,0.028663851907923053,0
8.783239603042603,2.0598932718379777,[2.3100487],0.005,0.1,-0.3259564848969021,0.02860064924350396,0
8.791250467300415,2.059697873121241,[2.30941595],0.005,0.1,-0.2696158975717092,0.024842335105782546,0
8.802236557006836,2.059307075687768,[2.30874605],0.005,0.1,-0.19235699902894168,0.025677581561610485,0
8.810226678848267,2.0591116769710314,[2.30804045],0.005,0.1,-0.12073331100889803,0.026146477626155018,0
8.822216987609863,2.0587208795375576,[2.30729741],0.005,0.1,-0.0630838617688694,0.02991486886068724,0
8.831536293029785,2.058330082104084,[2.30651465],0.005,0.1,-0.020130506430381747,0.0285080993884375,0
8.840986490249634,2.058134683387348,[2.30569308],0.005,0.1,0.010171135234655846,0.027159171023076398,0
8.85123324394226,2.057743885953874,[2.30483643],0.005,0.1,0.030519559557672164,0.02590531756788091,0
8.861231088638306,2.0573530885204008,[2.30395213],0.005,0.1,0.04343061256049501,0.019888482473641035,0
8.869239330291748,2.057157689803664,[2.30306537],0.005,0.1,0.050972564576952775,0.018957040406014668,0
8.878682374954224,2.0567668923701907,[2.30220791],0.005,0.1,0.054741024417748745,0.014939589048164685,0
8.8892343044281,2.056376094936718,[2.30138596],0.005,0.1,0.05592152011521849,0.015616606077525259,0
8.899238348007202,2.0559852975032444,[2.30059431],0.005,0.1,-0.2206650207440482,0.014798392023519492,0
8.909252166748047,2.0557898987865078,[2.29983702],0.005,0.1,-0.25545476468371264,0.01467415891810671,0
8.917242527008057,2.0555945000697706,[2.29911886],0.005,0.1,-0.2027104314905201,0.014582514821667537,0
8.927838802337646,2.0552037026362977,[2.29844175],0.005,0.1,-0.12936902358937544,0.014528019665531062,0
8.938503503799438,2.0548129052028243,[2.29780677],0.005,0.1,-0.06177779685040746,0.014480522179530383,0
8.946237802505493,2.0546175064860877,[2.29721438],0.005,0.1,0.26789923171481433,0.014406902026714451,0
8.956274032592773,2.0542267090526143,[2.2966646],0.005,0.1,0.3400761025814435,0.014359647615695971,0
8.966296672821045,2.0540313103358776,[2.29615712],0.005,0.1,0.31154340397348457,0.014304429115520352,0
8.974896907806396,2.0536405129024042,[2.29569104],0.005,0.1,0.25226491588254346,0.014289733020715378,0
8.982398271560669,2.0534451141856676,[2.29526507],0.005,0.1,0.19132201732476997,0.014239056572562029,0
8.993104457855225,2.053054316752194,[2.29487775],0.005,0.1,0.1391264651147518,0.014240137303748953,0
9.003231525421143,2.0528589180354575,[2.29452728],0.005,0.1,0.09799519576723933,0.01421187880506534,0
9.013254404067993,2.052468120601984,[2.29421161],0.005,0.1,0.06706562432827609,0.014223658565823083,0
9.02270793914795,2.0522727218852475,[2.29392853],0.005,0.1,0.044492830697328366,0.014212843563802775,0
9.031262874603271,2.0520773231685108,[2.29367579],0.005,0.1,0.028365836342077927,0.014193060634243884,0
9.04122519493103,2.0516865257350374,[2.29345134],0.005,0.1,0.017038128244986753,0.014220484233542635,0
9.05326509475708,2.0514911270183007,[2.29325304],0.005,0.1,0.00920359732253659,0.01422329243421144,0
9.066258907318115,2.0511003295848274,[2.29307854],0.005,0.1,0.0038719871577107177,0.014261556048238349,0
9.078442811965942,2.0507095321513544,[2.29292559],0.005,0.1,0.00031285956226778547,0.01430108475081953,0
9.088274002075195,2.0503187347178806,[2.2927922],0.005,0.1,-0.002003048717446887,0.014343770016422366,0
9.099217176437378,2.050123336001144,[2.29267653],0.005,0.1,0.2725837784589441,0.014357085830792767,0
9.11320686340332,2.049732538567671,[2.29257681],0.005,0.1,0.30485242426849163,0.014409173274145674,0
9.12422490119934,2.0493417411341976,[2.29249129],0.005,0.1,0.24930534388287898,0.014462253255494,0
9.134448289871216,2.0489509437007243,[2.29241845],0.005,0.1,0.17304388080909822,0.014517219021788458,0
9.143274068832397,2.0487555449839876,[2.29235699],0.005,0.1,0.10252553792403996,0.014541401418162687,0
9.15323281288147,2.048560146267251,[2.29230561],0.005,0.1,0.04602465843281636,0.014567178977057178,0
9.162260055541992,2.048169348833777,[2.29226305],0.005,0.1,0.004220273356552697,0.014629496715649537,0
9.173755407333374,2.047778551400304,[2.29222813],0.005,0.1,-0.02495965063388847,0.014693774298114535,0
9.184325933456421,2.0475831526835675,[2.29219982],0.005,0.1,-0.04423079678890129,0.014724392895616872,0
9.19395923614502,2.047192355250094,[2.29217714],0.005,0.1,-0.05611902914998515,0.014791040395843882,0
9.202768802642822,2.0469969565333574,[2.29215927],0.005,0.1,-0.06269777077102097,0.014823812559555019,0
9.211829662322998,2.0468015578166208,[2.29214544],0.005,0.1,-0.0655645222165086,0.014857051909607075,0
9.224375247955322,2.0462153616664107,[2.29213495],0.005,0.1,-0.06590455578423324,0.014961523590901115,0
9.234257221221924,2.046019962949674,[2.29212713],0.005,0.1,-0.0645755251480358,0.01499690522023895,0
9.243360042572021,2.0458245642329373,[2.29212147],0.005,0.1,-0.06218666535728326,0.015032291112947474,0
9.251309633255005,2.0456291655162007,[2.29211755],0.005,0.1,-0.059164183954713054,0.015068246869186262,0
9.261207580566406,2.0452383680827277,[2.29211503],0.005,0.1,-0.05580197765217246,0.015139908239814237,0
9.271296501159668,2.044847570649254,[2.2921136],0.005,0.1,-0.05229957539749742,0.015212347521533364,0
9.28005838394165,2.0446521719325172,[2.29211299],0.005,0.1,-0.04878989156985421,0.015249138956326597,0
9.290217161178589,2.044261374499044,[2.29211296],0.005,0.1,-0.045359224304125485,0.015321910339541287,0
9.29821515083313,2.0440659757823076,[2.29211335],0.005,0.1,-0.04206151646017421,0.01535949307848092,0
9.30918025970459,2.043675178348834,[2.29211401],0.005,0.1,-0.03892844784286628,0.015432418007062793,0
9.322248458862305,2.043284380915361,[2.2921148],0.005,0.1,-0.035976534719709075,0.015505287476783577,0
9.3307363986969,2.043088982198624,[2.29211558],0.005,0.1,-0.033212098742430946,0.015543485728367503,0
9.339210510253906,2.0426981847651504,[2.29211629],0.005,0.1,-0.30667308773558305,0.015618276771224016,0
9.35425090789795,2.0423073873316775,[2.2921169],0.005,0.1,-0.3374026389290101,0.015692273042314867,0
9.366233587265015,2.041916589898204,[2.29211735],0.005,0.1,-0.28008522075701836,0.01576696832471098,0
9.377650737762451,2.0415257924647303,[2.29211761],0.005,0.1,-0.2019459652529617,0.015841481364115572,0
9.386356830596924,2.041330393747994,[2.29211765],0.005,0.1,-0.12952518509071295,0.015879910826791147,0
9.399552822113037,2.040744197597784,[2.29211747],0.005,0.1,-0.0711513999982654,0.015990100874778902,0
9.408175945281982,2.0405487988810473,[2.29211702],0.005,0.1,-0.02753794968587771,0.01602884540292725,0
9.416661024093628,2.0403534001643107,[2.29211632],0.005,0.1,0.0033665726642016173,0.01606750239639813,0
9.427295923233032,2.0399626027308373,[2.29211544],0.005,0.1,0.02426656209193563,0.016142775108307264,0
9.43525218963623,2.0397672040141006,[2.29211442],0.005,0.1,0.03768289518230662,0.016180805255410467,0
9.445218324661255,2.0393764065806272,[2.29211331],0.005,0.1,0.045688192902683764,0.01625686911302553,0
9.45723581314087,2.038985609147154,[2.2921122],0.005,0.1,0.04988187235221775,0.016333456132816795,0
9.46623182296753,2.038594811713681,[2.29211115],0.005,0.1,0.05145282915490593,0.016409577230200378,0
9.475215435028076,2.0383994129969443,[2.29211022],0.005,0.1,0.051263353522934055,0.016448484721695012,0
9.484859466552734,2.038008615563471,[2.29210949],0.005,0.1,0.049927858774809056,0.01652575696763397,0
9.497629165649414,2.037617818129997,[2.29210903],0.005,0.1,0.04787795556812146,0.016602673000821074,0
9.507031440734863,2.037422419413261,[2.29210891],0.005,0.1,0.045412958980235535,0.016642251015864175,0
9.516701221466064,2.037031621979787,[2.29210921],0.005,0.1,0.042737696167538,0.01672057040802029,0
9.52521562576294,2.036836223263051,[2.29210999],0.005,0.1,0.03999017521084777,0.016759581966445763,0
9.534247398376465,2.0364454258295774,[2.29211128],0.005,0.1,0.037261534011040987,0.016835576873391885,0
9.544227361679077,2.0362500271128408,[2.29211306],0.005,0.1,0.03461027551277547,0.01687535405210903,0
9.5542151927948,2.035859229679367,[2.29211531],0.005,0.1,0.03207235005292773,0.01695277879710527,0
9.56321382522583,2.0356638309626307,[2.29211802],0.005,0.1,0.029668255468185193,0.01699290722352215,0
9.573054552078247,2.0352730335291573,[2.29212138],0.005,0.1,0.02740801333070753,0.017089833958095234,0
9.583800077438354,2.0350776348124207,[2.29212616],0.005,0.1,0.025294641527401414,0.017182050125425247,0
9.594640016555786,2.0346868373789473,[2.29213291],0.005,0.1,0.023326566915997042,0.017198684083425127,0
9.60669732093811,2.034296039945474,[2.29214105],0.005,0.1,0.021499293373564918,0.01726930862344698,0
9.617242574691772,2.0339052425120006,[2.29214964],0.005,0.1,0.019806548227917838,0.017339863357429673,0
9.627246618270874,2.033709843795264,[2.29215782],0.005,0.1,0.018241064224972018,0.017377974296226062,0
9.638030767440796,2.0333190463617905,[2.2921645],0.005,0.1,0.016795107499837286,0.01746408716712332,0
9.650256156921387,2.032928248928317,[2.2921684],0.005,0.1,0.01546082904593591,0.017564172448294252,0
9.660722255706787,2.0325374514948438,[2.29216767],0.005,0.1,0.014230493953063372,0.01775301775776725,0
9.670207738876343,2.032342052778107,[2.29216024],0.005,0.1,0.013096626362645518,0.01778042360391963,0
9.681999683380127,2.0321466540613704,[2.29214406],0.005,0.1,0.012052096633853416,0.01809168561574109,0
9.691208362579346,2.031755856627897,[2.29211694],0.005,0.1,0.01109016918536199,0.0181036747458422,0
9.701070547103882,2.0311696604776874,[2.29207648],0.005,0.1,0.010204523856122447,0.0187763314330741,0
9.709227085113525,2.0309742617609507,[2.29202088],0.005,0.1,0.009389259695559048,0.01881213254728383,0
9.71921181678772,2.0307788630442136,[2.29195055],0.005,0.1,0.00863888734547409,0.018669936760203728,0
9.730222225189209,2.0303880656107403,[2.29186556],0.005,0.1,0.28398667393541593,0.019118824116451046,0
9.740228652954102,2.0299972681772673,[2.29176351],0.005,0.1,0.31647578848604474,0.019617059953403106,0
9.748196601867676,2.0298018694605307,[2.29164123],0.005,0.1,0.2607937694135671,0.020125237430146548,0
9.761208057403564,2.0294110720270573,[2.29149458],0.005,0.1,0.18417070370525632,0.021814737685363104,0
9.769237518310547,2.0292156733103206,[2.29131869],0.005,0.1,0.11315295502032134,0.02213036648297103,0
9.78123164176941,2.0288248758768472,[2.29111027],0.005,0.1,0.05607565520680785,0.02251217640039763,0
9.790297746658325,2.028434078443374,[2.2908676],0.005,0.1,0.013658959031982235,0.022903015043770503,0
9.80024266242981,2.028238679726637,[2.29058933],0.005,0.1,-0.2921801176850393,0.023161517445718708,0
9.812485933303833,2.027847882293164,[2.29027333],0.005,0.1,-0.34518725526951244,0.025356310148797467,0
9.82096529006958,2.027652483576427,[2.28991679],0.005,0.1,-0.02653054557033782,0.025058921803459942,0
9.830263137817383,2.027066287426217,[2.28951902],0.005,0.1,-0.2005012046991882,0.024871395026377602,0
9.840198040008545,2.0266754899927437,[2.28908118],0.005,0.1,-0.22159907722111094,0.024743823138468225,0
9.848224639892578,2.026480091276007,[2.28860474],0.005,0.1,-0.18680412774978933,0.02458063579196603,0
9.861277103424072,2.0260892938425337,[2.28809016],0.005,0.1,-0.13838108046319147,0.0265399441161173,0
9.87012529373169,2.025893895125797,[2.28753841],0.005,0.1,-0.09310959169896749,0.02373989928953604,0
9.88008737564087,2.0255030976923236,[2.28695336],0.005,0.1,-0.05633717254377012,0.023824007873125455,0
9.890262365341187,2.0251123002588503,[2.28633999],0.005,0.1,-0.028612167371633645,0.022171269790964503,0
9.901916027069092,2.024721502825377,[2.28570146],0.005,0.1,-0.008724834476293113,0.024543444358918084,0
9.911177158355713,2.024330705391904,[2.28503815],0.005,0.1,0.004964872709517272,0.024384286529870652,0
9.922233581542969,2.024135306675167,[2.28435073],0.005,0.1,0.013998321579044529,0.02416359542892345,0
9.932009220123291,2.0237445092416935,[2.2836402],0.005,0.1,0.019648120126572167,0.025995726525759214,0
9.941269636154175,2.023549110524957,[2.28290652],0.005,0.1,0.022899144104862885,0.025136785267745737,0
9.954799175262451,2.0227675156580105,[2.28215005],0.005,0.1,0.024485278386726966,0.026717731186827312,0
9.96426272392273,2.022376718224537,[2.28137271],0.005,0.1,0.024940129332143013,0.02357661151431444,0
9.973059177398682,2.0221813195078004,[2.28057902],0.005,0.1,0.024645003811611353,0.0232905510212882,0
9.984235525131226,2.0217905220743266,[2.27977307],0.005,0.1,0.02386871967220622,0.023091889584168527,0
9.993571281433105,2.0213997246408537,[2.27895728],0.005,0.1,0.022798571807946824,0.022892484108525547,0
10.005235195159912,2.021204325924117,[2.27813391],0.005,0.1,0.021563545056792435,0.022680444414163912,0
10.013209819793701,2.0208135284906437,[2.27730498],0.005,0.1,0.020251319846098827,0.022516438051184536,0
10.025619983673096,2.0204227310571703,[2.27647106],0.005,0.1,0.018920543683316974,0.024199497124918184,0
10.035285234451294,2.020031933623697,[2.27563271],0.005,0.1,0.017609595060686246,0.021786690685777644,0
10.04688835144043,2.0196411361902236,[2.27479159],0.005,0.1,0.016342796003553914,0.023635740564031726,0
10.05612564086914,2.019445737473487,[2.2739478],0.005,0.1,0.015134791375330598,0.023156883442188712,0
10.067228555679321,2.0190549400400135,[2.27310128],0.005,0.1,0.013993621936066531,0.022871930806372363,0
10.076752424240112,2.01866414260654,[2.2722531],0.005,0.1,0.012922872157879305,0.022729659118167933,0
10.08730173110962,2.0184687438898035,[2.27140396],0.005,0.1,0.011923165502522544,0.02264122458197058,0
10.097273111343384,2.01807794645633,[2.2705542],0.005,0.1,0.01099320101120263,0.02271092917505525,0
10.108069896697998,2.0176871490228567,[2.26970379],0.005,0.1,0.010130468337917461,0.022876464348159216,0
10.120263576507568,2.017296351589384,[2.26885081],0.005,0.1,0.009331737897907423,0.025692337180271155,0
10.12822937965393,2.0169055541559104,[2.26799325],0.005,0.1,0.00859339410583878,0.02276348121311546,0
10.138965129852295,2.0167101554391738,[2.2671321],0.005,0.1,0.007911659405635025,0.023254988505153413,0
10.150301694869995,2.0163193580057,[2.26626778],0.005,0.1,0.007282742513181822,0.023850242195846128,0
10.160200834274292,2.015928560572227,[2.2653987],0.005,0.1,0.006702934254228269,0.02446015600039219,0
10.171185970306396,2.0157331618554903,[2.26452309],0.005,0.1,0.006168667333415162,0.025042105311183973,0
10.180188179016113,2.015342364422017,[2.26363904],0.005,0.1,0.005676551430434908,0.02566992511574025,0
10.189224243164062,2.0151469657052803,[2.2627446],0.005,0.1,0.005223391559600364,0.026283731438613837,0
10.19889211654663,2.014756168271807,[2.26183776],0.005,0.1,0.004806195207858013,0.026955634694123473,0
10.20829463005066,2.0145607695550702,[2.2609165],0.005,0.1,0.004422172073600312,0.02759595847378895,0
10.219212055206299,2.01397457340486,[2.25997885],0.005,0.1,0.004068729045999675,0.0283024810469538,0
10.229222774505615,2.0137791746881235,[2.25902294],0.005,0.1,0.0037434622394328606,0.028941995585179712,0
10.239222764968872,2.013583775971387,[2.25804699],0.005,0.1,0.0034441473224146903,0.029496110256853166,0
10.248914003372192,2.0131929785379135,[2.25704941],0.005,0.1,0.003168728980197948,0.030146249966515083,0
10.257218360900879,2.0129975798211768,[2.25603099],0.005,0.1,0.0029153100723187846,0.025905869537971273,0
10.26633358001709,2.0126067823877034,[2.25499466],0.005,0.1,0.0026821408539317833,0.02757533558341903,0
10.275192022323608,2.01221598495423,[2.25394064],0.005,0.1,0.002467608496806148,0.029025758145011724,0
10.285195350646973,2.0120205862374934,[2.2528668],0.005,0.1,0.0022702270548988716,0.0301438416319803,0
10.295451402664185,2.0116297888040204,[2.2517689],0.005,0.1,0.0020886279569965432,0.037219443963416206,0
10.30419373512268,2.0114343900872833,[2.25064341],0.005,0.1,0.0019215510669827488,0.030167306234148882,0
10.313241243362427,2.01104359265381,[2.24949228],0.005,0.1,0.0017678363242049759,0.03118394537764024,0
10.321211338043213,2.0108481939370733,[2.24831726],0.005,0.1,0.0016264159580743106,0.032005092337798954,0
10.3302903175354,2.0104573965036003,[2.24712003],0.005,0.1,0.0014963072592886191,0.027005350037184506,0
10.340057373046875,2.0102619977868637,[2.2459046],0.005,0.1,0.001376605883053736,0.028885983619554273,0
10.353214502334595,2.009675801636653,[2.24466951],0.005,0.1,0.0012664796555602864,0.03687411691530749,0
10.362237215042114,2.0094804029199165,[2.24340862],0.005,0.1,0.001165162853326937,0.03602017598682908,0
10.371315002441406,2.0092850042031802,[2.24212208],0.005,0.1,0.0010719509242046758,0.029218212041798218,0
10.381927967071533,2.00869880805297,[2.2408128],0.005,0.1,-0.27505216405900634,0.03674904811466517,0
10.392232656478882,2.008308010619497,[2.23948117],0.005,0.1,-0.30825566233144375,0.029333051854323815,0
10.404068946838379,2.00811261190276,[2.23812794],0.005,0.1,-0.25323098940326283,0.03650502996717033,0
10.417219400405884,2.0077218144692868,[2.23674878],0.005,0.1,0.09882559834667423,0.043239627157242375,0
10.428577661514282,2.0073310170358134,[2.23533453],0.005,0.1,0.20241144413788847,0.04924043400838493,0
10.440587759017944,2.0067448208856034,[2.23387959],0.005,0.1,0.2038794629884113,0.045267167824765614,0
10.450221538543701,2.0065494221688667,[2.23238721],0.005,0.1,0.16974006442657452,0.03468395869579307,0
10.458707332611084,2.0061586247353933,[2.23086555],0.005,0.1,0.12858468241158574,0.03565926078018441,0
10.467007875442505,2.00576782730192,[2.22931843],0.005,0.1,-0.18459169956008786,0.03689981874366329,0
10.475194931030273,2.0055724285851833,[2.22774893],0.005,0.1,-0.24760187086979954,0.03009790080269854,0
10.486842155456543,2.00518163115171,[2.22615888],0.005,0.1,-0.21511536734707332,0.04310171125961554,0
10.496251344680786,2.004790833718237,[2.22454255],0.005,0.1,-0.15546998578945623,0.044650511763434035,0
10.5042142868042,2.0045954350015,[2.22289781],0.005,0.1,-0.09654642817107884,0.03571774716569017,0
10.514233112335205,2.0042046375680265,[2.22122888],0.005,0.1,-0.04789221667057447,0.04040931999371457,0
10.524196863174438,2.00400923885129,[2.21953084],0.005,0.1,-0.011214328205068885,0.05889913944931018,0
10.53618311882019,2.003618441417817,[2.21779078],0.005,0.1,0.014772957373176089,0.06038180223068988,0
10.547088384628296,2.003032245267607,[2.21600057],0.005,0.1,0.03220300907337547,0.062380662716298524,0
10.557034730911255,2.00283684655087,[2.21415653],0.005,0.1,0.043179485532933784,0.06486080657836049,0
10.568287134170532,2.0024460491173963,[2.21225496],0.005,0.1,0.04947422641128725,0.06755195233506048,0
10.578253269195557,2.0018598529671867,[2.21029233],0.005,0.1,0.05247175694867265,0.07041777483355284,0
10.588245868682861,2.0014690555337133,[2.20826547],0.005,0.1,0.053208393870780316,0.07296121749825939,0
10.60161828994751,2.00107825810024,[2.20616674],0.005,0.1,0.05243856130711597,0.09783682938096656,0
10.609239339828491,2.0008828593835033,[2.20399008],0.005,0.1,0.3267390106991264,0.07077340616606394,0
10.621121168136597,2.00049206195003,[2.20173592],0.005,0.1,0.3575357776893138,0.09568651181116497,0
10.630264043807983,2.0002966632332932,[2.19940552],0.005,0.1,0.29978254388570147,0.06903192843930554,0
10.640179872512817,2.0001012645165566,[2.19700599],0.005,0.1,0.22089193372254917,0.07105325329024917,0
10.650237560272217,1.9997104670830832,[2.19454449],0.005,0.1,0.4235719607766337,0.07214896188457781,0
10.660230875015259,1.9995150683663467,[2.19202316],0.005,0.1,0.39728730466639034,0.07226482400062574,0
10.669221639633179,1.99931966964961,[2.18944476],0.005,0.1,0.29750265758218486,0.07217526087612021,0
10.679300785064697,1.999124270932873,[2.18681232],0.005,0.1,0.46547842413805035,0.0718118497537389,0
10.690196514129639,1.9987334734993998,[2.1841295],0.005,0.1,0.4061335474720742,0.06948616915838621,0
10.70122218132019,1.9983426760659266,[2.18140103],0.005,0.1,0.2799933476855321,0.06729666673150224,0
10.714212656021118,1.9981472773491897,[2.17862266],0.005,0.1,0.1529517716413869,0.10566650488840182,0
10.725348234176636,1.9977564799157166,[2.1757823],0.005,0.1,0.04792243063098435,0.09018021184966167,0
10.73521614074707,1.99756108119898,[2.17288479],0.005,0.1,-0.03063846507415103,0.06164011051129361,0
10.745951652526855,1.9973656824822434,[2.16994468],0.005,0.1,-0.08538228962612504,0.0762051994164315,0
10.758491516113281,1.9969748850487696,[2.16696604],0.005,0.1,-0.12103110312638862,0.06887164126415106,0
10.77028203010559,1.9965840876152965,[2.16395305],0.005,0.1,-0.14230567526543753,0.06326061225904661,0
10.779297590255737,1.9963886888985598,[2.16091443],0.005,0.1,-0.15320190487657337,0.05893727079272007,0
10.788333177566528,1.9961932901818233,[2.15785804],0.005,0.1,-0.15684760170908194,0.05566539911590417,0
10.797521829605103,1.9959978914650867,[2.15479082],0.005,0.1,-0.15558377336818566,0.05308811624878214,0
10.80721640586853,1.995607094031613,[2.1517188],0.005,0.1,-0.15111220002580997,0.05109577057393979,0
10.81866455078125,1.9954116953148764,[2.14864261],0.005,0.1,-0.1446439853276964,0.06391530894425156,0
10.826216697692871,1.9952162965981397,[2.1455672],0.005,0.1,-0.13702608508174868,0.06269364127903695,0
10.8357515335083,1.9948254991646663,[2.14250998],0.005,0.1,-0.12884107411514406,0.05698447818824407,0
10.846718788146973,1.9946301004479299,[2.13947613],0.005,0.1,-0.12048251269076002,0.06793152424262436,0
10.857222318649292,1.9942393030144565,[2.13645584],0.005,0.1,-0.3882487642159929,0.06067889635493362,0
10.86632776260376,1.99404390429772,[2.1334493],0.005,0.1,-0.41335427287193827,0.04223571415095891,0
10.874276161193848,1.9938485055809834,[2.13046994],0.005,0.1,-0.3505927244048844,0.03129744593195396,0
10.883233547210693,1.9934577081475098,[2.12752835],0.005,0.1,-0.26725556506010134,0.03531474710128091,0
10.893548488616943,1.9930669107140364,[2.12462293],0.005,0.1,-0.1899200525074803,0.0385969669558799,0
10.902867794036865,1.9928715119973,[2.12174633],0.005,0.1,-0.12693177697684327,0.04123483846074551,0
10.91555643081665,1.992676113280563,[2.11888572],0.005,0.1,-0.07900790279438341,0.05831264031702895,0
10.927176237106323,1.99228531584709,[2.1160182],0.005,0.1,-0.3201305667858557,0.07321743702270686,0
10.939286231994629,1.9918945184136163,[2.1131229],0.005,0.1,-0.32863298343083525,0.06709299773683888,0
10.94722056388855,1.991503720980143,[2.11019735],0.005,0.1,-0.256672625466537,0.0474352405800485,0
10.956945657730103,1.9913083222634063,[2.10725006],0.005,0.1,-0.16939565058566358,0.04862142969864574,0
10.96813154220581,1.9909175248299331,[2.10427682],0.005,0.1,-0.0917366024779935,0.06671665267271255,0
10.979242324829102,1.9905267273964597,[2.10126231],0.005,0.1,-0.030828906702014477,0.0628752092203559,0
10.988214492797852,1.9903313286797228,[2.09819907],0.005,0.1,0.013482338306149387,0.05971422295681252,0
10.997217178344727,1.9899405312462497,[2.0950868],0.005,0.1,0.043868601555852677,0.05724864663293114,0
11.007972717285156,1.9895497338127766,[2.0919258],0.005,0.1,0.06347120744321416,0.05500465315196801,0
11.017648458480835,1.9893543350960396,[2.08871697],0.005,0.1,0.07511532605198669,0.05272435915044307,0
11.026705980300903,1.9889635376625665,[2.0854619],0.005,0.1,0.08108304530875685,0.05052398686305398,0
11.037322759628296,1.9887681389458298,[2.08216289],0.005,0.1,0.08311610077169676,0.04803742918419335,0
11.048583745956421,1.9883773415123565,[2.07882308],0.005,0.1,0.08249852074580238,0.045412111148978425,0
11.060545921325684,1.9879865440788829,[2.07544643],0.005,0.1,0.08015479404847517,0.04269822696534185,0
11.068846702575684,1.9875957466454097,[2.07203765],0.005,0.1,0.07673869866685731,0.03989692841730293,0
11.079286575317383,1.9872049492119364,[2.06860207],0.005,0.1,0.07270549430740375,0.0370166861693073,0
11.089269161224365,1.9870095504951997,[2.06514562],0.005,0.1,0.0683674237536918,0.03403486534942827,0
11.101240396499634,1.9866187530617263,[2.06166973],0.005,0.1,0.06393501060558998,0.040059271746440674,0
11.110251426696777,1.9864233543449896,[2.05817705],0.005,0.1,-0.2164912021657125,0.026090254023342176,0
11.118223667144775,1.9860325569115163,[2.05468113],0.005,0.1,-0.2538701838844699,0.02407912401921,0
11.128249168395996,1.9858371581947796,[2.05119471],0.005,0.1,-0.2028395084711266,0.021950341863739047,0
11.13721752166748,1.9854463607613064,[2.04772913],0.005,0.1,-0.13060267768813397,0.014876363974615297,0
11.14723539352417,1.9850555633278328,[2.04429918],0.005,0.1,-0.06369523059262236,0.014705067992715927,0
11.157233476638794,1.9848601646110962,[2.04091335],0.005,0.1,-0.01045191722551339,0.014035244945386126,0
11.168197870254517,1.984469367177623,[2.03757478],0.005,0.1,0.02840073854799844,0.013136566552252937,0
11.179311275482178,1.9840785697441496,[2.03428656],0.005,0.1,0.054896789116836237,0.012071958179610565,0
11.18819284439087,1.9836877723106763,[2.03105161],0.005,0.1,0.07172100173228362,0.010986634509009554,0
11.198012828826904,1.9834923735939396,[2.02787261],0.005,0.1,0.35741198978769645,0.00984607163822691,0
11.208201169967651,1.9831015761604662,[2.02475173],0.005,0.1,0.39506948824811905,0.008993378160431371,0
11.220234632492065,1.9829061774437293,[2.02168702],0.005,0.1,0.34096444449249474,0.01019888286846971,0
11.233220100402832,1.9823199812935197,[2.01866971],0.005,0.1,0.26350024712296455,0.010898468792153239,0
11.243173599243164,1.982124582576783,[2.0156921],0.005,0.1,0.19007059682449265,0.00873337999954277,0
11.254195213317871,1.9819291838600464,[2.0127507],0.005,0.1,0.40564921675639604,0.009102313884445332,0
11.26621127128601,1.981538386426573,[2.00984557],0.005,0.1,0.39242241163566494,0.005671868077014569,0
11.274189472198486,1.980952190276363,[2.00698324],0.005,0.1,0.3033242836812938,0.005058059132512219,0
11.284187078475952,1.980756791559626,[2.00416828],0.005,0.1,0.20308434268164294,0.0044825600112805885,0
11.292884588241577,1.9805613928428896,[2.00139986],0.005,0.1,0.11586531455916814,0.003956097108302712,0
11.302276134490967,1.9801705954094162,[1.99867624],0.005,0.1,0.04802025195170332,0.0034989197004931315,0
11.312413454055786,1.979779797975943,[1.99599491],0.005,0.1,-0.0012720748879313203,0.0030531622001137744,0
11.322210550308228,1.979584399259206,[1.9933528],0.005,0.1,-0.0352096138121368,0.002556121584006336,0
11.332172393798828,1.9791936018257328,[1.99075049],0.005,0.1,-0.05733226326622639,0.0015613055260750633,0
11.343853950500488,1.978998203108996,[1.98818776],0.005,0.1,-0.07075922775547265,0.0016808735596212264,0
11.351222276687622,1.9788028043922596,[1.98565988],0.005,0.1,-0.07798594770001567,0.0008577422297566085,0
11.363773345947266,1.978412006958786,[1.98316249],0.005,0.1,-0.080907280739299,0.000578931242300305,0
11.372202396392822,1.9782166082420496,[1.9806917],0.005,0.1,-0.08091633854875435,6.487122151419609e-05,0
11.38017201423645,1.9778258108085762,[1.97824802],0.005,0.1,-0.0790149266878206,-0.0003473233596908003,0
11.391196250915527,1.9776304120918395,[1.97583203],0.005,0.1,-0.07591143272634994,-0.000808978401333048,0
11.402009725570679,1.9774350133751026,[1.97343687],0.005,0.1,-0.07209959498846479,-0.0017482626042446632,0
11.414978981018066,1.9768488172248928,[1.97105016],0.005,0.1,-0.06791872458491517,-0.0026444297410975833,0
11.42720103263855,1.9764580197914197,[1.96866256],0.005,0.1,-0.06359836634467518,-0.0027295165867702005,0
11.43823504447937,1.9762626210746828,[1.96627445],0.005,0.1,-0.059290780690533076,-0.0028450064967266223,0
11.446299314498901,1.976067222357946,[1.96389373],0.005,0.1,0.2209440999635689,-0.002201489522491551,0
11.45657205581665,1.9756764249244727,[1.96153086],0.005,0.1,0.2580932534051307,-0.0024532928928077172,0
11.471997499465942,1.9752856274909993,[1.95918595],0.005,0.1,0.20681334448950142,-0.004516145767927286,0
11.484202146530151,1.9748948300575262,[1.95685062],0.005,0.1,0.13432070005495028,-0.004142714330661886,0
11.49453353881836,1.9746994313407895,[1.95452447],0.005,0.1,0.06715930882521307,-0.003922515426008854,0
11.504265785217285,1.974504032624053,[1.95221365],0.005,0.1,0.013669333755169405,-0.003785743362139356,0
11.516239643096924,1.9741132351905792,[1.94992085],0.005,0.1,-0.02541938205319899,-0.00478689913932286,0
11.525198221206665,1.9739178364738426,[1.94764574],0.005,0.1,-0.05213900379108918,-0.0044626541180334805,0
11.533177852630615,1.9735270390403694,[1.94539346],0.005,0.1,-0.06917338106258382,-0.0031955113725520208,0
11.542747259140015,1.973331640323633,[1.94317356],0.005,0.1,-0.07902249736157241,-0.003410508707294365,0
11.55211591720581,1.9729408428901594,[1.94099098],0.005,0.1,-0.08373835756226233,-0.0036191681007993527,0
11.564278364181519,1.972550045456686,[1.93884397],0.005,0.1,-0.0849004355704227,-0.005104352309234033,0
11.574270248413086,1.9723546467399493,[1.9367305],0.005,0.1,-0.08367859566419164,-0.0037226610078260848,0
11.582955598831177,1.9721592480232129,[1.93465365],0.005,0.1,-0.0809171406237463,-0.004073440232642734,0
11.594340562820435,1.971963849306476,[1.93261529],0.005,0.1,-0.07721360028027673,-0.00443571909300347,0
11.602560758590698,1.9715730518730028,[1.93061347],0.005,0.1,-0.07298381793113405,-0.0047841152830957285,0
11.612029790878296,1.9713776531562661,[1.92864575],0.005,0.1,-0.06851243848732382,-0.00517364848514972,0
11.621188402175903,1.970986855722793,[1.92671216],0.005,0.1,-0.06399067761151102,-0.003947263992705471,0
11.630316019058228,1.9707914570060558,[1.92481194],0.005,0.1,-0.059543940349656814,-0.006496573445271226,0
11.641921043395996,1.9705960582893192,[1.92293756],0.005,0.1,-0.05525171348704973,-0.006938986339473137,0
11.649179220199585,1.9704006595725827,[1.92108483],0.005,0.1,-0.051161741515056564,-0.005184933332040007,0
11.657793283462524,1.9700098621391096,[1.91925607],0.005,0.1,-0.04730004939433782,-0.005837822722935618,0
11.666231393814087,1.9698144634223727,[1.91744995],0.005,0.1,-0.04367798429593692,-0.0066245059081288995,0
11.674160718917847,1.969619064705636,[1.91566463],0.005,0.1,-0.04029713565586375,-0.0051688522261832265,0
11.68524980545044,1.9694236659888995,[1.91389762],0.005,0.1,-0.03715275432911562,-0.008835334434251586,0
11.693189859390259,1.9692282672721628,[1.91214633],0.005,0.1,-0.03423611487739096,-0.009120202608614363,0
11.705151081085205,1.9688374698386895,[1.91041136],0.005,0.1,-0.03153613642672529,-0.012742942904399687,0
11.716190814971924,1.9686420711219526,[1.90868603],0.005,0.1,-0.029040485086903305,-0.012371076226651902,0
11.72919487953186,1.9682512736884794,[1.90695755],0.005,0.1,-0.02673631501029755,-0.01603723838085508,0
11.739487648010254,1.9680558749717427,[1.90521457],0.005,0.1,-0.02461075843487958,-0.015052637182936842,0
11.747989416122437,1.967860476255006,[1.90345074],0.005,0.1,-0.02265124205495639,-0.01451670417485675,0
11.757172346115112,1.9676650775382694,[1.90166405],0.005,0.1,0.2551926758531759,-0.014363380154759096,0
11.767196416854858,1.9674696788215327,[1.89985275],0.005,0.1,0.2899803548619268,-0.014451957880428945,0
11.775214672088623,1.9672742801047958,[1.89801901],0.005,0.1,0.2364145016750706,-0.01070461670028325,0
11.787262678146362,1.9670788813880593,[1.89616457],0.005,0.1,0.16173934920663025,-0.016465470869868208,0
11.79712176322937,1.9668834826713226,[1.89428354],0.005,0.1,0.09251440914804648,-0.016649257686842382,0
11.809000730514526,1.9664926852378493,[1.8923709],0.005,0.1,0.03708700318678839,-0.016925825324471698,0
11.819197177886963,1.9661018878043761,[1.89042611],0.005,0.1,-0.003811433700737568,-0.01734971992169595,0
11.828308343887329,1.9655156916541656,[1.88844883],0.005,0.1,-0.30825346201216186,-0.017795070293565314,0
11.837886810302734,1.964929495503956,[1.88643884],0.005,0.1,-0.6360134998387585,-0.018333137905678587,0
11.85039234161377,1.9641479006370093,[1.88439608],0.005,0.1,-1.1774137272228085,-0.018826894707023763,0
11.862996816635132,1.9631709070533259,[1.88231671],0.005,0.1,-1.9466494473933933,-0.02551323481609423,0
11.873958349227905,1.9621939134696424,[1.88019381],0.005,0.1,-2.6197336160401132,-0.024089488313212615,0
11.887198686599731,1.9608261224524859,[1.87802188],0.005,0.1,-3.1025341896607896,-0.03001260209216524,0
11.897011280059814,1.9598491288688025,[1.87580075],0.005,0.1,-3.671139286097904,-0.020595994132167735,0
11.908183097839355,1.958481337851646,[1.87353885],0.005,0.1,-3.563208079768319,-0.02062999421350789,0
11.917855262756348,1.9573089455512258,[1.87123991],0.005,0.1,-3.4912189758719476,-0.027487330789739438,0
11.925200939178467,1.9563319519675424,[1.86890364],0.005,0.1,-3.126548171310226,-0.019142944418579073,0
11.933687210083008,1.9551595596671225,[1.86653838],0.005,0.1,-2.6994027339452735,-0.01964054701168509,0
11.943052053451538,1.953791768649966,[1.86415176],0.005,0.1,-2.57694362478837,-0.01995026511611597,0
11.952176094055176,1.952423977632809,[1.86175066],0.005,0.1,-2.268899060878102,-0.014517933086028143,0
11.963583946228027,1.9502745917487057,[1.85934143],0.005,0.1,-2.2084360186283667,-0.021639577140243397,0
11.971205472946167,1.9491021994482856,[1.85692603],0.005,0.1,-2.2126809721572154,-0.01541723165566745,0
11.983526229858398,1.9469528135641823,[1.85450659],0.005,0.1,-1.9343648278117405,-0.021919622412510806,0
11.99222993850708,1.9453896238302888,[1.85208547],0.005,0.1,-1.870770059121296,-0.015319082481331263,0
12.002231121063232,1.9436310353796589,[1.84966878],0.005,0.1,-1.5899109790548094,-0.01585195567743984,0
12.01365065574646,1.9414816494955554,[1.84725884],0.005,0.1,-1.2733770841892367,-0.021156792913301276,0
12.023608922958374,1.9397230610449256,[1.84485123],0.005,0.1,-0.9902168139725415,-0.019360393859500058,0
12.032232284545898,1.938159871311032,[1.84244967],0.005,0.1,-0.7597207004662778,-0.013326912499399653,0
12.041218042373657,1.9360104854269287,[1.84006453],0.005,0.1,-0.3048216989027026,-0.013490011556079578,0
12.053174495697021,1.9336657008260885,[1.83769852],0.005,0.1,-0.13647627697358533,-0.017747289804710825,0
12.062812566757202,1.9313209162252487,[1.83534794],0.005,0.1,-0.09074902252960165,-0.015994606080799216,0
12.071196556091309,1.9297577264913552,[1.83301625],0.005,0.1,-0.09210400808987726,-0.010962694384626924,0
12.08022928237915,1.9278037393239886,[1.83071273],0.005,0.1,-0.1072567795779578,-0.011105945670339316,0
12.089203834533691,1.9258497521566218,[1.82844218],0.005,0.1,-0.12268633019711653,-0.011131294951846348,0
12.100788116455078,1.923504967555782,[1.8262026],0.005,0.1,0.14223720656218325,-0.014763829358258533,0
12.110856771469116,1.9209647842382052,[1.82398911],0.005,0.1,0.4453921189943526,-0.013570114101560483,0
12.119178056716919,1.9190107970708385,[1.82180301],0.005,0.1,0.4218750359244319,-0.00941541436113382,0
12.128158330917358,1.9166660124699986,[1.81965351],0.005,0.1,0.5686136753337385,-0.007051260356353585,0
12.140143156051636,1.9135396330022116,[1.81754484],0.005,0.1,0.7354709517896039,-0.011165599976775673,0
12.150190114974976,1.910999449684635,[1.81547105],0.005,0.1,0.59223953574765,-0.011420367843290173,0
12.161245346069336,1.9082638676503216,[1.81342595],0.005,0.1,0.6453050150190783,-0.01172579274689709,0
12.170241355895996,1.9059190830494817,[1.81140932],0.005,0.1,0.7437519933396206,-0.008522466892155951,0
12.182292222976685,1.903183501015168,[1.80941969],0.005,0.1,0.8291818645530251,-0.014068894673619008,0
12.193623304367065,1.9000571215473812,[1.80744785],0.005,0.1,0.8842383693726921,-0.01439268194610005,0
12.204179525375366,1.8975169382298047,[1.80548468],0.005,0.1,0.9084430538654377,-0.014981278061132869,0
12.213174104690552,1.8949767549122283,[1.8035246],0.005,0.1,0.9072132455128723,-0.015794878119096228,0
12.222205638885498,1.8926319703113879,[1.80155749],0.005,0.1,0.8871406351049216,-0.02328693126373823,0
12.232171058654785,1.8900917869938112,[1.79957366],0.005,0.1,0.8541687507914314,-0.016175183689283217,0
12.24116325378418,1.8875516036762345,[1.79757219],0.005,0.1,1.0890962929690982,-0.017804635585945625,0
12.252557516098022,1.8842298254917114,[1.79554678],0.005,0.1,1.0765437022688529,-0.026884158978815565,0
12.261784315109253,1.8818850408908712,[1.79348253],0.005,0.1,0.97376897658772,-0.026499153415352666,0
12.269997119903564,1.879540256290031,[1.79137546],0.005,0.1,0.8497846936031095,-0.018633739685969878,0
12.280774354934692,1.8768046742557176,[1.7892264],0.005,0.1,1.0083688902893257,-0.029186050068588012,0
12.289190769195557,1.8742644909381412,[1.78703137],0.005,0.1,0.9396703536969734,-0.02041453344553694,0
12.299762725830078,1.871724307620564,[1.78479208],0.005,0.1,0.7995634546971404,-0.02234913584908386,0
12.309955596923828,1.8685979281527776,[1.78251032],0.005,0.1,0.6534886123556636,-0.023660946555987904,0
12.324169158935547,1.8644945551013075,[1.78017849],0.005,0.1,0.525404448954817,-0.03297682794271928,0
12.334131717681885,1.8615635743502574,[1.77778629],0.005,0.1,0.42114442183158624,-0.030488012386389093,0
12.346149921417236,1.8580463974489976,[1.7753266],0.005,0.1,0.33931143868110525,-0.037090646144280114,0
12.356160640716553,1.8551154166979473,[1.77279987],0.005,0.1,0.5522148529030182,-0.024041389212143344,0
12.368199586868286,1.8515982397966873,[1.77021311],0.005,0.1,0.5369068004631257,-0.030207810137041078,0
12.376191139221191,1.8492534551958473,[1.76757415],0.005,0.1,0.44458030411615923,-0.019771905462664986,0
12.38776183128357,1.8455408795778505,[1.76489159],0.005,0.1,0.3396609394876428,-0.024966367835717214,0
12.399075031280518,1.8422191013933271,[1.76217078],0.005,0.1,0.24654541927804205,-0.021537071157887017,0
12.411344766616821,1.838701924492067,[1.75941465],0.005,0.1,0.44800250045848095,-0.02404614202672518,0
12.421994924545288,1.8355755450242803,[1.75662835],0.005,0.1,0.4246207241780906,-0.01957583400182586,0
12.431168556213379,1.8328399629899665,[1.75382506],0.005,0.1,0.604226284277118,-0.012359745626588889,0
12.440163612365723,1.8301043809556534,[1.75102422],0.005,0.1,0.53177963518143,-0.011339600060985036,0
12.449163675308228,1.8273687989213399,[1.74824007],0.005,0.1,0.6615940421098012,-0.010344669363966066,0
12.45916748046875,1.8240470207368165,[1.74548238],0.005,0.1,0.8239326432561773,-0.009285872742309898,0
12.469145774841309,1.8209206412690302,[1.74276297],0.005,0.1,0.6799741493252002,-0.00605548433241881,0
12.48118281364441,1.81740346436777,[1.74009252],0.005,0.1,0.7326187745129737,-0.00800135395301062,0
12.492578983306885,1.8140816861832465,[1.73747531],0.005,0.1,0.8297756999771764,-0.006924056994347607,0
12.500963687896729,1.8113461041489332,[1.73491529],0.005,0.1,0.9128484618924408,-0.006045003342436549,0
12.510997772216797,1.8084151233978831,[1.73241871],0.005,0.1,0.9646481168383488,-0.005274048238499188,0
12.522485256195068,1.8047025477798866,[1.72998895],0.005,0.1,0.9849601194983058,-0.005949937877868688,0
12.531172275543213,1.8023577631790462,[1.72762886],0.005,0.1,1.255492655861546,-0.003705093363034968,0
12.542206764221191,1.798840586277786,[1.72534465],0.005,0.1,1.5401291102978585,-0.003314401526523636,0
12.550180435180664,1.7964958016769463,[1.72314122],0.005,0.1,1.4807061910085533,-0.0030287457344327215,0
12.561333417892456,1.7933694222091594,[1.72101858],0.005,0.1,1.304018033752473,-0.0036211806066664205,0
12.569785594940186,1.7910246376083194,[1.71897621],0.005,0.1,1.3835313630233819,-0.0022896674087668632,0
12.578152656555176,1.7888752517242161,[1.71701804],0.005,0.1,1.513831662038216,-0.001551606796907008,0
12.587200164794922,1.7863350684066395,[1.71514827],0.005,0.1,1.3415239688746554,-0.0016201029161147748,0
12.598231077194214,1.7835994863723261,[1.71336621],0.005,0.1,1.3644550359829357,-0.0016444017989028367,0
12.607190608978271,1.7810593030547492,[1.71166872],0.005,0.1,1.4295226207163803,-0.001641225596231494,0
12.620208263397217,1.7779329235869625,[1.71005073],0.005,0.1,2.030717770934488,-0.002182184659700261,0
12.631585121154785,1.7751973415526492,[1.70850565],0.005,0.1,2.3899119457673814,-0.001956310152059311,0
12.642300844192505,1.772852556951809,[1.70702866],0.005,0.1,2.850294329637408,-0.0017905709077165447,0
12.65283203125,1.770507772350969,[1.70561506],0.005,0.1,3.2215831319264456,-0.0022354690541533527,0
12.664375305175781,1.7683583864668657,[1.70425875],0.005,0.1,3.4549799309283817,-0.001960017426527753,0
12.676285028457642,1.7660136018660257,[1.70295542],0.005,0.1,3.834208713569078,-0.001761120847722155,0
12.687194347381592,1.7638642159819222,[1.70170235],0.005,0.1,3.8662930619981615,-0.0016222321051580797,0
12.698179721832275,1.7619102288145554,[1.7004967],0.005,0.1,4.010143719344295,-0.0015306977897600123,0
12.711038589477539,1.759760842930452,[1.69933424],0.005,0.1,4.114529778633844,-0.0019315480685772645,0
12.72419548034668,1.7576114570463488,[1.69820828],0.005,0.1,3.860962169061861,-0.002198923406267961,0
12.733197689056396,1.756243666029192,[1.6971143],0.005,0.1,3.2179414182276718,-0.0014167591567245126,0
12.743080615997314,1.7546804762952988,[1.69605107],0.005,0.1,2.5330754015468777,-0.0017376630300512507,0
12.75228500366211,1.753508083994879,[1.69501747],0.005,0.1,1.9344628476142587,-0.001128866615529592,0
12.761087894439697,1.7523356916944586,[1.69401382],0.005,0.1,1.7301850994410277,-0.0010856347559303305,0
12.772220134735107,1.750967900677302,[1.69304036],0.005,0.1,1.6709337096819707,-0.0010325318348584033,0
12.782154321670532,1.749795508376882,[1.69209606],0.005,0.1,1.3735490071916017,-0.0009690187033320767,0
12.791927814483643,1.748623116076462,[1.69118014],0.005,0.1,1.0395058833886375,-0.0009022570038770277,0
12.805025577545166,1.7470599263425688,[1.69029111],0.005,0.1,0.744652870844887,-0.0010415227858250485,0
12.818936586380005,1.7454967366086753,[1.68942614],0.005,0.1,0.7855436717385204,-0.0010920223246644817,0
12.831176042556763,1.7441289455915185,[1.68858313],0.005,0.1,0.6413098446496404,-0.0008876867661524343,0
12.841104745864868,1.7431519520078353,[1.68776223],0.005,0.1,0.1811362366827608,-0.000749451587935933,0
12.850248336791992,1.7423703571408884,[1.68696519],0.005,0.1,-0.2955106300532611,-0.0005205828466743782,0
12.859209060668945,1.741588762273942,[1.68619408],0.005,0.1,-0.6833528538724972,-0.0005032179094426146,0
12.868186473846436,1.7406117686902585,[1.68544966],0.005,0.1,-0.9607097259003876,-0.00048567320652028633,0
12.877401351928711,1.739830173823312,[1.68473154],0.005,0.1,-1.1382639922553892,-0.00047685199608088523,0
12.88600754737854,1.739048578956365,[1.68403905],0.005,0.1,-1.2362873410691948,-0.0004737866813375406,0
12.897455215454102,1.7380715853726818,[1.68337117],0.005,0.1,-0.9992034903885879,-0.0004823659376244094,0
12.906099796295166,1.7374853892224718,[1.68272653],0.005,0.1,-0.9633089708941271,-0.0005051548457886276,0
12.918530941009521,1.736703794355525,[1.68210241],0.005,0.1,-0.9874576670948234,-0.0007053707839088833,0
12.92694878578186,1.7361175982053152,[1.68149485],0.005,0.1,-0.738464174787405,-0.0007326555533525046,0
12.938594341278076,1.7353360033383685,[1.68090045],0.005,0.1,-0.7160044509000061,-0.0007854610629960324,0
12.947763919830322,1.7345544084714217,[1.68031631],0.005,0.1,-0.7621638945716501,-0.0008691874402668068,0
12.956262111663818,1.7341636110379486,[1.67973906],0.005,0.1,-0.8125024491648791,-0.000995386776951198,0
12.965653657913208,1.7335774148877383,[1.67916485],0.005,0.1,-0.8448723227121246,-0.0011581194587143005,0
12.973209619522095,1.7329912187375285,[1.67859248],0.005,0.1,-1.1312058967947314,-0.0011637790182076186,0
12.982191562652588,1.7326004213040551,[1.67802319],0.005,0.1,-1.1552995729338305,-0.001368068406945922,0
12.991707801818848,1.732014225153845,[1.67745442],0.005,0.1,-1.0765106085934664,-0.0016065879412608657,0
13.00074315071106,1.7316234277203715,[1.67688013],0.005,0.1,-0.9666452099402585,-0.0019053127567467958,0
13.011077404022217,1.7310372315701616,[1.67629413],0.005,0.1,-0.8560478826631716,-0.002236328008891178,0
13.024311304092407,1.730255636703215,[1.67568803],0.005,0.1,-1.0319941516385307,-0.0036572459565568463,0
13.03583836555481,1.729669440553005,[1.67504899],0.005,0.1,-0.9783553780035251,-0.00532290922050055,0
13.04651403427124,1.729083244402795,[1.67436474],0.005,0.1,-0.8492413231025948,-0.005359646855175367,0
13.056190013885498,1.7286924469693217,[1.67363126],0.005,0.1,-0.9862033618666775,-0.0039613488978839225,0
13.06718111038208,1.728301649535848,[1.67284976],0.005,0.1,-0.8949463154046016,-0.00464879690892924,0
13.077027082443237,1.727910852102375,[1.67201834],0.005,0.1,-1.0128405662213553,-0.005373270130089295,0
13.088249444961548,1.727324655952165,[1.67113231],0.005,0.1,-0.8874891806333571,-0.0061128926184704,0
13.101186513900757,1.7271292572354282,[1.67018418],0.005,0.1,-0.6969795932171448,-0.009523547199574772,0
13.111193180084229,1.7269338585186915,[1.66916405],0.005,0.1,-0.7893604909814192,-0.009748647398560586,0
13.123063564300537,1.7265430610852182,[1.66806313],0.005,0.1,-0.39373070914945063,-0.013567627595764426,0
13.133967161178589,1.7261522636517448,[1.66687377],0.005,0.1,-0.4634830978831355,-0.013145075592316747,0
13.145183324813843,1.7259568649350083,[1.66559324],0.005,0.1,-0.3882354348262784,-0.013104520728045082,0
13.15483808517456,1.7257614662182716,[1.66422324],0.005,0.1,-0.27593598585575196,-0.013297877168616428,0
13.164429187774658,1.725566067501535,[1.66276586],0.005,0.1,-0.1697315252951609,-0.013656428914888705,0
13.175150632858276,1.7251752700680614,[1.66122358],0.005,0.1,-0.08363172020553616,-0.014075231229049164,0
13.185460329055786,1.7249798713513247,[1.65959544],0.005,0.1,-0.29539935618081226,-0.019420562633842467,0
13.194037675857544,1.7247844726345882,[1.65788142],0.005,0.1,-0.28326130539083233,-0.013858084086717473,0
13.204062938690186,1.7245890739178515,[1.65609008],0.005,0.1,-0.47397107712651376,-0.01476086834573728,0
13.214159965515137,1.7243936752011149,[1.65422944],0.005,0.1,-0.6880753381601736,-0.015629389449698484,0
13.224100589752197,1.7238074790509048,[1.65230319],0.005,0.1,-0.8607759110934627,-0.0163430259457214,0
13.237161874771118,1.723025884183958,[1.65031119],0.005,0.1,-1.5290787960253467,-0.022535652941037317,0
13.24833059310913,1.7222442893170116,[1.64825008],0.005,0.1,-1.9356007720527344,-0.02147887020496828,0
13.257303237915039,1.7216580931668013,[1.64612171],0.005,0.1,-2.7094396300603996,-0.020833170306716997,0
13.267224550247192,1.720876498299855,[1.6439324],0.005,0.1,-2.8699351461261644,-0.020470900891497303,0
13.278138399124146,1.7198995047161716,[1.64168823],0.005,0.1,-3.3200774556379944,-0.020226021022473832,0
13.288988828659058,1.7189225111324882,[1.63939507],0.005,0.1,-3.738118064364561,-0.02009900221486477,0
13.300084352493286,1.7175547201153312,[1.63705857],0.005,0.1,-4.2975751526865285,-0.01988689038239013,0
13.311142206192017,1.7165777265316482,[1.63468418],0.005,0.1,-4.192623879467441,-0.019894030039981952,0
13.321174144744873,1.7152099355144914,[1.63227705],0.005,0.1,-4.119400728868834,-0.019821692887947332,0
13.33155369758606,1.7138421444973346,[1.62984202],0.005,0.1,-3.7448352639426385,-0.019839983479101837,0
13.34083104133606,1.7126697521969145,[1.62738357],0.005,0.1,-3.29946698897164,-0.019969433135310712,0
13.3491849899292,1.7114973598964947,[1.62490968],0.005,0.1,-3.152364937221712,-0.014519304361365169,0
13.361533641815186,1.7097387714458647,[1.6224272],0.005,0.1,-3.091425619934809,-0.02206518135683664,0
13.372460842132568,1.707784784278498,[1.61993396],0.005,0.1,-2.756673706311611,-0.021729545236467234,0
13.383243083953857,1.706026195827868,[1.61742801],0.005,0.1,-2.640315275459461,-0.021625573558684722,0
13.392874002456665,1.7044630060939745,[1.61491141],0.005,0.1,-2.308665504937311,-0.021848955141519286,0
13.40199589729309,1.7028998163600813,[1.6123856],0.005,0.1,-2.2190397530600583,-0.02221358084378021,0
13.412137746810913,1.701141227909451,[1.60985138],0.005,0.1,-1.64566943164906,-0.022804885366011156,0
13.425166368484497,1.6987964433086111,[1.60730447],0.005,0.1,-1.557802406093872,-0.031617146858421596,0
13.433537006378174,1.6972332535747179,[1.60473614],0.005,0.1,-1.0721918284292364,-0.030453562369312515,0
13.441143274307251,1.6956700638408244,[1.6021473],0.005,0.1,-0.8139458944791872,-0.02168829198635362,0
13.453246355056763,1.6931298805232475,[1.59954229],0.005,0.1,-0.6682107525219847,-0.03297420299322897,0
13.46293568611145,1.6909804946391442,[1.59691461],0.005,0.1,-0.5783752335280605,-0.032979740483315624,0
13.474272012710571,1.6884403113215678,[1.59425787],0.005,0.1,-0.5166676389348337,-0.03345166080386368,0
13.484175682067871,1.6859001280039907,[1.59157046],0.005,0.1,-0.7455800269828184,-0.03445231408922897,0
13.495274543762207,1.6835553434031507,[1.58885012],0.005,0.1,-0.7395933757096746,-0.03588687062291761,0
13.505149602890015,1.681210558802311,[1.58609408],0.005,0.1,-0.6502315770085285,-0.0377706748411787,0
13.51414942741394,1.6790611729182072,[1.58329902],0.005,0.1,-0.543198943664651,-0.04004343464121271,0
13.52217698097229,1.6771071857508406,[1.58046126],0.005,0.1,-0.16825575489852412,-0.04274003937953111,0
13.532145977020264,1.6743716037165275,[1.57758294],0.005,0.1,-0.05230386377186699,-0.03135536440590843,0
13.54114556312561,1.6720268191156873,[1.57467133],0.005,0.1,-0.04115038343391246,-0.03723821916225241,0
13.552760124206543,1.6689004396479008,[1.57171938],0.005,0.1,-0.0653673480329571,-0.05941550696959344,0
13.562167406082153,1.6665556550470606,[1.56870773],0.005,0.1,-0.09558796445147934,-0.060219517155146576,0
13.5711510181427,1.6640154717294837,[1.56563243],0.005,0.1,-0.12085278406298433,-0.04328276510947418,0
13.581101655960083,1.6612798896951704,[1.56250296],0.005,0.1,-0.1382712879676277,-0.049343390774291326,0
13.592484712600708,1.657958111510647,[1.55932043],0.005,0.1,-0.14819450701716824,-0.05447739195120359,0
13.601624011993408,1.6552225294763336,[1.55607874],0.005,0.1,0.12399786103886332,-0.05936031881145601,0
13.610921859741211,1.6522915487252834,[1.55277253],0.005,0.1,-0.11824979547752486,-0.06344818130099089,0
13.625186920166016,1.6479927769570768,[1.54938984],0.005,0.1,-0.2026627279436886,-0.09071246500193127,0
13.634673357009888,1.6450617962060268,[1.5459134],0.005,0.1,-0.2177824693618251,-0.08702382971375863,0
13.643876075744629,1.6421308154549765,[1.54233641],0.005,0.1,-0.20510366276072411,-0.08479091930009354,0
13.652851581573486,1.6391998347039267,[1.53866125],0.005,0.1,-0.18342145299844692,-0.08365941572822581,0
13.660160541534424,1.6364642526696132,[1.53489843],0.005,0.1,-0.16075870983720658,-0.059303201905052935,0
13.669153451919556,1.6333378732018264,[1.53106529],0.005,0.1,0.1358813080746751,-0.06558124033184627,0
13.679215908050537,1.6298206963005666,[1.52716987],0.005,0.1,-0.08932689000130974,-0.0701867931990675,0
13.689247608184814,1.6261081206825696,[1.52321238],0.005,0.1,-0.16267037363222478,-0.0732614531848617,0
13.700132369995117,1.621809348914363,[1.51919403],0.005,0.1,-0.17122611283834155,-0.07479417658652517,0
13.71084713935852,1.617705975862893,[1.51511695],0.005,0.1,-0.43127825421517313,-0.07548811920703319,0
13.72122859954834,1.6141887989616328,[1.51098417],0.005,0.1,-0.4416886315001203,-0.0758814289219188,0
13.729511499404907,1.6112578182105828,[1.50679961],0.005,0.1,-0.36443612548531523,-0.07600658426714499,0
13.73813772201538,1.6079360400260594,[1.50257505],0.005,0.1,0.00677744599365393,-0.053590909815947566,0
13.74990177154541,1.6034418695411163,[1.4983219],0.005,0.1,0.12599621294054825,-0.08028958839622133,0
13.758800983428955,1.5997292939231191,[1.49403713],0.005,0.1,0.13990913255285084,-0.0763859060007894,0
13.767717361450195,1.596212117021859,[1.48971975],0.005,0.1,0.1155912050064987,-0.07256993882954677,0
13.776131629943848,1.5928903388373359,[1.48538414],0.005,0.1,0.3582346161274368,-0.04990400539209142,0
13.786151647567749,1.589177763219339,[1.48105034],0.005,0.1,0.6364385147927628,-0.052337154085144375,0
13.795715093612671,1.5852697888846057,[1.47672998],0.005,0.1,0.5895585278447322,-0.053039028089693414,0
13.806145429611206,1.580971017116399,[1.47242769],0.005,0.1,0.4398340249152015,-0.05219315837367243,0
13.814940452575684,1.5776492389318757,[1.4681488],0.005,0.1,0.8322399544546268,-0.05090983216792811,0
13.825173616409302,1.5731550684469322,[1.46389915],0.005,0.1,1.0386295175045186,-0.04841763219938534,0
13.834016799926758,1.5692470941121985,[1.45968495],0.005,0.1,1.1334442393550634,-0.04580017973936124,0
13.843995809555054,1.565534518494202,[1.45551261],0.005,0.1,1.160715734315723,-0.04314509660699099,0
13.854215145111084,1.5612357467259954,[1.45138859],0.005,0.1,1.4231664970421205,-0.040056455327622434,0
13.863158226013184,1.557718569824735,[1.44731927],0.005,0.1,1.6944013411066015,-0.03739377692496087,0
13.872631072998047,1.5540059942067386,[1.44331084],0.005,0.1,1.8965972228963355,-0.03476095805168406,0
13.88013744354248,1.5508796147389516,[1.43937344],0.005,0.1,2.015386174618908,-0.02356599772739451,0
13.891139030456543,1.5465808429707448,[1.43552017],0.005,0.1,1.7845252002584038,-0.02412315947217591,0
13.900179147720337,1.5430636660694848,[1.4317574],0.005,0.1,1.7395645921032106,-0.02426058103056104,0
13.912211656570435,1.538374096867805,[1.42808579],0.005,0.1,2.01817000198902,-0.023707782322859347,0
13.925183773040771,1.5329029327991783,[1.42450155],0.005,0.1,2.0477722421032647,-0.03059941081839826,0
13.934361219406128,1.5291903571811813,[1.42099709],0.005,0.1,1.9669977690240685,-0.02730535393010744,0
13.943172693252563,1.5260639777133946,[1.41756963],0.005,0.1,1.566386811274723,-0.024964541076989352,0
13.95116901397705,1.5227421995288712,[1.41422415],0.005,0.1,1.3961463053773482,-0.016735868068744247,0
13.960126638412476,1.5194204213443476,[1.41096788],0.005,0.1,1.5917153851107861,-0.017461780874270545,0
13.97112488746643,1.5147308521426677,[1.40780191],0.005,0.1,1.572778081968162,-0.017867665817670325,0
13.981478929519653,1.510432080374461,[1.404718],0.005,0.1,1.4694944741528753,-0.025088584418224907,0
13.992263793945312,1.506133308606254,[1.40170382],0.005,0.1,1.3410413080280215,-0.02338392496251547,0
14.004129409790039,1.5020299355547841,[1.39875149],0.005,0.1,1.4888355096736572,-0.022396762112153145,0
14.013404846191406,1.4983173599367874,[1.39585691],0.005,0.1,1.4035960796339149,-0.022026984026378572,0
14.023338794708252,1.4946047843187906,[1.39301515],0.005,0.1,1.518710518622135,-0.02208727470189199,0
14.034008741378784,1.4905014112673207,[1.39022049],0.005,0.1,1.3822042741273717,-0.02237001577175307,0
14.045180559158325,1.4858118420656405,[1.38746196],0.005,0.1,1.4500642643942179,-0.031643221605334775,0
14.054168462753296,1.4822946651643805,[1.38472874],0.005,0.1,1.2773976532522509,-0.021409341417344612,0
14.063445091247559,1.478582089546384,[1.38201952],0.005,0.1,1.0447593607345624,-0.023037692141320447,0
14.072177171707153,1.475455710078597,[1.37933673],0.005,0.1,0.8244743500634849,-0.01672266389257388,0
14.083897113800049,1.4711569383103904,[1.37667617],0.005,0.1,0.9161659156524287,-0.029351730442513702,0
14.09416913986206,1.46705356525892,[1.37402268],0.005,0.1,0.8038601906686842,-0.030323597367737817,0
14.104268312454224,1.4627547934907135,[1.37136201],0.005,0.1,0.6375591035794081,-0.031338819619841744,0
14.115346431732178,1.4586514204392433,[1.36868021],0.005,0.1,0.47781800719616374,-0.04534619002878204,0
14.126172304153442,1.4545480473877732,[1.36595858],0.005,0.1,0.344806220046774,-0.043286444969992795,0
14.136144399642944,1.4510308704865131,[1.36319206],0.005,0.1,0.5175741950672047,-0.029793550051035914,0
14.14527177810669,1.447513693585253,[1.36038758],0.005,0.1,0.47372808823282964,-0.03300109737642537,0
14.153130531311035,1.444582712834203,[1.35755087],0.005,0.1,0.08673991060233113,-0.024242343068820955,0
14.162144422531128,1.4412609346496796,[1.35468662],0.005,0.1,-0.06221477932331913,-0.02951936685571886,0
14.1713547706604,1.4377437577484196,[1.3517922],0.005,0.1,0.17056364190849807,-0.034007012047454974,0
14.179990768432617,1.4346173782806328,[1.34885883],0.005,0.1,0.2039471015174062,-0.03784761842280741,0
14.190413475036621,1.4305140052291627,[1.34587879],0.005,0.1,0.1643351609397829,-0.04054832447820631,0
14.200947046279907,1.4262152334609561,[1.34284558],0.005,0.1,-0.16926541139813903,-0.042453700705087034,0
14.212201356887817,1.421525664259276,[1.33975387],0.005,0.1,-0.25607666980316107,-0.043648530886960295,0
14.22365665435791,1.4174222912078058,[1.33659287],0.005,0.1,0.03218364969142587,-0.061485656376339896,0
14.231357336044312,1.4142959117400193,[1.33335408],0.005,0.1,0.11002299309084175,-0.04165995936166444,0
14.24012279510498,1.410974133555496,[1.33004452],0.005,0.1,0.10399703102453678,-0.04371913811280377,0
14.252147674560547,1.4062845643538158,[1.32666414],0.005,0.1,0.0708634090186133,-0.06146434920328284,0
14.264434814453125,1.4015949951521356,[1.32319347],0.005,0.1,0.03444614778505127,-0.07564292374939914,0
14.273539066314697,1.3980778182508755,[1.31962388],0.005,0.1,0.003477480581082614,-0.0495141814702831,0
14.281140327453613,1.3951468374998257,[1.31597633],0.005,0.1,-0.019894422343559308,-0.034655237964115786,0
14.291352272033691,1.3910434644483554,[1.31227626],0.005,0.1,-0.03614077254641667,-0.03833832536227621,0
14.299391984939575,1.3881124836973056,[1.3085323],0.005,0.1,-0.046572198963759526,-0.041777732672803845,0
14.310383558273315,1.3840091106458352,[1.30474548],0.005,0.1,-0.05259038251535312,-0.043839131316075565,0
14.32147765159607,1.3795149401608922,[1.30091038],0.005,0.1,-0.33145132207785144,-0.06194981589023741,0
14.329211235046387,1.376583959409842,[1.29702296],0.005,0.1,-0.36516827501536586,-0.042345547021400386,0
14.338011264801025,1.372871383791845,[1.29309402],0.005,0.1,-0.30916062390132326,-0.044505541494725735,0
14.348143339157104,1.3691588081738484,[1.28913309],0.005,0.1,-0.2311931765075383,-0.04631119754948277,0
14.360180854797363,1.364664637688905,[1.28514177],0.005,0.1,0.1178441880803748,-0.04736273190049429,0
14.36914610862732,1.3613428595043817,[1.28112164],0.005,0.1,0.21039647679731954,-0.04880872316202227,0
14.380128145217896,1.3568486890194382,[1.27707423],0.005,0.1,0.20025087850607504,-0.04941646256178074,0
14.389146566390991,1.3535269108349148,[1.27300097],0.005,0.1,0.15656121373142054,-0.050620325028502645,0
14.399173498153687,1.3500097339336545,[1.26890317],0.005,0.1,0.1084926612915586,-0.051689654560316795,0
14.40777039527893,1.3464925570323945,[1.26478199],0.005,0.1,0.34288357973024475,-0.052778222772908084,0
14.415218591690063,1.3435615762813446,[1.26064546],0.005,0.1,0.34353921065299364,-0.03778128662166582,0
14.424330949783325,1.3400443993800844,[1.25651443],0.005,0.1,-0.011353321086140733,-0.0285239660308007,0
14.433700561523438,1.3365272224788243,[1.25240629],0.005,0.1,-0.13712818064028232,-0.03606973670377561,0
14.444211483001709,1.3324238494273544,[1.24832114],0.005,0.1,0.11245397141068708,-0.04207293708653522,0
14.454002857208252,1.3287112738093576,[1.24425147],0.005,0.1,0.15809266497333674,-0.04691722064287826,0
14.467483282089233,1.323630907174204,[1.24018328],0.005,0.1,0.12749310114608392,-0.06926183854628996,0
14.476135492324829,1.3203091289896807,[1.23610448],0.005,0.1,0.07662881835273083,-0.04787937942440421,0
14.487022399902344,1.3158149585047374,[1.23201196],0.005,0.1,0.3040223236415075,-0.07057539767436138,0
14.497138261795044,1.3119069841700037,[1.22789597],0.005,0.1,0.29812344312548134,-0.06757547350146358,0
14.506154537200928,1.3081944085520072,[1.22374862],0.005,0.1,0.21464772036082114,-0.06536994410973593,0
14.516175746917725,1.3046772316507471,[1.219571],0.005,0.1,0.11947686907312959,-0.06390629723014432,0
14.526249170303345,1.3007692573160137,[1.21535769],0.005,0.1,0.037188925716729215,-0.08385217473569057,0
14.53514814376831,1.2978382765649636,[1.21109802],0.005,0.1,-0.025762279156720094,-0.07648725300735479,0
14.54636812210083,1.2933441060800202,[1.20679127],0.005,0.1,-0.07021717796275312,-0.06996265327917352,0
14.55516242980957,1.2900223278954968,[1.20245201],0.005,0.1,-0.09942722930639891,-0.0476721844708653,0
14.566067457199097,1.2857235561272902,[1.19809375],0.005,0.1,-0.11698540326016962,-0.06759863156212163,0
14.575216293334961,1.28220637922603,[1.19371543],0.005,0.1,-0.12605179480408235,-0.06321402223859769,0
14.583719968795776,1.2788846010415067,[1.18932379],0.005,0.1,-0.40518695615965467,-0.04312794652571271,0
14.59114956855774,1.2759536202904564,[1.18494512],0.005,0.1,-0.43734797758452704,-0.03130476810032447,0
14.599149465560913,1.2730226395394069,[1.18060211],0.005,0.1,-0.3786245561498973,-0.036500673746616655,0
14.607661485671997,1.2697008613548835,[1.17630133],0.005,0.1,-0.2972502995132854,-0.03991668774438026,0
14.6182861328125,1.2652066908699398,[1.17204242],0.005,0.1,-0.4965149387871486,-0.04128229263119514,0
14.626757860183716,1.262080311402153,[1.16782571],0.005,0.1,-0.19025012245932202,-0.04212924467555775,0
14.636298656463623,1.2579769383506831,[1.16365214],0.005,0.1,-0.05315049473927962,-0.04167304791088846,0
14.644232034683228,1.2550459575996329,[1.15952873],0.005,0.1,0.0040668189192394726,-0.02917153881985269,0
14.653155326843262,1.2519195781318462,[1.15547287],0.005,0.1,0.02464193602776526,-0.021523405968517696,0
14.664918184280396,1.2474254076469027,[1.15149374],0.005,0.1,0.029213290364216805,-0.03617164624022658,0
14.673202276229858,1.2444944268958527,[1.1475878],0.005,0.1,0.3034506759584272,-0.02539386067096057,0
14.685317754745483,1.2398048576941727,[1.14375225],0.005,0.1,0.33273565256456833,-0.03765484336797607,0
14.694161176681519,1.2364830795096493,[1.13998493],0.005,0.1,0.27358898009066285,-0.025616152032968815,0
14.704108238220215,1.2327705038916528,[1.1362841],0.005,0.1,0.46996047630045634,-0.03652904342450475,0
14.718255996704102,1.2274947385397625,[1.13263894],0.005,0.1,0.705658712831058,-0.04381264153822678,0
14.72939133644104,1.2231959667715557,[1.12903574],0.005,0.1,0.6247312305715127,-0.03760875179232413,0
14.738203287124634,1.2196787898702957,[1.12547735],0.005,0.1,0.4497297137239392,-0.024589831509408515,0
14.749265193939209,1.2153800181020888,[1.12197085],0.005,0.1,0.5483282490541221,-0.032939818667056114,0
14.759153366088867,1.2120582399175657,[1.11851269],0.005,0.1,0.4336739808054617,-0.03019209719264206,0
14.767725944519043,1.2089318604497787,[1.11509939],0.005,0.1,0.5429708926806571,-0.028325042395654504,0
14.775126934051514,1.2061962784154654,[1.11173201],0.005,0.1,0.4210596609085888,-0.02725737454258921,0
14.78409743309021,1.202874500230942,[1.10841525],0.005,0.1,0.24280982498776213,-0.018720623674614256,0
14.79258418083191,1.1995527220464186,[1.10515685],0.005,0.1,0.07737270945625883,-0.020431524043461245,0
14.800879955291748,1.1966217412953686,[1.10196237],0.005,0.1,-0.05343413067229188,-0.01491019823280663,0
14.809643030166626,1.1934953618275819,[1.09883545],0.005,0.1,0.12844284674996714,-0.017902676137439368,0
14.820073127746582,1.1899781849263218,[1.09577319],0.005,0.1,0.37490607355250094,-0.020410596819900675,0
14.83101224899292,1.186265609308325,[1.09276714],0.005,0.1,0.314800827001539,-0.022442264588536095,0
14.842347621917725,1.182162236256855,[1.08980371],0.005,0.1,0.16362291895148914,-0.03368969141752166,0
14.850173234939575,1.1792312555058049,[1.08687013],0.005,0.1,0.2859183010793839,-0.02327614907534821,0
14.860176086425781,1.1757140786045446,[1.08396449],0.005,0.1,0.4696049404274878,-0.025378184996028688,0
14.871550798416138,1.171610705553075,[1.08108397],0.005,0.1,0.3564854841604761,-0.02713346454620972,0
14.88211727142334,1.1677027312183414,[1.07822003],0.005,0.1,0.16500933598618384,-0.028712477178041068,0
14.891788721084595,1.164380953033818,[1.07536442],0.005,0.1,0.2587410488177787,-0.03035830376108363,0
14.902132034301758,1.160668377415821,[1.0725092],0.005,0.1,0.14735741519076925,-0.03173662827186752,0
14.910881280899048,1.1577373966647713,[1.06964687],0.005,0.1,0.2653596010895747,-0.03332931652145006,0
14.91813611984253,1.1551972133471944,[1.06677617],0.005,0.1,0.1555809306631425,-0.024050505767985283,0
14.928120613098145,1.1516800364459343,[1.06390124],0.005,0.1,-0.00855219928687967,-0.027930268492177654,0
14.940358877182007,1.1471858659609908,[1.06101341],0.005,0.1,-0.15889954412164364,-0.043454173689252674,0
14.95012617111206,1.1440594864932043,[1.05809919],0.005,0.1,0.0017032835774566657,-0.03024729401547034,0
14.959115028381348,1.1409331070254176,[1.05515873],0.005,0.1,-0.04414126951190726,-0.03329982578038949,0
14.968200445175171,1.1380021262743676,[1.05219202],0.005,0.1,-0.14722171889408386,-0.03597175180826745,0
14.978940963745117,1.1340941519396341,[1.04919295],0.005,0.1,-0.24738018087320124,-0.037706915272246934,0
14.989202737808228,1.1305769750383738,[1.04615641],0.005,0.1,-0.3245990929620053,-0.03917957881950242,0
15.001200199127197,1.1266690007036406,[1.04307203],0.005,0.1,-0.3758646875737286,-0.054965465727049946,0
15.010543584823608,1.123542621235854,[1.03992522],0.005,0.1,-0.40452247473073033,-0.05158022603314978,0
15.022164106369019,1.1196346469011205,[1.03670428],0.005,0.1,-0.4156012986307021,-0.0650817736246807,0
15.03213620185852,1.115726672566387,[1.03340019],0.005,0.1,-0.6899658639159869,-0.05772682778424942,0
15.041501760482788,1.1122094956651272,[1.03001272],0.005,0.1,-0.7126612204774634,-0.05283467608354903,0
15.049118280410767,1.109278514914077,[1.02655527],0.005,0.1,-0.6414550394375069,-0.03594428106703068,0
15.059174060821533,1.1059567367295535,[1.0230525],0.005,0.1,-0.545844277214274,-0.02588771858710789,0
15.068197011947632,1.1030257559785035,[1.01952599],0.005,0.1,-0.4539911533458091,-0.030452318264505347,0
15.077393770217896,1.09970397779398,[1.01598205],0.005,0.1,-0.37535218872239806,-0.033870488334804064,0
15.086303949356079,1.09677299704293,[1.01242022],0.005,0.1,-0.3114053603897672,-0.03649802079247757,0
15.097296953201294,1.0930604214249333,[1.00884051],0.005,0.1,-0.2606024330012499,-0.038084569195786434,0
15.108238220214844,1.0889570483734634,[1.00524325],0.005,0.1,-0.22055716872452072,-0.03902061942194242,0
15.117269515991211,1.0858306689056765,[1.00162901],0.005,0.1,-0.18893778615764487,-0.04004438396698339,0
15.126205444335938,1.0827042894378898,[0.99799849],0.005,0.1,-0.16377196675520642,-0.04088139023827097,0
15.136158466339111,1.0793825112533664,[0.99435246],0.005,0.1,-0.14350043677706764,-0.04152012830788395,0
15.14713191986084,1.0756699356353696,[0.99069167],0.005,0.1,-0.1269344534481749,-0.04190505037196816,0
15.156586647033691,1.072543556167583,[0.98701683],0.005,0.1,-0.11318597953136436,-0.0425599566983591,0
15.165052652359009,1.0696125754165329,[0.98332855],0.005,0.1,0.174439637743588,-0.04333368156374469,0
15.176472902297974,1.0655092023650627,[0.97962737],0.005,0.1,0.21747319256602143,-0.04349185976814035,0
15.187143325805664,1.0619920254638027,[0.97591378],0.005,0.1,0.17096204955171587,-0.04390359343468315,0
15.198276042938232,1.058279449845806,[0.97218825],0.005,0.1,0.10240308641202471,-0.04419220089716095,0
15.207132816314697,1.0549576716612825,[0.96845121],0.005,0.1,0.03854209115157288,-0.044619751178064875,0
15.22261929512024,1.0496819063093925,[0.96469071],0.005,0.1,-0.012135074446120178,-0.07793691897514711,0
15.230932235717773,1.0467509255583425,[0.96089073],0.005,0.1,-0.04879276453540999,-0.050928196603824645,0
15.241095066070557,1.043429147373819,[0.95705686],0.005,0.1,-0.07338570921967047,-0.049138624798528346,0
15.252217292785645,1.0397165717558223,[0.95319437],0.005,0.1,-0.08854051788286584,-0.06433205216269634,0
15.262061834335327,1.0365901922880356,[0.9493019],0.005,0.1,-0.0967143468866004,-0.043131648908481604,0
15.273210287094116,1.0328776166700389,[0.94539118],0.005,0.1,-0.09992670076670294,-0.04361117451340719,0
15.284213304519653,1.0289696423353054,[0.94147246],0.005,0.1,-0.09973199201061264,-0.0439722537137934,0
15.293500423431396,1.0254524654340456,[0.93754845],0.005,0.1,-0.09728041984511823,-0.04432746716418063,0
15.304176807403564,1.0217398898160488,[0.93362169],0.005,0.1,-0.09340057133515811,-0.04445608798859752,0
15.312129259109497,1.0190043077817355,[0.92969448],0.005,0.1,-0.0886771822030906,-0.04496469442376436,0
15.321131229400635,1.0160733270306852,[0.92576896],0.005,0.1,-0.08351549073943348,-0.04530495045250731,0
15.33050799369812,1.0127515488461618,[0.92184706],0.005,0.1,-0.07819120141417288,-0.04539415725719563,0
15.341182708740234,1.0092343719449017,[0.91793054],0.005,0.1,-0.3489262358109985,-0.04530570185883508,0
15.354239463806152,1.004349404026485,[0.914015],0.005,0.1,-0.3768872414025207,-0.06013573128366803,0
15.363305568695068,1.001418423275435,[0.91009086],0.005,0.1,-0.040801412080889166,-0.05561032438787751,0
15.37313199043274,0.9979012463741749,[0.90615631],0.005,0.1,0.07310244777799207,-0.05215555172561143,0
15.384479284286499,0.9936024746059682,[0.9022161],0.005,0.1,0.09294475072337102,-0.04939115273145038,0
15.393200874328613,0.9908668925716548,[0.89828035],0.005,0.1,0.07761385777431977,-0.03441201273468496,0
15.402225732803345,0.9879359118206047,[0.89435762],0.005,0.1,0.052938699114239915,-0.05185463258385434,0
15.41013216972351,0.9852003297862914,[0.8904491],0.005,0.1,0.029307702651236507,-0.03608561359206241,0
15.418603658676147,0.9826601464687146,[0.88656156],0.005,0.1,0.28618948299055724,-0.039100740479166195,0
15.429126024246216,0.9789475708507178,[0.88270044],0.005,0.1,0.30511620572115905,-0.04109547664656076,0
15.440131902694702,0.9752349952327212,[0.87886406],0.005,0.1,0.24016392811437154,-0.04256473169677034,0
15.449959754943848,0.9719132170481978,[0.87504466],0.005,0.1,0.15766157800679212,-0.05970937711378517,0
15.460144519805908,0.9683960401469377,[0.87123542],0.005,0.1,0.08329161213835613,-0.040558652856225584,0
15.468108415603638,0.9658558568293609,[0.8674423],0.005,0.1,0.024671068164240237,-0.042760256042760465,0
15.478133916854858,0.9623386799281008,[0.86367006],0.005,0.1,0.25800204825582973,-0.044360513305594144,0
15.486109256744385,0.9596030978937875,[0.85992233],0.005,0.1,0.26187414862149455,-0.03204208990629166,0
15.499274969100952,0.9551089274088441,[0.85620166],0.005,0.1,0.18798230086242748,-0.05129063663233824,0
15.509035587310791,0.9519825479410575,[0.85249749],0.005,0.1,0.1008341252711768,-0.051332454258562116,0
15.520123720169067,0.9482699723230607,[0.84880028],0.005,0.1,0.30080391565557973,-0.05136796559636704,0
15.529243230819702,0.9453389915720106,[0.84511372],0.005,0.1,0.27558342424470006,-0.03661562911248874,0
15.538495302200317,0.9420172133874872,[0.84144022],0.005,0.1,0.17933655437283982,-0.05812003332158507,0
15.546098232269287,0.9394770300699106,[0.83777502],0.005,0.1,0.07635405725964656,-0.04125205332546643,0
15.557181358337402,0.9359598531686504,[0.83411338],0.005,0.1,0.2658914736178517,-0.06391050212967188,0
15.565098762512207,0.9332242711343369,[0.83045061],0.005,0.1,0.2343791356437307,-0.04512064025561777,0
15.574450016021729,0.9299024929498136,[0.82678872],0.005,0.1,0.13486357136188865,-0.049740804633446496,0
15.584172248840332,0.926776113482027,[0.8231287],0.005,0.1,0.030740562566194923,-0.05398939289027479,0
15.593225955963135,0.9240405314477135,[0.81947095],0.005,0.1,-0.0554515584425288,-0.03981033394890059,0
15.602205753326416,0.9209141519799268,[0.81582194],0.005,0.1,-0.1188280118909332,-0.047371697018848406,0
15.612154006958008,0.9175923737954035,[0.81217962],0.005,0.1,-0.16139035808700697,-0.053841140846492594,0
15.624241352081299,0.9136843994606699,[0.80852753],0.005,0.1,-0.18722703167352872,-0.08206953890748434,0
15.633141040802002,0.91075341870962,[0.80485107],0.005,0.1,-0.20052234631821342,-0.05773109653433458,0
15.642126083374023,0.9076270392418332,[0.80115159],0.005,0.1,-0.20484696544540776,-0.06346810777685709,0
15.651936292648315,0.9041098623405732,[0.79742972],0.005,0.1,-0.20300317939634188,-0.06848323419040764,0
15.665246963500977,0.9000064892891031,[0.79367075],0.005,0.1,-0.1970874480771433,-0.0998199454913127,0
15.676273822784424,0.8964893123878431,[0.78985421],0.005,0.1,-0.18861948995474714,-0.09636408352803465,0
15.6861252784729,0.8929721354865829,[0.78597],0.005,0.1,-0.4547135526441528,-0.09466290337139376,0
15.696932315826416,0.8888687624351129,[0.78201699],0.005,0.1,-0.4771637918135554,-0.09401947066587772,0
15.710216045379639,0.8841791932334329,[0.77798613],0.005,0.1,-0.6872075685442309,-0.12729501882098632,0
15.723114728927612,0.8796850227484895,[0.7738533],0.005,0.1,-0.9095016559683039,-0.15700181540028318,0
15.733110189437866,0.8759724471304927,[0.76960624],0.005,0.1,-0.8065520872747809,-0.10474088608291891,0
15.742121696472168,0.8726506689459693,[0.76525942],0.005,0.1,-0.8847942139945104,-0.10622170896427947,0
15.75303030014038,0.8685472958944992,[0.76081659],0.005,0.1,-1.2719348916713142,-0.14731046147286717,0
15.764111280441284,0.8644439228430292,[0.75626389],0.005,0.1,-1.3936825956189711,-0.13936958056603013,0
15.77212119102478,0.861512942091979,[0.75160727],0.005,0.1,-1.3901175071283967,-0.09781113452270951,0
15.78067660331726,0.8581911639074556,[0.74686961],0.005,0.1,-1.3301976562003244,-0.10722603016190345,0
15.789114713668823,0.8548693857229324,[0.74207067],0.005,0.1,-1.5235923312479827,-0.07973559854936035,0
15.797090768814087,0.8517430062551457,[0.73722728],0.005,0.1,-1.4674878277472025,-0.096342079145676,0
15.810004711151123,0.8466626396199921,[0.73233471],0.005,0.1,-1.6001329501646708,-0.15331745253173637,0
15.819286584854126,0.843145462718732,[0.72736989],0.005,0.1,-1.4731129237877991,-0.15429665474487148,0
15.827191591262817,0.840214481967682,[0.72233223],0.005,0.1,-1.2689371694252265,-0.11083750513149886,0
15.837961196899414,0.835524912766002,[0.71723075],0.005,0.1,-1.0634834179471846,-0.17311194193337973,0
15.84912919998169,0.8310307422810586,[0.712054],0.005,0.1,-0.8838925631633651,-0.1708638841698535,0
15.857115507125854,0.8277089640965352,[0.70679286],0.005,0.1,-0.4601067530873591,-0.1712352147687577,0
15.866108417510986,0.8238009897618018,[0.70145995],0.005,0.1,-0.30872654996336646,-0.12183413740901872,0
15.875674724578857,0.8196976167103317,[0.69607662],0.005,0.1,-0.2701184722718626,-0.13551062811317138,0
15.886122465133667,0.8155942436588616,[0.69065187],0.005,0.1,-0.27191713206374235,-0.1462345335812942,0
15.897244930267334,0.8112954718906548,[0.68517464],0.005,0.1,-0.28312201038018225,-0.20942592103896304,0
15.906128883361816,0.8077782949893948,[0.67963668],0.005,0.1,-0.01579094037807144,-0.14507693774078032,0
15.917805910110474,0.8030887257877147,[0.67404223],0.005,0.1,0.01458693328812019,-0.20617316712818035,0
15.92611575126648,0.7991807514529814,[0.6683869],0.005,0.1,-0.03728096146190309,-0.1948736168976348,0
15.93509030342102,0.7956635745517212,[0.66267789],0.005,0.1,0.17070863757674243,-0.13547430551238693,0
15.944923400878906,0.7921463976504612,[0.65694159],0.005,0.1,0.4208058221470292,-0.14412922919852794,0
15.953135967254639,0.788629220749201,[0.65120118],0.005,0.1,0.631893514324398,-0.10540927270446883,0
15.964857816696167,0.783939651547521,[0.64546792],0.005,0.1,0.782730766265769,-0.16793326952616267,0
15.973167896270752,0.7802270759295242,[0.63974282],0.005,0.1,0.876115529386941,-0.11915428224609122,0
15.984363317489624,0.7755375067278442,[0.63402745],0.005,0.1,0.922744099762437,-0.17810903978429565,0
15.99325966835022,0.7718249311098475,[0.62832377],0.005,0.1,0.9343848185053152,-0.12478300349159735,0
16.0020968914032,0.7681123554918509,[0.62264246],0.005,0.1,0.9213350946393131,-0.13400646968944607,0
16.0130717754364,0.7636181850069071,[0.61698399],0.005,0.1,0.8917584746520604,-0.19145903604325082,0
16.024158477783203,0.7591240145219639,[0.61133126],0.005,0.1,0.8517786502155817,-0.18177385928331247,0
16.033233642578125,0.7554114389039671,[0.60567842],0.005,0.1,0.8058238167867091,-0.17604865037789455,0
16.044151067733765,0.7511126671357603,[0.60002906],0.005,0.1,0.7570065630124377,-0.17260981038186324,0
16.052881002426147,0.7477908889512369,[0.59438585],0.005,0.1,0.7074588093478631,-0.1724294156798347,0
16.061115503311157,0.7444691107667136,[0.58875053],0.005,0.1,0.6586004022026961,-0.17392900055764238,0
16.069106817245483,0.7411473325821902,[0.58313288],0.005,0.1,0.6113438571679213,-0.1252103147243347,0
16.07880139350891,0.7372393582474569,[0.57754942],0.005,0.1,0.5662457290032985,-0.14111323968030703,0
16.087124824523926,0.7337221813461967,[0.5720043],0.005,0.1,0.5236163066740628,-0.1551778222271763,0
16.09811568260193,0.7290326121445166,[0.56649105],0.005,0.1,0.20755964250759834,-0.16572506977606707,0
16.107099771499634,0.7255154352432566,[0.56100322],0.005,0.1,0.1370578166297929,-0.17569187661107782,0
16.120095014572144,0.7202396698913666,[0.55552522],0.005,0.1,0.15737530179816817,-0.2478513024224208,0
16.129838228225708,0.7161362968398964,[0.55004326],0.005,0.1,0.2011877793198571,-0.17197194024156875,0
16.14010453224182,0.7118375250716897,[0.54456392],0.005,0.1,-0.034211339380226,-0.18161455619917893,0
16.14912247657776,0.7079295507369562,[0.53909245],0.005,0.1,-0.038341863759627795,-0.19057927374895975,0
16.160956621170044,0.7034353802520129,[0.53361432],0.005,0.1,0.3092793609081518,-0.26697864024904017,0
16.17011308670044,0.6997228046340161,[0.52811719],0.005,0.1,0.42436690407266464,-0.18486077121861583,0
16.178101301193237,0.6965964251662294,[0.52260959],0.005,0.1,0.4376195657430656,-0.19500664111085633,0
16.18768882751465,0.692688450831496,[0.51709891],0.005,0.1,0.13427359538736366,-0.20266182026974722,0
16.196190357208252,0.6889758752134992,[0.51159149],0.005,0.1,0.3370840360994709,-0.14752435127996422,0
16.20650887489319,0.6846771034452925,[0.50609275],0.005,0.1,0.3842594893282957,-0.23323095567167154,0
16.216889142990112,0.6803783316770857,[0.50058868],0.005,0.1,0.3677460266021272,-0.23079561413364036,0
16.227331399917603,0.6760795599088789,[0.49506761],0.005,0.1,0.32944933853716074,-0.22877208469759097,0
16.236108779907227,0.6727577817243556,[0.48952944],0.005,0.1,0.28746143058298235,-0.22849483851730232,0
16.24483561515808,0.6692406048230957,[0.48398371],0.005,0.1,0.2488131151687991,-0.16370058930723955,0
16.255829095840454,0.6645510356214154,[0.47844798],0.005,0.1,0.21559757109912345,-0.18050132542928463,0
16.266108751296997,0.6600568651364721,[0.47292787],0.005,0.1,-0.08818319775611154,-0.19361178309777355,0
16.276073694229126,0.6559534920850019,[0.46741887],0.005,0.1,-0.14427106485822885,-0.20336789827897467,0
16.287182092666626,0.6516547203167954,[0.46191727],0.005,0.1,0.16782448961055862,-0.2102962166119516,0
16.295914888381958,0.6483329421322718,[0.45642009],0.005,0.1,0.2611246969222012,-0.21630384320753196,0
16.304924726486206,0.6448157652310118,[0.45092506],0.005,0.1,0.2631122666969147,-0.2203542111512877,0
16.316164255142212,0.6403215947460684,[0.44542163],0.005,0.1,-0.04387617795145135,-0.29659747259300584,0
16.327117443084717,0.6360228229778616,[0.43990146],0.005,0.1,-0.11546222094679572,-0.2029061449674427,0
16.337850093841553,0.6315286524929183,[0.43436732],0.005,0.1,-0.0962617957893867,-0.27867153484589696,0
16.347096920013428,0.6274252794414481,[0.42882242],0.005,0.1,-0.05032106711731261,-0.1917560083129543,0
16.359014987945557,0.6223449128062948,[0.42327039],0.005,0.1,-0.003894846355709674,-0.26494464446897725,0
16.36810564994812,0.618632337188298,[0.41771514],0.005,0.1,0.3099518187488955,-0.1833101818944462,0
16.380296230316162,0.6137473692698813,[0.41216094],0.005,0.1,0.3705192190584425,-0.25336235226973053,0
16.390889167785645,0.6090578000682011,[0.40660422],0.005,0.1,0.33357665941652537,-0.23529381982800468,0
16.40218710899353,0.6047590282999944,[0.40104315],0.005,0.1,0.2682520590891163,-0.22055767196341963,0
16.411150693893433,0.6010464526819976,[0.39548602],0.005,0.1,0.20298109101419698,-0.20896710734272628,0
16.422836542129517,0.5963568834803176,[0.38993355],0.005,0.1,0.1476931033665338,-0.2585901185430884,0
16.433147430419922,0.5920581117121109,[0.38438027],0.005,0.1,0.10435203582923126,-0.22814449495686526,0
16.442464113235474,0.5881501373773773,[0.37883094],0.005,0.1,0.0718404549695416,-0.20530655705101278,0
16.45339345932007,0.584242163042644,[0.37329876],0.005,0.1,0.0481310837236932,-0.18794658124195013,0
16.465099811553955,0.5789663976907539,[0.36778931],0.005,0.1,0.031183231505631813,-0.2234455729094072,0
16.47412085533142,0.5752538220727572,[0.36230846],0.005,0.1,0.019258481557838627,-0.14861518621622133,0
16.48711371421814,0.5697826580041304,[0.3568758],0.005,0.1,0.010985771252438464,-0.14118352703836817,0
16.49695897102356,0.5660700823861337,[0.35150867],0.005,0.1,0.00532900341489894,-0.13558451049944498,0
16.507040977478027,0.5619667093346636,[0.34621559],0.005,0.1,0.277563766578884,-0.12963257815114623,0
16.51719307899475,0.5576679375664568,[0.34100419],0.005,0.1,0.30818587284654986,-0.12356751023313549,0
16.528152227401733,0.5533691657982501,[0.33588125],0.005,0.1,0.25149227292856907,-0.1175382329971922,0
16.53625988960266,0.5502427863304634,[0.33085836],0.005,0.1,0.17443689232811033,-0.08333674230830883,0
16.54874086380005,0.54516241969531,[0.32594534],0.005,0.1,0.10337229795397346,-0.1152036791532693,0
16.559168338775635,0.5408636479271033,[0.32113909],0.005,0.1,0.04649854210043053,-0.10697750189051228,0
16.569201707839966,0.5365648761588965,[0.31643682],0.005,0.1,0.004442267357416915,-0.0995318445800691,0
16.579046726226807,0.532656901824163,[0.31184175],0.005,0.1,-0.02490539347504281,-0.09317734277232603,0
16.588154077529907,0.5293351236396396,[0.3073612],0.005,0.1,0.23175239933020364,-0.06617818805558341,0
16.599467277526855,0.5246455544379596,[0.30300099],0.005,0.1,0.2529195791031823,-0.08949671350610416,0
16.60709285736084,0.5215191749701729,[0.2987604],0.005,0.1,0.19120198237363983,-0.063055658944223,0
16.617653369903564,0.5172204032019662,[0.29463837],0.005,0.1,0.38826576687898834,-0.08343902780257383,0
16.62709379196167,0.5135078275839694,[0.29062908],0.005,0.1,0.6265558478836074,-0.07672014553245665,0
16.636590242385864,0.5097952519659726,[0.28672716],0.005,0.1,0.8253270107954243,-0.07095480621648688,0
16.64520788192749,0.506082676347976,[0.28293226],0.005,0.1,0.963702636998458,-0.06611391434666569,0
16.65643072128296,0.5021747020132425,[0.27924368],0.005,0.1,0.7687367400801699,-0.061789525448583495,0
16.666097164154053,0.49865752511198247,[0.27566038],0.005,0.1,0.7702919119289546,-0.058070134018903326,0
16.675849199295044,0.4951403482107224,[0.27218104],0.005,0.1,0.8255878823263844,-0.05477424661592109,0
16.686098098754883,0.4914277725927257,[0.2688041],0.005,0.1,0.8777751008929588,-0.05163699340008961,0
16.69710373878479,0.48712900082451893,[0.2655278],0.005,0.1,0.9085124286317099,-0.048564627640198664,0
16.706095695495605,0.48380722263999554,[0.26235021],0.005,0.1,0.9156006501098124,-0.0459839819008258,0
16.717546701431274,0.47970384958852547,[0.25926596],0.005,0.1,0.9027398894900283,-0.05469096511492158,0
16.726113080978394,0.4767728688374754,[0.2562668],0.005,0.1,0.8750662224785043,-0.04855342267118484,0
16.73513698577881,0.4732556919362153,[0.25335213],0.005,0.1,0.8373800016713603,-0.03452565961664118,0
16.744210958480835,0.47012931246842854,[0.25052752],0.005,0.1,0.5175432007964782,-0.033906666577085035,0
16.754271268844604,0.4664167368504319,[0.24779395],0.005,0.1,0.437450746575237,-0.03292636767057906,0
16.763116359710693,0.4634857560993818,[0.24514858],0.005,0.1,0.7205624889983145,-0.031981671236403234,0
16.775068521499634,0.4591869843311751,[0.24258576],0.005,0.1,0.7821496421337717,-0.03796947177497107,0
16.788100242614746,0.45469281384623167,[0.24009766],0.005,0.1,0.7513185227173322,-0.033723738459612976,0
16.799845933914185,0.4509802382282349,[0.23767773],0.005,0.1,0.6875708099556348,-0.03737854228051096,0
16.808499813079834,0.4480492574771848,[0.23532311],0.005,0.1,0.8931235295207495,-0.026482393857930976,0
16.81609034538269,0.4457044728763448,[0.23303635],0.005,0.1,0.85958012954473,-0.025094466816983668,0
16.826810836791992,0.44238269469182145,[0.23081939],0.005,0.1,0.7451060635174052,-0.023736856977571733,0
16.835161924362183,0.439647112657508,[0.2286733],0.005,0.1,0.6173811228045676,-0.018464591964414148,0
16.84610342979431,0.43593453703951135,[0.22660093],0.005,0.1,0.7782869253834039,-0.018547916932083252,0
16.857487201690674,0.43261275885498784,[0.22459976],0.005,0.1,0.7161819220289802,-0.02216317707613239,0
16.866092205047607,0.4298771768206745,[0.22266501],0.005,0.1,0.5854732067369113,-0.017057839315572795,0
16.87720036506653,0.4263599999194144,[0.22079666],0.005,0.1,0.7265214333044154,-0.016689077074709017,0
16.886104583740234,0.42381981660183776,[0.21899445],0.005,0.1,0.6435196152243993,-0.01635639815523926,0
16.897151470184326,0.42030263970057774,[0.21725571],0.005,0.1,0.4964217928204184,-0.01570355879689365,0
16.908775091171265,0.4169808615160543,[0.21557618],0.005,0.1,0.6267149414458056,-0.017701932304567892,0
16.919090509414673,0.41424527948174095,[0.2139503],0.005,0.1,0.8140517052063869,-0.016130148381724267,0
16.930103540420532,0.41092350129721755,[0.21237515],0.005,0.1,0.6983555477848542,-0.014771692547345745,0
16.939226388931274,0.40857871669637746,[0.2108499],0.005,0.1,0.4986847930793973,-0.013775238190113111,0
16.947099685668945,0.4066247295290108,[0.20937528],0.005,0.1,0.3039274439255509,-0.011332022303603506,0
16.956104278564453,0.404084546211434,[0.20795314],0.005,0.1,0.4201473380501506,-0.011218681151362618,0
16.965173959732056,0.4013489641771207,[0.20658315],0.005,0.1,0.333339996891434,-0.010981216363250968,0
16.977160215377808,0.39822258470933397,[0.20526314],0.005,0.1,0.1936512008289642,-0.010590265197161245,0
16.986170530319214,0.3960731988252306,[0.20399113],0.005,0.1,0.06115163312942454,-0.010292086869882196,0
16.99594736099243,0.3937284142243905,[0.20276519],0.005,0.1,0.23144645490676113,-0.009975377227064335,0
17.00984764099121,0.3906020347566038,[0.20158222],0.005,0.1,0.4641076964991011,-0.010679416503341891,0
17.020147562026978,0.3880618514390271,[0.20043825],0.005,0.1,0.3910376373325981,-0.009881879638903059,0
17.030251264572144,0.3857170668381871,[0.19933112],0.005,0.1,0.5047513185941325,-0.009270107260221516,0
17.04106307029724,0.383372282237347,[0.19826013],0.005,0.1,0.3749083893319601,-0.008762787875046942,0
17.054499626159668,0.3798551053360869,[0.19722246],0.005,0.1,0.4628498470477014,-0.009985716727530973,0
17.06307554244995,0.3780965168854569,[0.19621457],0.005,0.1,0.3226164425610544,-0.008177381900466265,0
17.072257041931152,0.3757517322846169,[0.19523662],0.005,0.1,0.13168368198696984,-0.007699913865909869,0
17.081063985824585,0.37399314383398685,[0.19429068],0.005,0.1,-0.040877250922009306,-0.00683689472832043,0
17.091015815734863,0.37164835923314676,[0.19337828],0.005,0.1,0.10179300861958936,-0.006693353083478992,0
17.101063013076782,0.3696943720657801,[0.19249947],0.005,0.1,0.04160048703527922,-0.006565425701642445,0
17.11106276512146,0.36734958746494006,[0.19165314],0.005,0.1,-0.07297647681499934,-0.006371558401228839,0
17.120084047317505,0.3655909990143101,[0.19083819],0.005,0.1,-0.1824198902215682,-0.0062236509984800095,0
17.129334926605225,0.36383241056368,[0.19005353],0.005,0.1,-0.26722701315537684,-0.0060772391883379615,0
17.13963747024536,0.36187842339631326,[0.18929805],0.005,0.1,-0.3247811730416007,-0.005909543558276843,0
17.148134231567383,0.3603152336624199,[0.18857137],0.005,0.1,-0.3587272143716908,-0.005504553346945079,0
17.16022539138794,0.3579704490615799,[0.18787295],0.005,0.1,-0.09827860742280844,-0.005697885091897051,0
17.16820478439331,0.3566026580444232,[0.18720129],0.005,0.1,0.2086591842406142,-0.005305737629152334,0
17.17814064025879,0.3548440695937931,[0.18655564],0.005,0.1,0.19370604307660652,-0.005238954450921878,0
17.187162160873413,0.3532808798598998,[0.1859352],0.005,0.1,0.07562064584632693,-0.005170872492290091,0
17.20052742958069,0.3507406965423231,[0.18533762],0.005,0.1,0.221893799565041,-0.005273873438013303,0
17.20972776412964,0.3491775068084297,[0.18476003],0.005,0.1,0.1467974222092735,-0.005101373221589255,0
17.22092032432556,0.3474189183577997,[0.18419989],0.005,0.1,0.012926798478616719,-0.00521059636179226,0
17.23009943962097,0.34605112734064297,[0.1836556],0.005,0.1,-0.114588835657665,-0.004769507826437221,0
17.243260622024536,0.3439017414565396,[0.18312633],0.005,0.1,0.06158323304792611,-0.004862297931438269,0
17.25260353088379,0.34233855172264627,[0.18261059],0.005,0.1,0.025292690539223166,-0.004698197545298139,0
17.262081384658813,0.3411661594222262,[0.18210701],0.005,0.1,-0.07281912199022603,-0.004587999130842349,0
17.272133350372314,0.33960296968833287,[0.1816156],0.005,0.1,-0.17132230962191058,-0.0042753081311682805,0
17.282018184661865,0.3382351786711762,[0.18113624],0.005,0.1,-0.24918004667106466,-0.004443489067250168,0
17.292088985443115,0.3368673876540195,[0.18066801],0.005,0.1,-0.30260681803319306,-0.00414621647562341,0
17.301616668701172,0.33549959663686285,[0.18021005],0.005,0.1,-0.3343844500689125,-0.004313161291053298,0
17.310093641281128,0.33452260305317943,[0.17976148],0.005,0.1,-0.34914069575396806,-0.0040439431718394,0
17.321498155593872,0.3327640146025494,[0.17932154],0.005,0.1,-0.3514226800047977,-0.004168389793141227,0
17.332414865493774,0.3313962235853927,[0.17888889],0.005,0.1,-0.34503730290616463,-0.004063403475532697,0
17.34207010269165,0.33002843256823605,[0.17846233],0.005,0.1,-0.6089721691455523,-0.003957766532983052,0
17.35107159614563,0.3292468377012893,[0.17804212],0.005,0.1,-0.6264565034458505,-0.0037418206528128193,0
17.36332392692566,0.32768364796739596,[0.17762849],0.005,0.1,-0.5537442649033976,-0.003848939796909086,0
17.373112201690674,0.326511255666976,[0.17722105],0.005,0.1,-0.4591591240497784,-0.003606739004284941,0
17.382542610168457,0.3255342620832926,[0.17681949],0.005,0.1,-0.36999217592553146,-0.003735670455537519,0
17.390928030014038,0.3245572684996093,[0.17642357],0.005,0.1,-0.2950716998926431,-0.003513806723194867,0
17.400653839111328,0.32358027491592595,[0.1760337],0.005,0.1,-0.23543261792072903,-0.0034818979866795717,0
17.409727096557617,0.3227986800489792,[0.17565031],0.005,0.1,-0.1892203789960501,-0.003452508032173199,0
17.420872688293457,0.32143088903182254,[0.17527281],0.005,0.1,-0.15384126438031556,-0.003497499036533656,0
17.42975425720215,0.32045389544813924,[0.1749008],0.005,0.1,-0.1268263523965163,-0.00329724973650805,0
17.440104246139526,0.3194769018644558,[0.17453496],0.005,0.1,-0.10611563070834329,-0.0032526166743356622,0
17.452109575271606,0.31830450956403583,[0.17417556],0.005,0.1,-0.09009650784761791,-0.003276333363081146,0
17.463568449020386,0.31693671854687916,[0.17380507],0.005,0.1,-0.3535889147373755,-0.02094419792902096,0
17.47218918800354,0.3161551236799325,[0.17339139],0.005,0.1,-0.3767390502422094,-0.013947582949550789,0
17.482187509536743,0.31498273137951244,[0.17292599],0.005,0.1,-0.5896179396909469,-0.007197691146260466,0
17.49214458465576,0.31381033907909234,[0.17242241],0.005,0.1,-0.540028723959376,-0.004909913440757928,0
17.505167484283447,0.3126379467786724,[0.17189199],0.005,0.1,-0.6849047443399381,-0.004312659355439532,0
17.514125108718872,0.31185635191172567,[0.17134166],0.005,0.1,-0.5806149102655289,-0.0038865500663904096,0
17.524041891098022,0.31087935832804237,[0.17077736],0.005,0.1,-0.6849797202862623,-0.003417895884958359,0
17.536426067352295,0.3095115673108857,[0.17020594],0.005,0.1,-0.5524438954795605,-0.0030090982787155485,0
17.548994064331055,0.30853457372720233,[0.16963564],0.005,0.1,-0.3621785462259626,-0.0027144545063254406,0
17.558048009872437,0.30775297886025565,[0.16907614],0.005,0.1,-0.46116692358259914,-0.0027126953352076305,0
17.567111015319824,0.3069713839933089,[0.1685369],0.005,0.1,-0.35291484644830357,-0.0027944128479452726,0
17.57807159423828,0.30618978912636224,[0.16802657],0.005,0.1,-0.19426425946604078,-0.0032035771117478982,0
17.587141036987305,0.3054081942594156,[0.16755474],0.005,0.1,-0.3232361524044801,-0.0039306617093516185,0
17.599524974822998,0.3046265993924689,[0.16713385],0.005,0.1,-0.24040063071155715,-0.006360524399427931,0
17.6097571849823,0.3038450045255222,[0.16677832],0.005,0.1,-0.10221706306043227,-0.00785771006636352,0
17.618606567382812,0.3032588083753122,[0.16650072],0.005,0.1,-0.24727805738643463,-0.009761423840197915,0
17.629072666168213,0.3024772135083655,[0.1663117],0.005,0.1,-0.17697651537981995,-0.0120395464884844,0
17.638136386871338,0.30169561864141886,[0.1662217],0.005,0.1,-0.32460017114946793,-0.014758709359991599,0
17.64686679840088,0.3011094224912088,[0.16624091],0.005,0.1,-0.51045204395306,-0.017914683864491295,0
17.6551456451416,0.3005232263409988,[0.16637536],0.005,0.1,-0.6671761222814692,-0.015188164823411256,0
17.664201736450195,0.29974163147405214,[0.16662723],0.005,0.1,-0.7767373624390774,-0.01975758811316724,0
17.6762216091156,0.2987646378903688,[0.16700258],0.005,0.1,-0.8409746847264944,-0.024549863651183546,0
17.68528151512146,0.29837384045689547,[0.16751101],0.005,0.1,-0.5922825583296846,-0.02961960254596976,0
17.69311785697937,0.2977876443066855,[0.16815663],0.005,0.1,-0.5590096224506775,-0.02427617554391943,0
17.70505666732788,0.2968106507230021,[0.16894372],0.005,0.1,-0.5947154082660214,-0.0436181737459104,0
17.713658571243286,0.2964198532895288,[0.16988652],0.005,0.1,-0.6387116582628204,-0.04827577367364641,0
17.723079204559326,0.29544285970584544,[0.17099753],0.005,0.1,-0.6693536103274893,-0.05248728856595754,0
17.734189987182617,0.2946612648388987,[0.17228255],0.005,0.1,-0.681841264241827,-0.057002508867412774,0
17.74628782272339,0.2934888725384787,[0.17375317],0.005,0.1,-0.9539668444157775,-0.08286943995312183,0
17.754718542099,0.2929026763882687,[0.1754192],0.005,0.1,-0.9705060148006224,-0.06034179794306938,0
17.76353120803833,0.292121081521322,[0.1772755],0.005,0.1,-0.889957846682655,-0.06594067523175709,0
17.773194313049316,0.29114408793763863,[0.17931734],0.005,0.1,-1.058810573027682,-0.07093501359561023,0
17.78508448600769,0.28997169563721864,[0.18154685],0.005,0.1,-1.2631826425078947,-0.07494932501894064,0
17.79486632347107,0.2887993033367986,[0.18396525],0.005,0.1,-1.4250030555663238,-0.07804622688703872,0
17.80519938468933,0.28782230975311524,[0.18657271],0.005,0.1,-1.5252759201090054,-0.08031917948088067,0
17.815642595291138,0.28664991745269525,[0.18937637],0.005,0.1,-1.5683753187252276,-0.10804158804951115,0
17.825084924697876,0.2854775251522752,[0.19238091],0.005,0.1,-1.5660554717513409,-0.07472628683449081,0
17.834142446517944,0.2845005315685919,[0.19557264],0.005,0.1,-1.5307587329614516,-0.07593944759305472,0
17.842052459716797,0.2833281392681718,[0.1989301],0.005,0.1,-1.473180710581365,-0.05474477754974659,0
17.850051164627075,0.2825465444012252,[0.20243333],0.005,0.1,-1.677728130289146,-0.05970851271895143,0
17.85910201072693,0.2811787533840685,[0.20607202],0.005,0.1,-1.6316448353625816,-0.06151250476269034,0
17.871922731399536,0.27961556365017515,[0.2098523],0.005,0.1,-1.7700728980141458,-0.08022845020371566,0
17.8836886882782,0.2782477726330184,[0.2137857],0.005,0.1,-1.64433305144723,-0.07087144523857293,0
17.892239093780518,0.2770753803325984,[0.2178634],0.005,0.1,-1.4376897123422951,-0.04707466921353076,0
17.90007472038269,0.276098386748915,[0.22205941],0.005,0.1,-1.2270054065219465,-0.04517699283053302,0
17.91015648841858,0.2745351970150217,[0.22635798],0.005,0.1,-1.0403258626468663,-0.04136647944174123,0
17.92313575744629,0.2729720072811283,[0.23076025],0.005,0.1,-0.8843610551026342,-0.04718942109792822,0
17.93216061592102,0.271995013697445,[0.23526536],0.005,0.1,-0.48126901375042686,-0.02907944069576888,0
17.943248510360718,0.27043182396355164,[0.23985472],0.005,0.1,-0.06941426280396301,-0.02400903243323437,0
17.95303988456726,0.26886863422965823,[0.24451086],0.005,0.1,-0.008195710573043247,-0.01845857912770733,0
17.965352296829224,0.2671100457790282,[0.2492331],0.005,0.1,0.2046231689531698,-0.01531947241021038,0
17.97409749031067,0.2661330521953449,[0.25401932],0.005,0.1,0.4233662887310672,-0.006529476479947589,0
17.984501123428345,0.2645698624614515,[0.25885092],0.005,0.1,0.5973754256474064,-0.0009662877529774279,0
17.994524240493774,0.2633974701610315,[0.26371081],0.005,0.1,0.7167499789604668,0.004345444877751758,0
18.003211498260498,0.26222507786061144,[0.26859102],0.005,0.1,0.7872500314762645,0.009606754963384641,0
18.01110816001892,0.26124808427692814,[0.27347655],0.005,0.1,0.819170484379619,0.010277705156891432,0
18.021015882492065,0.2604664894099814,[0.27835387],0.005,0.1,1.0988117340222694,0.020911993104665762,0
18.03030037879944,0.2594894958262981,[0.28321821],0.005,0.1,1.6679398616532866,0.018293896548623536,0
18.039546728134155,0.25870790095935137,[0.28805802],0.005,0.1,2.2021331414067884,0.02318389480221222,0
18.052422285079956,0.25792630609240474,[0.29286977],0.005,0.1,2.8731934389724056,0.037109488073983496,0
18.063076734542847,0.2573401099421947,[0.29766367],0.005,0.1,3.7023834981470407,0.03892353787952243,0
18.072092056274414,0.25694931250872133,[0.30244075],0.005,0.1,4.104478267660159,0.04048757087682367,0
18.08403754234314,0.256558515075248,[0.30720076],0.005,0.1,4.519434968161562,0.0545951121680192,0
18.094710111618042,0.2563631163585114,[0.3119491],0.005,0.1,4.529419858049259,0.05234376216620389,0
18.103184938430786,0.2561677176417747,[0.31667682],0.005,0.1,4.62879201722281,0.03841525146073263,0
18.11449146270752,0.2561677176417747,[0.32136925],0.005,0.1,4.682520662656736,0.05396390477740579,0
18.12414050102234,0.255972318925038,[0.32602587],0.005,0.1,4.379115046403517,0.05255146986938009,0
18.135257720947266,0.2561677176417747,[0.33065169],0.005,0.1,3.6897715247395917,0.06617910638439639,0
18.144958019256592,0.2561677176417747,[0.33525002],0.005,0.1,3.2388923680313977,0.061002915780978634,0
18.15451979637146,0.2561677176417747,[0.33981164],0.005,0.1,2.635560708518447,0.04363379365554391,0
18.164095878601074,0.2563631163585114,[0.34431707],0.005,0.1,2.066145629907606,0.04525837417893458,0
18.174381971359253,0.2563631163585114,[0.34875579],0.005,0.1,1.3150084480457207,0.04701532608810587,0
18.185073137283325,0.256558515075248,[0.35312489],0.005,0.1,0.6322927121142171,0.04824763143595339,0
18.194904565811157,0.2567539137919847,[0.35742225],0.005,0.1,0.3697755187325839,0.04934910280174307,0
18.205061435699463,0.25694931250872133,[0.36164656],0.005,0.1,0.011964856891055392,0.05045348087281088,0
18.216957092285156,0.257144711225458,[0.36580265],0.005,0.1,-0.5847282140060502,0.06755319067397922,0
18.226128339767456,0.2575355086589314,[0.3698952],0.005,0.1,-0.8619146389018411,0.04824820681875589,0
18.236074447631836,0.25773090737566806,[0.37391815],0.005,0.1,-0.9732115273881994,0.050444683264460874,0
18.24609684944153,0.25792630609240474,[0.37787245],0.005,0.1,-0.9982670380096416,0.06941158204641727,0
18.25809907913208,0.25831710352587806,[0.38177039],0.005,0.1,-0.9788130734843936,0.06667277972196321,0
18.266124963760376,0.25851250224261474,[0.38561792],0.005,0.1,-1.2130159140185763,0.06542955464863433,0
18.27507495880127,0.25890329967608805,[0.38941033],0.005,0.1,-1.1938031554334974,0.04820518673921498,0
18.28530788421631,0.2594894958262981,[0.39314471],0.005,0.1,-1.082315360197977,0.07143815184403439,0
18.29377508163452,0.2596848945430347,[0.39682511],0.005,0.1,-1.2253482596120717,0.05286174241996657,0
18.302144527435303,0.2600756919765081,[0.4004506],0.005,0.1,-1.1324180330206393,0.058444208155601314,0
18.31203556060791,0.2604664894099814,[0.40402177],0.005,0.1,-0.9675754065115484,0.06378881666911328,0
18.321915864944458,0.26085728684345477,[0.40754601],0.005,0.1,-0.799286181387564,0.06892418197338161,0
18.333149194717407,0.26144348299366477,[0.41103101],0.005,0.1,-0.9283090297851704,0.07387960972089952,0
18.34311056137085,0.26202967914387476,[0.41448459],0.005,0.1,-0.8413739566250783,0.07877706900379489,0
18.354161262512207,0.2626158752940848,[0.4179147],0.005,0.1,-0.6913216091443262,0.08374263898590217,0
18.36514663696289,0.2632020714442948,[0.42132929],0.005,0.1,-0.5411595860439304,0.08907543829771482,0
18.374885082244873,0.2637882675945048,[0.42473632],0.005,0.1,-0.41299911675055834,0.09432889934970295,0
18.38515567779541,0.2645698624614515,[0.42814362],0.005,0.1,-0.5873560072264647,0.09995600959983424,0
18.394792795181274,0.2651560586116615,[0.43155883],0.005,0.1,-0.5429090465922553,0.105973932763944,0
18.405069589614868,0.2659376534786082,[0.43498947],0.005,0.1,-0.15389890018329988,0.11213713940672777,0
18.417335510253906,0.26691464706229157,[0.43844983],0.005,0.1,-0.0020429086490623694,0.1585186588334329,0
18.426050424575806,0.2676962419292382,[0.44195284],0.005,0.1,0.32065968120648447,0.11472632912039438,0
18.438117742538452,0.26886863422965823,[0.44550332],0.005,0.1,0.3571751077957725,0.1675927862045147,0
18.44905686378479,0.2698456278133416,[0.4491134],0.005,0.1,0.5663525951465029,0.16620616193107213,0
18.461180686950684,0.27121341883049827,[0.45280138],0.005,0.1,0.784587312324012,0.22036725972317622,0
18.470125913619995,0.2723858111309183,[0.45657567],0.005,0.1,0.678820453815453,0.15605183615336088,0
18.479630947113037,0.27336280471460167,[0.46042803],0.005,0.1,0.7567133052854941,0.1644219451464888,0
18.488038063049316,0.2745351970150217,[0.46434349],0.005,0.1,0.8698643819259302,0.12412048770208137,0
18.498231887817383,0.2759029880321784,[0.46830914],0.005,0.1,1.2384698896050939,0.14395495220156376,0
18.507060289382935,0.2772707790493351,[0.47232209],0.005,0.1,1.3283966792657675,0.16142313609249287,0
18.51880145072937,0.2790293674999651,[0.47639633],0.005,0.1,1.5716004312164316,0.23818206676098563,0
18.52703595161438,0.28020175980038514,[0.48054378],0.005,0.1,1.5230530873005863,0.17278912307292038,0
18.54007911682129,0.2827419431179618,[0.48476613],0.005,0.1,1.923585968169481,0.25266355711110916,0
18.552061557769775,0.2850867277188019,[0.48908161],0.005,0.1,2.093500042757264,0.3241421927092901,0
18.560060024261475,0.28664991745269525,[0.49350495],0.005,0.1,2.131749187037755,0.2254807429341191,0
18.56911873817444,0.2884085059033253,[0.49802215],0.005,0.1,2.0947538961015524,0.23078863441420394,0
18.57905650138855,0.290948689220902,[0.50262055],0.005,0.1,2.0154219555502335,0.23582149018821186,0
18.58804416656494,0.2930980751050054,[0.50729723],0.005,0.1,1.9133456190610019,0.24106183911757026,0
18.597061157226562,0.29544285970584544,[0.51204898],0.005,0.1,1.8003799435839851,0.24570481855570497,0
18.609443426132202,0.2985692391736321,[0.51687228],0.005,0.1,2.2358435393278753,0.24872113350144134,0
18.619037866592407,0.3011094224912088,[0.52176336],0.005,0.1,2.4622947950629523,0.25198289888114916,0
18.63008975982666,0.3044312006757322,[0.52672684],0.005,0.1,2.5488708011847745,0.3360433293968663,0
18.63910984992981,0.3069713839933089,[0.53176566],0.005,0.1,2.543371086153755,0.234439707341222,0
18.64906597137451,0.3102931621778323,[0.5368551],0.005,0.1,2.478747481733567,0.17272362420069506,0
18.65892481803894,0.3132241429288824,[0.54196476],0.005,0.1,2.653657859667807,0.19605120349225172,0
18.670613288879395,0.31752291469708915,[0.54708587],0.005,0.1,2.2885445944392817,0.21269690522221868,0
18.679627656936646,0.32064929416487586,[0.55221928],0.005,0.1,2.0674910610511312,0.22523826904604938,0
18.688039779663086,0.32358027491592595,[0.55735664],0.005,0.1,1.6339766802481122,0.16755604623008644,0
18.697037935256958,0.326511255666976,[0.56248203],0.005,0.1,1.1948099187670567,0.19108407557427584,0
18.706038236618042,0.3296376351347627,[0.56759031],0.005,0.1,0.5468886966852259,0.20893435612776187,0
18.71517276763916,0.3327640146025494,[0.57268554],0.005,0.1,0.2243292658038653,0.22148182989405832,0
18.72470235824585,0.3362811915038095,[0.57777927],0.005,0.1,-0.21090768731176937,0.3073362243510161,0
18.733066082000732,0.33921217225485956,[0.58288095],0.005,0.1,-0.5972008892470746,0.21586085898840907,0
18.742072582244873,0.34253395043938295,[0.58798151],0.005,0.1,-0.8871720842637381,0.22520686168601936,0
18.751620531082153,0.3462465260573797,[0.59307311],0.005,0.1,-1.3564253606668992,0.2325638802921664,0
18.76306653022766,0.3507406965423231,[0.59815749],0.005,0.1,-1.225895521074548,0.23709738641560774,0
18.772587060928345,0.3548440695937931,[0.60323617],0.005,0.1,-1.188363801079933,0.24083856558196695,0
18.780959129333496,0.3579704490615799,[0.6083106],0.005,0.1,-0.8976097771031779,0.24498272465719778,0
18.792717218399048,0.3628554169799967,[0.61338221],0.005,0.1,-0.8458284781531529,0.24706620840450377,0
18.802037715911865,0.36656799259799333,[0.61845252],0.005,0.1,-0.870684901724477,0.25061566627475795,0
18.81697368621826,0.3728207515335668,[0.62354027],0.005,0.1,-0.9050477326483422,0.4337638746140836,0
18.82606053352356,0.37672872586830025,[0.62867014],0.005,0.1,-1.2011204757511758,0.2908830221002998,0
18.836084365844727,0.3808320989197703,[0.63383754],0.005,0.1,-1.786834903355735,0.28506840333454575,0
18.845061540603638,0.3845446745377671,[0.63903029],0.005,0.1,-2.333086193284693,0.28442902940237846,0
18.855770587921143,0.3884526488725004,[0.64424691],0.005,0.1,-2.4588072137975416,0.28578659125280165,0
18.866053581237793,0.39255602192397054,[0.6494865],0.005,0.1,-2.671763166774049,0.2886957279984457,0
18.875927925109863,0.39626859754196725,[0.65474864],0.005,0.1,-2.840285978937038,0.29339039384666976,0
18.886057138442993,0.40056736931017395,[0.66003335],0.005,0.1,-2.928398553699833,0.2981738182150587,0
18.898604154586792,0.4058431346620641,[0.66535013],0.005,0.1,-2.938736860170448,0.4036213724051022,0
18.90785026550293,0.4095557102800608,[0.67071639],0.005,0.1,-2.8868027316995164,0.380669772903946,0
18.918378829956055,0.4134636846147942,[0.67613775],0.005,0.1,-2.7900427308065217,0.36595836542910865,0
18.92606234550476,0.4165900640825809,[0.68160033],0.005,0.1,-2.939791046072297,0.26217501761916073,0
18.936659812927246,0.4208888358507877,[0.68709236],0.005,0.1,-2.82914700700913,0.38697405524215456,0
18.946685791015625,0.4251876076189945,[0.69262277],0.005,0.1,-2.345690873511258,0.3776245455976128,0
18.95858597755432,0.43007257553741124,[0.6982087],0.005,0.1,-2.081935980166527,0.4912962673567197,0
18.96608281135559,0.4333943537219346,[0.70384549],0.005,0.1,-1.9140550841245787,0.4969092663261198,0
18.976507902145386,0.4374977267734046,[0.70950995],0.005,0.1,-1.7859743244527206,0.5944742684010828,0
18.986088514328003,0.4414057011081381,[0.71519211],0.005,0.1,-1.6736128611361223,0.4007843069325888,0
18.994598865509033,0.44492287800939817,[0.72088361],0.005,0.1,-1.567578334942508,0.3972154126226429,0
19.00217318534851,0.4478538587604482,[0.72657777],0.005,0.1,-1.4649167024600067,0.39952794903041605,0
19.010074377059937,0.4509802382282349,[0.73225932],0.005,0.1,-1.3652678514945937,0.40357079863749534,0
19.021777629852295,0.4552790099964417,[0.73790604],0.005,0.1,-1.2691391836431956,0.5392092092710701,0
19.030030965805054,0.45860078818096506,[0.74351966],0.005,0.1,-1.1771787914425142,0.37614049188009374,0
19.04227566719055,0.4638765535328551,[0.74911235],0.005,0.1,-1.0899069130221875,0.5201296298725131,0
19.05647921562195,0.4697385150349553,[0.7547254],0.005,0.1,-1.00764750998276,0.8127352181380425,0
19.06512188911438,0.47345109065295204,[0.76040396],0.005,0.1,-0.9305396404736901,0.5356491997904688,0
19.074751615524292,0.47735906498768543,[0.76614534],0.005,0.1,-0.8585745842823982,0.5059970495219117,0
19.085108280181885,0.48146243803915545,[0.77193652],0.005,0.1,-0.7916359796444636,0.48832736204912097,0
19.096041679382324,0.48576120980736226,[0.77777612],0.005,0.1,-0.729534595532064,0.47722780014571603,0
19.10476040840149,0.4894737854253589,[0.78366239],0.005,0.1,-0.672035644263918,0.4711873631832235,0
19.11449694633484,0.49338175976009235,[0.78959326],0.005,0.1,-0.618879049381466,0.4676925550982064,0
19.123151779174805,0.49689893666135243,[0.79556632],0.005,0.1,-0.5697938976901953,0.46678146393165965,0
19.131049633026123,0.4998299174124025,[0.80156878],0.005,0.1,-0.524508402755621,0.34036909565016343,0
19.140032529830933,0.5031516955969259,[0.80757921],0.005,0.1,-0.482756540501128,0.37617106476142576,0
19.149048805236816,0.5064734737814492,[0.81358943],0.005,0.1,-0.4442822833120509,0.40471308724770716,0
19.160038709640503,0.5111630429831293,[0.81960254],0.005,0.1,-0.4088421364201382,0.4240166480294201,0
19.17150378227234,0.5162434096182827,[0.82563101],0.005,0.1,-0.3762064953163271,0.5822259995194633,0
19.18102788925171,0.5199559852362795,[0.83168493],0.005,0.1,-0.34616019894229333,0.4098813386963193,0
19.19133496284485,0.5242547570044862,[0.83775217],0.005,0.1,-0.3185025454949131,0.4267059272262795,0
19.202116012573242,0.5289443262061664,[0.84382202],0.005,0.1,-0.2930469586790956,0.43921243344914973,0
19.211099863052368,0.5324615031074265,[0.84989511],0.005,0.1,-0.2696204353093639,0.4494464922241563,0
19.22245478630066,0.5367602748756332,[0.85598136],0.005,0.1,-0.2480628645858985,0.601581295362699,0
19.230489492416382,0.5402774517768932,[0.86209828],0.005,0.1,-0.22822628067691525,0.5610368426424007,0
19.24005436897278,0.5441854261116267,[0.86824985],0.005,0.1,-0.2099740900968256,0.5306317637033069,0
19.251017332077026,0.5484841978798334,[0.87442852],0.005,0.1,-0.19318030129765817,0.5080798509735065,0
19.260064125061035,0.5520013747810935,[0.880627],0.005,0.1,-0.17772877412824115,0.4929328964495909,0
19.27108120918274,0.5564955452660368,[0.88682882],0.005,0.1,-0.1635125000762172,0.3547917761940983,0
19.282773971557617,0.5611851144677169,[0.89301943],0.005,0.1,-0.15043291959698063,0.5091422212714005,0
19.294407844543457,0.5658746836693971,[0.89920496],0.005,0.1,0.13763907997451044,0.4887707305613385,0
19.30407404899597,0.5695872592873937,[0.90539002],0.005,0.1,0.18183492993683376,0.47373794263688873,0
19.314101934432983,0.5738860310556004,[0.91156851],0.005,0.1,0.1369234290729147,0.46157135323177334,0
19.325065851211548,0.5781848028238072,[0.91773476],0.005,0.1,0.07020946525826849,0.45207761611399905,0
19.334665298461914,0.582483574592014,[0.92388361],0.005,0.1,0.008308247915095261,0.4446849857942992,0
19.34385347366333,0.586000751493274,[0.93001046],0.005,0.1,-0.040381732743972054,0.43998962826602833,0
19.352073431015015,0.5891271309610607,[0.93610233],0.005,0.1,-0.07508201807262,0.32311770692458447,0
19.363719940185547,0.5938167001627408,[0.94214829],0.005,0.1,-0.09778358307562826,0.46932419290115146,0
19.37104821205139,0.5967476809137909,[0.94814835],0.005,0.1,-0.11113485978623167,0.3417118893468631,0
19.38401460647583,0.6020234462656809,[0.95410283],0.005,0.1,-0.11760498277422793,0.48367214296555816,0
19.39307928085327,0.6057360218836778,[0.96001231],0.005,0.1,-0.11921879110261788,0.3493617149975923,0
19.404067754745483,0.6102301923686212,[0.9658777],0.005,0.1,-0.11753161703489917,0.491572197283757,0
19.413140296936035,0.6139427679866178,[0.97170906],0.005,0.1,-0.11369171030410122,0.4739826832726761,0
19.423174381256104,0.6180461410380881,[0.97751535],0.005,0.1,0.16751445426768558,0.4611218012189719,0
19.434078693389893,0.6223449128062948,[0.98329575],0.005,0.1,0.20655484946572933,0.4532516898117351,0
19.444020986557007,0.6264482858577648,[0.98905007],0.005,0.1,0.15772153364422742,0.4495238376991818,0
19.456393480300903,0.6319194499263915,[0.99478764],0.005,0.1,0.08797855447678313,0.584447957870348,0
19.4646213054657,0.6354366268276517,[1.00051689],0.005,0.1,0.0236980871000217,0.41314054394226507,0
19.474456548690796,0.6389538037289116,[1.00622757],0.005,0.1,-0.026894539723758822,0.426903408866162,0
19.486114263534546,0.6436433729305918,[1.01191177],0.005,0.1,-0.06314434831629262,0.43939145560552106,0
19.4956271648407,0.6475513472653252,[1.01757269],0.005,0.1,-0.08713057362594143,0.4521626616519697,0
19.50519561767578,0.6512639228833219,[1.02321396],0.005,0.1,-0.1015649754261567,0.46520836900323315,0
19.518064260482788,0.6559534920850019,[1.02884916],0.005,0.1,-0.10896237400922615,0.630152056584685,0
19.527080535888672,0.6598614664197354,[1.03450029],0.005,0.1,-0.11138080333746425,0.6011239926821289,0
19.539937019348145,0.6651372317716254,[1.04018734],0.005,0.1,-0.1103999333532551,0.7600249560981378,0
19.549973011016846,0.6692406048230957,[1.04591852],0.005,0.1,-0.10718605508713194,0.5316567490551628,0
19.56625747680664,0.6758841611921423,[1.0517021],0.005,0.1,-0.10257755236379362,0.9243031033440263,0
19.578055143356323,0.6803783316770857,[1.05756623],0.005,0.1,-0.09716466545432742,0.8295440633834421,0
19.586069107055664,0.6837001098616091,[1.06351455],0.005,0.1,-0.09135523936424808,0.5819814602493003,0
19.59710121154785,0.6883896790632892,[1.06953025],0.005,0.1,-0.08542565574270204,0.7992912590466371,0
19.60925531387329,0.6934700456984426,[1.0756205],0.005,0.1,-0.07955889441524842,0.7649074805513932,0
19.6211097240448,0.6979642161833861,[1.0818025],0.005,0.1,-0.0738723397857357,0.9764166021579956,0
19.629797220230103,0.7016767918013829,[1.08808021],0.005,0.1,-0.0684377890151186,0.6825499356608017,0
19.6380877494812,0.7048031712691696,[1.09443474],0.005,0.1,-0.06329569466532167,0.7021474320247564,0
19.647119760513306,0.7083203481704297,[1.10083874],0.005,0.1,-0.05846522087349641,0.5256689361246029,0
19.658082962036133,0.712814518655373,[1.10726888],0.005,0.1,-0.05395129627134284,0.5934847650440054,0
19.667072772979736,0.716331695556633,[1.11371676],0.005,0.1,-0.04974953062739666,0.6515376502765766,0
19.677022218704224,0.7208258660415765,[1.12018681],0.005,0.1,-0.045849621272777585,0.6960691499650131,0
19.686031818389893,0.7243430429428366,[1.12668287],0.005,0.1,-0.04223769696545282,0.7333615522216896,0
19.696067094802856,0.7282510172775699,[1.13320819],0.005,0.1,-0.03889791709811644,0.7625516823788403,0
19.7060284614563,0.73235439032904,[1.1397654],0.005,0.1,-0.3118519105888658,0.7861294110330452,0
19.716708183288574,0.7366531620972468,[1.14636805],0.005,0.1,-0.34213065773186035,1.0641795225785218,0
19.726125478744507,0.7405611364319802,[1.15302724],0.005,0.1,-0.2844094457008832,0.7543556804520066,0
19.73612642288208,0.744273712049977,[1.15972864],0.005,0.1,-0.20590636375341562,0.7866075600702349,0
19.748360872268677,0.7493540786851303,[1.16645974],0.005,0.1,-0.13315622889781592,0.8126744126836607,0
19.758058071136475,0.7532620530198638,[1.17322136],0.005,0.1,-0.0744831938815212,0.8364665281141369,0
19.7671058177948,0.7567792299211239,[1.18001404],0.005,0.1,-0.0305970633401103,0.8578415108640534,0
19.777080535888672,0.7606872042558572,[1.18683808],0.005,0.1,0.27659484359637426,0.8755352568393162,0
19.78705096244812,0.7647905773073274,[1.19369355],0.005,0.1,0.3308472504122708,0.8912548611545719,0
19.798113107681274,0.7690893490755342,[1.20058036],0.005,0.1,0.013336654210694077,0.9057907392361495,0
19.809290647506714,0.7741697157106875,[1.20750999],0.005,0.1,0.18836206382258175,1.2048183724685892,0
19.820019006729126,0.7784684874788942,[1.21450361],0.005,0.1,-0.06560782464304091,1.1316125969881166,0
19.828452348709106,0.7819856643801543,[1.22156671],0.005,0.1,-0.13263426670672734,1.0855806768739318,0
19.83659315109253,0.7853074425646777,[1.22867967],0.005,0.1,-0.12513828383647913,0.7879678540070676,0
19.845816135406494,0.7890200181826744,[1.23581347],0.005,0.1,-0.09356865747682999,0.8451352461220276,0
19.857497215270996,0.7933187899508811,[1.2429552],0.005,0.1,-0.05912272303211522,0.8925590056138337,0
19.869219064712524,0.798203757869298,[1.25011771],0.005,0.1,-0.029585872252203032,1.2249912834001053,0
19.87892436981201,0.802307130920768,[1.25732366],0.005,0.1,-0.282925077272094,1.1688588814871173,0
19.887024641036987,0.8054335103885547,[1.26456803],0.005,0.1,-0.29978246269979064,0.8484424802228324,0
19.89897847175598,0.8103184783069715,[1.27183441],0.005,0.1,-0.23369240943527753,1.2013046119767719,0
19.911773920059204,0.815398844942125,[1.27914465],0.005,0.1,-0.15064608211881372,1.5026753257797525,0
19.922574043273926,0.819502217993595,[1.28652884],0.005,0.1,-0.07611088376237088,1.3743352622692562,0
19.931025981903076,0.8230193948948551,[1.2939759],0.005,0.1,-0.017564626013593806,0.9782257051776966,0
19.940884590148926,0.8273181666630619,[1.30146387],0.005,0.1,0.3009585390780669,1.3355099409758666,0
19.95003342628479,0.8310307422810586,[1.30898579],0.005,0.1,0.36302500481906075,0.962046310829814,0
19.962828397750854,0.8365019063496852,[1.3165355],0.005,0.1,0.050325125141985644,1.3317138586516648,0
19.974016904830933,0.8409960768346287,[1.32411972],0.005,0.1,-0.04820208244414732,1.2796007589261604,0
19.983227968215942,0.8449040511693621,[1.33174385],0.005,0.1,0.21757126449223466,1.2455539088741159,0
19.993087768554688,0.848421228070622,[1.33939997],0.005,0.1,0.2715032392144905,1.227957731612775,0
20.002143621444702,0.8521338036886189,[1.34708113],0.005,0.1,-0.032321181662614606,1.2203273044876155,0
20.011033058166504,0.8558463793066157,[1.35476909],0.005,0.1,-0.11719030809750942,0.907629708549021,0
20.020047187805176,0.8595589549246124,[1.36243632],0.005,0.1,0.1620139476763808,0.9950392099696881,0
20.02877449989319,0.8630761318258724,[1.37007218],0.005,0.1,0.22741849687372429,1.0686109560307973,0
20.03703498840332,0.8662025112936592,[1.37766818],0.005,0.1,0.20882365424348637,0.8256873998893504,0
20.047512531280518,0.8706966817786026,[1.3852179],0.005,0.1,-0.11183021598507586,1.2729125261886576,0
20.057006359100342,0.8744092573965994,[1.39274133],0.005,0.1,-0.1914425354863843,1.2858889148863486,0
20.06701159477234,0.8785126304480694,[1.40024367],0.005,0.1,0.10002253515614476,0.9633095371789145,0
20.076031923294067,0.8820298073493293,[1.40770517],0.005,0.1,0.17835753190247527,1.0646359540403156,0
20.085001945495605,0.8857423829673262,[1.41512222],0.005,0.1,0.1710407050895308,1.1472023306690249,0
20.094704151153564,0.8898457560187963,[1.42250492],0.005,0.1,0.13548169972394478,1.2109842500251298,0
20.103920221328735,0.8937537303535298,[1.42986242],0.005,0.1,0.09595914348717219,1.2601317526246123,0
20.114057064056396,0.8978571034049997,[1.43720293],0.005,0.1,0.061518099832935,1.3010472848492445,0
20.12204384803772,0.9009834828727865,[1.44453377],0.005,0.1,0.034518884326630694,1.335639715342824,0
20.131049394607544,0.9043052610573099,[1.45184885],0.005,0.1,0.0146315618182657,1.013507784208069,0
20.142076015472412,0.90899483025899,[1.45913068],0.005,0.1,0.0006372813900205991,1.1248958658997767,0
20.15161371231079,0.9129028045937233,[1.46637736],0.005,0.1,-0.008808173583736227,1.2149858239146747,0
20.16421103477478,0.9177877725121402,[1.47361257],0.005,0.1,-0.01488857223320248,1.6781296220872324,0
20.173176527023315,0.9213049494134001,[1.48085633],0.005,0.1,-0.018551484135986875,1.2245759240062606,0
20.18471121788025,0.9259945186150802,[1.48811283],0.005,0.1,-0.020517394235195455,1.6865602709770842,0
20.19418740272522,0.929707094233077,[1.49538529],0.005,0.1,-0.02131713810399067,1.2328242048986768,0
20.20523476600647,0.9343966634347571,[1.50267607],0.005,0.1,-0.02133361945431709,1.6967736549571681,0
20.21713614463806,0.9390862326364372,[1.51001151],0.005,0.1,-0.29687711506222264,2.088532780627428,0
20.22605562210083,0.9426034095376973,[1.51741328],0.005,0.1,-0.3291861600362467,1.4728437028941381,0
20.235564708709717,0.9465113838724306,[1.5248617],0.005,0.1,0.002953600238015025,1.4770682227896432,0
20.24418830871582,0.9500285607736906,[1.53233954],0.005,0.1,0.11326551846854911,1.4905570682522138,0
20.253060579299927,0.9535457376749508,[1.53983191],0.005,0.1,0.12983042087562546,1.130243420383586,0
20.263628244400024,0.9576491107264208,[1.54732622],0.005,0.1,0.11150348767975969,1.643508708014207,0
20.272011518478394,0.961166287627681,[1.5548244],0.005,0.1,0.08408545887471734,1.2318788861242924,0
20.283087491989136,0.9656604581126244,[1.56232839],0.005,0.1,0.05794049725000157,1.7511537163360467,0
20.293343782424927,0.969959229880831,[1.56985286],0.005,0.1,0.036477719999053575,1.7202868212460705,0
20.304104328155518,0.9742580016490379,[1.57741052],0.005,0.1,0.020162801154140306,1.7037180263167118,0
20.31505560874939,0.9787521721339812,[1.58499984],0.005,0.1,0.0083633736826607,1.7019225093029957,0
20.325411796569824,0.9830509439021881,[1.59261986],0.005,0.1,0.00015946516887256276,1.7126141107486628,0
20.33604598045349,0.9869589182369213,[1.60027019],0.005,0.1,-0.005329857205058882,1.7333878536833713,0
20.34642744064331,0.9910622912883915,[1.60796421],0.005,0.1,-0.008838153304315576,2.2839449468446538,0
20.3557608127594,0.9947748669063883,[1.6157136],0.005,0.1,-0.010935924844746335,1.6569344424299857,0
20.36602020263672,0.9990736386745949,[1.62350212],0.005,0.1,0.26398865989233,1.7272598832299204,0
20.375499486923218,1.0029816130093283,[1.63131648],0.005,0.1,0.2966725486533981,1.7961995620831723,0
20.386030673980713,1.0072803847775351,[1.63915939],0.005,0.1,0.24158492386162117,1.8650354815087868,0
20.397018671035767,1.0119699539792153,[1.647034],0.005,0.1,0.1658025013299829,1.923910700061958,0
20.406156539916992,1.0152917321637385,[1.6549436],0.005,0.1,0.09576538419115077,1.9867225418982795,0
20.414103984832764,1.0186135103482619,[1.66289147],0.005,0.1,0.03973612303490664,2.046999167286027,0
20.423998832702637,1.022716883399732,[1.67088092],0.005,0.1,-0.001613882351726735,2.1044516751772084,0
20.43345594406128,1.0266248577344654,[1.67891525],0.005,0.1,-0.030361299768834348,2.161728074427189,0
20.44260263442993,1.0303374333524622,[1.68699762],0.005,0.1,-0.04922433895323828,2.217916529744129,0
20.451926469802856,1.0344408064039323,[1.69513091],0.005,0.1,-0.06072993883431267,2.2700121695253235,0
20.46350908279419,1.038739578172139,[1.70331764],0.005,0.1,-0.06695162001621568,2.3198571257736016,0
20.471022844314575,1.0416705589231892,[1.71154527],0.005,0.1,-0.06948634051230929,1.773004989831158,0
20.479995250701904,1.0449923371077126,[1.71978857],0.005,0.1,-0.0695184266870669,1.9772480788603009,0
20.490089893341064,1.0492911088759191,[1.72804102],0.005,0.1,-0.06790434711698884,2.1420388463837496,0
20.50203847885132,1.054176076794336,[1.73632679],0.005,0.1,-0.06525202512999137,2.971634514420096,0
20.510086059570312,1.0573024562621227,[1.7446661],0.005,0.1,-0.06198630596064879,2.182479506874363,0
20.518038272857666,1.060624234446646,[1.75304602],0.005,0.1,-0.0583997238692917,2.323665167534284,0
20.526028394699097,1.0639460126311695,[1.76144076],0.005,0.1,-0.05469047782800228,1.8113040328551437,0
20.53515124320984,1.0676585882491663,[1.76982837],0.005,0.1,-0.05099020500869697,2.053760922939513,0
20.543091535568237,1.0709803664336897,[1.77820506],0.005,0.1,-0.04738399094245415,2.250591911042165,0
20.552019119262695,1.074302144618213,[1.78656777],0.005,0.1,-0.043924636575907505,1.7828608949196365,0
20.56365394592285,1.07918711253663,[1.79491419],0.005,0.1,-0.04064275272345265,2.7232995872543615,0
20.572036504745483,1.0823134920044164,[1.80325747],0.005,0.1,-0.03755385927585368,2.083326379500434,0
20.58101224899292,1.0860260676224132,[1.81159398],0.005,0.1,-0.034663352182255254,2.292833066130357,0
20.591387033462524,1.0905202381073567,[1.81992084],0.005,0.1,-0.031969961616324906,2.459461031554135,0
20.601646661758423,1.09442821244209,[1.82825068],0.005,0.1,-0.02946814724037459,2.5903844108271454,0
20.61201524734497,1.098726984210297,[1.83659431],0.005,0.1,-0.027149747362163884,2.691060980275589,0
20.62409281730652,1.1034165534119769,[1.84497558],0.005,0.1,-0.02500510596076607,3.5733812009270487,0
20.634877920150757,1.1077153251801837,[1.85342911],0.005,0.1,-0.023023835383665012,3.4037003615286263,0
20.645018339157104,1.1120140969483903,[1.86196853],0.005,0.1,-0.021195325596939485,3.279744069058802,0
20.655083417892456,1.116312868716597,[1.8705892],0.005,0.1,-0.01950907773714937,3.2017025674267474,0
20.663012981414795,1.1198300456178572,[1.879286],0.005,0.1,-0.01795491637825686,3.159249359386233,0
20.676056623458862,1.124715013536274,[1.88805353],0.005,0.1,-0.016523118534283888,3.130306728610982,0
20.687541484832764,1.129404582737954,[1.89688623],0.005,0.1,-0.29124284558881147,3.1149099602130716,0
20.69817090034485,1.133507955789424,[1.90577826],0.005,0.1,-0.3231533416945406,3.109253445598915,0
20.70898461341858,1.1380021262743676,[1.9147235],0.005,0.1,-0.2669384310743468,3.103566107032217,0
20.72002100944519,1.1421054993258377,[1.92371545],0.005,0.1,-0.18982471133332052,3.0964520644052342,0
20.729426860809326,1.1460134736605712,[1.93274705],0.005,0.1,-0.11835528527019806,3.082034749614422,0
20.737963438034058,1.1493352518450946,[1.9418105],0.005,0.1,-0.060862249300041506,3.062928613705207,0
20.75476622581482,1.1563696056476145,[1.95092472],0.005,0.1,-0.018062940782575858,4.719194892472604,0
20.764244318008423,1.160277579982348,[1.96013032],0.005,0.1,0.012089874166145684,4.098817795383359,0
20.775430917739868,1.1647717504672912,[1.96942993],0.005,0.1,0.03229640485551416,3.652181031715353,0
20.786076545715332,1.169070522235498,[1.97879441],0.005,0.1,0.0450734343241115,3.3330080074491004,0
20.797038316726685,1.1737600914371782,[1.988196],0.005,0.1,0.0524896475886843,3.0934644077263544,0
20.807345628738403,1.1782542619221215,[1.99762042],0.005,0.1,0.056140721744278185,3.5903572085462723,0
20.82278561592102,1.1843116221409582,[2.00707578],0.005,0.1,-0.21882633132236654,3.856000516233641,0
20.832122802734375,1.1880241977589552,[2.01655288],0.005,0.1,-0.25260040561741126,2.718646736155117,0
20.84122371673584,1.191541374660215,[2.02600558],0.005,0.1,-0.1992620617645401,2.5431269698007086,0
20.852197885513306,1.1958401464284218,[2.03539206],0.005,0.1,-0.12561665985893097,2.395058678904347,0
20.862189292907715,1.1997481207631555,[2.04468601],0.005,0.1,-0.057917611704122296,2.271892964560631,0
20.871050596237183,1.2036560950978887,[2.0538536],0.005,0.1,-0.004301097265985418,1.7686263814041174,0
20.881020545959473,1.2075640694326222,[2.06285549],0.005,0.1,0.03464531673935231,1.8011210608715411,0
20.89011025428772,1.211276645050619,[2.07166814],0.005,0.1,0.06105239594336889,1.806453456797675,0
20.900014638900757,1.2151846193853522,[2.08028135],0.005,0.1,0.07767183554136327,1.7873407278138402,0
20.912102460861206,1.220069587303769,[2.08869455],0.005,0.1,0.08704989963607643,2.077815424407337,0
20.922297716140747,1.2243683590719758,[2.09691508],0.005,0.1,0.0912698098451047,1.9130116064847928,0
20.93101692199707,1.2280809346899724,[2.10493209],0.005,0.1,0.09193177384506573,1.5178941606379242,0
20.939998865127563,1.2317935103079691,[2.1127199],0.005,0.1,0.0902191247195305,1.494843605381664,0
20.95158052444458,1.2362876807929126,[2.12027223],0.005,0.1,0.08698462400483935,1.7079935167269067,0
20.961029767990112,1.2403910538443828,[2.12759922],0.005,0.1,0.08283082672617995,1.586522111464532,0
20.96901845932007,1.2435174333121695,[2.13469579],0.005,0.1,0.07817626751619386,1.3087372194696116,0
20.978025197982788,1.2472300089301662,[2.14154446],0.005,0.1,0.07330671400401031,1.2957302793458154,0
20.98916220664978,1.2513333819816361,[2.14813825],0.005,0.1,0.06841346692570602,1.27503936033275,0
20.998006105422974,1.2550459575996329,[2.15447889],0.005,0.1,0.0636213458609268,1.2499891101220426,0
21.0101318359375,1.2597355268013128,[2.16057416],0.005,0.1,0.05900883422453618,1.352425125573535,0
21.02606177330017,1.2665744818870965,[2.16644618],0.005,0.1,0.054622428024203265,1.5307302282655764,0
21.03504490852356,1.2702870575050933,[2.17211326],0.005,0.1,0.05048677581617358,1.2409605919452633,0
21.04323983192444,1.2736088356896167,[2.17757128],0.005,0.1,0.0466117990033372,1.1698371872421964,0
21.05200171470642,1.2773214113076135,[2.18280834],0.005,0.1,0.04299766367413191,1.037368490985614,0
21.065043687820435,1.2824017779427668,[2.18782015],0.005,0.1,0.03963823305114189,1.09253995283459,0
21.076027154922485,1.2867005497109734,[2.1926126],0.005,0.1,0.036523450365317636,1.0496147899419321,0
21.084035634994507,1.2902177266122334,[2.19719195],0.005,0.1,0.033640971621106915,1.0169174601789908,0
21.094656467437744,1.2945164983804403,[2.20156054],0.005,0.1,0.030977274048122443,0.986893905441887,0
21.105058431625366,1.2986198714319104,[2.20572137],0.005,0.1,0.028518399262505798,0.9604238667403682,0
21.119369745254517,1.3038956367838006,[2.20968385],0.005,0.1,0.02625044283256199,1.023329736324883,0
21.127025365829468,1.3070220162515873,[2.21345723],0.005,0.1,0.024159868520880024,1.0259332133599963,0
21.139758586883545,1.3122977816034775,[2.21704194],0.005,0.1,0.022233701948234104,1.0114673970910468,0
21.14811372756958,1.3158149585047374,[2.22043986],0.005,0.1,0.020459641892994998,0.9225476701230686,0
21.160221815109253,1.320895325139891,[2.22365683],0.005,0.1,0.018826115844070457,0.923805333569172,0
21.171462059020996,1.325584894341571,[2.22670131],0.005,0.1,0.01732229830441263,0.8902856843185458,0
21.182035207748413,1.3298836661097777,[2.22958177],0.005,0.1,0.015938104657620716,0.865821736661499,0
21.191432237625122,1.3337916404445112,[2.23230407],0.005,0.1,0.29070252911988054,0.847540557835843,0
21.204283237457275,1.3386766083629278,[2.23487642],0.005,0.1,0.04661641825881069,0.8479297484275112,0
21.21367335319519,1.342779981414398,[2.23730887],0.005,0.1,-0.04268424125324062,0.828023043894948,0
21.222224950790405,1.346297158315658,[2.23960894],0.005,0.1,-0.06466464922863593,0.8137140674731473,0
21.23236656188965,1.350400531367128,[2.24178204],0.005,0.1,-0.060015682903139286,0.8006698739882485,0
21.242117404937744,1.3541131069851247,[2.24383387],0.005,0.1,-0.04695517345972548,0.7903064712490757,0
21.2510347366333,1.3578256826031216,[2.24577034],0.005,0.1,-0.0331041818451209,0.7811064662260286,0
21.26001286506653,1.3613428595043817,[2.24759586],0.005,0.1,-0.021233093196052967,0.7653272258390105,0
21.269890785217285,1.3654462325558518,[2.24931364],0.005,0.1,0.2640381166518617,0.7588042699211031,0
21.286027908325195,1.3716989914914248,[2.25093057],0.005,0.1,0.30393581857616236,0.7531188534846974,0
21.302018642425537,1.378342547860472,[2.25245795],0.005,0.1,0.2535954577605483,0.743918130759888,0
21.31372356414795,1.3832275157788887,[2.2539073],0.005,0.1,0.180719963804605,0.737097175463797,0
21.324039220809937,1.3873308888303586,[2.25528737],0.005,0.1,0.11226586126335646,0.7234547044795415,0
21.333781003952026,1.3910434644483554,[2.25660327],0.005,0.1,0.056894535905356536,0.7128724468906654,0
21.344993591308594,1.3957330336500358,[2.25785846],0.005,0.1,0.015573682187488305,0.7011833567525209,0
21.35709261894226,1.4006180015684524,[2.25905764],0.005,0.1,-0.013558841642078977,0.6947733490968847,0
21.3673152923584,1.4045259759031858,[2.26020651],0.005,0.1,-0.03306883762031731,0.684458211145168,0
21.376978635787964,1.408433950237919,[2.2613102],0.005,0.1,-0.04537665434310538,0.679664051251631,0
21.385818004608154,1.4121465258559158,[2.26237219],0.005,0.1,-0.05248236431619474,0.6660211956600115,0
21.39401865005493,1.4154683040404392,[2.26339224],0.005,0.1,-0.055933122649193145,0.6568400595019122,0
21.404022932052612,1.4195716770919091,[2.26436941],0.005,0.1,0.2191582146797075,0.6495187332626949,0
21.415842056274414,1.424456645010326,[2.26530674],0.005,0.1,0.25300449446438883,0.6428462240994761,0
21.424012422561646,1.4277784231948494,[2.26620835],0.005,0.1,-0.0763353410515901,0.6337956178593201,0
21.436268091201782,1.4330541885467396,[2.26707577],0.005,0.1,0.09294620650372955,0.6235372278254228,0
21.445950746536255,1.4369621628814728,[2.2679106],0.005,0.1,0.11346663121567208,0.6163508857448979,0
21.45599889755249,1.4408701372162065,[2.26871556],0.005,0.1,0.08082549410226988,0.6091084524734637,0
21.466099977493286,1.44477811155094,[2.26949316],0.005,0.1,0.03629824420335605,0.601848740934437,0
21.475987195968628,1.4486860858856732,[2.27024576],0.005,0.1,-0.004031735462035883,0.5945557004049495,0
21.487040519714355,1.4531802563706164,[2.27097554],0.005,0.1,-0.035299117150351486,0.5859565266929156,0
21.49600839614868,1.456697433271877,[2.27168447],0.005,0.1,-0.05728395036344114,0.5795081568185083,0
21.50500726699829,1.4602146101731368,[2.27237435],0.005,0.1,-0.07141527725268632,0.5731043275090001,0
21.52176809310913,1.46705356525892,[2.27304867],0.005,0.1,-0.07947583966963473,0.5632655266648378,0
21.529017210006714,1.4703753434434434,[2.27371137],0.005,0.1,-0.08309639899124105,0.5542042926065968,0
21.53977370262146,1.4744787164949138,[2.27436393],0.005,0.1,-0.08360221425714391,0.5480228636345682,0
21.549640655517578,1.4783866908296472,[2.27500667],0.005,0.1,-0.08200575046546624,0.5389723824630088,0
21.56219792366028,1.4834670574648006,[2.27563987],0.005,0.1,-0.07905161193212418,0.5307652383906165,0
21.570990800857544,1.487375031799534,[2.27626377],0.005,0.1,-0.07527296911012557,0.5223942746200425,0
21.58002281188965,1.4910876074175305,[2.27687776],0.005,0.1,-0.07104350241406453,0.5160132304859,0
21.590099811553955,1.4951909804690007,[2.27748133],0.005,0.1,-0.06661994707376827,0.5088470921920816,0
21.60289692878723,1.5000759483874173,[2.27807567],0.005,0.1,-0.06217493133982263,0.5010348880235913,0
21.613502979278564,1.504374720155624,[2.27866254],0.005,0.1,-0.057821459172556974,0.49321984532897245,0
21.623214721679688,1.508087295773621,[2.27924255],0.005,0.1,-0.05363076623544542,0.48674440763605953,0
21.63502264022827,1.5131676624087744,[2.27981535],0.005,0.1,-0.049645150673602714,0.4777946381761852,0
21.64501667022705,1.5170756367435079,[2.2803807],0.005,0.1,-0.045887095175340044,0.47122522459900545,0
21.657796621322632,1.5225468008121346,[2.28093918],0.005,0.1,-0.042365699420076015,0.46241603658938146,0
21.668083667755127,1.5266501738636047,[2.28149198],0.005,0.1,-0.03908118490248017,0.45537647786633706,0
21.677003860473633,1.529971952048128,[2.28203931],0.005,0.1,-0.31206638936171327,0.44998611416369444,0
21.68601965904236,1.5336845276661246,[2.28257995],0.005,0.1,-0.3423600981331474,0.4436916823302978,0
21.69855237007141,1.5387648943012782,[2.28311287],0.005,0.1,-0.28464301944892,0.4357430073499132,0
21.71107006072998,1.5440406596531684,[2.28363864],0.005,0.1,-0.2061369959206491,0.42707057043469676,0
21.72797989845276,1.5506842160222152,[2.28415844],0.005,0.1,-0.1333794326718132,0.4165725309296447,0
21.74103045463562,1.5557645826573687,[2.28467318],0.005,0.1,0.2013421022204373,0.40830305092059893,0
21.7540602684021,1.5610403480092587,[2.28518294],0.005,0.1,0.27836447944704135,0.39995178717805424,0
21.767995357513428,1.5665115120778854,[2.28568776],0.005,0.1,-0.021605257199898364,0.39179579562200795,0
21.78292727470398,1.5725688722967222,[2.28618894],0.005,0.1,-0.10967458178600217,0.3827286803798305,0
21.79187297821045,1.5764768466314556,[2.2866875],0.005,0.1,-0.11146270703574165,0.37672398293969056,0
21.80104422569275,1.5803848209661888,[2.28718293],0.005,0.1,-0.08379098981729247,0.3709760803345766,0
21.809988260269165,1.5840973965841858,[2.28767417],0.005,0.1,-0.05088533771785768,0.3656696772855697,0
21.82049798965454,1.588200769635656,[2.28816091],0.005,0.1,-0.29797416811158367,0.36005581475276527,0
21.83000922203064,1.5919133452536525,[2.28864284],0.005,0.1,-0.3086602943973541,0.35468689626908173,0
21.841074228286743,1.596212117021859,[2.28911857],0.005,0.1,-0.23749046243328475,0.34870872799967956,0
21.85093879699707,1.599924692639856,[2.28958751],0.005,0.1,-0.15063539443668406,0.3437553941107235,0
21.86207151412964,1.6048096605582727,[2.29005035],0.005,0.1,-0.07342451862379902,0.33695637332478184,0
21.870384216308594,1.608131438742796,[2.29050704],0.005,0.1,-0.013108044874992925,0.33257895575523666,0
21.879995822906494,1.6118440143607926,[2.29095702],0.005,0.1,0.030465597935383282,0.3276948404335983,0
21.88908362388611,1.6155565899787896,[2.29139987],0.005,0.1,0.060003469874368956,0.3228517574202775,0
21.898032903671265,1.618878368163313,[2.29183526],0.005,0.1,0.0786895862858804,0.31861576570723965,0
21.90779972076416,1.622981741214783,[2.29226292],0.005,0.1,0.08938680026388748,0.3132983466693192,0
21.919020175933838,1.6278667091331998,[2.29268322],0.005,0.1,0.09440647539936817,0.30689118412449395,0
21.92963194847107,1.6323608796181432,[2.29309699],0.005,0.1,0.09551136704701826,0.30110962488294557,0
21.93793773651123,1.63548725908593,[2.29350399],0.005,0.1,0.09399963259396249,0.2974135797874286,0
21.947025537490845,1.6393952334206634,[2.293903],0.005,0.1,0.09080457849149906,0.2925475358985934,0
21.95929980278015,1.64428020133908,[2.29429409],0.005,0.1,0.08658490079939651,0.2863196092363422,0
21.97016739845276,1.6485789731072868,[2.2946783],0.005,0.1,0.08179801426342684,0.2810519472589081,0
21.97844099998474,1.6519007512918102,[2.29505561],0.005,0.1,0.0767564187503118,0.27729900887003966,0
21.987057209014893,1.6556133269098068,[2.29542508],0.005,0.1,0.07166963306909743,0.2728727905723445,0
21.998574256896973,1.6601074973947505,[2.29578645],0.005,0.1,0.06667474983637654,0.26748395926646606,0
22.009923934936523,1.664992465313167,[2.29614051],0.005,0.1,0.3378967496868575,0.26153793794901514,0
22.02105975151062,1.6690958383646373,[2.29648842],0.005,0.1,0.0903969255649729,0.2567996051978243,0
22.02901029586792,1.6722222178324238,[2.29683027],0.005,0.1,-0.0021527627209152744,0.2535163417219657,0
22.038875341415405,1.676325590883894,[2.2971653],0.005,0.1,-0.027198233340652862,0.2488396551367208,0
22.048177003860474,1.6802335652186273,[2.29749333],0.005,0.1,0.25061603202452787,0.24445591381184467,0
22.059077262878418,1.684532336986834,[2.29781471],0.005,0.1,0.2941206698945804,0.2396487541454561,0
22.069047212600708,1.688831108755041,[2.29812982],0.005,0.1,-0.025656081201536285,0.23490569032153855,0
22.07875895500183,1.692934481806511,[2.29843898],0.005,0.1,0.150732735495224,0.23046025562084735,0
22.087722539901733,1.696451658707771,[2.29874251],0.005,0.1,0.17552583734437038,0.2267232094577186,0
22.09742569923401,1.7003596330425044,[2.29904072],0.005,0.1,0.1446881196131315,0.22260540576807647,0
22.107070207595825,1.7040722086605014,[2.2993339],0.005,0.1,0.10006018691050304,0.21874792521518865,0
22.11605453491211,1.707784784278498,[2.2996223],0.005,0.1,-0.21776796972092924,0.21491396291769396,0
22.125081777572632,1.7114973598964947,[2.29990577],0.005,0.1,-0.008489313703536866,0.2113837500475122,0
22.13445734977722,1.7150145367977547,[2.30018383],0.005,0.1,0.054818303429251855,0.20778229751790958,0
22.147111654281616,1.720290302149645,[2.30045689],0.005,0.1,0.05843697914481727,0.20216919814168322,0
22.155017852783203,1.7232212829006948,[2.30072574],0.005,0.1,0.041447023588361595,0.1995728568647293,0
22.163207530975342,1.7267384598019548,[2.30099028],0.005,0.1,0.020551816034964646,0.19613778053934056,0
22.171676874160767,1.7300602379864782,[2.30125045],0.005,0.1,0.002122584981305152,0.19294592007678368,0
22.17899775505066,1.7327958200207916,[2.30150619],0.005,0.1,-0.012036518758969309,0.19063861632286455,0
22.191511631011963,1.7378761866559451,[2.30175755],0.005,0.1,-0.021985973568690583,0.18543053109558216,0
22.199241876602173,1.7410025661237318,[2.30200538],0.005,0.1,-0.3044640530046922,0.1825357641298426,0
22.21238422393799,1.7464737301923585,[2.30225043],0.005,0.1,-0.34133358616277976,0.17742648569047303,0
22.221999645233154,1.7503817045270922,[2.30249295],0.005,0.1,-0.011977593406809067,0.17388553674296336,0
22.233036756515503,1.754485077578562,[2.30273314],0.005,0.1,0.09683075151215906,0.17022109395569449,0
22.24207377433777,1.7581976531965589,[2.30297117],0.005,0.1,0.11278719927475928,0.16696665053424337,0
22.25009560585022,1.761714830097819,[2.30320681],0.005,0.1,0.09446016468687782,0.16416198563957807,0
22.260133981704712,1.7658182031492888,[2.30343955],0.005,0.1,0.06744246337764284,0.16056138160431893,0
22.27113127708435,1.7701169749174959,[2.30366931],0.005,0.1,0.041950421072298336,0.1568526681735601,0
22.279917001724243,1.7736341518187557,[2.30389643],0.005,0.1,0.021289723951364456,0.15389080740986508,0
22.29110336303711,1.778323721020436,[2.30412118],0.005,0.1,0.005854775745365198,0.149982898007125,0
22.299087047576904,1.781645499204959,[2.3043438],0.005,0.1,-0.005035098459786345,0.1472908468044455,0
22.310797691345215,1.7861396696899028,[2.30456482],0.005,0.1,-0.012331961556261992,0.1434750949591288,0
22.324054479599,1.7910246376083194,[2.30478504],0.005,0.1,-0.01693748754863852,0.13963894409177674,0
22.33600616455078,1.7957142068099994,[2.30500511],0.005,0.1,-0.019598103204389927,0.13584939498706503,0
22.34748077392578,1.8005991747284162,[2.30522553],0.005,0.1,-0.020891763518682598,0.13217099162325202,0
22.357709169387817,1.8048979464966233,[2.30544639],0.005,0.1,-0.021248767591122396,0.12901399711961933,0
22.366966247558594,1.8086105221146198,[2.30566738],0.005,0.1,-0.02098135236887185,0.12633873789586236,0
22.378063201904297,1.813104692599563,[2.3058882],0.005,0.1,-0.0203119067975055,0.12311723365238414,0
22.389116764068604,1.8175988630845066,[2.3061086],0.005,0.1,-0.01939645923068676,0.11992833008911001,0
22.398091793060303,1.8211160399857669,[2.30632834],0.005,0.1,-0.018342976548219682,0.11751051126520796,0
22.40837788581848,1.8250240143205,[2.30654723],0.005,0.1,-0.01722509254962063,0.11484244415330983,0
22.420093059539795,1.8301043809556534,[2.30676506],0.005,0.1,-0.2921305278550386,0.11138196769922534,0
22.431421041488647,1.8345985514405967,[2.30698196],0.005,0.1,-0.3241395132554469,0.10820811754180047,0
22.442047595977783,1.8385065257753306,[2.30719835],0.005,0.1,-0.26796446040123595,0.10571710569775487,0
22.451653480529785,1.8420237026765904,[2.30741425],0.005,0.1,-0.4668901934252625,0.10351293173453868,0
22.46218967437744,1.8457362782945872,[2.30762937],0.005,0.1,-0.7045598079064301,0.10119723283228729,0
22.472123861312866,1.849839651346057,[2.30784342],0.005,0.1,-0.9010930077703582,0.09865985450281835,0
22.480077981948853,1.8527706320971074,[2.30805587],0.005,0.1,-0.7601874983816312,0.09708629288895407,0
22.488046169281006,1.8557016128481572,[2.308266],0.005,0.1,-0.804314881095388,0.09529046530166926,0
22.498216152191162,1.8596095871828908,[2.30847377],0.005,0.1,-0.8899868737775154,0.09275702348353863,0
22.512007474899292,1.8644945551013075,[2.30867975],0.005,0.1,-0.9620787097744007,0.0898861742420621,0
22.522022485733032,1.868402529436041,[2.30888384],0.005,0.1,-1.004555341961978,0.08781021237619394,0
22.532001495361328,1.8719197063373008,[2.30908538],0.005,0.1,-1.0173706543037904,0.0857828572678903,0
22.542042016983032,1.8754368832385613,[2.30928415],0.005,0.1,-1.0059916644586597,0.08379410024577767,0
22.55395483970642,1.879540256290031,[2.30948049],0.005,0.1,-0.9769122174063749,0.08137143386563406,0
22.56414794921875,1.883252831908028,[2.30967526],0.005,0.1,-0.9359353714645396,0.07926748790486254,0
22.573301315307617,1.886183812659078,[2.30986893],0.005,0.1,-0.8876819393515247,0.07791445160684198,0
22.584997415542603,1.8904825844272846,[2.31006103],0.005,0.1,-1.1116397749993132,0.07564859476006615,0
22.596532583236694,1.8941951600452813,[2.31025148],0.005,0.1,-1.0913196131144196,0.07361069655134536,0
22.605977296829224,1.8975169382298047,[2.31044072],0.005,0.1,-0.983106931424796,0.0719746749515438,0
22.61726474761963,1.9012295138478013,[2.31062885],0.005,0.1,-0.8553559847018999,0.07015190763453802,0
22.626073837280273,1.9041604945988515,[2.31081544],0.005,0.1,-0.7353221246992281,0.0688775586780724,0
22.636051177978516,1.9068960766331648,[2.31099984],0.005,0.1,-0.9077940942032139,0.06754189839306643,0
22.648971557617188,1.9111948484013719,[2.31118205],0.005,0.1,-1.130789737472316,0.06534409524423397,0
22.660236597061157,1.915102822736105,[2.31136284],0.005,0.1,-1.0380769949440847,0.06343734267315689,0
22.67166829109192,1.918619999637365,[2.31154284],0.005,0.1,-0.8488646493303069,0.06186206714069742,0
22.678964614868164,1.9209647842382052,[2.31172184],0.005,0.1,-0.930381761076294,0.06095012841084419,0
22.689965963363647,1.9240911637059919,[2.31189916],0.005,0.1,-0.7963825660487842,0.059559831423007664,0
22.700090408325195,1.927022144457042,[2.3120747],0.005,0.1,-0.6088903765028174,0.058184370691527376,0
22.708387851715088,1.9293669290578819,[2.31224864],0.005,0.1,-0.7085286338963097,0.05729563081066329,0
22.717568159103394,1.9321025110921954,[2.31242068],0.005,0.1,-0.5971509230141167,0.05612367070000828,0
22.72701120376587,1.934642694409772,[2.3125906],0.005,0.1,-0.4318220243385627,0.05505704470567093,0
22.735467433929443,1.9369874790106119,[2.31275843],0.005,0.1,-0.27535146964984814,0.05408872586712373,0
22.743632793426514,1.939332263611452,[2.31292401],0.005,0.1,-0.1481584894800519,0.05322834394989579,0
22.752214670181274,1.9414816494955554,[2.31308699],0.005,0.1,-0.32882001234242475,0.05233241082941733,0
22.76155185699463,1.9438264340963956,[2.3132473],0.005,0.1,-0.29430079601049164,0.05138260456473461,0
22.769012451171875,1.9457804212637622,[2.31340514],0.005,0.1,-0.1935204232089805,0.05061004696501267,0
22.77944564819336,1.9485160032980757,[2.31356071],0.005,0.1,-0.36426834345672177,0.04952311874811007,0
22.788678407669067,1.9510561866156522,[2.31371396],0.005,0.1,-0.30959668941909047,0.04861575833166591,0
22.800808906555176,1.9543779648001756,[2.3138649],0.005,0.1,-0.18901238645573415,0.047240036445610256,0
22.809982299804688,1.9567227494010155,[2.31401397],0.005,0.1,-0.3438854391424609,0.04636395801410711,0
22.818021297454834,1.9586767365683826,[2.31416132],0.005,0.1,-0.0018265357110137936,0.04572547089858801,0
22.82862091064453,1.9612169198859593,[2.31430666],0.005,0.1,-0.11680153499033237,0.04477756280656618,0
22.839280605316162,1.9637571032035361,[2.31444995],0.005,0.1,-0.07965622298084371,0.04384503625897457,0
22.853129386901855,1.9672742801047958,[2.31459165],0.005,0.1,-0.27566826502110553,0.042513633987020245,0
22.864028453826904,1.9694236659888995,[2.3147324],0.005,0.1,-0.5062066678974433,0.0417694202964633,0
22.874102354049683,1.971963849306476,[2.31487247],0.005,0.1,-0.6979857824017595,0.04089912232316004,0
22.886016130447388,1.9746994313407895,[2.31501211],0.005,0.1,-0.5564321852269508,0.03993092656377736,0
22.896748781204224,1.9768488172248928,[2.31515172],0.005,0.1,-0.3277634521319763,0.039228491864365396,0
22.908214807510376,1.979584399259206,[2.3152914],0.005,0.1,-0.3865959028117828,0.038332533508423784,0
22.919048070907593,1.9819291838600464,[2.31543104],0.005,0.1,-0.522186418204238,0.037573247538054536,0
22.92901062965393,1.983883171027413,[2.31557054],0.005,0.1,-0.37442623581246004,0.03695649281652119,0
22.938583374023438,1.9858371581947796,[2.3157098],0.005,0.1,-0.15900844855877921,0.03635049738639048,0
22.949070930480957,1.9877911453621464,[2.31584872],0.005,0.1,-0.2368645504138099,0.03574391891358242,0
22.960062980651855,1.9899405312462497,[2.31598722],0.005,0.1,-0.11548145092571842,0.035082372190982564,0
22.97415256500244,1.992676113280563,[2.31612545],0.005,0.1,0.04837965990319496,0.03422229234373034,0
22.98498272895813,1.9942393030144565,[2.31626374],0.005,0.1,0.1942045234075668,0.03376792950971098,0
22.994994163513184,1.9959978914650867,[2.31640233],0.005,0.1,0.028146177248012674,0.03324346704236811,0
23.004005432128906,1.99756108119898,[2.31654121],0.005,0.1,0.06891312889870424,0.03282185726665478,0
23.015036821365356,1.9995150683663467,[2.31667996],0.005,0.1,0.167705148083862,0.03225890381113147,0
23.02761197090149,2.00166445425045,[2.31681844],0.005,0.1,-0.01164006608571691,0.03162600134204222,0
23.035961866378784,2.0032276439843435,[2.31695673],0.005,0.1,0.029708161768376692,0.03121367101682932,0
23.044573068618774,2.0045954350015,[2.31709449],0.005,0.1,0.13390701672063285,0.030839856960289142,0
23.055044174194336,2.00635402345213,[2.31723144],0.005,0.1,0.23693910695687792,0.03035673306247719,0
23.068056344985962,2.008308010619497,[2.31736775],0.005,0.1,0.3171761325261944,0.02981125716020152,0
23.078817129135132,2.0100665990701265,[2.31750372],0.005,0.1,0.3710219988243456,0.029341807168056462,0
23.087140560150146,2.0112389913705466,[2.31763945],0.005,0.1,0.401686933254553,0.02904254583783439,0
23.09703779220581,2.0126067823877034,[2.31777462],0.005,0.1,0.13820266720385746,0.02870342628532196,0
23.107139348983765,2.01397457340486,[2.31790877],0.005,0.1,0.10444429682015267,0.028348717730531634,0
23.120014667510986,2.0157331618554903,[2.31804191],0.005,0.1,0.14981842365230513,0.027885551495183142,0
23.12904667854309,2.0169055541559104,[2.31817444],0.005,0.1,0.21025430940603346,0.02759556646128792,0
23.140000581741333,2.0184687438898035,[2.31830648],0.005,0.1,-0.014504148152283042,0.02720266126841081,0
23.15002155303955,2.0196411361902236,[2.31843797],0.005,0.1,-0.01217866786449566,0.02691748045297088,0
23.16287064552307,2.0213997246408537,[2.31856905],0.005,0.1,0.06297214316947222,0.026482277638278668,0
23.177040100097656,2.0233537118082205,[2.31870026],0.005,0.1,0.1465383908891817,0.026003456622626583,0
23.188029766082764,2.024721502825377,[2.31883198],0.005,0.1,0.21517836146428723,0.025670108424164454,0
23.199005842208862,2.025893895125797,[2.31896415],0.005,0.1,0.5394266957307168,0.025393387657776365,0
23.207562923431396,2.0268708887094804,[2.31909647],0.005,0.1,0.6018622595676375,0.02517207695308614,0
23.21734929084778,2.028238679726637,[2.31922873],0.005,0.1,0.5609090070824582,0.024852931237872296,0
23.22697138786316,2.0292156733103206,[2.31936074],0.005,0.1,0.48771476562874544,0.024634838108746792,0
23.234966278076172,2.0301926668940036,[2.31949214],0.005,0.1,0.688231614094493,0.02441780497097159,0
23.24501895904541,2.0311696604776874,[2.31962248],0.005,0.1,0.6544880932580215,0.02420244383659663,0
23.258447647094727,2.0327328502115805,[2.31975171],0.005,0.1,0.26783178566737753,0.023849155111145826,0
23.26758360862732,2.033709843795264,[2.31988021],0.005,0.1,0.38986499711347056,0.023634254628574446,0
23.279232263565063,2.034882236095684,[2.32000807],0.005,0.1,0.37179318387059185,0.023375475160016132,0
23.287935495376587,2.0356638309626307,[2.3201352],0.005,0.1,0.3075796789875477,0.02321361146320996,0
23.296992540359497,2.036640824546314,[2.32026155],0.005,0.1,0.5130565188549991,0.023005481614486945,0
23.307801723480225,2.037617818129997,[2.32038707],0.005,0.1,0.48413801225233066,0.022797929784530463,0
23.31998085975647,2.038790210430417,[2.3205119],0.005,0.1,0.3794290641937885,0.02255752985212267,0
23.329055547714233,2.039571805297364,[2.32063616],0.005,0.1,0.5416955050259264,0.022384557452154168,0
23.33805274963379,2.0403534001643107,[2.3207596],0.005,0.1,0.4765586915837558,0.022227420021459235,0
23.349011659622192,2.0415257924647303,[2.32088198],0.005,0.1,0.6208936801989569,0.021979114958352277,0
23.36205768585205,2.0425027860484137,[2.32100349],0.005,0.1,0.5217658573986503,0.021790208488585257,0
23.373942852020264,2.0434797796320976,[2.32112448],0.005,0.1,0.6328544650445616,0.02158596139675016,0
23.384080171585083,2.0444567732157806,[2.32124508],0.005,0.1,0.5068933145821677,0.02138369934260556,0
23.398473501205444,2.045433766799464,[2.32136537],0.005,0.1,0.3224520408217769,0.02120103801236937,0
23.40747380256653,2.0462153616664107,[2.32148561],0.005,0.1,0.42639294456272964,0.021041711211614824,0
23.415398120880127,2.0468015578166208,[2.32160581],0.005,0.1,0.5983274224135657,0.020928620965531462,0
23.425095319747925,2.0475831526835675,[2.32172564],0.005,0.1,0.47626999158850813,0.020765570871497014,0
23.434623956680298,2.0483647475505142,[2.32184464],0.005,0.1,0.27702283812750855,0.020616923327784805,0
23.444672107696533,2.0489509437007243,[2.32196261],0.005,0.1,0.36349163875645407,0.02051241630481765,0
23.455547094345093,2.0499279372844073,[2.32207977],0.005,0.1,0.24513164513912056,0.02033602007155016,0
23.466938257217407,2.0507095321513544,[2.32219644],0.005,0.1,0.35640195849877515,0.020183358582005234,0
23.478078842163086,2.0514911270183007,[2.32231275],0.005,0.1,0.24015668798605103,0.020032945666374237,0
23.487974882125854,2.0520773231685108,[2.32242861],0.005,0.1,0.34589448028665837,0.019925772209439176,0
23.499987602233887,2.0528589180354575,[2.32254394],0.005,0.1,0.4988699045126242,0.019778939767080193,0
23.511075496673584,2.0536405129024042,[2.32265887],0.005,0.1,0.3559657170827689,0.019649084918728247,0
23.521092176437378,2.0542267090526143,[2.32277351],0.005,0.1,0.41670686138510266,0.01952362120849056,0
23.530022859573364,2.0548129052028243,[2.32288759],0.005,0.1,0.25044214307246315,0.01942245357691058,0
23.540960550308228,2.0555945000697706,[2.3230009],0.005,0.1,0.31570488743901265,0.01927875047150663,0
23.55000138282776,2.056180696219981,[2.32311344],0.005,0.1,0.43933109470934084,0.019175609725330032,0
23.558945655822754,2.0567668923701907,[2.32322521],0.005,0.1,0.5529893845168384,0.01907378705427157,0
23.56896424293518,2.0573530885204008,[2.32333621],0.005,0.1,0.35916869754496744,0.018972215034699827,0
23.57998299598694,2.057939284670611,[2.32344644],0.005,0.1,0.3748940458829424,0.018870687986803043,0
23.591230630874634,2.0587208795375576,[2.32355607],0.005,0.1,0.45060667285588474,0.018745168980408664,0
23.604106187820435,2.0595024744045043,[2.3236656],0.005,0.1,0.24980416467147468,0.01861900267044055,0
23.615772247314453,2.0598932718379777,[2.32377542],0.005,0.1,-0.004881390454636161,0.01854979575754038,0
23.624030351638794,2.0604794679881877,[2.32388536],0.005,0.1,0.04756990514213224,0.018426519651520028,0
23.633890390396118,2.0612610628551344,[2.32399496],0.005,0.1,0.18838268164658725,0.018286037594121927,0
23.644957304000854,2.0618472590053445,[2.32410397],0.005,0.1,0.05259447560901841,0.018188395210964173,0
23.653721570968628,2.0622380564388174,[2.32421239],0.005,0.1,0.12894773831143327,0.018130705124428596,0
23.663972854614258,2.062824252589028,[2.32432019],0.005,0.1,0.257556061174922,0.018030760549627305,0
23.673694849014282,2.063215050022501,[2.32442736],0.005,0.1,0.09942589965344337,0.01797334611836508,0
23.682678699493408,2.063801246172711,[2.32453387],0.005,0.1,0.1538559257319257,0.01787528724298805,0
23.689972400665283,2.0641920436061842,[2.32463957],0.005,0.1,0.264542356153892,0.017802712917779982,0
23.701035022735596,2.064582841039658,[2.32474431],0.005,0.1,0.36913841872044384,0.017761137417045506,0
23.71013307571411,2.0651690371898677,[2.32484815],0.005,0.1,0.1714321102465756,0.017649086827291365,0
23.72199034690857,2.0657552333400777,[2.32495116],0.005,0.1,0.18792981126346286,0.01757042190797241,0
23.729962587356567,2.066146030773551,[2.32505339],0.005,0.1,0.26801148240798867,0.01749308681450617,0
23.740038633346558,2.066732226923761,[2.32515489],0.005,0.1,0.35013553662726843,0.01741232066864719,0
23.74982261657715,2.0671230243572345,[2.32525568],0.005,0.1,0.13707368177674592,0.01733713178187997,0
23.76157546043396,2.067709220507444,[2.32535581],0.005,0.1,0.14383719212470292,0.017259271924286123,0
23.769088983535767,2.068100017940918,[2.32545531],0.005,0.1,0.21837335679494507,0.01718084051262882,0
23.782270193099976,2.068686214091128,[2.32555421],0.005,0.1,0.2979499645880973,0.01710226830299684,0
23.792516469955444,2.069272410241338,[2.32565271],0.005,0.1,0.3604546400110828,0.017002076985762237,0
23.804058074951172,2.0698586063915476,[2.32575111],0.005,0.1,0.4012608092003507,0.01692020480549678,0
23.813073873519897,2.0700540051082847,[2.32584951],0.005,0.1,0.14647339784732655,0.016877097658037778,0
23.824031591415405,2.0706402012584944,[2.32594769],0.005,0.1,0.1191951406212641,0.016781364433837986,0
23.838411569595337,2.0712263974087044,[2.32604559],0.005,0.1,0.16892735820958893,0.01670150829608495,0
23.849034547805786,2.0718125935589145,[2.32614348],0.005,0.1,0.2319806990478491,0.01660185723155337,0
23.861144542694092,2.0722033909923883,[2.32624157],0.005,0.1,0.2845595384247411,0.016557733749929048,0
23.870041370391846,2.072594188425861,[2.32633989],0.005,0.1,0.3203608943883683,0.01647443484633435,0
23.882174491882324,2.0731803845760712,[2.3264383],0.005,0.1,0.34011331232716957,0.016396143660052705,0
23.89219331741333,2.0735711820095446,[2.32653683],0.005,0.1,0.34686365306568157,0.01633316468096032,0
23.90399980545044,2.0741573781597546,[2.32663551],0.005,0.1,0.34398239636859457,0.01623525332903746,0
23.917022943496704,2.074548175593228,[2.32673435],0.005,0.1,0.3344194153132699,0.016192568841951076,0
23.926782369613647,2.0749389730267014,[2.32683348],0.005,0.1,0.3205088524313506,0.01612664929962941,0
23.93608784675598,2.0755251691769114,[2.3269327],0.005,0.1,0.30399526891964873,0.016014721584172463,0
23.9475576877594,2.075720567893648,[2.32703169],0.005,0.1,0.010094790726673325,0.016012257672346108,0
23.95702576637268,2.0763067640438577,[2.3271305],0.005,0.1,-0.041365954507057115,0.01591677198467178,0
23.969281435012817,2.076697561477331,[2.32722912],0.005,0.1,-0.004487172679420774,0.01585639358725502,0
23.978944301605225,2.077088358910805,[2.32732739],0.005,0.1,0.053883814386891424,0.015798892728572173,0
23.989176750183105,2.077479156344278,[2.32742519],0.005,0.1,0.10743819822480519,0.015741469760460303,0
23.99903106689453,2.077869953777751,[2.32752241],0.005,0.1,-0.12806131516340669,0.015686294157558768,0
24.007758378982544,2.078065352494488,[2.32761894],0.005,0.1,-0.13431618045402255,0.015665711968275153,0
24.020252466201782,2.0784561499279612,[2.32771482],0.005,0.1,-0.06395405048654648,0.015623923909615863,0
24.02897310256958,2.078846947361435,[2.32781009],0.005,0.1,0.018477395866040622,0.015549946143395965,0
24.037067651748657,2.0790423460781713,[2.3279045],0.005,0.1,0.08891145853725588,0.01552971444399977,0
24.0482337474823,2.0794331435116447,[2.32799785],0.005,0.1,-0.1350054054255853,0.015477428702441818,0
24.0579891204834,2.079823940945118,[2.32809012],0.005,0.1,-0.13350063906786697,0.015421339042042737,0
24.067349195480347,2.0800193396618547,[2.32818129],0.005,0.1,-0.05809400568607993,0.015399874403985749,0
24.07811141014099,2.080410137095328,[2.32827132],0.005,0.1,0.027478896603152538,0.015344826402028767,0
24.08595037460327,2.0808009345288014,[2.32836017],0.005,0.1,0.0997367392863842,0.01528643772843754,0
24.094013929367065,2.080996333245538,[2.3284477],0.005,0.1,0.15278130179523564,0.01525752846911004,0
24.104023456573486,2.0813871306790115,[2.32853371],0.005,0.1,0.1877273455897148,0.015203087494833867,0
24.11299228668213,2.081582529395748,[2.32861812],0.005,0.1,-0.06808516978854524,0.015183926901391082,0
24.12583041191101,2.0819733268292215,[2.3287011],0.005,0.1,-0.09206218158241192,0.015137825615229803,0
24.13594388961792,2.082364124262695,[2.32878281],0.005,0.1,-0.035727782802280575,0.01506925660728735,0
24.147183895111084,2.0825595229794316,[2.32886323],0.005,0.1,0.03619208780807732,0.01505583779384244,0
24.15894865989685,2.0829503204129045,[2.32894247],0.005,0.1,0.09903139987810523,0.014996539178104095,0
24.171968936920166,2.0833411178463783,[2.32902072],0.005,0.1,0.14581892600630506,0.014946566260491661,0
24.180704593658447,2.0837319152798512,[2.32909804],0.005,0.1,0.17679831998480022,0.014875871073819252,0
24.191514253616333,2.083927313996588,[2.32917437],0.005,0.1,0.19467983071536105,0.014861168976709992,0
24.2023286819458,2.084122712713325,[2.32924976],0.005,0.1,-0.07342818164599138,0.01483613595691171,0
24.21194052696228,2.084513510146798,[2.32932421],0.005,0.1,-0.10576480023584188,0.014776525669724745,0
24.222482442855835,2.0849043075802713,[2.32939772],0.005,0.1,-0.054769894896371164,0.014724161254462437,0
24.2299747467041,2.085099706297008,[2.32947019],0.005,0.1,0.014025967872601349,0.014701758943623201,0
24.239964723587036,2.0852951050137447,[2.32954128],0.005,0.1,0.07531421339329344,0.014674741604296573,0
24.24896478652954,2.085685902447218,[2.3296108],0.005,0.1,0.12163646895039039,0.014614440878817626,0
24.261994123458862,2.0858813011639548,[2.32967879],0.005,0.1,0.1528788095559564,0.014591103769225565,0
24.27098298072815,2.086272098597428,[2.32974525],0.005,0.1,0.17149482711739872,0.014526003577429319,0
24.28137445449829,2.086467497314165,[2.32981011],0.005,0.1,0.18045018739655702,0.014505449070447292,0
24.292709350585938,2.0866628960309015,[2.32987346],0.005,0.1,0.18242789532901155,0.014479638699263143,0
24.302197456359863,2.087053693464375,[2.32993533],0.005,0.1,-0.09644445972395965,0.01442025854234895,0
24.313929796218872,2.0874444908978482,[2.32999569],0.005,0.1,-0.13556909440280795,0.01436042803205635,0
24.323251247406006,2.087639889614585,[2.33005453],0.005,0.1,-0.0884344533993717,0.014334786085098365,0
24.331045150756836,2.0878352883313216,[2.33011175],0.005,0.1,-0.021418693976107836,0.014307313431042752,0
24.342379808425903,2.0880306870480583,[2.33016728],0.005,0.1,0.0395228156156388,0.014284654019213796,0
24.35288166999817,2.0884214844815316,[2.33022121],0.005,0.1,0.08645525615181979,0.014224225551362085,0
24.36203098297119,2.0886168831982683,[2.33027357],0.005,0.1,0.11892214967640995,0.014197972800975237,0
24.373656034469604,2.088812281915005,[2.33032438],0.005,0.1,0.13913536149747843,0.014171795890124766,0
24.381112575531006,2.089203079348478,[2.33037358],0.005,0.1,0.14989275322604273,0.014110451232141729,0
24.393062353134155,2.089398478065215,[2.33042116],0.005,0.1,0.15376275341767615,0.014085178031267423,0
24.402012825012207,2.0895938767819517,[2.33046718],0.005,0.1,0.15283456045699706,0.014058451687756886,0
24.410964488983154,2.089984674215425,[2.33051168],0.005,0.1,0.14870369123831764,0.013996880981089706,0
24.422139883041382,2.090375471648898,[2.33055465],0.005,0.1,0.14254198112125593,0.013936970987486237,0
24.432491064071655,2.0905708703656347,[2.3305962],0.005,0.1,0.13518656138369844,0.01390940589695976,0
24.444010257720947,2.090961667799108,[2.33063639],0.005,0.1,0.12722205816187232,0.01384835721051871,0
24.454028367996216,2.091157066515845,[2.33067524],0.005,0.1,0.11904802097231859,0.013820190994164093,0
24.464053869247437,2.0913524652325814,[2.33071271],0.005,0.1,0.11093100465950323,0.013792824353247468,0
24.477065801620483,2.0917432626660553,[2.33074887],0.005,0.1,0.10304341011251814,0.01373222174099435,0
24.487780332565308,2.0919386613827915,[2.33078388],0.005,0.1,0.09549181141670204,0.013704045171402857,0
24.49703097343445,2.092329458816265,[2.33081784],0.005,0.1,0.08833730540017665,0.013642689369462583,0
24.507508516311646,2.0925248575330015,[2.3308508],0.005,0.1,0.08160997170471601,0.013614283464833536,0
24.517148733139038,2.0927202562497382,[2.33088283],0.005,0.1,0.07531906123831891,0.013586180659955613,0
24.52769446372986,2.0929156549664754,[2.33091399],0.005,0.1,0.06946012330543591,0.013557950313057319,0
24.53497576713562,2.0931110536832116,[2.33094431],0.005,0.1,0.06401995725592241,0.013529328590013046,0
24.54709219932556,2.093501851116685,[2.33097382],0.005,0.1,0.0589800278151989,0.013468271625342311,0
24.557958364486694,2.0936972498334216,[2.33100265],0.005,0.1,-0.2217195588562275,0.01343985642179376,0
24.567179441452026,2.0938926485501583,[2.33103092],0.005,0.1,-0.25914963930340923,0.01341145815105654,0
24.57794165611267,2.094088047266895,[2.33105872],0.005,0.1,-0.2080254277897824,0.013383110279950268,0
24.58753514289856,2.0942834459836317,[2.33108615],0.005,0.1,-0.135604029318885,0.013354711438433711,0
24.59724521636963,2.0944788447003684,[2.33111327],0.005,0.1,-0.0684577540053906,0.013326241470514165,0
24.604947328567505,2.094674243417105,[2.33114019],0.005,0.1,-0.014946367610074701,0.013297931565872018,0
24.612939834594727,2.0948696421338417,[2.33116693],0.005,0.1,0.024186777549792447,0.01326851206210872,0
24.62281036376953,2.0950650408505784,[2.33119349],0.005,0.1,0.05096459012087505,0.01324039080361778,0
24.633042097091675,2.095260439567315,[2.33121992],0.005,0.1,0.06806462612841814,0.013212221416904176,0
24.642821073532104,2.095455838284052,[2.33124632],0.005,0.1,0.07798263572751944,0.013184104893433241,0
24.653002500534058,2.0956512370007885,[2.3312728],0.005,0.1,0.0827678193705444,0.013156120691459687,0
24.664071798324585,2.096042034434262,[2.33129948],0.005,0.1,0.083997834331098,0.013095751666752673,0
24.673652172088623,2.096042034434262,[2.33132644],0.005,0.1,0.08284140812140914,0.013099658508441362,0
24.68397355079651,2.096237433150998,[2.33135376],0.005,0.1,-0.19589618774138967,0.0130730955829036,0
24.699209213256836,2.096628230584472,[2.3313816],0.005,0.1,-0.23266566308697909,0.013016152530952934,0
24.708865880966187,2.096823629301208,[2.33141012],0.005,0.1,-0.18174321535332844,0.012985955146416614,0
24.719040870666504,2.097019028017945,[2.33143928],0.005,0.1,-0.11007831487330791,0.01295637734877765,0
24.729040384292603,2.097214426734682,[2.33146898],0.005,0.1,-0.04402973592168448,0.012929940206873693,0
24.739139080047607,2.097409825451418,[2.33149923],0.005,0.1,0.008189514328041984,0.012903351090590279,0
24.749568462371826,2.097605224168155,[2.33153011],0.005,0.1,0.045935789016381595,0.01287675882584082,0
24.761036157608032,2.0978006228848916,[2.33156168],0.005,0.1,0.07129874391497068,0.01285052582457858,0
24.77096700668335,2.0979960216016282,[2.331594],0.005,0.1,0.08699972348354656,0.0128241141706173,0
24.77994704246521,2.0979960216016282,[2.33162715],0.005,0.1,-0.18047599548265397,0.012831194592238424,0
24.78896951675415,2.098191420318365,[2.33166117],0.005,0.1,-0.2101101531490004,0.012805425284839344,0
24.800503730773926,2.098191420318365,[2.33169617],0.005,0.1,-0.15500751628240134,0.012817082009416534,0
24.811745405197144,2.098386819035102,[2.33173241],0.005,0.1,-0.08122904238545806,0.012796490811125041,0
24.822837114334106,2.0985822177518383,[2.33177011],0.005,0.1,-0.01448011049653803,0.01276820297246482,0
24.833008766174316,2.098777616468575,[2.33180928],0.005,0.1,0.03749677313286212,0.012741002954203311,0
24.84255623817444,2.0989730151853117,[2.33184984],0.005,0.1,0.07439148805551696,0.01271404286269717,0
24.84992551803589,2.0991684139020483,[2.33189161],0.005,0.1,0.09852705096262859,0.012683312701646236,0
24.86195135116577,2.0991684139020483,[2.33193443],0.005,0.1,0.11278608535683286,0.012697256013225532,0
24.87094259262085,2.099363812618785,[2.33197828],0.005,0.1,0.11980222801069931,0.012666144117584231,0
24.882985830307007,2.0995592113355217,[2.33202307],0.005,0.1,0.12171546568381322,0.012646531055402838,0
24.892565965652466,2.0997546100522584,[2.33206877],0.005,0.1,0.12016146720703083,0.012621593922372235,0
24.900980472564697,2.0997546100522584,[2.33211538],0.005,0.1,0.1163443407940837,0.012629581273905777,0
24.91177487373352,2.099950008768995,[2.33216286],0.005,0.1,0.11112760911462272,0.012605555178890797,0
24.922069787979126,2.1001454074857318,[2.33221116],0.005,0.1,-0.1709205074296151,0.012582950775359744,0
24.93096423149109,2.1001454074857318,[2.33226013],0.005,0.1,-0.21042978198906914,0.012585608412972585,0
24.94004535675049,2.1003408062024684,[2.33230959],0.005,0.1,-0.16180962987925768,0.012564190080260917,0
24.948736906051636,2.1003408062024684,[2.33235943],0.005,0.1,-0.09210791572425349,0.012573929727064755,0
24.95901346206665,2.100536204919205,[2.3324097],0.005,0.1,-0.027755969291461034,0.012552110985023304,0
24.96800184249878,2.100536204919205,[2.33246039],0.005,0.1,0.022979553744049325,0.012560658511743632,0
24.97892475128174,2.100731603635942,[2.33251153],0.005,0.1,-0.21662327525472247,0.012539939121746987,0
24.98692536354065,2.100731603635942,[2.33256311],0.005,0.1,-0.22555267711703064,0.01254905866291844,0
24.994988679885864,2.100731603635942,[2.33261513],0.005,0.1,-0.1558020169621524,0.01255872168897867,0
25.00402522087097,2.1009270023526785,[2.33266752],0.005,0.1,-0.07209937806362109,0.012528871782034205,0
25.013746976852417,2.1009270023526785,[2.3327201],0.005,0.1,0.0010574891364086361,0.012539227861213323,0
25.02678084373474,2.1009270023526785,[2.33277286],0.005,0.1,-0.21913223646680308,0.012557010647381513,0
25.03495168685913,2.1009270023526785,[2.33282589],0.005,0.1,-0.21327557057176805,0.012558074052167972,0
25.044604063034058,2.1009270023526785,[2.33287909],0.005,0.1,-0.4092237859661716,0.012570389172310355,0
25.053971767425537,2.1009270023526785,[2.33293242],0.005,0.1,-0.35197396710056306,0.012582480068032243,0
25.06685709953308,2.1009270023526785,[2.33298603],0.005,0.1,-0.495886518861169,0.012604326463477969,0
25.07497525215149,2.1009270023526785,[2.33304004],0.005,0.1,-0.39524097122388663,0.012602050360484271,0
25.08392882347107,2.1009270023526785,[2.33309427],0.005,0.1,-0.23022747797688142,0.012604635478774712,0
25.09404444694519,2.1009270023526785,[2.33314847],0.005,0.1,-0.07307734022475494,0.01261704687442859,0
25.10397481918335,2.1009270023526785,[2.33320261],0.005,0.1,0.052559198967814504,0.012628575910090086,0
25.115424394607544,2.1009270023526785,[2.33325687],0.005,0.1,0.14354670659000596,0.01264979028216969,0
25.12904143333435,2.1009270023526785,[2.33331158],0.005,0.1,0.2043670391192368,0.012669754246627972,0
25.138935327529907,2.1009270023526785,[2.33336706],0.005,0.1,0.2414652736185508,0.012674074330058417,0
25.147390842437744,2.1009270023526785,[2.33342334],0.005,0.1,0.2609787447139399,0.012680062362345982,0
25.156587600708008,2.1009270023526785,[2.33348033],0.005,0.1,0.2679906175485727,0.012683616251402513,0
25.167264461517334,2.1009270023526785,[2.33353789],0.005,0.1,0.26642883249407945,0.012691598749397593,0
25.17797613143921,2.1009270023526785,[2.33359593],0.005,0.1,0.25920592276971244,0.01270241460793283,0
25.188003540039062,2.1009270023526785,[2.33365441],0.005,0.1,0.24842201267603953,0.012711075541308075,0
25.19832468032837,2.1009270023526785,[2.33371341],0.005,0.1,0.23555933922913547,0.012732456178216252,0
25.209651231765747,2.1009270023526785,[2.33377304],0.005,0.1,0.2216444998666529,0.012737505715757866,0
25.21870183944702,2.1009270023526785,[2.33383321],0.005,0.1,0.20737494855982538,0.012734934594416457,0
25.229211807250977,2.1009270023526785,[2.33389363],0.005,0.1,0.19321389537249883,0.012745427702044818,0
25.23896098136902,2.1009270023526785,[2.33395414],0.005,0.1,0.1794598119407732,0.012756030778013096,0
25.250072717666626,2.1009270023526785,[2.33401472],0.005,0.1,0.16629653087909,0.012766862934621245,0
25.262255907058716,2.1009270023526785,[2.33407542],0.005,0.1,0.15382895321173112,0.01278811566240696,0
25.270012140274048,2.1009270023526785,[2.33413631],0.005,0.1,0.14210828435560197,0.012785266395675897,0
25.279943704605103,2.1009270023526785,[2.33419735],0.005,0.1,0.13114974780708627,0.01280715095247868,0
25.289977550506592,2.1009270023526785,[2.33425848],0.005,0.1,0.1209449428321549,0.012802107197333984,0
25.299960613250732,2.1009270023526785,[2.33431952],0.005,0.1,0.11147041305516892,0.012814226704397223,0
25.308567762374878,2.1009270023526785,[2.33438035],0.005,0.1,0.10269354759288674,0.012825088407781685,0
25.317903995513916,2.1009270023526785,[2.33444096],0.005,0.1,0.09457661190665795,0.012835044059388375,0
25.328935146331787,2.1009270023526785,[2.33450134],0.005,0.1,0.08707947204582189,0.012846003445930213,0
25.33993649482727,2.1009270023526785,[2.33456151],0.005,0.1,0.08016140934977141,0.012857547652661212,0
25.349045515060425,2.1009270023526785,[2.33462148],0.005,0.1,0.07378230450083417,0.012866578620039756,0
25.361340522766113,2.1009270023526785,[2.33468135],0.005,0.1,0.06790338634595544,0.01288738343069118,0
25.369941234588623,2.1009270023526785,[2.3347412],0.005,0.1,0.06248768211983921,0.01288347214495391,0
25.38093900680542,2.1009270023526785,[2.33480091],0.005,0.1,0.05750026439630844,0.012895233298625054,0
25.390976428985596,2.1009270023526785,[2.33486048],0.005,0.1,0.052908361121325125,0.012915235589045383,0
25.399927616119385,2.1009270023526785,[2.33492001],0.005,0.1,0.048681374787565235,0.012912410430273344,0
25.408761739730835,2.1009270023526785,[2.33497938],0.005,0.1,0.04479084261484287,0.012923940515683605,0
25.418818950653076,2.1009270023526785,[2.33503851],0.005,0.1,0.041210359683413605,0.012934672857240365,0
25.432344675064087,2.1009270023526785,[2.33509751],0.005,0.1,0.037915480048451404,0.012953518532324645,0
25.441340923309326,2.1009270023526785,[2.33515655],0.005,0.1,0.034883606045013,0.012961029232867504,0
25.450035572052002,2.1009270023526785,[2.33521558],0.005,0.1,0.03209387264303839,0.012959653032286573,0
25.45803713798523,2.1009270023526785,[2.33527441],0.005,0.1,0.029527031389393818,0.012970952013321142,0
25.467931985855103,2.1009270023526785,[2.33533295],0.005,0.1,0.02716533686903131,0.012981798858630213,0
25.479958295822144,2.1009270023526785,[2.33539124],0.005,0.1,0.024992437513226058,0.012991899276425335,0
25.487927198410034,2.1009270023526785,[2.33544919],0.005,0.1,0.022993271827852577,0.012993551266174965,0
25.49790906906128,2.1009270023526785,[2.33550666],0.005,0.1,0.021153970602644828,0.013006502609952461,0
25.509279012680054,2.1009270023526785,[2.33556376],0.005,0.1,0.01946176531916821,0.01302850892055695,0
25.518956422805786,2.1009270023526785,[2.33562074],0.005,0.1,0.01790490274895957,0.013036912227903923,0
25.528576135635376,2.1009270023526785,[2.33567774],0.005,0.1,0.016472565587775278,0.013044725894456159,0
25.536998510360718,2.1009270023526785,[2.33573476],0.005,0.1,0.015154798881868579,0.013053900110556143,0
25.547039031982422,2.1009270023526785,[2.33579179],0.005,0.1,0.013942441950101109,0.013061472087486066,0
25.557157039642334,2.1009270023526785,[2.33584883],0.005,0.1,0.01282706547924108,0.013071587243126698,0
25.56700348854065,2.1009270023526785,[2.33590587],0.005,0.1,0.011800913460505763,0.01308033284823321,0
25.5759756565094,2.1009270023526785,[2.33596281],0.005,0.1,0.010856849637388248,0.013080706359090383,0
25.584952116012573,2.100731603635942,[2.33601949],0.005,0.1,0.00998830814400333,0.013124261599901911,0
25.596850156784058,2.1009270023526785,[2.33607591],0.005,0.1,0.00918924802680738,0.01311304834570436,0
25.607524633407593,2.100731603635942,[2.33613232],0.005,0.1,0.00845411135868985,0.013154052260342906,0
25.615338563919067,2.100731603635942,[2.33618881],0.005,0.1,0.007777784671813599,0.013161205666295974,0
25.625322818756104,2.100731603635942,[2.33624535],0.005,0.1,0.007155563453341791,0.013169203951849728,0
25.63356852531433,2.100731603635942,[2.33630179],0.005,0.1,0.00658311946576574,0.013169567941728346,0
25.643990755081177,2.100731603635942,[2.33635795],0.005,0.1,0.006056470670588378,0.013180170020161364,0
25.655386686325073,2.100731603635942,[2.33641382],0.005,0.1,0.00557195355040004,0.013199640209927225,0
25.664753437042236,2.100731603635942,[2.33646951],0.005,0.1,0.005126197639789151,0.013198347127246834,0
25.67509412765503,2.100731603635942,[2.3365249],0.005,0.1,0.004716102090000801,0.013208596503048394,0
25.68470859527588,2.100731603635942,[2.3365799],0.005,0.1,0.004338814105777085,0.013217472644566802,0
25.698957204818726,2.100731603635942,[2.33663465],0.005,0.1,0.003991709105398364,0.013243345973273897,0
25.706969738006592,2.100731603635942,[2.33668936],0.005,0.1,0.0036723724666249003,0.013238648355661206,0
25.71501398086548,2.100536204919205,[2.33674387],0.005,0.1,0.0033785827320557916,0.013272710483418663,0
25.725747108459473,2.100536204919205,[2.33679797],0.005,0.1,0.0031082961574239567,0.013289523025211773,0
25.73601508140564,2.100731603635942,[2.33685161],0.005,0.1,0.002859632495582876,0.013257780272049175,0
25.744970560073853,2.100536204919205,[2.3369047],0.005,0.1,0.00263086191746323,0.013299483449408168,0
25.754112482070923,2.100536204919205,[2.33695712],0.005,0.1,0.002420392979135058,0.013308489356240365,0
25.763920783996582,2.100536204919205,[2.33700886],0.005,0.1,0.0022267615513524744,0.013317241238520863,0
25.77392816543579,2.100536204919205,[2.3370599],0.005,0.1,0.0020486206346280334,0.013324781459098545,0
25.782488584518433,2.100536204919205,[2.33711019],0.005,0.1,0.0018847309890264177,0.013333135047641548,0
25.792235851287842,2.100536204919205,[2.33715974],0.005,0.1,0.0017339525135223453,0.013341065928142245,0
25.80233645439148,2.100536204919205,[2.33720851],0.005,0.1,0.0015952363149731872,0.01334901232577317,0
25.81001901626587,2.100536204919205,[2.33725645],0.005,0.1,0.0014676174115481723,0.013351917371645148,0
25.81956124305725,2.100536204919205,[2.33730349],0.005,0.1,0.0013502080198653063,0.013365219915974468,0
25.827741146087646,2.100536204919205,[2.33734964],0.005,0.1,0.0012421913791447723,0.013367775749545603,0
25.838176488876343,2.1003408062024684,[2.33739485],0.005,0.1,0.0011428160694212743,0.013409163699056401,0
25.848727464675903,2.100536204919205,[2.33743911],0.005,0.1,0.0010513907842932308,0.01338411709348434,0
25.85894227027893,2.1003408062024684,[2.33748245],0.005,0.1,0.0009672795218477334,0.013425074985660222,0
25.868969440460205,2.1003408062024684,[2.33752493],0.005,0.1,0.0008898971603084884,0.013431674923537416,0
25.87994074821472,2.1003408062024684,[2.33756658],0.005,0.1,0.0008187053876298109,0.013438762291426478,0
25.88798975944519,2.1003408062024684,[2.33760742],0.005,0.1,0.0007532089567216261,0.013445672012934133,0
25.897926807403564,2.1003408062024684,[2.33764751],0.005,0.1,0.0006929522402554371,0.013452521720044073,0
25.907819271087646,2.1001454074857318,[2.33768687],0.005,0.1,0.0006375160610850809,0.013491680189152479,0
25.918049335479736,2.1003408062024684,[2.33772554],0.005,0.1,0.0005865147762333285,0.013465503289610142,0
25.92904567718506,2.1001454074857318,[2.33776354],0.005,0.1,0.0005395935941592008,0.013504090497291368,0
25.941043615341187,2.1001454074857318,[2.33780095],0.005,0.1,0.0004964261066436411,0.013513255279648664,0
25.948943614959717,2.1001454074857318,[2.33783779],0.005,0.1,0.0004567120181241735,0.013515346375059533,0
25.957824230194092,2.1001454074857318,[2.33787404],0.005,0.1,0.00042017505668265657,0.013521486514452242,0
25.9690842628479,2.1001454074857318,[2.33790964],0.005,0.1,0.000386561052153936,0.013527388352344441,0
25.98001980781555,2.1001454074857318,[2.33794466],0.005,0.1,0.0003556361679857454,0.013536378265297036,0
25.992217779159546,2.099950008768995,[2.33797923],0.005,0.1,0.0003271852745497722,0.01357422724572208,0
25.99990677833557,2.099950008768995,[2.33801333],0.005,0.1,0.0003010104525878114,0.013577100274709092,0
26.009570598602295,2.099950008768995,[2.33804688],0.005,0.1,0.0002769296163822007,0.013582958147268467,0
26.02071738243103,2.099950008768995,[2.33807988],0.005,0.1,0.000254775247072615,0.01359119057206557,0
26.029951333999634,2.099950008768995,[2.33811239],0.005,0.1,0.00023439322730749908,0.013593430350693235,0
26.03996968269348,2.0997546100522584,[2.33814438],0.005,0.1,-0.27582271790955765,0.01363298477854414,0
26.048617839813232,2.099950008768995,[2.33817579],0.005,0.1,-0.30896457241252895,0.013605877680131717,0
26.059018850326538,2.099950008768995,[2.33820667],0.005,0.1,-0.25388318705487145,0.013612545516138892,0
26.068606853485107,2.0997546100522584,[2.33823706],0.005,0.1,-0.177812783435388,0.013648328410073197,0
26.07602858543396,2.0997546100522584,[2.33826688],0.005,0.1,-0.10730353922207375,0.013653713790961461,0
26.086503744125366,2.0997546100522584,[2.33829612],0.005,0.1,-0.0506941022674109,0.013658467701322344,0
26.09699511528015,2.0995592113355217,[2.33832475],0.005,0.1,-0.008707867044210608,0.013696927939564816,0
26.110883712768555,2.0995592113355217,[2.33835285],0.005,0.1,0.02069680693358103,0.013703791041701156,0
26.119913816452026,2.099363812618785,[2.33838043],0.005,0.1,0.04021496845136753,0.013739433099012132,0
26.128933906555176,2.099363812618785,[2.33840748],0.005,0.1,0.052358642647236706,0.013744084182502714,0
26.138915061950684,2.0991684139020483,[2.33843393],0.005,0.1,-0.21684622956221425,0.013783064461501206,0
26.148914575576782,2.0991684139020483,[2.33845981],0.005,0.1,-0.24685589356095528,0.013788189961706011,0
26.157987117767334,2.098777616468575,[2.33848513],0.005,0.1,-0.19118059363335577,0.013859407775006004,0
26.165934801101685,2.098777616468575,[2.33850986],0.005,0.1,-0.39223723486279805,0.013863802662718238,0
26.17755675315857,2.0985822177518383,[2.33853396],0.005,0.1,-0.35701559281417994,0.013903413541764423,0
26.187360525131226,2.098191420318365,[2.33855749],0.005,0.1,-0.5241586281041749,0.013976601591319911,0
26.197948217391968,2.098191420318365,[2.33858047],0.005,0.1,-0.7184160092548546,0.013982646477909559,0
26.206941843032837,2.0979960216016282,[2.33860291],0.005,0.1,-0.8758743152429859,0.01401968193713361,0
26.220258474349976,2.097605224168155,[2.33862479],0.005,0.1,-0.705017389429436,0.01409512830370182,0
26.235368251800537,2.097214426734682,[2.33864691],0.005,0.1,-0.7284839258858467,0.014271546099371769,0
26.245065450668335,2.097019028017945,[2.33867549],0.005,0.1,-0.5252838084771562,0.016892076913570458,0
26.25813341140747,2.096628230584472,[2.33871718],0.005,0.1,-0.28140164512982657,0.014531083982332672,0
26.268499851226807,2.096432831867735,[2.33876948],0.005,0.1,-0.06738065428469056,0.014459114606029966,0
26.2808518409729,2.096042034434262,[2.33882834],0.005,0.1,-0.1788687410731023,0.014600368016422526,0
26.290926933288574,2.0956512370007885,[2.33889335],0.005,0.1,-0.09580322979816197,0.01462951975189911,0
26.304969549179077,2.095455838284052,[2.33896366],0.005,0.1,0.035275731668520965,0.014626102206867218,0
26.315895557403564,2.0950650408505784,[2.33903777],0.005,0.1,0.15648671263824898,0.014658212281975273,0
26.32594394683838,2.0948696421338417,[2.33911384],0.005,0.1,0.24961227695205293,0.014673700430705641,0
26.335939407348633,2.0944788447003684,[2.33918988],0.005,0.1,0.31300513255960355,0.01474251855442035,0
26.347137689590454,2.0942834459836317,[2.3392636],0.005,0.1,0.3510233518075888,0.01480507153353211,0
26.356693506240845,2.0938926485501583,[2.33933242],0.005,0.1,0.36943519626898563,0.014918611335180817,0
26.368905305862427,2.0936972498334216,[2.33939394],0.005,0.1,0.37360231524620646,0.015014135934832059,0
26.378894090652466,2.0933064523999483,[2.33944597],0.005,0.1,0.0918692925502182,0.015164075309719626,0
26.39011263847351,2.0929156549664754,[2.33948581],0.005,0.1,0.04654162671577339,0.01550813504314896,0
26.400354623794556,2.0927202562497382,[2.3395102],0.005,0.1,0.08539024277869435,0.01569519346287939,0
26.414002656936646,2.092329458816265,[2.33951566],0.005,0.1,0.14293770164727573,0.016328011362262623,0
26.42591118812561,2.0919386613827915,[2.33949779],0.005,0.1,0.1938569182944772,0.017165228359271055,0
26.43807315826416,2.091547863949318,[2.33945229],0.005,0.1,0.2306409067638911,0.01737833058553815,0
26.449007749557495,2.0913524652325814,[2.33937658],0.005,0.1,0.25311670306970674,0.017599603194774372,0
26.458982944488525,2.090961667799108,[2.3392691],0.005,0.1,0.26367745976389867,0.017915769702972296,0
26.467890739440918,2.0905708703656347,[2.3391285],0.005,0.1,0.26523090041408937,0.018244545082758957,0
26.47895121574402,2.090375471648898,[2.33895365],0.005,0.1,0.26040606076960404,0.018545574374598396,0
26.48754572868347,2.0901800729321613,[2.33874373],0.005,0.1,0.25131926167344887,0.01882216404180052,0
26.49748992919922,2.0895938767819517,[2.33849818],0.005,0.1,0.2395707723220443,0.019188184766662408,0
26.506831645965576,2.089398478065215,[2.33821675],0.005,0.1,0.22632258241734682,0.01942408963038206,0
26.517975330352783,2.0890076806317412,[2.3378995],0.005,0.1,0.21239277402738183,0.019668141100593537,0
26.525896072387695,2.088812281915005,[2.33754682],0.005,0.1,0.19834143479092248,0.019803132553193725,0
26.534903287887573,2.0884214844815316,[2.33715946],0.005,0.1,0.1845406198593245,0.019938178762456155,0
26.543274879455566,2.088226085764795,[2.33673966],0.005,0.1,0.17122814115258866,0.018630412324349352,0
26.552942037582397,2.0880306870480583,[2.3362909],0.005,0.1,0.1585475399707045,0.019035631740377618,0
26.56297779083252,2.087639889614585,[2.33581534],0.005,0.1,0.14657714709672917,0.019276745913107622,0
26.57339596748352,2.0874444908978482,[2.3353141],0.005,0.1,0.1353508901788011,0.019374516909554045,0
26.582134008407593,2.087249092181111,[2.33478862],0.005,0.1,0.12487302317097687,0.019383475190677065,0
26.591947555541992,2.086858294747638,[2.33424056],0.005,0.1,0.11512845616764367,0.019353493514773785,0
26.6049747467041,2.086467497314165,[2.33367179],0.005,0.1,0.10608993802237773,0.019267210759012148,0
26.616942644119263,2.0860766998806914,[2.33308434],0.005,0.1,0.09772300680073812,0.019106701980049597,0
26.627223014831543,2.0858813011639548,[2.33247954],0.005,0.1,0.08998936741901241,0.019973559852156517,0
26.634993314743042,2.085685902447218,[2.33185903],0.005,0.1,0.0828491670832383,0.01824922001818183,0
26.647947549819946,2.0852951050137447,[2.3312331],0.005,0.1,0.07626250217905772,0.01501162292223013,0
26.6589195728302,2.085099706297008,[2.33062196],0.005,0.1,0.07019039198949745,0.015837490440407703,0
26.67091989517212,2.0847089088635347,[2.33003619],0.005,0.1,0.06459538465018402,0.015724002334112343,0
26.68015766143799,2.0843181114300617,[2.32947177],0.005,0.1,0.059441911207321146,0.015027408181989615,0
26.689364433288574,2.084122712713325,[2.32892852],0.005,0.1,0.054696468698770415,0.014810956715955862,0
26.69929075241089,2.0837319152798512,[2.32841111],0.005,0.1,0.05032768860330672,0.014764837119853507,0
26.708924055099487,2.0835365165631146,[2.32792207],0.005,0.1,0.04630632975975489,0.014699249123086023,0
26.718923091888428,2.0831457191296416,[2.32746286],0.005,0.1,0.04260522278247644,0.014679622095890417,0
26.72740340232849,2.0829503204129045,[2.32703436],0.005,0.1,0.039199184558434755,0.014634015304690662,0
26.738897562026978,2.0825595229794316,[2.32663693],0.005,0.1,0.03606491552079827,0.01463014976939184,0
26.75106430053711,2.082364124262695,[2.32627043],0.005,0.1,0.033180888292089775,0.014599920419755549,0
26.758874654769897,2.0819733268292215,[2.32593435],0.005,0.1,0.030527233439797928,0.014606787892470833,0
26.768890857696533,2.0817779281124844,[2.32562801],0.005,0.1,0.028085626113375117,0.01458665926201498,0
26.779888153076172,2.0813871306790115,[2.32535048],0.005,0.1,0.02583917596894196,0.014606517270661762,0
26.78907799720764,2.081191731962275,[2.32509476],0.005,0.1,0.023772321852924678,0.01738022323468305,0
26.798187017440796,2.080996333245538,[2.32484873],0.005,0.1,0.021870732077867994,0.016110172491134216,0
26.80597949028015,2.0806055358120648,[2.32460877],0.005,0.1,0.020121210692920517,0.014887248702370369,0
26.813884973526,2.080410137095328,[2.32437806],0.005,0.1,0.018511609864419853,0.014974802409353343,0
26.82396125793457,2.0800193396618547,[2.32415569],0.005,0.1,0.017030748294131523,0.015403187208775154,0
26.832488775253296,2.079823940945118,[2.32393762],0.005,0.1,0.015668335483816943,0.015610531728788355,0
26.841052770614624,2.0796285422283813,[2.32372084],0.005,0.1,0.014414901582365781,0.015409821479734994,0
26.850595474243164,2.0794331435116447,[2.32350261],0.005,0.1,0.01326173251185764,0.016318024875997785,0
26.859970808029175,2.0790423460781713,[2.32327845],0.005,0.1,0.012200810050162823,0.016676033020988964,0
26.8679141998291,2.078846947361435,[2.32304503],0.005,0.1,0.011224756543632834,0.016241719353144484,0
26.87696385383606,2.0784561499279612,[2.32280188],0.005,0.1,0.010326783928376158,0.016025708284149003,0
26.886659860610962,2.0782607512112246,[2.3225483],0.005,0.1,0.009500646749873352,0.016713321730644385,0
26.897991180419922,2.077869953777751,[2.32228121],0.005,0.1,0.008740598884920903,0.017532961464457156,0
26.90708613395691,2.077674555061015,[2.32199492],0.005,0.1,-0.2679970059920316,0.020115124690280275,0
26.917041301727295,2.077283757627541,[2.32168241],0.005,0.1,-0.3017649155496397,0.020834079796915157,0
26.925943613052368,2.077088358910805,[2.32133842],0.005,0.1,-0.24725950141187727,0.021642426475251227,0
26.9358971118927,2.076697561477331,[2.32096105],0.005,0.1,-0.1717189917134343,0.020051640981109214,0
26.944955348968506,2.0763067640438577,[2.3205501],0.005,0.1,-0.10169725018659659,0.021575840093758517,0
26.95718550682068,2.075915966610385,[2.32010136],0.005,0.1,-0.045536315898878375,0.02679985974096374,0
26.965051889419556,2.075720567893648,[2.31960712],0.005,0.1,-0.003962703266034248,0.02769856165127106,0
26.973241090774536,2.0755251691769114,[2.31906448],0.005,0.1,0.025062357832887336,0.02436780573229054,0
26.982807397842407,2.0751343717434376,[2.31847495],0.005,0.1,0.044231275435102746,0.026449093323072687,0
26.99405312538147,2.0747435743099647,[2.31783509],0.005,0.1,0.05605364518173266,0.03421415255781816,0
27.007976770401,2.0743527768764913,[2.31713717],0.005,0.1,0.06259153252482565,0.03490484362130455,0
27.018998622894287,2.073961979443018,[2.31637686],0.005,0.1,0.06543451954849663,0.03576181120004319,0
27.031473398208618,2.073375783292808,[2.31555026],0.005,0.1,-0.21027599277845166,0.04469126196185782,0
27.039006233215332,2.0731803845760712,[2.31465427],0.005,0.1,-0.24473406296215355,0.03560226535793177,0
27.047927379608154,2.072789587142598,[2.31369213],0.005,0.1,-0.192025004685284,0.03700828378628968,0
27.058232307434082,2.072594188425861,[2.31266418],0.005,0.1,-0.11895855206048633,0.046814258672471507,0
27.065908432006836,2.0722033909923883,[2.31157141],0.005,0.1,-0.05179214182964586,0.046691190562247735,0
27.073894500732422,2.072007992275651,[2.31042661],0.005,0.1,0.0013343425084351608,0.03675753855923897,0
27.082998514175415,2.071617194842178,[2.30924113],0.005,0.1,0.039829926574714056,0.0382013328435312,0
27.092079639434814,2.071421796125441,[2.30801632],0.005,0.1,0.06582224066197775,0.03932020590944934,0
27.10161519050598,2.071030998691968,[2.30675084],0.005,0.1,0.08206009525147756,0.04009982668983201,0
27.111689805984497,2.070835599975231,[2.30544405],0.005,0.1,0.09108710036767717,0.04043709909218105,0
27.12410283088684,2.0702494038250214,[2.30409312],0.005,0.1,0.09498403577698186,0.04974701424738719,0
27.13420581817627,2.0700540051082847,[2.30269355],0.005,0.1,0.09534886258357628,0.04647623738071788,0
27.14882183074951,2.0694678089580743,[2.3012426],0.005,0.1,0.09336284697584143,0.053202204226525975,0
27.159920930862427,2.0690770115246013,[2.29973919],0.005,0.1,0.08987684891245351,0.04779522229980867,0
27.177031755447388,2.0682954166576546,[2.29818385],0.005,0.1,0.08549167394343728,0.05209227260396243,0
27.18788170814514,2.068100017940918,[2.29657867],0.005,0.1,0.3566626068462779,0.04553720600887751,0
27.200032472610474,2.067709220507444,[2.29492923],0.005,0.1,0.38472181827148655,0.04120920612217633,0
27.20990538597107,2.067318423073971,[2.29324372],0.005,0.1,0.3245511433908482,0.03782233525043456,0
27.224271535873413,2.066927625640498,[2.29152762],0.005,0.1,0.24350825962635814,0.0416692858223001,0
27.23468828201294,2.0665368282070244,[2.28978211],0.005,0.1,0.16822057340100344,0.04327219886197141,0
27.24765634536743,2.066146030773551,[2.28800752],0.005,0.1,0.10707207428525675,0.043089292785397734,0
27.25889778137207,2.0657552333400777,[2.28620802],0.005,0.1,0.06080974335937613,0.035990493229086144,0
27.267317533493042,2.0653644359066043,[2.2844018],0.005,0.1,0.027400884546232372,0.014914174945736306,0
27.275874614715576,2.0651690371898677,[2.28262646],0.005,0.1,0.00414971631333348,0.010545534016995903,0
27.284894943237305,2.064582841039658,[2.2809135],0.005,0.1,-0.011462750184236401,0.011361987924189153,0
27.29291796684265,2.064387442322921,[2.2792714],0.005,0.1,-0.02151163308627766,0.010673013560780754,0
27.303894996643066,2.0639966448894476,[2.27770477],0.005,0.1,-0.027601614722136562,0.010063937589524502,0
27.31187915802002,2.063801246172711,[2.27622152],0.005,0.1,-0.030928514262808446,0.009913023838219723,0
27.31988835334778,2.0636058474559746,[2.27482589],0.005,0.1,-0.03236244828494604,0.009767402449538123,0
27.328892946243286,2.063215050022501,[2.27351946],0.005,0.1,-0.032526050566493034,0.00963504644438203,0
27.337911128997803,2.0630196513057646,[2.27230292],0.005,0.1,-0.03185920898727838,0.009403286426026109,0
27.35122060775757,2.0626288538722912,[2.27117587],0.005,0.1,-0.030669353877100514,0.00938917203095955,0
27.360747575759888,2.0622380564388174,[2.27013631],0.005,0.1,0.24686923104432726,0.00928142272926976,0
27.37308955192566,2.0618472590053445,[2.26918128],0.005,0.1,0.28165898537868433,0.00924831317619688,0
27.381908893585205,2.061651860288608,[2.26830766],0.005,0.1,0.2282936551159367,0.009043702717922037,0
27.3899188041687,2.061456461571871,[2.26751241],0.005,0.1,0.15394227650144582,0.008947247552283903,0
27.400242567062378,2.0610656641383978,[2.26679184],0.005,0.1,0.08511284493643707,0.008932260098521128,0
27.4098904132843,2.060870265421661,[2.26614174],0.005,0.1,-0.24592064149921158,0.008797341279071502,0
27.418354749679565,2.060284069271451,[2.26555813],0.005,0.1,-0.3194980638037559,0.008783198147025174,0
27.42888832092285,2.0598932718379777,[2.26503692],0.005,0.1,-0.29236094645457944,0.008754779534617315,0
27.442405700683594,2.0595024744045043,[2.26457352],0.005,0.1,-0.23444146827579368,0.008763448538786887,0
27.450972318649292,2.059307075687768,[2.26416321],0.005,0.1,-0.1748014731445312,0.008716910900565457,0
27.462944746017456,2.0589162782542942,[2.26380154],0.005,0.1,-0.1238414529517809,0.008706092390414139,0
27.471925258636475,2.058525480820821,[2.26348438],0.005,0.1,-0.08387269109042852,0.008703662553724753,0
27.480907678604126,2.058330082104084,[2.26320768],0.005,0.1,-0.0540307068723608,0.00868675945639855,0
27.491957664489746,2.057939284670611,[2.26296101],0.005,0.1,-0.03247115357439173,0.012407477436770344,0
27.501882791519165,2.057548487237138,[2.26273008],0.005,0.1,-0.01728520431641544,0.009755816988416585,0
27.513363361358643,2.057157689803664,[2.26250921],0.005,0.1,-0.006829463466539686,0.010019521234933583,0
27.524885416030884,2.0567668923701907,[2.26229588],0.005,0.1,0.000198513076054542,0.010138534529156227,0
27.53488540649414,2.056571493653454,[2.2620853],0.005,0.1,0.00478505181169565,0.010205561354647986,0
27.54801321029663,2.0559852975032444,[2.26187256],0.005,0.1,0.0076565845919834155,0.01103521688335583,0
27.558723211288452,2.0557898987865078,[2.26165216],0.005,0.1,-0.26669994446738654,0.011096019328403888,0
27.56994915008545,2.055399101353034,[2.26141979],0.005,0.1,-0.2989574099055606,0.011269670662172767,0
27.578325271606445,2.055008303919561,[2.2611722],0.005,0.1,0.03249579017309229,0.011538269926476394,0
27.588997840881348,2.0546175064860877,[2.2609063],0.005,0.1,0.14165940737245888,0.01185923969651313,0
27.600467443466187,2.0542267090526143,[2.26061788],0.005,0.1,0.15680477872834828,0.013575758625357495,0
27.608597993850708,2.0540313103358776,[2.26030312],0.005,0.1,0.13691699702028298,0.012243685860585472,0
27.617860078811646,2.0536405129024042,[2.25996115],0.005,0.1,0.10788421458590727,0.01276128598545829,0
27.629960298538208,2.053249715468931,[2.25959103],0.005,0.1,0.0801283600051651,0.013320757890663294,0
27.638883113861084,2.053054316752194,[2.25919051],0.005,0.1,0.05709574824356925,0.013865111096266295,0
27.648890256881714,2.0528589180354575,[2.25875751],0.005,0.1,0.0392750679255139,0.014438799014469787,0
27.65989851951599,2.0522727218852475,[2.25829009],0.005,0.1,0.02604725797760856,0.015103845381368226,0
27.670028924942017,2.0522727218852475,[2.25778645],0.005,0.1,0.01649906908326286,0.01575277834060078,0
27.679933071136475,2.051881924451774,[2.2572448],0.005,0.1,0.00975188522909177,0.016527073518118697,0
27.688607692718506,2.0516865257350374,[2.25666343],0.005,0.1,0.0050715673073948985,0.01731115278216754,0
27.696970462799072,2.051295728301564,[2.25604067],0.005,0.1,0.0018851818133879708,0.01821042358308489,0
27.704973936080933,2.0511003295848274,[2.25537704],0.005,0.1,-0.00023736637679567965,0.01580902652385987,0
27.71592903137207,2.0507095321513544,[2.25467281],0.005,0.1,-0.0016112264024978245,0.021185045863012203,0
27.72689652442932,2.0503187347178806,[2.25392378],0.005,0.1,-0.002463640717518967,0.021887650847221513,0
27.737948656082153,2.050123336001144,[2.25312636],0.005,0.1,-0.0029566271052382477,0.02258074383148395,0
27.747942447662354,2.049732538567671,[2.25228207],0.005,0.1,-0.0032047307614378514,0.01886461204227837,0
27.75789165496826,2.0493417411341976,[2.25139475],0.005,0.1,-0.0032883857142733536,0.020659880917777294,0
27.768691062927246,2.0489509437007243,[2.25046281],0.005,0.1,-0.00326373311501767,0.027652053792629135,0
27.77787685394287,2.0487555449839876,[2.24948001],0.005,0.1,-0.0031697246804622036,0.027681446847782596,0
27.78754496574402,2.0483647475505142,[2.24844362],0.005,0.1,-0.003033208573339579,0.027939031299974156,0
27.796395301818848,2.048169348833777,[2.24735402],0.005,0.1,-0.002872544553127087,0.02824697147721234,0
27.805900812149048,2.047778551400304,[2.24621177],0.005,0.1,-0.0027001605341041733,0.02869201300272821,0
27.817909240722656,2.047387753966831,[2.24501764],0.005,0.1,-0.0025243537126625384,0.029183988307010775,0
27.82895040512085,2.0469969565333574,[2.24377249],0.005,0.1,-0.002350555800369655,0.0297465496523238,0
27.839929819107056,2.046606159099884,[2.24247737],0.005,0.1,-0.0021822196905559657,0.030175407370385158,0
27.84854221343994,2.0462153616664107,[2.24113364],0.005,0.1,-0.2780597991843891,0.03027044668256961,0
27.857874155044556,2.046019962949674,[2.23974309],0.005,0.1,-0.3110323461298844,0.03027481720666747,0
27.867892742156982,2.0456291655162007,[2.23830782],0.005,0.1,-0.2557923005216091,0.03026852564779658,0
27.877853393554688,2.0452383680827277,[2.23682998],0.005,0.1,-0.17957390117033345,0.030597150514232833,0
27.89168429374695,2.044847570649254,[2.23530859],0.005,0.1,-0.1089270809765079,0.03861716885004143,0
27.90195107460022,2.0444567732157806,[2.23374025],0.005,0.1,-0.05219008013648922,0.03620610698207233,0
27.913895845413208,2.0440659757823076,[2.23212568],0.005,0.1,-0.010085790326365189,0.03435939053288884,0
27.923491716384888,2.043675178348834,[2.23046914],0.005,0.1,0.01942798095212666,0.033008585049045316,0
27.93266010284424,2.043284380915361,[2.22877477],0.005,0.1,0.03904685294909128,0.031982357757306276,0
27.94220495223999,2.043088982198624,[2.22704653],0.005,0.1,0.051283419462594584,0.03118563020716993,0
27.950417518615723,2.0426981847651504,[2.22528813],0.005,0.1,0.058202534939305176,0.030652396103794107,0
27.95975422859192,2.0423073873316775,[2.22350602],0.005,0.1,0.06139636882232517,0.023476056501417583,0
27.967960357666016,2.042111988614941,[2.22170884],0.005,0.1,0.062047077168532666,0.02508283930930793,0
27.977461338043213,2.0417211911814674,[2.21990083],0.005,0.1,0.0610106995800859,0.026397128437418527,0
27.986787796020508,2.041330393747994,[2.21808239],0.005,0.1,0.058895863667519296,0.027458958656438843,0
27.995962142944336,2.0409395963145207,[2.21625366],0.005,0.1,0.056128832633968784,0.02837016582528477,0
28.00643801689148,2.040744197597784,[2.2144177],0.005,0.1,-0.2230343750024559,0.022082920671621847,0
28.018660068511963,2.040158001447574,[2.21257677],0.005,0.1,0.016596989803312465,0.032171301374477664,0
28.031332969665527,2.0397672040141006,[2.2107225],0.005,0.1,0.10151272406604575,0.041329392297895305,0
28.03887391090393,2.0393764065806272,[2.20884751],0.005,0.1,0.11925788309520861,0.03005530562755971,0
28.048954725265503,2.038985609147154,[2.20695544],0.005,0.1,-0.16546691759220436,0.03080733394055434,0
28.05959129333496,2.038594811713681,[2.20504928],0.005,0.1,-0.2154653704879561,0.03150620378847808,0
28.071951150894165,2.038204014280207,[2.20312451],0.005,0.1,-0.1777966488987428,0.04132742691651501,0
28.079872846603394,2.038008615563471,[2.20117733],0.005,0.1,-0.11692259444053721,0.02986518683932511,0
28.090959310531616,2.037422419413261,[2.19921175],0.005,0.1,-0.05873942201229054,0.030632401843090955,0
28.098918914794922,2.0372270206965237,[2.19723844],0.005,0.1,-0.011772643294906994,0.030210035589229488,0
28.11021065711975,2.036836223263051,[2.19526657],0.005,0.1,0.022800040410810678,0.039505476244676645,0
28.123969316482544,2.0364454258295774,[2.19328997],0.005,0.1,0.046539415133760545,0.046415449087926004,0
28.133038759231567,2.0360546283961036,[2.19129669],0.005,0.1,0.33775986986397455,0.04101531426861443,0
28.145594835281372,2.035468432245894,[2.18928076],0.005,0.1,0.3796858678407339,0.04648598313201621,0
28.153924226760864,2.0352730335291573,[2.18723774],0.005,0.1,0.3288168807132109,0.0404616370280737,0
28.16356134414673,2.0350776348124207,[2.18516766],0.005,0.1,0.25378721336777915,0.03639722821147701,0
28.172457218170166,2.0346868373789473,[2.18307764],0.005,0.1,0.18218799722739887,0.02593513902294046,0
28.18288779258728,2.034296039945474,[2.18097734],0.005,0.1,0.12311098147498845,0.02613153391907216,0
28.19201946258545,2.0339052425120006,[2.17887196],0.005,0.1,0.07781341546276344,0.025845165861488356,0
28.206193923950195,2.033514445078527,[2.17675666],0.005,0.1,0.044625608823642984,0.0404032804539014,0
28.214436054229736,2.033123647645054,[2.17462465],0.005,0.1,0.021107320658218822,0.02767132759152671,0
28.222270965576172,2.032928248928317,[2.17248006],0.005,0.1,0.004917804344850011,0.026335300586167818,0
28.23071002960205,2.0325374514948438,[2.17033295],0.005,0.1,-0.005894852984748686,0.019200281325994856,0
28.241892337799072,2.0321466540613704,[2.16819202],0.005,0.1,-0.012851018593135598,0.02005518933154837,0
28.25134301185608,2.031755856627897,[2.16606148],0.005,0.1,-0.017089510178582838,0.020504169147099308,0
28.260390043258667,2.0315604579111604,[2.1639418],0.005,0.1,-0.019442523205261762,0.020549751286312413,0
28.271934270858765,2.0309742617609507,[2.16183038],0.005,0.1,-0.020508029382490793,0.026360667473223576,0
28.279853105545044,2.0307788630442136,[2.15972513],0.005,0.1,-0.020710415827927715,0.018572626395986842,0
28.289871215820312,2.0303880656107403,[2.15763074],0.005,0.1,-0.020347899305165035,0.018512686806086115,0
28.298859119415283,2.0299972681772673,[2.15555138],0.005,0.1,-0.019628187374299604,0.018270494942920254,0
28.306959867477417,2.0298018694605307,[2.15348767],0.005,0.1,-0.018694665540398777,0.017778257525023593,0
28.315905809402466,2.0294110720270573,[2.1514404],0.005,0.1,-0.017645330079681706,0.017211430984284543,0
28.325191736221313,2.029020274593584,[2.14941328],0.005,0.1,-0.01654633240770465,0.01257200392216668,0
28.336878538131714,2.0286294771601106,[2.14741243],0.005,0.1,-0.015441597072485075,0.013109484045710901,0
28.34769344329834,2.028238679726637,[2.14543754],0.005,0.1,-0.014359614758529975,0.017166038331216646,0
28.35694456100464,2.027847882293164,[2.14348302],0.005,0.1,-0.01331822017996551,0.015796531560918786,0
28.365889310836792,2.027652483576427,[2.1415471],0.005,0.1,-0.01232794117996387,0.01460206973711689,0
28.37487268447876,2.027066287426217,[2.13963374],0.005,0.1,-0.011394339112099588,0.010488833369589442,0
28.388219594955444,2.026480091276007,[2.13774631],0.005,0.1,-0.010519639339936496,0.013887147057672987,0
28.399970769882202,2.0260892938425337,[2.13587996],0.005,0.1,-0.009703863391618656,0.016426742685803283,0
28.410947799682617,2.0255030976923236,[2.13402796],0.005,0.1,-0.008945611984062874,0.014596286049292412,0
28.42293667793274,2.0251123002588503,[2.13218953],0.005,0.1,-0.28428096358093885,0.013253458399960305,0
28.43094301223755,2.024721502825377,[2.13036885],0.005,0.1,-0.31675500730018424,0.009432175349156953,0
28.443950176239014,2.024135306675167,[2.12856914],0.005,0.1,-0.537094941167247,0.012638578216287192,0
28.455124378204346,2.023549110524957,[2.12678761],0.005,0.1,-0.49357960525448596,0.011984499882807783,0
28.46688961982727,2.0227675156580105,[2.12501887],0.005,0.1,-0.6434861907116645,0.014868619098539317,0
28.4779794216156,2.0221813195078004,[2.1232578],0.005,0.1,-0.8194705493245671,0.01357874368042311,0
28.487337827682495,2.0215951233575904,[2.1215022],0.005,0.1,-0.6845429164865878,0.01278070528454716,0
28.49526047706604,2.021204325924117,[2.11975508],0.005,0.1,-0.7429617173214782,0.009177313824721055,0
28.504884958267212,2.020618129773907,[2.11802131],0.005,0.1,-0.5675845973538634,0.009733795877616858,0
28.512980937957764,2.0202273323404336,[2.11630464],0.005,0.1,-0.34343582851344473,0.007389613194935056,0
28.525704860687256,2.019445737473487,[2.11460487],0.005,0.1,-0.4180879845521813,0.01158808311071373,0
28.535879135131836,2.0188595413232773,[2.11291551],0.005,0.1,-0.29371471326133636,0.011719007154825984,0
28.547902822494507,2.01807794645633,[2.11123052],0.005,0.1,-0.4013999590351812,0.01187188803513817,0
28.559521436691284,2.017296351589384,[2.10954405],0.005,0.1,-0.28249269141971467,0.015892098762954686,0
28.571013689041138,2.0167101554391738,[2.10784461],0.005,0.1,-0.38586346272147065,0.019188499584180486,0
28.5828857421875,2.015928560572227,[2.10612211],0.005,0.1,-0.2604985947759033,0.01727771909165286,0
28.593122005462646,2.015342364422017,[2.10437389],0.005,0.1,-0.08217419276503765,0.01610791407540486,0
28.603163957595825,2.014756168271807,[2.10260045],0.005,0.1,0.08030763314595667,0.015551021829980784,0
28.6118586063385,2.014169972121597,[2.10080189],0.005,0.1,0.20585291103196382,0.015037325853142812,0
28.623297452926636,2.0133883772546506,[2.09897877],0.005,0.1,0.01714242304450654,0.014341373737922773,0
28.63344955444336,2.01280218110444,[2.09713199],0.005,0.1,0.03892922176555786,0.014217058578174468,0
28.641846179962158,2.0124113836709667,[2.09526203],0.005,0.1,0.12388950438857693,0.014149336789855409,0
28.654313325881958,2.0114343900872833,[2.09336538],0.005,0.1,0.21156252107697981,0.018748806468201172,0
28.663851022720337,2.01104359265381,[2.09143915],0.005,0.1,0.28091241471072104,0.012968762623404753,0
28.674859762191772,2.0102619977868637,[2.08948806],0.005,0.1,0.32781483395392064,0.01328435390161128,0
28.682854890823364,2.009675801636653,[2.08751623],0.005,0.1,0.3546439287797126,0.013482242846872867,0
28.694149255752563,2.0090896054864436,[2.08552006],0.005,0.1,0.3656561579808413,0.017978263235582253,0
28.704766273498535,2.008308010619497,[2.0834931],0.005,0.1,0.3650951590068487,0.016640265876194847,0
28.7138888835907,2.00752641575255,[2.08143745],0.005,0.1,0.3565330284574404,0.01160630625484644,0
28.72188687324524,2.0071356183190767,[2.07936242],0.005,0.1,0.3427429420036445,0.011976453528293431,0
28.733989238739014,2.0061586247353933,[2.07726892],0.005,0.1,0.04973829519213793,0.016263033436685094,0
28.742650032043457,2.0055724285851833,[2.07515437],0.005,0.1,-0.0020610570239956855,0.011222635909415213,0
28.75275230407715,2.0049862324349736,[2.07302413],0.005,0.1,0.03367430522493684,0.01140211852246888,0
28.7628812789917,2.0042046375680265,[2.0708831],0.005,0.1,0.09040203504161892,0.011444130421166659,0
28.775742292404175,2.0032276439843435,[2.06872871],0.005,0.1,-0.1340121455492271,0.014864359996264351,0
28.785767078399658,2.0026414478341334,[2.06655937],0.005,0.1,-0.12866882155376802,0.010070011022004584,0
28.796937942504883,2.00166445425045,[2.06438127],0.005,0.1,-0.04881478678200503,0.009972319249552452,0
28.805858612060547,2.00107825810024,[2.06219693],0.005,0.1,0.04044520769446774,0.012703468149451723,0
28.815845251083374,2.0002966632332932,[2.06000244],0.005,0.1,0.11528917975300025,0.011261807820171147,0
28.82484745979309,1.9997104670830832,[2.05780181],0.005,0.1,0.16988736774479618,0.007569474453131525,0
28.834593534469604,1.9989288722161365,[2.05560563],0.005,0.1,0.2055541091357242,0.0074128114508402124,0
28.84377884864807,1.9983426760659266,[2.05342022],0.005,0.1,0.2258815945472607,0.007109414328963123,0
28.85689353942871,1.9973656824822434,[2.0512455],0.005,0.1,0.23469703817068294,0.008796525616124503,0
28.865942001342773,1.9967794863320332,[2.04908197],0.005,0.1,0.2353143055918383,0.005828372163530049,0
28.873865604400635,1.9961932901818233,[2.04693619],0.005,0.1,0.23035070779873107,0.005533366797728546,0
28.884433031082153,1.995607094031613,[2.04481148],0.005,0.1,0.2217689464937434,0.006802759773930027,0
28.895704984664917,1.9946301004479299,[2.04270549],0.005,0.1,0.2109914438279547,0.005977910261682917,0
28.904621124267578,1.9942393030144565,[2.04062166],0.005,0.1,0.19902274062454378,0.003969661603749295,0
28.912857055664062,1.9934577081475098,[2.03856817],0.005,0.1,0.1865562515691786,0.003897900164807714,0
28.923869132995605,1.9928715119973,[2.03654914],0.005,0.1,0.17405943337117424,0.0037899907660796936,0
28.93282389640808,1.99228531584709,[2.03456519],0.005,0.1,0.16183853144640392,0.003676290805736996,0
28.94192934036255,1.9916991196968798,[2.03261646],0.005,0.1,0.15008638354996523,0.0035584076130752147,0
28.94991183280945,1.9911129235466698,[2.03070507],0.005,0.1,0.13891704594837492,0.0024967769784906423,0
28.95887017250061,1.9905267273964597,[2.02883483],0.005,0.1,0.12839054285464532,0.0026785893409673094,0
28.968016624450684,1.9899405312462497,[2.02700576],0.005,0.1,0.11853038154599341,0.0028074489281673296,0
28.976260662078857,1.9893543350960396,[2.02521461],0.005,0.1,0.10933584836224432,0.0028852490340095373,0
28.98608136177063,1.9883773415123565,[2.02345786],0.005,0.1,0.10079057855926568,0.002981731940185845,0
28.995884895324707,1.9877911453621464,[2.02173442],0.005,0.1,-0.18316987379392213,0.0021375429501332577,0
29.003887176513672,1.9872049492119364,[2.02004526],0.005,0.1,-0.2236251308169717,0.002407425575346295,0
29.012315034866333,1.9866187530617263,[2.01838769],0.005,0.1,-0.1753017145395292,0.0026185638659929874,0
29.01983904838562,1.9862279556282532,[2.01675584],0.005,0.1,-0.10546939397756329,0.002764827447469689,0
29.028913021087646,1.9854463607613064,[2.01514673],0.005,0.1,-0.040713714415033325,0.002049667463957414,0
29.038724184036255,1.9848601646110962,[2.01355973],0.005,0.1,0.01059227220177885,0.0024345151840252832,0
29.049848556518555,1.983883171027413,[2.01199007],0.005,0.1,0.04769221296645726,0.002811469614050592,0
29.059875965118408,1.9832969748772031,[2.01042644],0.005,0.1,-0.20344184801282403,0.004101312612565276,0
29.069891214370728,1.9825153800102562,[2.00885867],0.005,0.1,-0.22119212411276068,0.0029312509427986124,0
29.078925371170044,1.9819291838600464,[2.0072837],0.005,0.1,-0.1577659635331951,0.0032429139294368908,0
29.086950540542603,1.9811475889930996,[2.00569733],0.005,0.1,-0.07835876929056251,0.0035746068083618507,0
29.0948805809021,1.9805613928428896,[2.00409533],0.005,0.1,0.2680856157956646,0.002652824315622278,0
29.102896213531494,1.9799751966926797,[2.0024771],0.005,0.1,0.3554361560988971,0.0031506617123285468,0
29.11695671081543,1.978998203108996,[2.00083266],0.005,0.1,0.33849664185121053,0.005055127174719975,0
29.125055074691772,1.978412006958786,[1.99914367],0.005,0.1,0.28713227804297486,0.0050296734105487045,0
29.134459495544434,1.9778258108085762,[1.99740246],0.005,0.1,0.23099675446329265,0.0035808310948387645,0
29.145332098007202,1.9768488172248928,[1.99560582],0.005,0.1,0.18121870586378355,0.005504523281505392,0
29.15388298034668,1.9762626210746828,[1.99374033],0.005,0.1,0.14077096897143238,0.005279896875670232,0
29.165905952453613,1.9752856274909993,[1.99179401],0.005,0.1,0.10932341083067512,0.005157340318698536,0
29.174874782562256,1.9746994313407895,[1.98976678],0.005,0.1,0.3614754250433804,0.003546739887186773,0
29.187281608581543,1.9739178364738426,[1.98765821],0.005,0.1,0.37666155407428803,0.004865084519792712,0
29.197646379470825,1.9729408428901594,[1.98545638],0.005,0.1,0.30813936491190075,0.004398709830575242,0
29.209866523742676,1.971963849306476,[1.98314501],0.005,0.1,0.22198464085318076,0.004785143022423862,0
29.218835830688477,1.9713776531562661,[1.98071632],0.005,0.1,-0.13218053723991982,0.0028084530935550004,0
29.22987675666809,1.9705960582893192,[1.97817657],0.005,0.1,-0.22772917156884936,0.002041562662524727,0
29.23797869682312,1.9700098621391096,[1.97553158],0.005,0.1,-0.21911628822438883,0.0010079742178517137,0
29.247863292694092,1.9692282672721628,[1.9727807],0.005,0.1,-0.17597044856585026,-9.244603258748657e-05,0
29.260844230651855,1.9682512736884794,[1.96991745],0.005,0.1,-0.12779106112651112,-0.002136911558835361,0
29.271737813949585,1.9674696788215327,[1.96693059],0.005,0.1,-0.08561146218171468,-0.003581757800322645,0
29.281904697418213,1.9668834826713226,[1.9638182],0.005,0.1,-0.05235058138548507,-0.005227449268201626,0
29.29534602165222,1.9659064890876394,[1.96057956],0.005,0.1,-0.027652888207757593,-0.009417987114969086,0
29.305871963500977,1.9651248942206925,[1.95721532],0.005,0.1,-0.010073268488460449,-0.00759230222976319,0
29.32202672958374,1.9641479006370093,[1.95372714],0.005,0.1,0.00199508305242636,-0.01764914294700307,0
29.330868244171143,1.9635617044867992,[1.9501039],0.005,0.1,0.2860102381291372,-0.018271347903085114,0
29.34283208847046,1.9627801096198525,[1.94633761],0.005,0.1,0.32415890194358055,-0.02532407872665437,0
29.353599548339844,1.9621939134696424,[1.94242983],0.005,0.1,0.5480387623021847,-0.02527388342871719,0
29.365795135498047,1.9616077173194326,[1.93839047],0.005,0.1,0.7826104293322439,-0.025907446367591038,0
29.375858783721924,1.9612169198859593,[1.93424343],0.005,0.1,0.9666649162228231,-0.019853352212423264,0
29.387521743774414,1.9608261224524859,[1.93001022],0.005,0.1,1.0878825396046052,-0.03160621384035056,0
29.397881031036377,1.960239926302276,[1.92569623],0.005,0.1,1.152780754018757,-0.0328836844461158,0
29.40806746482849,1.9596537301520658,[1.92130712],0.005,0.1,1.1733800889584156,-0.034460285881925255,0
29.417967319488525,1.958872135285119,[1.91685578],0.005,0.1,0.6096440306438957,-0.03610434710832215,0
29.427429914474487,1.9580905404181725,[1.91235412],0.005,0.1,0.23358445809223718,-0.037908207081811994,0
29.436282873153687,1.9573089455512258,[1.90781314],0.005,0.1,-0.28943334043474667,-0.039790984586245706,0
29.44658589363098,1.9561365532508057,[1.90324299],0.005,0.1,-1.0329634655991362,-0.041340671224883316,0
29.45816206932068,1.9549641609503858,[1.89865308],0.005,0.1,-1.9698706342510015,-0.042771670652461714,0
29.467235565185547,1.9535963699332293,[1.89405217],0.005,0.1,-2.7673944012509843,-0.04391252633703208,0
29.477867603302002,1.9520331801993358,[1.88944198],0.005,0.1,-3.6113368240527413,-0.05914260488298383,0
29.489991903305054,1.950079193031969,[1.88481846],0.005,0.1,-4.266540951801691,-0.05498966132193994,0
29.49886965751648,1.9487114020148124,[1.88019216],0.005,0.1,-4.685284072849724,-0.03884653802864949,0
29.50800895690918,1.9473436109976556,[1.87558573],0.005,0.1,-4.340025428509366,-0.040803811419698355,0
29.517860412597656,1.9455850225470255,[1.87101264],0.005,0.1,-4.038315412675184,-0.04192545880887422,0
29.52787947654724,1.9438264340963956,[1.86647864],0.005,0.1,-4.035531532955068,-0.04234954304251519,0
29.53830361366272,1.941872446929029,[1.86198937],0.005,0.1,-3.805066068136371,-0.042130661992475615,0
29.548038482666016,1.939918459761662,[1.85755031],0.005,0.1,-3.4994147784138288,-0.0414568009242379,0
29.559870719909668,1.9375736751608224,[1.85316163],0.005,0.1,-3.1856344207785825,-0.0526340727539854,0
29.567874431610107,1.9358150867101922,[1.84882426],0.005,0.1,-2.614588798498116,-0.035770266847427824,0
29.575864791870117,1.9340564982595623,[1.84455521],0.005,0.1,-2.0378273636531734,-0.025567715829268787,0
29.586360931396484,1.9317117136587219,[1.84036949],0.005,0.1,-1.8203945410978815,-0.03708899215472745,0
29.597752571105957,1.9291715303411452,[1.83626514],0.005,0.1,-1.7381330334921845,-0.034527072755098656,0
29.6108455657959,1.9258497521566218,[1.83223685],0.005,0.1,-1.9702071390221012,-0.04086976018607503,0
29.622862100601196,1.9231141701223082,[1.82828164],0.005,0.1,-1.9597223865840703,-0.03488574773467553,0
29.63304591178894,1.9205739868047318,[1.82440219],0.005,0.1,-1.5735707565258703,-0.030226621017440936,0
29.644867420196533,1.9172522086202084,[1.82060574],0.005,0.1,-1.1209403525067683,-0.026289741690038122,0
29.657340049743652,1.913930430435685,[1.81689536],0.005,0.1,-0.7194522758057746,-0.02946721417780992,0
29.66896677017212,1.9102178548176882,[1.81327061],0.005,0.1,-0.9541580551220832,-0.024118907545373037,0
29.684840202331543,1.9059190830494817,[1.80973509],0.005,0.1,-0.7855975419870566,-0.020024322845331205,0
29.696825742721558,1.902792703581695,[1.80629237],0.005,0.1,-0.23374624999579602,-0.021939414343497696,0
29.708853006362915,1.8994709253971716,[1.80293953],0.005,0.1,0.06343952263003574,-0.022576438083196707,0
29.72070002555847,1.896149147212648,[1.79967131],0.005,0.1,0.22139642694979267,-0.022518193093300335,0
29.733366012573242,1.8924365715946512,[1.79648323],0.005,0.1,0.5778914264094877,-0.022081683201606434,0
29.74281668663025,1.8895055908436014,[1.79337657],0.005,0.1,0.647608585811296,-0.013635605508341354,0
29.755345582962036,1.8857930152256044,[1.79035704],0.005,0.1,0.880004077077094,-0.015490920028075535,0
29.76286506652832,1.883252831908028,[1.78742834],0.005,0.1,1.1100667989376942,-0.010049848327017122,0
29.774672031402588,1.8799310537235043,[1.78459228],0.005,0.1,1.2823456503090145,-0.01290019867143608,0
29.78358507156372,1.8771954716891908,[1.781849],0.005,0.1,1.6639353254971987,-0.008628519778476658,0
29.792036294937134,1.8746552883716143,[1.77919999],0.005,0.1,1.7444154640840497,-0.008825933045693336,0
29.806313514709473,1.8705519153201442,[1.77664499],0.005,0.1,1.6917141199847392,-0.008899622045519202,0
29.8151912689209,1.8678163332858309,[1.77417942],0.005,0.1,1.8618793840782497,-0.009137655187380259,0
29.824261903762817,1.8650807512515175,[1.77179787],0.005,0.1,1.773095383544389,-0.00937580372175462,0
29.835846185684204,1.861368175633521,[1.76949123],0.005,0.1,1.8725598949781217,-0.01310276379373402,0
29.844874620437622,1.8588279923159439,[1.76725038],0.005,0.1,1.991271451353294,-0.00890620123125336,0
29.855590343475342,1.8553108154146838,[1.7650725],0.005,0.1,2.0697301030720983,-0.009331042993313707,0
29.864742279052734,1.8527706320971074,[1.76295397],0.005,0.1,2.0954834144281067,-0.009834501767322002,0
29.87491011619568,1.849448853912584,[1.76088751],0.005,0.1,2.074226676056518,-0.010189166656930608,0
29.883816719055176,1.8469086705950069,[1.75886252],0.005,0.1,1.7409424021718913,-0.014568582930698097,0
29.895694971084595,1.843391493693747,[1.75686586],0.005,0.1,1.6256563247427276,-0.013566916033903637,0
29.905648231506348,1.840460512942697,[1.754889],0.005,0.1,1.5829621453868847,-0.012936902625864046,0
29.915890216827393,1.837529532191647,[1.75292753],0.005,0.1,1.8287972652222706,-0.012542331016636625,0
29.925861358642578,1.8347939501573334,[1.75097733],0.005,0.1,1.822846219767174,-0.012307214529864406,0
29.93388295173645,1.832253766839757,[1.74903804],0.005,0.1,1.7150765730878341,-0.008514482539152948,0
29.943315267562866,1.8293227860887067,[1.74711249],0.005,0.1,1.5744166508062845,-0.009385080739407057,0
29.953864097595215,1.8258056091874466,[1.74519935],0.005,0.1,1.430998445204637,-0.009965487930405347,0
29.963995456695557,1.8226792297196601,[1.74329021],0.005,0.1,1.2967695500957568,-0.014451161569211852,0
29.972275495529175,1.8201390464020832,[1.74138128],0.005,0.1,0.8994035087564487,-0.014357610646038457,0
29.98290228843689,1.8168172682175598,[1.73947971],0.005,0.1,0.7580523717589926,-0.013382536107115114,0
29.995450735092163,1.8129092938828264,[1.73758424],0.005,0.1,0.7168981215280091,-0.01701569728148666,0
