t_s,q_rad,q_des_rad,K,B,Kff,jerk,tau_Nm,reward
0.005296230316162109,-0.011528524287463544,[-5.58504222e-06],9.825212432529046,0.9790254919034855,1.9737818648793566,0.0,-9.998999999999999,1.4737938742949472
0.015587091445922852,-0.011528524287463544,[-2.69780189e-05],9.650424865058092,0.9580509838069711,1.9475637297587132,0.0,-8.42381160032764,1.4738898098466828
0.02480149269104004,-0.011528524287463544,[-6.70027755e-05],9.475637297587138,0.9370764757104565,1.92134559463807,0.0,-5.783984924677614,1.474068845011888
0.035979509353637695,-0.011528524287463544,[-0.00012221],9.300849730116184,0.9161019676139419,1.8951274595174268,0.0,-3.9548580939599534,1.4743148312239596
0.04417777061462402,-0.011528524287463544,[-0.00018952],9.12606216264523,0.8951274595174274,1.8689093243967834,0.0,-2.6961982468996495,1.4746132044523022
0.05240488052368164,-0.011528524287463544,[-0.00026618],8.951274595174274,0.8741529514209129,1.84269118927614,0.0,0.05782690550986138,1.4749510070130238
0.06362152099609375,-0.011528524287463544,[-0.00034977],8.77648702770332,0.8531784433243983,1.8164730541554968,0.0,1.3859101731356096,1.4753168089523938
0.07237529754638672,-0.011528524287463544,[-0.00043811],8.601699460232366,0.8322039352278838,1.7902549190348536,0.0,1.8856128264999235,1.475700657811077
0.08228611946105957,-0.010942328137253534,[-0.00052935],8.426911892761412,0.8112294271313693,1.7640367839142101,0.0,1.9432907640384927,1.4785474182053893
0.09024763107299805,-0.009379138403360172,[-0.00062184],8.252124325290458,0.7902549190348547,1.7378186487935667,0.8281150790360429,1.778939479317758,1.4842687452263408
0.09936285018920898,-0.006448157652310118,[-0.0007142],8.077336757819502,0.7692804109383402,1.7116005136729235,2.583719046592454,1.5161279727241521,1.4885012077023745
0.10923051834106445,-0.0027355820343133836,[-0.00080525],7.902549190348549,0.7483059028418256,1.6853823785522803,5.0,1.2277086650289066,1.4809871035557611
0.1174314022064209,0.00039079743347334047,[-0.00089401],7.727761622877595,0.727331394745311,1.659164243431637,5.0,0.9914445720875348,1.4814019687484983
0.12715840339660645,0.0042987717682067455,[-0.00097969],7.55297405540664,0.7063568866487966,1.6329461083109935,5.0,0.7740797103666968,1.476175120731603
0.1372377872467041,0.00820674610294015,[-0.00106166],7.378186487935686,0.685382378552282,1.6067279731903503,5.0,0.5863473669910212,1.4646981549242066
0.14673733711242676,0.012310119154410226,[-0.00113941],7.203398920464732,0.6644078704557674,1.5805098380697071,5.0,0.4267265216212921,1.4462006873804887
0.15413880348205566,0.015045701188723608,[-0.0012126],7.028611352993777,0.643433362359253,1.5542917029490637,5.0,0.30431702126900956,1.430238690361172
0.16219353675842285,0.018562878089983675,[-0.00128099],6.853823785522822,0.6224588542627384,1.5280735678284203,5.0,0.1702088057276997,1.4059976463779096
0.172196626663208,0.022666251141453746,[-0.00134442],6.679036218051868,0.6014843461662238,1.501855432707777,5.0,0.05836319240854061,1.3728286047702656
0.18016934394836426,0.0255972318925038,[-0.00140285],6.504248650580913,0.6,1.475637297587134,5.0,-0.024574238242572252,1.3460618563958886
0.19015264511108398,0.029309807510500538,[-0.00145628],6.329461083109958,0.6,1.4494191624664907,3.8646399593338465,-0.09487174790577224,1.3165343043739868
0.1995830535888672,0.0328269844117606,[-0.0015048],6.154673515639004,0.6,1.4232010273458477,1.4151274381492374,-0.14608457696061403,1.2885020457373058
0.2084336280822754,0.035757965162810657,[-0.00154854],5.97988594816805,0.6,1.3969828922252046,-1.5611930513523753,-0.18337237849726523,1.2552169757785272
0.21723175048828125,0.0381027497636507,[-0.00158766],5.805098380697095,0.6,1.3707647571045614,-4.398948856709224,-0.20927002266591674,1.215541746109459
0.2261660099029541,0.040252135647754074,[-0.00162237],5.63031081322614,0.6,1.3445466219839184,-5.0,-0.2275825374039449,1.1859306400211767
0.2351360321044922,0.04220612281512077,[-0.00165291],5.455523245755186,0.6,1.3183284868632752,-5.0,-0.2402059116824944,1.1623712243686712
0.24439644813537598,0.04396471126575081,[-0.00167952],5.280735678284231,0.6,1.292110351742632,-5.0,-0.2510741282519482,1.1409644181680112
0.25474977493286133,0.04533250228290749,[-0.00170247],5.105948110813277,0.6,1.2658922166219888,-5.0,-0.25575586729171945,1.1241875898748175
0.26248621940612793,0.046309495866590854,[-0.00172202],5.0,0.6,1.2396740815013456,-5.0,-0.2587734894414243,1.1121292393140891
0.27057957649230957,0.046895692016800855,[-0.00173844],5.0,0.6,1.2134559463807026,-5.0,-0.26302078778616894,1.10482742359049
0.27892565727233887,0.04709109073353753,[-0.001752],5.0,0.6,1.1872378112600595,-5.0,-0.26331615534458747,1.102294193917012
0.2899317741394043,0.0472864894502742,[-0.00176298],5.0,0.6,1.1610196761394163,-5.0,-0.26233572292671714,1.0997918902173351
0.29915356636047363,0.04709109073353753,[-0.00177162],5.0,0.6,1.1348015410187733,-5.0,-0.25912768105282386,1.1020563847044609
0.30877017974853516,0.046700293300064186,[-0.00177817],5.0,0.6,1.10858340589813,-5.0,-0.2544922469553074,1.1067141297026488
0.31661510467529297,0.04611409714985418,[-0.00178288],5.0,0.6,1.082365270777487,-5.0,-0.2483939508574458,1.1137584905246478
0.3252828121185303,0.04533250228290749,[-0.00178596],5.0,0.6,1.0561471356568437,-5.0,-0.2419324404427118,1.1231782764983729
0.3333890438079834,0.04435550869922414,[-0.00178763],5.0,0.6,1.0299290005362005,-5.0,-0.23439438161865367,1.134954288045642
0.34130859375,0.0433785151155408,[-0.00178809],5.0,0.6,1.0037108654155575,-5.0,-0.22674191883060696,1.146708039765218
0.35224103927612305,0.04181532538164743,[-0.00178747],5.0,0.6,0.9774927302949143,-5.0,-0.20730188010166042,1.1654289079894562
0.36220502853393555,0.040252135647754074,[-0.00178586],5.0,0.6,0.9512745951742712,-5.0,-0.1911353622009198,1.1840012190613454
0.3701932430267334,0.038884344630597374,[-0.00178336],5.0,0.6,0.9250564600536281,-5.0,-0.17969266166584316,1.200100649146985
0.3792433738708496,0.03732115489670401,[-0.00178013],5.0,0.6,0.898838324932985,-5.0,-0.16882105494312716,1.2182791531083215
0.3882617950439453,0.03536716772933732,[-0.00177629],5.0,0.6,0.8726201898123418,-4.402257214509461,-0.1569882479002972,1.2446478615047494
0.397169828414917,0.033803977995443955,[-0.00177196],5.0,0.6,0.8464020546916986,-3.3173367464083823,-0.15554481209523352,1.2682421887830553
0.40621209144592285,0.03165459211134058,[-0.00176725],5.0,0.6,0.8201839195710555,-2.2418719124890067,-0.147805510075865,1.2960643979306687
0.41632914543151855,0.029309807510500538,[-0.00176223],5.0,0.6,0.7939657844504124,-1.3468876482709526,-0.13549036226754993,1.3230555898916103
0.42414164543151855,0.027551219059870506,[-0.001757],5.0,0.6,0.7677476493297692,-0.38786412624022115,-0.12701173998333656,1.3420404011984612
0.43502330780029297,0.024815637025557124,[-0.00175162],5.0,0.6,0.741529514209126,-0.13785678222212805,-0.11234518230570806,1.3683328902035625
0.44622230529785156,0.022080054991243738,[-0.00174616],5.0,0.6,0.715311379088483,0.6661153175351573,-0.09570894280376717,1.3923403191114414
0.4544084072113037,0.019539871673667025,[-0.00174067],5.0,0.6,0.6890932439678399,1.4877159858761606,-0.0825038058600964,1.411763418768609
0.46321821212768555,0.01739048578956365,[-0.0017352],5.0,0.6,0.6628751088471967,2.141036334485825,-0.07203716034170955,1.4260529015978123
0.4731624126434326,0.014654903755250269,[-0.00172979],5.0,0.6,0.6366569737265535,2.590347117892339,-0.056599055173287505,1.442754336189633
0.48276472091674805,0.011919321720936885,[-0.00172447],5.0,0.6,0.6104388386059104,3.133551966720158,-0.04182542901782871,1.456197692378761
0.4912383556365967,0.009379138403360172,[-0.00171929],5.0,0.6,0.5842207034852673,3.84221751941438,-0.029769486879824416,1.464796520719898
0.501143217086792,0.006838955085783458,[-0.00171426],5.0,0.6,0.5580025683646241,4.1473699938300514,-0.016134295470532165,1.472833399263084
0.5115137100219727,0.0042987717682067455,[-0.00170939],5.0,0.6,0.531784433243981,4.490882206653756,-0.0021873114102733903,1.4780164615573654
0.5192091464996338,0.002540183317576713,[-0.00170471],5.0,0.6,0.5055662981233379,5.0,0.0063184447904857,1.4781347301731318
0.5299620628356934,0.00019539871673667023,[-0.00170022],5.0,0.6,0.4793481630026947,5.0,0.017731128479946862,1.4810136448156226
0.5412371158599854,-0.0021493858841033727,[-0.00169595],5.0,0.6,0.4531300278820516,5.0,0.029757498974508724,1.481690941707402
0.5506155490875244,-0.003907974334733405,[-0.00169189],5.0,0.6,0.42691189276140845,5.0,0.03809135467195796,1.480750335821793
0.5634763240814209,-0.0062527589355734475,[-0.00168804],5.0,0.6,0.4006937576407653,5.0,0.04931021742360373,1.4775734044783297
0.5720999240875244,-0.0076205499527301395,[-0.0016844],5.0,0.6,0.3744756225201221,5.0,0.05543319477696964,1.4747092685633245
0.5811347961425781,-0.008988340969886831,[-0.00168096],5.0,0.6,0.3482574873994789,5.0,0.06138366706893182,1.471109326666748
0.590266227722168,-0.010551530703780192,[-0.00167771],5.0,0.6,0.3220393522788358,5.0,0.06763498720010121,1.466106500513834
0.6000909805297852,-0.011528524287463544,[-0.00167466],5.0,0.6,0.2958212171581926,5.0,0.07087008556679031,1.4624996652782463
0.610137939453125,-0.012896315304620235,[-0.00167179],5.0,0.6,0.2696030820375494,5.0,0.07580792171503643,1.4568488774758914
0.6182148456573486,-0.013677910171566917,[-0.00166911],5.0,0.6,0.24338494691690624,5.0,0.07826821425072523,1.453301758924985
0.6290209293365479,-0.014654903755250269,[-0.00166661],5.0,0.6,0.21716681179626307,5.0,0.08189420588386902,1.4485557180569373
0.6381576061248779,-0.015241099905460279,[-0.00166428],5.0,0.6,0.19094867667561988,5.0,0.08380388654701801,1.4455373114500394
0.6468520164489746,-0.016022694772406962,[-0.00166209],5.0,0.6,0.16473054155497668,5.0,0.08648837730734847,1.4413256908444803
0.6587874889373779,-0.01660889092261697,[-0.00166004],5.0,0.6,0.13851240643433352,5.0,0.0881130643649849,1.4380225032010858
0.6662049293518066,-0.016999688356090312,[-0.00165813],5.0,0.6,0.11229427131369034,5.0,0.08877241386094217,1.4357501132021162
0.6761360168457031,-0.017195087072826982,[-0.00165634],5.0,0.6,0.08607613619304716,4.8951059623444655,0.08857251015444875,1.43533394306878
0.6856341361999512,-0.01739048578956365,[-0.00165466],5.0,0.6,0.05985800107240398,4.742441244957016,0.08825498338915305,1.435218082655879
0.6948695182800293,-0.017781283223036994,[-0.00165308],5.0,0.6,0.0336398659517608,4.822529729738704,0.08874738671967439,1.4322901795887684
0.704115629196167,-0.017781283223036994,[-0.0016516],5.0,0.6,0.0074217308311176206,4.076362497717444,0.08759580358618856,1.4370794777207196
0.7132687568664551,-0.017781283223036994,[-0.00165025],5.0,0.6,0.0,3.709073068354429,0.08639873154666981,1.4391522192863506
0.7235517501831055,-0.017781283223036994,[-0.00164902],5.0,0.6,0.0,3.2130200465273813,0.08525666388173804,1.4416553692298069
0.7311911582946777,-0.017781283223036994,[-0.00164792],5.0,0.6,0.0,2.4551606218370767,0.08435522020320198,1.4448076511958432
0.7391347885131836,-0.017781283223036994,[-0.00164694],5.0,0.6,0.0,1.727530898653881,0.0835417987536291,1.4470520400959495
0.7471580505371094,-0.017781283223036994,[-0.00164607],5.0,0.6,0.0,1.127154415976976,0.08283965439281202,1.448318502047597
0.7562046051025391,-0.017781283223036994,[-0.00164531],5.0,0.6,0.0,0.3922607957812705,0.0822618524759806,1.4491441367089712
0.7646293640136719,-0.01758588450630032,[-0.00164464],5.0,0.6,0.0,0.025013675271022162,0.08068186410077717,1.4504448403712875
0.7732157707214355,-0.01758588450630032,[-0.00164407],5.0,0.6,0.0,-0.43041284322551476,0.08019322597802821,1.450303951913502
0.7820980548858643,-0.01739048578956365,[-0.00164358],5.0,0.6,0.0,-1.0985754949192632,0.07898587147978844,1.4507190677634285
0.7904915809631348,-0.017195087072826982,[-0.00164318],5.0,0.6,0.0,-1.4190670120629858,0.0777190909199434,1.4512821265049316
0.8002119064331055,-0.017195087072826982,[-0.00164284],5.0,0.6,0.0,-1.8257245911582094,0.07756341642031321,1.4503018075646785
0.8081648349761963,-0.016999688356090312,[-0.00164258],5.0,0.6,0.0,-1.8849156474011572,0.07635289506853407,1.4512891576173697
0.8162045478820801,-0.016999688356090312,[-0.00164237],5.0,0.6,0.0,-2.0743955545093833,0.0762203310960996,1.4507327430957864
0.8259484767913818,-0.01680428963935364,[-0.00164222],5.0,0.6,0.0,-1.9688961829128546,0.07502103716637043,1.4521858666879959
0.8358190059661865,-0.01660889092261697,[-0.00164211],5.0,0.6,0.0,-2.0408699696604717,0.07392662200468056,1.4530968756149032
0.8442330360412598,-0.0164134922058803,[-0.00164204],5.0,0.6,0.0,-2.1318246542769326,0.07289093530378932,1.453927692176186
0.8521249294281006,-0.0164134922058803,[-0.00164201],5.0,0.6,0.0,-1.9099895424000262,0.0726810218209331,1.454590896955599
0.8601081371307373,-0.01621809348914363,[-0.00164201],5.0,0.6,0.0,-1.8827032724787476,0.0716118564524099,1.4557660671302635
0.868762731552124,-0.016022694772406962,[-0.00164203],5.0,0.6,0.0,-1.624615322003803,0.07041310256971088,1.457522094932794
0.8773720264434814,-0.01582729605567029,[-0.00164208],5.0,0.6,0.0,-1.5977889167954424,0.06932330958060003,1.4586581623380441
0.8862841129302979,-0.01563189733893362,[-0.00164214],5.0,0.6,0.0,-1.6313522791509758,0.06828969980382225,1.459636360461095
0.8961024284362793,-0.015436498622196948,[-0.00164222],5.0,0.6,0.0,-1.6584078804647162,0.06728417199770835,1.460615463917751
0.9042496681213379,-0.015241099905460279,[-0.00164231],5.0,0.6,0.0,-1.3822881642291303,0.06612186683751649,1.4622698515577217
0.9139456748962402,-0.015045701188723608,[-0.0016424],5.0,0.6,0.0,-1.3204596435353566,0.0650502503058895,1.4634118647891272
0.9226315021514893,-0.014654903755250269,[-0.0016425],5.0,0.6,0.0,-1.323534791015439,0.06305843740564471,1.4654001769639022
0.9311263561248779,-0.0144595050385136,[-0.00164261],5.0,0.6,0.0,-1.0550038644554192,0.0618769045222631,1.4668514300453315
0.9397530555725098,-0.014264106321776927,[-0.00164272],5.0,0.6,0.0,-1.013414971406108,0.06080040319514246,1.4678783577171521
0.9471325874328613,-0.014068707605040257,[-0.00164282],5.0,0.6,0.0,-1.0406423231697386,0.059773420763837265,1.4687859187657475
0.9581809043884277,-0.013677910171566917,[-0.00164293],5.0,0.6,0.0,-0.7963292413713299,0.05763315240032801,1.4709755597632497
0.9667685031890869,-0.013482511454830247,[-0.00164303],5.0,0.6,0.0,-0.7774820342898671,0.056546504042084056,1.4719048854727934
0.9741389751434326,-0.013287112738093578,[-0.00164313],5.0,0.6,0.0,-0.8254860238012613,0.05551916748771989,1.472740877127779
0.9855196475982666,-0.013091714021356905,[-0.00164322],5.0,0.6,0.0,-0.8759895083227734,0.054516824206737646,1.4735561062493086
0.9933068752288818,-0.012700916587883566,[-0.00164331],5.0,0.6,0.0,-0.6311519343999046,0.05238892189335077,1.4755460095408028
1.0011093616485596,-0.012505517871146895,[-0.0016434],5.0,0.6,0.0,-0.6061982151691712,0.05130850771435722,1.476405623648008
1.0110721588134766,-0.012310119154410226,[-0.00164348],5.0,0.6,0.0,-0.6495139252211126,0.050284342831866245,1.4771875532586465
1.0191702842712402,-0.011919321720936885,[-0.00164355],5.0,0.6,0.0,-0.6987882394895563,0.04831641846660772,1.4787397632489747
1.0280940532684326,-0.011528524287463544,[-0.00164362],5.0,0.6,0.0,-0.7322336457308323,0.046350521851803085,1.4802484654010029
1.0392155647277832,-0.011333125570726873,[-0.00164368],5.0,0.6,0.0,-0.7454407126527482,0.04535761598103346,1.4809846302181475
1.0471673011779785,-0.011137726853990204,[-0.00164373],5.0,0.6,0.0,-0.7406764030468348,0.04437732720709267,1.4817261215797222
1.0571677684783936,-0.010746929420516863,[-0.00164378],5.0,0.6,0.0,-0.7221424121875216,0.042451322178103275,1.4831750780068975
1.0654890537261963,-0.010551530703780192,[-0.00164382],5.0,0.6,0.0,-0.6940303332816329,0.041463273236823424,1.4838973594775173
1.074126958847046,-0.010160733270306851,[-0.00164384],5.0,0.6,0.0,-0.6598470410174864,0.03955784974772572,1.48527322857895
1.0831825733184814,-0.009965334553570182,[-0.00164384],5.0,0.6,0.0,-0.6222854790899569,0.03854717581349326,1.4859578275642504
1.0931427478790283,-0.009769935836833513,[-0.00164382],5.0,0.6,0.0,-0.5833053853479723,0.03753564308634078,1.4866268546668466
1.102733850479126,-0.009379138403360172,[-0.00164379],5.0,0.6,0.0,-0.544275077548529,0.03559804979723423,1.4878837147445094
1.1125013828277588,-0.008988340969886831,[-0.00164374],5.0,0.6,0.0,-0.5061130583739009,0.03365133503325409,1.4890787215605747
1.1214046478271484,-0.008597543536413491,[-0.00164369],5.0,0.6,0.0,-0.4694080550791542,0.03169561006491285,1.4902114028401854
1.1293745040893555,-0.00840214481967682,[-0.00164363],5.0,0.6,0.0,-0.43451326486278274,0.030722033469394835,1.4907655645176434
1.137068271636963,-0.00820674610294015,[-0.00164355],5.0,0.6,0.0,-0.40161721422040564,0.02973587916674616,1.4913018470017552
1.1465816497802734,-0.008011347386203481,[-0.00164347],5.0,0.6,0.0,-0.37079560077226076,0.02877934604557082,1.4918204790874223
1.1554756164550781,-0.00781594866946681,[-0.00164337],5.0,0.6,0.0,-0.3420485154465369,0.027775439309873664,1.492321726280914
1.163102149963379,-0.0076205499527301395,[-0.00164326],5.0,0.6,0.0,-0.31532679220276416,0.026821078000871187,1.4928058622042029
1.173398494720459,-0.0072297525192568,[-0.00164314],5.0,0.6,0.0,-0.2905504414592618,0.024876336078729366,1.493714562154394
1.1811933517456055,-0.0072297525192568,[-0.00164301],5.0,0.6,0.0,-0.5436597616832786,0.02502832740249528,1.493557141959164
1.1910655498504639,-0.006838955085783458,[-0.00164288],5.0,0.6,0.0,-0.5555952202973973,0.023162750365939788,1.4943849741938071
1.2026898860931396,-0.006643556369046789,[-0.00164274],5.0,0.6,0.0,-0.756976175371562,0.02238990189022981,1.4945844797904329
1.2101268768310547,-0.006448157652310118,[-0.0016426],5.0,0.6,0.0,-0.6959741250586255,0.02151573595410265,1.49503152591981
1.2191669940948486,-0.006448157652310118,[-0.00164246],5.0,0.6,0.0,-0.5537234470697969,0.02157285797623121,1.495163516360734
1.228142261505127,-0.0062527589355734475,[-0.00164233],5.0,0.6,0.0,-0.4056936584223738,0.020607304572939824,1.4956352995617508
1.2369742393493652,-0.006057360218836778,[-0.0016422],5.0,0.6,0.0,-0.5550986917634988,0.019815199280925462,1.4958795347918943
1.2463085651397705,-0.005861961502100107,[-0.00164208],5.0,0.6,0.0,-0.48919123747028614,0.018946995797995712,1.4962667430523646
1.2561705112457275,-0.005861961502100107,[-0.00164196],5.0,0.6,0.0,-0.3606052836248824,0.019024923830437145,1.496347868719419
1.264796495437622,-0.005666562785363437,[-0.00164185],5.0,0.6,0.0,-0.5079792804294833,0.018213164632399144,1.4965735233282818
1.2741334438323975,-0.005666562785363437,[-0.00164173],5.0,0.6,0.0,-0.4340772109066785,0.018303939965175653,1.4966251456631396
1.2831764221191406,-0.005471164068626767,[-0.00164162],5.0,0.6,0.0,-0.573795074383578,0.01756771395000758,1.4968261869131165
1.2930376529693604,-0.005471164068626767,[-0.00164151],5.0,0.6,0.0,-0.47282826165448866,0.017658065809543124,1.4969046519281366
1.3033044338226318,-0.005471164068626767,[-0.0016414],5.0,0.6,0.0,-0.5839090981444275,0.017914368306892987,1.496817144470882
1.3121066093444824,-0.005275765351890096,[-0.0016413],5.0,0.6,0.0,-0.45911864989338724,0.017000661181931963,1.4972047285167134
1.3224530220031738,-0.005275765351890096,[-0.0016412],5.0,0.6,0.0,-0.27657840932473177,0.017089187192942484,1.4973045361101067
1.330307960510254,-0.005275765351890096,[-0.00164111],5.0,0.6,0.0,-0.10680644042595176,0.017134792068702463,1.4973528525361286
1.3391051292419434,-0.005275765351890096,[-0.00164102],5.0,0.6,0.0,-0.24815921148920878,0.017313526041865607,1.4973153712179859
1.3495571613311768,-0.005080366635153426,[-0.00164093],5.0,0.6,0.0,-0.18382085210167173,0.016415590369256324,1.497611696483222
1.357083797454834,-0.005275765351890096,[-0.00164084],5.0,0.6,0.0,-0.06326838676739037,0.017420482789896153,1.497357976046439
1.3670969009399414,-0.005080366635153426,[-0.00164076],5.0,0.6,0.0,0.05323927290944006,0.01649903816588679,1.4976345135096834
1.3769140243530273,-0.005080366635153426,[-0.00164069],5.0,0.6,0.0,-0.1303691811276244,0.016701033940540264,1.4976238659862788
1.3854165077209473,-0.005275765351890096,[-0.00164061],5.0,0.6,0.0,-0.09812662766130711,0.01770449335809376,1.497353451106295
1.3940932750701904,-0.005275765351890096,[-0.00164054],5.0,0.6,0.0,-0.0013286154055639487,0.01782842218116224,1.4973605092916047
1.403122901916504,-0.005080366635153426,[-0.00164044],5.0,0.6,0.0,0.09788057563664712,0.01710907082637095,1.4976290410216249
1.4141268730163574,-0.005275765351890096,[-0.0016402],5.0,0.6,0.0,-0.09819650663623773,0.018898187951629973,1.49735284599989
1.4232187271118164,-0.005080366635153426,[-0.00163962],5.0,0.6,0.0,-0.07488440552642095,0.018645387709780626,1.4976308798988498
1.432203769683838,-0.005080366635153426,[-0.00163845],5.0,0.6,0.0,0.015540326288078443,0.019194882722712213,1.4976332607400935
1.4405910968780518,-0.005275765351890096,[-0.00163649],5.0,0.6,0.0,0.11020814222927261,0.020035915351085377,1.4973455968166012
1.4481728076934814,-0.005080366635153426,[-0.00163368],5.0,0.6,0.0,0.18693284852368608,0.019114958722101373,1.497600875314951
1.4572370052337646,-0.005080366635153426,[-0.00163],5.0,0.6,0.0,0.2410589851336124,0.01897220731981414,1.4975785717808596
1.465087890625,-0.005080366635153426,[-0.00162547],5.0,0.6,0.0,0.27473170852764445,0.018919281787915146,1.4975594084027941
1.474161148071289,-0.005275765351890096,[-0.00162013],5.0,0.6,0.0,0.2921238349189611,0.019945120795621753,1.497267308135846
1.483017921447754,-0.005080366635153426,[-0.00161394],5.0,0.6,0.0,0.2974636190420257,0.01935255835012564,1.4975338015415764
1.4917397499084473,-0.005080366635153426,[-0.0016069],5.0,0.6,0.0,0.29433842654282616,0.019091077425911467,1.497525434334565
1.4990627765655518,-0.005080366635153426,[-0.00159932],5.0,0.6,0.0,0.28554923702759183,0.016245502352875835,1.4975187054942865
1.5112175941467285,-0.005275765351890096,[-0.00159172],5.0,0.6,0.0,0.27317959563675753,0.01814419629529732,1.4972337005366139
1.5221059322357178,-0.005080366635153426,[-0.00158431],5.0,0.6,0.0,0.25872912545859816,0.017487924084355868,1.4975086768402084
1.530210018157959,-0.005080366635153426,[-0.00157706],5.0,0.6,0.0,0.24324946823926663,0.017537660077624362,1.4975043383203426
1.5400755405426025,-0.005080366635153426,[-0.00157002],5.0,0.6,0.0,0.2274605540454794,0.017604016960874536,1.4975000208788103
1.5500822067260742,-0.005080366635153426,[-0.00156325],5.0,0.6,0.0,0.21184242615419152,0.017622505367667782,1.4974956235795291
1.5597765445709229,-0.005080366635153426,[-0.00155677],5.0,0.6,0.0,0.19670462663780264,0.017643727666661644,1.49749113213523
1.569031000137329,-0.005080366635153426,[-0.00155064],5.0,0.6,0.0,0.18223721924659153,0.01766659217755465,1.4974865818216498
1.5773487091064453,-0.005080366635153426,[-0.00154487],5.0,0.6,0.0,0.16854763889305846,0.017689964563584636,1.4974820293034985
1.5858311653137207,-0.005080366635153426,[-0.00153949],5.0,0.6,0.0,0.15568696744611268,0.017713051213238715,1.4974775381111203
1.5940840244293213,-0.005080366635153426,[-0.00153451],5.0,0.6,0.0,0.14366848863265408,0.017735308365412258,1.4974731698283523
1.603703260421753,-0.005080366635153426,[-0.00152992],5.0,0.6,0.0,0.13248068495814386,0.017756373548506864,1.4974689791616638
1.6110649108886719,-0.005080366635153426,[-0.00152573],5.0,0.6,0.0,0.12209627315703403,0.01777601632263911,1.4974650115506642
1.6210722923278809,-0.005275765351890096,[-0.00152194],5.0,0.6,0.0,0.11247843650348578,0.018761326346967814,1.4971763047251199
1.6312379837036133,-0.005080366635153426,[-0.00151852],5.0,0.6,0.0,0.10358508477358477,0.01782024149159591,1.497457877183427
1.639707326889038,-0.005080366635153426,[-0.00151547],5.0,0.6,0.0,0.09537173300049612,0.01782550087047838,1.4974547523479043
1.6491475105285645,-0.005080366635153426,[-0.00151276],5.0,0.6,0.0,0.08779341725438201,0.01783863403361978,1.497451936170614
1.657862901687622,-0.005080366635153426,[-0.00151038],5.0,0.6,0.0,0.08080594209366276,0.017850308743606238,1.4974494299756362
1.6665012836456299,-0.005080366635153426,[-0.00150832],5.0,0.6,0.0,0.07436666657685345,0.01786050299568433,1.497447229259739
1.677048921585083,-0.005080366635153426,[-0.00150635],5.0,0.6,0.0,0.06843497369465454,0.019985786552907225,1.4974450506628794
1.687082052230835,-0.005275765351890096,[-0.00150382],5.0,0.6,0.0,0.06297252438408228,0.023389140632205575,1.497155582225259
1.6958656311035156,-0.005080366635153426,[-0.00149986],5.0,0.6,0.0,0.05794336657997347,0.023965956466435984,1.4974367794784087
1.705070972442627,-0.005080366635153426,[-0.00149309],5.0,0.6,0.0,0.053313948224766775,0.0315775835904958,1.4974274783798136
1.715083122253418,-0.005080366635153426,[-0.0014803],5.0,0.6,0.0,0.04905306808089878,0.04700526468106711,1.4974094695937423
1.7238285541534424,-0.005080366635153426,[-0.00145752],5.0,0.6,0.0,0.04513178765144589,0.046242394732229096,1.4973769261522287
1.7344534397125244,-0.005080366635153426,[-0.00142187],5.0,0.6,0.0,0.041523320159813415,0.05535307051385526,1.4973253704301903
1.7431483268737793,-0.005080366635153426,[-0.00137011],5.0,0.6,0.0,0.0382029074156515,0.06471042572697237,1.497249492211043
1.7514970302581787,-0.005080366635153426,[-0.00129804],5.0,0.6,0.0,0.03514769183257811,0.0746627054259559,1.497141970205909
1.7604467868804932,-0.005080366635153426,[-0.00120248],5.0,0.6,0.0,0.03233658839416813,0.07156750005584224,1.4969961434787005
1.769115924835205,-0.004884967918416756,[-0.00107982],5.0,0.6,0.0,0.029750159658907722,0.09918477606560538,1.4971076978168159
1.7774171829223633,-0.004884967918416756,[-0.00092514],5.0,0.6,0.0,0.027370495721854043,0.09274895936717933,1.4968683120531667
1.7860691547393799,-0.004689569201680086,[-0.00073684],5.0,0.6,0.0,0.30121945992788185,0.08803933348143138,1.4968125272898432
1.79714035987854,-0.004494170484943416,[-0.00051269],5.0,0.6,0.0,0.3323297459990211,0.12392944005808532,1.4967523740836344
1.8058817386627197,-0.0042987717682067455,[-0.00024721],5.0,0.6,0.0,0.5514176260839025,0.11432141195063608,1.4964960534892118
1.8141369819641113,-0.004103373051470075,[6.29200151e-05],5.0,0.6,0.0,0.7827905827120744,0.13044538953740878,1.4960784877647308
1.822742223739624,-0.0037125756179967346,[0.00041687],5.0,0.6,0.0,0.9647649852352886,0.13011975687032917,1.4959029568218924
1.8358616828918457,-0.0031263794677867237,[0.00081907],5.0,0.6,0.0,1.3607190967131524,0.2141597923614857,1.495515117688031
1.8449814319610596,-0.0027355820343133836,[0.00128295],5.0,0.6,0.0,1.7340147641330632,0.18715177643451847,1.4945422307474807
1.8537402153015137,-0.0019539871673667024,[0.0018155],5.0,0.6,0.0,1.7322416989082505,0.1920991906885347,1.4949335190793689
1.862649917602539,-0.0015631897338933619,[0.00241865],5.0,0.6,0.0,1.8652848434563345,0.20051249574258018,1.494250727940003
1.8727765083312988,-0.0005861961502100108,[0.00309687],5.0,0.6,0.0,1.9940771919656792,0.2070771241831779,1.4943394390944267
1.8810672760009766,0.0,[0.00385101],5.0,0.6,0.0,2.3491396713088655,0.18538239699037917,1.4929472242344668
1.8911514282226562,0.0009769935836833512,[0.00468202],5.0,0.6,0.0,2.4053712259709585,0.23093329613168956,1.4929698576001769
1.8991308212280273,0.0019539871673667024,[0.00559031],5.0,0.6,0.0,2.6018691324669687,0.23022272182163525,1.4923448525261562
1.908970594406128,0.0031263794677867237,[0.0065688],5.0,0.6,0.0,2.774975772429658,0.23144832970111173,1.4919332322882195
1.9191725254058838,0.004494170484943416,[0.00761768],5.0,0.6,0.0,2.8743604537065464,0.26040048779579267,1.4919381075348084
1.9280834197998047,0.005861961502100107,[0.00874638],5.0,0.6,0.0,2.8966312493995217,0.25069449219679196,1.492130391093671
1.936025619506836,0.007034353802520129,[0.00995461],5.0,0.6,0.0,2.855080347760019,0.21525267387541347,1.4922645767157592
1.9450345039367676,0.008597543536413491,[0.01122751],5.0,0.6,0.0,3.0426509263965285,0.15556854427079334,1.4917734337297084
1.9546549320220947,0.010356131987043523,[0.0125316],5.0,0.6,0.0,3.2318484006242096,-0.00455695908339393,1.4913389073803767
1.9623990058898926,0.012114720437673556,[0.01382458],5.0,0.6,0.0,3.07080167464282,-0.009614778532661863,1.4924449239117001
1.9721274375915527,0.013677910171566917,[0.01511089],5.0,0.6,0.0,3.0667639337135344,0.2734072108095795,1.4926370706181056
1.9824750423431396,0.015241099905460279,[0.01643901],5.0,0.6,0.0,2.801210729864362,0.24303934521251905,1.4939058816808215
1.9901187419891357,0.01660889092261697,[0.01782725],5.0,0.6,0.0,1.9162134075705883,0.2051245802451421,1.4969772747626784
2.000056266784668,0.018367479373247002,[0.01927126],5.0,0.6,0.0,1.2529483691612997,0.2508737356023292,1.4986693944534784
2.008053779602051,0.019735270390403698,[0.02077116],5.0,0.6,0.0,0.21998938367329135,0.25166976211434383,1.4997493861970819
2.0170581340789795,0.021493858841033726,[0.0223216],5.0,0.6,0.0,-0.4623503584567479,0.26809591955265966,1.499703876304293
2.0260682106018066,0.023447846008400428,[0.02393484],5.0,0.6,0.0,-1.172636308598013,0.3167601979957064,1.498930008442726
2.0361814498901367,0.025401833175767132,[0.02564397],5.0,0.6,0.0,-1.466856611810183,0.32295615472301614,1.498389133677993
2.044039249420166,0.027355820343133833,[0.0274693],5.0,0.6,0.0,-1.27756128008049,0.3101766872563959,1.4987839165070063
2.0537240505218506,0.02950520622723721,[0.02941828],5.0,0.6,0.0,-0.9532092915671913,0.3225254642246229,1.4993225777108816
2.0613632202148438,0.03165459211134058,[0.03149941],5.0,0.6,0.0,-0.35951906620960117,0.31492232697071615,1.4998989761164687
2.070366859436035,0.033999376712180625,[0.03372176],5.0,0.6,0.0,0.48844951706708567,0.3201082074342004,1.4998070158679693
2.080030918121338,0.036734958746494004,[0.03611684],5.0,0.6,0.0,1.251320306566392,0.2126990716467933,1.4987593627074052
2.088615655899048,0.03927514206407072,[0.03872387],5.0,0.6,0.0,1.8268283127856653,0.2805278729692907,1.4974610941741766
2.096053123474121,0.04142452794817409,[0.04154366],5.0,0.6,0.0,2.2107370418537213,0.31143997387022987,1.4963722137212239
2.1053762435913086,0.04435550869922414,[0.04456587],5.0,0.6,0.0,2.4334793006538815,0.2632003678068229,1.495602317806755
2.1145200729370117,0.04748188816701086,[0.04781857],5.0,0.6,0.0,2.808841534926591,0.2624430967563653,1.4941386709423952
2.1230533123016357,0.050608267634797595,[0.05133794],5.0,0.6,0.0,2.8522841186918413,0.22763163496112213,1.4938739619801833
2.132127523422241,0.05393004581932099,[0.05512896],5.0,0.6,0.0,2.7463670746539948,0.249678495355444,1.4941293024217526
2.1409366130828857,0.05686102657037104,[0.05918197],5.0,0.6,0.0,2.579524063934916,0.2254583751510314,1.4939944764908981
2.1500802040100098,0.06037820347163111,[0.06348646],5.0,0.6,0.0,2.11777041553516,0.253546444260696,1.494742136512043
2.159080743789673,0.06369998165615451,[0.068058],5.0,0.6,0.0,1.6233754900118034,0.3214657559368093,1.4942508240049859
2.169508695602417,0.06760795599088791,[0.07291932],5.0,0.6,0.0,1.4689629629025984,0.27829134471072775,1.4927700497388143
2.178049087524414,0.07073433545867464,[0.07805659],5.0,0.6,0.0,0.8836588733213138,0.2956552694162532,1.488753281211995
2.1871964931488037,0.07444691107667137,[0.08345094],5.0,0.6,0.0,0.5362499308432357,0.30528105186693066,1.4837022209182058
2.1950602531433105,0.07757329054445808,[0.08907432],5.0,0.6,0.0,0.04897756595451669,0.29618682297280813,1.4738903196404989
2.2040743827819824,0.08128586616245481,[0.09479116],5.0,0.6,0.0,-0.1152984427343989,-0.17257066522488487,1.4641688566209738
2.2140860557556152,0.08538923921392488,[0.1004231],5.0,0.6,0.0,-0.41901196144193825,0.22439472618956854,1.4556723660486621
2.223104476928711,0.08851561868171162,[0.10591403],5.0,0.6,0.0,-0.7048906462837616,0.21832828275321062,1.440885502138811
2.2321012020111084,0.09183739686623502,[0.111256],5.0,0.6,0.0,-1.1982892364240767,0.20553550393139594,1.426289483872708
2.2410600185394287,0.09496377633402173,[0.11641827],5.0,0.6,0.0,-1.6503840331068274,0.24262530971668916,1.4100278115621405
2.2510361671447754,0.09906714938549181,[0.12138203],5.0,0.6,0.0,-1.98347638852924,0.2356697816559074,1.4022876892634764
2.259139060974121,0.1023889275700152,[0.12612994],5.0,0.6,0.0,-2.4671990533518775,0.21206978417110844,1.3888836851646917
2.26709246635437,0.10590610447127527,[0.1306446],5.0,0.6,0.0,-2.8779109828448783,0.21547186457814455,1.3786680072869402
2.2753992080688477,0.10903248393906198,[0.13491429],5.0,0.6,0.0,-3.152543257163898,0.20094626529336332,1.3672694282215838
2.2840559482574463,0.11274505955705873,[0.13893196],5.0,0.6,0.0,-3.2933472313103507,0.2033544558620425,1.3638297905713443
2.293149709701538,0.11645763517505547,[0.1426958],5.0,0.6,0.0,-3.324785570937655,0.2023619271184495,1.3632088666559576
2.301119327545166,0.11977941335957885,[0.14620846],5.0,0.6,0.0,-2.9990991051906803,0.20022465414970994,1.3629691001980562
2.3100595474243164,0.12329659026083893,[0.14947468],5.0,0.6,0.0,-2.5843096913428854,0.19500737579207916,1.3669722621075837
2.3194873332977295,0.12700916587883565,[0.15249976],5.0,0.6,0.0,-2.4646657602201976,0.17366714104620581,1.3736341811730117
2.3270304203033447,0.1301355453466224,[0.15528829],5.0,0.6,0.0,-2.1571766726469432,0.15862272484036294,1.377693859657388
2.3370471000671387,0.13423891839809246,[0.15784801],5.0,0.6,0.0,-2.0977766109425033,0.16662521611150752,1.3912460831064897
2.3450467586517334,0.13756069658261585,[0.16019172],5.0,0.6,0.0,-1.8283355482817065,0.1584427771716638,1.40015676481207
2.35361385345459,0.14088247476713922,[0.16233151],5.0,0.6,0.0,-1.5205150586390714,0.13738147563878375,1.4103758986090305
2.3650424480438232,0.14537664525208266,[0.16427767],5.0,0.6,0.0,-1.516614465515459,0.1254320653086766,1.429333775982355
2.373673677444458,0.14889382215334274,[0.16604225],5.0,0.6,0.0,-1.86915617785689,0.11659706633325918,1.4402884268336718
2.3824470043182373,0.1522156003378661,[0.16765201],5.0,0.6,0.0,-1.9710211534002473,0.24315387425103346,1.450577632696681
2.3920209407806396,0.15612357467259955,[0.16915878],5.0,0.6,0.0,-1.6731232608219508,0.311644827901195,1.464508157092584
2.4011406898498535,0.15964075157385957,[0.1706052],5.0,0.6,0.0,-1.5590632048471607,0.22102862724218586,1.4744367880124751
2.411066770553589,0.16374412462532967,[0.17200854],5.0,0.6,0.0,-1.783199944114387,0.2647636644719061,1.4840713270275072
2.419036865234375,0.16706590280985303,[0.17338627],5.0,0.6,0.0,-1.7762133119807266,0.22594108887874867,1.4896993993194751
2.4291319847106934,0.17136467457805982,[0.17475504],5.0,0.6,0.0,-1.6748178546176387,0.2273567520328327,1.495620029947713
2.4370131492614746,0.17449105404584653,[0.1761253],5.0,0.6,0.0,-1.5421900781742257,0.19407392502964352,1.4976986751650787
2.4451496601104736,0.17761743351363324,[0.17751087],5.0,0.6,0.0,-1.4061984915731052,0.24002598859592766,1.4985279199446642
2.4556355476379395,0.18172080656510334,[0.17893217],5.0,0.6,0.0,-1.2780877776565367,0.2277360533050497,1.497231402702813
2.463087558746338,0.18465178731615337,[0.18039662],5.0,0.6,0.0,-1.161518687056637,0.22035561347761723,1.4953819691446586
2.4730796813964844,0.18895055908436015,[0.18190011],5.0,0.6,0.0,-0.7808375424553753,0.2308672003901349,1.489653833679787
2.4821979999542236,0.1924677359856202,[0.18345063],5.0,0.6,0.0,-0.6541100431091036,0.20995672742709642,1.4835514862179267
2.4900355339050293,0.19578951417014356,[0.18505364],5.0,0.6,0.0,-0.6253845218934915,0.16273701035244192,1.4769207915084204
2.498119354248047,0.1989158936379303,[0.18670398],5.0,0.6,0.0,-0.6261688724040653,0.15498450470310543,1.4703224555796603
2.507297992706299,0.20262846925592706,[0.18840013],5.0,0.6,0.0,-0.6287923485447574,0.14422743501476437,1.4600253637881695
2.515104293823242,0.20595024744045046,[0.19013995],5.0,0.6,0.0,-0.3479256948102681,0.10336697094889696,1.451145903181232
2.525099039077759,0.20985822177518385,[0.19192074],5.0,0.6,0.0,-0.301003134806481,0.1313337036179846,1.4376087042399222
2.5332400798797607,0.2133753986764439,[0.19373948],5.0,0.6,0.0,-0.3347138217671145,0.12316709042842118,1.4257010450782825
2.544590950012207,0.21806496787812396,[0.19558959],5.0,0.6,0.0,-0.6600051775452691,0.13463260628388882,1.403583088285659
2.5541129112243652,0.2219729422128574,[0.19747362],5.0,0.6,0.0,-0.733421729275523,0.11954057694269216,1.3864816964466913
2.564329147338867,0.22588091654759082,[0.19940389],5.0,0.6,0.0,-0.7029843885222353,0.1403600809553659,1.3688109427162354
2.572089433670044,0.22900729601537753,[0.20138948],5.0,0.6,0.0,-0.6364533764702213,0.1034947921646142,1.3582156033905581
2.5810468196868896,0.2323290741999009,[0.20343147],5.0,0.6,0.0,-0.8393420137108307,0.11242592855067972,1.3456634002648684
2.591035842895508,0.23584625110116098,[0.20553448],5.0,0.6,0.0,-1.080362832783489,0.1216455067128851,1.3312667974865064
2.5990211963653564,0.23877723185221103,[0.20769759],5.0,0.6,0.0,-0.9988655451101804,0.11804224324230421,1.3235841131013486
2.608997106552124,0.24268520618694442,[0.20990918],5.0,0.6,0.0,-0.8170155251813069,0.12375902048410403,1.3061628494906294
2.6200239658355713,0.24678857923841455,[0.2121893],5.0,0.6,0.0,-0.9036376026290549,0.11473614513440368,1.2864751720761567
2.6287169456481934,0.24991495870620126,[0.2145701],5.0,0.6,0.0,-1.325444209164214,0.11117734133017332,1.2776101559706863
2.639540433883667,0.254213730474408,[0.21705882],5.0,0.6,0.0,-1.2070549289564392,0.05028941952484768,1.2576555822429563
2.6489996910095215,0.25773090737566806,[0.21967168],5.0,0.6,0.0,-1.1987702369882025,0.06431112044704321,1.2474187184569787
2.6600053310394287,0.26183428042713813,[0.2224388],5.0,0.6,0.0,-1.2131280710630774,0.01772809364755409,1.2320587796292095
2.6680748462677,0.26476526117818816,[0.22537673],5.0,0.6,0.0,-1.2174912731969671,0.08834202797018398,1.2321311003200923
2.6759979724884033,0.2673054444957649,[0.22848021],5.0,0.6,0.0,-1.2031973001619571,0.09249739417601367,1.2386463444043987
2.684126853942871,0.27023642524681496,[0.23173371],5.0,0.6,0.0,-1.1711732039973175,0.11647457114166491,1.242401665864364
2.693014621734619,0.273167405997865,[0.23511316],5.0,0.6,0.0,-1.1254705080082532,0.11229942497646848,1.247602105483336
2.702998161315918,0.27668458289912506,[0.23860305],5.0,0.6,0.0,-1.34657952869625,0.11188154580051515,1.2468852384090001
2.7113897800445557,0.2798109623669118,[0.24220333],5.0,0.6,0.0,-1.3193938942005041,0.12027711492793519,1.252325973792373
2.7201335430145264,0.2827419431179618,[0.24590292],5.0,0.6,0.0,-1.4776282842380082,0.12570770330628012,1.2606715225987843
2.72802472114563,0.2852821264355385,[0.24966953],5.0,0.6,0.0,-1.3717334889786437,0.04761381467597143,1.2745635178331174
2.7360098361968994,0.28782230975311524,[0.25344792],5.0,0.6,0.0,-1.1844483052851684,0.05331260153725792,1.288484928338225
2.7472598552703857,0.29153488537111205,[0.25719974],5.0,0.6,0.0,-0.9923262217541834,0.11388612424083812,1.2892216569807124
2.7570252418518066,0.2946612648388987,[0.26092403],5.0,0.6,0.0,-0.8232419376854858,0.10458747281787632,1.2959065446711546
2.7650856971740723,0.2972014481564754,[0.26461938],5.0,0.6,0.0,-0.6838229357643784,0.10170354679571215,1.3083593005443794
2.775012731552124,0.3005232263409988,[0.26827745],5.0,0.6,0.0,-0.5722398898307116,0.10512658084493604,1.311997400298825
2.7840752601623535,0.30345420709204884,[0.27190526],5.0,0.6,0.0,-0.4839539217743509,0.15086772594979184,1.3193204708912052
2.7930400371551514,0.30618978912636224,[0.27551864],5.0,0.6,0.0,-0.4141364996638982,0.1401863939549526,1.328367851671108
2.8010120391845703,0.3091207698774123,[0.27911309],5.0,0.6,0.0,-0.08252326187443743,0.11029932211068913,1.3351881100810266
2.810122013092041,0.3122471493451991,[0.28267825],5.0,0.6,0.0,-0.004666367152436818,0.14758165286906674,1.339571238298669
2.8187806606292725,0.31498273137951244,[0.28621541],5.0,0.6,0.0,-0.02325582848956574,0.12373084839612365,1.3474595109428928
2.8290414810180664,0.31791371213056246,[0.28972213],5.0,0.6,0.0,-0.06908994888177872,0.13780753486588895,1.3530328697511171
2.8380844593048096,0.3208446928816125,[0.29319905],5.0,0.6,0.0,0.1618790724500163,0.1512979903433826,1.3582334826881168
2.8472321033477783,0.3239710723493993,[0.29665563],5.0,0.6,0.0,0.4361520424945045,0.16260635625189596,1.361232217774841
2.855045795440674,0.326511255666976,[0.30009638],5.0,0.6,0.0,0.6670231952060991,0.14716739736916856,1.369419180890453
2.863065719604492,0.3292468377012893,[0.30352137],5.0,0.6,0.0,1.1080875250575386,0.1701617496062695,1.3751124364352518
2.8722243309020996,0.3321778184523394,[0.30694117],5.0,0.6,0.0,1.2436964252968572,0.18370637279328236,1.3792509756808042
2.8799855709075928,0.33452260305317943,[0.3103671],5.0,0.6,0.0,1.2402586290520385,0.1769990838998356,1.3887104582667715
2.887972354888916,0.3372581850874929,[0.31379501],5.0,0.6,0.0,1.1778178742772112,0.16839236611501512,1.3947092665333463
2.8967208862304688,0.34018916583854286,[0.31722396],5.0,0.6,0.0,1.3701464554502345,0.19485963306071574,1.3984968616083955
2.9050040245056152,0.34312014658959294,[0.32067354],5.0,0.6,0.0,1.5915265749102654,0.19876450697626863,1.4022589617791525
2.913367509841919,0.3458557286239063,[0.32417272],5.0,0.6,0.0,1.7611007481023837,0.18718286891068336,1.407951479244165
2.9213366508483887,0.3485913106582197,[0.32773874],5.0,0.6,0.0,1.58460274503379,0.2068858331281467,1.414842614370775
2.9291224479675293,0.35152229140926977,[0.33137814],5.0,0.6,0.0,1.587227248530621,0.18913366491638625,1.420176750149449
2.937440872192383,0.3544532721603198,[0.33510931],5.0,0.6,0.0,1.6279838164946396,0.15219192281027288,1.4259249907473015
2.9459640979766846,0.3573842529113699,[0.3389608],5.0,0.6,0.0,1.6537393555060271,0.12045612497240168,1.4323364971670351
2.9553234577178955,0.36109682852936664,[0.34295882],5.0,0.6,0.0,1.6499261385164847,0.13573317329623735,1.4342981065409361
2.9641366004943848,0.36441860671389,[0.34711397],5.0,0.6,0.0,1.8935555393391343,0.15764853396496764,1.4392060562951623
2.972011089324951,0.36734958746494006,[0.35142225],5.0,0.6,0.0,1.5957724911115274,0.13720963824308094,1.4486375334179211
2.9830050468444824,0.3712575617996735,[0.35590316],5.0,0.6,0.0,1.4371225032383212,0.19363677594278156,1.4524077603244567
2.9930758476257324,0.37516553613440684,[0.36058262],5.0,0.6,0.0,1.3361713884563846,0.15359443336994957,1.4570322434707499
3.001055955886841,0.3780965168854569,[0.36544212],5.0,0.6,0.0,1.256945965956802,0.1852449101202791,1.4673059621207674
3.0103235244750977,0.3814182950699803,[0.37046058],5.0,0.6,0.0,0.9086473353769062,0.19051643499398188,1.475657523334981
3.0190205574035645,0.3841538771042937,[0.37563887],5.0,0.6,0.0,0.8050184632595135,0.17844301633215562,1.4851213806271968
3.02799129486084,0.3876710540055538,[0.38095998],5.0,0.6,0.0,0.5141641578316039,0.1868782643171744,1.490836002667674
3.038069009780884,0.3915790283402871,[0.38640126],5.0,0.6,0.0,0.2121156110150382,0.20173817644825037,1.4946190031631879
3.046879291534424,0.3950962052415472,[0.39193944],5.0,0.6,0.0,0.2373447147128918,0.2811071952634363,1.4979670214757201
3.0560104846954346,0.39841798342607065,[0.39754075],5.0,0.6,0.0,0.36031555559733597,0.29182046703032927,1.4997494693764866
3.067183256149292,0.40291215391101404,[0.40318645],5.0,0.6,0.0,0.4870709894205189,0.26710592084023393,1.4998083831556488
3.077475070953369,0.4068201282457474,[0.40886918],5.0,0.6,0.0,0.5851166778706816,0.30486099381064796,1.4989058416271737
3.087423086166382,0.41092350129721755,[0.41456739],5.0,0.6,0.0,0.924306107049293,0.32613647539460355,1.496712366345149
3.0970568656921387,0.41483147563195094,[0.42024401],5.0,0.6,0.0,0.9895677962353695,0.3220596615517704,1.4934296168984706
3.1080682277679443,0.419521044833631,[0.42586081],5.0,0.6,0.0,1.2183885783222772,0.3255131267507954,1.4908898879328367
3.117770195007324,0.4236244178851011,[0.4313872],5.0,0.6,0.0,1.1657404171082146,0.3011224114450338,1.487009595930127
3.1266181468963623,0.42733699350309784,[0.43678904],5.0,0.6,0.0,0.7424351620979313,0.25257690146180867,1.4818802846079508
3.1360950469970703,0.4312449678378312,[0.44202602],5.0,0.6,0.0,0.5473354590707243,0.21005025801804447,1.476798952072538
3.1453323364257812,0.434957543455828,[0.44705975],5.0,0.6,0.0,0.45621886184843263,0.14591953087230553,1.4709772983070735
3.1531145572662354,0.43808392292361464,[0.45185548],5.0,0.6,0.0,0.1343839921466506,0.15338897322744494,1.4627658020032603
3.163118362426758,0.44218729597508477,[0.45638301],5.0,0.6,0.0,-0.20220614395592248,0.08051002524722392,1.4604672848831877
3.1729938983917236,0.44589987159308153,[0.46060993],5.0,0.6,0.0,-0.4771688762526752,-0.02474286219301814,1.457476488778402
3.1830527782440186,0.45000324464455155,[0.46450065],5.0,0.6,0.0,-0.3982802791937907,-0.08708990176579634,1.4587181852885833
3.191002368927002,0.4529342253956016,[0.46803014],5.0,0.6,0.0,-0.49169938385199263,-0.09231668083761524,1.4552657680343999
3.2000632286071777,0.456256003580125,[0.47118529],5.0,0.6,0.0,-0.8929899056503263,-0.13964661707746556,1.4558089418826792
3.2083780765533447,0.4591869843311751,[0.47395462],5.0,0.6,0.0,-1.5824923054371864,-0.1709535886540837,1.4554601725618703
3.2170820236206055,0.4617271676487517,[0.47632949],5.0,0.6,0.0,-2.2148035663114483,-0.1883981913823039,1.4546127392234895
3.2258450984954834,0.46446274968306517,[0.47830904],5.0,0.6,0.0,-2.9580208577727793,-0.19763218901010118,1.4559106851471268
3.2354228496551514,0.4670029330006419,[0.47990326],5.0,0.6,0.0,-4.112319074769504,-0.17252312239586376,1.4548326077731308
3.2451398372650146,0.4693477176014819,[0.48113151],5.0,0.6,0.0,-5.0,-0.1772066705053511,1.4543426103306607
3.2540273666381836,0.4709109073353753,[0.48201337],5.0,0.6,0.0,-5.0,-0.1837369399050264,1.457380513947348
3.2630341053009033,0.4726694957860053,[0.48257272],5.0,0.6,0.0,-5.0,-0.18746684797231852,1.4623084222600222
3.2709968090057373,0.474037286803162,[0.48284365],5.0,0.6,0.0,-5.0,-0.1576851099963556,1.466341321262572
3.281114101409912,0.47560047653705534,[0.48286266],5.0,0.6,0.0,-5.0,-0.11669111997161843,1.4712396427103656
3.2890539169311523,0.476382071404002,[0.48266678],5.0,0.6,0.0,-5.0,-0.07476249318539346,1.4738636764806663
3.29906964302063,0.47735906498768543,[0.48229604],5.0,0.6,0.0,-5.0,-0.02497476677672311,1.4768691831711094
3.307152032852173,0.4779452611378954,[0.48179281],5.0,0.6,0.0,-5.0,0.02547182092573653,1.4787757098514696
3.315028667449951,0.47853145728810537,[0.48119775],5.0,0.6,0.0,-5.0,0.041535756672911914,1.4803112467685717
3.3239519596099854,0.4791176534383154,[0.48054787],5.0,0.6,0.0,-5.0,0.08715043461266679,1.4813230391283874
3.332113742828369,0.4795084508717888,[0.47987769],5.0,0.6,0.0,-5.0,0.0912379940396364,1.4817047950357953
3.3399741649627686,0.47989924830526204,[0.47921898],5.0,0.6,0.0,-4.629632756723099,0.1348951706879838,1.484204221994554
3.349151849746704,0.48029004573873546,[0.47860522],5.0,0.6,0.0,-3.9307625476042376,0.17329872213728248,1.488062056575298
3.3595545291900635,0.4808762418889455,[0.47807651],5.0,0.6,0.0,-3.2117305726455596,0.2448737331381855,1.4908135435198147
3.3684818744659424,0.4818532354726288,[0.47766968],5.0,0.6,0.0,-1.7561667384208581,0.2176477737000788,1.4942151255417175
3.3779542446136475,0.4826348303395755,[0.47740752],5.0,0.6,0.0,-0.31892277315415507,0.24072896577382863,1.494474241309994
3.387047529220581,0.4834164252065221,[0.47731048],5.0,0.6,0.0,1.1192112738639717,0.2579793052212922,1.4916396151487836
3.3959157466888428,0.4843934187902056,[0.47739523],5.0,0.6,0.0,3.0990710020222676,0.23281004327246252,1.4831543567888616
3.405963897705078,0.48576120980736226,[0.47766959],5.0,0.6,0.0,4.5639658394546805,0.2535235479109891,1.4717227668527384
3.415239095687866,0.48712900082451893,[0.47814592],5.0,0.6,0.0,5.0,0.26594957171179817,1.4657224411151137
3.4249818325042725,0.4886921905584123,[0.47884013],5.0,0.6,0.0,5.0,0.27107835859936985,1.4625066634957802
3.43442440032959,0.49025538029230564,[0.47976424],5.0,0.6,0.0,5.0,0.2725928254509239,1.4599597671597877
3.443046808242798,0.4916231713094623,[0.48092591],5.0,0.6,0.0,5.0,0.27327628852164554,1.4591056686277137
3.453280210494995,0.49377255719356566,[0.48232156],5.0,0.6,0.0,5.0,0.25152287688930003,1.4558478809491489
3.4623219966888428,0.49572654436093233,[0.48394432],5.0,0.6,0.0,5.0,0.26813525628587903,1.4543497876041684
3.4701948165893555,0.4974851328115624,[0.48579758],5.0,0.6,0.0,5.0,0.26743109180220814,1.4547821053104313
3.479180097579956,0.4998299174124025,[0.48787341],5.0,0.6,0.0,5.0,0.24869344662008386,1.4535453074652875
3.4880261421203613,0.5021747020132425,[0.49014757],5.0,0.6,0.0,5.0,0.24945471107328376,1.4532161410424997
3.4986379146575928,0.5049102840475559,[0.49260122],5.0,0.6,0.0,5.0,0.2461096771448899,1.4518839886958745
3.508124828338623,0.5074504673651327,[0.49521999],5.0,0.6,0.0,5.0,0.24247380422975975,1.452258218666941
3.518930435180664,0.510772245549656,[0.49798733],5.0,0.6,0.0,5.0,0.23448565663927734,1.4495698061406195
3.5289783477783203,0.5138986250174427,[0.50088572],5.0,0.6,0.0,5.0,0.2281231562431455,1.4484319825536809
3.539552927017212,0.5170250044852295,[0.50389783],5.0,0.6,0.0,5.0,0.2236204246062696,1.447854653755022
3.547093629837036,0.5193697890860695,[0.50700755],5.0,0.6,0.0,5.0,0.22526909833269895,1.4516294747066092
3.555567502975464,0.5221053711203829,[0.51019539],5.0,0.6,0.0,4.443793957026846,0.19643735009783989,1.45754320533891
3.566014051437378,0.5256225480216429,[0.51344498],5.0,0.6,0.0,4.028917240045168,0.23392198812180598,1.4588384882022511
3.5751333236694336,0.5289443262061664,[0.51674797],5.0,0.6,0.0,3.413989775700053,0.20494430132830818,1.4620865869008761
3.583987236022949,0.5320707056739531,[0.52009212],5.0,0.6,0.0,2.5344759519423548,0.21652642177850911,1.466951655446906
3.592975616455078,0.5353924838584764,[0.52346801],5.0,0.6,0.0,1.9824975952232173,0.22540296333356497,1.4690448051890967
3.6034247875213623,0.5391050594764732,[0.52687446],5.0,0.6,0.0,1.6170715755243577,0.23122214252000658,1.4685828287224303
3.611353635787964,0.5420360402275233,[0.5303122],5.0,0.6,0.0,1.361741493182563,0.24031037936639077,1.4715062437235673
3.6190457344055176,0.5447716222618366,[0.53378418],5.0,0.6,0.0,0.6219574010391509,0.25010897043525715,1.4758565181671564
3.6270129680633545,0.54809340044636,[0.53728832],5.0,0.6,0.0,0.13531296611304833,0.23291699884319697,1.476906912533526
3.635035991668701,0.5510243811974102,[0.54081044],5.0,0.6,0.0,-0.1789818121464425,0.21871086827976816,1.4793273873877648
3.645472288131714,0.5555185516823535,[0.54434979],5.0,0.6,0.0,-0.09987785166554347,0.25411178895665254,1.47535294254284
3.6547188758850098,0.5590357285836136,[0.54792492],5.0,0.6,0.0,0.09206928441836601,0.2512585790725338,1.4756059800356678
3.6664676666259766,0.5639206965020302,[0.55155954],5.0,0.6,0.0,0.00673877609874933,0.1859483740635848,1.4699025528754586
3.6765637397766113,0.5678286708367637,[0.55528269],5.0,0.6,0.0,-0.15174320245120324,0.22573466628171834,1.4689928783175525
3.683994770050049,0.5707596515878138,[0.55911635],5.0,0.6,0.0,-0.5778858197401143,0.15103893666536186,1.473002430980602
3.692014455795288,0.5740814297723372,[0.56307626],5.0,0.6,0.0,-0.7262750759025185,0.19271031628048674,1.4756757595916616
3.7020323276519775,0.5779894041070706,[0.56720149],5.0,0.6,0.0,-1.0243568498791835,0.2493013591100499,1.476212498636651
3.7121307849884033,0.581897378441804,[0.57157155],5.0,0.6,0.0,-1.3017117953379405,0.28810770501925687,1.4776414712592838
3.7209880352020264,0.5852191566263274,[0.5762439],5.0,0.6,0.0,-1.5040747208326741,0.2596302562900045,1.4823368453579742
3.7301442623138428,0.5895179283945341,[0.58123762],5.0,0.6,0.0,-1.9018307230837155,0.31587229959941016,1.4836956463179958
3.7391068935394287,0.5928397065790576,[0.58659673],5.0,0.6,0.0,-1.9880693272668872,0.3741556666110574,1.489301806863695
3.7472469806671143,0.5965522821970541,[0.59238663],5.0,0.6,0.0,-2.2097955222289096,0.4280578336218648,1.4929136184820095
3.756011724472046,0.6000694590983143,[0.59866873],5.0,0.6,0.0,-2.4065031981120484,0.48112409149675456,1.4953151876281021
3.7654058933258057,0.6037820347163111,[0.60547094],5.0,0.6,0.0,-2.5289024140567777,0.438806852253107,1.494691573724106
3.7731051445007324,0.6069084141840977,[0.61279005],5.0,0.6,0.0,-2.5737716259032264,0.5141402805282016,1.488198258686882
3.782050371170044,0.6104255910853578,[0.62065022],5.0,0.6,0.0,-2.5542657666682453,0.5796580016370624,1.4744753125121557
3.7926487922668457,0.6149197615703013,[0.62909779],5.0,0.6,0.0,-2.4870860585996963,0.6336224772061491,1.4560107051619318
3.8000059127807617,0.6178507423213512,[0.63813869],5.0,0.6,0.0,-2.387474483036578,0.5916485547886565,1.4167518817817701
3.809915542602539,0.622149514089558,[0.64774332],5.0,0.6,0.0,-2.2676963517007014,0.6669871794392644,1.3733968067981814
3.818087577819824,0.6252758935573448,[0.65791151],5.0,0.6,0.0,-2.1369700781394676,0.7389324434265809,1.304754803371352
3.826849937438965,0.6285976717418682,[0.66863694],5.0,0.6,0.0,-2.0019128538206568,0.7016922230036576,1.2227183599579157
3.8359498977661133,0.6321148486431284,[0.67990786],5.0,0.6,0.0,-1.8670989817325654,0.8885503110458512,1.1306968543785338
3.8441162109375,0.6354366268276517,[0.69173766],5.0,0.6,0.0,-1.7355729169787768,0.8348592866717609,1.0282489676610898
3.8533546924591064,0.6393446011623851,[0.70406879],5.0,0.6,0.0,-1.6092686034860506,0.8069745825206126,0.9307181147235665
3.864945650100708,0.6440341703640652,[0.7168426],5.0,0.6,0.0,-1.4893322902212116,0.9899691861565795,0.8447334058181475
3.8739864826202393,0.6475513472653252,[0.73005994],5.0,0.6,0.0,-1.3763623850674376,0.9431403975252449,0.7548592517994048
3.8819198608398438,0.6508731254498485,[0.74368104],5.0,0.6,0.0,-1.2705835966837822,1.0135277247459726,0.6773898592849914
3.893803834915161,0.6559534920850019,[0.75768185],5.0,0.6,0.0,-1.1719713145328399,1.1431704089320558,0.6251982254909813
3.9039807319641113,0.6600568651364721,[0.77207625],5.0,0.6,0.0,-0.8043009655443927,1.1545126349694415,0.580813857674194
3.913038492202759,0.6633786433209955,[0.78680691],5.0,0.6,0.0,-0.6862380334342215,1.1008779496718144,0.5471551706899822
3.925034523010254,0.6682636112394121,[0.80177644],5.0,0.6,0.0,-0.6627457902585735,1.1893813821552592,0.5279662984078952
3.93357253074646,0.6717807881406723,[0.81691951],5.0,0.6,0.0,-0.6662158856401619,1.1907179775690746,0.5144708687803687
3.943955898284912,0.6760795599088789,[0.83215687],5.0,0.6,0.0,-0.6697139452869698,1.185771173697622,0.5073240756871271
3.9529967308044434,0.6797921355268758,[0.84736824],5.0,0.6,0.0,-0.6645198107508018,1.1522528723938184,0.5033092857339282
3.961007833480835,0.6829185149946625,[0.86242248],5.0,0.6,0.0,-0.6495394375206178,1.1665673099140903,0.5012755366642558
3.9691011905670166,0.6864356918959225,[0.87719698],5.0,0.6,0.0,-0.9024980527731342,1.1687570609001423,0.500084634405393
3.982109546661377,0.691516058531076,[0.89157924],5.0,0.6,0.0,-0.9068025491071154,1.2938581367226158,0.49972203182013303
3.9930009841918945,0.6956194315825459,[0.90546135],5.0,0.6,0.0,-0.8193409342566327,1.3158325152526902,0.49965024161635574
4.0019590854644775,0.6997228046340161,[0.91873637],5.0,0.6,0.0,-0.7091162472152814,1.2552080715267788,0.49969399935176706
4.013009786605835,0.7042169751189595,[0.93130243],5.0,0.6,0.0,-0.6039951464996539,1.1151789175499758,0.49976168895058426
4.0215699672698975,0.7079295507369562,[0.94306372],5.0,0.6,0.0,-0.5132424679589858,0.9804363320012413,0.4998197166862636
4.0313897132873535,0.7120329237884264,[0.95391882],5.0,0.6,0.0,-0.43820052066574067,0.8457847765446036,0.4998653601209211
4.039047718048096,0.7149639045394763,[0.96377843],5.0,0.6,0.0,-0.3772169925720134,0.8793186478597215,0.499898283000878
4.04736852645874,0.7182856827239998,[0.97258861],5.0,0.6,0.0,-0.327820541887395,0.9270341112578117,0.49992242297638273
4.055481672286987,0.7212166634750498,[0.98032028],5.0,0.6,0.0,-0.28760660925597176,0.9405806898102191,0.4999399036697917
4.063946485519409,0.7247338403763098,[0.98695764],5.0,0.6,0.0,-0.2545388153265927,1.0627764939273885,0.49995283789849065
4.072927474975586,0.7284464159943067,[0.99249696],5.0,0.6,0.0,-0.227000493121928,1.025380257283149,0.49996252203919533
4.081102609634399,0.7313773967453567,[0.99694598],5.0,0.6,0.0,-0.479789295792741,1.06925906418261,0.49982941841440326
4.089968204498291,0.7350899723633534,[1.00032264],5.0,0.6,0.0,-0.4930177289378073,1.0886817790402883,0.4998198694818879
4.098971843719482,0.7388025479813501,[1.0026547],5.0,0.6,0.0,-0.42067810805077366,1.0441548486547612,0.4998691782933895
4.107074737548828,0.7423197248826102,[1.00394817],5.0,0.6,0.0,-0.3294819644372709,0.958413300799569,0.4999203294785933
4.117159605026245,0.7464230979340803,[1.00420836],5.0,0.6,0.0,0.030450855459473042,0.9905459925980639,0.5000009999773384
4.127479791641235,0.7507218697022872,[1.00347644],5.0,0.6,0.0,0.13212587939492249,0.9189885716573551,0.4999898300608935
4.136005401611328,0.7540436478868106,[1.0018091],5.0,0.6,0.0,0.1297381279302408,0.9531537427363117,0.49999212553755096
4.146279573440552,0.7583424196550171,[0.99927827],5.0,0.6,0.0,0.09273897802988004,0.8991647353091112,0.5000026725448795
4.154783487319946,0.7618595965562772,[0.99596837],5.0,0.6,0.0,0.05051192857796727,0.923360597853027,0.5000154599794293
4.165419340133667,0.7663537670412206,[0.9919802],5.0,0.6,0.0,0.014018491723409236,0.8648448386643757,0.5000377196852301
4.174030303955078,0.7696755452257441,[0.98742154],5.0,0.6,0.0,-0.28990155045190175,0.7549670266640967,0.5000136031567484
4.182754755020142,0.7735835195604776,[0.98239902],5.0,0.6,0.0,-0.34267097324296364,0.6772005343569837,0.5000757570077311
4.190975666046143,0.7765145003115275,[0.9770272],5.0,0.6,0.0,-0.3004316545831499,0.6623276279793403,0.5002547801520654
4.202415466308594,0.7812040695132076,[0.97141606],5.0,0.6,0.0,-0.23201981186654108,0.6499291773144306,0.5006800280320519
4.210904598236084,0.7843304489809945,[0.96566647],5.0,0.6,0.0,-0.44143278845592127,0.6775412844063077,0.5012476095664826
4.2199387550354,0.788043024598991,[0.95987776],5.0,0.6,0.0,-0.41918133816982006,0.7323680582877822,0.5025938128164972
4.228612422943115,0.7917556002169878,[0.95415078],5.0,0.6,0.0,-0.32153154192612876,0.8092661876308944,0.5050438787811382
4.2389607429504395,0.7958589732684579,[0.94858652],5.0,0.6,0.0,-0.214298561067301,0.8899613155567063,0.5093837390008269
4.247784852981567,0.7995715488864547,[0.9432849],5.0,0.6,0.0,-0.12178247839275583,0.9543091415090184,0.516060496313268
4.25935173034668,0.804065719371398,[0.93835507],5.0,0.6,0.0,-0.05012190290102674,0.9691850724434535,0.5271386864338354
4.270572900772095,0.8085598898563414,[0.93391316],5.0,0.6,0.0,0.0018091527692959929,0.8614573137397006,0.5431665960769007
4.282074689865112,0.8134448577747583,[0.93007124],5.0,0.6,0.0,0.03749869264650304,0.8654646559476442,0.5658511425744877
4.289932489395142,0.8169620346760184,[0.92690152],5.0,0.6,0.0,0.06072746754982629,0.8324047842958547,0.5891559035336096
4.2999536991119385,0.8210654077274883,[0.92441795],5.0,0.6,0.0,0.07480167928941607,0.818016558785289,0.6180809408298715
4.309908866882324,0.8249733820622217,[0.92264495],5.0,0.6,0.0,0.08235640130822208,0.80742123314285,0.6483796580067835
4.319921493530273,0.828881356396955,[0.92162989],5.0,0.6,0.0,0.08538817363776041,0.7981871009626965,0.6789787176467412
4.329513072967529,0.8327893307316886,[0.92140656],5.0,0.6,0.0,0.08536286134099597,0.7895822575363992,0.7079143946918824
4.338994026184082,0.8365019063496852,[0.92199489],5.0,0.6,0.0,0.08333362279491849,0.7822612033286185,0.7318111174853654
4.350004434585571,0.8409960768346287,[0.92340112],5.0,0.6,0.0,0.08004467184675138,0.7713546753649031,0.7571394707193639
4.360757112503052,0.8452948486028355,[0.9256351],5.0,0.6,0.0,0.07601445812304877,0.8169881790247637,0.7750157891453209
4.371457815170288,0.8497890190877789,[0.92870838],5.0,0.6,0.0,0.07159912489575401,0.7912055879586464,0.7877490526146007
4.379207134246826,0.8527199998388288,[0.93259992],5.0,0.6,0.0,0.06703950700267619,0.780312340913006,0.7791035513186687
4.39000391960144,0.857409569040509,[0.93726182],5.0,0.6,0.0,0.06249528276287552,0.7672348563762171,0.7793508234993617
4.399218797683716,0.8611221446585058,[0.94264105],5.0,0.6,0.0,0.05806947449179781,0.7640126536111651,0.7647217748822919
4.408018589019775,0.8648347202765025,[0.94866569],5.0,0.6,0.0,0.05382586604030864,0.7155455460255801,0.7452357959745969
4.418944358825684,0.8693288907614459,[0.95526367],5.0,0.6,0.0,0.32583966082262605,0.7802335577078101,0.7282523201140335
4.426984548568726,0.8726506689459693,[0.96237957],5.0,0.6,0.0,0.3551772828291076,0.7391866446490265,0.6997427234915734
4.439585447311401,0.8777310355811228,[0.96995721],5.0,0.6,0.0,0.2965369016265992,0.8011924848184782,0.6824111523452436
4.447909355163574,0.8812482124823828,[0.97794041],5.0,0.6,0.0,0.21715083299974333,0.764117103947451,0.6541076604900431
4.459248304367065,0.8855469842505895,[0.98627315],5.0,0.6,0.0,0.14356219606531673,0.8283730736547734,0.6314316026814937
4.467908620834351,0.8890641611518495,[0.99490014],5.0,0.6,0.0,0.08409942680063957,0.7962071036216632,0.6064265445066725
4.481905221939087,0.8945353252204764,[1.0037676],5.0,0.6,0.0,-0.23656443971426375,0.8536710691167801,0.5919242048234975
4.490618705749512,0.8976617046882631,[1.01283589],5.0,0.6,0.0,-0.30153179195075397,0.8680826148313355,0.5703705963141056
4.49821400642395,0.9009834828727865,[1.022066],5.0,0.6,0.0,0.007835671517290255,0.8838856353089107,0.5532798929746356
4.505915880203247,0.9045006597740466,[1.0313958],5.0,0.6,0.0,0.10282673984656873,0.8634806379686685,0.5399281920888571
4.5164501667022705,0.90899483025899,[1.04075697],5.0,0.6,0.0,0.1095063850803463,0.8873440889256426,0.531038095338457
4.526968002319336,0.9132936020271968,[1.05009869],5.0,0.6,0.0,0.08516654286201739,0.9076601743391195,0.5236745488706409
4.538468599319458,0.9179831712288767,[1.05939261],5.0,0.6,0.0,0.05444099719128836,0.9498741364144835,0.5183257813162967
4.54747748374939,0.9216957468468735,[1.06861608],5.0,0.6,0.0,0.026843816719996284,0.9530044736984539,0.5133377441803783
4.558239459991455,0.9257991198983436,[1.07773259],5.0,0.6,0.0,0.005175308331761852,1.0021570403600806,0.5098847946392385
4.566935777664185,0.9295116955163404,[1.08668928],5.0,0.6,0.0,-0.010529254751838066,1.090550929322781,0.5071476612462736
4.57839298248291,0.9342012647180205,[1.09543503],5.0,0.6,0.0,-0.02120320940452956,1.1116868466280638,0.5055202832646806
4.5863683223724365,0.9375230429025437,[1.10392847],5.0,0.6,0.0,-0.02797481824555282,1.1231833178130697,0.5039332023606558
4.595162868499756,0.9408448210870671,[1.11212768],5.0,0.6,0.0,-0.03186756823643453,1.1244419370954124,0.5028290040114984
4.605019807815552,0.9447527954218007,[1.11999167],5.0,0.6,0.0,-0.03371129236054923,1.0951648562629328,0.5021503474623525
4.6129536628723145,0.9478791748895873,[1.127487],5.0,0.6,0.0,-0.034140387063639914,1.0902571876750113,0.5015768213567566
4.623996734619141,0.9523733453745308,[1.13458946],5.0,0.6,0.0,-0.03362275845472335,1.077138490028536,0.5013054767915102
4.6342949867248535,0.9564767184260008,[1.14128401],5.0,0.6,0.0,-0.0324951612737045,1.068634004665586,0.5010792652812356
4.644941329956055,0.9607754901942076,[1.14756224],5.0,0.6,0.0,-0.03099545574152121,1.0642822371554013,0.5009315829492068
4.653953552246094,0.9644880658122044,[1.15342283],5.0,0.6,0.0,-0.029288929902442896,1.0679838952318876,0.5007926932028833
4.66290545463562,0.9682006414302011,[1.1588712],5.0,0.6,0.0,-0.027488580675216555,1.0754489152405655,0.5006948171460543
4.673999071121216,0.9730856093486179,[1.1639212],5.0,0.6,0.0,-0.02567022370197706,1.103321190266742,0.5006861877623362
4.681962966918945,0.9760165900996679,[1.16859091],5.0,0.6,0.0,-0.023883513375109668,1.083705383017067,0.5006005406024012
4.692603349685669,0.9805107605846113,[1.1728962],5.0,0.6,0.0,-0.022159866069914307,1.0875492413160879,0.500609402594796
4.702307939529419,0.9840279374858714,[1.1768553],5.0,0.6,0.0,-0.020518099652905436,1.091507500910476,0.5005890435469328
4.711090564727783,0.9877405131038681,[1.18048769],5.0,0.6,0.0,-0.018968417305202833,1.0663017242879593,0.500592744802986
4.71996545791626,0.9912576900051281,[1.18381067],5.0,0.6,0.0,-0.017515204666304532,1.0673861027984652,0.5006017254301719
4.7294299602508545,0.9949702656231248,[1.18684347],5.0,0.6,0.0,-0.016158983219006242,1.0582989357011727,0.5006340567225727
4.738321781158447,0.9986828412411217,[1.18960568],5.0,0.6,0.0,-0.014897767211745107,1.0393528500622269,0.5006819539908761
4.747447967529297,1.0023954168591185,[1.19211344],5.0,0.6,0.0,-0.013728000791014619,1.0100856073058608,0.5007475021992441
4.756961822509766,1.0063033911938517,[1.19437884],5.0,0.6,0.0,0.26339315893108944,0.9696926156441241,0.5007947960138021
4.765584707260132,1.0100159668118485,[1.19640966],5.0,0.6,0.0,0.2975185693631866,0.9216932270494792,0.5008941653963848
4.775910377502441,1.0141193398633186,[1.19820958],5.0,0.6,0.0,0.24334529770940144,0.8658709163356294,0.5010946490388335
4.785879135131836,1.0182227129147887,[1.19977898],5.0,0.6,0.0,0.16811262846575187,0.8086231584801618,0.5013495222187092
4.793984651565552,1.0217398898160488,[1.20112149],5.0,0.6,0.0,0.09837568881281034,0.7972754352481793,0.5015963194769129
4.802734851837158,1.0252570667173089,[1.20224526],5.0,0.6,0.0,0.042477884356352025,0.7457034191177484,0.5019004385701678
4.811967611312866,1.0289696423353054,[1.20315633],5.0,0.6,0.0,0.0011471296676422126,0.7289267903637526,0.5023153358488303
4.820967435836792,1.0324868192365655,[1.20385906],5.0,0.6,0.0,-0.0276539571610228,0.6818051265607984,0.5028119093997904
4.82903790473938,1.0356131987043522,[1.20435597],5.0,0.6,0.0,-0.04661643695533812,0.6445126284312918,0.5033617103160649
4.837018251419067,1.038739578172139,[1.20465145],5.0,0.6,0.0,-0.05824861688018226,0.6430541275224664,0.5040624402686029
4.848078012466431,1.0430383499403457,[1.20475192],5.0,0.6,0.0,-0.064611342658834,0.5760947393195884,0.5053490497682576
4.8603808879852295,1.0479233178587624,[1.20465743],5.0,0.6,0.0,-0.067293050192552,0.5272013633496417,0.5073461772390134
4.870675802230835,1.0520266909102327,[1.20436942],5.0,0.6,0.0,-0.0674724288177176,0.5164402020933108,0.509638274103939
4.879356861114502,1.055934665244966,[1.2038992],5.0,0.6,0.0,-0.06600230644970854,0.5067158635172923,0.5125384013717891
4.8879475593566895,1.059451842146226,[1.20326511],5.0,0.6,0.0,-0.06348834033438593,0.5170046634560794,0.5159764611478013
4.898213863372803,1.0633598164809595,[1.20248612],5.0,0.6,0.0,0.21568430966836274,0.47946879537869946,0.5207981953211914
4.906996965408325,1.0668769933822195,[1.20157885],5.0,0.6,0.0,-0.02376667869106612,0.4855314166187576,0.5265444660779376
4.916722774505615,1.0707849677169528,[1.20056118],5.0,0.6,0.0,-0.108395230991912,0.46172438809384614,0.5344368938408267
4.925198793411255,1.074302144618213,[1.19944936],5.0,0.6,0.0,0.1502475685059791,0.43639633736412214,0.5435977219209746
4.934995412826538,1.078405517669683,[1.1982556],5.0,0.6,0.0,0.19244028087757947,0.40554386580926893,0.556512352220648
4.944897174835205,1.0827042894378898,[1.19699023],5.0,0.6,0.0,0.15461016647340917,0.3725876005840662,0.5733510946401744
4.954731702804565,1.0866122637726232,[1.19565997],5.0,0.6,0.0,-0.17969325809212094,0.3218825173852688,0.5926858254561354
4.962932348251343,1.0899340419571466,[1.19427145],5.0,0.6,0.0,-0.267748759086343,0.32646007135306154,0.613298443099338
4.971502304077148,1.09325582014167,[1.19283858],5.0,0.6,0.0,-0.25656889839266556,0.3254049314463736,0.6375591605134202
4.979931116104126,1.0965775983261934,[1.19137901],5.0,0.6,0.0,0.06355776169215185,0.31977241627654296,0.6657159961584729
4.990967273712158,1.1010717688111367,[1.18990659],5.0,0.6,0.0,-0.1304981867329842,0.282173408814306,0.7063077104020892
5.000239133834839,1.1047843444291336,[1.18843185],5.0,0.6,0.0,-0.1756459669779673,0.27690629400433703,0.7467267179748789
5.009099006652832,1.1088877174806036,[1.1869678],5.0,0.6,0.0,-0.16215948721877865,0.2746987718842037,0.7954173585199342
5.018858194351196,1.112795691815337,[1.18553039],5.0,0.6,0.0,-0.13040929304571064,0.2719829040741541,0.84711336137754
5.02895712852478,1.1165082674333338,[1.18413586],5.0,0.6,0.0,-0.09724580820780113,0.27505314727571123,0.9006304389579747
5.038276672363281,1.1204162417680672,[1.18280124],5.0,0.6,0.0,-0.06876135619657514,0.28261009657822767,0.9591468088489202
5.0458903312683105,1.1233472225191172,[1.18154292],5.0,0.6,0.0,-0.0463704623631854,0.2771527995151585,1.0079608527646189
5.055967330932617,1.1276459942873238,[1.18037954],5.0,0.6,0.0,-0.02963951854312801,0.3263414671982241,1.073402996584072
5.066898584365845,1.1319447660555308,[1.17933624],5.0,0.6,0.0,-0.017554283730643692,0.3434615610660818,1.1381443784263852
5.078883409500122,1.1370251326906842,[1.17844247],5.0,0.6,0.0,-0.009050510428155564,0.39150500211310385,1.2095819767251696
5.090397357940674,1.1415193031756277,[1.17773186],5.0,0.6,0.0,-0.0032070785343010265,0.41862112331124696,1.269303382045246
5.100538730621338,1.145427277510361,[1.17723334],5.0,0.6,0.0,0.0007079563085893841,0.3998091293659665,1.3168293347304085
5.108940362930298,1.1487490556948845,[1.17695655],5.0,0.6,0.0,0.0032496952052437373,0.3502398913439319,1.3528833208737847
5.119841814041138,1.1532432261798278,[1.17690278],5.0,0.6,0.0,0.004827306074309557,0.3724126777436817,1.3940845992628277
5.132427215576172,1.1583235928149813,[1.17708445],5.0,0.6,0.0,0.005736793980540937,0.3738420180210479,1.4320265670369516
5.141929388046265,1.1624269658664512,[1.17750943],5.0,0.6,0.0,0.00618950206281248,0.32098657375670686,1.455523268476278
5.150891304016113,1.1661395414844482,[1.17816771],5.0,0.6,0.0,0.006334838481360303,0.30948021248233365,1.4714792326786357
5.159951210021973,1.1698521171024447,[1.17904862],5.0,0.6,0.0,0.00627756924284871,0.30064021258944906,1.4832271010398486
5.169011831283569,1.1735646927204413,[1.18014111],5.0,0.6,0.0,-0.26994774837154606,0.25866101798093755,1.4913332163905377
5.177861452102661,1.1770818696217016,[1.18142938],5.0,0.6,0.0,-0.30333863455705523,0.26550931249146875,1.4961584754780537
5.186974287033081,1.1805990465229617,[1.18290404],5.0,0.6,0.0,-0.24855250183245864,0.2688072774552481,1.498891976201751
5.19601583480835,1.1843116221409582,[1.18456608],5.0,0.6,0.0,-0.17280010421457498,0.2920104070944179,1.4999648232521254
5.204450845718384,1.1876334003254816,[1.18641365],5.0,0.6,0.0,-0.10261592359781599,0.2538403533812015,1.4996946485442266
5.216169595718384,1.1927137669606351,[1.18843049],5.0,0.6,0.0,-0.04632831208953618,0.23881655626027185,1.4963358303771823
5.228406190872192,1.1974033361623153,[1.1906014],5.0,0.6,0.0,-0.004654102275608772,0.24171286128045225,1.4907894080115
5.236873388290405,1.2007251143468387,[1.19291267],5.0,0.6,0.0,0.02445234155539488,0.1936764147972176,1.4878669028026672
5.247235536575317,1.2046330886815722,[1.19534083],5.0,0.6,0.0,-0.2323500473652449,0.18772410849383708,1.4828388517295474
5.254897594451904,1.2077594681493586,[1.19785949],5.0,0.6,0.0,-0.25359606629002607,0.1355674127135768,1.4805410818000224
5.264621257781982,1.2114720437673556,[1.20043926],5.0,0.6,0.0,-0.19191303768498538,0.10516604619212508,1.4759220638133406
5.274219512939453,1.215966214252299,[1.20305067],5.0,0.6,0.0,-0.11294367475806663,0.07065418621753719,1.4671786457765457
5.284967660903931,1.2204603847372424,[1.20566816],5.0,0.6,0.0,-0.04205696703847093,0.03904327671013011,1.4571804672874824
5.294952630996704,1.2243683590719758,[1.2082687],5.0,0.6,0.0,0.013263334842062022,0.018053034027692413,1.4494808416697809
5.3069422245025635,1.2290579282736558,[1.2108354],5.0,0.6,0.0,-0.22313712301167246,0.022444869745489923,1.435708081524071
5.3159449100494385,1.2325751051749159,[1.21335616],5.0,0.6,0.0,-0.22983957335280514,-0.005564055152964817,1.4287497725439806
5.325937509536743,1.2360922820761762,[1.21581986],5.0,0.6,0.0,-0.43458608450850084,0.00016174622630904886,1.4209524567799368
5.3359901905059814,1.239609458977436,[1.2182206],5.0,0.6,0.0,-0.9350242727914344,0.010308572641015706,1.4119139624314574
5.3458757400512695,1.2429312371619592,[1.22055913],5.0,0.6,0.0,-1.4243716340621249,0.024041974350258954,1.4032369020834836
5.354383230209351,1.245471420479536,[1.22283994],5.0,0.6,0.0,-2.0761176504634413,0.043207238773658084,1.399436925853565
5.363255262374878,1.2482070025138494,[1.22507065],5.0,0.6,0.0,-2.6314108788949255,0.06173614964375104,1.3933454212144671
5.371960401535034,1.250747185831426,[1.22725697],5.0,0.6,0.0,-3.2946020253301658,0.04189918439596076,1.3874983752711678
5.383742094039917,1.253873565299213,[1.22940717],5.0,0.6,0.0,-4.103033118914528,0.10531736434524255,1.3747918421432557
5.392460823059082,1.2564137486167894,[1.23153507],5.0,0.6,0.0,-4.4793548105943035,0.07973344787590532,1.3688503995675214
5.401676416397095,1.2587585332176296,[1.23364986],5.0,0.6,0.0,-4.591283895714421,0.10365605670423357,1.3660881135617
5.409940242767334,1.2612987165352065,[1.23575641],5.0,0.6,0.0,-4.541716628601058,0.08134670041092776,1.3625509077618356
5.422854900360107,1.2648158934364664,[1.23786568],5.0,0.6,0.0,-4.119026357598103,0.13967255550859992,1.3523234149427594
5.431013107299805,1.2671606780373064,[1.23999363],5.0,0.6,0.0,-3.3310349548633704,0.11338126205684632,1.3545758967833248
5.44109582901001,1.26989626007162,[1.24214909],5.0,0.6,0.0,-2.2591241750936266,0.12962040658056787,1.3535034955245344
5.4522178173065186,1.2728272408226697,[1.24434653],5.0,0.6,0.0,-1.2723449139737426,0.163829217575749,1.3490418559531054
5.461966514587402,1.2755628228569833,[1.24661032],5.0,0.6,0.0,-0.20915956282544979,0.16226646520155483,1.3456175904890149
5.4716410636901855,1.2784938036080336,[1.2489551],5.0,0.6,0.0,0.6791332473476912,0.1598760884576178,1.3395277352052037
5.4832494258880615,1.28220637922603,[1.25139283],5.0,0.6,0.0,1.33418542642573,0.16238094972736256,1.3257227286959605
5.492476940155029,1.2849419612603434,[1.25393866],5.0,0.6,0.0,1.7736639831492527,0.1607999142586503,1.3227717293334926
5.499907970428467,1.28689594842771,[1.25659167],5.0,0.6,0.0,2.3149812995779944,0.1462288995137083,1.3282370128586762
5.511203050613403,1.2902177266122334,[1.25933725],5.0,0.6,0.0,2.4824222712367807,0.14621349922558832,1.3217969602946895
5.519935369491577,1.2927579099298105,[1.26216749],5.0,0.6,0.0,2.7439105676883164,0.14889871820708447,1.3237420225916388
5.529183626174927,1.2956888906808604,[1.26508003],5.0,0.6,0.0,2.953072399585065,0.14889459707241,1.3226784884484981
5.537941932678223,1.2984244727151737,[1.26806533],5.0,0.6,0.0,3.070207493039719,0.12311442431614843,1.3246889039803067
5.547210454940796,1.3011600547494875,[1.27111348],5.0,0.6,0.0,3.0986118190432244,0.15462588759624185,1.327706661119961
5.556061267852783,1.3038956367838006,[1.27422016],5.0,0.6,0.0,3.05586467415821,0.12893927149276685,1.331608330308677
5.5678935050964355,1.3076082124017971,[1.27737462],5.0,0.6,0.0,2.9616583370853933,0.12951011249903638,1.3264360010637066
5.577853202819824,1.3105391931528474,[1.28056594],5.0,0.6,0.0,2.8332414441269402,0.13152630732055468,1.3295982787886844
5.5868916511535645,1.313665572620634,[1.28378373],5.0,0.6,0.0,2.6842090645058345,0.10051415719344545,1.3311182956674465
5.5951855182647705,1.3162057559382108,[1.28701271],5.0,0.6,0.0,2.524644141533294,0.11130079907091171,1.338565763308483
5.603914976119995,1.3189413379725243,[1.29023909],5.0,0.6,0.0,2.085670985589306,0.08355535984745553,1.3448663062791348
5.623913288116455,1.3249986981913608,[1.29345503],5.0,0.6,0.0,1.89114358610947,0.11103965132289138,1.3168941915280419
5.638223648071289,1.3292974699595674,[1.29666216],5.0,0.6,0.0,1.5135558434003098,0.10119465034773008,1.3064435128013139
5.64774751663208,1.3324238494273544,[1.2998606],5.0,0.6,0.0,1.1306016711651905,0.09586311109690923,1.3079549451439099
5.6578590869903564,1.335550228895141,[1.3030444],5.0,0.6,0.0,0.805113581293446,0.08976449856822456,1.3090280574094872
5.667440891265869,1.3384812096461913,[1.30620739],5.0,0.6,0.0,0.5503109440428149,0.08390564912800393,1.3117219170975278
5.677531003952026,1.3414121903972414,[1.30934324],5.0,0.6,0.0,0.08403943260660218,0.07752228829564434,1.3140853754953987
5.685842514038086,1.3437569749980813,[1.31244203],5.0,0.6,0.0,-0.08670358265709527,0.044773881860447465,1.3219037633604047
5.694429874420166,1.3464925570323945,[1.31549117],5.0,0.6,0.0,-0.4048431659399332,0.04757711225459384,1.3250056791389375
5.701841592788696,1.348641942916498,[1.31847992],5.0,0.6,0.0,-0.42910144563121955,0.020776499138404556,1.3335064078063499
5.711345672607422,1.3513775249508115,[1.32140244],5.0,0.6,0.0,-0.6250100147557986,0.055643795039489075,1.335229128732968
5.719845533370972,1.3537223095516515,[1.32425702],5.0,0.6,0.0,-0.8314672287671935,0.02424538282352336,1.3400845840962834
5.729061841964722,1.3564578915859649,[1.32703908],5.0,0.6,0.0,-0.9921166290247283,0.025611393372834305,1.3403269570245173
5.737119436264038,1.3586072774700682,[1.32974448],5.0,0.6,0.0,-1.095587127656327,0.0269821082598136,1.345635096735088
5.744861364364624,1.3605612646374348,[1.33237011],5.0,0.6,0.0,-1.1478395796924925,0.0013872579307526772,1.3520607405242717
5.753864049911499,1.3629060492382747,[1.33491076],5.0,0.6,0.0,-1.4359361395603658,0.006446025293390073,1.353387601351395
5.762528657913208,1.3650554351223783,[1.33736501],5.0,0.6,0.0,-1.4519665624218399,0.008637685533459307,1.356260870463542
5.771816253662109,1.3672048210064816,[1.33973221],5.0,0.6,0.0,-1.6359606697530893,-0.015400137322838226,1.357903345669972
5.782897472381592,1.3695496056073215,[1.342012],5.0,0.6,0.0,-2.0954870347323933,0.01152881897494895,1.356018922892971
5.791899919509888,1.3713081940579517,[1.34420687],5.0,0.6,0.0,-2.5312789329115,-0.0133760039324738,1.3586365185103437
5.801061153411865,1.3730667825085818,[1.34631919],5.0,0.6,0.0,-3.1222908846106145,0.010190277600714068,1.3594743803136748
5.810213088989258,1.3744345735257386,[1.34835117],5.0,0.6,0.0,-3.6135239321050654,-0.013362369303744414,1.363156411538685
5.818968057632446,1.3756069658261585,[1.35030308],5.0,0.6,0.0,-3.935931606236392,-0.009657201173977146,1.368402949488368
5.826950550079346,1.376583959409842,[1.35217359],5.0,0.6,0.0,-4.647565592142377,-0.025069576998202565,1.3718308938190091
5.836857795715332,1.3775609529935253,[1.35396226],5.0,0.6,0.0,-5.0,-0.016673844063621976,1.3763311276885994
5.845848560333252,1.3785379465772085,[1.35567106],5.0,0.6,0.0,-4.862138817614277,-0.01114864798026056,1.3834118536911177
5.854833364486694,1.3791241427274186,[1.35730392],5.0,0.6,0.0,-4.7990117886522,-0.005820278763995785,1.3923155329503922
5.865529775619507,1.3801011363111018,[1.35886606],5.0,0.6,0.0,-4.990393510810172,0.012080859498574546,1.395562425491221
5.872880220413208,1.380687332461312,[1.36036222],5.0,0.6,0.0,-4.615403082131701,-0.005361765159532414,1.4050906702054347
5.881829738616943,1.3810781298947854,[1.36179363],5.0,0.6,0.0,-4.073904165347249,-0.001171594965251146,1.416117194629911
5.890164375305176,1.3814689273282585,[1.3631617],5.0,0.6,0.0,-3.532787459597512,0.0022103242156852566,1.4259614845640722
5.899098873138428,1.3816643260449955,[1.36446939],5.0,0.6,0.0,-3.052212550378293,0.005839459794402481,1.43569429961111
5.909734725952148,1.3820551234784686,[1.36571957],5.0,0.6,0.0,-2.9218531414676487,0.008165748273978465,1.441714225338011
5.918704986572266,1.3820551234784686,[1.36691492],5.0,0.6,0.0,-2.89396917365178,0.012128526029450672,1.4489941926899355
5.9301252365112305,1.3822505221952053,[1.36805802],5.0,0.6,0.0,-2.3175759023122753,0.014648412175411263,1.4565329171580443
5.9390788078308105,1.3822505221952053,[1.36915132],5.0,0.6,0.0,-1.922304805643588,0.017880205640697425,1.4635211809667261
5.948858261108398,1.3822505221952053,[1.37019716],5.0,0.6,0.0,-1.3613505402395671,0.020824676136614824,1.4699837093682466
5.957876205444336,1.3824459209119417,[1.37119776],5.0,0.6,0.0,-0.8372913984466477,0.022563805083580565,1.4744916433303934
5.967339277267456,1.3824459209119417,[1.37215618],5.0,0.6,0.0,0.13744049274158687,0.03496273830797358,1.479032814541355
5.974793195724487,1.3826413196286786,[1.37307524],5.0,0.6,0.0,1.0704406639964223,0.022995472548150483,1.4810122611905263
5.9848761558532715,1.3828367183454155,[1.37395565],5.0,0.6,0.0,1.799887900926313,0.024632209033716046,1.4819433412630414
5.993907928466797,1.383032117062152,[1.37479819],5.0,0.6,0.0,2.303597463175828,0.02604725007619595,1.4825973602098683
6.003803253173828,1.383032117062152,[1.37560468],5.0,0.6,0.0,2.8873098674713855,0.027989224195805126,1.4828599075674775
6.014023303985596,1.383032117062152,[1.37637687],5.0,0.6,0.0,3.6272684713586343,0.02947778377869212,1.4814818372330827
6.023196220397949,1.383032117062152,[1.37711642],5.0,0.6,0.0,3.9573806354408543,0.030857934694832223,1.4815022445218373
6.032247304916382,1.3832275157788887,[1.3778249],5.0,0.6,0.0,4.045312367104964,0.031182004617540258,1.4821447709997067
6.040969371795654,1.3834229144956252,[1.37850312],5.0,0.6,0.0,3.9900112221089854,0.0237705287777173,1.4834591722711377
6.049860715866089,1.3836183132123618,[1.37915126],5.0,0.6,0.0,3.851216173712385,0.026396476599253326,1.485097195975202
6.061518907546997,1.3838137119290987,[1.37977103],5.0,0.6,0.0,3.941730913210273,0.035174522155671864,1.4853034921138146
6.070367813110352,1.3842045093625719,[1.3803654],5.0,0.6,0.0,3.7655464732683774,0.033055689031936626,1.4866121054528894
6.079041242599487,1.3842045093625719,[1.3809363],5.0,0.6,0.0,3.49177338345662,0.0331541268379078,1.4888718297645047
6.087237119674683,1.3845953067960453,[1.38148481],5.0,0.6,0.0,3.4727307145281965,0.031351808087073815,1.4891695859884735
6.0981504917144775,1.384790705512782,[1.38201196],5.0,0.6,0.0,3.2216182199675885,0.030736473519146504,1.4907902933091468
6.107342004776001,1.384790705512782,[1.38251871],5.0,0.6,0.0,2.904831196880326,0.031246551500850275,1.4927261471782036
6.116229295730591,1.3851815029462553,[1.38300597],5.0,0.6,0.0,2.8682668953101818,0.029679419428139793,1.4929670631469156
6.124830722808838,1.385376901662992,[1.3834741],5.0,0.6,0.0,2.6184239649444665,0.023786803591769518,1.4941983739099882
6.134964942932129,1.3857676990964651,[1.38392302],5.0,0.6,0.0,2.591992744975408,0.024043603441453787,1.4943433917910531
6.144801378250122,1.386158496529939,[1.3843533],5.0,0.6,0.0,2.335379754929809,0.02388219677398612,1.4953049419655284
6.154841423034668,1.3863538952466754,[1.38476646],5.0,0.6,0.0,2.0253801459690703,0.029157828112249883,1.4964517872035372
6.162923097610474,1.386549293963412,[1.38516387],5.0,0.6,0.0,1.7327854096685726,0.023100241517393823,1.497386084193368
6.1725335121154785,1.3869400913968852,[1.38554586],5.0,0.6,0.0,1.7566329770244162,0.02236008313192819,1.4973195288174033
6.182022333145142,1.3871354901136221,[1.3859128],5.0,0.6,0.0,1.5807259729570247,0.022425139931913845,1.4978444770964339
6.192819118499756,1.3875262875470953,[1.38626549],5.0,0.6,0.0,1.3549516159886714,0.02137313881309191,1.4983173539025711
6.2018866539001465,1.3879170849805686,[1.38660467],5.0,0.6,0.0,1.1397576798183304,0.020202307528788856,1.4986894971286946
6.209829330444336,1.3881124836973056,[1.38693068],5.0,0.6,0.0,0.9551803948594937,0.01595819596509651,1.4990420007653338
6.222967624664307,1.3886986798475154,[1.38724385],5.0,0.6,0.0,1.0801075506733095,0.01853148166839985,1.4987090973650772
6.2318127155303955,1.3890894772809885,[1.38754491],5.0,0.6,0.0,0.9919593265245341,0.013089909761704295,1.498791034726284
6.242426872253418,1.3892848759977254,[1.38783452],5.0,0.6,0.0,0.840045480697776,0.0169495583742575,1.4990543497714495
6.2546916007995605,1.3896756734311988,[1.38811388],5.0,0.6,0.0,0.6863821896294199,0.018238973237973525,1.499161697515973
6.263175010681152,1.3900664708646722,[1.38838433],5.0,0.6,0.0,0.5531150162207,0.015274832417948081,1.4992065524975953
6.271595001220703,1.3902618695814086,[1.3886461],5.0,0.6,0.0,0.4450987754513932,0.010626463286316888,1.499330541314183
6.280267238616943,1.3904572682981455,[1.38889883],5.0,0.6,0.0,0.36039523543272756,0.010309788933305575,1.4994176973802569
6.288145542144775,1.3906526670148822,[1.38914229],5.0,0.6,0.0,0.294967314834125,0.007076832604873866,1.499479092669758
6.297096252441406,1.3910434644483554,[1.38937634],5.0,0.6,0.0,0.2446378408245073,0.006573975302041935,1.4993997444770297
6.3048694133758545,1.3912388631650918,[1.38960095],5.0,0.6,0.0,0.2057970125884736,0.004011535167132369,1.4994320664007406
6.3141679763793945,1.3916296605985656,[1.38981617],5.0,0.6,0.0,0.17556572150531835,0.003801928546890208,1.4993195220411366
6.321996450424194,1.3918250593153023,[1.39002234],5.0,0.6,0.0,0.15174385803312995,0.004133255623180756,1.4993331124852358
6.329971075057983,1.3920204580320388,[1.39021984],5.0,0.6,0.0,-0.14334730166369578,0.0018859779801341057,1.4993364656029076
6.338757276535034,1.3922158567487755,[1.39040879],5.0,0.6,0.0,-0.19196132710381286,0.0025412601307316907,1.499319685546164
6.347992897033691,1.3922158567487755,[1.39058961],5.0,0.6,0.0,-0.4257078742330723,0.003944670830210862,1.4993363142025493
6.35782265663147,1.392411255465512,[1.39076289],5.0,0.6,0.0,-0.39350839522220493,0.0038860976376708235,1.4993414668588845
6.365858554840088,1.392411255465512,[1.39092917],5.0,0.6,0.0,-0.553108455742304,0.004803164057860717,1.4993330972609709
6.374296426773071,1.3926066541822488,[1.39108893],5.0,0.6,0.0,-0.46146829534495487,0.004402589636103988,1.49938091235729
6.3828208446502686,1.3926066541822488,[1.39124243],5.0,0.6,0.0,-0.5768411544222313,0.0031053061301993777,1.4993802145921484
6.390892505645752,1.3928020528989855,[1.39138974],5.0,0.6,0.0,-0.7300292686925887,0.003359815558913279,1.4992045876971765
6.402223825454712,1.3928020528989855,[1.39153128],5.0,0.6,0.0,-0.8575278021994306,0.0061951856900398635,1.4991299818616717
6.412799835205078,1.3928020528989855,[1.39166763],5.0,0.6,0.0,-0.9422392357077365,0.004783973943544459,1.4990821982527078
6.421141147613525,1.3928020528989855,[1.39179897],5.0,0.6,0.0,-0.709732820142763,0.0054835998983914745,1.499423954027354
6.42879843711853,1.3928020528989855,[1.39192529],5.0,0.6,0.0,-0.6867800419704988,0.004570038883730535,1.499495282463285
6.438196897506714,1.392997451615722,[1.39204664],5.0,0.6,0.0,-0.45138484270909196,0.004607637329097924,1.499667561670878
6.447686672210693,1.392997451615722,[1.39216325],5.0,0.6,0.0,-0.1868916536041425,0.005355796975616659,1.4998348312608527
6.456207752227783,1.392997451615722,[1.39227546],5.0,0.6,0.0,-0.2370782775349422,0.006039148896645841,1.499853914107851
6.464872598648071,1.392997451615722,[1.39238359],5.0,0.6,0.0,-0.10017304370730004,0.0065061244453337615,1.499917168581204
6.47280478477478,1.3931928503324589,[1.39248778],5.0,0.6,0.0,0.0721658504157928,0.004542445871502424,1.4998967044618592
6.481835126876831,1.3931928503324589,[1.39258805],5.0,0.6,0.0,0.22230400306564682,0.005195910356753071,1.4998900604606455
6.490284204483032,1.3931928503324589,[1.39268456],5.0,0.6,0.0,0.3340996199208563,0.005756338124459673,1.4998652436313153
6.499797582626343,1.3931928503324589,[1.39277757],5.0,0.6,0.0,0.4082985776086504,0.006137240191367665,1.4998414264365265
6.50784707069397,1.3931928503324589,[1.39286722],5.0,0.6,0.0,0.4513940261525521,0.005236946784028426,1.4998271390956144
6.516268730163574,1.3931928503324589,[1.39295352],5.0,0.6,0.0,0.4708692812149482,0.005849358372261979,1.499823524172013
6.5248987674713135,1.3931928503324589,[1.3930365],5.0,0.6,0.0,0.4733881041398662,0.005195511233304003,1.4998283213783201
6.534247159957886,1.3931928503324589,[1.39311622],5.0,0.6,0.0,0.4642877223111018,0.005921384881247102,1.4998383861610916
6.54310154914856,1.3931928503324589,[1.39319286],5.0,0.6,0.0,0.17156521675270384,0.006638662865610709,1.499978089330591
6.551881790161133,1.3933882490491956,[1.39326665],5.0,0.6,0.0,0.11711324048710792,0.0061137573675537835,1.4999868332001522
6.559858083724976,1.3931928503324589,[1.39333775],5.0,0.6,0.0,0.14832489125841186,0.0064356772297970355,1.4999794242650542
6.569668531417847,1.3933882490491956,[1.39340616],5.0,0.6,0.0,0.1994101175939483,0.006007990608027538,1.49997033604399
6.582763195037842,1.3933882490491956,[1.39347211],5.0,0.6,0.0,0.24479552084628908,0.007267085546195175,1.4999539873201941
6.593322277069092,1.3933882490491956,[1.3935358],5.0,0.6,0.0,0.27678480819773954,0.005878285744885582,1.499938620428411
6.60180926322937,1.3933882490491956,[1.39359697],5.0,0.6,0.0,0.29506116393395637,0.003579363281281931,1.4999264832130703
6.612017631530762,1.3933882490491956,[1.39365447],5.0,0.6,0.0,0.3019087141329787,-0.0031500113001369017,1.4999179785983408
6.621108293533325,1.3933882490491956,[1.39370567],5.0,0.6,0.0,0.30015224984161387,-0.015108557620245735,1.499912788873143
6.631237983703613,1.3933882490491956,[1.39374581],5.0,0.6,0.0,0.2923571941016052,-0.03259679961341354,1.4999108083898474
6.639826536178589,1.3931928503324589,[1.39376935],5.0,0.6,0.0,0.28059048617651483,-0.03655260656662458,1.4998749271554874
6.651526212692261,1.3931928503324589,[1.39376819],5.0,0.6,0.0,0.26641349491947797,-0.08513619523435074,1.4998809668201183
6.66185188293457,1.3931928503324589,[1.39372886],5.0,0.6,0.0,0.25095705882935687,-0.11101311062561331,1.4998956599213233
6.673315763473511,1.392997451615722,[1.39363412],5.0,0.6,0.0,0.23501387965415355,-0.1648199315057539,1.4998778220918032
6.683766603469849,1.3928020528989855,[1.39346568],5.0,0.6,0.0,-0.05691535298568817,-0.17965151644483338,1.4999095131162736
6.692384481430054,1.392411255465512,[1.3932095],5.0,0.6,0.0,-0.3815625564037451,-0.19162257471484404,1.4997642026596756
6.699790954589844,1.3920204580320388,[1.3928597],5.0,0.6,0.0,-0.650483227086112,-0.17011085947245724,1.4995442670537098
6.708120822906494,1.3916296605985656,[1.39241524],5.0,0.6,0.0,-1.1185975877515846,-0.18662010362566903,1.4989460071975917
6.716797113418579,1.3908480657316187,[1.39187635],5.0,0.6,0.0,-1.5484874170121579,-0.1649392318511745,1.4980067969725648
6.725830316543579,1.3902618695814086,[1.39124454],5.0,0.6,0.0,-1.8658080305966995,-0.18123360427244795,1.4972221571793434
6.736424922943115,1.3892848759977254,[1.3905192],5.0,0.6,0.0,-2.6162774631426973,-0.19024228990034378,1.4946258566889195
6.744766473770142,1.3881124836973056,[1.3897011],5.0,0.6,0.0,-3.056197933974152,-0.16511847007325023,1.4925905507386403
6.753767967224121,1.3871354901136221,[1.38879512],5.0,0.6,0.0,-3.551900734146537,-0.1805707304913473,1.4901455715082
6.763796091079712,1.3859630978132023,[1.38780231],5.0,0.6,0.0,-3.9287591035241913,-0.19410122926779294,1.4879647669031808
6.7735748291015625,1.3845953067960453,[1.3867198],5.0,0.6,0.0,-4.148601366761899,-0.2066170037707737,1.4864486663219028
6.783787727355957,1.383032117062152,[1.38554419],5.0,0.6,0.0,-4.226331197406232,-0.21863418673122129,1.4856175385971455
6.794285297393799,1.3814689273282585,[1.38427151],5.0,0.6,0.0,-4.1928161825642025,-0.2307793395457049,1.4855137654531825
6.803954839706421,1.3797103388776286,[1.38289719],5.0,0.6,0.0,-4.079534386104783,-0.24199129082153803,1.4857343147254878
6.814889430999756,1.3779517504269985,[1.38141623],5.0,0.6,0.0,-3.9131368146585883,-0.25301272587842455,1.4863325608588895
6.822941064834595,1.3763885606931052,[1.37982328],5.0,0.6,0.0,-3.4382555007868536,-0.26461759641055227,1.4889202980302734
6.831130266189575,1.3748253709592118,[1.37811862],5.0,0.6,0.0,-2.9130108054802797,-0.23985637239491092,1.491556278708838
6.841245889663696,1.3724805863583718,[1.37630759],5.0,0.6,0.0,-2.7124278234728587,-0.2585374659270843,1.491628223368585
6.852639198303223,1.3697450043240584,[1.37438839],5.0,0.6,0.0,-2.8979859055261716,-0.27046477511875344,1.4894842779484532
6.862483978271484,1.3674002197232182,[1.37235264],5.0,0.6,0.0,-2.8618111840719127,-0.28093126689637843,1.4890471207442055
6.8707897663116455,1.3650554351223783,[1.37019885],5.0,0.6,0.0,-2.726769962755669,-0.2591149513317897,1.4892187312761433
6.878936529159546,1.362710650521538,[1.36793155],5.0,0.6,0.0,-2.5528303209808914,-0.27867788948096806,1.4897355071680982
6.888554334640503,1.3597796697704883,[1.36554642],5.0,0.6,0.0,-2.368779955903893,-0.2870900803870363,1.489211475213352
6.897771596908569,1.357044087736175,[1.36303945],5.0,0.6,0.0,-2.4640565074960454,-0.2708888029484253,1.4883375902614504
6.907328128814697,1.353917708268388,[1.36040578],5.0,0.6,0.0,-2.325566743684525,-0.2812324527956319,1.487606579169428
6.917287588119507,1.3507913288006015,[1.3576236],5.0,0.6,0.0,-2.110210480512997,-0.27184107537477403,1.4874036268796484
6.926785945892334,1.347469550616078,[1.35468248],5.0,0.6,0.0,-2.1617367284626487,-0.2809372087479669,1.486182078176266
6.93575382232666,1.3443431711482912,[1.35159027],5.0,0.6,0.0,-2.2634683171413705,-0.2737703952454968,1.485751619235522
6.944779634475708,1.3410213929637678,[1.3483441],5.0,0.6,0.0,-2.0588370442014945,-0.25853165232642183,1.4861874537714403
6.953776121139526,1.337504216062508,[1.34493318],5.0,0.6,0.0,-1.493692467469923,-0.24398506525487965,1.4873646918713752
6.9645631313323975,1.3334008430110378,[1.34134327],5.0,0.6,0.0,-1.7300308459227711,-0.17294637574286453,1.4852397937485309
6.974786758422852,1.3291020712428308,[1.33755392],5.0,0.6,0.0,-1.6067053545305694,-0.1779609588819485,1.4838968400751675
6.982776641845703,1.325975691775044,[1.33356661],5.0,0.6,0.0,-1.0956811164797244,-0.25360374741305214,1.4876488645184465
6.993340492248535,1.3216769200068375,[1.32941594],5.0,0.6,0.0,-0.8198026735154269,-0.268268221031309,1.4875929165346824
7.002431869506836,1.3179643443888407,[1.32514115],5.0,0.6,0.0,-0.11014372929260696,-0.273067454558141,1.489742537749043
7.014071464538574,1.3134701739038972,[1.3207777],5.0,0.6,0.0,0.05360234232723232,-0.2599442060456752,1.4893747163596258
7.02479887008667,1.3089760034189541,[1.31636381],5.0,0.6,0.0,0.561886206610641,-0.2351864352787388,1.488908463771208
7.034470081329346,1.3050680290842205,[1.31193856],5.0,0.6,0.0,1.3538330311171747,-0.20582339268382938,1.489241061331516
7.041794776916504,1.3021370483331705,[1.30754215],5.0,0.6,0.0,2.070403435785881,-0.16114702368484238,1.4909932490294215
7.049808025360107,1.2986198714319104,[1.30321408],5.0,0.6,0.0,2.87774777482903,-0.13563676147090853,1.4896606861822053
7.059569597244263,1.2947118970971772,[1.29898738],5.0,0.6,0.0,3.2503545633459243,-0.11316109206626548,1.4885478119817268
7.0698535442352295,1.2908039227624437,[1.29489016],5.0,0.6,0.0,3.6492146756937123,-0.07170674801587525,1.4868507184985684
7.0791051387786865,1.28689594842771,[1.29095076],5.0,0.6,0.0,3.9369543608606,-0.0288982598885097,1.4853112843734217
7.0877697467803955,1.2835741702431867,[1.28719605],5.0,0.6,0.0,4.086999275963238,0.0031344034042875236,1.4850990317507744
7.096768140792847,1.2796661959084534,[1.28364941],5.0,0.6,0.0,4.1151539499240855,0.04445890107931045,1.4843833639890667
7.107769250869751,1.2751720254235102,[1.2803322],5.0,0.6,0.0,4.325367090464353,0.09087437377553122,1.4809539989037546
7.118210792541504,1.2716548485222499,[1.27726693],5.0,0.6,0.0,4.502358155454921,0.16111372125270423,1.4788562184749863
7.1267523765563965,1.2687238677711998,[1.27447399],5.0,0.6,0.0,4.8570334715835735,0.166240578822696,1.4761528532630814
7.138387203216553,1.2652066908699398,[1.27196994],5.0,0.6,0.0,5.0,0.2446457551101191,1.4726254716737572
7.145744800567627,1.2630573049858367,[1.26976912],5.0,0.6,0.0,5.0,0.23484405949267798,1.4727628309642191
7.153797388076782,1.2609079191017332,[1.26787891],5.0,0.6,0.0,5.0,0.2692328473577168,1.4720601873463344
7.162816286087036,1.2587585332176296,[1.26630487],5.0,0.6,0.0,5.0,0.2993708114773114,1.4704072414682927
7.17105507850647,1.2569999447669995,[1.26505409],5.0,0.6,0.0,5.0,0.3238029600365076,1.4688420098688457
7.178821325302124,1.2554367550331063,[1.26412585],5.0,0.6,0.0,5.0,0.3062647859745121,1.4667454230400456
7.186746597290039,1.2540689640159497,[1.263507],5.0,0.6,0.0,5.0,0.29445739751471733,1.46407451919351
7.194772481918335,1.2528965717155296,[1.26318351],5.0,0.6,0.0,5.0,0.33077489502626417,1.4607902218973021
7.20276951789856,1.2519195781318462,[1.26315103],5.0,0.6,0.0,5.0,0.3570987180085697,1.4568185549458113
7.211793422698975,1.2511379832648997,[1.26340289],5.0,0.6,0.0,5.0,0.3397142723366461,1.452094561822498
7.220643043518066,1.250356388397953,[1.26392515],5.0,0.6,0.0,5.0,0.36835047229093526,1.4455794933964154
7.229129314422607,1.2499655909644793,[1.26470876],5.0,0.6,0.0,5.0,0.38784187412654464,1.4391912461916254
7.238062143325806,1.2495747935310062,[1.26574871],5.0,0.6,0.0,5.0,0.4028003041234015,1.430758028884538
7.246156692504883,1.2495747935310062,[1.26703777],5.0,0.6,0.0,5.0,0.4134537344254488,1.4225636885125632
7.255072832107544,1.2497701922477427,[1.2685666],5.0,0.6,0.0,5.0,0.42163990285818254,1.4135098018659558
7.262828350067139,1.2501609896812165,[1.27031836],5.0,0.6,0.0,5.0,0.40111302569559515,1.403682420368983
7.272913932800293,1.250747185831426,[1.27226993],5.0,0.6,0.0,5.0,0.4162363244890326,1.3932484176566182
7.281925201416016,1.2515287806983728,[1.2744044],5.0,0.6,0.0,5.0,0.4268534064727843,1.3823638338216162
7.291801929473877,1.252701172998793,[1.27670468],5.0,0.6,0.0,5.0,0.40330997911496114,1.3728899834150985
7.300822496414185,1.253873565299213,[1.27914805],5.0,0.6,0.0,5.0,0.4189944553391121,1.3617967092879406
7.3091607093811035,1.2550459575996329,[1.2817181],5.0,0.6,0.0,4.746517498585554,0.4299251573102437,1.3508850592017372
7.317742824554443,1.2564137486167894,[1.28439852],5.0,0.6,0.0,4.263018505934106,0.40497298540952886,1.341673974935076
7.328643560409546,1.2583677357841563,[1.28717077],5.0,0.6,0.0,4.2982395089942695,0.4352488494585095,1.33354622024356
7.337937831878662,1.2605171216682596,[1.290021],5.0,0.6,0.0,3.8901407666268746,0.4113287791817137,1.3290772404602604
7.347333192825317,1.262666507552363,[1.29292621],5.0,0.6,0.0,3.094111778403393,0.3625712137938774,1.3255839702738652
7.356203079223633,1.265011292153203,[1.29584718],5.0,0.6,0.0,2.563323777114544,0.27596449405932294,1.3219509292867921
7.36374568939209,1.26696527932057,[1.29873695],5.0,0.6,0.0,2.1880332085381418,0.20189584087049248,1.3136354940210206
7.375338077545166,1.2700916587883566,[1.30153382],5.0,0.6,0.0,1.6318232631435443,-0.028989237853006763,1.318619721233714
7.3828349113464355,1.2720456459557232,[1.30416305],5.0,0.6,0.0,0.8274169292020598,-0.07786232654918715,1.3130750489707508
7.394352197647095,1.2747812279900368,[1.30653451],5.0,0.6,0.0,0.36203791812560576,-0.15431928530234715,1.317279985988769
7.403961181640625,1.2771260125908765,[1.3085246],5.0,0.6,0.0,-0.7382118169373322,-0.11198540508535783,1.320642017218317
7.411787748336792,1.2784938036080336,[1.31002515],5.0,0.6,0.0,-2.377060653016068,-0.10749406182803287,1.3154883134343422
7.420644283294678,1.27986159462519,[1.31095827],5.0,0.6,0.0,-4.401509112288097,-0.2011081563908184,1.3099361856994791
7.430156230926514,1.2812293856423467,[1.31121679],5.0,0.6,0.0,-5.0,-0.2972398879114998,1.3171284638542808
7.438251972198486,1.28220637922603,[1.31066741],5.0,0.6,0.0,-5.0,-0.39246559211896087,1.3321681159863088
7.44873571395874,1.2829879740929768,[1.30917876],5.0,0.6,0.0,-5.0,-0.48714886279437486,1.3535353642929022
7.456740379333496,1.2831833728097135,[1.30666524],5.0,0.6,0.0,-5.0,-0.4467058325787008,1.3773157544828631
7.467761993408203,1.2827925753762401,[1.30308626],5.0,0.6,0.0,-5.0,-0.5645056480393963,1.4026662166463566
7.476773262023926,1.28220637922603,[1.29836478],5.0,0.6,0.0,-5.0,-0.6738352032842165,1.4308532719490636
7.4868388175964355,1.2808385882088735,[1.29239347],5.0,0.6,0.0,-5.0,-0.7727642671690482,1.4553823776657087
7.494864463806152,1.2794707971917167,[1.28512829],5.0,0.6,0.0,-5.0,-0.7099590866736246,1.4753510519098794
7.50382924079895,1.2775168100243501,[1.27658352],5.0,0.6,0.0,-5.0,-0.8380493317613475,1.48155787081055
7.5133726596832275,1.2747812279900368,[1.26673143],5.0,0.6,0.0,-5.0,-0.9493962660942632,1.4688558320807452
7.522615671157837,1.2718502472389868,[1.25550996],5.0,0.6,0.0,-5.0,-1.049147940096887,1.429731850411591
7.530786991119385,1.2685284690544634,[1.24292785],5.0,0.6,0.0,-5.0,-0.9726803867076175,1.3588811251002713
7.538844108581543,1.2654020895866764,[1.22905633],5.0,0.6,0.0,-5.0,-1.1064993364702465,1.2495498522056563
7.54884147644043,1.2611033178184698,[1.21391967],5.0,0.6,0.0,-5.0,-1.2186804802186557,1.1223901822196949
7.5587544441223145,1.2569999447669995,[1.19750358],5.0,0.6,0.0,-5.0,-1.3195247811510844,0.9743785098455157
7.5675129890441895,1.2534827678657396,[1.1798135],5.0,0.6,0.0,-5.0,-1.4152729631648682,0.8194878662658944
7.5787434577941895,1.2487931986640595,[1.16087332],5.0,0.6,0.0,-5.0,-1.49986520833258,0.6948347999542421
7.589158296585083,1.2446898256125896,[1.14072384],5.0,0.6,0.0,-5.0,-1.5843099637805982,0.5968514694442894
7.598224878311157,1.240781851277856,[1.11942108],5.0,0.6,0.0,-4.747391567602975,-1.6682296202832172,0.5360671776177512
7.606717348098755,1.237264674376596,[1.09708131],5.0,0.6,0.0,-2.601734447209713,-1.598832605486634,0.5146247127835132
7.6169822216033936,1.233161301325126,[1.0738245],5.0,0.6,0.0,0.053068670888806624,-1.8798747367018445,0.506232486846555
7.625746726989746,1.2294487257071294,[1.04972393],5.0,0.6,0.0,2.6428057434377012,-1.8053227971339325,0.4963922131563288
7.63566780090332,1.2253453526556592,[1.0249055],5.0,0.6,0.0,4.687827836614105,-1.9244832294148755,0.4842298198011185
7.64574122428894,1.2208511821707155,[0.99949521],5.0,0.6,0.0,5.0,-2.0323002989400636,0.48178753075467445
7.653748989105225,1.2175294039861924,[0.97357273],5.0,0.6,0.0,5.0,-2.1376354150014443,0.481738832378233
7.6627514362335205,1.213621429651459,[0.94722365],5.0,0.6,0.0,5.0,-2.2347948175374,0.4817327473237648
7.672613143920898,1.2095180565999888,[0.92053772],5.0,0.6,0.0,5.0,-2.327174927646961,0.4817321178996353
7.6815268993377686,1.2060008796987287,[0.89360722],5.0,0.6,0.0,5.0,-2.4193562587417676,0.48173206546171415
7.692749738693237,1.2011159117803119,[0.86652565],5.0,0.6,0.0,5.0,-2.5028986593468288,0.48173206231277416
7.703754186630249,1.1970125387288422,[0.83938623],5.0,0.6,0.0,5.0,-2.5889174960140795,0.48173206213171665
7.714843988418579,1.1923229695271618,[0.81228044],5.0,0.6,0.0,5.0,-2.6708263842669218,0.48173206212422043
7.724848031997681,1.1880241977589552,[0.78529696],5.0,0.6,0.0,5.0,-2.7534084451765892,0.48173206212394365
7.732719898223877,1.1847024195744316,[0.75854965],5.0,0.6,0.0,5.0,-2.744074967316857,0.48173206212393566
7.743118047714233,1.1807944452396981,[0.73214275],5.0,0.6,0.0,5.0,-2.9497076493557257,0.4817320621239355
7.753857374191284,1.1763002747547546,[0.70611273],5.0,0.6,0.0,5.0,-3.020122108475155,0.4817320621239355
7.763934135437012,1.1723923004200216,[0.68049589],5.0,0.6,0.0,5.0,-3.093314741518942,0.4817320621239355
7.771709203720093,1.169070522235498,[0.65538053],5.0,0.6,0.0,4.69241322716861,-3.090305922298386,0.48387498215712615
7.784062623977661,1.163794756883608,[0.63084428],5.0,0.6,0.0,4.422327869776792,-3.2586579992530735,0.48565167076874677
7.7924864292144775,1.1598867825488746,[0.60692805],5.0,0.6,0.0,4.162566251623611,-3.2521359422029694,0.4872667455094224
7.803124904632568,1.155588010780668,[0.58368784],5.0,0.6,0.0,3.9055327899347922,-3.3391877211727983,0.48877347375690283
7.812347888946533,1.1516800364459343,[0.56117076],5.0,0.6,0.0,3.651347758869315,-3.4209568322148782,0.4901732478923844
7.824717283248901,1.146599669810781,[0.53939246],5.0,0.6,0.0,3.4025589052604737,-3.4901996025464324,0.4914556209299257
7.834140300750732,1.1428870941927842,[0.51834614],5.0,0.6,0.0,3.161946796115237,-3.6205927362200545,0.49261266852094027
7.845383167266846,1.1381975249911043,[0.49800645],5.0,0.6,0.0,2.9317405378715122,-3.6621674521133865,0.4936425639499446
7.854061126708984,1.1348757468065809,[0.47836909],5.0,0.6,0.0,2.7134432662298362,-3.7125285551695457,0.49454907713277957
7.8624584674835205,1.1313585699053208,[0.45944628],5.0,0.6,0.0,2.5078958506912468,-3.762759540770068,0.4953399141669067
7.873876333236694,1.1266690007036406,[0.44123024],5.0,0.6,0.0,2.315413147561897,-3.855642701094436,0.49602505044980383
7.8843042850494385,1.1219794315019607,[0.42369672],5.0,0.6,0.0,2.1359240376521904,-3.8829847316694783,0.49661542441938256
7.894099712371826,1.1182668558839637,[0.40683751],5.0,0.6,0.0,1.6930523475114718,-3.918427056127039,0.4978707772723459
7.90196967124939,1.1149450776994405,[0.39067006],5.0,0.6,0.0,1.505238819171686,-3.914716000747809,0.4983162205258018
7.91120171546936,1.1112325020814438,[0.37521696],5.0,0.6,0.0,1.4171757234862647,-3.967288813852722,0.49850718855528964
7.919092178344727,1.1079107238969204,[0.36052935],5.0,0.6,0.0,1.3609581466139518,-4.019822354881604,0.4986231153639185
7.926806211471558,1.10439354699566,[0.34669883],5.0,0.6,0.0,1.309344668645874,-4.053782807166019,0.4987254393087862
7.936934947967529,1.0998993765107168,[0.33375626],5.0,0.6,0.0,0.9772697756364181,-4.1325395080826794,0.49928956084748866
7.946906328201294,1.0957960034592467,[0.32165947],5.0,0.6,0.0,0.8822916590265318,-4.176243657318276,0.4994208655683952
7.956866979598999,1.0918880291245132,[0.31037447],5.0,0.6,0.0,0.8711170466647806,-4.211573679934363,0.499435434419799
7.96593165397644,1.0881754535065165,[0.29987673],5.0,0.6,0.0,1.154635294138493,-4.241608843135874,0.4990085623655222
7.976055383682251,1.084267479171783,[0.29013636],5.0,0.6,0.0,0.9132438325720849,-4.264391098978381,0.4993795445960139
7.986841201782227,1.079577909970103,[0.28112119],5.0,0.6,0.0,0.8137752560802237,-4.278384649717681,0.49950727844463305
7.995283126831055,1.0758653343521063,[0.27279673],5.0,0.6,0.0,1.0451779347216041,-4.293227575610237,0.4991874800589338
8.003809690475464,1.0723481574508462,[0.26513108],5.0,0.6,0.0,1.0505741536786002,-4.277738495650468,0.4991790752824133
8.01272702217102,1.0686355818328495,[0.25809072],5.0,0.6,0.0,0.969564121171238,-4.318264483878514,0.49930071232560974
8.022332906723022,1.064727607498116,[0.25163248],5.0,0.6,0.0,0.5884500527360513,-4.318572368511039,0.49974230028042715
8.02970004081726,1.0617966267470662,[0.24571789],5.0,0.6,0.0,0.45209111678062697,-4.293223045029918,0.4998478778172515
8.038687944412231,1.0580840511290694,[0.24032063],5.0,0.6,0.0,0.4150264379138595,-4.267325234582974,0.49987179572212137
8.048010349273682,1.053980678077599,[0.23540975],5.0,0.6,0.0,0.4119964815593853,-4.300704881530238,0.4998736605984332
8.058887720108032,1.0490957101591825,[0.23089511],5.0,0.6,0.0,0.4155574397825209,-4.31882060621718,0.4998714674948156
8.069746255874634,1.0447969383909759,[0.2266449],5.0,0.6,0.0,0.4155774011598305,-4.351911507697629,0.4998714551479419
8.084530591964722,1.0391303756056123,[0.22257891],5.0,0.6,0.0,0.40946644007718397,-4.316860211783538,0.49987520732378415
8.095373153686523,1.034636205120669,[0.21865691],5.0,0.6,0.0,0.39762880728718497,-4.358744663465922,0.49988231767430436
8.107300996780396,1.0295558384855157,[0.21484271],5.0,0.6,0.0,0.3814247907500887,-4.349070022242671,0.4998917127123322
8.116810321807861,1.0258432628675187,[0.21111004],5.0,0.6,0.0,0.36231646429948783,-4.375350856117667,0.49990228969340167
8.125956535339355,1.0223260859662586,[0.20744591],5.0,0.6,0.0,0.6175940941894449,-4.380130232813772,0.4997161495152726
8.135029792785645,1.0182227129147887,[0.20385268],5.0,0.6,0.0,0.6292717635329368,-4.353066885864437,0.49970531695146986
8.145272731781006,1.0141193398633186,[0.20033888],5.0,0.6,0.0,0.27670186756416526,-4.33712400654328,0.4999430090227553
8.153887748718262,1.0102113655285851,[0.19690899],5.0,0.6,0.0,0.42258883274560416,-4.319465502196143,0.4998670816394892
8.16370701789856,1.006107992477115,[0.19356425],5.0,0.6,0.0,0.42015095816121373,-4.298322861663742,0.4998686106016328
8.172803163528442,1.0022000181423816,[0.1903106],5.0,0.6,0.0,0.3653738698453094,-4.252261640258484,0.4999006338443908
8.181727409362793,0.9984874425243848,[0.18715734],5.0,0.6,0.0,0.2997667150497557,-4.238640307369007,0.49993311258031964
8.190715551376343,0.9947748669063883,[0.1841101],5.0,0.6,0.0,-0.03649792200040011,-4.2218710707689215,0.49999900838629124
8.199695825576782,0.9912576900051281,[0.18117141],5.0,0.6,0.0,0.1564907071244261,-4.204768927477789,0.4999817704535242
8.210851192474365,0.9863727220867115,[0.17834238],5.0,0.6,0.0,0.20531480025971327,-4.196247831396266,0.4999686214001266
8.220767259597778,0.982464747751978,[0.17562462],5.0,0.6,0.0,0.19597755750751455,-4.151382674831832,0.4999714104749777
8.229920387268066,0.9787521721339812,[0.17302368],5.0,0.6,0.0,0.1673347100323429,-4.131639404337255,0.4999791565457233
8.237700700759888,0.9756257926661944,[0.17054569],5.0,0.6,0.0,0.13590958233631512,-4.1004364003218186,0.49998625005821473
8.247417449951172,0.9715224196147245,[0.16819386],5.0,0.6,0.0,0.10792841968337447,-4.0969593097730534,0.4999913288929953
8.255815505981445,0.9678098439967278,[0.16596892],5.0,0.6,0.0,0.08507749364217947,-4.064634258742978,0.4999946119240387
8.264557600021362,0.9642926670954678,[0.16387195],5.0,0.6,0.0,0.06719924981405082,-4.049533577792686,0.49999663849265114
8.273939609527588,0.9601892940439976,[0.16190331],5.0,0.6,0.0,0.05351268498812202,-4.0308808641583385,0.4999978683336288
8.281800985336304,0.9570629145762107,[0.16006218],5.0,0.6,0.0,0.043134135897937256,-4.007982027672729,0.4999986150047676
8.291224718093872,0.9533503389582141,[0.15834703],5.0,0.6,0.0,0.31131344224978164,-4.001672244270137,0.49992786083835256
8.303725481033325,0.948074573606324,[0.15675408],5.0,0.6,0.0,0.3384601888613419,-3.975835620522956,0.499914732245466
8.313226699829102,0.9441665992715907,[0.15527971],5.0,0.6,0.0,0.27877504711405143,-3.950812427108025,0.4999421518670319
8.32164978981018,0.9408448210870671,[0.15392111],5.0,0.6,0.0,0.19912491368188087,-3.937384974577919,0.49997048484570783
8.330683708190918,0.9371322454690706,[0.15267419],5.0,0.6,0.0,0.12579007931499547,-3.9214796966626917,0.4999882213818723
8.34072732925415,0.9330288724176004,[0.15153382],5.0,0.6,0.0,0.0669129088251035,-3.9034608841686316,0.4999966670787862
8.348698854446411,0.9295116955163404,[0.15049456],5.0,0.6,0.0,0.023074813590788373,-3.887971416051407,0.49999960364631
8.358704805374146,0.9254083224648704,[0.14955079],5.0,0.6,0.0,-0.00786835907982395,-3.869435744832452,0.4999999539133652
8.36928939819336,0.9209141519799268,[0.14869674],5.0,0.6,0.0,-0.02868574356847648,-3.848875917127673,0.4999993874541062
8.377693176269531,0.9175923737954035,[0.1479269],5.0,0.6,0.0,-0.04194309228695218,-3.829906826642924,0.4999986904351833
8.388713598251343,0.9129028045937233,[0.14723568],5.0,0.6,0.0,-0.04974389612341053,-3.813451763335332,0.49999815801762226
8.398739576339722,0.9087994315422533,[0.14661702],5.0,0.6,0.0,-0.05370861302551459,-3.790508129171265,0.49999785269558356
8.40989899635315,0.9037190649070999,[0.14606732],5.0,0.6,0.0,-0.055040310367033926,-3.745419539937237,0.4999977448914875
8.418456554412842,0.8998110905723665,[0.14558488],5.0,0.6,0.0,-0.05461066919077856,-3.732427503973353,0.49999777996046835
8.4298837184906,0.8951215213706863,[0.14516581],5.0,0.6,0.0,-0.05304018080490567,-3.710153369947914,0.499997905811562
8.43784475326538,0.8917997431861631,[0.14480491],5.0,0.6,0.0,-0.05076425024131946,-3.694638135472662,0.49999808167673077
8.44672679901123,0.8884779650016396,[0.14449746],5.0,0.6,0.0,-0.04808442310058854,-3.6783234572856562,0.4999982788657473
8.45557427406311,0.8851561868171162,[0.14423886],5.0,0.6,0.0,-0.04520669534162543,-3.6626916902106834,0.4999984787116612
8.467393398284912,0.8800758201819627,[0.14402454],5.0,0.6,0.0,-0.042269531513625086,-3.638548900737895,0.49999866997144055
8.479777574539185,0.8748000548300726,[0.14384993],5.0,0.6,0.0,-0.03936405602058462,-3.6130919555376044,0.49999884653118687
8.489752054214478,0.8706966817786026,[0.14371075],5.0,0.6,0.0,-0.036548455842878566,-3.5922988770047546,0.4999990056384805
8.498112201690674,0.8673749035940792,[0.14360308],5.0,0.6,0.0,-0.033858178080256554,-3.5755072198413878,0.499999146637657
8.509171962738037,0.8626853343923993,[0.1435232],5.0,0.6,0.0,-0.031313108773293304,-3.552878360741826,0.49999927010778483
8.516759634017944,0.8595589549246124,[0.14346755],5.0,0.6,0.0,-0.028922602452128993,-3.5369358006488167,0.4999993772967374
8.52574348449707,0.8556509805898791,[0.14343283],5.0,0.6,0.0,-0.026688990383897666,-3.5175845995599655,0.49999946976213816
8.534765720367432,0.8517430062551457,[0.14341599],5.0,0.6,0.0,-0.024610016673511252,-3.4979672545665244,0.49999954915184636
8.544148683547974,0.8476396332036755,[0.14341422],5.0,0.6,0.0,-0.0226805213192355,-3.477477505572652,0.49999961707601087
8.552953004837036,0.8439270575856788,[0.14342494],5.0,0.6,0.0,-0.02089359585713228,-3.4587877858716554,0.4999996750377492
8.560701131820679,0.8409960768346287,[0.14344583],5.0,0.6,0.0,-0.019241370587819308,-3.4435280976469764,0.499999724400412
8.57219910621643,0.8363065076329487,[0.14347483],5.0,0.6,0.0,-0.017715545134653805,-3.420425229136305,0.4999997663769898
8.580242395401001,0.8331801281651618,[0.14351006],5.0,0.6,0.0,-0.016307740716863306,-3.404091553081376,0.4999998020323695
8.590569734573364,0.8286859576802185,[0.14354988],5.0,0.6,0.0,-0.015009729023131479,-3.3815718096859433,0.49999983229256906
8.603803873062134,0.8230193948948551,[0.14359284],5.0,0.6,0.0,-0.01381357606014131,-3.35309903860941,0.49999985795731916
8.616159439086914,0.8179390282597016,[0.14363766],5.0,0.6,0.0,-0.012711727758762996,-3.327396953745659,0.49999987971380433
8.626784801483154,0.8132494590580216,[0.14368325],5.0,0.6,0.0,0.26434130367613934,-3.3035631044271883,0.4999479867321289
8.634699583053589,0.8099276808734982,[0.14372878],5.0,0.6,0.0,0.2984000847846947,-3.286400668191037,0.49993372102651107
8.643660306930542,0.8062151052555014,[0.14377353],5.0,0.6,0.0,-0.031875611818618504,-3.2676377255541307,0.4999992436489649
8.658235549926758,0.8003531437534013,[0.14381684],5.0,0.6,0.0,-0.1402937608699707,-3.238503753766875,0.49998534867077327
8.667622804641724,0.7964451694186679,[0.14385812],5.0,0.6,0.0,0.12104755351917162,-3.2186598423034263,0.49998909278255854
8.679684162139893,0.7913648027835144,[0.14389693],5.0,0.6,0.0,0.17430563508139627,-3.1931962549868973,0.49997738379624673
8.6890287399292,0.7872614297320444,[0.14393294],5.0,0.6,0.0,0.14835021255559053,-3.1726091116898143,0.4999836176610845
8.69867467880249,0.783353455397311,[0.1439659],5.0,0.6,0.0,0.10003936944259512,-3.1527981025709044,0.49999255018769084
8.706660509109497,0.7804224746462608,[0.14399568],5.0,0.6,0.0,0.05250866865868925,-3.1375984084032407,0.4999979475726276
8.71631669998169,0.7761237028780542,[0.14402226],5.0,0.6,0.0,0.013629902829814713,-3.116014665450645,0.49999986170956756
8.726673603057861,0.7722157285433208,[0.14404567],5.0,0.6,0.0,-0.015239533269974627,-3.096248943088276,0.49999982711793833
8.7360680103302,0.7681123554918509,[0.14406594],5.0,0.6,0.0,-0.03521789793887889,-3.0756079965922374,0.49999907672062194
8.74370789527893,0.7647905773073274,[0.14408317],5.0,0.6,0.0,-0.048114833544656455,-3.0586389094816195,0.49999827668803926
8.753689765930176,0.7604918055391207,[0.14409752],5.0,0.6,0.0,-0.05570375322444363,-3.03710423322735,0.49999769019887474
8.76367998123169,0.7563884324876504,[0.14410913],5.0,0.6,0.0,-0.05947315199822227,-3.016520281500636,0.49999736702070385
8.77267599105835,0.7526758568696538,[0.14411746],5.0,0.6,0.0,-0.33662116112789947,-3.0053097912718787,0.4999156562570091
8.782725811004639,0.748377085101447,[0.14412145],5.0,0.6,0.0,-0.369061147445376,-2.981209729876312,0.4998986183634598
8.791527509689331,0.744859908200187,[0.14412082],5.0,0.6,0.0,-0.3121128192476089,-2.9634368448171635,0.49992748991806274
8.80275821685791,0.7401703389985068,[0.14411581],5.0,0.6,0.0,-0.23345628230264776,-2.94005429243819,0.4999594304504046
8.81224799156189,0.7360669659470368,[0.14410644],5.0,0.6,0.0,-0.15995296877288107,-2.9203579299553786,0.49998095491065886
8.822264671325684,0.7319635928955668,[0.14409271],5.0,0.6,0.0,-0.10015518712822469,-2.8994466410568296,0.49999253292822526
8.83088731765747,0.7284464159943067,[0.14407481],5.0,0.6,0.0,-0.05493030301760307,-2.8814926506161527,0.4999977538968888
8.839736223220825,0.7249292390930466,[0.14405313],5.0,0.6,0.0,-0.022331456257684307,-2.862992408035869,0.4999996287721042
8.850853443145752,0.7200442711746298,[0.14402807],5.0,0.6,0.0,0.0002760030660357675,-2.839314345047528,0.4999999999432933
8.863609552383423,0.7149639045394763,[0.14399985],5.0,0.6,0.0,-0.2606708533517557,-2.8142602917812236,0.4999494210678968
8.872424364089966,0.7114467276382163,[0.14396865],5.0,0.6,0.0,-0.2841758867999261,-2.7961254075125246,0.4999398888528613
8.883246183395386,0.7067571584365363,[0.14393479],5.0,0.6,0.0,-0.2233485862552137,-2.7730508289514573,0.49996286726279865
8.896953105926514,0.7006997982176995,[0.14389864],5.0,0.6,0.0,-0.1442432782331325,-2.7415177450961736,0.4999845121505952
8.90509033203125,0.6973780200331761,[0.14386099],5.0,0.6,0.0,-0.07255154098884628,-2.7220265526843868,0.4999960816948395
8.914916515350342,0.693274646981706,[0.14382274],5.0,0.6,0.0,-0.01599778511946498,-2.7025321253795425,0.4999998094862565
8.925585269927979,0.6889758752134992,[0.14378439],5.0,0.6,0.0,0.025128300553384657,-2.681034777072553,0.49999952996228425
8.935685873031616,0.6848725021620292,[0.14374622],5.0,0.6,0.0,0.05317118053846577,-2.6607309894986915,0.49999789545426954
8.945112943649292,0.6809645278272958,[0.14370849],5.0,0.6,0.0,0.07103506692853177,-2.6416216310558114,0.49999624378336227
8.954130411148071,0.6770565534925623,[0.14367132],5.0,0.6,0.0,0.08137475816364462,-2.6227234338790013,0.4999950707146868
8.965749979019165,0.6721715855741456,[0.14363473],5.0,0.6,0.0,0.08635062012633735,-2.5990681194972787,0.4999944494606439
8.974726915359497,0.6686544086728856,[0.14359863],5.0,0.6,0.0,0.08761770784877322,-2.5823305419498994,0.4999942853719511
8.983757257461548,0.6649418330548889,[0.1435629],5.0,0.6,0.0,0.08639841110451815,-2.5637487880612,0.4999944433150566
8.994303941726685,0.660643061286682,[0.14352745],5.0,0.6,0.0,0.08357338401008291,-2.5434414219834225,0.49999480075368313
9.001935005187988,0.6575166818188953,[0.14349213],5.0,0.6,0.0,0.07976518628271143,-2.5277647283731497,0.49999526378525005
9.01160216331482,0.6532179100506885,[0.14345676],5.0,0.6,0.0,0.07540678294432243,-2.5076535900380983,0.4999957672203253
9.020102977752686,0.6497007331494286,[0.14342099],5.0,0.6,0.0,-0.20524393104057181,-2.4911233400147905,0.49996864305782834
9.029729127883911,0.6457927588146952,[0.14338438],5.0,0.6,0.0,-0.24303584654525096,-2.472593501754457,0.4999560328566852
9.037686109542847,0.6424709806301717,[0.14334661],5.0,0.6,0.0,-0.19253033483490206,-2.455490283183632,0.4999724073746615
9.046743869781494,0.6387584050121751,[0.14330749],5.0,0.6,0.0,-0.12087873476826516,-2.438465359529065,0.49998912318447486
9.055678129196167,0.6346550319607048,[0.14326663],5.0,0.6,0.0,-0.05458135344635518,-2.4193381651303936,0.49999778234331765
9.063720941543579,0.6315286524929183,[0.14322352],5.0,0.6,0.0,-0.0019495567700372092,-2.4049206129596263,0.4999999971707036
9.076448202133179,0.6266436845745015,[0.14317747],5.0,0.6,0.0,0.03630527496307014,-2.383846906143058,0.4999990188267265
9.085749387741089,0.6229311089565047,[0.14312768],5.0,0.6,0.0,0.06222664265570972,-2.3658004608559136,0.49999711757402115
9.094301223754883,0.6194139320552446,[0.14307382],5.0,0.6,0.0,0.35454321503251185,-2.3467352934248598,0.499906436944651
9.10169768333435,0.6158967551539846,[0.14301623],5.0,0.6,0.0,0.39680601630694856,-2.3281705912065354,0.4998828041402597
9.111714124679565,0.6117933821025145,[0.1429552],5.0,0.6,0.0,0.3457598988486372,-2.309471656316342,0.4999110149043248
9.123218536376953,0.6069084141840977,[0.14289039],5.0,0.6,0.0,0.27021795308919994,-2.288799594672305,0.4999456485081163
9.131969690322876,0.6033912372828377,[0.14282111],5.0,0.6,0.0,0.19789870487406608,-2.2717436999318252,0.4999708472238299
9.140953063964844,0.599678661664841,[0.14274701],5.0,0.6,0.0,0.13798303797051129,-2.2537513814013175,0.4999858273218323
9.15201997756958,0.5949890924631609,[0.14266783],5.0,0.6,0.0,-0.18424885517328565,-2.2330695012685386,0.4999747299968175
9.160742282867432,0.5914719155619009,[0.1425834],5.0,0.6,0.0,0.0245651921502833,-2.212989779339041,0.4999995507926937
9.170702457427979,0.5871731437936941,[0.14249408],5.0,0.6,0.0,0.088368221328446,-2.1923205184673904,0.499994187052802
9.180717468261719,0.5828743720254873,[0.14240022],5.0,0.6,0.0,0.09229470846395568,-2.1715938427011983,0.49999365900331544
9.188749313354492,0.5795525938409639,[0.14230219],5.0,0.6,0.0,0.07508738000440343,-2.1530796852771474,0.49999580300207547
9.199970722198486,0.5750584233560204,[0.14220059],5.0,0.6,0.0,0.05344330677043008,-2.131734037925536,0.49999787385736705
9.208752870559692,0.5717366451714971,[0.14209583],5.0,0.6,0.0,0.03384165595244612,-2.1159686300021012,0.49999914747030144
9.218717098236084,0.5676332721200271,[0.14198812],5.0,0.6,0.0,0.01821587893631839,-2.095927316919657,0.4999997529943825
9.226709127426147,0.5643114939355037,[0.14187156],5.0,0.6,0.0,0.006620640370176878,-2.147531412661935,0.499999967370783
9.237240314483643,0.5598173234505602,[0.14173381],5.0,0.6,0.0,-0.0015531171718244237,-2.1205132241783367,0.49999999820437785
9.246159553527832,0.5561047478325636,[0.14156942],5.0,0.6,0.0,-0.007053506485133678,-2.086174463000536,0.4999999629646217
9.25566840171814,0.55219677349783,[0.14138106],5.0,0.6,0.0,-0.010563355181380433,-2.0578674689459615,0.4999999169364681
9.265038251876831,0.5482887991630967,[0.14117222],5.0,0.6,0.0,-0.01263861828446963,-2.0307020192209184,0.49999988109344307
9.27410888671875,0.5445762235450999,[0.14094621],5.0,0.6,0.0,-0.013705981417571497,-2.0079860143460913,0.4999998601614635
9.28264594078064,0.5410590466438399,[0.14070629],5.0,0.6,0.0,-0.014081529988060552,-1.9854347811019826,0.49999985239323413
9.291678190231323,0.5373464710258432,[0.14045828],5.0,0.6,0.0,-0.013993981681108651,-1.9359377521516148,0.4999998542229518
9.30072021484375,0.5336338954078464,[0.14020957],5.0,0.6,0.0,0.26243233710093145,-1.9283916450872416,0.4999487352190229
9.309493780136108,0.529725921073113,[0.1399637],5.0,0.6,0.0,0.020092832004704977,-1.9099593881279433,0.4999996994693581
9.31853985786438,0.5260133454551164,[0.13972196],5.0,0.6,0.0,-0.0674475167173404,-1.8924195587681942,0.49999661360885744
9.327934980392456,0.5221053711203829,[0.13948607],5.0,0.6,0.0,-0.08770050062910269,-1.8738418993577928,0.4999942745672324
9.33570122718811,0.5189789916525962,[0.1392575],5.0,0.6,0.0,-0.08138648012118646,-1.8582002732201413,0.4999950692947729
9.346127033233643,0.5148756186011261,[0.13903749],5.0,0.6,0.0,0.2092974493535129,-1.839199038097075,0.4999673922841398
9.3578519821167,0.5099906506827093,[0.1388268],5.0,0.6,0.0,-0.018269745834368162,-1.8172377692166775,0.49999975153244414
9.365861892700195,0.5066688724981859,[0.13862577],5.0,0.6,0.0,-0.09321843944915055,-1.800382583343164,0.49999353144303155
9.374735116958618,0.5027608981634525,[0.13843477],5.0,0.6,0.0,0.17237325718156968,-1.7824997155936024,0.4999778824617035
9.384683609008789,0.4988529238287191,[0.13825389],5.0,0.6,0.0,0.21904969834655302,-1.7644004988127755,0.499964282881036
9.397419214248657,0.49338175976009235,[0.13808283],5.0,0.6,0.0,0.1837383070500836,-1.739638148677626,0.49997486985497774
9.407153367996216,0.4898645828588323,[0.1379211],5.0,0.6,0.0,0.12653113836275126,-1.7227384230630003,0.49998808221092533
9.414796829223633,0.48654280467430894,[0.13776835],5.0,0.6,0.0,0.07162451774577112,-1.7053173677501494,0.4999961812137686
9.425084590911865,0.4822440329061022,[0.13762449],5.0,0.6,0.0,0.027031437311774768,-1.6848537047978802,0.49999945611621777
9.438383102416992,0.4765774701207387,[0.13748906],5.0,0.6,0.0,-0.006092375148622821,-1.6587371577800385,0.4999999724730707
9.449297666549683,0.47188790091905863,[0.13736135],5.0,0.6,0.0,-0.3051948101310155,-1.635342143409368,0.49993066864971336
9.458129405975342,0.4681753253010619,[0.1372408],5.0,0.6,0.0,-0.35341220151844766,-1.6169184034935815,0.4999070331874913
9.466634511947632,0.4646581483998018,[0.13712708],5.0,0.6,0.0,-0.031403998407812495,-1.5986488237115237,0.4999992663453787
9.47618579864502,0.4607501740650684,[0.13701982],5.0,0.6,0.0,0.07297377584233704,-1.5812782543702857,0.4999960367438583
9.488973379135132,0.455083611279705,[0.13691828],5.0,0.6,0.0,-0.18947127009689274,-1.5544058431890704,0.4999732788217139
9.498497247695923,0.4513710356617082,[0.13682165],5.0,0.6,0.0,-0.24185669048882652,-1.535605284546581,0.4999564609880635
9.507631778717041,0.44765846004371157,[0.13672952],5.0,0.6,0.0,0.06229095838460871,-1.5160816921526328,0.49999711561901466
9.518335103988647,0.4431642895587681,[0.13664165],5.0,0.6,0.0,0.1466683510961151,-1.4950866644479894,0.4999839939096154
9.526724815368652,0.439647112657508,[0.13655493],5.0,0.6,0.0,0.14248799649522076,-1.5067814365003396,0.4999848972802099
9.539459705352783,0.4345667460223547,[0.13646267],5.0,0.6,0.0,-0.16716190100278916,-1.488632119081795,0.49997921868034806
9.548700094223022,0.4306587716876212,[0.13636061],5.0,0.6,0.0,0.03774315138035472,-1.458640835466014,0.49999896956230266
9.559693336486816,0.4259692024859411,[0.13625004],5.0,0.6,0.0,0.09291166017720205,-1.4202693422229786,0.499993625151185
9.571733713150024,0.4208888358507877,[0.136137],5.0,0.6,0.0,-0.187770314332962,-1.362691601097871,0.49997384545301526
9.581613779067993,0.4165900640825809,[0.13603008],5.0,0.6,0.0,0.0310633938183925,-1.331214125406911,0.4999994272477488
9.589945793151855,0.41307288718132085,[0.13593838],5.0,0.6,0.0,0.09275162683344484,-1.2833583202704757,0.49999380933411863
9.60164475440979,0.4077971218294308,[0.13587369],5.0,0.6,0.0,0.0910052330597433,-1.2240216250708988,0.49999421291068263
9.610629558563232,0.4042799449281707,[0.13585119],5.0,0.6,0.0,0.06807264148029607,-1.1721509973434123,0.49999710194887237
9.6204092502594,0.4003719705934373,[0.1358876],5.0,0.6,0.0,0.04185841490979008,-1.1186685854673026,0.49999953527032875
9.629728078842163,0.39665939497544056,[0.13600051],5.0,0.6,0.0,0.019065903941658496,-1.0686502322527553,0.500000984107968
9.637640714645386,0.3933376167909172,[0.1362031],5.0,0.6,0.0,0.0014769716340333073,-1.0625786318913308,0.50000180575654
9.646841049194336,0.3894296424561838,[0.13650794],5.0,0.6,0.0,-0.011112234865955164,-0.9751171485634237,0.5000026858069586
9.654729843139648,0.38630326298839707,[0.13692983],5.0,0.6,0.0,-0.019566233602578625,-0.9805853178054772,0.5000036823268947
9.666948795318604,0.38122289635324363,[0.1374795],5.0,0.6,0.0,-0.024847640876155853,-0.908554010983443,0.5000064529755028
9.6756911277771,0.37770571945198356,[0.13816335],5.0,0.6,0.0,-0.027805834626138618,-0.9190646715417573,0.5000097994829447
9.684695720672607,0.37399314383398685,[0.13895532],5.0,0.6,0.0,-0.02912022679355361,-1.1313638931419432,0.5000152788632105
9.694737911224365,0.3696943720657801,[0.13980522],5.0,0.6,0.0,-0.029306137617966993,-1.0370216694480887,0.5000250405141248
9.706820726394653,0.3646140054306266,[0.14069197],5.0,0.6,0.0,-0.02874168074196629,-0.995958397081945,0.5000435218994391
9.714683294296265,0.36090142981262996,[0.14161107],5.0,0.6,0.0,-0.027697952103965473,-0.9878878352570163,0.500065972573308
9.723878860473633,0.35718885419463325,[0.14255106],5.0,0.6,0.0,-0.02636583097451325,-0.9696874816521918,0.5000991295334959
9.731663703918457,0.3540624747268465,[0.14350022],5.0,0.6,0.0,-0.024877560505712097,-0.9604043802479072,0.5001404629318584
9.740712642669678,0.3503498991088497,[0.14444808],5.0,0.6,0.0,-0.023323250612710872,-0.9405830355662745,0.5002073582029427
9.750736474990845,0.3462465260573797,[0.14538585],5.0,0.6,0.0,-0.021763115897404938,-0.9182979101063578,0.500312742946229
9.76060152053833,0.34233855172264627,[0.1463065],5.0,0.6,0.0,-0.020236373794436192,-0.8967516692564959,0.5004590383266468
9.770692586898804,0.3382351786711762,[0.14720413],5.0,0.6,0.0,-0.01876762862670414,-0.8738061207375545,0.5006762418750945
9.77931022644043,0.3347180017699161,[0.14807771],5.0,0.6,0.0,-0.01737140851048362,-0.8128229578996988,0.5009423269918979
9.789717197418213,0.33041923000170936,[0.14894142],5.0,0.6,0.0,-0.01605536638079257,-0.6878687543145056,0.501378197769411
9.801695108413696,0.3255342620832926,[0.14981637],5.0,0.6,0.0,-0.014822525170799159,-0.6815041045406067,0.5020799033800041
9.810083150863647,0.3218216864652959,[0.15071346],5.0,0.6,0.0,-0.013672844184800885,-0.6319063114028382,0.5028636627267927
9.819677591323853,0.31791371213056246,[0.15164255],5.0,0.6,0.0,-0.28864266572680747,-0.5788093831150335,0.5039070689857507
9.829196691513062,0.31420113651256576,[0.15262042],5.0,0.6,0.0,-0.32077662932237894,-0.5223161363351276,0.5053217376257378
9.838315486907959,0.3102931621778323,[0.15366712],5.0,0.6,0.0,-0.26476267402413783,-0.46618929822019856,0.5073473174834943
9.84838604927063,0.30579899169288893,[0.15480534],5.0,0.6,0.0,-0.18783058826050533,-0.41283604639719595,0.5104377130900274
9.857697248458862,0.30189101735815554,[0.15605905],5.0,0.6,0.0,-0.3925643534016973,-0.3692556217065105,0.5141012174244326
9.866707563400269,0.29798304302342216,[0.15744461],5.0,0.6,0.0,-0.3683459752379126,-0.35484828526565465,0.5191496651771097
9.874709367752075,0.29505206227237213,[0.15897083],5.0,0.6,0.0,-0.2705863470781664,-0.314203809486407,0.5245796774386502
9.883634567260742,0.2913394866543753,[0.16064629],5.0,0.6,0.0,0.11156463007355866,-0.29510652753538313,0.5328296101843023
9.892581224441528,0.2876269110363786,[0.162479],5.0,0.6,0.0,0.2353038007023307,-0.2571390355519466,0.543571789706016
9.901920318603516,0.28391433541838185,[0.16449607],5.0,0.6,0.0,0.24950028160279392,-0.30282862816767875,0.5576740712554605
9.909660577774048,0.28059255723385845,[0.16673054],5.0,0.6,0.0,0.2227326816604101,-0.2204307554672206,0.5747649754939392
9.919668436050415,0.2764891841823884,[0.16919088],5.0,0.6,0.0,0.1851876994957543,-0.21867519253195775,0.5999744531321634
9.927716255187988,0.273167405997865,[0.17187328],5.0,0.6,0.0,0.14908369447287245,-0.15108961421683226,0.6284482835513729
9.936678647994995,0.2690640329463949,[0.17477235],5.0,0.6,0.0,0.1185144407103415,-0.14790477984395656,0.6689341512871398
9.9476158618927,0.26476526117818816,[0.17789101],5.0,0.6,0.0,0.09411336177999034,-0.14038819642955971,0.7210300163908033
9.957700490951538,0.2606618881267181,[0.18123702],5.0,0.6,0.0,0.07520527980098796,-0.11559236272644145,0.7831788157531561
9.967090129852295,0.2567539137919847,[0.1847771],5.0,0.6,0.0,0.060756015058665166,-0.041520433189392636,0.8548215928859313
9.97624397277832,0.2528459394572513,[0.1884272],5.0,0.6,0.0,0.04975877758695718,-0.0587103090095312,0.936067107341266
9.984713554382324,0.24913336383925455,[0.19212879],5.0,0.6,0.0,0.041365462684941526,0.054678311937195516,1.0220944367354279
9.993157148361206,0.2456161869379945,[0.19586888],5.0,0.6,0.0,0.03490895512959377,0.06990248912554892,1.109595005454806
10.000621557235718,0.24288060490368113,[0.19962612],5.0,0.6,0.0,0.029883928513800718,0.0649847424128258,1.1878455384048425
10.010706424713135,0.23936342800242105,[0.20336744],5.0,0.6,0.0,0.3019543463540958,0.09016209826087906,1.2716454181265553
10.019613027572632,0.2360416498178977,[0.2070658],5.0,0.6,0.0,0.6079326657631794,0.10439567128923018,1.345146458990093
10.029069185256958,0.23271987163337426,[0.21069725],5.0,0.6,0.0,1.1354366164793885,0.11403334975474962,1.4065979943922153
10.036611795425415,0.2303750870325342,[0.21423685],5.0,0.6,0.0,1.620420830442626,0.10525404739293227,1.4472940327185204
10.0450599193573,0.22783490371495752,[0.21766015],5.0,0.6,0.0,2.256159998231694,0.11082565683962066,1.4757328743959164
10.054092645645142,0.22529472039738077,[0.22094582],5.0,0.6,0.0,3.0686162589726322,0.11125340048100643,1.489263887123606
10.063655138015747,0.2225591383630674,[0.22407533],5.0,0.6,0.0,4.022823698674419,0.11197077168966216,1.487637584295775
10.073421239852905,0.22001895504549068,[0.22703183],5.0,0.6,0.0,5.0,0.10949839102641577,1.4719442087831083
10.086588621139526,0.21630637942749392,[0.22979882],5.0,0.6,0.0,5.0,0.09603334725139623,1.4459777204548567
10.095653057098389,0.21435239226012726,[0.23235972],5.0,0.6,0.0,5.0,0.08583395581330468,1.4189375026792876
10.105679988861084,0.21200760765928722,[0.2347003],5.0,0.6,0.0,5.0,0.07787927034013868,1.3838665901918215
10.114794492721558,0.2100536204919205,[0.23680937],5.0,0.6,0.0,5.0,0.06989466020709631,1.3483352798233144
10.12338900566101,0.20849043075802715,[0.23867813],5.0,0.6,0.0,4.888244730406191,0.06199331320402097,1.315910377016393
10.131609916687012,0.2069272410241338,[0.24030294],5.0,0.6,0.0,4.705160959497629,0.08391829920071806,1.28407365676552
10.1396164894104,0.20575484872371377,[0.24168528],5.0,0.6,0.0,4.201395036445646,0.07283204682092796,1.2594725521249477
10.148567199707031,0.20419165898982042,[0.2428264],5.0,0.6,0.0,3.9157066050246674,0.06814918018541757,1.2306246552825013
10.157683372497559,0.2028238679726637,[0.24373024],5.0,0.6,0.0,3.707531448618621,0.09343567099342978,1.2054485430946356
10.167582750320435,0.20126067823877036,[0.24440581],5.0,0.6,0.0,3.2433401094223955,0.08741973820306106,1.1813775387770895
10.176607370376587,0.20008828593835032,[0.24486115],5.0,0.6,0.0,2.4699494728232665,0.08376072978940396,1.165181592636586
10.184847593307495,0.19911129235466699,[0.24510336],5.0,0.6,0.0,1.7143014897403737,0.08170880173356453,1.152860320369904
10.193773984909058,0.19813429877098362,[0.2451414],5.0,0.6,0.0,1.087368139998555,0.0816693727351072,1.1419129490604027
10.20210337638855,0.19715730518730026,[0.2449883],5.0,0.6,0.0,0.607949820963515,0.10773443407289125,1.1325502355427841
10.211085557937622,0.19657110903709027,[0.24466051],5.0,0.6,0.0,0.5358637842598541,0.10089808831155918,1.1294822429393465
10.221702098846436,0.19559411545340694,[0.24417469],5.0,0.6,0.0,0.6022047240294507,0.12276316927674186,1.123474658789141
10.231128692626953,0.1950079193031969,[0.24352228],5.0,0.6,0.0,0.4172495553002183,-0.07015001599710187,1.124417451431546
10.240591764450073,0.1942263244362502,[0.24266919],5.0,0.6,0.0,0.45754988670794394,-0.0516894991898413,1.1252577153509293
10.25106430053711,0.19364012828604024,[0.24161557],5.0,0.6,0.0,0.2811964678731692,0.020049659881931102,1.131017418196631
10.258604049682617,0.1930539321358302,[0.24040007],5.0,0.6,0.0,0.06521333342445806,0.06745448820183299,1.1386898590307268
10.269763946533203,0.1924677359856202,[0.23906398],5.0,0.6,0.0,-0.3993146935864914,0.13433970692477432,1.1476368185503094
10.279423952102661,0.1918815398354102,[0.23765088],5.0,0.6,0.0,-0.5747837148686858,0.2143122151681886,1.1574803397741729
10.2886381149292,0.19129534368520015,[0.23621009],5.0,0.6,0.0,-1.1690159370415447,0.2987873991699957,1.166983851369106
10.297393321990967,0.1909045462517268,[0.23478898],5.0,0.6,0.0,-1.4951192367651547,0.3242475577615218,1.178674637619361
10.306701898574829,0.1909045462517268,[0.23342487],5.0,0.6,0.0,-1.9310223253501526,0.3437919977441865,1.193795918328458
10.317789316177368,0.1909045462517268,[0.23216051],5.0,0.6,0.0,-1.7442103718557818,0.4742049786136013,1.2092183972632673
10.3265962600708,0.1910999449684635,[0.23104696],5.0,0.6,0.0,-1.371447921513536,0.4628045988506779,1.2253663277278846
10.336153030395508,0.19149074240193684,[0.23013364],5.0,0.6,0.0,-0.717138542014423,0.5315927081756547,1.241432827200239
10.344618082046509,0.19207693855214686,[0.22946776],5.0,0.6,0.0,0.1881541887512188,0.5180133615167554,1.2560486443883745
10.355156421661377,0.1930539321358302,[0.22909302],5.0,0.6,0.0,0.7239617298354747,0.480382132117514,1.2708442451980781
10.363875150680542,0.19403092571951355,[0.22904908],5.0,0.6,0.0,1.3063424259570182,0.5046637925271873,1.2812367952487471
10.374878883361816,0.19578951417014356,[0.22937079],5.0,0.6,0.0,2.605506315662015,0.40070846587793285,1.2930567836353801
10.384045124053955,0.19735270390403695,[0.23010033],5.0,0.6,0.0,3.8573671788690005,0.4053451930645817,1.2960054287993663
10.393216133117676,0.19969748850487698,[0.23127269],5.0,0.6,0.0,4.809854497387851,0.40979120599426067,1.3022949121963268
10.402880191802979,0.20126067823877036,[0.2328918],5.0,0.6,0.0,5.0,0.37684938607374685,1.3003763423507457
10.411422491073608,0.20301926668940037,[0.2349457],5.0,0.6,0.0,5.0,0.39985519629077015,1.2973091126906127
10.423866510391235,0.2061456461571871,[0.23744923],5.0,0.6,0.0,5.0,0.46243103021780707,1.3037584069097032
10.431562900543213,0.2080996333245538,[0.24042593],5.0,0.6,0.0,4.9367762439771345,0.4229804513677415,1.2935797447221022
10.441585302352905,0.21063981664213055,[0.24386505],5.0,0.6,0.0,4.383437588840926,0.44542351825471554,1.2877898484788037
10.449554681777954,0.2131799999597072,[0.24775514],5.0,0.6,0.0,3.4487766699213296,0.46770932494423517,1.2785695215322013
10.460581541061401,0.2166971768609673,[0.25209816],5.0,0.6,0.0,2.8035685962978407,0.4848187886314015,1.272481015862967
10.470596075057983,0.22001895504549068,[0.25689256],5.0,0.6,0.0,2.0644726900138832,0.5028667929769289,1.2587429856125223
10.478605508804321,0.22275453707980408,[0.26213332],5.0,0.6,0.0,1.410799451527044,0.5239684065517055,1.2318665267052276
10.486850261688232,0.22549011911411745,[0.26781194],5.0,0.6,0.0,0.6158622742863823,0.5454452766637111,1.1986319272896226
10.496603727340698,0.22939809344885087,[0.27390033],5.0,0.6,0.0,0.7472009041873171,0.5076542373561161,1.17253079654612
10.506668090820312,0.23291527035011095,[0.28035372],5.0,0.6,0.0,1.142879593456414,0.541143424003989,1.1366049654036132
10.51562762260437,0.2368232446848443,[0.28714577],5.0,0.6,0.0,0.7066671967234484,0.5686873910812074,1.1022466459225055
10.523569583892822,0.2395588267191577,[0.29426559],5.0,0.6,0.0,0.3530245789950398,0.5988678459942669,1.049506403894675
10.531665086746216,0.24288060490368113,[0.30168296],5.0,0.6,0.0,0.08892523252659185,0.5716529879080666,1.0007966824883217
10.541118144989014,0.24639778180494118,[0.30936729],5.0,0.6,0.0,-0.3732677672361746,0.6620503392192806,0.952367256468194
10.550164461135864,0.2501103574229379,[0.31730404],5.0,0.6,0.0,-1.0829893998766384,0.6278197028572022,0.904480171854686
10.559678554534912,0.2540183317576713,[0.32546057],5.0,0.6,0.0,-1.7245722693034955,0.6592183966328448,0.8580979470772627
10.569586753845215,0.25831710352587806,[0.33380432],5.0,0.6,0.0,-2.4776572042315106,0.6850510081674039,0.815377586352931
10.579381465911865,0.26202967914387476,[0.34231862],5.0,0.6,0.0,-3.0938277801638443,0.7106943690332588,0.7683990536707439
10.590637683868408,0.2665238496288182,[0.35098453],5.0,0.6,0.0,-4.063790309067747,0.7303976986481798,0.7279513640896835
10.600590944290161,0.27043182396355164,[0.35978122],5.0,0.6,0.0,-4.914615482627964,0.7514821972121168,0.6849110216373177
10.611600875854492,0.2751213931652317,[0.36868635],5.0,0.6,0.0,-5.0,0.7676994665431034,0.655353081938275
10.61958622932434,0.2780523739162818,[0.3776635],5.0,0.6,0.0,-5.0,0.7484854231587873,0.6191847688147832
10.628405570983887,0.28176494953427844,[0.38666497],5.0,0.6,0.0,-5.0,0.781718759483332,0.5924462948416545
10.637248754501343,0.2854775251522752,[0.39566065],5.0,0.6,0.0,-5.0,0.8104717130314528,0.5699394745307533
10.645585298538208,0.2887993033367986,[0.40462324],5.0,0.6,0.0,-5.0,0.797803212202755,0.5500873063557706
10.654569149017334,0.292121081521322,[0.41351507],5.0,0.6,0.0,-5.0,0.834808483798908,0.5342132749073883
10.66433334350586,0.29583365713931875,[0.42231457],5.0,0.6,0.0,-4.982820109386042,0.8641588198409159,0.5226383081851234
10.677077531814575,0.30130482120794555,[0.43102435],5.0,0.6,0.0,-4.818044853109864,0.9155768370787657,0.5175621183366321
10.687151432037354,0.3054081942594156,[0.43965456],5.0,0.6,0.0,-4.579234649545645,0.9234756652602469,0.5118348148734075
10.694853067398071,0.308729972443939,[0.44819978],5.0,0.6,0.0,-4.3070083158373365,0.9360949330225539,0.5068179489404452
10.703583478927612,0.31205175062846235,[0.45663261],5.0,0.6,0.0,-4.024060891837059,0.9623194857774814,0.5033774319259545
10.712552309036255,0.31556892752972243,[0.46491901],5.0,0.6,0.0,-3.743132556620889,0.9872163087083267,0.5012279758426497
10.72262978553772,0.31928150314771914,[0.47303908],5.0,0.6,0.0,-3.747351520683468,1.0170987896040153,0.4984968436265598
10.732558727264404,0.32338487619918926,[0.48098478],5.0,0.6,0.0,-3.5215797340150212,1.0473903557227677,0.4978132071327026
10.743464231491089,0.32787904668413265,[0.48874851],5.0,0.6,0.0,-3.22238860826994,1.0756683779560114,0.4979814549099564
10.755895376205444,0.3331548120360227,[0.49633075],5.0,0.6,0.0,-2.9177341059345947,1.041839878490103,0.49856978088224524
10.764561653137207,0.3362811915038095,[0.50373138],5.0,0.6,0.0,-2.634191942509723,1.1364635861435277,0.4985299372811407
10.77363133430481,0.33999376712180623,[0.51093471],5.0,0.6,0.0,-2.379710659954565,1.1580977463955013,0.49869892680332406
10.78255558013916,0.3435109440230663,[0.51792738],5.0,0.6,0.0,-1.8783435371268407,1.1780042995328877,0.4996590544871823
10.793636798858643,0.34780971579127296,[0.52470574],5.0,0.6,0.0,-1.6462371643017373,1.1916611977739298,0.4999008946660655
10.802947998046875,0.35171769012600645,[0.53126701],5.0,0.6,0.0,-1.5251781178426285,1.2045533143231764,0.49985572717277177
10.810585021972656,0.3544532721603198,[0.53760342],5.0,0.6,0.0,-1.444575391886508,1.2045520957959246,0.4996691300586557
10.819627046585083,0.3581658477783165,[0.54370348],5.0,0.6,0.0,-1.3749792143613608,1.2170693682840747,0.4996178159285945
10.830124616622925,0.36266001826325994,[0.54957007],5.0,0.6,0.0,-1.3056506685885028,1.238050189045449,0.49965635754180565
10.838621139526367,0.36617719516452,[0.55521265],5.0,0.6,0.0,-1.2339129159135633,1.222533309974213,0.4996552191924891
10.848986148834229,0.37047596693272683,[0.56063433],5.0,0.6,0.0,-1.4362609763121055,1.2456965809439262,0.4991898160235629
10.8575599193573,0.37379774511725017,[0.5658387],5.0,0.6,0.0,-1.3951450456501573,1.222464377638543,0.499179308227409
10.867032051086426,0.37751032073524693,[0.57082543],5.0,0.6,0.0,-1.2667039961447721,1.2251262531426228,0.4993745758101922
10.876079559326172,0.38122289635324363,[0.57559531],5.0,0.6,0.0,-1.1193476098240633,1.225249229661386,0.4995910771902683
10.888019323348999,0.3857170668381871,[0.58015893],5.0,0.6,0.0,-0.9804660271318295,1.2429139287654967,0.4998049895819938
10.896899938583374,0.3892342437394471,[0.58452999],5.0,0.6,0.0,-0.8589352395939741,1.2328916749519665,0.499937696712613
10.904531955718994,0.39255602192397054,[0.58871299],5.0,0.6,0.0,-1.031813394531506,1.1967662976490296,0.49966297449458913
10.915574789047241,0.397050192408914,[0.59270504],5.0,0.6,0.0,-0.7021858994162944,1.1893064074956612,0.5001062155761994
10.924566268920898,0.4003719705934373,[0.59650879],5.0,0.6,0.0,-0.5409929379415936,1.1857768783601244,0.500237765457845
10.934783697128296,0.4046707423616441,[0.60013139],5.0,0.6,0.0,-0.734209003402871,1.175945831018096,0.5000792430339793
10.944154024124146,0.40857871669637746,[0.60358009],5.0,0.6,0.0,-0.7199848553802097,1.1664994890979472,0.5001121697843911
10.955180168151855,0.4128774884645843,[0.60686202],5.0,0.6,0.0,-0.35698936879685034,1.1529804367483256,0.5004440311392432
10.96352744102478,0.4161992666491076,[0.60998387],5.0,0.6,0.0,-0.22241314090085557,1.1415029820794405,0.5005104881050675
10.97154188156128,0.419521044833631,[0.61294907],5.0,0.6,0.0,-0.1842884399117271,1.1042566279863626,0.5005373538197916
10.981605291366577,0.4236244178851011,[0.61575796],5.0,0.6,0.0,-0.4582917221742334,1.0894962450016448,0.5004653728725503
10.994789123535156,0.4292909806704645,[0.61841349],5.0,0.6,0.0,-0.223163371390413,1.0683869622591367,0.5007450783756082
11.005147218704224,0.4331989550051979,[0.62091883],5.0,0.6,0.0,-0.14212942063657247,1.0256513751008622,0.5008543254807888
11.016605138778687,0.43769312549014133,[0.62327108],5.0,0.6,0.0,-0.12440476428801976,0.9741494974426811,0.5010085990688866
11.026491403579712,0.4417964985416114,[0.62546264],5.0,0.6,0.0,-0.12894052827274854,0.9207184614315365,0.501162432674032
11.03762149810791,0.44629066902655484,[0.6274839],5.0,0.6,0.0,-0.13823506610842234,0.8636254987345546,0.5013929134525941
11.051634073257446,0.4519572318119182,[0.62931925],5.0,0.6,0.0,-0.14563714614194165,0.7495074372862668,0.5018362701008167
11.061108589172363,0.45566980742991503,[0.63095075],5.0,0.6,0.0,-0.14927581380319171,0.7361389008805486,0.5021282704319986
11.069949626922607,0.4591869843311751,[0.63236843],5.0,0.6,0.0,-0.14922000605929175,0.6896190592875835,0.5024662382915038
11.077903509140015,0.46250876251569845,[0.63356503],5.0,0.6,0.0,-0.1461945406335266,0.6468530151638838,0.5028580935267406
11.087621450424194,0.4664167368504319,[0.63453158],5.0,0.6,0.0,-0.14103334937747375,0.6043296733786926,0.5034938572793387
11.0975980758667,0.4703247111851653,[0.63526486],5.0,0.6,0.0,-0.13447268055024209,0.6018421967042124,0.5043214652365277
11.107553482055664,0.47442808423663535,[0.63576728],5.0,0.6,0.0,-0.1270942348555686,0.5544329207839502,0.5054711726074105
11.115586280822754,0.47774986242115874,[0.6360384],5.0,0.6,0.0,-0.11932923887339321,0.5174650875200689,0.5066532886485073
11.123570680618286,0.4812670393224188,[0.63608027],5.0,0.6,0.0,-0.11148317206872164,0.5205043465992559,0.5082747642377736
11.132521152496338,0.4849796149404155,[0.63590191],5.0,0.6,0.0,-0.10376395508735237,0.4821715370177315,0.5105011469797315
11.143579244613647,0.48927838670862234,[0.63550734],5.0,0.6,0.0,-0.0963070675143885,0.42727955021616976,0.5138831619401286
11.15153169631958,0.49220936745967236,[0.63490149],5.0,0.6,0.0,-0.08919577383974495,0.44715559931280985,0.5170337935534045
11.159634828567505,0.49553114564419576,[0.63410515],5.0,0.6,0.0,-0.08247655791233255,0.4610321632316465,0.5214767038993653
11.168614387512207,0.4992437212621924,[0.63314593],5.0,0.6,0.0,-0.07617052335087562,0.4518335883230943,0.5277057196999355
11.177685260772705,0.5029562968801892,[0.63204896],5.0,0.6,0.0,-0.07028163347572594,0.45493018949070446,0.5356828100678352
11.186668395996094,0.5064734737814492,[0.63084139],5.0,0.6,0.0,-0.06480257366408698,0.4705377581073649,0.5453409583472154
11.196613311767578,0.5103814481161826,[0.62955504],5.0,0.6,0.0,-0.05971886961313086,0.4936636314372707,0.5583956043490053
11.206620693206787,0.5146802198843894,[0.62822343],5.0,0.6,0.0,-0.05501174745147533,0.4997518846741045,0.5758921564536076
11.218221426010132,0.5191743903693328,[0.62688009],5.0,0.6,0.0,-0.05066009689951141,0.5273148243266295,0.5982615000222982
11.22861123085022,0.5232777634208029,[0.62555776],5.0,0.6,0.0,-0.04664180064791054,0.5228989890189957,0.6234088485364208
11.243474006652832,0.529139724922903,[0.62428794],5.0,0.6,0.0,-0.04293461916105914,0.5488032321042082,0.6635486444537665
11.254124641418457,0.5334384966911098,[0.62310525],5.0,0.6,0.0,-0.03951676568096617,0.5796415817306095,0.7002815481972176
11.264338970184326,0.5377372684593165,[0.62204167],5.0,0.6,0.0,0.23967109288648758,0.5547893701543543,0.7413219095353274
11.27368426322937,0.5414498440773132,[0.62111708],5.0,0.6,0.0,0.27569678717097446,0.5357839195511954,0.7809509977392752
11.284603357315063,0.54574861584552,[0.62034997],5.0,0.6,0.0,0.22327102119623837,0.5730931916654518,0.8285108375878113
11.293516159057617,0.54926579274678,[0.61976902],5.0,0.6,0.0,0.1496455282988543,0.6006411458661736,0.8700245139763431
11.302751302719116,0.5533691657982501,[0.61939947],5.0,0.6,0.0,0.0813868206433874,0.5666829241533317,0.9181094849082816
11.311602592468262,0.5566909439827735,[0.61925736],5.0,0.6,0.0,0.026848730442592755,0.5916561725787477,0.9570728524150114
11.319871664047241,0.5600127221672969,[0.61936504],5.0,0.6,0.0,-0.013231268565037622,0.5981340018392386,0.9943360082477937
11.328778505325317,0.5637252977852937,[0.61974998],5.0,0.6,0.0,-0.040881787174105594,0.5875343091238946,1.0337885832923035
11.337540626525879,0.5670470759698171,[0.62042637],5.0,0.6,0.0,-0.058785833113150915,0.5694167434152474,1.0655964609017932
11.34749698638916,0.5713458477380239,[0.62139566],5.0,0.6,0.0,-0.06944431612660917,0.5571179370171079,1.1059228007242843
11.356535196304321,0.5746676259225473,[0.62266599],5.0,0.6,0.0,-0.0749112843119487,0.53822571713269,1.1307944197509845
11.36481499671936,0.5779894041070706,[0.62425023],5.0,0.6,0.0,-0.07676892535568275,0.5173925260704245,1.1517986352861065
11.373886346817017,0.5815065810083306,[0.62615485],5.0,0.6,0.0,-0.0761901841572455,0.499610261949116,1.1711920452723867
11.383789777755737,0.585414555343064,[0.62837992],5.0,0.6,0.0,-0.07402260649459196,0.48615729073511665,1.1912798989016167
11.393445253372192,0.5897133271112708,[0.63091963],5.0,0.6,0.0,-0.07086699196851978,0.47705116836179073,1.2120570896503446
11.405405521392822,0.5944028963129508,[0.63377132],5.0,0.6,0.0,-0.06714239242875161,0.40558965397502283,1.2334622447293984
11.414988279342651,0.5985062693644211,[0.6369348],5.0,0.6,0.0,-0.06313654491794432,0.42900009642924675,1.2442677315061257
11.425544023513794,0.6026096424158911,[0.64039525],5.0,0.6,0.0,-0.059043608048500444,0.4494117452903067,1.2515977899024078
11.43554425239563,0.6065176167506244,[0.64412621],5.0,0.6,0.0,-0.05499176311414463,0.46384825945064423,1.2536070642307233
11.445582151412964,0.6106209898020944,[0.64810056],5.0,0.6,0.0,-0.051063099163084984,0.4733192904907785,1.2550689425875405
11.453531265258789,0.6137473692698813,[0.65229125],5.0,0.6,0.0,-0.047307788449417666,0.48520156972865447,1.2429485876407615
11.46162748336792,0.6172645461711412,[0.65666422],5.0,0.6,0.0,-0.043754113052437794,0.5037761152751791,1.2331032198228205
11.471562623977661,0.6213679192226114,[0.66118016],5.0,0.6,0.0,-0.04041551319609162,0.5063583361631799,1.2283273717823058
11.483036041259766,0.6260574884242914,[0.66581953],5.0,0.6,0.0,0.23874284420038439,0.48362967420352254,1.2288682956344141
11.491511106491089,0.6289884691753416,[0.67057288],5.0,0.6,0.0,0.27477180181039396,0.5147024450818168,1.2075605565469547
11.500929832458496,0.6327010447933382,[0.6754261],5.0,0.6,0.0,0.22237032912161808,0.48329542173160256,1.1941001455099638
11.509527444839478,0.6360228229778616,[0.6803693],5.0,0.6,0.0,0.14878209373794807,0.5256293711242062,1.1747949914615756
11.518543243408203,0.639930797312595,[0.68539719],5.0,0.6,0.0,0.08056810036455726,0.4542852497427501,1.161367313476941
11.526526927947998,0.6432525754971185,[0.6905086],5.0,0.6,0.0,0.026078454455109354,0.5255365329005377,1.1397823675421261
11.536635637283325,0.6471605498318519,[0.69569492],5.0,0.6,0.0,-0.013951860301665127,0.5059436212917398,1.124304391814692
11.54628038406372,0.6512639228833219,[0.70095218],5.0,0.6,0.0,-0.04155308829988835,0.47564650765800753,1.1103109254440806
11.555417776107788,0.6549764985013187,[0.70628984],5.0,0.6,0.0,-0.059409279982556976,0.468775667099253,1.0906000505279763
11.56354546546936,0.6582982766858421,[0.71170612],5.0,0.6,0.0,-0.07002198219212258,0.5336466750731995,1.065250612415528
11.573861837387085,0.6625970484540489,[0.71720098],5.0,0.6,0.0,-0.07544560358523286,0.5170507015877089,1.0508318732327742
11.582630634307861,0.6657234279218355,[0.72278666],5.0,0.6,0.0,-0.077262505647734,0.4925511681931657,1.0213930497209487
11.590537309646606,0.6690452061063589,[0.72846127],5.0,0.6,0.0,-0.07664568262612434,0.5188963865744374,0.9935838108555338
11.599224328994751,0.672562383007619,[0.73422293],5.0,0.6,0.0,-0.07444264831003332,0.5410237895939216,0.9674731025853066
11.608589887619019,0.6762749586256158,[0.74008147],5.0,0.6,0.0,-0.07125411869739957,0.5596960170221695,0.9429657944062158
11.618538856506348,0.6805737303938224,[0.7460444],5.0,0.6,0.0,-0.06749903080141066,0.5742292481369948,0.9243104931052573
11.627540111541748,0.6840909072950825,[0.75211752],5.0,0.6,0.0,-0.06346498946871908,0.5923344817322586,0.8963207251458576
11.63754153251648,0.6879988816298159,[0.75830562],5.0,0.6,0.0,-0.05934601310904927,0.609260783252796,0.8720918451570179
11.64655065536499,0.6917114572478126,[0.76461339],5.0,0.6,0.0,-0.05527014102169449,0.6284864687393457,0.8454370633341746
11.656529426574707,0.6956194315825459,[0.77104607],5.0,0.6,0.0,-0.051319322514382246,0.6484522175228274,0.8205100143994517
11.665709972381592,0.6993320072005428,[0.77761004],5.0,0.6,0.0,-0.047543594906070394,0.6712435862951687,0.7936121178864195
11.676608085632324,0.7042169751189595,[0.784313],5.0,0.6,0.0,-0.043971111673859815,0.6900627528252434,0.7771823508948521
11.685635328292847,0.7079295507369562,[0.79116402],5.0,0.6,0.0,-0.040615191604917424,0.7161569728162736,0.7501735506394032
11.695494890213013,0.7120329237884264,[0.79817325],5.0,0.6,0.0,-0.037479247388294196,0.7415231386745101,0.7267208577331564
11.70639705657959,0.716331695556633,[0.80536792],5.0,0.6,0.0,-0.03456021382862996,0.8214972418806368,0.7048465216807095
11.716481447219849,0.7200442711746298,[0.81278959],5.0,0.6,0.0,-0.3078892789895789,0.8362525307492923,0.6789349545654917
11.728749513626099,0.7251246378097833,[0.82047614],5.0,0.6,0.0,-0.33850467853151356,0.9076436817580253,0.6622028450091514
11.73849105834961,0.72883721342778,[0.82844372],5.0,0.6,0.0,-0.28108729568865665,0.8563367593988785,0.6374192324387836
11.747561931610107,0.7325497890457766,[0.83667039],5.0,0.6,0.0,-0.20285961210982895,0.888078272759784,0.6143504090271171
11.757484197616577,0.7364577633805102,[0.84513746],5.0,0.6,0.0,-0.1303599562286848,0.9201586060525222,0.5941948807055027
11.766736268997192,0.7401703389985068,[0.85384641],5.0,0.6,0.0,-0.07191534040888449,0.9535110656607303,0.5754337257655906
11.776500940322876,0.7444691107667136,[0.86279771],5.0,0.6,0.0,-0.028237940409602452,0.9843989596152566,0.560789315274539
11.784969568252563,0.7479862876679737,[0.87199067],5.0,0.6,0.0,0.27876292505913086,1.0195328378406545,0.5461125021363764
11.792926549911499,0.7511126671357603,[0.88142334],5.0,0.6,0.0,0.3328402671905655,1.056867177640462,0.5334187239359378
11.80052375793457,0.7540436478868106,[0.89107261],5.0,0.6,0.0,0.29120745659614056,1.030351057892005,0.523328267087872
11.809534788131714,0.7579516222215439,[0.90089693],5.0,0.6,0.0,0.2231717213578292,1.0812443359675623,0.5167579550276771
11.81879448890686,0.7616641978395406,[0.9108966],5.0,0.6,0.0,0.15688297342311494,1.1888490491710328,0.5116129029678446
11.827807188034058,0.7655721721742741,[0.92110533],5.0,0.6,0.0,0.10186902182670068,1.206967990537664,0.5079142691427986
11.837570190429688,0.7694801465090074,[0.93150751],5.0,0.6,0.0,-0.2163225824861058,1.1667863579721982,0.5052096786030936
11.853717565536499,0.7759283041613175,[0.94207822],5.0,0.6,0.0,-0.28016675548556436,1.2981889570355905,0.503942781644314
11.862623691558838,0.7796408797793143,[0.95283671],5.0,0.6,0.0,-0.2466186616664709,1.2910258282812226,0.502435069137242
11.871934413909912,0.7831580566805743,[0.96376999],5.0,0.6,0.0,-0.18512497181741053,1.289242619243354,0.5014420789559912
11.880788803100586,0.7866752335818344,[0.97480831],5.0,0.6,0.0,-0.4001334611348398,1.250525244087016,0.500723605345029
11.890486001968384,0.7905832079165678,[0.98587013],5.0,0.6,0.0,-0.38248407796130257,1.2686145290839845,0.5003780376093088
11.898919582366943,0.7942957835345645,[0.99689058],5.0,0.6,0.0,-0.28868243371316393,1.2842969307163794,0.5002101791884475
11.909630060195923,0.7983991565860346,[1.00782654],5.0,0.6,0.0,-0.18471788460155547,1.3221709882807338,0.500129619675183
11.918513536453247,0.8019163334872947,[1.01863881],5.0,0.6,0.0,-0.09501752983989648,1.3207256253109876,0.5000765240195345
11.927795648574829,0.8058243078220281,[1.02927404],5.0,0.6,0.0,-0.025813102705561218,1.3397910350631828,0.5000455459887043
11.936490774154663,0.8091460860065515,[1.03966479],5.0,0.6,0.0,0.023952551809778986,1.456553752004825,0.5000238064103137
11.944930791854858,0.8128586616245482,[1.04974354],5.0,0.6,0.0,0.05771601656212072,1.4875997996924484,0.5000108850626322
11.952471017837524,0.815985041092335,[1.05945113],5.0,0.6,0.0,0.07921912570905995,1.481311455662375,0.5000024303193282
11.962480068206787,0.820088414143805,[1.06873622],5.0,0.6,0.0,0.09173818010460245,1.465584887596747,0.4999979999099294
11.97266960144043,0.8241917871952751,[1.07755467],5.0,0.6,0.0,0.09788489037389014,1.4265280882403364,0.4999955239825389
11.984377384185791,0.8290767551136919,[1.0858667],5.0,0.6,0.0,0.0996372121988292,1.3593176628422334,0.49999448250314493
11.993777513504028,0.8327893307316886,[1.09363339],5.0,0.6,0.0,0.09844595325153359,1.2905609087902428,0.4999940163193335
12.001569509506226,0.8361111089162119,[1.10081902],5.0,0.6,0.0,0.09535184905656945,1.223732524512698,0.49999405189784724
12.010054349899292,0.8394328871007354,[1.10739721],5.0,0.6,0.0,0.09108868630017714,1.2103251940972635,0.4999944032081291
12.021242380142212,0.8435362601522054,[1.11335147],5.0,0.6,0.0,0.08616602337516394,1.1446017158399664,0.4999949481195638
12.031515836715698,0.8478350319204122,[1.11866626],5.0,0.6,0.0,0.08093231507115539,1.0900907711778007,0.4999955497092485
12.041656970977783,0.8521338036886189,[1.12332739],5.0,0.6,0.0,0.07562166695196151,1.049766710186661,0.4999961522087981
12.051208734512329,0.8560417780233522,[1.12732765],5.0,0.6,0.0,0.07038780735143457,1.0243497604726317,0.4999967169938823
12.05859661102295,0.8593635562078759,[1.13067412],5.0,0.6,0.0,0.06532845328990788,1.043553307552285,0.49999722703887467
12.067852020263672,0.8632715305426091,[1.13338253],5.0,0.6,0.0,0.06050262584411048,0.9955545469422179,0.49999773510150286
12.076615333557129,0.8665933087271326,[1.13547083],5.0,0.6,0.0,0.3319812293517799,1.0153831525774015,0.49991849064652516
12.084685325622559,0.869915086911656,[1.13697183],5.0,0.6,0.0,0.36082679052911065,1.0097583707250015,0.49990373012194306
12.095259428024292,0.8740184599631259,[1.13792794],5.0,0.6,0.0,0.3017339339661135,1.0104785569426977,0.49993312400249745
12.104492902755737,0.8779264342978594,[1.13838717],5.0,0.6,0.0,0.22193174243004682,1.038373881659058,0.49996461775104645
12.112488508224487,0.8814436111991195,[1.13840719],5.0,0.6,0.0,0.14796038051537383,1.0582143611145802,0.4999855430728703
12.122386932373047,0.8853515855338528,[1.13804982],5.0,0.6,0.0,0.08814557993642967,1.096966011217435,0.4999970575192991
12.132048845291138,0.8890641611518495,[1.13738196],5.0,0.6,0.0,0.04319625725829916,1.156861679960205,0.5000030178839755
12.141410827636719,0.8927767367698464,[1.13647751],5.0,0.6,0.0,0.011055634685949247,1.2310313890569358,0.500006850368439
12.151463031768799,0.8964893123878431,[1.13541556],5.0,0.6,0.0,-0.010986535779781004,1.3081312246669639,0.5000109152612677
12.160506010055542,0.9003972867225765,[1.13427804],5.0,0.6,0.0,-0.025457153849360276,1.3725583092684002,0.5000172513213877
12.170357465744019,0.9046960584907832,[1.13314706],5.0,0.6,0.0,-0.03443482876794316,1.4104436757425045,0.5000284158849184
12.179613828659058,0.9086040328255167,[1.13210203],5.0,0.6,0.0,-0.03952479981211585,1.4193372309944468,0.5000446808632926
12.18968677520752,0.91251200716025,[1.13121697],5.0,0.6,0.0,-0.04192153811266691,1.3993435989567133,0.5000687368081408
12.198479890823364,0.9162245827782467,[1.13054775],5.0,0.6,0.0,-0.04249261673524514,1.3783980774115245,0.5001010292890152
12.207035064697266,0.9197417596795069,[1.13013229],5.0,0.6,0.0,-0.04185741660245658,1.349391149343087,0.5001416716383351
12.217470645904541,0.9240405314477135,[1.13001289],5.0,0.6,0.0,-0.040452193736416925,1.294431116742769,0.5002053413415548
12.231401443481445,0.9299024929498136,[1.1302464],5.0,0.6,0.0,-0.03858058956997433,1.2431860972866946,0.5003252433746452
12.241485118865967,0.9340058660012838,[1.13089058],5.0,0.6,0.0,-0.03645144834160302,1.2280423766722157,0.5004285840837702
12.251480340957642,0.9379138403360172,[1.13197982],5.0,0.6,0.0,-0.03420649963262863,1.2173737536378682,0.500534622896348
12.261009693145752,0.941626415954014,[1.13352806],5.0,0.6,0.0,-0.031940323173953664,1.2108639805427532,0.5006321090227539
12.269869565963745,0.9451435928552739,[1.13554335],5.0,0.6,0.0,-0.0297146010289559,1.2081930439376736,0.500709223273089
12.27747893333435,0.9482699723230607,[1.13801569],5.0,0.6,0.0,-0.027568217168150992,1.1671472700725956,0.5007455069890168
12.291472911834717,0.953936535108424,[1.14093255],5.0,0.6,0.0,-0.025524374562411266,1.2134066055606363,0.5009173418833683
12.300449132919312,0.9574537120096842,[1.14431832],5.0,0.6,0.0,-0.02359558784109753,1.257575721516212,0.5009264752620665
12.310757160186768,0.9615570850611541,[1.14820205],5.0,0.6,0.0,-0.021787171537592003,1.2448404677939922,0.5009418697811929
12.31979775428772,0.9658558568293609,[1.15256307],5.0,0.6,0.0,-0.020099667547812367,1.1925686442228116,0.500937553213774
12.330186367034912,0.9697638311640945,[1.15735133],5.0,0.6,0.0,-0.018530527070506855,1.2037591668657035,0.5008777884746657
12.338490962982178,0.9732810080653544,[1.16251899],5.0,0.6,0.0,-0.01707527001007997,1.1730345490831278,0.5007751280205546
12.348831176757812,0.9771889824000878,[1.16803375],5.0,0.6,0.0,-0.015728279011234827,1.240825749411438,0.5006860134804368
12.3584566116333,0.9810969567348212,[1.17387678],5.0,0.6,0.0,-0.014483338625861441,1.205244812134764,0.500591365727233
12.368465662002563,0.9850049310695548,[1.18001412],5.0,0.6,0.0,-0.013333997147813161,1.2267917460097486,0.500497466310013
12.379278421401978,0.9898898989879715,[1.18642523],5.0,0.6,0.0,-0.012273805432899049,1.2837802003431305,0.5004414342281974
12.389966487884521,0.9937978733227049,[1.19311403],5.0,0.6,0.0,0.2647418889763467,1.2883040839982998,0.5003021220473488
12.397475004196167,0.9967288540737549,[1.20005316],5.0,0.6,0.0,0.29876701096893477,1.2587902872614252,0.5001901163066774
12.407053709030151,1.0006368284084883,[1.20718915],5.0,0.6,0.0,0.24449919133325654,1.279792700325051,0.500152410085615
12.416468143463135,1.0045448027432218,[1.21448484],5.0,0.6,0.0,0.16917793992791327,1.2981677214993776,0.5001271891093257
12.427473783493042,1.009038973228165,[1.22191657],5.0,0.6,0.0,0.0993583859807345,1.3111647675867621,0.5001084827465138
12.436551809310913,1.0127515488461618,[1.22945927],5.0,0.6,0.0,0.043383793233233346,1.325908408851439,0.50008195016703
12.448387145996094,1.0178319154813154,[1.23709652],5.0,0.6,0.0,0.001981845095264865,1.3651623080922253,0.5000666912258128
12.4564847946167,1.0213490923825752,[1.24480878],5.0,0.6,0.0,-0.02688512347343329,1.3343331362486637,0.5000454630001627
12.4674813747406,1.025647864150782,[1.25255346],5.0,0.6,0.0,-0.045908483111035944,1.3434316904846215,0.5000321574901745
12.478968858718872,1.0303374333524622,[1.26029701],5.0,0.6,0.0,-0.057596860544332176,1.3757134711363768,0.5000230445832493
12.486477136611938,1.0332684141035122,[1.26801592],5.0,0.6,0.0,-0.0640114196690235,1.446438287867578,0.5000132999243997
12.495567321777344,1.0367855910047723,[1.27566962],5.0,0.6,0.0,-0.06674090602861435,1.48190782224043,0.500007733794262
12.504723072052002,1.040498166622769,[1.28322013],5.0,0.6,0.0,-0.06696430567713067,1.5121648381519577,0.5000042967806562
12.513157606124878,1.0440153435240291,[1.29064071],5.0,0.6,0.0,-0.06553472780338722,1.538020216088057,0.5000020135650477
12.521979331970215,1.0471417229918158,[1.297901],5.0,0.6,0.0,-0.06305809422981018,1.5526357433085238,0.5000004938048777
12.531200647354126,1.0506588998930757,[1.30496923],5.0,0.6,0.0,-0.05995817196909861,1.5701070826797183,0.4999997366369781
12.539451837539673,1.0543714755110727,[1.31182634],5.0,0.6,0.0,-0.05652703791706899,1.5857009353395692,0.49999937018250473
12.548423528671265,1.058279449845806,[1.31845895],5.0,0.6,0.0,0.2230755149955673,1.5754817468004643,0.4999642769526374
12.557615756988525,1.0619920254638027,[1.32486013],5.0,0.6,0.0,0.25976551386928814,1.6188604248599066,0.4999507673654828
12.56642746925354,1.0655092023650627,[1.33103523],5.0,0.6,0.0,0.20814938439007968,1.615852571979413,0.4999685008051595
12.575451612472534,1.0690263792663228,[1.33698793],5.0,0.6,0.0,0.1354079535695269,1.6397412373763625,0.49998693111316117
12.58458137512207,1.0727389548843196,[1.34272929],5.0,0.6,0.0,0.0680601521301884,1.656356657097927,0.4999970178692338
12.593775987625122,1.0764515305023163,[1.34828461],5.0,0.6,0.0,0.01442845979947633,1.6624159288504805,0.500000226725237
12.602396965026855,1.0803595048370498,[1.35367482],5.0,0.6,0.0,-0.02476976537303646,1.6729912993221403,0.4999998680162091
12.610737562179565,1.0838766817383099,[1.3589171],5.0,0.6,0.0,-0.05157551415327521,1.6675193543378444,0.4999982886336556
12.620500326156616,1.08739385863957,[1.36404697],5.0,0.6,0.0,-0.34471724677593,1.614701247043255,0.4999117756733668
12.63083791732788,1.0913018329743032,[1.36911717],5.0,0.6,0.0,-0.3877472703574343,1.6185816748484125,0.4998882911820533
12.640707969665527,1.0954052060257735,[1.37416897],5.0,0.6,0.0,-0.06137429222419993,1.6016218440129546,0.49999737393224597
12.651224613189697,1.0995085790772434,[1.37924912],5.0,0.6,0.0,0.04663371844379305,1.7063271323992864,0.4999985406947123
12.660770893096924,1.1034165534119769,[1.38442131],5.0,0.6,0.0,0.0632470829397275,1.67746780876386,0.49999716071578254
12.669317960739136,1.1073245277467103,[1.38972863],5.0,0.6,0.0,-0.22952249255987506,1.724512120633099,0.49996090434590207
12.680660247802734,1.1120140969483903,[1.39521562],5.0,0.6,0.0,-0.287494525803751,1.7645388014743864,0.49993858482749065
12.69185495376587,1.116312868716597,[1.40096552],5.0,0.6,0.0,-0.2553971298153082,1.8748279427112686,0.499951538464831
12.700814485549927,1.1200254443345938,[1.40707524],5.0,0.6,0.0,-0.1973311172940792,1.8956226615205147,0.49997108387216604
12.708520650863647,1.1231518238023808,[1.41358511],5.0,0.6,0.0,-0.13956777922074765,1.8463349251281211,0.4999855470421674
12.721070051193237,1.1282321904375339,[1.42050764],5.0,0.6,0.0,-0.09120212320297308,1.961989640749602,0.4999938462695933
12.73057246208191,1.1321401647722673,[1.42789682],5.0,0.6,0.0,-0.05395756997197937,1.9811210136111215,0.49999785799359026
12.739786863327026,1.135852740390264,[1.4357938],5.0,0.6,0.0,-0.026722986112557474,2.0026176542680503,0.49999948374854203
12.747461080551147,1.1387837211413143,[1.444181],5.0,0.6,0.0,-0.007565507490757814,1.9530488423901275,0.49999996531578916
12.756605863571167,1.1424962967593109,[1.45301339],5.0,0.6,0.0,0.005442008396264633,1.9998789042791079,0.4999999821711075
12.764702320098877,1.1456226762270976,[1.4622692],5.0,0.6,0.0,0.013932504163452666,2.0446876905273172,0.4999998574557049
12.773981809616089,1.149530650561831,[1.47194618],5.0,0.6,0.0,0.019188135206280266,2.082032838304234,0.499999726858425
12.782690525054932,1.1528524287463542,[1.48201285],5.0,0.6,0.0,0.022173312287254505,2.0462592293653628,0.4999996343995821
12.79147219657898,1.1565650043643512,[1.49241347],5.0,0.6,0.0,0.023594139799656487,2.103025431499326,0.49999958576424985
12.802062273025513,1.1610591748492947,[1.50311698],5.0,0.6,0.0,0.023958159846049272,2.1486196492838796,0.4999995727879112
12.81187915802002,1.164967149184028,[1.51411264],5.0,0.6,0.0,0.023625226161473167,2.190593998439592,0.4999995845378426
12.82230830192566,1.1694613196689714,[1.52540309],5.0,0.6,0.0,0.02284762806160022,2.2900820199568526,0.4999996114224666
12.831448793411255,1.1733692940037048,[1.53698079],5.0,0.6,0.0,-0.25423793955642804,2.2369652431148643,0.4999518865532655
12.841697454452515,1.1772772683384383,[1.54878797],5.0,0.6,0.0,-0.28855920055857676,2.268590657477238,0.4999380202811975
12.85097885131836,1.1811852426731717,[1.560763],5.0,0.6,0.0,-0.23472660483317437,2.294460303806277,0.4999589877596218
12.8585524559021,1.183920824707485,[1.57284509],5.0,0.6,0.0,-0.1599199411714322,2.2710609026904534,0.499980962774752
12.86746883392334,1.1876334003254816,[1.58495557],5.0,0.6,0.0,-0.0906538544358092,2.307136610923195,0.49999388246355103
12.876537799835205,1.191150577226742,[1.59703249],5.0,0.6,0.0,-0.03524454369698856,2.3350570947770315,0.4999990753229987
12.886779308319092,1.1956447477116852,[1.60903696],5.0,0.6,0.0,0.005598050654873059,2.3838287889165226,0.4999999766718507
12.89446496963501,1.1987711271794719,[1.62092376],5.0,0.6,0.0,0.033922892795474904,2.3595308678492084,0.4999991433724001
12.903467655181885,1.2020929053639953,[1.63261586],5.0,0.6,0.0,0.05242822400369456,2.385155310296986,0.49999795385654244
12.91421914100647,1.2061962784154654,[1.64403811],5.0,0.6,0.0,0.06362652107414427,2.4079811659703876,0.4999969864269578
12.924759149551392,1.2102996514669355,[1.65514288],5.0,0.6,0.0,-0.20645760122264956,2.513979709762742,0.4999682711267732
12.933824062347412,1.2144030245184054,[1.66588097],5.0,0.6,0.0,0.038755531252549824,2.562960505530084,0.49999888191819847
12.942775011062622,1.2181156001364022,[1.67619435],5.0,0.6,0.0,0.12680045854048927,2.560303168567038,0.4999880314062623
12.950744390487671,1.2216327770376625,[1.68602662],5.0,0.6,0.0,0.1459870820708401,2.5219157248125743,0.49998413541771225
12.958457946777344,1.224759156505449,[1.6953271],5.0,0.6,0.0,0.137604028335624,2.481527421837506,0.4999859050723843
12.968812704086304,1.2290579282736558,[1.70405139],5.0,0.6,0.0,0.12028507039062884,2.399950531152923,0.49998922975826027
12.97644305229187,1.2321843077414425,[1.71216237],5.0,0.6,0.0,0.10193593245495305,2.3760861871350336,0.49999226504278116
12.98548173904419,1.2357014846427024,[1.71963403],5.0,0.6,0.0,0.08551818158052042,2.3270130175653487,0.4999945559610175
12.99510383605957,1.239609458977436,[1.72644822],5.0,0.6,0.0,0.07181549182703068,2.2882472070640216,0.49999616079514475
13.002885580062866,1.242540439728486,[1.73259687],5.0,0.6,0.0,0.06072877690572656,2.2997412119780254,0.4999972546700256
13.010494470596313,1.2458622179130094,[1.73808737],5.0,0.6,0.0,0.05186213639257861,2.308308857517964,0.4999979978038968
13.020543098449707,1.2499655909644793,[1.7429351],5.0,0.6,0.0,0.04477267589962414,2.2841745427452333,0.49999850778249616
13.029441118240356,1.2534827678657396,[1.74715743],5.0,0.6,0.0,0.03906519275600451,2.2802257266868664,0.4999988639796135
13.037557125091553,1.256804546050263,[1.75077985],5.0,0.6,0.0,0.03441834580309304,2.305312301878813,0.49999911816713666
13.052637577056885,1.2628619062690998,[1.75383851],5.0,0.6,0.0,0.030582904475032303,2.3067952867820707,0.4999993037522104
13.061020612716675,1.26637908317036,[1.75637791],5.0,0.6,0.0,0.027370474756807983,2.355805808635255,0.49999944233794563
13.069939613342285,1.26989626007162,[1.75845236],5.0,0.6,0.0,0.02464057072635854,2.4108051909586505,0.4999995480316697
13.080541849136353,1.2741950318398267,[1.76012385],5.0,0.6,0.0,0.022289034884345124,2.4621530058565626,0.499999630181151
13.088784217834473,1.2777122087410866,[1.76145739],5.0,0.6,0.0,0.020238656990468472,2.5115227600103407,0.4999996950912252
13.099858045578003,1.2824017779427668,[1.76251848],5.0,0.6,0.0,0.018431959871789486,2.5447510921531356,0.4999997470995524
13.108075380325317,1.285918954844027,[1.76337057],5.0,0.6,0.0,0.016825816896874964,2.571196650611499,0.4999997892542133
13.115423440933228,1.2886545368783402,[1.764068],5.0,0.6,0.0,0.015387509718663907,2.546557884185615,0.49999982374425594
13.124914169311523,1.2923671124963367,[1.76465519],5.0,0.6,0.0,0.014091873914317436,2.564752179219065,0.49999985217628634
13.132389068603516,1.295298093247387,[1.76517159],5.0,0.6,0.0,0.012919246608082803,2.5334293720715335,0.49999987575440563
13.142446756362915,1.299401466298857,[1.76565125],5.0,0.6,0.0,0.011853996267217698,2.541830621244136,0.49999989539891193
13.151817560195923,1.3035048393503272,[1.76613205],5.0,0.6,0.0,0.2869218305974192,2.5685771991535042,0.49993872162398856
13.161126375198364,1.307217414968324,[1.76664938],5.0,0.6,0.0,0.31916020802309697,2.5174052695078113,0.49992417870051553
13.170627355575562,1.3109299905863208,[1.76722173],5.0,0.6,0.0,-0.012786073560284272,2.5043651532570514,0.49999987830267845
13.178655862808228,1.3142517687708442,[1.76786193],5.0,0.6,0.0,-0.1227382292823735,2.4893966681398916,0.4999887859752014
13.188391923904419,1.3177689456721042,[1.76857889],5.0,0.6,0.0,-0.13884450813857127,2.440912423066955,0.4999856498032448
13.198522806167603,1.3220677174403108,[1.76937395],5.0,0.6,0.0,-0.12000608756352829,2.427110667438716,0.49998927965964574
13.210179567337036,1.326757286641991,[1.77025264],5.0,0.6,0.0,-0.09205470063019489,2.4326412605907257,0.49999369193912546
13.2196364402771,1.3306652609767244,[1.77122327],5.0,0.6,0.0,-0.06537504563924633,2.4023623034367176,0.49999681851922106
13.228941440582275,1.3345732353114577,[1.77228553],5.0,0.6,0.0,-0.04338952223434163,2.3702686995011177,0.4999985985558246
13.242661714553833,1.3400443993800844,[1.77343388],5.0,0.6,0.0,0.24946627529847024,2.347296868012128,0.49995367555320647
13.251428842544556,1.3437569749980813,[1.77465995],5.0,0.6,0.0,0.29486774458696585,2.2921182765643464,0.4999352808056308
13.26030945777893,1.3472741518993414,[1.77594988],5.0,0.6,0.0,0.24842422808086395,2.2675843209045077,0.4999540617314878
13.270143270492554,1.3511821262340749,[1.77729091],5.0,0.6,0.0,0.1782498035481272,2.250300895602079,0.49997634872687835
13.277398347854614,1.3541131069851247,[1.77867261],5.0,0.6,0.0,0.11162816964941989,2.2208594349558886,0.4999907242239569
13.28641676902771,1.3578256826031216,[1.78008566],5.0,0.6,0.0,0.05746910673984143,2.2263643209544566,0.49999754147572273
13.295430660247803,1.3613428595043817,[1.78152735],5.0,0.6,0.0,0.01692358436078421,2.238079290492526,0.4999997867979957
13.3053879737854,1.3654462325558518,[1.78300137],5.0,0.6,0.0,-0.011737811727813628,2.2503227463494606,0.49999989743931655
13.313438177108765,1.3687680107403752,[1.78451475],5.0,0.6,0.0,-0.030986000153322955,2.2679777713299485,0.49999928527758636
13.321573734283447,1.3720897889248986,[1.78607226],5.0,0.6,0.0,-0.043174147908650984,2.24222131980354,0.49999861243408705
13.330395221710205,1.3756069658261585,[1.78767607],5.0,0.6,0.0,-0.05025512471976796,2.269359838090574,0.4999981199622544
13.340318202972412,1.3795149401608922,[1.78932985],5.0,0.6,0.0,-0.05374314539601956,2.2430599098982196,0.49999784993345225
13.351710081100464,1.3838137119290987,[1.79104453],5.0,0.6,0.0,-0.054766592523727675,2.308110121016386,0.4999977672651743
13.361130237579346,1.387721686263832,[1.7928369],5.0,0.6,0.0,-0.05414479290417559,2.2750532245613537,0.49999781767654505
13.368455648422241,1.3910434644483554,[1.79470919],5.0,0.6,0.0,-0.05246162824481722,2.249130329298121,0.4999979512483549
13.382048845291138,1.397296223383929,[1.79667095],5.0,0.6,0.0,-0.050126965789121375,2.3033385248513705,0.4999981295388403
13.394197463989258,1.4015949951521356,[1.79875696],5.0,0.6,0.0,-0.047424583320034394,2.2929407481272737,0.4999983257782073
13.40256929397583,1.404916773336659,[1.80098283],5.0,0.6,0.0,-0.04454815267588491,2.275112879858817,0.4999985227111307
13.412027597427368,1.4088247476713924,[1.80334084],5.0,0.6,0.0,-0.04162762250972303,2.2745658392264323,0.49999871006056407
13.42162275314331,1.412537323289389,[1.80583122],5.0,0.6,0.0,-0.03874826155882399,2.2721959097118924,0.49999888233765094
13.43163537979126,1.416836095057596,[1.80846089],5.0,0.6,0.0,-0.035964256537291114,2.2652312374642802,0.49999903717266964
13.441954135894775,1.4211348668258026,[1.8112429],5.0,0.6,0.0,-0.03330834600062127,2.237697678660936,0.49999917412861344
13.454485177993774,1.4264106321776928,[1.81419517],5.0,0.6,0.0,-0.030798604738107065,2.2303793115701773,0.4999992938964422
13.471593379974365,1.432858789830003,[1.81732361],5.0,0.6,0.0,-0.028443197564788126,2.216356918226666,0.4999993977689475
13.483206987380981,1.4373529603149464,[1.82063145],5.0,0.6,0.0,-0.026243694960449804,2.1660982246721527,0.49999948730832233
13.495762825012207,1.442824124383573,[1.82413482],5.0,0.6,0.0,-0.02419737478256883,2.1154555039624703,0.4999995641442756
13.503441333770752,1.4455597064178862,[1.82783673],5.0,0.6,0.0,-0.022298811682347066,2.203076247973314,0.4999996298568501
13.515503644943237,1.4506400730530398,[1.83172073],5.0,0.6,0.0,-0.020540967610042152,2.1580778172935724,0.4999996859144199
13.5244140625,1.4541572499542998,[1.83577744],5.0,0.6,0.0,-0.01891593382715724,2.182973513126342,0.4999997336444402
13.536473274230957,1.4590422178727167,[1.84000302],5.0,0.6,0.0,-0.017415430170281132,2.144758285579751,0.4999997742256955
13.547760486602783,1.4637317870743967,[1.84439736],5.0,0.6,0.0,-0.01603113574673629,2.1175217397363717,0.4999998086913588
13.555423498153687,1.466662767825447,[1.84894932],5.0,0.6,0.0,-0.014754903007843465,2.209292591602336,0.4999998379389007
13.564918994903564,1.4701799447267068,[1.85362452],5.0,0.6,0.0,-0.013578891515764052,2.2210418528550098,0.49999986274293223
13.573498010635376,1.4740879190614404,[1.85839081],5.0,0.6,0.0,-0.012495646750414511,2.2278825314011907,0.49999988376857873
13.581408262252808,1.4770188998124902,[1.86321893],5.0,0.6,0.0,-0.011498141615446801,2.228425377683941,0.4999999015849653
13.590193510055542,1.4809268741472237,[1.86807559],5.0,0.6,0.0,-0.010579792917767169,2.234471551003055,0.4999999166778487
13.601816415786743,1.4856164433489039,[1.87294332],5.0,0.6,0.0,-0.009734461330426894,2.2436464663248694,0.4999999294608991
13.611406087875366,1.4893290189669006,[1.87781781],5.0,0.6,0.0,-0.008956440718232109,2.2479102327182523,0.4999999402858857
13.622609853744507,1.4940185881685808,[1.88268177],5.0,0.6,0.0,-0.008240440867709078,2.2268630423052738,0.49999994945166004
13.636389970779419,1.4994897522372075,[1.88750754],5.0,0.6,0.0,-0.007581566383641209,2.223155188929158,0.4999999572118321
13.649030208587646,1.5049609163058342,[1.89227646],5.0,0.6,0.0,-0.006975293622954427,2.2174607456401847,0.4999999637814943
13.657408237457275,1.5084780932070943,[1.89697255],5.0,0.6,0.0,-0.006417446918294685,2.1910841835985035,0.4999999693429663
13.668758392333984,1.5131676624087744,[1.9015815],5.0,0.6,0.0,-0.005904174914524817,2.221491861352779,0.4999999740508117
13.676386594772339,1.5159032444430878,[1.90609597],5.0,0.6,0.0,-0.005431927546126839,2.195213763061892,0.49999997803589946
13.684875249862671,1.5194204213443476,[1.91050454],5.0,0.6,0.0,-0.0049974339798139955,2.1975993655246664,0.4999999814091355
13.693720579147339,1.5229375982456077,[1.91479605],5.0,0.6,0.0,-0.004597681707570942,2.1932613681787676,0.49999998426440373
13.702383995056152,1.526454775146868,[1.91896328],5.0,0.6,0.0,-0.004229896883306977,2.18043790751831,0.49999998668120677
13.712956428527832,1.5303627494816012,[1.92299845],5.0,0.6,0.0,-0.003891525931299421,2.171598277542964,0.49999998872685847
13.721215009689331,1.5338799263828615,[1.92689074],5.0,0.6,0.0,-0.0035802184158009853,2.120170710374005,0.49999999045833926
13.730437994003296,1.537592502000858,[1.93062295],5.0,0.6,0.0,-0.27933217081258666,2.081225980888225,0.4999419204339037
13.741152286529541,1.5420866724858016,[1.93417669],5.0,0.6,0.0,-0.31219327621727766,2.0347545714276167,0.4999274525324585
13.749839544296265,1.5457992481037983,[1.93753576],5.0,0.6,0.0,0.019184760129727446,1.9947747851531936,0.499999726019768
13.760684967041016,1.550098019872005,[1.94068608],5.0,0.6,0.0,0.12861739641459125,1.9584408571393084,0.49998768595451787
13.772742986679077,1.5551783865071585,[1.94361661],5.0,0.6,0.0,0.1442480042282897,1.9207151941907394,0.49998451113578307
13.782197713851929,1.5588909621251552,[1.94632031],5.0,0.6,0.0,0.12497356733900739,1.9044861962664723,0.4999883737955378
13.794663429260254,1.564166727477045,[1.94879468],5.0,0.6,0.0,0.09662216625626077,1.8781088877115675,0.49999305044192505
13.803426504135132,1.567879303095042,[1.95104103],5.0,0.6,0.0,0.06957528291378545,1.868760879496918,0.4999963965786198
13.81238842010498,1.5715918787130385,[1.95306432],5.0,0.6,0.0,-0.22878590095486073,1.8600440375170568,0.4999610373698806
13.821301460266113,1.5751090556142986,[1.95487273],5.0,0.6,0.0,-0.2790378741677864,1.8549609977109054,0.49994204274465115
13.835646867752075,1.580971017116399,[1.95647754],5.0,0.6,0.0,-0.2365023521490608,1.8452625805171412,0.49995836490923806
13.845437049865723,1.584488194017659,[1.95789301],5.0,0.6,0.0,-0.16933297762348257,1.8441606345211392,0.49997865577058204
13.854381561279297,1.588005370918919,[1.95913513],5.0,0.6,0.0,-0.3810000476977758,1.843976353206139,0.49989195372395767
13.86639952659607,1.5930857375540726,[1.96022097],5.0,0.6,0.0,-0.36162534936803536,1.836105320250281,0.4999026620664011
13.875362634658813,1.596798313172069,[1.96116849],5.0,0.6,0.0,-0.2671968901025135,1.8345846692653784,0.4999468569631135
13.885400772094727,1.6007062875068025,[1.96199601],5.0,0.6,0.0,-0.16333616439478266,1.8301465621514774,0.4999801407585636
13.897727966308594,1.6055912554252194,[1.96272255],5.0,0.6,0.0,-0.07421175280445519,1.83012793302839,0.4999959003253855
13.90736985206604,1.6094992297599529,[1.96336659],5.0,0.6,0.0,-0.005875531528486945,1.8117561075097666,0.4999999743151862
13.917383909225464,1.6137980015281594,[1.96394257],5.0,0.6,0.0,0.04285351680226532,1.787238215886413,0.49999863298937575
13.930455684661865,1.6190737668800494,[1.96446121],5.0,0.6,0.0,0.07549629406010469,1.7590265886127507,0.4999957572089079
13.939977884292603,1.6233725386482565,[1.96493092],5.0,0.6,0.0,0.09585120882481207,1.7263361089122513,0.49999316097454305
13.951294422149658,1.627671310416463,[1.96535754],5.0,0.6,0.0,0.1072317835554654,1.697849672835518,0.49999144059259537
13.963732481002808,1.6327516770516164,[1.96574641],5.0,0.6,0.0,0.11227353019370692,1.675493328472583,0.4999906168957525
13.975072860717773,1.6374412462532968,[1.96610361],5.0,0.6,0.0,0.11296895996266823,1.6511561123570635,0.49999050047569965
13.986660718917847,1.6417400180215034,[1.96643577],5.0,0.6,0.0,0.11077711652399329,1.6406433265524583,0.49999086581668134
13.995024919509888,1.6450617962060268,[1.96674914],5.0,0.6,0.0,0.10674269596748313,1.6169229555051376,0.4999915193970044
14.004629611968994,1.649165169257497,[1.96704855],5.0,0.6,0.0,0.10160059313322048,1.6030924752726314,0.49999231752095413
14.015303611755371,1.6534639410257037,[1.96733917],5.0,0.6,0.0,0.09585960902642944,1.589499292398397,0.49999316247463044
14.02554440498352,1.6575673140771736,[1.96762854],5.0,0.6,0.0,0.0898662568218207,1.5912729375845653,0.4999939927613788
14.035002946853638,1.6616706871286435,[1.96792396],5.0,0.6,0.0,0.08385198392680512,1.5616231733218342,0.49999477316699786
14.045132160186768,1.6659694588968506,[1.96822986],5.0,0.6,0.0,0.07796746261231999,1.5501291631849388,0.49999548646519587
14.05538558959961,1.669877433231584,[1.96855067],5.0,0.6,0.0,0.07230717080521987,1.540345571731319,0.49999612589795833
14.065232992172241,1.6739808062830537,[1.96889201],5.0,0.6,0.0,0.06692685029322411,1.52915194464004,0.4999966935930128
14.073481798171997,1.6771071857508406,[1.96925907],5.0,0.6,0.0,0.06185581923192916,1.5221684690951294,0.4999971904051795
14.083409786224365,1.6814059575190474,[1.96965649],5.0,0.6,0.0,0.05710560544464278,1.5088469266080335,0.4999976331570822
14.093547105789185,1.6855093305705175,[1.97008827],5.0,0.6,0.0,0.05267596817387582,1.495740907645337,0.49999802688283174
14.103385210037231,1.689221906188514,[1.9705578],5.0,0.6,0.0,0.048559076004740666,1.484295025056906,0.49999837811021075
14.112371683120728,1.6927390830897744,[1.97106592],5.0,0.6,0.0,0.04474238835844308,1.4534861658933913,0.4999986966121767
14.121364831924438,1.6962562599910345,[1.97160936],5.0,0.6,0.0,0.04121062856099108,1.4273615180327117,0.4999989954412475
14.130378007888794,1.7001642343257677,[1.97218499],5.0,0.6,0.0,0.03794712234961138,1.423164232531978,0.4999993020580521
14.140871047973633,1.7044630060939745,[1.97279359],5.0,0.6,0.0,0.31097305418356025,1.4136266233114712,0.4999285757389266
14.149927854537964,1.7081755817119713,[1.97343734],5.0,0.6,0.0,0.3413192216908487,1.4046062715317693,0.4999140589186002
14.157341957092285,1.7114973598964947,[1.97411576],5.0,0.6,0.0,0.2836609025982942,1.3756371729430452,0.4999411285750679
14.166372060775757,1.7152099355144914,[1.97482608],5.0,0.6,0.0,0.20521628861695612,1.3693544988872772,0.4999700500061835
14.177426099777222,1.719508707282698,[1.97556733],5.0,0.6,0.0,0.13252036887448376,1.3574396147275596,0.4999889456732631
14.187194347381592,1.7236120803341684,[1.97634191],5.0,0.6,0.0,0.07389750900153877,1.3633296663631354,0.4999987671159374
14.199398756027222,1.7286924469693217,[1.97715475],5.0,0.6,0.0,0.03005774767434609,1.3560728363862866,0.500003671508197
14.20865774154663,1.7324050225873184,[1.97800913],5.0,0.6,0.0,-0.0010529942410165763,1.3323806513202607,0.5000057608863601
14.219387531280518,1.736703794355525,[1.97890327],5.0,0.6,0.0,-0.022141315010888892,1.3077023118933346,0.5000076667451839
14.229987621307373,1.7410025661237318,[1.97983297],5.0,0.6,0.0,-0.03572993944556688,1.284386062950112,0.5000101560412321
14.238765954971313,1.7443243443082552,[1.98079386],5.0,0.6,0.0,-0.04389306374438669,1.2670354134494584,0.5000124666051012
14.24636173248291,1.747450723776042,[1.98177992],5.0,0.6,0.0,-0.04823146661769516,1.2351264293513087,0.5000152727877119
14.255699634552002,1.7513586981107754,[1.98278383],5.0,0.6,0.0,-0.049935235046694615,1.2212268302222191,0.5000204305589004
14.266247749328613,1.7554620711622455,[1.9838004],5.0,0.6,0.0,-0.04986771236254969,1.2053223390230843,0.5000277505352122
14.274977684020996,1.7587838493467687,[1.98482624],5.0,0.6,0.0,-0.048644250701595865,1.1922592241165082,0.5000347081108129
14.285354375839233,1.7630826211149755,[1.98585794],5.0,0.6,0.0,-0.04669730339729834,1.1737633300901122,0.5000472750035808
14.29336142539978,1.7664043992994989,[1.98689081],5.0,0.6,0.0,-0.04432694606283642,1.1456932526597021,0.500058436294328
14.303696155548096,1.7708985697844424,[1.98792019],5.0,0.6,0.0,-0.04173869523946867,1.1403941124043022,0.5000798154186058
14.312440395355225,1.7746111454024391,[1.98894361],5.0,0.6,0.0,-0.039071186026309386,1.1185639085693821,0.5001011554564486
14.321533203125,1.7777375248702258,[1.98995779],5.0,0.6,0.0,-0.03641612812976186,1.0984109956341912,0.5001215019958206
14.32978367805481,1.781254701771486,[1.99095692],5.0,0.6,0.0,-0.03383254701997685,1.069057053930155,0.5001506359368143
14.337342739105225,1.7841856825225362,[1.99193408],5.0,0.6,0.0,-0.03135687128215212,1.046866499352431,0.5001775972944108
14.345977783203125,1.787702859423796,[1.99288318],5.0,0.6,0.0,-0.029010037008816214,1.0309028559440654,0.5002198338088941
14.355658531188965,1.7918062324752662,[1.9938002],5.0,0.6,0.0,-0.02680246775499031,1.010281528633421,0.5002852383672969
14.364664554595947,1.7953234093765262,[1.9946818],5.0,0.6,0.0,0.25130080929619264,0.9896620602095761,0.5003060936606339
14.373838663101196,1.7990359849945228,[1.99552412],5.0,0.6,0.0,0.010310552549376073,0.9637976124055333,0.5004431084450957
14.382367134094238,1.8023577631790462,[1.99632253],5.0,0.6,0.0,-0.07612504025037062,0.9395891178915005,0.5005354030604475
14.391413688659668,1.806070338797043,[1.99707125],5.0,0.6,0.0,-0.09545776814422116,0.9031438227661768,0.5006712805713099
14.399358987808228,1.8093921169815663,[1.99776351],5.0,0.6,0.0,0.18767369765789216,0.8771143362922313,0.5008015674504522
14.408403635025024,1.813104692599563,[1.99839095],5.0,0.6,0.0,0.23611321127707657,0.8243852174760591,0.501000933417019
14.419081211090088,1.81740346436777,[1.9989369],5.0,0.6,0.0,-0.07909330950822857,0.7241223230796701,0.5013681773676257
14.429436922073364,1.8218976348527132,[1.99937581],5.0,0.6,0.0,-0.17451713502983943,0.6596812397743091,0.5018141831369543
14.437397956848145,1.8252194130372366,[1.99968746],5.0,0.6,0.0,0.09709215947165305,0.6479052586429215,0.5022633360184705
14.446367979049683,1.8285411912217602,[1.99985872],5.0,0.6,0.0,0.15807688707289175,0.5846803492391927,0.5028044440622558
14.455387353897095,1.832253766839757,[1.99987124],5.0,0.6,0.0,0.13775648324323186,0.5297003546111866,0.5036136935771625
14.464393854141235,1.8357709437410168,[1.99970281],5.0,0.6,0.0,-0.18257473365728033,0.48612727178271575,0.5046073511793002
14.474214315414429,1.8396789180757502,[1.99934044],5.0,0.6,0.0,-0.2604172446728593,0.48241370724012306,0.5060562719831614
14.485358953475952,1.8439776898439573,[1.99878049],5.0,0.6,0.0,0.0337750513143209,0.43419041551980736,0.5082885202976539
14.4970064163208,1.8484718603289005,[1.99800934],5.0,0.6,0.0,0.11542235862422377,0.38096340933776157,0.5114111970107325
14.507675886154175,1.852966030813844,[1.99700103],5.0,0.6,0.0,0.11173212288774775,0.35422407144480006,0.5157674824854999
14.516341209411621,1.8566786064318406,[1.99574587],5.0,0.6,0.0,0.07992355760560857,0.3354694922066559,0.5208966134840012
14.526371240615845,1.8607819794833107,[1.99426019],5.0,0.6,0.0,0.04414543492209162,0.31242168069880494,0.5283440568234115
14.535950422286987,1.8644945551013075,[1.99256509],5.0,0.6,0.0,0.013357212846127533,0.2941553141523367,0.5376126150336074
14.545368671417236,1.868207130719304,[1.99068014],5.0,0.6,0.0,-0.010134785593918288,0.2798207043617499,0.5497906009163033
14.553367137908936,1.8715289089038274,[1.98863221],5.0,0.6,0.0,-0.0266923028924859,0.29197218382541645,0.564399790037827
14.561426401138306,1.8746552883716143,[1.98645344],5.0,0.6,0.0,-0.03755068134199668,0.2809613899169308,0.5821032278550659
14.570825576782227,1.8785632627063478,[1.98417348],5.0,0.6,0.0,-0.0440602370007034,0.271698749282597,0.6074513543913774
14.580195903778076,1.882471237041081,[1.9818201],5.0,0.6,0.0,-0.047403933301488524,0.26742635797425146,0.6388929946030812
14.58847427368164,1.8857930152256044,[1.97942247],5.0,0.6,0.0,-0.04852407339233582,0.26950427410528016,0.6732005849706204
14.599245309829712,1.8900917869938112,[1.97701012],5.0,0.6,0.0,-0.04813311288556749,0.26800257529506505,0.7206964506950162
14.60944652557373,1.8941951600452813,[1.97461205],5.0,0.6,0.0,-0.046752263128029464,0.2679449544712362,0.774341631245311
14.61894941329956,1.8977123369465414,[1.97225605],5.0,0.6,0.0,-0.04475400332819604,0.2706142821347099,0.8291118320773768
14.627938747406006,1.9016203112812748,[1.96996835],5.0,0.6,0.0,-0.04239955881674687,0.27106424189757067,0.8928630483472697
14.639477252960205,1.9061144817662183,[1.96777324],5.0,0.6,0.0,-0.03986897257952848,0.2673329560653988,0.9674966461043932
14.647738456726074,1.9098270573842149,[1.96569276],5.0,0.6,0.0,-0.03728405242068292,0.2650637744856932,1.0356913009432454
14.65579342842102,1.9131488355687383,[1.96374465],5.0,0.6,0.0,-0.03472536294027917,0.2453414965334016,1.0993024769754476
14.66352891921997,1.9160798163197883,[1.96194231],5.0,0.6,0.0,-0.03224456638428706,0.24533914723594702,1.15660351766131
14.672401905059814,1.9194015945043117,[1.96029612],5.0,0.6,0.0,-0.30591162757767565,0.22152877187307324,1.2156459554858223
14.680384397506714,1.922723372688835,[1.95881178],5.0,0.6,0.0,-0.3367922581300191,0.19938664572993756,1.2706012907155402
14.68864130973816,1.9260451508733585,[1.95749298],5.0,0.6,0.0,-0.2795868311134272,0.20067189050857034,1.32048135635987
14.697888374328613,1.929953125208092,[1.95634545],5.0,0.6,0.0,-0.20153168271939947,0.19650376668500238,1.3699272431469875
14.705621004104614,1.932884105959142,[1.95537501],5.0,0.6,0.0,-0.12917502204414316,0.19489646298112367,1.4037685945018206
14.716233253479004,1.9373782764440857,[1.9545856],5.0,0.6,0.0,-0.07085093967803363,0.18386676447217126,1.4424971691787776
14.725718259811401,1.9410908520620822,[1.95397928],5.0,0.6,0.0,-0.027276711900927085,0.17500041765654017,1.4673229175317617
14.734114408493042,1.9444126302466056,[1.95355632],5.0,0.6,0.0,0.0035962799637147165,0.1667114847022359,1.4834176053673855
14.744344234466553,1.9485160032980757,[1.95331523],5.0,0.6,0.0,0.30050880972938276,0.15342834830663335,1.4953368580895194
14.754494428634644,1.952423977632809,[1.95325295],5.0,0.6,0.0,0.34702822464821204,0.14049175655875584,1.4997729315122925
14.764797449111938,1.9567227494010155,[1.95336496],5.0,0.6,0.0,0.023879669377379925,0.12493385949175863,1.4977471670455662
14.774451732635498,1.9604353250190127,[1.95364541],5.0,0.6,0.0,-0.08115194314699373,0.11181912821885627,1.4908169002731206
14.783386707305908,1.9641479006370093,[1.95408728],5.0,0.6,0.0,-0.09502007040954626,0.09807939869965361,1.479953570720038
14.791347980499268,1.9676650775382694,[1.95467968],5.0,0.6,0.0,-0.07575837039293953,0.057795741295082206,1.4668339403224466
14.801851511001587,1.9715730518730028,[1.95540857],5.0,0.6,0.0,-0.3246178482296532,0.05084164103143259,1.4490054358842999
14.810118913650513,1.9746994313407895,[1.95626287],5.0,0.6,0.0,-0.8846719900460678,0.045139736656018545,1.4336956616426584
14.818342685699463,1.9776304120918395,[1.95723138],5.0,0.6,0.0,-1.1518661031595814,0.011827428931241777,1.4191582076477791
14.82840609550476,1.981342987709836,[1.95830241],5.0,0.6,0.0,-1.260170012301288,0.03113258165332666,1.3980877352285654
14.837388515472412,1.9840785697441496,[1.9594667],5.0,0.6,0.0,-1.5576498525581737,-0.004809769635890205,1.3840992436029471
14.845366477966309,1.9868141517784632,[1.96071195],5.0,0.6,0.0,-1.840831374754663,-0.010018503245268765,1.37009518396254
14.853341341018677,1.9893543350960396,[1.96202576],5.0,0.6,0.0,-2.0435143728213596,-0.01612576590169818,1.3581513115469193
14.861351251602173,1.9918945184136163,[1.96339635],5.0,0.6,0.0,-2.4332832636904334,-0.04493528966970688,1.3456881848426296
14.870303392410278,1.9944347017311932,[1.96481023],5.0,0.6,0.0,-2.7800383236123745,-0.04577709693483771,1.333298886496673
14.881494045257568,1.9973656824822434,[1.96625711],5.0,0.6,0.0,-3.5657757280581794,-0.050474436432864304,1.314653897156369
14.890249490737915,1.9995150683663467,[1.96772942],5.0,0.6,0.0,-4.300786031859296,-0.05298566262382463,1.3034602705917218
14.901374816894531,2.00166445425045,[1.96921984],5.0,0.6,0.0,-5.0,-0.05652358901774263,1.2918863270060106
14.91094970703125,2.0034230427010797,[1.97072135],5.0,0.6,0.0,-5.0,-0.05883697696968441,1.2891771706976598
14.919342517852783,2.0045954350015,[1.97222728],5.0,0.6,0.0,-5.0,-0.05865141765611017,1.2926896226523241
14.92840051651001,2.0061586247353933,[1.97372975],5.0,0.6,0.0,-5.0,-0.07762406185669099,1.292051775279548
14.939761638641357,2.0073310170358134,[1.97522003],5.0,0.6,0.0,-5.0,-0.07187717230065316,1.2953836346476273
14.951922416687012,2.0085034093362335,[1.97669371],5.0,0.6,0.0,-5.0,-0.05165370377735583,1.2985236263499682
14.960383892059326,2.0092850042031802,[1.97814851],5.0,0.6,0.0,-5.0,-0.06784447932860248,1.305475384188859
14.969673156738281,2.0098712003533903,[1.97957919],5.0,0.6,0.0,-5.0,-0.0618717991309166,1.3140662748380376
14.980087995529175,2.0102619977868637,[1.98098118],5.0,0.6,0.0,-5.0,-0.05626441715579458,1.324154884248704
14.98937702178955,2.0106527952203366,[1.98235208],5.0,0.6,0.0,-5.0,-0.05101279119850354,1.3337173294830227
14.998419523239136,2.0106527952203366,[1.98368983],5.0,0.6,0.0,-4.685990059432985,-0.04503781059247322,1.3485944991496281
15.012914657592773,2.0106527952203366,[1.98499512],5.0,0.6,0.0,-4.767890978383487,-0.013599053279025518,1.3599970142104334
15.024150133132935,2.0104573965036003,[1.9862709],5.0,0.6,0.0,-4.904499327757497,-0.014895264321114182,1.3719985462595632
15.033361434936523,2.0102619977868637,[1.98751597],5.0,0.6,0.0,-3.8697604526989684,-0.02680315186752412,1.3906732896751859
15.04204273223877,2.0100665990701265,[1.98872574],5.0,0.6,0.0,-2.608011032201913,-0.02160372628448935,1.407901159275607
15.052814722061157,2.009675801636653,[1.98989766],5.0,0.6,0.0,-1.757638833260353,-0.015312600521393278,1.4224527226073898
15.061434745788574,2.0094804029199165,[1.99102988],5.0,0.6,0.0,-0.3520940724233744,-0.021545870236468305,1.4340893549345575
15.07042670249939,2.0090896054864436,[1.99212003],5.0,0.6,0.0,0.693349517975298,-0.012561746307511924,1.4436760699033495
15.079798698425293,2.00869880805297,[1.99316743],5.0,0.6,0.0,1.691924414780051,-0.005005911648122419,1.4507741372964682
15.089331150054932,2.00811261190276,[1.99417277],5.0,0.6,0.0,2.4653752688773327,0.0026862517373288657,1.4573775557964879
15.100612878799438,2.0077218144692868,[1.99513777],5.0,0.6,0.0,2.9897960157177708,0.017972518551239824,1.4622146083423417
15.111111164093018,2.0073310170358134,[1.99606493],5.0,0.6,0.0,3.5745499336118867,0.02021003113657918,1.4655129501469373
15.121329545974731,2.00694021960234,[1.99695569],5.0,0.6,0.0,4.024733288982082,0.022839663233828536,1.4683453474855788
15.13053560256958,2.00694021960234,[1.99781052],5.0,0.6,0.0,4.297753286231435,0.02384079635782296,1.4699056519269065
15.138605833053589,2.0065494221688667,[1.9986301],5.0,0.6,0.0,4.686318202932412,0.026979075033319644,1.4714513542021068
15.147924423217773,2.00635402345213,[1.99941517],5.0,0.6,0.0,5.0,0.02879401661796229,1.4721487382758838
15.155680894851685,2.00635402345213,[2.00016591],5.0,0.6,0.0,5.0,0.022344333587486737,1.4741027704346017
15.164674520492554,2.0061586247353933,[2.00088203],5.0,0.6,0.0,5.0,0.026780132227977923,1.476179057131409
15.177345275878906,2.0059632260186566,[2.00156426],5.0,0.6,0.0,5.0,0.030234954468185173,1.477869364231497
15.1883385181427,2.00576782730192,[2.00221416],5.0,0.6,0.0,5.0,0.03345567056135734,1.479209541808792
15.198334693908691,2.0055724285851833,[2.00283273],5.0,0.6,0.0,5.0,0.02966584938481584,1.4802320024014524
15.209341526031494,2.0053770298684466,[2.00342046],5.0,0.6,0.0,5.0,0.03389397670041642,1.4809667199005605
15.218781471252441,2.00518163115171,[2.00397857],5.0,0.6,0.0,5.0,0.03761000414700662,1.4814426328485057
15.228577136993408,2.00518163115171,[2.00450894],5.0,0.6,0.0,4.575032317315833,0.03961853882382596,1.4845687792476383
15.238842248916626,2.0049862324349736,[2.00501333],5.0,0.6,0.0,4.2986055517955055,0.041968460826874825,1.4864322909080796
15.249460697174072,2.0049862324349736,[2.00549371],5.0,0.6,0.0,3.7949084207505654,0.04730629250469194,1.489342245148953
15.258654356002808,2.0049862324349736,[2.00595139],5.0,0.6,0.0,3.544232145534911,0.03697127430453424,1.4905497610337117
15.26988935470581,2.004790833718237,[2.0063837],5.0,0.6,0.0,3.1040879327621624,0.01243520453443558,1.4923713168637187
15.277302980422974,2.004790833718237,[2.00678394],5.0,0.6,0.0,2.6493133893297065,-0.00596286904094822,1.4940081847868614
15.288744688034058,2.004790833718237,[2.00713655],5.0,0.6,0.0,2.2444432820050357,-0.10862614741002967,1.4951642149362692
15.297568798065186,2.0045954350015,[2.00741089],5.0,0.6,0.0,1.9056344041146969,-0.1854829685095452,1.4957199506543513
15.310851812362671,2.004400036284763,[2.00755816],5.0,0.6,0.0,1.9056416757306838,-0.30598862183332753,1.495311259164426
15.320320129394531,2.00400923885129,[2.00751506],5.0,0.6,0.0,1.4398019464145388,-0.31806259988131785,1.4960040736526012
15.328752994537354,2.0032276439843435,[2.00722062],5.0,0.6,0.0,0.8951914080113422,-0.27642029938110063,1.4962201219067632
15.338314533233643,2.0024460491173963,[2.00663343],5.0,0.6,0.0,-0.13412634487477698,-0.2953031574743067,1.4964859239927728
15.350746393203735,2.00107825810024,[2.00570707],5.0,0.6,0.0,-1.398378291316219,-0.25991789480742994,1.4942704608014368
15.362360715866089,1.99931966964961,[2.00436157],5.0,0.6,0.0,-3.585444077477529,-0.29319032732367817,1.4854501647677214
15.371347188949585,1.99756108119898,[2.0025182],5.0,0.6,0.0,-4.782973012692215,-0.3332078671082164,1.4783546757615875
15.381524324417114,1.9954116953148764,[2.00011392],5.0,0.6,0.0,-5.0,-0.3775591366864685,1.477319645514159
15.390599012374878,1.9930669107140364,[1.99708394],5.0,0.6,0.0,-5.0,-0.4275979068216797,1.4785099576731093
15.399285793304443,1.9905267273964597,[1.99339008],5.0,0.6,0.0,-5.0,-0.38914056115064144,1.4800936476655964
15.409432411193848,1.9875957466454097,[1.98901881],5.0,0.6,0.0,-5.0,-0.4675633778634093,1.4813271248629025
15.421303987503052,1.9836877723106763,[1.98392244],5.0,0.6,0.0,-5.0,-0.5427560821258209,1.4817210480756744
15.433990478515625,1.9791936018257328,[1.97798511],5.0,0.6,0.0,-5.0,-0.7380044233964226,1.4814400123370128
15.443292617797852,1.9756764249244727,[1.97105858],5.0,0.6,0.0,-5.0,-0.7911627234985171,1.477476236669156
15.45747423171997,1.969619064705636,[1.962956],5.0,0.6,0.0,-5.0,-1.1242206988024068,1.4728920884959833
15.466044664382935,1.9661018878043761,[1.95350642],5.0,0.6,0.0,-5.0,-0.9745528905420152,1.4505009997873675
15.474391460418701,1.9623893121863794,[1.94269248],5.0,0.6,0.0,-5.0,-1.0349503033227934,1.407072986722015
15.484082698822021,1.958285939134909,[1.93054418],5.0,0.6,0.0,-5.0,-1.1035683030756873,1.3390717916639714
15.495289325714111,1.9535963699332293,[1.91704909],5.0,0.6,0.0,-3.9921852317628437,-1.1755245591246972,1.253841032282754
15.504767179489136,1.9498837943152325,[1.90220435],5.0,0.6,0.0,-2.514578649082604,-1.2571418672677097,1.129975146802713
15.514289379119873,1.9459758199804988,[1.88601705],5.0,0.6,0.0,-0.30815433003593906,-1.3421961144610102,0.9871632814802876
15.522282838821411,1.9424586430792388,[1.8685549],5.0,0.6,0.0,1.7174265314622894,-1.2649340461276695,0.8332356227230155
15.53033185005188,1.9391368648947156,[1.84993797],5.0,0.6,0.0,3.003267957889041,-1.4058322462856365,0.6969936885472426
15.541301727294922,1.9348380931265086,[1.83017776],5.0,0.6,0.0,4.322640919064407,-1.7021034067970255,0.5981144362724943
15.552902221679688,1.929953125208092,[1.80919433],5.0,0.6,0.0,5.0,-1.7692500577085828,0.5358528369568814
15.561395645141602,1.9264359483068318,[1.78703731],5.0,0.6,0.0,5.0,-1.6813118310388502,0.5022512271014268
15.572386503219604,1.921746379105152,[1.7638669],5.0,0.6,0.0,5.0,-1.813477620129657,0.4885705672951537
15.581318140029907,1.9178384047704187,[1.73983278],5.0,0.6,0.0,5.0,-1.7734841708402098,0.4835013104166015
15.592986106872559,1.9133442342854752,[1.71502507],5.0,0.6,0.0,5.0,-2.104099645349139,0.4821155901028812
15.602449655532837,1.909240861234005,[1.68943445],5.0,0.6,0.0,5.0,-2.202339205744382,0.4817956574006399
15.611273288726807,1.905528285616008,[1.66311799],5.0,0.6,0.0,5.0,-2.1427017838589593,0.48173993135090226
15.619446277618408,1.9018157099980113,[1.63623852],5.0,0.6,0.0,4.885417870343176,-2.2904710821477376,0.48254586569439734
15.627333641052246,1.8984939318134881,[1.6088994],5.0,0.6,0.0,4.788126586519363,-2.4274922845873053,0.48322178001112476
15.636317014694214,1.8947813561954912,[1.58115361],5.0,0.6,0.0,4.657430779942198,-2.5521755552061727,0.48411066903743993
15.648262739181519,1.8900917869938112,[1.55301634],5.0,0.6,0.0,4.760960110607366,-2.8092668306988537,0.4834083928704837
15.658615827560425,1.8857930152256044,[1.52447179],5.0,0.6,0.0,4.587069481632319,-2.874941559626092,0.48457970513092685
15.667294979095459,1.8820804396076078,[1.49560783],5.0,0.6,0.0,4.30184401137879,-2.816386743776746,0.486412267577822
15.677363634109497,1.877781667839401,[1.46655718],5.0,0.6,0.0,3.983339433445151,-3.072909779954867,0.488327018973967
15.688796997070312,1.8728966999209842,[1.43736278],5.0,0.6,0.0,3.666834779444548,-3.1443516299285705,0.4900905449903061
15.697284698486328,1.8691841243029876,[1.40814869],5.0,0.6,0.0,3.367107967857235,-3.271299893913078,0.49163124886205684
15.705306053161621,1.8662531435519374,[1.37918152],5.0,0.6,0.0,3.089326420114241,-3.2337474444015895,0.49294572354770283
15.71502423286438,1.8619543717837308,[1.35065094],5.0,0.6,0.0,2.8343178243589673,-3.351258089803697,0.49405558305822456
15.72679615020752,1.857069403865314,[1.32260793],5.0,0.6,0.0,2.6010819384449766,-3.4537268265451697,0.4949889432057183
15.738439083099365,1.852184435946897,[1.29503409],5.0,0.6,0.0,2.3879587001620792,-3.6483874888329186,0.49577313773678416
15.747632503509521,1.8482764616121639,[1.26789317],5.0,0.6,0.0,2.193149645288293,-3.7011345425454456,0.496432293287931
15.755462646484375,1.8451500821443771,[1.24122596],5.0,0.6,0.0,2.014933682154737,-3.670388837176573,0.49698688081947795
15.764270067214966,1.841632905243117,[1.21513406],5.0,0.6,0.0,1.851742523371123,-3.7634299764325005,0.4974539917623781
15.774977684020996,1.8373341334749105,[1.18967902],5.0,0.6,0.0,1.7021747614766176,-3.8448168410865837,0.49784781991470883
15.786638736724854,1.832253766839757,[1.16486659],5.0,0.6,0.0,1.5649855110025515,-3.9895725657577215,0.49818014927843973
15.794695377349854,1.8293227860887067,[1.14070669],5.0,0.6,0.0,1.4390682726639934,-3.9692914197102005,0.4984607819800041
15.80564284324646,1.8248286156037634,[1.11723755],5.0,0.6,0.0,1.323436078245388,-4.102881412835522,0.49869789351252447
15.813623666763306,1.8213114387025033,[1.09449473],5.0,0.6,0.0,1.2172045519696764,-4.089057667829564,0.4988983213877655
15.823136329650879,1.81740346436777,[1.0725269],5.0,0.6,0.0,1.1195775762046354,-4.1564455818597175,0.49906779829396075
15.831299781799316,1.8138862874665098,[1.05139225],5.0,0.6,0.0,1.0298354601849389,-4.167091693978331,0.49921114072484835
15.841278314590454,1.8097829144150397,[1.031135],5.0,0.6,0.0,0.9473252455247725,-4.242540260450617,0.49933240234559295
15.849320650100708,1.806070338797043,[1.01177226],5.0,0.6,0.0,0.87145274094157,-4.3099321944183595,0.49943499945916714
15.860412836074829,1.8015761683120999,[0.99328576],5.0,0.6,0.0,0.8016759219825484,-4.407856381565272,0.4995218142840735
15.868987321853638,1.797863592694103,[0.97564532],5.0,0.6,0.0,0.7374993983330578,-4.445053079622312,0.4995952804446482
15.877356767654419,1.7943464157928428,[0.95884819],5.0,0.6,0.0,0.6784697164865716,-4.445842370784619,0.4996574540773636
15.888034343719482,1.790047644024636,[0.94290167],5.0,0.6,0.0,0.6241713206536501,-4.527182991316017,0.4997100732073929
15.898312091827393,1.7857488722564294,[0.92778393],5.0,0.6,0.0,0.5742230382775549,-4.557765909478072,0.49975460748796685
15.908048629760742,1.781645499204959,[0.91346061],5.0,0.6,0.0,0.5282749896266148,-4.620388171165501,0.49979229997104196
15.917259216308594,1.7779329235869625,[0.89990708],5.0,0.6,0.0,0.48600584560334714,-4.612905203816204,0.4998242022541741
15.928950786590576,1.7732433543852826,[0.88710594],5.0,0.6,0.0,0.44712037608743754,-4.670702591567058,0.49985120409817935
15.939239263534546,1.7689445826170758,[0.8750275],5.0,0.6,0.0,0.6873856041365036,-4.689541809319266,0.4996483951997809
15.94833493232727,1.7648412095656056,[0.86364055],5.0,0.6,0.0,0.6875999765438683,-4.720844510029658,0.49964817593539274
15.957298517227173,1.761128633947609,[0.85292962],5.0,0.6,0.0,0.32618768327996306,-4.836142860448605,0.49992080324361454
15.965865135192871,1.7574160583296121,[0.84288331],5.0,0.6,0.0,0.18912404686940126,-4.872397545690411,0.4999733750612928
15.975197076797485,1.7537034827116156,[0.83347842],5.0,0.6,0.0,0.4241116399998428,-4.904549740571858,0.4998661220940821
15.985139608383179,1.7496001096601452,[0.82468235],5.0,0.6,0.0,0.45312438698905566,-4.930325088479379,0.4998471817677726
15.996470212936401,1.7449105404584655,[0.81645671],5.0,0.6,0.0,0.4048633189489672,-4.941914496305881,0.4998779969896558
16.004787921905518,1.741588762273942,[0.80876454],5.0,0.6,0.0,0.336031325569663,-4.965036216387254,0.4999159515514287
16.014352560043335,1.7376807879392087,[0.80158224],5.0,0.6,0.0,0.26962119706634974,-4.97741688582872,0.4999458882924228
16.024322748184204,1.7335774148877383,[0.79488588],5.0,0.6,0.0,0.21337337910396886,-4.984754311314298,0.49996610993305857
16.033782720565796,1.729669440553005,[0.78864542],5.0,0.6,0.0,0.16852442999934628,-4.989406082520109,0.4999788591118933
16.041353940963745,1.7261522636517448,[0.78283184],5.0,0.6,0.0,0.13384492383686475,-4.992595181793014,0.49998666464155733
16.05229353904724,1.7218534918835382,[0.77741719],5.0,0.6,0.0,0.10742294538647176,-4.988929822422944,0.49999140992300384
16.06057858467102,1.7183363149822781,[0.77237887],5.0,0.6,0.0,0.08739099142041484,-4.958745004657055,0.49999431490745283
16.068325519561768,1.714819138081018,[0.76769863],5.0,0.6,0.0,0.07217400469477005,-4.962859291073938,0.49999612236793195
16.076375722885132,1.7114973598964947,[0.76335747],5.0,0.6,0.0,0.06053257684210654,-4.933276143449834,0.499997272380323
16.086252450942993,1.7073939868450245,[0.75933586],5.0,0.6,0.0,0.051527959316403804,-4.9371520138022085,0.49999802352327943
16.09426212310791,1.7038768099437644,[0.7556106],5.0,0.6,0.0,0.04446493653411911,-4.938242552744399,0.49999852822510804
16.103335857391357,1.699968835609031,[0.75215907],5.0,0.6,0.0,0.03883550234938303,-4.9036112065167545,0.4999988772991737
16.11468529701233,1.6950838676906144,[0.74896003],5.0,0.6,0.0,0.03427125015996157,-4.927724100398871,0.49999912568850197
16.12231206893921,1.6919574882228277,[0.74598995],5.0,0.6,0.0,0.030505939487165214,-4.891617953236081,0.49999930725215513
16.13136887550354,1.6882449126048311,[0.74323011],5.0,0.6,0.0,0.02734722573661421,-4.886911628714515,0.499999443284921
16.13926935195923,1.6855093305705175,[0.74066594],5.0,0.6,0.0,0.024655825098861467,-4.8569792563025,0.49999954747189174
16.147269010543823,1.6819921536692575,[0.73828322],5.0,0.6,0.0,0.02233039550341311,-4.856202481306289,0.4999996288073703
16.156383752822876,1.6778887806177873,[0.73606557],5.0,0.6,0.0,0.020296675460720982,-4.848033349114623,0.49999969334054667
16.166258335113525,1.6739808062830537,[0.73399496],5.0,0.6,0.0,0.01849973259654259,-4.8384416397619034,0.4999997452363475
16.17527675628662,1.6702682306650571,[0.73205465],5.0,0.6,0.0,0.01689845433689433,-4.83030693523073,0.49999978743069723
16.18425750732422,1.6665556550470606,[0.73022838],5.0,0.6,0.0,0.01546164149714857,-4.82436652892345,0.49999982204188514
16.19453454017639,1.662061484562117,[0.72849986],5.0,0.6,0.0,0.01416524126420066,-4.816451511377414,0.4999998506330331
16.20255136489868,1.6587397063775937,[0.72685586],5.0,0.6,0.0,0.012990387039801297,-4.784649438028985,0.49999987438231014
16.213587522506714,1.6538547384591769,[0.72528288],5.0,0.6,0.0,0.011922008288266193,-4.814020030579802,0.4999998941951762
16.222273111343384,1.650337561557917,[0.72376464],5.0,0.6,0.0,0.2869862021810789,-4.777144383152051,0.49993869412669617
16.23134970664978,1.6464295872231836,[0.72228958],5.0,0.6,0.0,0.3192206935208278,-4.776381222200442,0.49992414996149614
16.239601135253906,1.6429124103219235,[0.72084724],5.0,0.6,0.0,0.2633088189616347,-4.77288264268509,0.49994839223258336
16.250269651412964,1.6388090372704534,[0.71942554],5.0,0.6,0.0,-0.08956099475693047,-4.762077588177648,0.4999940290711035
16.259565591812134,1.6349010629357197,[0.71801486],5.0,0.6,0.0,0.08214545101614998,-4.749132650770099,0.49999497690339456
16.267229318618774,1.6317746834679334,[0.71661074],5.0,0.6,0.0,0.11311712255780473,-4.710785130435934,0.4999904751260512
16.277236938476562,1.6274759116997264,[0.71521048],5.0,0.6,0.0,0.0915301737332858,-4.7256652193985165,0.4999937636204278
16.28625988960266,1.6237633360817296,[0.7138098],5.0,0.6,0.0,0.056022507342738045,-4.681801778071821,0.4999976636885086
16.295265436172485,1.6198553617469964,[0.71240869],5.0,0.6,0.0,0.022106556422053555,-4.668051033173246,0.4999996362117134
16.3035991191864,1.615947387412263,[0.7110085],5.0,0.6,0.0,-0.0051181101195395175,-4.651586651769519,0.4999999805003903
16.312233686447144,1.6128210079444762,[0.7096111],5.0,0.6,0.0,-0.02495407912671469,-4.615851185370767,0.49999953645748824
16.324281215667725,1.607545242592586,[0.70821939],5.0,0.6,0.0,-0.038342604466826836,-4.615679925976879,0.49999890561679605
16.332403659820557,1.604028065691326,[0.70683297],5.0,0.6,0.0,-0.046651121878027973,-4.594561744398328,0.49999837994351765
16.340345859527588,1.6009016862235392,[0.70545428],5.0,0.6,0.0,-0.051185444965398674,-4.558665086196209,0.499998049711794
16.35110092163086,1.596407515738596,[0.70409006],5.0,0.6,0.0,-0.05302873075435071,-4.538434789446985,0.4999979067156285
16.359291791915894,1.5930857375540726,[0.70274515],5.0,0.6,0.0,-0.05301893346426217,-4.52230347557156,0.4999979074890423
16.367232084274292,1.5895685606528125,[0.70142406],5.0,0.6,0.0,-0.05177807770627154,-4.490960998170132,0.4999980042889843
16.376346588134766,1.5858559850348157,[0.70013251],5.0,0.6,0.0,-0.04975524678309616,-4.475972923022538,0.49999815717691365
16.384871006011963,1.5823388081335557,[0.69887452],5.0,0.6,0.0,-0.04726789477077407,-4.459997004728466,0.4999983368229902
16.39430594444275,1.5786262325155591,[0.69765272],5.0,0.6,0.0,-0.0445363491128653,-4.441721166301911,0.49999852349385265
16.402562141418457,1.5751090556142986,[0.69646983],5.0,0.6,0.0,-0.04171073058668261,-4.423516103636191,0.4999987049047619
16.41071844100952,1.5717872774297754,[0.6953292],5.0,0.6,0.0,-0.038891159349900145,-4.398140173074356,0.4999988740788798
16.418352365493774,1.568660897961989,[0.69423456],5.0,0.6,0.0,-0.03614255996299791,-4.384486344954424,0.49999902760196296
16.42757296562195,1.5645575249105188,[0.69318827],5.0,0.6,0.0,-0.033505336675779124,-4.364954053701527,0.49999916433101327
16.436268091201782,1.5608449492925216,[0.69219213],5.0,0.6,0.0,-0.03100298487712729,-4.341069818307498,0.4999992844938327
16.444311141967773,1.5573277723912617,[0.69124761],5.0,0.6,0.0,-0.028647472721042337,-4.330399216980239,0.499999389087461
16.454344034194946,1.5532243993397916,[0.69035525],5.0,0.6,0.0,-0.026443020566820893,-4.305048046841323,0.49999947949060247
16.462316751480103,1.5499026211552682,[0.68951597],5.0,0.6,0.0,-0.30042709907445947,-4.285441419268853,0.4999328175704678
16.473259925842285,1.545408450670325,[0.68873035],5.0,0.6,0.0,-0.05560506499236599,-4.268624990747194,0.49999769837598046
16.482351303100586,1.5416958750523284,[0.68799771],5.0,0.6,0.0,0.03438525196919209,-4.247332095116061,0.4999991198621149
16.491273880004883,1.537592502000858,[0.68731738],5.0,0.6,0.0,0.057008972771594786,-4.2279945691954826,0.49999758068701755
16.501259803771973,1.533489128949388,[0.68668845],5.0,0.6,0.0,-0.22308032469371591,-4.208131547987039,0.49996295640538285
16.512529850006104,1.5289949584644444,[0.68610933],5.0,0.6,0.0,-0.26871092394770035,-4.187854782764301,0.4999462530311196
16.52125906944275,1.525282382846448,[0.68557827],5.0,0.6,0.0,-0.22695147743212157,-4.167450002891159,0.4999616596518282
16.53125023841858,1.5209836110782413,[0.68509371],5.0,0.6,0.0,-0.16226331328740792,-4.14647236280665,0.49998040077752376
16.54136061668396,1.5170756367435079,[0.68465389],5.0,0.6,0.0,-0.3765740531729661,-4.127201365762428,0.4998944491787328
16.551194190979004,1.5129722636920375,[0.68425674],5.0,0.6,0.0,-0.35944615126110024,-4.107043818132436,0.49990383155756346
16.56126856803894,1.5088688906405676,[0.68390006],5.0,0.6,0.0,-0.26673595423869856,-4.086938520248548,0.4999470401442561
16.571328163146973,1.504374720155624,[0.68358158],5.0,0.6,0.0,-0.16410236417402296,-4.064873583474915,0.49997995400373796
16.58075976371765,1.5002713471041542,[0.68329897],5.0,0.6,0.0,-0.07580459529203842,-4.04476212740637,0.4999957224422203
16.59025740623474,1.4959725753359474,[0.68304984],5.0,0.6,0.0,-0.007989881774849945,-4.023688409733347,0.49999995247880413
16.598241806030273,1.4930415945848974,[0.68283185],5.0,0.6,0.0,0.0404403709278368,-4.008809716498675,0.49999878259128216
16.612959384918213,1.4867888356493237,[0.68264263],5.0,0.6,0.0,0.07294179478369933,-3.9789446534867805,0.4999960394286117
16.62123966217041,1.4834670574648006,[0.68247978],5.0,0.6,0.0,0.09326356368078631,-3.9620473153799836,0.4999935251773727
16.63166618347168,1.4787774882631204,[0.68234097],5.0,0.6,0.0,0.10468318482653807,-3.9391527823215124,0.49999184250180423
16.64122772216797,1.474869513928387,[0.68222394],5.0,0.6,0.0,0.10981038816076222,-3.920057438955546,0.49999102385973493
16.649327516555786,1.4715477357438635,[0.68212647],5.0,0.6,0.0,0.11061953966829913,-3.9038672787228554,0.49999089108995753
16.661462783813477,1.4664673691087102,[0.68204632],5.0,0.6,0.0,0.10855710522509462,-3.8795348828843217,0.4999912275808678
16.670161724090576,1.4631455909241868,[0.68198135],5.0,0.6,0.0,0.10465919738734575,-3.8630178621011746,0.4999918462398158
16.680230617523193,1.4586514204392433,[0.68192961],5.0,0.6,0.0,0.09965495923697779,-3.8402266821370667,0.4999926073304056
16.688288688659668,1.4555250409714566,[0.68188942],5.0,0.6,0.0,0.09404942846371925,-3.824852937234177,0.4999934156010474
16.699365377426147,1.4508354717697765,[0.68185905],5.0,0.6,0.0,0.08818673917126776,-3.8024354437117154,0.49999421090429086
16.708577394485474,1.4469274974350432,[0.68183679],5.0,0.6,0.0,0.08229691493114007,-3.7829158566016803,0.49999495836273417
16.71724557876587,1.443410320533783,[0.68182116],5.0,0.6,0.0,0.07652985686432451,-3.765377127152762,0.49999564019982956
16.727417945861816,1.4389161500488394,[0.68181084],5.0,0.6,0.0,0.07097971225560859,-3.7430521804518553,0.49999624963518613
16.736647129058838,1.4350081757141062,[0.68180472],5.0,0.6,0.0,0.06570218470902277,-3.722862311382239,0.49999678659917063
16.746891260147095,1.4311002013793728,[0.68180183],5.0,0.6,0.0,0.06072674387369594,-3.7035429386403957,0.49999725485383417
16.755759954452515,1.427583024478113,[0.68180128],5.0,0.6,0.0,0.056065187791755455,-3.6861657340655363,0.499997660127348
16.764829635620117,1.4240658475768528,[0.68180226],5.0,0.6,0.0,0.051717616002403086,-3.667998065540281,0.49999800894707136
16.774159908294678,1.4199624745253827,[0.68180413],5.0,0.6,0.0,0.047676574403205524,-3.6477935761669147,0.4999983079389539
16.783366680145264,1.416054500190649,[0.68180634],5.0,0.6,0.0,0.04392991453621691,-3.627700982388129,0.49999856343008137
16.793650150299072,1.4115603297057058,[0.68180836],5.0,0.6,0.0,0.04046275198733942,-3.606397347430486,0.4999987812434012
16.80675745010376,1.4062845643538158,[0.68180955],5.0,0.6,0.0,0.03725879543538567,-3.580794381485955,0.49999896661097004
16.81828212738037,1.4015949951521356,[0.68180929],5.0,0.6,0.0,0.034301237414018027,-3.55710677261062,0.4999991241577934
16.826195240020752,1.3980778182508755,[0.68180725],5.0,0.6,0.0,0.03157334089455077,-3.5393120904394135,0.4999992579256328
16.834310293197632,1.3947560400663521,[0.68180329],5.0,0.6,0.0,0.02905881562676617,-3.521911852521523,0.4999993714175936
16.84532403945923,1.3900664708646722,[0.68179731],5.0,0.6,0.0,0.02674204991528469,-3.4992954044752116,0.4999994676517456
16.85531497001648,1.3857676990964651,[0.68178915],5.0,0.6,0.0,0.024608243667197487,-3.477671610867625,0.4999995492168059
16.864298343658447,1.3820551234784686,[0.68177879],5.0,0.6,0.0,0.022643474629416807,-3.458342243794395,0.49999961832593587
16.87419056892395,1.3781471491437352,[0.68176634],5.0,0.6,0.0,0.020834719994956837,-3.4389293080555774,0.49999967686658425
16.884272813796997,1.374239174809002,[0.68175188],5.0,0.6,0.0,0.01916984873905731,-3.4194512438719733,0.49999972644545887
16.893762588500977,1.3701358017575318,[0.68173546],5.0,0.6,0.0,0.293675954963453,-3.399227335721778,0.4999358028759445
16.901572704315186,1.3668140235730084,[0.68171717],5.0,0.6,0.0,0.3253904846155806,-3.382677598884167,0.4999211898518802
16.910568714141846,1.3629060492382747,[0.6816971],5.0,0.6,0.0,-0.007042679516526373,-3.3630845539009595,0.49999996307823014
16.919217824935913,1.3593888723370147,[0.68167543],5.0,0.6,0.0,-0.11744622802916183,-3.3448802659112773,0.4999897321299738
16.927676916122437,1.3560670941524915,[0.68165238],5.0,0.6,0.0,0.14206814832018297,-3.3285585851923356,0.49998497572271183
16.936251640319824,1.3525499172512316,[0.68162814],5.0,0.6,0.0,0.1936451875101246,-3.3111971883185705,0.4999720869065716
16.946930646896362,1.3480557467662881,[0.68160283],5.0,0.6,0.0,0.1661430244385147,-3.2889658993638355,0.4999794523587061
16.954509973526,1.3447339685817647,[0.68157662],5.0,0.6,0.0,0.11640905292897562,-3.271860058162588,0.49998991267980997
16.964667320251465,1.340435196813558,[0.68154972],5.0,0.6,0.0,0.06756898505417468,-3.250692926829855,0.499996601400491
16.974859714508057,1.3363318237620878,[0.68152229],5.0,0.6,0.0,0.027485539225251536,-3.2303574057923043,0.49999943763931104
16.983667850494385,1.3326192481440908,[0.68149435],5.0,0.6,0.0,-0.0024922460680466517,-3.2126115477401265,0.49999999537631207
16.991771459579468,1.3289066725260943,[0.68146564],5.0,0.6,0.0,-0.023490322510353656,-3.1968370387845852,0.49999958924348936
17.00274109840393,1.3246079007578877,[0.68143519],5.0,0.6,0.0,-0.03732541430845894,-3.180631611759932,0.49999896291226287
17.01045250892639,1.3216769200068375,[0.68140161],5.0,0.6,0.0,-0.04577745263779641,-3.167462196868563,0.4999984400551602
17.019371032714844,1.3177689456721042,[0.68136326],5.0,0.6,0.0,-0.050340931035953045,-3.156246022123237,0.4999981135367774
17.027254343032837,1.3146425662043173,[0.68131814],5.0,0.6,0.0,-0.052181141068271486,-3.1414296572608618,0.4999979730971253
17.035361766815186,1.311320788019794,[0.68126423],5.0,0.6,0.0,-0.05216864508769702,-3.133616685561507,0.49999797406778457
17.045029640197754,1.3070220162515873,[0.68119875],5.0,0.6,0.0,-0.05093592826636774,-3.120073624501837,0.4999980686797814
17.053762912750244,1.303700238067064,[0.68111834],5.0,0.6,0.0,-0.04893328539104831,-3.1108921689190807,0.4999982175610987
17.062314748764038,1.2999876624490672,[0.6810197],5.0,0.6,0.0,-0.04647602904804874,-3.099888270427869,0.49999839208159647
17.071182250976562,1.2962750868310704,[0.68090055],5.0,0.6,0.0,-0.04378155352498958,-3.077705460980785,0.49999857311690954
17.080238580703735,1.2923671124963367,[0.68075954],5.0,0.6,0.0,-0.04099726513307586,-3.069102277278595,0.49999874883120266
17.089633226394653,1.2888499355950767,[0.68059386],5.0,0.6,0.0,-0.038221104610251036,-3.063063564087349,0.49999891254155177
17.098644733428955,1.2851373599770801,[0.68039928],5.0,0.6,0.0,-0.03551637850525989,-3.0568845320825924,0.49999906100426655
17.107255935668945,1.2812293856423467,[0.68017288],5.0,0.6,0.0,-0.032922355700723036,-3.0321625846964677,0.4999991931586812
17.11719536781311,1.2771260125908765,[0.67991307],5.0,0.6,0.0,-0.030461775423369124,-3.0280587353368347,0.49999930925651187
17.126224756240845,1.2732180382561433,[0.6796164],5.0,0.6,0.0,-0.028146132587374945,-3.0229389170859218,0.4999994102826877
17.13806986808777,1.2683330703377265,[0.67927637],5.0,0.6,0.0,-0.025979378155355608,-3.0286684559626833,0.49999949758342305
17.14646053314209,1.26462049471973,[0.67888612],5.0,0.6,0.0,-0.023960496593535642,-3.011143567704343,0.4999995726358192
17.154202461242676,1.261494115251943,[0.67844445],5.0,0.6,0.0,-0.022085291633586558,-2.9776825831042903,0.4999996369112486
17.162265300750732,1.2581723370674196,[0.67795519],5.0,0.6,0.0,-0.02034761598223052,-2.964663308417348,0.4999996917993099
17.170459747314453,1.2548505588828962,[0.67742274],5.0,0.6,0.0,-0.018740211750285583,-2.933931207026319,0.49999973856992386
17.179715156555176,1.2509425845481628,[0.67685205],5.0,0.6,0.0,-0.017255279178337243,-2.918309640636442,0.4999997783587659
17.18855905532837,1.2472300089301662,[0.67624737],5.0,0.6,0.0,-0.01588485631953786,-2.9002179192551307,0.4999998121664461
17.19798731803894,1.2433220345954328,[0.67561245],5.0,0.6,0.0,-0.014621067655589964,-2.87855997236618,0.49999984086534033
17.211332082748413,1.2376554718100692,[0.67495144],5.0,0.6,0.0,-0.01345628223679383,-2.8539162359715986,0.4999998652102735
17.219268798828125,1.2345290923422825,[0.67426954],5.0,0.6,0.0,-0.012383209705559724,-2.8228156957634436,0.4999998858507451
17.229194402694702,1.2302303205740757,[0.6735746],5.0,0.6,0.0,0.26464340569007144,-2.7907402296008086,0.4999478677838446
17.237516164779663,1.2267131436728156,[0.67287502],5.0,0.6,0.0,0.2986779244158912,-2.770164013444892,0.4999335975528519
17.251272201538086,1.2208511821707155,[0.67217744],5.0,0.6,0.0,-0.03162006531563771,-2.7395879088453294,0.499999255727663
17.26225256919861,1.2161616129690356,[0.67148799],5.0,0.6,0.0,-0.14005870425884842,-2.707020309316254,0.4999853977243659
17.27538228034973,1.2102996514669355,[0.67081382],5.0,0.6,0.0,0.12126377328069537,-2.6677737104145782,0.49998905378240793
17.28327703475952,1.2069778732824121,[0.67016263],5.0,0.6,0.0,-0.10153382504152184,-2.643229970054459,0.4999923259462362
17.29155707359314,1.2036560950978887,[0.66954112],5.0,0.6,0.0,-0.16062977853080007,-2.624163967145214,0.49998079340162455
17.299805164337158,1.2007251143468387,[0.66895476],5.0,0.6,0.0,-0.15385801387856618,-2.603414852482425,0.4999823786463941
17.308364629745483,1.1970125387288422,[0.66840862],5.0,0.6,0.0,0.15072117657656278,-2.5797907184131876,0.49998308983354245
17.318544387817383,1.1927137669606351,[0.66790738],5.0,0.6,0.0,0.21547729815609756,-2.553857894721647,0.4999654383309163
17.329067945480347,1.1882195964756916,[0.66745493],5.0,0.6,0.0,0.18812100087973294,-2.5275851799898486,0.4999736567231666
17.33726406097412,1.1848978182911682,[0.66705437],5.0,0.6,0.0,0.1340447492036711,-2.507598551574822,0.4999866247940035
17.346600770950317,1.1811852426731717,[0.66670802],5.0,0.6,0.0,0.0800306230389712,-2.4863247952208245,0.4999952322112944
17.35626482963562,1.1772772683384383,[0.66641672],5.0,0.6,0.0,0.035338817783748505,-2.4722313012281996,0.49999907036962643
17.36420226097107,1.1739554901539149,[0.66617996],5.0,0.6,0.0,0.001716177046464741,-2.4516239135974534,0.49999999780754417
17.373234510421753,1.1700475158191814,[0.66599673],5.0,0.6,0.0,-0.021974485100536314,-2.4370336721223183,0.49999964054549206
17.38499402999878,1.1651625479007646,[0.66586629],5.0,0.6,0.0,-0.03770213051228639,-2.3997880013103554,0.49999894187250193
17.39397621154785,1.1612545735660311,[0.66578892],5.0,0.6,0.0,-0.04742500634095558,-2.3790097775126315,0.49999832574831965
17.404207706451416,1.1569558017978245,[0.66576418],5.0,0.6,0.0,-0.05279789988025424,-2.3566956830636814,0.4999979248998089
17.41222333908081,1.1536340236133011,[0.66578952],5.0,0.6,0.0,-0.33115403423015877,-2.3471629130970073,0.4999183734721562
17.420353651046753,1.1503122454287777,[0.66586138],5.0,0.6,0.0,-0.3645108985050517,-2.327484534624,0.4999011026267232
17.42968988418579,1.1464042710940443,[0.6659768],5.0,0.6,0.0,-0.03222770314282075,-2.305892377621363,0.49999922684770604
17.439714193344116,1.1423008980425742,[0.66613339],5.0,0.6,0.0,0.07900615706272764,-2.2838091761805246,0.4999953534936715
17.44866156578064,1.1385883224245774,[0.66632848],5.0,0.6,0.0,0.09697962402404395,-2.2640417013548593,0.49999299892666266
17.456446886062622,1.1356573416735274,[0.6665585],5.0,0.6,0.0,-0.19569382952892084,-2.255665330454614,0.49997149319409434
17.466254949569702,1.1315539686220573,[0.66681849],5.0,0.6,0.0,-0.25440094967939736,-2.239338073330933,0.4999518248352311
17.477249145507812,1.1268643994203773,[0.6671038],5.0,0.6,0.0,-0.22356374624949935,-2.2114275004141835,0.49996279568831015
17.486294507980347,1.1231518238023808,[0.66741073],5.0,0.6,0.0,-0.16706957432341735,-2.1963152416257246,0.49997922254340116
17.497596502304077,1.1182668558839637,[0.66773579],5.0,0.6,0.0,-0.11104291631566535,-2.167333331404453,0.4999908212316961
17.508220195770264,1.1137726853990204,[0.6680757],5.0,0.6,0.0,-0.34051770749393706,-2.147860344936046,0.49991369248914813
17.51822781562805,1.109864711064287,[0.66842677],5.0,0.6,0.0,-0.3381991828176496,-2.1303509592725516,0.499914863693268
17.528613805770874,1.105175141862607,[0.66878537],5.0,0.6,0.0,-0.25762533993093356,-2.1037213685820024,0.49995059597028857
17.539522886276245,1.1004855726609268,[0.66914867],5.0,0.6,0.0,-0.1640708106496479,-2.0818338956857594,0.49997996171171166
17.547630548477173,1.0969683957596668,[0.66951321],5.0,0.6,0.0,-0.08214301118503253,-2.0710666463569902,0.49999497720177427
17.55822491645813,1.0928650227081966,[0.66987376],5.0,0.6,0.0,-0.018539584485468052,-2.062862473594876,0.4999997441375486
17.56623101234436,1.08973864324041,[0.67022312],5.0,0.6,0.0,0.0273012181247416,-2.0646217501391897,0.4999994451565243
17.575191736221313,1.0860260676224132,[0.67055203],5.0,0.6,0.0,0.058385088664712245,-2.067886941473654,0.49999746248007376
17.585204362869263,1.0819226945709433,[0.67084943],5.0,0.6,0.0,0.07811067061144163,-2.071718091494063,0.4999954582268816
17.596952199935913,1.0768423279357897,[0.6711009],5.0,0.6,0.0,0.08949369501397145,-2.0940055058236475,0.49999403804127696
17.607587337493896,1.0721527587341098,[0.67128974],5.0,0.6,0.0,0.09495371691066068,-2.0872869374818417,0.4999932883747532
17.61858630180359,1.0674631895324294,[0.67140243],5.0,0.6,0.0,0.09632968323705712,-2.0791195380062124,0.4999930924515732
17.629161834716797,1.0633598164809595,[0.67142889],5.0,0.6,0.0,0.09497319386903588,-2.0736358957593737,0.49999328562113926
17.641559839248657,1.058279449845806,[0.67135697],5.0,0.6,0.0,0.09185490842095434,-2.0931829617849065,0.4999937192909155
17.65151810646057,1.054176076794336,[0.6711727],5.0,0.6,0.0,0.08765953996912411,-2.0798173281730588,0.49999427991408724
17.66049027442932,1.0500727037428659,[0.67086712],5.0,0.6,0.0,0.08286255631626185,-2.0672138171227026,0.4999948888210977
17.66839289665222,1.0467509255583425,[0.67043597],5.0,0.6,0.0,0.07778892878696253,-2.059576976819818,0.4999954955657426
17.676226377487183,1.0436245460905555,[0.66987987],5.0,0.6,0.0,0.07265674401460043,-2.020916094018959,0.4999960703239414
17.686182975769043,1.039911970472559,[0.66920339],5.0,0.6,0.0,0.06760893798852245,-2.0242115508600715,0.49999659738135094
17.695168495178223,1.0360039961378256,[0.66840678],5.0,0.6,0.0,0.06273607780782715,-2.0259398430835875,0.4999970701872912
17.704673051834106,1.0320960218030921,[0.66748173],5.0,0.6,0.0,0.05809256069003988,-2.0611130753802764,0.4999974878467181
17.712144374847412,1.029165041052042,[0.66642089],5.0,0.6,0.0,0.053708049562548155,-2.0213129972854906,0.4999978527443608
17.721153736114502,1.025647864150782,[0.66522703],5.0,0.6,0.0,0.04959549888340775,-2.0250793047285183,0.4999981689965144
17.72965979576111,1.0219352885327855,[0.66390279],5.0,0.6,0.0,0.04575675811110223,-2.0254113000522045,0.49999844147258354
17.73814082145691,1.0182227129147887,[0.66245153],5.0,0.6,0.0,0.04218646377816242,-1.986368957824674,0.49999867520395846
17.75322461128235,1.0117745552624784,[0.66087254],5.0,0.6,0.0,0.038874727556642286,-2.0377864269820876,0.49999887505027485
17.76175546646118,1.0082573783612183,[0.65915272],5.0,0.6,0.0,0.035808980198365134,-2.0211786936496896,0.4999990454946668
17.771774530410767,1.0041540053097484,[0.65728921],5.0,0.6,0.0,0.30901358516853744,-2.000172666858451,0.4999289227307751
17.780818700790405,1.000246030975015,[0.65529384],5.0,0.6,0.0,0.33952184594330903,-1.9775418813312957,0.4999141965753983
17.788241624832153,0.9971196515072283,[0.65318494],5.0,0.6,0.0,0.005972692510005401,-1.9304186898683586,0.4999999734980923
17.797255277633667,0.9934070758892316,[0.65098623],5.0,0.6,0.0,-0.10546192177742766,-1.911571834784752,0.4999917207497331
17.80815577507019,0.9889129054042881,[0.64871877],5.0,0.6,0.0,0.15310082499482736,-1.883335160604497,0.49998255174687356
17.818140029907227,0.9846141336360814,[0.64640175],5.0,0.6,0.0,0.20380023056286584,-1.8512787908138728,0.4999690827426868
17.828137397766113,0.980706159301348,[0.64405608],5.0,0.6,0.0,0.17548915043849483,-1.8182791499633708,0.4999770757809828
17.83816146850586,0.9764073875331412,[0.64170342],5.0,0.6,0.0,0.1250099293395066,-1.7828695532452747,0.4999883672150631
17.846550464630127,0.9732810080653544,[0.63936509],5.0,0.6,0.0,0.07548349970343537,-1.754591068515226,0.49999575881001207
17.85619592666626,0.9689822362971477,[0.63706101],5.0,0.6,0.0,0.034768088552835676,-1.724403163902599,0.49999910042410145
17.86767029762268,0.9640972683787309,[0.63480761],5.0,0.6,0.0,0.004208536410514347,-1.707950858298114,0.49999998719706196
17.877465963363647,0.9601892940439976,[0.63261507],5.0,0.6,0.0,-0.01732501666096308,-1.7106706824854647,0.49999977704182125
17.88570284843445,0.9566721171427376,[0.63048983],5.0,0.6,0.0,-0.03165292274812323,-1.68789246586221,0.4999992547537295
17.893169403076172,0.9535457376749508,[0.62843943],5.0,0.6,0.0,-0.040558473276888565,-1.6739722043865253,0.4999987761302226
17.90217638015747,0.949833162056954,[0.6264681],5.0,0.6,0.0,-0.04553926903595278,-1.6902983291830935,0.49999845707311463
17.91045594215393,0.9465113838724306,[0.6245711],5.0,0.6,0.0,-0.04776347133655291,-1.7128099682510798,0.49999830275950236
17.91816759109497,0.9431896056879073,[0.62274087],5.0,0.6,0.0,-0.048104290450434906,-1.6989393082167012,0.49999827864735724
17.926445484161377,0.9400632262201205,[0.6209699],5.0,0.6,0.0,-0.047196653061104196,-1.730493865030528,0.49999834326477177
17.93429183959961,0.9367414480355971,[0.61924421],5.0,0.6,0.0,0.23054525573377782,-1.757315815349301,0.4999604376019394
17.942171335220337,0.9336150685678104,[0.61754919],5.0,0.6,0.0,0.265851934502638,-1.736907584956614,0.4999473926883644
17.950475931167603,0.9299024929498136,[0.61587389],5.0,0.6,0.0,-0.06284238265568565,-1.7646867915716302,0.4999970629676382
17.959190368652344,0.9261899173318169,[0.61420145],5.0,0.6,0.0,-0.16950063197192974,-1.784490713034231,0.49997861699552065
17.968154191970825,0.9226727404305568,[0.61251595],5.0,0.6,0.0,-0.18236419248923463,-1.7556105272149116,0.4999752487183816
17.978163719177246,0.9183739686623502,[0.61080201],5.0,0.6,0.0,0.11564494327358732,-1.8096234234994906,0.4999900507391405
17.987606287002563,0.9144659943276168,[0.60904021],5.0,0.6,0.0,0.17970725244565122,-1.772798443196997,0.49997596828400775
17.9959876537323,0.9111442161430933,[0.60722009],5.0,0.6,0.0,0.15411035768348763,-1.781831486443198,0.4999823302791705
18.00715136528015,0.9062592482246766,[0.60533344],5.0,0.6,0.0,0.10265728496708229,-1.7767020006427052,0.49999216880925845
18.01633358001709,0.9023512738899433,[0.60336889],5.0,0.6,0.0,0.05142271934590949,-1.7719384337248503,0.49999804879300147
18.024214506149292,0.8986386982719464,[0.6013242],5.0,0.6,0.0,0.009376007845323605,-1.734450744650251,0.49999995555090543
18.03322172164917,0.8949261226539497,[0.59920501],5.0,0.6,0.0,-0.021835851537479203,-1.7372338797757028,0.4999996704240748
18.04224681854248,0.891213547035953,[0.5970124],5.0,0.6,0.0,-0.043366605037250164,-1.735617260272642,0.49999863037388875
18.05316662788391,0.8871101739844829,[0.59473839],5.0,0.6,0.0,-0.05716880001719809,-1.7530100678216012,0.4999976047030867
18.063146352767944,0.8830068009330129,[0.59237812],5.0,0.6,0.0,-0.06517395650736987,-1.7129026632174658,0.49999688413559723
18.071794509887695,0.8794896240317529,[0.58993996],5.0,0.6,0.0,-0.06900939939258605,-1.7080003843580458,0.49999650717590477
18.081161975860596,0.8751908522635461,[0.58743368],5.0,0.6,0.0,-0.06994534755616427,-1.6958285270985056,0.49999642237137154
18.08911371231079,0.8722598715124958,[0.58486992],5.0,0.6,0.0,-0.06893048409766467,-1.6572383102205481,0.4999965300575691
18.098154306411743,0.8683518971777625,[0.58226545],5.0,0.6,0.0,-0.06665311754468897,-1.6482652839694762,0.49999677071140564
18.107612133026123,0.8646393215597659,[0.57963429],5.0,0.6,0.0,-0.0636020872298777,-1.6315283757691958,0.49999707677230953
18.1160786151886,0.8607313472250324,[0.57698898],5.0,0.6,0.0,-0.06011840789684433,-1.6054892295648153,0.499997411205817
18.125144958496094,0.8570187716070357,[0.57434733],5.0,0.6,0.0,-0.05643589375841432,-1.556859525056929,0.4999977438187079
18.133776664733887,0.8531107972723023,[0.57173086],5.0,0.6,0.0,-0.052711801773833986,-1.5268663178152,0.49999806439405925
18.14303469657898,0.8492028229375689,[0.56916015],5.0,0.6,0.0,-0.04904935757860088,-1.4881361518844662,0.49999836333138636
18.154476404190063,0.8443178550191521,[0.566656],5.0,0.6,0.0,-0.045514036077701894,-1.431555026294918,0.49999865910500046
18.16315770149231,0.840800678117892,[0.56424097],5.0,0.6,0.0,-0.04214519073656697,-1.3898054336051535,0.499998905071333
18.172749757766724,0.8370881024998954,[0.56193744],5.0,0.6,0.0,-0.038964289044842906,-1.3379328675293982,0.49999913536010926
18.181583642959595,0.8337663243153719,[0.55976771],5.0,0.6,0.0,-0.035980705061228545,-1.2898635774437341,0.4999993376251675
18.19010329246521,0.8300537486973752,[0.55775111],5.0,0.6,0.0,-0.03319576987566421,-1.2683506475522175,0.4999995423814708
18.199139833450317,0.8261457743626417,[0.55590492],5.0,0.6,0.0,-0.03060558804989453,-1.1967461689022865,0.49999975633087146
18.207644939422607,0.8226285974613817,[0.55424539],5.0,0.6,0.0,-0.028202984296186305,-1.1921565305622666,0.49999996200437236
18.216153621673584,0.8191114205601217,[0.55278219],5.0,0.6,0.0,-0.025978839583415445,-1.1600574004992323,0.500000187827029
18.224156856536865,0.8155942436588616,[0.55151642],5.0,0.6,0.0,-0.02392300010223857,-1.1485919512281424,0.5000004503934706
18.23313808441162,0.8116862693241282,[0.55044378],5.0,0.6,0.0,0.2540134712727914,-1.1214362593342877,0.499953152020723
18.242125749588013,0.8079736937061315,[0.54956232],5.0,0.6,0.0,0.2888890552225264,-1.1023884821262,0.49993946293649766
18.25109076499939,0.8042611180881346,[0.54887119],5.0,0.6,0.0,-0.04063235587046332,-1.0904092469102706,0.5000009323001405
18.261242151260376,0.799962346319928,[0.54836454],5.0,0.6,0.0,-0.148354583310487,-1.0824767946703182,0.4999867914163127
18.269172191619873,0.7970313655688779,[0.54803085],5.0,0.6,0.0,0.11362836427772124,-1.0957191774630994,0.49999450639059123
18.278104782104492,0.7931233912341445,[0.54785407],5.0,0.6,0.0,0.16747771813330148,-1.0925053259673643,0.4999850751381675
18.28818368911743,0.788629220749201,[0.54781663],5.0,0.6,0.0,0.14206694495683547,-1.0903197929237267,0.4999941591247647
18.296976327896118,0.7851120438479411,[0.54789982],5.0,0.6,0.0,-0.18178070523856593,-1.0938586137342519,0.4999883587761294
18.305939435958862,0.7817902656634177,[0.54808347],5.0,0.6,0.0,0.014064111523264158,-1.0977214203483685,0.5000178773503344
18.315699100494385,0.7776868926119475,[0.548347],5.0,0.6,0.0,0.06383225844355939,-1.0960124003184448,0.5000239754473215
18.324193954467773,0.7741697157106875,[0.54867017],5.0,0.6,0.0,0.05634178265875155,-1.0950069389494428,0.5000359389674047
18.333091497421265,0.7706525388094273,[0.54903457],5.0,0.6,0.0,0.031161119370119034,-1.0810348549577757,0.5000534731146917
18.342261791229248,0.7665491657579574,[0.54942337],5.0,0.6,0.0,0.004694608297637053,-1.0809615917501005,0.5000803654165478
18.352168321609497,0.7622503939897506,[0.54982053],5.0,0.6,0.0,-0.017213643957027798,-1.0596545845919279,0.500120107382164
18.36317229270935,0.7575608247880705,[0.55021389],5.0,0.6,0.0,-0.03328500521654493,-1.0279108361916474,0.5001835481539391
18.37547206878662,0.7524804581529171,[0.55059717],5.0,0.6,0.0,-0.3200622685522708,-0.9814914842156545,0.500212088831404
18.38412356376648,0.7491586799683937,[0.55096939],5.0,0.6,0.0,-0.359640045421521,-0.9396722112718949,0.5002912262147111
18.39212965965271,0.7458369017838703,[0.55133251],5.0,0.6,0.0,-0.3077841294983602,-0.9099371687465262,0.5004470437640032
18.400808572769165,0.741928927449137,[0.55169011],5.0,0.6,0.0,0.04339258071117988,-0.8608520101038175,0.5007172299663396
18.408416986465454,0.7386071492646135,[0.55204736],5.0,0.6,0.0,0.14766794109388087,-0.8353559861200595,0.5009320006525542
18.418149948120117,0.7346991749298801,[0.55241071],5.0,0.6,0.0,-0.1251816266120566,-0.7823485606129615,0.5012877814249573
18.42795419692993,0.7305958018784101,[0.55279021],5.0,0.6,0.0,-0.1900834641003864,-0.7289764504371614,0.5017677180865335
18.43845224380493,0.7264924288269399,[0.55319923],5.0,0.6,0.0,-0.17341378176674255,-0.6774316127773677,0.5024412758057778
18.44614338874817,0.7233660493591532,[0.55365182],5.0,0.6,0.0,-0.13156434431257463,-0.6332189853098917,0.503136386813703
18.456664085388184,0.7186764801574732,[0.55416208],5.0,0.6,0.0,-0.08797964669413896,-0.5846175177443556,0.5044524944156593
18.464151620864868,0.7159408981231598,[0.55473957],5.0,0.6,0.0,-0.3270998917686886,-0.5832826903338264,0.5054525377160277
18.4754056930542,0.7114467276382163,[0.55539352],5.0,0.6,0.0,-0.3318547234462911,-0.49714592242623823,0.5075873991101626
18.483133554458618,0.708124949453693,[0.55613614],5.0,0.6,0.0,-0.2562582173099932,-0.49913774405959754,0.509802736589395
18.492995023727417,0.7038261776854862,[0.55697377],5.0,0.6,0.0,-0.1660768179557229,-0.45310004415820004,0.5133710924758409
18.501670360565186,0.7001136020674896,[0.55791219],5.0,0.6,0.0,-0.3623789867259044,-0.4135492223510108,0.5174251309662776
18.51011085510254,0.6964010264494928,[0.55895577],5.0,0.6,0.0,-0.33324454484639426,-0.4121101319118537,0.5227802416535974
18.519182443618774,0.692688450831496,[0.56010793],5.0,0.6,0.0,0.04298223592207279,-0.3358186696224072,0.5297309891182042
18.52775263786316,0.6889758752134992,[0.56137558],5.0,0.6,0.0,0.18293551495706706,-0.3371754185445595,0.5385032104742027
18.538729190826416,0.6846771034452925,[0.56276347],5.0,0.6,0.0,0.21802237723767603,-0.26889025799377386,0.551135386963394
18.54811406135559,0.6805737303938224,[0.56427421],5.0,0.6,0.0,0.2100594809632853,-0.2684460483614563,0.5668297565435668
18.55609941482544,0.6774473509260357,[0.56590354],5.0,0.6,0.0,0.1872267989546728,-0.2363928386930462,0.5830162603219166
18.56413435935974,0.6741255727415123,[0.56764135],5.0,0.6,0.0,0.1616975339338479,-0.2370334688765008,0.6035225188206849
18.573084115982056,0.670217598406779,[0.56947762],5.0,0.6,0.0,0.13821015912989432,-0.1942643996474701,0.6313595889461587
18.582119703292847,0.6667004215055189,[0.5714073],5.0,0.6,0.0,0.11818435227887253,-0.15825028164953742,0.6626394411426175
18.590142011642456,0.6631832446042588,[0.57342469],5.0,0.6,0.0,0.10165986138314903,-0.15677291977908067,0.6996163132893203
18.59912371635437,0.6598614664197354,[0.57551867],5.0,0.6,0.0,0.08818252915850808,-0.11642172813596514,0.7410464946137476
18.60810351371765,0.6559534920850019,[0.57768316],5.0,0.6,0.0,0.07718888479881199,-0.07819012374511712,0.7936801021434947
18.61775016784668,0.651850119033532,[0.57992067],5.0,0.6,0.0,0.06815751374237128,-0.01814473661040829,0.8553049785441776
18.625656127929688,0.6483329421322718,[0.58223166],5.0,0.6,0.0,-0.21538229465335554,-0.01980636511573158,0.9172963765623348
18.63622522354126,0.6440341703640652,[0.5846058],5.0,0.6,0.0,-0.2548183090625079,0.015509570055871563,0.9933954432048038
18.646188259124756,0.6403215947460684,[0.58703262],5.0,0.6,0.0,0.07093612031716892,0.04612606183756208,1.0666861693008793
18.654720783233643,0.6366090191280717,[0.58950614],5.0,0.6,0.0,0.17549893789218102,0.07555842864845763,1.1416116722506087
18.663172006607056,0.633482639660285,[0.5920158],5.0,0.6,0.0,0.4629034935508357,0.07248832012603859,1.2088404849171694
18.673879384994507,0.6297700640422882,[0.5945473],5.0,0.6,0.0,0.749021381374599,0.10822734748333601,1.2798421591827638
18.685382843017578,0.6260574884242914,[0.59709423],5.0,0.6,0.0,1.5234510262498997,0.16168408274941332,1.3438201622156642
18.69601798057556,0.622735710239768,[0.59965551],5.0,0.6,0.0,2.565732371733289,0.1739016768079314,1.3940634512381023
18.707845449447632,0.6190231346217714,[0.60222251],5.0,0.6,0.0,3.465439720709644,0.18284046230374237,1.4362513963612518
18.716914653778076,0.6164829513041946,[0.60477987],5.0,0.6,0.0,4.658785289214186,0.18017967090908865,1.457080926093198
18.72748875617981,0.6135519705531445,[0.60730993],5.0,0.6,0.0,5.0,0.17369170946955684,1.473969732516423
18.735123872756958,0.6117933821025145,[0.60979266],5.0,0.6,0.0,5.0,0.15280560206906596,1.4809318069021393
18.744429349899292,0.6096439962184113,[0.61220673],5.0,0.6,0.0,5.0,0.13893355346710884,1.4804194003285571
18.753134965896606,0.6080808064845178,[0.61453184],5.0,0.6,0.0,5.0,0.12495276473037345,1.473443441400296
18.761086225509644,0.6065176167506244,[0.61674879],5.0,0.6,0.0,5.0,0.10311263294766726,1.4610142924640548
18.77033543586731,0.6047590282999944,[0.61883785],5.0,0.6,0.0,5.0,0.07825685302426748,1.4428648987085557
18.779626846313477,0.6035866359995743,[0.62077872],5.0,0.6,0.0,5.0,0.04986965745036278,1.424331794282382
18.787790775299072,0.6022188449824176,[0.62255443],5.0,0.6,0.0,5.0,0.0546098418977555,1.4023527090671306
18.796185731887817,0.6010464526819976,[0.6241522],5.0,0.6,0.0,4.769443023264972,0.0269772471366163,1.382077986644791
18.804097652435303,0.5998740603815778,[0.62556169],5.0,0.6,0.0,4.384193862760471,0.03809508252262172,1.3622610617739168
18.813124895095825,0.5987016680811577,[0.62677524],5.0,0.6,0.0,3.693682473546258,0.012838871068517435,1.3441163171889454
18.822073459625244,0.5975292757807376,[0.62778409],5.0,0.6,0.0,2.7157112612769496,-0.006498283403536357,1.3272492775738467
18.832146406173706,0.5965522821970541,[0.6285785],5.0,0.6,0.0,2.07444234085846,-0.023186641865811465,1.3113436396240228
18.84217095375061,0.5953798898966343,[0.62915094],5.0,0.6,0.0,1.6385393452050911,-0.036825728994902614,1.2940526323648105
18.851102828979492,0.5944028963129508,[0.62949573],5.0,0.6,0.0,1.0558849146791167,-0.04994513120411395,1.2808573300671853
18.860090017318726,0.5934259027292675,[0.62960882],5.0,0.6,0.0,0.5240102449479642,-0.061851426153549924,1.269429293376858
18.868229866027832,0.5926443078623208,[0.62948767],5.0,0.6,0.0,-0.17278363717636314,-0.07360095946674414,1.262223189213161
18.87815260887146,0.5916673142786375,[0.62913127],5.0,0.6,0.0,-0.788217264441625,-0.08335245700512693,1.2547853095755785
18.887797355651855,0.5902995232614808,[0.62853998],5.0,0.6,0.0,-1.2510618932885402,-0.09092146743751596,1.2452565388338814
18.898152351379395,0.5893225296777974,[0.62771536],5.0,0.6,0.0,-1.837858002123049,-0.09965666988416362,1.2421710285505254
18.906322956085205,0.5877593399439041,[0.6266602],5.0,0.6,0.0,-2.607059290488206,-0.1049415467236149,1.2338197095107573
18.917282342910767,0.5861961502100108,[0.62537841],5.0,0.6,0.0,-3.533600450065663,-0.10975432424436697,1.226404907673506
18.92732572555542,0.5844375617593808,[0.62387511],5.0,0.6,0.0,-4.568397382131671,-0.11285013754224114,1.2173700412001653
18.93670082092285,0.5830697707422241,[0.62215683],5.0,0.6,0.0,-5.0,-0.1171197632217372,1.218443079000167
18.944111585617065,0.581897378441804,[0.620232],5.0,0.6,0.0,-5.0,-0.12125050587233714,1.2270766041411918
18.953935384750366,0.580138789991174,[0.6181115],5.0,0.6,0.0,-5.0,-0.12124910199639913,1.231204800520544
18.96346664428711,0.5783802015405439,[0.61581408],5.0,0.6,0.0,-5.0,-0.09426139034814807,1.2373200051145306
18.971231937408447,0.5768170118066506,[0.61336532],5.0,0.6,0.0,-5.0,-0.10019232752043598,1.2472858644234142
18.983180284500122,0.5744722272058105,[0.61078615],5.0,0.6,0.0,-5.0,-0.09712030458840774,1.2499051855997159
18.991119861602783,0.5727136387551806,[0.60809392],5.0,0.6,0.0,-5.0,-0.09322599700609906,1.260258032077863
19.000213623046875,0.5707596515878138,[0.60530805],5.0,0.6,0.0,-5.0,-0.08646147762258333,1.2693687799712818
19.009069442749023,0.5686102657037104,[0.60245217],5.0,0.6,0.0,-5.0,-0.05162045463558479,1.2770169531475968
19.01811146736145,0.5662654811028704,[0.59955207],5.0,0.6,0.0,-5.0,-0.05401331021345122,1.2829683528467934
19.02753210067749,0.5639206965020302,[0.59662659],5.0,0.6,0.0,-5.0,-0.058693823913309275,1.2891328739395802
19.03685736656189,0.5615759119011904,[0.59368736],5.0,0.6,0.0,-4.561229883599333,-0.06699960269540228,1.2983970024315121
19.045822143554688,0.5592311273003503,[0.59074236],5.0,0.6,0.0,-4.000619219379614,-0.07910616358106491,1.3081114339736644
19.053163766860962,0.5574725388497203,[0.58779539],5.0,0.6,0.0,-3.4592844943312624,-0.09850986284874791,1.3231939910553436
19.061533451080322,0.5553231529656169,[0.58485125],5.0,0.6,0.0,-2.985498805523348,-0.07951563152823883,1.3333850381566592
19.06908392906189,0.5533691657982501,[0.58192118],5.0,0.6,0.0,-2.5876572015920676,-0.07008599982403753,1.344594466574502
19.078229188919067,0.5508289824806734,[0.57901046],5.0,0.6,0.0,-1.982769251640192,-0.11881267630988065,1.3502156118048678
19.087364673614502,0.54809340044636,[0.57610509],5.0,0.6,0.0,-1.678386217419608,-0.15802676217677142,1.3526704903574576
19.097142696380615,0.5453578184120467,[0.57317711],5.0,0.6,0.0,-1.5084579079573166,-0.17857775437075998,1.3549103721745843
19.10743498802185,0.5424268376609965,[0.57019069],5.0,0.6,0.0,-1.1199705440908811,-0.16326416883270783,1.356196575120364
19.117611169815063,0.5393004581932099,[0.56710251],5.0,0.6,0.0,-0.9975184769905192,-0.09020748441927655,1.356025554899
19.127164125442505,0.5363694774421598,[0.5638627],5.0,0.6,0.0,-1.2480638061526896,-0.10383192311050148,1.358538646402562
19.139923810958862,0.5320707056739531,[0.56039802],5.0,0.6,0.0,-1.832172278375422,-0.19695574725094636,1.3492359584410691
19.149876356124878,0.528553528772693,[0.55661474],5.0,0.6,0.0,-1.8386446862434989,-0.224363993466592,1.351778266388049
19.15918254852295,0.5256225480216429,[0.55243864],5.0,0.6,0.0,-1.635824787659561,-0.25843218628372167,1.3640551835496757
19.167588472366333,0.5226915672705928,[0.54783899],5.0,0.6,0.0,-1.3845186496769961,-0.21991576005189098,1.3797680878716099
19.178058862686157,0.5187835929358594,[0.54280901],5.0,0.6,0.0,-1.700810604386121,-0.2695649703112762,1.3888216500200754
19.187785863876343,0.5152664160345994,[0.53732023],5.0,0.6,0.0,-1.8433255866158262,-0.31529212439185156,1.404784285679167
19.196625471115112,0.5117492391333394,[0.53132782],5.0,0.6,0.0,-1.8806866300441523,-0.35453352231426,1.4235748396221497
19.204164505004883,0.5088182583822893,[0.52482179],5.0,0.6,0.0,-2.1305596270451885,-0.3123627542442707,1.446699483203153
19.215110540390015,0.504324087897346,[0.51780192],5.0,0.6,0.0,-2.0997805284632616,-0.4325840051415089,1.4610502477892306
19.225322246551514,0.4998299174124025,[0.51023309],5.0,0.6,0.0,-2.235320477171306,-0.439726432949749,1.474881642726187
19.235350370407104,0.49553114564419576,[0.50210161],5.0,0.6,0.0,-2.3718387231261,-0.4420935424485293,1.4872327510160697
19.24306321144104,0.492404766176409,[0.49345645],5.0,0.6,0.0,-1.902194730028119,-0.38675611344405963,1.497092561925717
19.254133462905884,0.48810599440820224,[0.48435371],5.0,0.6,0.0,-1.5798108775620276,-0.47757869829852184,1.495333604426611
19.26375913619995,0.48419802007346885,[0.47480082],5.0,0.6,0.0,-0.7950632724599065,-0.5252753827585931,1.4820232285276274
19.272088527679443,0.4804854444554721,[0.46482075],5.0,0.6,0.0,-0.0009958247088550642,-0.46544386091104906,1.4521082592877277
19.28128457069397,0.476382071404002,[0.45447939],5.0,0.6,0.0,0.6452117471989842,-0.5342075252418197,1.4082037741359457
19.290627241134644,0.4726694957860053,[0.44383887],5.0,0.6,0.0,1.1132864594564098,-0.49005124645037845,1.3459203319126791
19.298184871673584,0.4695431163182186,[0.43298932],5.0,0.6,0.0,1.6977471177426657,-0.47071402568107396,1.263351384647783
19.307432889938354,0.4656351419834852,[0.42201549],5.0,0.6,0.0,2.188263560162951,-0.5559755455253117,1.1799438564385718
19.31573224067688,0.46211796508222514,[0.41096551],5.0,0.6,0.0,2.529072678292585,-0.5332284714347408,1.087814355362009
19.32411813735962,0.45860078818096506,[0.3999124],5.0,0.6,0.0,2.7265734334164806,-0.526264595797158,0.9966420358600837
19.333060264587402,0.4548882125629683,[0.38893643],5.0,0.6,0.0,2.5316465112992965,-0.5694157320750766,0.9142335525298866
19.34358811378479,0.4507848395114983,[0.37807308],5.0,0.6,0.0,2.7690909535344757,-0.6371363854063623,0.8416822266028497
19.351378917694092,0.4472676626102382,[0.36734508],5.0,0.6,0.0,2.7913770799453923,-0.6209258666986917,0.7729599056592837
19.361384868621826,0.4429688908420314,[0.35679892],5.0,0.6,0.0,2.7066513396834813,-0.6429218474405073,0.7210665544583154
19.36910891532898,0.43984251137424474,[0.3464877],5.0,0.6,0.0,2.2950474932478073,-0.7510288950334919,0.6710847981651438
19.37731957435608,0.43652073318972134,[0.33645813],5.0,0.6,0.0,2.104891417206591,-0.7921485070877111,0.6317094569464534
19.386391639709473,0.4328081575717246,[0.32674496],5.0,0.6,0.0,1.99691248067383,-0.8324007269040617,0.6024522128329157
19.395076036453247,0.4292909806704645,[0.31737877],5.0,0.6,0.0,1.9119476312358792,-0.8578943740922512,0.5789725174572362
19.404075860977173,0.4253830063357311,[0.30839435],5.0,0.6,0.0,1.8275932676608841,-0.8726580954738546,0.5622667263553137
19.413151502609253,0.4216704307177344,[0.29981883],5.0,0.6,0.0,1.7375316904009908,-0.8739331257635803,0.5490834534262433
19.424072742462158,0.41678546279931766,[0.29167374],5.0,0.6,0.0,1.917932069407905,-0.8517983718499057,0.5409613060042573
19.433048009872437,0.4128774884645843,[0.28398169],5.0,0.6,0.0,1.8520915818098382,-0.8160403000475395,0.5335038734761626
19.444374799728394,0.4077971218294308,[0.27676614],5.0,0.6,0.0,1.697246128826869,-0.7554333431808774,0.5301235863935181
19.452993631362915,0.4046707423616441,[0.27005153],5.0,0.6,0.0,1.5227947595107334,-0.6876363809845797,0.5249401000105706
19.46150827407837,0.401153565460384,[0.26386353],5.0,0.6,0.0,1.356902508191292,-0.6052364792063871,0.5216900259258269
19.46904230117798,0.39822258470933397,[0.25822366],5.0,0.6,0.0,1.209002990519198,-0.5778594015441741,0.5187553942751233
19.479491472244263,0.3939238129411272,[0.25315533],5.0,0.6,0.0,1.080490005553087,-0.4254780560100308,0.5181347973157523
19.48746395111084,0.3902112373231304,[0.24868545],5.0,0.6,0.0,0.969671071195163,-0.42314752889621404,0.5175082731785335
19.497714519500732,0.38591246555492376,[0.24483056],5.0,0.6,0.0,0.8739691658066558,-0.36057509203763993,0.5181020399467469
19.510061740875244,0.38122289635324363,[0.2416073],5.0,0.6,0.0,0.7908306757805172,-0.3297498280386318,0.519806893435933
19.51808762550354,0.3779011181687203,[0.23902705],5.0,0.6,0.0,0.7180439504966879,-0.32790315375890067,0.5207433931690592
19.52825117111206,0.37399314383398685,[0.23707603],5.0,0.6,0.0,0.6538034438578197,-0.3202932498674203,0.5232170691707212
19.536064624786377,0.3706713656494634,[0.2357267],5.0,0.6,0.0,0.5966748745577104,-0.31133981634252417,0.5259346163982148
19.547071933746338,0.3657863977310467,[0.23496184],5.0,0.6,0.0,0.5455306787530726,-0.29985853236026144,0.5323925423678753
19.556358098983765,0.3616830246795766,[0.23478552],5.0,0.6,0.0,0.4994844802717078,-0.3428383067921634,0.5397455925390106
19.565269470214844,0.3579704490615799,[0.23519538],5.0,0.6,0.0,0.4578348008766955,-0.2782290511466925,0.5489024021047401
19.575096130371094,0.3540624747268465,[0.23615814],5.0,0.6,0.0,0.4200202221020209,-0.23413782449488513,0.561889435654094
19.58310580253601,0.3507406965423231,[0.23762623],5.0,0.6,0.0,0.3855850730291089,-0.20172859686767883,0.5772732336514117
19.59208369255066,0.3470281209243264,[0.23955272],5.0,0.6,0.0,0.3541537577675653,-0.17014088545471587,0.5991488139818402
19.601401329040527,0.34331554530632963,[0.24190385],5.0,0.6,0.0,0.32541178179982455,-0.18196566691091953,0.627775170082244
19.61279606819153,0.33862597610464956,[0.24466895],5.0,0.6,0.0,0.2990918071370113,-0.2082024025685516,0.6710201561310002
19.623149633407593,0.33452260305317943,[0.24783226],5.0,0.6,0.0,0.2749634103946116,-0.10518317634124943,0.7223959316067615
19.63205122947693,0.33081002743518273,[0.25136134],5.0,0.6,0.0,0.25282553619888587,-0.11813732720062564,0.7829212184291479
19.642066717147827,0.32670665438371266,[0.25523286],5.0,0.6,0.0,0.2325008999260504,-0.11370124505921793,0.8599419260432154
19.651254892349243,0.3227986800489792,[0.25941624],5.0,0.6,0.0,0.21383179635704497,0.03439762528491302,0.9477399474230604
19.660066843032837,0.3190861044309825,[0.26385463],5.0,0.6,0.0,-0.0793614372381804,0.0893837396822905,1.0432901677977644
19.670777320861816,0.31498273137951244,[0.26850579],5.0,0.6,0.0,-0.12825402939320787,0.07366186353805253,1.1491833745572881
19.681565046310425,0.3106839596113057,[0.27335431],5.0,0.6,0.0,0.1883851855364086,0.14472068141574482,1.2567400728462041
19.691853284835815,0.30677598527657224,[0.27837557],5.0,0.6,0.0,0.5603035692841761,0.2058461932869674,1.3507888215839898
19.701284170150757,0.30345420709204884,[0.28354207],5.0,0.6,0.0,1.1486720693266124,0.20647720169217287,1.4227827968003004
19.709041833877563,0.3009140237744722,[0.28883254],5.0,0.6,0.0,1.6811634269759395,0.2936778545852746,1.4691300250840449
19.719077110290527,0.29759224558994873,[0.29421473],5.0,0.6,0.0,2.6263917450549883,0.3425542657074987,1.492612535767081
19.72910714149475,0.29505206227237213,[0.29965787],5.0,0.6,0.0,4.0454880023739985,0.3783794057375501,1.4837306784225757
19.73817276954651,0.2929026763882687,[0.30514416],5.0,0.6,0.0,5.0,0.41053501871542325,1.4522059675030938
19.74714994430542,0.290948689220902,[0.31066215],5.0,0.6,0.0,5.0,0.4393961373362473,1.406951730535388
19.757163047790527,0.28919010077027196,[0.31620439],5.0,0.6,0.0,5.0,0.4648005760405905,1.3459291930899062
19.76606297492981,0.28782230975311524,[0.32176656],5.0,0.6,0.0,5.0,0.48817908119235376,1.2759142583795557
19.77512812614441,0.2868453161694319,[0.32734581],5.0,0.6,0.0,5.0,0.5130173139113112,1.2020532489811853
19.784093856811523,0.2862591200192219,[0.33293031],5.0,0.6,0.0,5.0,0.5837130421045386,1.1285826608445788
19.792938947677612,0.28567292386901194,[0.33849938],5.0,0.6,0.0,5.0,0.6069824401355043,1.0540120408730218
19.80315589904785,0.28567292386901194,[0.34403895],5.0,0.6,0.0,5.0,0.6390868503101177,0.9876814641146259
19.81119966506958,0.28586832258574857,[0.34953727],5.0,0.6,0.0,5.0,0.6674355774560566,0.9262579795890863
19.82032346725464,0.28645451873595856,[0.35497883],5.0,0.6,0.0,5.0,0.6901001365978505,0.8727053151881622
19.829120635986328,0.28723611360290524,[0.360342],5.0,0.6,0.0,5.0,0.6902493032193507,0.8251200678155983
19.83826756477356,0.2884085059033253,[0.36559758],5.0,0.6,0.0,5.0,0.6909318346426521,0.7854577005430121
19.848405361175537,0.29036249307069195,[0.37071872],5.0,0.6,0.0,5.0,0.6772840647058609,0.7566109841276003
19.85612154006958,0.29153488537111205,[0.37567823],5.0,0.6,0.0,5.0,0.6278229882282116,0.7244099166602356
19.864128828048706,0.2934888725384787,[0.38044217],5.0,0.6,0.0,5.0,0.575516727975096,0.7021620210021415
19.874150276184082,0.29602905585605543,[0.38497471],5.0,0.6,0.0,5.0,0.5025670229859662,0.6872409866034427
19.8824303150177,0.29837384045689547,[0.38923882],5.0,0.6,0.0,5.0,0.4169259810860116,0.6735345868940191
19.891724109649658,0.30130482120794555,[0.39319468],5.0,0.6,0.0,5.0,0.3238441697537399,0.6664825414109119
19.900678396224976,0.3044312006757322,[0.39680088],5.0,0.6,0.0,5.0,0.23683678323643037,0.6632443982861211
19.910134077072144,0.3075575801435189,[0.40002373],5.0,0.6,0.0,4.747173791230416,0.22433475318532908,0.6643689473321771
19.918139219284058,0.3100977634610957,[0.40285432],5.0,0.6,0.0,3.8216324773168595,0.22280957105324872,0.6681763390300245
19.926104307174683,0.3126379467786724,[0.40530948],5.0,0.6,0.0,2.2573934401053366,0.22000315571982587,0.6757169517538189
19.93414044380188,0.3151781300962491,[0.40741536],5.0,0.6,0.0,0.4815720721021317,0.2158472334816856,0.6822295498241905
19.942137002944946,0.31752291469708915,[0.40919859],5.0,0.6,0.0,-1.5828283307179893,0.2115612059858447,0.6843474380388199
19.950271368026733,0.32006309801466587,[0.41068587],5.0,0.6,0.0,-3.3289211662447027,0.20509835038592433,0.6853146615792365
19.959933757781982,0.3229940787657159,[0.41188784],5.0,0.6,0.0,-4.87685263203661,0.1280005866924692,0.6884937985569506
19.968154907226562,0.325338863366556,[0.41279277],5.0,0.6,0.0,-5.0,0.12269660128466404,0.6983463412829743
19.9761381149292,0.32768364796739596,[0.41339266],5.0,0.6,0.0,-5.0,0.11340387970413969,0.7118399837331791
19.98544716835022,0.33022383128497274,[0.41368078],5.0,0.6,0.0,-5.0,0.061393569806006645,0.7300581838537117
19.994438886642456,0.3325686158858127,[0.4136438],5.0,0.6,0.0,-5.0,0.053996985200047615,0.7503038166528284
20.00310516357422,0.33452260305317943,[0.41328247],5.0,0.6,0.0,-5.0,0.04626971709972773,0.7709359759191485
20.012410879135132,0.3366719889372828,[0.41259902],5.0,0.6,0.0,-5.0,0.02294961077387071,0.7974257804618154
20.020129442214966,0.3382351786711762,[0.41158743],5.0,0.6,0.0,-5.0,0.008184575365082077,0.8226510172853667
20.029232263565063,0.33979836840506955,[0.41024515],5.0,0.6,0.0,-5.0,0.0156894785674189,0.8523624634775858
20.038605213165283,0.34155695685569953,[0.40856154],5.0,0.6,0.0,-5.0,0.045613448016896825,0.88914712525567
20.04818868637085,0.3429247478728562,[0.40652009],5.0,0.6,0.0,-5.0,0.07759793369887649,0.9270915086749038
20.057450771331787,0.3440971401732763,[0.40411205],5.0,0.6,0.0,-5.0,0.06657197086920029,0.9683101129241654
20.067140817642212,0.3450741337569596,[0.4013367],5.0,0.6,0.0,-5.0,0.044705144175013534,1.012677853776005
20.076977491378784,0.34605112734064297,[0.39820116],5.0,0.6,0.0,-5.0,0.02521024959103694,1.062197378157401
20.085492849349976,0.34683272220758965,[0.39471981],5.0,0.6,0.0,-5.0,0.008375687543301834,1.1138781896969472
20.094043254852295,0.3474189183577997,[0.3909225],5.0,0.6,0.0,-5.0,-0.09566630134309144,1.1666116264479847
20.104026794433594,0.34780971579127296,[0.3868513],5.0,0.6,0.0,-5.0,-0.11184893778012953,1.2189667501427865
20.113740921020508,0.3482005132247464,[0.38253927],5.0,0.6,0.0,-5.0,-0.1364105552489554,1.2716469428297112
20.12302803993225,0.3482005132247464,[0.37801175],5.0,0.6,0.0,-5.0,-0.1652187312223252,1.31889048905113
20.13204288482666,0.34780971579127296,[0.37329668],5.0,0.6,0.0,-5.0,-0.19516111856702076,1.359900295446866
20.142051935195923,0.3476143170745364,[0.36840634],5.0,0.6,0.0,-5.0,-0.13143890714945347,1.398902817753604
20.15415859222412,0.346637323490853,[0.36333128],5.0,0.6,0.0,-5.0,-0.1520528625576551,1.4275193009993439
20.165037393569946,0.34566032990716966,[0.35807858],5.0,0.6,0.0,-5.0,-0.20326057158657615,1.4513602475931306
20.173508882522583,0.34487873504022304,[0.35268066],5.0,0.6,0.0,-5.0,-0.24503416297454106,1.469631847808444
20.18405318260193,0.34370634273980294,[0.34717412],5.0,0.6,0.0,-5.0,-0.30689406181662526,1.4793298586648995
20.1923885345459,0.34233855172264627,[0.34161659],5.0,0.6,0.0,-5.0,-0.2836683445998839,1.481627820680872
20.20001769065857,0.3411661594222262,[0.33608218],5.0,0.6,0.0,-5.0,-0.3032407980634561,1.4765760392511684
20.209051847457886,0.33940757097159613,[0.33061349],5.0,0.6,0.0,-4.770267868060921,-0.3507901189891813,1.4679963686206405
20.217549324035645,0.33764898252096615,[0.32522254],5.0,0.6,0.0,-4.386219586312119,-0.3677221988544938,1.4554704239321938
20.225477695465088,0.3356949953535995,[0.31991995],5.0,0.6,0.0,-3.972816042821107,-0.38630733446005405,1.4398357298133433
20.234076738357544,0.3335456094694961,[0.31472161],5.0,0.6,0.0,-3.8568713454772157,-0.37327404113385665,1.4206326976425954
20.24499011039734,0.33022383128497274,[0.30963867],5.0,0.6,0.0,-4.088493792620999,-0.41691093848540745,1.4064524408670853
20.255003452301025,0.327097451817186,[0.30466722],5.0,0.6,0.0,-4.615001029499723,-0.4242889366839964,1.3886681236128624
20.263147592544556,0.3241664710661359,[0.29980799],5.0,0.6,0.0,-4.805006421633463,-0.4063903951236322,1.3712086178146972
20.27111268043518,0.3208446928816125,[0.29507161],5.0,0.6,0.0,-4.516858758515641,-0.4198807061141133,1.3606371776635338
20.281726360321045,0.3167413198301425,[0.2904599],5.0,0.6,0.0,-4.903406641533026,-0.4248331608272155,1.3533931005240676
20.28904128074646,0.31381033907909234,[0.28597317],5.0,0.6,0.0,-4.822844793576903,-0.40245753911349885,1.3394127137145615
20.298077821731567,0.3100977634610957,[0.28161662],5.0,0.6,0.0,-4.825344585514732,-0.41327449760671764,1.3332057172861163
20.309165954589844,0.3052127955426789,[0.27738351],5.0,0.6,0.0,-4.2441344106466925,-0.4358564215627977,1.3432757000803126
20.318768978118896,0.3011094224912088,[0.27325764],5.0,0.6,0.0,-3.534469946764323,-0.4277832876080002,1.3470781194296542
20.328038930892944,0.2970060494397388,[0.269231],5.0,0.6,0.0,-2.323789091238462,-0.41906210593953575,1.3530191814085928
20.337411165237427,0.2934888725384787,[0.2653021],5.0,0.6,0.0,-0.6018481317010949,-0.41328235850087924,1.3528130534115408
20.346261739730835,0.29016709435395527,[0.26146954],5.0,0.6,0.0,1.2408103362750134,-0.40836676896534213,1.3469948738502315
20.354086875915527,0.2868453161694319,[0.25773636],5.0,0.6,0.0,2.757345009017599,-0.37338988144488344,1.3384874576197303
20.365408658981323,0.2823511456844885,[0.25410515],5.0,0.6,0.0,4.123676451444354,-0.3983885337060248,1.3400132525301667
20.374019622802734,0.2786385700664918,[0.25057351],5.0,0.6,0.0,5.0,-0.3593934711954348,1.3359836924286348
20.384048223495483,0.27433979829828503,[0.24714327],5.0,0.6,0.0,5.0,-0.3538607234745947,1.344223389129981
20.395117044448853,0.26965022909660497,[0.24381613],5.0,0.6,0.0,5.0,-0.3435870789549329,1.356776941803482
20.40410327911377,0.2659376534786082,[0.24058946],5.0,0.6,0.0,5.0,-0.3361730187288124,1.361140156935238
20.413124799728394,0.26222507786061144,[0.23746095],5.0,0.6,0.0,5.0,-0.3276691552361147,1.3663031248353203
20.42337656021118,0.2581217048091414,[0.23442518],5.0,0.6,0.0,5.0,-0.3423567499551706,1.375503648944143
20.435132265090942,0.2528459394572513,[0.23147727],5.0,0.6,0.0,5.0,-0.2909071352067166,1.394454013697815
20.44401741027832,0.24893796512251787,[0.22861926],5.0,0.6,0.0,5.0,-0.2817992418239921,1.4024790556941131
20.453145503997803,0.24522538950452114,[0.22585244],5.0,0.6,0.0,5.0,-0.2729788081790671,1.409417837768924
20.4630184173584,0.24131741516978775,[0.22317426],5.0,0.6,0.0,5.0,-0.26225328769661943,1.4180175412778029
20.471479177474976,0.23799563698526438,[0.22058217],5.0,0.6,0.0,4.994065716251958,-0.2531748211342865,1.422931152204955
20.480480670928955,0.23428306136726765,[0.21807384],5.0,0.6,0.0,4.840992393005354,-0.24103689505209885,1.4316646432081228
20.490612983703613,0.2303750870325342,[0.21564721],5.0,0.6,0.0,4.611532321740999,-0.22677677867690446,1.4419628726483933
20.500396251678467,0.22627171398106416,[0.21330053],5.0,0.6,0.0,4.345734743294287,-0.2105743199629826,1.4530470292583224
20.50941276550293,0.22294993579654077,[0.21103227],5.0,0.6,0.0,4.066589210520246,-0.19802238936400843,1.4598335629401948
20.51701045036316,0.2194327588952807,[0.20884324],5.0,0.6,0.0,3.7873842171535257,-0.1621941129917565,1.4672573526786272
20.52612829208374,0.2155247845605473,[0.20673593],5.0,0.6,0.0,3.515760415609819,-0.1540556425873075,1.4755528743130888
20.536643981933594,0.2108352153588672,[0.20470965],5.0,0.6,0.0,3.2559971551391698,-0.14015339043429892,1.4846937608469721
20.5456326007843,0.20712263974087047,[0.20276093],5.0,0.6,0.0,3.0103360425217343,-0.1299339787590536,1.4895017857126427
20.55564785003662,0.20301926668940037,[0.20088627],5.0,0.6,0.0,3.0558057600788704,-0.11699549277423171,1.492187404420907
20.56539750099182,0.1989158936379303,[0.19908214],5.0,0.6,0.0,2.5976339701379487,-0.1030898235708444,1.4949966257896683
20.573994874954224,0.19539871673667025,[0.19734692],5.0,0.6,0.0,2.309209006908477,-0.07144677866572442,1.4952874245814296
20.58302593231201,0.1916861411186735,[0.19568063],5.0,0.6,0.0,2.3785711164895273,-0.06532421825675071,1.4926200688588902
20.59128713607788,0.18836436293415013,[0.19408057],5.0,0.6,0.0,2.2453806496185416,-0.059036996462275386,1.4897472883702763
20.599010944366455,0.18484718603289005,[0.19254376],5.0,0.6,0.0,2.0453298740401022,-0.030481410819250234,1.4851180313304797
20.60955786705017,0.18074381298141998,[0.19106702],5.0,0.6,0.0,1.8372157679292855,-0.04356027311564389,1.4764054982224113
20.618000268936157,0.1772266360801599,[0.18964507],5.0,0.6,0.0,1.6440003603329691,-0.012139542893203544,1.4676194301566703
20.62643527984619,0.17429565532910984,[0.18827468],5.0,0.6,0.0,1.4725652567776009,-0.009013310696687298,1.460059681112166
20.634562253952026,0.17077847842784977,[0.18695248],5.0,0.6,0.0,1.599083657396289,-0.0013785426393207614,1.4471255974872996
20.64334774017334,0.1668705040931164,[0.18567322],5.0,0.6,0.0,1.5022772266740239,0.009801054204824314,1.4300563594754785
20.651000499725342,0.164134922058803,[0.18443388],5.0,0.6,0.0,1.6099644550557608,0.035689451906138744,1.4189689818252802
20.66023564338684,0.16022694772406962,[0.1832317],5.0,0.6,0.0,1.743718494815817,0.02530863819632963,1.397306943751513
20.668994188308716,0.15710056825628288,[0.18206236],5.0,0.6,0.0,1.8395281583475118,0.055851662725772085,1.3803212654917818
20.680323600769043,0.15338799263828612,[0.18092239],5.0,0.6,0.0,2.4349182781198677,0.05028938077131913,1.3549133816096899
20.68902063369751,0.15065241060397278,[0.17980913],5.0,0.6,0.0,3.0488301627075245,0.0797684372557578,1.336773705220719
20.699040412902832,0.14752603113618606,[0.17868457],5.0,0.6,0.0,3.515476835541432,-0.15050892411841188,1.3144015613527795
20.706979036331177,0.14498584781860932,[0.17748239],5.0,0.6,0.0,3.8038555203258033,-0.10775898228044417,1.298952225019837
20.717381477355957,0.1418594683508226,[0.17618289],5.0,0.6,0.0,4.210432056283952,-0.07750039320739535,1.2770573344801592
20.72533345222473,0.13951468374998255,[0.1748043],5.0,0.6,0.0,4.2512552141339395,-0.0076898615862157306,1.2662500521392528
20.733054399490356,0.13716989914914252,[0.17336971],5.0,0.6,0.0,4.391572681350734,0.06290685226089433,1.2552931117183839
20.742005109786987,0.13423891839809246,[0.17191157],5.0,0.6,0.0,3.9324914058787592,0.1641883926204382,1.2415025497116678
20.75199604034424,0.13111253893030572,[0.17047173],5.0,0.6,0.0,3.320439280730165,0.2956630175173246,1.2254319589283864
20.761019468307495,0.128572355612729,[0.16910481],5.0,0.6,0.0,2.735575174395183,0.4347047689607299,1.2144084951061607
20.770071983337402,0.1260321722951523,[0.16787758],5.0,0.6,0.0,2.2377628882290947,0.5447315109944626,1.200828050999137
20.780332565307617,0.12368738769431226,[0.16686693],5.0,0.6,0.0,1.8357124678701378,0.5686736685305569,1.1862355597803838
20.789069890975952,0.1221241979604189,[0.16614094],5.0,0.6,0.0,2.0709351179122786,0.5713940603690131,1.1755728413931374
20.800182819366455,0.12056100822652555,[0.16577574],5.0,0.6,0.0,2.993892891057996,0.5330507384330635,1.1577696711783427
20.808083534240723,0.11977941335957885,[0.16586375],5.0,0.6,0.0,4.2030510419312845,0.5156514211878742,1.1409522971046473
20.816953659057617,0.11919321720936885,[0.16647288],5.0,0.6,0.0,5.0,0.5851434236757197,1.1212291337160383
20.826688766479492,0.11899781849263219,[0.16767246],5.0,0.6,0.0,5.0,0.650862169544183,1.1043363027666735
20.83403491973877,0.11899781849263219,[0.16952296],5.0,0.6,0.0,5.0,0.6256411060682213,1.08189260870338
20.845308542251587,0.11977941335957885,[0.17208221],5.0,0.6,0.0,5.0,0.7959801630339637,1.060347919810869
20.855159759521484,0.12056100822652555,[0.17545641],5.0,0.6,0.0,5.0,0.8446084327597574,1.0290633176966684
20.863102674484253,0.12153800181020889,[0.17970553],5.0,0.6,0.0,5.0,0.7916492642185691,0.990027590219442
20.875145196914673,0.12388278641104894,[0.18485275],5.0,0.6,0.0,5.0,0.9672221735534658,0.9571945762573039
20.884116888046265,0.1260321722951523,[0.1909441],5.0,0.6,0.0,5.0,0.8974095023624722,0.9122735624875442
20.892985105514526,0.1287677543294657,[0.19798009],5.0,0.6,0.0,5.0,0.9644505306070918,0.8653648597627829
20.90300226211548,0.13228493123072574,[0.20595483],5.0,0.6,0.0,5.0,1.0216505807324485,0.8194815747234876
20.912959337234497,0.13619290556545915,[0.21488602],5.0,0.6,0.0,5.0,1.0702204144933198,0.7715445327052419
20.92105197906494,0.13951468374998255,[0.22477566],5.0,0.6,0.0,5.0,1.1158486414732731,0.7153923540933013
20.931634664535522,0.14342265808471594,[0.23560899],5.0,0.6,0.0,5.0,1.1526262472349988,0.6644769523329281
20.940340995788574,0.14674443626923936,[0.24735385],5.0,0.6,0.0,5.0,1.1870932298784804,0.6137984342990714
20.950040340423584,0.15065241060397278,[0.25996098],5.0,0.6,0.0,5.0,1.214812503227325,0.5733917334215858
20.958551168441772,0.15397418878849614,[0.27336456],5.0,0.6,0.0,3.9464373597297797,1.2396539260725181,0.5463371609401251
20.967745780944824,0.15749136568975622,[0.28748486],5.0,0.6,0.0,2.2653035403562383,1.2677787877437474,0.5302535598533016
20.977004528045654,0.1610085425910163,[0.30223357],5.0,0.6,0.0,-0.15379149452791951,1.2958168205533345,0.5185024327916001
20.98803162574768,0.16569811179269636,[0.31753624],5.0,0.6,0.0,-2.901113205601523,1.3846004321088492,0.5037161060711421
20.997445583343506,0.16960608612742978,[0.33332674],5.0,0.6,0.0,-5.0,1.3824457661992258,0.4864287852760558
21.00638198852539,0.17312326302868986,[0.3495032],5.0,0.6,0.0,-5.0,1.3897570490962825,0.4837173792715273
21.015556573867798,0.1766404399299499,[0.36593751],5.0,0.6,0.0,-5.0,1.4039738965950026,0.4825039460927583
21.02559804916382,0.18074381298141998,[0.38250461],5.0,0.6,0.0,-5.0,1.4210024975895748,0.4820232668969759
21.033957481384277,0.18367479373247003,[0.39908502],5.0,0.6,0.0,-5.0,1.4487537679730382,0.4818253040763812
21.04324221611023,0.18758276806720342,[0.41556709],5.0,0.6,0.0,-5.0,1.4760433743910564,0.4817626358310642
21.051716566085815,0.1909045462517268,[0.43184902],5.0,0.6,0.0,-5.0,1.51020235641669,0.4817411293185641
21.062276363372803,0.19539871673667025,[0.44785078],5.0,0.6,0.0,-5.0,1.5762546536369522,0.48173497488658373
21.071194887161255,0.198525096204457,[0.46351349],5.0,0.6,0.0,-5.0,1.6079181581968167,0.48173285804158084
21.082100868225098,0.20321466540613706,[0.47877787],5.0,0.6,0.0,-5.0,1.6373924774371502,0.4817323158485877
21.091288089752197,0.2067318423073971,[0.49358637],5.0,0.6,0.0,-5.0,1.675953743457147,0.4817321333715926
21.10039782524109,0.21044441792539384,[0.50789453],5.0,0.6,0.0,-5.0,1.7150324666124137,0.481732082778831
21.109962701797485,0.21435239226012726,[0.52166973],5.0,0.6,0.0,-5.0,1.7538682004589914,0.48173206838579036
21.11907720565796,0.21806496787812396,[0.53489046],5.0,0.6,0.0,-5.0,1.7942729312064343,0.4817320640348604
21.126981258392334,0.22138674606264738,[0.54753641],5.0,0.6,0.0,-5.0,1.9129581410547856,0.48173206270004676
21.136414051055908,0.22529472039738077,[0.55959983],5.0,0.6,0.0,-5.0,1.889306621814907,0.4817320623201169
21.145348072052002,0.2286164985819042,[0.57110492],5.0,0.6,0.0,-5.0,1.9322231414096742,0.4817320621887388
21.155834197998047,0.2325244729166376,[0.58208536],5.0,0.6,0.0,-4.910311300586954,1.9761595929878453,0.48236996512830316
21.16636848449707,0.237018643401581,[0.59258845],5.0,0.6,0.0,-4.701647391519607,2.0656691005410197,0.48381249472454263
21.173986434936523,0.2397542254358944,[0.60266941],5.0,0.6,0.0,-4.4378998389681925,2.060799570883658,0.48555192250204526
21.18609309196472,0.24463919335431117,[0.61237818],5.0,0.6,0.0,-3.8772342304533565,2.161744914662032,0.48893376650187353
21.194972276687622,0.24776557282209788,[0.62178824],5.0,0.6,0.0,-3.5569990224493884,2.205409163821724,0.49066981497120954
21.205284595489502,0.2520643445903046,[0.63097419],5.0,0.6,0.0,-3.608381464339942,2.244803219175674,0.4904009334301906
21.214221239089966,0.255972318925038,[0.63999504],5.0,0.6,0.0,-3.450323188286532,2.2869606687548796,0.4912161836972551
21.222062826156616,0.25909869839282473,[0.64889029],5.0,0.6,0.0,-2.937413835567269,2.2671167023400427,0.4936180930686551
21.23201298713684,0.2630066727275582,[0.6576809],5.0,0.6,0.0,-2.6484846068301056,2.3249357112053786,0.49480559445378375
21.24101495742798,0.2663284509120815,[0.66641022],5.0,0.6,0.0,-2.4547917161932977,2.380342816217504,0.49553430262153314
21.253132581710815,0.271408817547235,[0.67516157],5.0,0.6,0.0,-2.5751474347300203,2.4934707128266447,0.49508788209343096
21.2619526386261,0.274925994448495,[0.68400941],5.0,0.6,0.0,-2.1907807303246813,2.447346652763864,0.4964399689027548
21.270984649658203,0.2788339687832284,[0.69297562],5.0,0.6,0.0,-1.9666720704837575,2.4935449067815796,0.4971290821945464
21.278966665267944,0.2819603482510151,[0.70207959],5.0,0.6,0.0,-1.813147081516557,2.5399961123124633,0.4975587606264065
21.287954330444336,0.2854775251522752,[0.71133678],5.0,0.6,0.0,-1.6897620174962276,2.507506274013637,0.49787902766334086
21.298286199569702,0.28958089820374533,[0.72075902],5.0,0.6,0.0,-1.5792480272627116,2.637414248176214,0.49814688948558034
21.30752992630005,0.2930980751050054,[0.73039864],5.0,0.6,0.0,-1.4749252046058108,2.6676274031655987,0.49838324737322953
21.31592845916748,0.2964198532895288,[0.74027436],5.0,0.6,0.0,-1.3747181717580597,2.6259328031007483,0.49859517186095803
21.325355291366577,0.2999370301907889,[0.75035366],5.0,0.6,0.0,-1.5544175010874803,2.6773117034980287,0.49820460038094044
21.332955837249756,0.3032588083753122,[0.76060534],5.0,0.6,0.0,-1.4954124367736443,2.6529301538626733,0.49833809614786934
21.341015815734863,0.306385187843099,[0.77099943],5.0,0.6,0.0,-1.3528105706850975,2.716833563939889,0.49863952947904905
21.35105323791504,0.3106839596113057,[0.78152813],5.0,0.6,0.0,-1.1941511621336565,2.7654022996962064,0.49893961308747936
21.360052347183228,0.31459193394603907,[0.79220164],5.0,0.6,0.0,-1.0461366985882838,2.808309264265104,0.4991859899063445
21.36799430847168,0.3173275159803524,[0.80300326],5.0,0.6,0.0,-0.9171190150254731,2.786105191004198,0.4993742711503701
21.375959634780884,0.32045389544813924,[0.81389395],5.0,0.6,0.0,-0.8077262263136623,2.84442294590849,0.4995145727633349
21.384459018707275,0.3237756736326626,[0.82485631],5.0,0.6,0.0,-0.7157445688833668,2.8932911236304206,0.4996187962269262
21.393450021743774,0.32748824925065934,[0.83589073],5.0,0.6,0.0,-0.6382568758108886,2.933536051791088,0.4996968441262289
21.402286291122437,0.3310054261519194,[0.84699198],5.0,0.6,0.0,-0.5724998184356476,2.9700022910747057,0.4997560777450228
21.41120982170105,0.3347180017699161,[0.85815004],5.0,0.6,0.0,-0.5161438688350284,3.002132150890003,0.4998017276755088
21.420591831207275,0.3382351786711762,[0.8693508],5.0,0.6,0.0,-0.4673289799359246,3.032892710913119,0.49983745204927127
21.430706024169922,0.34233855172264627,[0.88057686],5.0,0.6,0.0,-0.4246091937142341,3.058995270895381,0.4998658078297636
21.439942598342896,0.3458557286239063,[0.8918082],5.0,0.6,0.0,-0.3868734796123179,3.086691924354964,0.4998885971738555
21.449039936065674,0.34937290552516637,[0.90302282],5.0,0.6,0.0,-0.3532699406568851,3.1134373177949963,0.4999071077033608
21.459396600723267,0.35347627857663644,[0.91421122],5.0,0.6,0.0,-0.32314239521237953,3.182331248255165,0.49992227498811426
21.468802213668823,0.3573842529113699,[0.92537408],5.0,0.6,0.0,-0.2959806445702169,3.1907860513397126,0.4999347913848151
21.47703742980957,0.3607060310958933,[0.93647979],5.0,0.6,0.0,-0.27138284474165014,3.1639222725273406,0.49994517891244133
21.48679518699646,0.36480940414736335,[0.94747112],5.0,0.6,0.0,-0.24902762490553593,3.191900129771194,0.49995383831215606
21.496583461761475,0.36871737848209674,[0.95831036],5.0,0.6,0.0,-0.22865367609696333,3.2186851480333054,0.4999610823911241
21.504936933517456,0.3722345553833568,[0.9689764],5.0,0.6,0.0,-0.48608326239844063,3.2453820403712625,0.49982414625325
21.513976573944092,0.3757517322846169,[0.97944931],5.0,0.6,0.0,-0.5021826067806424,3.270360337677472,0.499812306824521
21.52441668510437,0.3800505040528236,[0.98971058],5.0,0.6,0.0,-0.4314885465507715,3.2899711330761092,0.49986142495427394
21.5335533618927,0.3831768835206103,[0.99974324],5.0,0.6,0.0,-0.34110101892097927,3.3140633859040345,0.4999133965696564
21.541945457458496,0.3866940604218704,[1.00952273],5.0,0.6,0.0,-0.25745261281093124,3.367590048038688,0.4999506621915246
21.553051233291626,0.39118823090681387,[1.01902782],5.0,0.6,0.0,-0.18877796963749205,3.359523591828363,0.49997347241126433
21.562990427017212,0.3952916039582839,[1.02825928],5.0,0.6,0.0,-0.13570772469684786,3.372166450222481,0.49998629087110763
21.57330298423767,0.39939497700975396,[1.03722582],5.0,0.6,0.0,-0.09611694982962048,3.410982168261107,0.4999931229267592
21.5810284614563,0.4021305590440673,[1.04592568],5.0,0.6,0.0,-0.06723540815276446,3.4979006616329515,0.4999966348741937
21.59101128578186,0.40623393209553743,[1.05434195],5.0,0.6,0.0,-0.04648290758408076,3.5311819954627586,0.4999983916056124
21.600224018096924,0.4097511089967975,[1.06246109],5.0,0.6,0.0,-0.031733138469176206,3.562494616385036,0.4999992503951231
21.608092546463013,0.41307288718132085,[1.07027395],5.0,0.6,0.0,-0.02133790735260362,3.5911088980314174,0.4999996610698698
21.618321895599365,0.4173716589495276,[1.07777411],5.0,0.6,0.0,-0.014063876495481416,3.6068246422654213,0.4999998527630884
21.626938343048096,0.42108423456752436,[1.08496504],5.0,0.6,0.0,-0.00900817146672974,3.6200071730677457,0.49999993959401956
21.63841199874878,0.42557840505246775,[1.09185127],5.0,0.6,0.0,-0.0055192532525887615,3.6389491623399546,0.499999977323955
21.645981788635254,0.4287047845202545,[1.09843832],5.0,0.6,0.0,-0.0031315038144281294,3.640310437179396,0.49999999270017303
21.655064344406128,0.4322219614215146,[1.10472731],5.0,0.6,0.0,-0.0015144250696305366,3.6519880732221806,0.49999999829272984
21.662957191467285,0.435543739606038,[1.11071578],5.0,0.6,0.0,-0.0004345741487784794,3.6349253622359705,0.49999999985941646
21.67195200920105,0.439060916507298,[1.11640448],5.0,0.6,0.0,0.0002723326275799046,3.6497909304917573,0.4999999999447915
21.68195152282715,0.4429688908420314,[1.12180172],5.0,0.6,0.0,0.0007215711104588712,3.657619776010553,0.4999999996124168
21.692954301834106,0.44746306132697483,[1.12692192],5.0,0.6,0.0,0.0009938262376916797,3.6585592005042646,0.4999999992647626
21.70194721221924,0.45117563694497165,[1.1317792],5.0,0.6,0.0,0.2771837980141463,3.6600447383830876,0.49994281033935783
21.711960077285767,0.455083611279705,[1.1363873],5.0,0.6,0.0,0.31037861465916117,3.658136959371274,0.4999282934030171
21.720168590545654,0.4584053894642284,[1.14075954],5.0,0.6,0.0,0.2552974328134829,3.657025476400056,0.4999514847247153
21.727914571762085,0.46153176893201514,[1.14490489],5.0,0.6,0.0,-0.09684512486810781,3.6256167546496334,0.4999930183323662
21.736475229263306,0.4648535471165385,[1.14882872],5.0,0.6,0.0,-0.2005338584321331,3.6308210188599395,0.4999700657008244
21.744556188583374,0.4681753253010619,[1.15254141],5.0,0.6,0.0,0.07392516472676448,3.63187995664274,0.49999593191976016
21.751953840255737,0.47110630605211196,[1.15605727],5.0,0.6,0.0,0.14107508949474185,3.6317163320241663,0.4999851850254382
21.76285672187805,0.47560047653705534,[1.15938977],5.0,0.6,0.0,0.12702009780107684,3.621504539291565,0.4999879899077024
21.771231412887573,0.4791176534383154,[1.16255152],5.0,0.6,0.0,-0.18807502942379656,3.6143289614848113,0.4999736695963592
21.781255960464478,0.4834164252065221,[1.16555433],5.0,0.6,0.0,0.014096613593468615,3.601649177780553,0.4999998520768312
21.78997778892517,0.48673820339104557,[1.16840916],5.0,0.6,0.0,0.0682080254135907,3.592669309191042,0.49999653681154094
21.799935340881348,0.490646177725779,[1.17112625],5.0,0.6,0.0,0.06354437823751963,3.5799554824896247,0.49999699420305177
21.80968475341797,0.4945541520605124,[1.17371507],5.0,0.6,0.0,-0.23595963718952198,3.5666404804185396,0.49995855576618536
21.81914710998535,0.49846212639524584,[1.17618439],5.0,0.6,0.0,-0.018588253258487883,3.552501502703273,0.4999997427924423
21.828004360198975,0.5017839045797692,[1.17853977],5.0,0.6,0.0,0.04810114567940219,3.5160694154164482,0.49999827766840493
21.837066411972046,0.5053010814810293,[1.18078403],5.0,0.6,0.0,0.05302274590307135,3.5109702099934403,0.4999979071880993
21.846943378448486,0.5094044545324993,[1.18292301],5.0,0.6,0.0,0.03648373794739736,3.5003808970718886,0.49999900915687506
21.85768151283264,0.5138986250174427,[1.18496718],5.0,0.6,0.0,0.01573902081426418,3.5078771402844833,0.4999998155995338
21.867123126983643,0.5172204032019662,[1.18692589],5.0,0.6,0.0,-0.002607306668586688,3.468804560277027,0.4999999949395294
21.876835346221924,0.5213237762534362,[1.18880284],5.0,0.6,0.0,-0.016664262782225336,3.4553150171443,0.4999997932817611
21.885687828063965,0.5248409531546963,[1.19060155],5.0,0.6,0.0,-0.026469248499936315,3.44353571815163,0.4999994784575398
21.89495086669922,0.5283581300559563,[1.19232761],5.0,0.6,0.0,-0.032724521481854174,3.430708971543009,0.4999992028263433
21.902906894683838,0.5316799082404797,[1.19398414],5.0,0.6,0.0,-0.03625559083852668,3.39812263147772,0.49999902151037673
21.91309666633606,0.5357832812919499,[1.19557386],5.0,0.6,0.0,-0.03780349636002011,3.4049521060981696,0.49999893617510166
21.921087980270386,0.5389096607597365,[1.19710117],5.0,0.6,0.0,-0.03796507912113857,3.3717863389801592,0.4999989270615031
21.930451154708862,0.5426222363777332,[1.19856821],5.0,0.6,0.0,-0.037193984279440054,3.3591162908935805,0.4999989702029712
21.939316987991333,0.54633481199573,[1.19997682],5.0,0.6,0.0,-0.035822747458087306,3.3452199967034626,0.4999990447346098
21.94690489768982,0.54926579274678,[1.20132899],5.0,0.6,0.0,-0.03408892694592918,3.318226584727993,0.49999913496643145
21.95604658126831,0.5529783683647768,[1.20262517],5.0,0.6,0.0,-0.032158713259257295,3.3080294685643046,0.4999992301543366
21.964961290359497,0.5566909439827735,[1.20386758],5.0,0.6,0.0,-0.03014609701175189,3.2958675911165343,0.4999993234988077
21.973936796188354,0.5602081208840336,[1.20505993],5.0,0.6,0.0,-0.028127591062559743,3.2831984498690354,0.4999994110593947
21.984341859817505,0.5643114939355037,[1.20620685],5.0,0.6,0.0,-0.026153173667076875,3.2804071434625883,0.4999994908388607
21.99223256111145,0.5676332721200271,[1.20731244],5.0,0.6,0.0,-0.024254254006941936,3.2492371351582054,0.4999995620925557
22.000802755355835,0.5711504490212871,[1.20837775],5.0,0.6,0.0,-0.02244938830493804,3.2354703664696327,0.4999996248408559
22.01101326942444,0.5750584233560204,[1.20940382],5.0,0.6,0.0,-0.020748339801183804,3.219276391410257,0.4999996795404341
22.019952058792114,0.5785756002572806,[1.210393],5.0,0.6,0.0,-0.01915493957333843,3.204506589165677,0.49999972687080213
22.03017497062683,0.582483574592014,[1.21134745],5.0,0.6,0.0,-0.017669088858832865,3.187488965491519,0.49999976760066334
22.03969693183899,0.5861961502100108,[1.21226927],5.0,0.6,0.0,-0.016288151657009496,3.172348473428481,0.49999980250768605
22.05025553703308,0.5906903206949541,[1.21316266],5.0,0.6,0.0,0.26103044282392107,3.174839569601357,0.499949281433773
22.057912588119507,0.5936213014460042,[1.21403318],5.0,0.6,0.0,0.29533970500477047,3.1534811075780085,0.4999350734763548
22.068228006362915,0.5981154719309476,[1.21488917],5.0,0.6,0.0,0.24133712591063497,3.191472710455926,0.49995664530665074
22.076985120773315,0.6016326488322077,[1.21574333],5.0,0.6,0.0,0.166262578442826,3.172472076310917,0.4999794227771322
22.085773229599,0.6051498257334678,[1.21660918],5.0,0.6,0.0,0.09667187023635704,3.2082977158923267,0.4999930432900678
22.096543312072754,0.6092531987849378,[1.21750715],5.0,0.6,0.0,0.04090913038842923,3.2473223758960423,0.4999987542048673
22.106074571609497,0.6131611731196712,[1.21846785],5.0,0.6,0.0,-0.000296992641696546,3.2850302999746868,0.4999999999343404
22.11782479286194,0.6182415397548247,[1.21953801],5.0,0.6,0.0,-0.028983157768975858,3.310935329763299,0.4999993746864989
22.126928329467773,0.6219541153728214,[1.22076777],5.0,0.6,0.0,-0.04783972718417111,3.301213611869106,0.4999982963384413
22.13590383529663,0.6252758935573448,[1.22218927],5.0,0.6,0.0,-0.05937434186497815,3.272648887826672,0.499997375762404
22.14494299888611,0.6287930704586048,[1.2238382],5.0,0.6,0.0,-0.06564721822954908,3.1935995148157112,0.4999967919735697
22.153106689453125,0.6319194499263915,[1.22576188],5.0,0.6,0.0,-0.06824620172825901,3.201214469320895,0.49999653293374763
22.162917137145996,0.6358274242611249,[1.22800576],5.0,0.6,0.0,-0.06834943043868097,3.2199531114652276,0.49999652243733306
22.17192769050598,0.6395399998791217,[1.23061214],5.0,0.6,0.0,-0.06680921948710983,3.239296528611514,0.499996677400247
22.182910442352295,0.6440341703640652,[1.23361913],5.0,0.6,0.0,-0.06423075041122686,3.2545072398054136,0.4999969289185594
22.192901372909546,0.6479421446987986,[1.2370601],5.0,0.6,0.0,-0.06103710233880184,3.272712216341423,0.4999972267227654
22.2018940448761,0.6516547203167954,[1.24096334],5.0,0.6,0.0,-0.05751971453523873,3.292437022677465,0.49999753714383083
22.211994647979736,0.6557580933682653,[1.245352],5.0,0.6,0.0,-0.053876149646469945,3.3108767406480046,0.4999978392782776
22.220226526260376,0.6592752702695254,[1.25024386],5.0,0.6,0.0,0.22580064040926312,3.332471294633333,0.4999620474875932
22.22950053215027,0.662987845887522,[1.25565083],5.0,0.6,0.0,0.2624735714946284,3.3528609597789427,0.49994871910870237
22.2389874458313,0.6665050227887822,[1.26157818],5.0,0.6,0.0,-0.06525663945136936,3.3736437362013607,0.49999683003323747
22.251957178115845,0.6715853894239355,[1.26804321],5.0,0.6,0.0,-0.17123448269958363,3.44903196010547,0.49997817372371556
22.260273933410645,0.6751025663251957,[1.27507144],5.0,0.6,0.0,0.09242090013916382,3.4491295380212805,0.49999364165187793
22.268393754959106,0.6788151419431923,[1.28265566],5.0,0.6,0.0,0.14785624855815788,3.4538963427569396,0.4999837265747356
22.276895761489868,0.6819415214109791,[1.29074271],5.0,0.6,0.0,0.12393775471174126,3.4063494899196356,0.49998856571645267
22.28587532043457,0.6854586983122393,[1.29926128],5.0,0.6,0.0,-0.1985137752485991,3.440492724461098,0.49997066573353677
22.296298503875732,0.6897574700804461,[1.30816302],5.0,0.6,0.0,-0.27740662716353526,3.4699623190838764,0.49994271835767984
22.305221796035767,0.693274646981706,[1.31742013],5.0,0.6,0.0,-0.2595550633579943,3.5033896931505035,0.49994985312124496
22.315664529800415,0.6971826213164394,[1.32700491],5.0,0.6,0.0,-0.21082893405321326,3.5365865674232277,0.4999669133550137
22.325920581817627,0.7014813930846462,[1.33689147],5.0,0.6,0.0,-0.15888921201692677,3.570501870432663,0.4999812073798244
22.33499240875244,0.7053893674193795,[1.347057],5.0,0.6,0.0,-0.11387658976384678,3.6092070877850015,0.49999034679811805
22.34390640258789,0.7092973417541131,[1.35748236],5.0,0.6,0.0,-0.07828037279186167,3.6503668380669674,0.49999543847074285
22.35391068458557,0.7132053160888464,[1.36815188],5.0,0.6,0.0,-0.05154015507154064,3.6931452987709865,0.49999802258757653
22.36458134651184,0.7173086891403164,[1.37907341],5.0,0.6,0.0,-0.03211372861624461,3.8043987842494675,0.4999992323065983
22.3725802898407,0.7204350686081032,[1.39027358],5.0,0.6,0.0,-0.018347999231467883,3.831589804932438,0.4999997493983114
22.38192391395569,0.7241476442261,[1.40173076],5.0,0.6,0.0,-0.008800326895645076,3.7914617556449723,0.4999999423493432
22.390578746795654,0.72766482112736,[1.41338155],5.0,0.6,0.0,-0.0023193227506973237,3.84412692180641,0.49999999599567746
22.398136615753174,0.7304004031616733,[1.42518962],5.0,0.6,0.0,0.0019706553222503054,3.8970984121705445,0.4999999971091336
22.40623927116394,0.7339175800629335,[1.43710099],5.0,0.6,0.0,0.004716379302323472,3.939179399122851,0.49999998344138086
22.41511344909668,0.7372393582474569,[1.44902681],5.0,0.6,0.0,0.006386569356629299,3.9858517957982738,0.4999999696371924
22.4255588054657,0.7417335287324003,[1.46093116],5.0,0.6,0.0,0.007316462544240376,4.0237189542678164,0.49999996015177645
22.43427038192749,0.7454461043503969,[1.47282265],5.0,0.6,0.0,0.007743502884622083,4.06301608716797,0.49999995536437863
22.44487452507019,0.7495494774018672,[1.48470623],5.0,0.6,0.0,0.007834564908904603,4.098551483210739,0.49999995430839417
22.453988313674927,0.7532620530198638,[1.49658347],5.0,0.6,0.0,0.007706125351829366,4.134600115418284,0.49999995579424683
22.46188235282898,0.7563884324876504,[1.50843443],5.0,0.6,0.0,0.007438936297269197,4.111374017742232,0.4999999588065338
22.47087526321411,0.7601010081056472,[1.52022147],5.0,0.6,0.0,0.007088568589254798,4.163929186261484,0.49999996259550883
22.479503631591797,0.7636181850069071,[1.53192951],5.0,0.6,0.0,0.0066929243963331116,4.210903497824652,0.4999999666544028
22.487883806228638,0.7671353619081673,[1.5435447],5.0,0.6,0.0,-0.26976080119954604,4.1952181752155875,0.49994583224516465
22.496896266937256,0.7710433362429008,[1.55503545],5.0,0.6,0.0,-0.30330353185091274,4.247476713723298,0.4999315250268853
22.504952907562256,0.7741697157106875,[1.56638958],5.0,0.6,0.0,-0.2486161609241325,4.29383066982451,0.4999539907234161
22.51289439201355,0.7772960951784743,[1.57759499],5.0,0.6,0.0,-0.17292590383418102,4.282288773354879,0.49997774041226833
22.520906448364258,0.7806178733629977,[1.588622],5.0,0.6,0.0,-0.10277875540081546,4.329889637626879,0.4999921366072295
22.530052423477173,0.7837442528307843,[1.59945663],5.0,0.6,0.0,-0.04651110109239372,4.36791264127143,0.49999838965392895
22.539990425109863,0.7876522271655179,[1.61009679],5.0,0.6,0.0,-0.28088372467636835,4.393679730570846,0.4999412734726759
22.548083066940308,0.7909740053500411,[1.62053413],5.0,0.6,0.0,-0.2849027548859432,4.416164586524189,0.49993958097233954
22.55696177482605,0.7948819796847746,[1.63075523],5.0,0.6,0.0,-0.21056547923047764,4.4311184242992905,0.4999669959917008
22.568073511123657,0.7991807514529814,[1.64074272],5.0,0.6,0.0,-0.12259476971026154,4.441058594879669,0.4999888121740645
22.576599836349487,0.8025025296375047,[1.65047665],5.0,0.6,0.0,-0.04547739205792045,4.453764126056612,0.49999846043825874
22.583964586257935,0.8054335103885547,[1.65992874],5.0,0.6,0.0,0.014038639683721724,4.560725101295043,0.4999998532910304
22.592920541763306,0.8089506872898149,[1.66906552],5.0,0.6,0.0,0.05641052833499215,4.599397516453167,0.4999976312131623
22.603420734405518,0.8136402564914949,[1.67787125],5.0,0.6,0.0,0.08453441772741166,4.610096718036785,0.49999468049163354
22.611879587173462,0.8171574333927549,[1.68633952],5.0,0.6,0.0,0.10171249936118917,4.6517571265982625,0.49999229891382185
22.620306491851807,0.820674610294015,[1.694453],5.0,0.6,0.0,0.1108816453938819,4.670003514965878,0.49999084787328685
22.627947330474854,0.823605591045065,[1.70219311],5.0,0.6,0.0,0.1143991966721207,4.664915820420442,0.4999902579939713
22.635953426361084,0.8269273692295884,[1.70954749],5.0,0.6,0.0,0.11405580933654758,4.681844720933648,0.49999031638998365
22.643979787826538,0.8300537486973752,[1.71651437],5.0,0.6,0.0,0.11116577364899746,4.697985711659787,0.4999908009099595
22.653242826461792,0.8339617230321086,[1.72310182],5.0,0.6,0.0,0.3827091943676404,4.710434722270267,0.4998909822743866
22.661237478256226,0.8368927037831586,[1.72931726],5.0,0.6,0.0,0.4103960681015038,4.695737749282261,0.4998746401080673
22.669971466064453,0.8404098806844187,[1.7351683],5.0,0.6,0.0,0.07333751520085979,4.72332139254956,0.4999959963388018
22.68057417869568,0.8445132537358887,[1.7406738],5.0,0.6,0.0,-0.04196963052874714,4.746427008013564,0.499998688777485
22.689536571502686,0.848421228070622,[1.74586283],5.0,0.6,0.0,-0.06346082989424655,4.7679677609676565,0.499997002101894
22.698902368545532,0.8521338036886189,[1.7507682],5.0,0.6,0.0,0.22613992298638555,4.786281173817607,0.49996193335319844
22.706874132156372,0.8554555818731422,[1.75541058],5.0,0.6,0.0,0.2821361026884555,4.792942790030444,0.49994074864762256
22.71487522125244,0.8589727587744024,[1.75979861],5.0,0.6,0.0,-0.027151657227372672,4.8053396499450605,0.49999945121893064
22.72405171394348,0.8624899356756623,[1.76395793],5.0,0.6,0.0,-0.1189319917507418,4.81245750648518,0.49998947070031835
22.73333716392517,0.8663979100103958,[1.76792702],5.0,0.6,0.0,0.15422887184142303,4.813722939555462,0.49998229359681806
22.744144916534424,0.8705012830618659,[1.77173866],5.0,0.6,0.0,0.21511113100345164,4.8115459081251695,0.4999655556904684
22.752925395965576,0.8742138586798627,[1.77541844],5.0,0.6,0.0,0.1934907167262328,4.807994365510928,0.49997213142012353
22.760969877243042,0.8773402381476494,[1.77897951],5.0,0.6,0.0,0.14709043171339983,4.781670151900943,0.499983894710863
22.768933057785034,0.8806620163321728,[1.78242438],5.0,0.6,0.0,0.0997619972956798,4.774029892123688,0.4999925914412597
22.780874013900757,0.8855469842505895,[1.78575641],5.0,0.6,0.0,0.059929957341418164,4.7501717500038945,0.49999732641835276
22.79065728187561,0.8892595598685864,[1.78897895],5.0,0.6,0.0,0.029360684507556162,4.723385429836277,0.4999993582900852
22.800071239471436,0.8927767367698464,[1.79208984],5.0,0.6,0.0,0.007229856310755983,4.688561021386514,0.49999996108957356
22.810210943222046,0.8966847111045797,[1.7950822],5.0,0.6,0.0,-0.008065693631137363,4.643677351323283,0.4999999515727177
22.81937599182129,0.9007880841560499,[1.79794542],5.0,0.6,0.0,-0.018157341162473972,4.591782473517385,0.4999997545793646
22.826879739761353,0.9039144636238364,[1.8006666],5.0,0.6,0.0,-0.024438030992711034,4.545353462040534,0.4999995554312775
22.83821749687195,0.9086040328255167,[1.80323126],5.0,0.6,0.0,-0.02800500500357974,4.481769229927842,0.4999994161816637
22.84587025642395,0.91192581101004,[1.80562518],5.0,0.6,0.0,-0.029684377398420517,4.44775672886655,0.4999993440627732
22.854867935180664,0.9154429879113001,[1.80783639],5.0,0.6,0.0,-0.030080648789156186,4.400944592359586,0.49999932643303224
22.86510944366455,0.9195463609627701,[1.80985364],5.0,0.6,0.0,-0.029627502306817047,4.355280802680931,0.4999993465739073
22.874381065368652,0.9232589365807669,[1.81166637],5.0,0.6,0.0,-0.02863141107332376,4.316282499997482,0.4999993897723036
22.883968353271484,0.9271669109155003,[1.81326634],5.0,0.6,0.0,-0.02730617203147268,4.280988059501292,0.49999944495514886
22.892302989959717,0.9306840878167605,[1.81464797],5.0,0.6,0.0,-0.025799068748851097,4.251708304598201,0.4999995045332445
22.90141987800598,0.9343966634347571,[1.81580843],5.0,0.6,0.0,-0.024210165979459956,4.224600032381207,0.49999956368311543
22.90885281562805,0.9375230429025437,[1.81675001],5.0,0.6,0.0,-0.022606293309733145,4.227413826510014,0.49999961957834865
22.917967796325684,0.9410402198038039,[1.81747953],5.0,0.6,0.0,-0.021031060619646214,4.197670971537581,0.4999996707476505
22.92816138267517,0.9449481941385374,[1.81799997],5.0,0.6,0.0,-0.019511971486637462,4.143272108018064,0.49999971659411935
22.937850952148438,0.9488561684732707,[1.81831081],5.0,0.6,0.0,-0.018065443856509836,4.121908445201722,0.49999975705730626
22.945976495742798,0.9521779466577941,[1.81841902],5.0,0.6,0.0,-0.01670033595375273,4.128468832944965,0.4999997923858256
22.95627522468567,0.9560859209925274,[1.81833791],5.0,0.6,0.0,0.26061794800540866,4.097389473344969,0.4999494415956164
22.965198516845703,0.9596030978937875,[1.81807806],5.0,0.6,0.0,0.2949369056477502,4.0701283781935835,0.49993525044433645
22.974875688552856,0.9637064709452576,[1.81764794],5.0,0.6,0.0,0.2409502353962179,4.043616420775624,0.49995678419411205
22.983959197998047,0.9676144452799911,[1.81706026],5.0,0.6,0.0,0.16589521748594147,4.046260666207159,0.4999795136064995
22.993237018585205,0.9717178183314611,[1.81633224],5.0,0.6,0.0,0.09632590242269382,4.024069042761494,0.49999309299375966
23.001905918121338,0.9750395965159845,[1.81548249],5.0,0.6,0.0,0.04058524270913088,4.030907356681737,0.49999877385328817
23.011181831359863,0.9783613747005078,[1.81453194],5.0,0.6,0.0,-0.0005988875487561787,4.029307250831429,0.4999999997330086
23.02008366584778,0.9818785516017681,[1.81350442],5.0,0.6,0.0,-0.30530200360098836,4.045113927790917,0.4999306197514976
23.03039050102234,0.9861773233699747,[1.81242813],5.0,0.6,0.0,-0.08122429762868075,4.073559895049213,0.49999508892607375
23.038937091827393,0.989499101554498,[1.81133752],5.0,0.6,0.0,-0.0045175992061921785,4.119842572868762,0.49999998480775115
23.051477909088135,0.9945794681896515,[1.81027756],5.0,0.6,0.0,0.01021557327542285,4.216999003424005,0.49999992231590185
23.060935258865356,0.9982920438076482,[1.80930283],5.0,0.6,0.0,0.0020713807532712937,4.258689565873051,0.4999999968060615
23.06996178627014,1.002004619425645,[1.80846578],5.0,0.6,0.0,-0.011916783289963541,4.289560429703743,0.499999894287897
23.080044984817505,1.006107992477115,[1.80781454],5.0,0.6,0.0,-0.02498595359519966,4.3016895791235665,0.4999995352725436
23.08794069290161,1.0094297706616386,[1.80738641],5.0,0.6,0.0,-0.03497623411575963,4.273185195069031,0.49999908934814963
23.096925735473633,1.0129469475628985,[1.80720746],5.0,0.6,0.0,-0.04165724401733502,4.277991182106133,0.4999987082240851
23.1069233417511,1.0172457193311053,[1.80731165],5.0,0.6,0.0,-0.045503389970043384,4.247976890635768,0.49999845867752585
23.1170437335968,1.021544491099312,[1.80773929],5.0,0.6,0.0,-0.04715990132062141,4.192958242903247,0.4999983444140516
23.125916481018066,1.0252570667173089,[1.80852564],5.0,0.6,0.0,-0.04723069435677958,4.125561126407596,0.49999833943983724
23.133909463882446,1.0283834461850954,[1.80968752],5.0,0.6,0.0,0.2298276925921133,4.1799680532419,0.4999606817379502
23.145976781845093,1.0328776166700389,[1.81123608],5.0,0.6,0.0,-0.0113540696926452,4.13500979391698,0.49999990403569
23.153926849365234,1.0361993948545623,[1.81319952],5.0,0.6,0.0,-0.0974100166814239,4.1289480310839215,0.4999929366481062
23.163404941558838,1.039911970472559,[1.81559351],5.0,0.6,0.0,0.1600424586617944,4.118855700316708,0.49998093359455315
23.171874046325684,1.0432337486570824,[1.81839864],5.0,0.6,0.0,0.20122980649800964,4.105404081485503,0.4999698575739928
23.180959701538086,1.0465555268416058,[1.82157724],5.0,0.6,0.0,0.1625394295101395,4.103597400278708,0.499980334019844
23.188856840133667,1.0498773050261292,[1.825088],5.0,0.6,0.0,0.1035291236025376,4.171755380606012,0.499992021370737
23.196866512298584,1.0531990832106526,[1.82887885],5.0,0.6,0.0,0.04794540922200599,4.184841928602845,0.49999828880307284
23.205705881118774,1.0569116588286493,[1.83288957],5.0,0.6,0.0,0.003450618134767894,4.173188817206977,0.4999999911365975
23.21414875984192,1.0604288357299092,[1.83706948],5.0,0.6,0.0,-0.029060936763075,4.178795797192734,0.49999937132582406
23.22196626663208,1.0635552151976961,[1.84137571],5.0,0.6,0.0,-0.051187962936182226,4.1540279561027855,0.4999980495199082
23.229889154434204,1.0664861959487462,[1.84576359],5.0,0.6,0.0,-0.06515278033176003,4.149250395548751,0.49999684011548895
23.24112319946289,1.0711757651504263,[1.85018986],5.0,0.6,0.0,-0.0730542178318325,4.119226650407716,0.49999602721062686
23.252171754837036,1.0756699356353696,[1.85461309],5.0,0.6,0.0,-0.07662532326654312,4.08146291636024,0.49999562931591485
23.26002025604248,1.07918711253663,[1.85898896],5.0,0.6,0.0,-0.077204047864447,4.025383001201155,0.4999955630463595
23.26924991607666,1.0827042894378898,[1.86327169],5.0,0.6,0.0,-0.07578281958497068,3.975022369439199,0.4999957248994082
23.276973009109497,1.0858306689056765,[1.86741895],5.0,0.6,0.0,-0.07307824601702545,3.9387983351287765,0.4999960245968356
23.286036729812622,1.0895432445236732,[1.8713947],5.0,0.6,0.0,-0.06959736529183187,3.89975379028076,0.49999639429072057
23.2988121509552,1.09442821244209,[1.87516778],5.0,0.6,0.0,-0.06569271261637913,3.857207325794226,0.49999678752563415
23.306824207305908,1.0973591931931401,[1.87871377],5.0,0.6,0.0,-0.06160517682987236,3.854500807020495,0.4999971748607076
23.318880319595337,1.1026349585450301,[1.88201841],5.0,0.6,0.0,-0.05749612235902407,3.8465512715271406,0.4999975391637323
23.32835054397583,1.1065429328797636,[1.88507725],5.0,0.6,0.0,-0.053470905752990704,3.8617030791061215,0.4999978716608562
23.336023807525635,1.109864711064287,[1.88789328],5.0,0.6,0.0,-0.04959582522553482,3.870141376736384,0.499998168967209
23.345296144485474,1.113381887965547,[1.89047585],5.0,0.6,0.0,-0.045910203912964395,3.9012303961126236,0.49999843099460334
23.355412006378174,1.1174852610170172,[1.89284234],5.0,0.6,0.0,-0.04243493406993328,3.934401402338818,0.49999865954216743
23.364739656448364,1.1210024379182773,[1.89501744],5.0,0.6,0.0,-0.3152168391402002,3.9721674305923242,0.4999260406010977
23.375025987625122,1.125301209686484,[1.89703046],5.0,0.6,0.0,-0.34530403082076633,4.004087617189317,0.49991124937408454
23.38288164138794,1.1286229878710075,[1.89890884],5.0,0.6,0.0,-0.2873833100006986,3.9903547566269157,0.49993852435973807
23.391841888427734,1.132335563489004,[1.90067688],5.0,0.6,0.0,-0.20868037859122465,4.02645368571515,0.49996758426831495
23.400960683822632,1.135852740390264,[1.90236475],5.0,0.6,0.0,-0.1357349677967006,4.054201532724552,0.499986285366461
23.41024947166443,1.1393699172915244,[1.90400731],5.0,0.6,0.0,-0.07687428707756627,4.073480711530227,0.4999956008682667
23.41936421394348,1.1432778916262578,[1.90563821],5.0,0.6,0.0,-0.03280992733434886,4.0837566707424315,0.4999991986599212
23.428224325180054,1.1467950685275177,[1.90728944],5.0,0.6,0.0,0.2745498675100174,4.090150735040533,0.49994389200059
23.4369478225708,1.1501168467120408,[1.90899111],5.0,0.6,0.0,0.32895947334773734,4.092949948173531,0.4999194516800109
23.447992086410522,1.1546110171969846,[1.91077139],5.0,0.6,0.0,0.28763377953604075,4.085947278694593,0.4999384171611931
23.456165075302124,1.1579327953815077,[1.9126566],5.0,0.6,0.0,-0.056156763971751095,4.080896279373616,0.49999765247728556
23.465340852737427,1.1616453709995045,[1.91467127],5.0,0.6,0.0,-0.1553085449688577,4.0698972022552855,0.49998204482760433
23.47480344772339,1.1655533453342382,[1.91683812],5.0,0.6,0.0,0.12105425617033591,4.053518384148235,0.4999890915746283
23.48423171043396,1.1694613196689714,[1.91917825],5.0,0.6,0.0,-0.08770554989059871,4.032179088356711,0.4999942739077536
23.49180245399475,1.172587699136758,[1.9217011],5.0,0.6,0.0,-0.13591964604087023,4.05098127237771,0.4999862480218819
23.501830577850342,1.1764956734714915,[1.9244057],5.0,0.6,0.0,-0.12164630957895946,4.028319231971615,0.49998898461279734
23.51180362701416,1.1805990465229617,[1.9273021],5.0,0.6,0.0,-0.08850419802866824,3.991731295960565,0.4999941691497847
23.52284336090088,1.1847024195744316,[1.93040982],5.0,0.6,0.0,-0.3305596513968629,3.947324170688711,0.49991866620555253
23.531842470169067,1.1884149951924285,[1.93374609],5.0,0.6,0.0,-0.3352331090334142,3.942479551994801,0.49991635034504456
23.541206121444702,1.1923229695271618,[1.93733866],5.0,0.6,0.0,-0.25855880978499063,3.9947760611151417,0.4999502373221612
23.54883646965027,1.1954493489949485,[1.94121167],5.0,0.6,0.0,-0.16715594395940245,3.957416742059364,0.4999792010557318
23.560892820358276,1.200529715630102,[1.94537566],5.0,0.6,0.0,-0.08637115287532615,4.01656815159024,0.49999444682069183
23.57051992416382,1.2040468925313619,[1.9498567],5.0,0.6,0.0,-0.023318038329487374,4.028935529739735,0.49999959524658355
23.577894926071167,1.2069778732824121,[1.9546638],5.0,0.6,0.0,0.022325201067303593,3.996234626501716,0.4999996289800418
23.586812734603882,1.2102996514669355,[1.9597769],5.0,0.6,0.0,0.053422342767879744,4.029726463634533,0.49999787552506403
23.595840215682983,1.214207625801669,[1.96519488],5.0,0.6,0.0,0.0732861159739375,4.05849694344122,0.4999960019488134
23.603891134262085,1.2175294039861924,[1.97093206],5.0,0.6,0.0,0.08487919422393536,4.087582985571846,0.49999463701178826
23.611859798431396,1.221241979604189,[1.97698214],5.0,0.6,0.0,0.09058787349986516,4.056080000795565,0.4999938913653357
23.6198673248291,1.2241729603552391,[1.98331986],5.0,0.6,0.0,0.09223007276181985,4.09817656020167,0.49999366788158534
23.62993574142456,1.2284717321234457,[1.98993712],5.0,0.6,0.0,0.09114408672627147,4.127236353435023,0.4999938161209745
23.63883399963379,1.2319889090247058,[1.99683953],5.0,0.6,0.0,0.08829223333094605,4.155022899758887,0.4999941970455739
23.648175477981567,1.2357014846427024,[2.00402629],5.0,0.6,0.0,0.08435411599100612,4.177101558308479,0.49999470315905603
23.65693473815918,1.2392186615439627,[2.01147422],5.0,0.6,0.0,0.0798022145635469,4.145077671874954,0.49999525938699635
23.665892124176025,1.2429312371619592,[2.01914084],5.0,0.6,0.0,0.0749599093563445,4.176445421042691,0.49999581723982617
23.675394535064697,1.246839211496693,[2.02699817],5.0,0.6,0.0,0.07004461320919045,4.198691592467881,0.4999963477998324
23.683882474899292,1.250356388397953,[2.03502893],5.0,0.6,0.0,0.06519918488878763,4.216095321143179,0.4999968356126943
23.69472360610962,1.2542643627326862,[2.04320809],5.0,0.6,0.0,0.0605144951708331,4.226508411061157,0.4999972740096084
23.704816818237305,1.2583677357841563,[2.05151174],5.0,0.6,0.0,0.05604548038723493,4.258505448433104,0.4999976617720265
23.712909936904907,1.2616895139686797,[2.05993048],5.0,0.6,0.0,0.05182247997673639,4.302701233392052,0.49999800086468105
23.72317910194397,1.2659882857368865,[2.0684721],5.0,0.6,0.0,0.04785919651258647,4.353563049641941,0.49999829495148357
23.73186945915222,1.2693100639214097,[2.07712977],5.0,0.6,0.0,0.04415825540529156,4.31847342392271,0.4999985484571561
23.741408586502075,1.27341343697288,[2.08587385],5.0,0.6,0.0,0.04071506828236649,4.372672817457855,0.49999876599626447
23.748947620391846,1.2765398164406667,[2.09467341],5.0,0.6,0.0,0.03752050267636593,4.340373141004362,0.4999989520428707
23.7576642036438,1.2800569933419268,[2.10347342],5.0,0.6,0.0,0.03456271463192538,4.330016932391971,0.4999991107538771
23.76590323448181,1.2835741702431867,[2.11220038],5.0,0.6,0.0,0.03182839611509446,4.431492724022766,0.4999992458879915
23.77839469909668,1.2884591381616035,[2.12080707],5.0,0.6,0.0,0.30534197422961706,4.388348044089406,0.49993060158482217
23.78682565689087,1.2915855176293904,[2.12926813],5.0,0.6,0.0,0.336137331848281,4.487834921495594,0.49991589851875917
23.79491662979126,1.2951026945306503,[2.13754925],5.0,0.6,0.0,0.2788926565375328,4.517782134691861,0.4999421030497022
23.802835702896118,1.2980336752817005,[2.14560953],5.0,0.6,0.0,0.20082886705411584,4.5344873366315905,0.49996997756501815
23.811901330947876,1.3019416496164338,[2.1534159],5.0,0.6,0.0,0.12848349640434256,4.557128032244704,0.49998771158042427
23.819912672042847,1.3052634278009572,[2.16094159],5.0,0.6,0.0,0.07018327508554417,4.538273318421699,0.4999963333256192
23.82995891571045,1.3091714021356906,[2.16815668],5.0,0.6,0.0,0.02664043460091143,4.520748434753213,0.4999994716897256
23.838972091674805,1.3128839777536871,[2.17503063],5.0,0.6,0.0,-0.004197074778257377,4.489797456920631,0.4999999868870597
23.850591897964478,1.3173781482386306,[2.18153697],5.0,0.6,0.0,-0.02503397586208556,4.441457781685385,0.4999995334844428
23.86053466796875,1.3214815212901008,[2.18764986],5.0,0.6,0.0,-0.038391262158558426,4.388986946762002,0.4999989028374392
23.868997812271118,1.3248032994746242,[2.19334643],5.0,0.6,0.0,-0.04634153295126025,4.348505307015328,0.499998401374365
23.879297256469727,1.3289066725260943,[2.19860985],5.0,0.6,0.0,-0.05048409490570938,4.316831666511853,0.49999810279176793
23.887563705444336,1.3322284507106177,[2.20343191],5.0,0.6,0.0,-0.05200767870399402,4.309708867636916,0.4999979865505019
23.896255254745483,1.3359410263286144,[2.20781281],5.0,0.6,0.0,-0.05177437846992826,4.295335635713653,0.4999980045741369
23.90547275543213,1.3396536019466112,[2.21175982],5.0,0.6,0.0,-0.05039839608027239,4.303096910499586,0.49999810922746657
23.915544986724854,1.3435615762813446,[2.21528796],5.0,0.6,0.0,-0.04831112593757118,4.3110826649127745,0.4999982625983112
23.923820734024048,1.3466879557491311,[2.21841692],5.0,0.6,0.0,-0.04581166895425176,4.306285516579245,0.49999843772233354
23.931896209716797,1.3502051326503914,[2.22116732],5.0,0.6,0.0,-0.04310464460767286,4.303935679162088,0.49999861689799097
23.941200494766235,1.3543085057018613,[2.22356141],5.0,0.6,0.0,-0.04032786246060578,4.297516176671978,0.4999987893557154
23.950556993484497,1.3578256826031216,[2.22562345],5.0,0.6,0.0,-0.037572272560256914,4.29377648812414,0.49999894914898674
23.95971155166626,1.3615382582211184,[2.22737888],5.0,0.6,0.0,-0.0348962013737012,4.288459492207235,0.49999909351089133
23.968823194503784,1.3650554351223783,[2.22885362],5.0,0.6,0.0,-0.03233543432193469,4.2798100069050244,0.4999992216700638
23.976889610290527,1.3683772133069014,[2.23007349],5.0,0.6,0.0,-0.029910315729462816,4.274894350239671,0.49999933403963764
23.98689913749695,1.372871383791845,[2.23106456],5.0,0.6,0.0,-0.027630724684789845,4.263865943156857,0.4999994316825651
23.99601459503174,1.3761931619763685,[2.23185294],5.0,0.6,0.0,-0.025499547112748516,4.258583836231465,0.49999951597098125
24.005913496017456,1.3797103388776286,[2.23246516],5.0,0.6,0.0,-0.02351508785224277,4.261225108842714,0.49999958837692965
24.014845371246338,1.383032117062152,[2.23292616],5.0,0.6,0.0,-0.021672738093353967,4.24709066408909,0.499999650349552
24.023929119110107,1.3871354901136221,[2.23325736],5.0,0.6,0.0,-0.019966121191031132,4.235363113823368,0.49999970324779663
24.031817197799683,1.3902618695814086,[2.23347908],5.0,0.6,0.0,-0.018387874025624876,4.216637449669141,0.4999997483078877
24.040903091430664,1.394169843916142,[2.23361115],5.0,0.6,0.0,-0.016930174388688733,4.206767346706125,0.4999997866319217
24.049946069717407,1.3980778182508755,[2.233673],5.0,0.6,0.0,-0.015585091894200289,4.195421645464643,0.49999981918879877
24.059927701950073,1.4017903938688723,[2.23368348],5.0,0.6,0.0,-0.014344816690899,4.184197063262639,0.4999998468219225
24.069167137145996,1.4055029694868688,[2.23365982],5.0,0.6,0.0,-0.013201803923569864,4.17237004329984,0.49999987026021453
24.077877283096313,1.4090201463881293,[2.23361767],5.0,0.6,0.0,-0.012148860439460021,4.160960568108575,0.4999998901303569
24.08830189704895,1.4135143168730726,[2.23357107],5.0,0.6,0.0,-0.01117919220122084,4.143851224225328,0.49999990696904467
24.09838891029358,1.4174222912078058,[2.23353238],5.0,0.6,0.0,-0.010286425250909541,4.1291157000916385,0.49999992123458054
24.105986833572388,1.420939468109066,[2.23351087],5.0,0.6,0.0,-0.009464609132955845,4.099710662083019,0.4999999333174786
24.115370512008667,1.424456645010326,[2.23351293],5.0,0.6,0.0,0.26733015074285604,4.0899654119825914,0.4999468039411098
24.125010013580322,1.4283646193450594,[2.23354532],5.0,0.6,0.0,0.30115087264471657,4.076547923202395,0.4999324934974883
24.13587522506714,1.4322725936797929,[2.23361649],5.0,0.6,0.0,0.24669420668586145,4.078082540365435,0.49995469930111486
24.145168781280518,1.4361805680145263,[2.23373469],5.0,0.6,0.0,0.171198657887838,4.057629820957179,0.499978182855327
24.15483260154724,1.439893143632523,[2.23390329],5.0,0.6,0.0,0.10121835919252944,4.022429209519796,0.4999923735584004
24.164252519607544,1.443996516683993,[2.23412138],5.0,0.6,0.0,0.04509560747210317,4.006349820221435,0.4999984861790854
24.1718430519104,1.4469274974350432,[2.23438747],5.0,0.6,0.0,0.0035571614148149563,3.979314584006223,0.49999999058080435
24.180771589279175,1.4504446743363033,[2.23469959],5.0,0.6,0.0,-0.025435519405039297,3.96914899341968,0.49999951839865925
24.190410375595093,1.4543526486710365,[2.2350568],5.0,0.6,0.0,-0.04457462822972699,3.954966093281958,0.4999985209546433
24.19943857192993,1.4584560217225064,[2.23545901],5.0,0.6,0.0,-0.056369560656630305,3.9383086365582147,0.49999763465252844
24.20677161216736,1.4611916037568202,[2.23590392],5.0,0.6,0.0,-0.06288219639445583,3.912729334076424,0.4999970565219449
24.216802835464478,1.46529497680829,[2.23638877],5.0,0.6,0.0,-0.06570194545143804,3.9131492311531444,0.499996786622574
24.22581934928894,1.4686167549928135,[2.23691187],5.0,0.6,0.0,-0.06600840933091483,3.8829531986368253,0.4999967565754378
24.233797311782837,1.4717431344606002,[2.23746968],5.0,0.6,0.0,-0.06465526633421656,3.8717888476514113,0.4999968881895566
24.241783618927002,1.4750649126451236,[2.23805722],5.0,0.6,0.0,-0.06224896389673207,3.8454352049846547,0.49999711550575343
24.255388498306274,1.4809268741472237,[2.238672],5.0,0.6,0.0,-0.059213754015672374,3.847750263811229,0.4999973899385501
24.26480531692505,1.4846394497652204,[2.23931365],5.0,0.6,0.0,-0.05584216076707128,3.813981547357944,0.4999976787062801
24.273537635803223,1.4883520253832172,[2.23997884],5.0,0.6,0.0,-0.052332748862018025,3.796812658775859,0.49999796130205726
24.281879901885986,1.491478404851004,[2.24066184],5.0,0.6,0.0,-0.04881775462530963,3.7712179485160306,0.499998225967772
24.29282522201538,1.4959725753359474,[2.24135837],5.0,0.6,0.0,-0.04538299872725918,3.7639834216535197,0.4999984668226758
24.301791429519653,1.499294353520471,[2.24207289],5.0,0.6,0.0,-0.042082087210145745,3.8170984678805313,0.4999986817412977
24.311795711517334,1.503788524005414,[2.24282542],5.0,0.6,0.0,-0.038946461725383866,3.8744876988030734,0.4999988708745365
24.320802927017212,1.5075010996234108,[2.24363453],5.0,0.6,0.0,-0.03599246964446933,3.8159827367929027,0.49999903566140036
24.329599142074585,1.5112136752414076,[2.24450022],5.0,0.6,0.0,-0.03322631237927039,3.789159339028049,0.4999991781915432
24.33859395980835,1.5147308521426677,[2.24541477],5.0,0.6,0.0,-0.030647492056461827,3.7584838336181754,0.49999930080831645
24.347809314727783,1.5182480290439277,[2.24637043],5.0,0.6,0.0,-0.3042895598645454,3.722780886746225,0.49993107911496526
24.358097791671753,1.5223514020953979,[2.24735642],5.0,0.6,0.0,-0.3351929263701761,3.6820847370528162,0.4999163703954708
24.3657705783844,1.5254777815631846,[2.24835948],5.0,0.6,0.0,-0.2780404763038917,3.6411547529717003,0.49994245630692413
24.376105308532715,1.5295811546146547,[2.24936467],5.0,0.6,0.0,0.07598182658034847,3.599426255655572,0.49999570241704766
24.38386869430542,1.5325121353657045,[2.25035713],5.0,0.6,0.0,0.1813818429261909,3.568411448862613,0.49997551028901505
24.392795085906982,1.5362247109837017,[2.25132386],5.0,0.6,0.0,-0.09151546189272501,3.543159042030103,0.49999376562502745
24.404006004333496,1.5409142801853815,[2.25225368],5.0,0.6,0.0,-0.1572374709897332,3.507385229641226,0.49998159606111087
24.411883115768433,1.5442360583699049,[2.25313674],5.0,0.6,0.0,-0.14187500348399873,3.487842149464888,0.49998501654601507
24.420926809310913,1.5479486339879014,[2.25396576],5.0,0.6,0.0,-0.10161970329645272,3.473046728541556,0.49999231295927377
24.429773569107056,1.5514658108891617,[2.25473663],5.0,0.6,0.0,0.21626037809722007,3.4593005466352342,0.49996518667763684
24.437785863876343,1.5545921903569486,[2.25544745],5.0,0.6,0.0,0.008466579679991634,3.4513689526001836,0.4999999466391607
24.44684076309204,1.5585001646916818,[2.25609869],5.0,0.6,0.0,-0.053176625614626986,3.4437671510876258,0.4999978950232099
24.455403327941895,1.5618219428762052,[2.25669151],5.0,0.6,0.0,-0.0554090114103722,3.420887671224371,0.49999771457756587
24.464760541915894,1.5659253159276751,[2.25722491],5.0,0.6,0.0,-0.037422051889360784,3.3912005822018503,0.4999989575351606
24.474336862564087,1.569833290262409,[2.25769736],5.0,0.6,0.0,-0.01589292086265033,3.3754919142367172,0.4999998119756762
24.48527455329895,1.574327460747352,[2.25810914],5.0,0.6,0.0,0.0028769695441121165,3.3505717789247407,0.4999999938386312
24.494377851486206,1.5778446376486122,[2.25846065],5.0,0.6,0.0,-0.25888077801913606,3.3262530155968633,0.49995011331805284
24.50185775756836,1.580971017116399,[2.25875197],5.0,0.6,0.0,-0.28208952395682446,3.3110797882399168,0.49994076820883104
24.51401925086975,1.5856605863180788,[2.25898126],5.0,0.6,0.0,-0.22069075535549323,3.254789828122661,0.49996374572605085
24.525388479232788,1.5899593580862856,[2.25914224],5.0,0.6,0.0,-0.14106584404261127,3.211943484262233,0.49998518696716476
24.53395414352417,1.5934765349875457,[2.25922656],5.0,0.6,0.0,-0.06900805779753622,3.1678981212454307,0.49999645509382545
24.542802572250366,1.5971891106055427,[2.25922811],5.0,0.6,0.0,-0.012249768517225541,3.1519656449344335,0.4999998882976292
24.552792072296143,1.6012924836570126,[2.25914204],5.0,0.6,0.0,0.028945004999348666,3.0950206167485583,0.49999937633171126
24.561896562576294,1.604614261841536,[2.25895878],5.0,0.6,0.0,0.056953979411801775,3.0428555903948697,0.4999975853523062
24.570855379104614,1.6083268374595328,[2.25866446],5.0,0.6,0.0,-0.20132638605724273,2.991824562397726,0.49996982863441364
24.578871726989746,1.6116486156440561,[2.25824978],5.0,0.6,0.0,-0.22426437321762788,2.986750306138516,0.499962562142292
24.59056305885315,1.6167289822792097,[2.2577054],5.0,0.6,0.0,-0.1643727245234765,2.890139964056286,0.49997988789868275
24.59885549545288,1.620050760463733,[2.25701344],5.0,0.6,0.0,0.18882148603687143,2.859737572026983,0.49997346018009603
24.6077721118927,1.6237633360817296,[2.25616524],5.0,0.6,0.0,0.2910480040005532,2.862760487160485,0.4999369465955192
24.61684012413025,1.6272805129829897,[2.25516618],5.0,0.6,0.0,0.01350895080823572,2.8293109553102913,0.4999998641530611
24.628934621810913,1.6323608796181432,[2.25403415],5.0,0.6,0.0,-0.057705943920732014,2.9153311341378605,0.4999975211702627
24.63897728919983,1.6362688539528767,[2.25280179],5.0,0.6,0.0,0.2277772013798276,2.8874351350857204,0.49996138016555924
24.649434566497803,1.6403722270043464,[2.25149333],5.0,0.6,0.0,0.29510363186742455,2.8626534271192314,0.49993517722325276
24.657826900482178,1.6434986064721333,[2.25012368],5.0,0.6,0.0,0.2758503348102317,2.868205115717734,0.4999433592355389
24.668867111206055,1.6479927769570768,[2.24870966],5.0,0.6,0.0,0.2290662879067436,2.8354296156941796,0.49996094181410855
24.676856994628906,1.6513145551416004,[2.24726663],5.0,0.6,0.0,0.179557513009567,2.8354843181081564,0.4999760004325011
24.685268878936768,1.655027130759597,[2.24580988],5.0,0.6,0.0,0.1364233527727281,2.817228184826789,0.49998614590709006
24.69278597831726,1.657958111510647,[2.24435431],5.0,0.6,0.0,0.10190022866832457,2.8121220139832865,0.49999227046023814
24.70076584815979,1.6612798896951704,[2.24291386],5.0,0.6,0.0,0.07548644903432869,2.8010642755031054,0.49999575827190734
24.71104621887207,1.6657740601801139,[2.24149988],5.0,0.6,0.0,0.0557966590617814,2.765135411022243,0.49999768248763615
24.719825506210327,1.6690958383646373,[2.24012046],5.0,0.6,0.0,0.041343493946323126,2.7545068840856204,0.4999987276093325
24.72908067703247,1.6728084139826338,[2.23878335],5.0,0.6,0.0,0.03082650147946866,2.733043905903575,0.4999992926166288
24.73947310447693,1.676911787034104,[2.23749532],5.0,0.6,0.0,0.02320526715640337,2.710526735068809,0.49999959915206865
24.748222827911377,1.6806243626521005,[2.23626148],5.0,0.6,0.0,0.017686038271060488,2.690905949629686,0.49999976715458255
24.75775384902954,1.684532336986834,[2.23508616],5.0,0.6,0.0,0.013680076165703249,2.6709508316260213,0.49999986068956587
24.765849113464355,1.6876587164546208,[2.23397292],5.0,0.6,0.0,0.01075835784951417,2.6549880025525066,0.4999999138414047
24.775810480117798,1.6915666907893543,[2.23292453],5.0,0.6,0.0,0.008611792219328986,2.6355189678158255,0.4999999447930522
24.786834239959717,1.6956700638408244,[2.23194304],5.0,0.6,0.0,0.007019331717136962,2.6151534295430903,0.49999996332262947
24.79569959640503,1.6991872407420845,[2.23102979],5.0,0.6,0.0,0.005823628580972906,2.5976580645589618,0.4999999747539172
24.80385684967041,1.7028998163600813,[2.23018548],5.0,0.6,0.0,0.004912981369546038,2.579160563964553,0.4999999820321174
24.81176471710205,1.7062215945446046,[2.22941013],5.0,0.6,0.0,0.004208189359627759,2.562365285826478,0.49999998681751706
24.824807167053223,1.7116927586132313,[2.22870319],5.0,0.6,0.0,0.003653094934164186,2.5352903775679514,0.4999999900658986
24.83375382423401,1.7152099355144914,[2.22806353],5.0,0.6,0.0,0.0032078339325231344,2.5166600943943847,0.4999999923399708
24.84187889099121,1.7187271124157517,[2.22748931],5.0,0.6,0.0,0.00284404487653774,2.496221362508968,0.49999999397884837
24.852699279785156,1.723025884183958,[2.2269782],5.0,0.6,0.0,0.2785798408477155,2.475781737704005,0.49994223284782585
24.86142373085022,1.7263476623684817,[2.22652785],5.0,0.6,0.0,0.03541022451574699,2.459187784329722,0.49999906660895327
24.869598150253296,1.7300602379864782,[2.22613572],5.0,0.6,0.0,-0.053031270490406276,2.4405394682483834,0.49999790651511433
24.878835678100586,1.7337728136044748,[2.22579891],5.0,0.6,0.0,-0.07421005113249979,2.4218998977377333,0.49999590050504195
24.886927127838135,1.7370945917889984,[2.22551422],5.0,0.6,0.0,-0.06881574881384159,2.403457787324423,0.4999964748238406
24.895920038223267,1.7406117686902585,[2.22527818],5.0,0.6,0.0,0.22097431744201956,2.3860930190976215,0.4999636525044915
24.905091524124146,1.7441289455915185,[2.22508741],5.0,0.6,0.0,0.26858965560915904,2.3683897948178134,0.49994630152922204
24.914331912994385,1.747841521209515,[2.22493862],5.0,0.6,0.0,-0.050083618465949525,2.3500337449218813,0.4999981327723864
24.925002098083496,1.7519448942609854,[2.22482849],5.0,0.6,0.0,0.1265238191699865,2.329502063141175,0.49998808357221014
24.93282961845398,1.755071273728772,[2.2247536],5.0,0.6,0.0,0.15149958731742127,2.3120844357167596,0.4999829147178645
24.942765474319458,1.7591746467802423,[2.2247104],5.0,0.6,0.0,0.12108656689379033,2.2920463807363105,0.4999890857507553
24.951739072799683,1.7626918236815023,[2.22469564],5.0,0.6,0.0,0.07716379162794397,2.2747293152479338,0.4999955676722231
24.96017813682556,1.7664043992994989,[2.22470629],5.0,0.6,0.0,0.036310237103996404,2.2563802334008316,0.4999990185584983
24.96851873397827,1.7699215762007592,[2.22473945],5.0,0.6,0.0,0.0037714241731689226,2.2389030832133363,0.4999999894119147
24.978755474090576,1.7742203479689658,[2.22479228],5.0,0.6,0.0,-0.01995292459790459,2.2175165809633794,0.49999970363994317
24.988770246505737,1.7779329235869625,[2.22486353],5.0,0.6,0.0,-0.03609195454783856,2.214823826728956,0.49999903032308224
24.99776029586792,1.7814501004882224,[2.2249533],5.0,0.6,0.0,-0.046288992692313985,2.192777624601543,0.49999840499722564
25.006760835647583,1.7849672773894825,[2.22505969],5.0,0.6,0.0,-0.052079804315730345,2.169371544543512,0.4999979809620317
25.015079498291016,1.7884844542907428,[2.22517835],5.0,0.6,0.0,-0.05472659913900129,2.1413906481461864,0.49999777052488825
25.023239612579346,1.7918062324752662,[2.22530405],5.0,0.6,0.0,-0.05520141034659916,2.118150506558947,0.49999773167103934
25.030776977539062,1.7947372132263162,[2.22543163],5.0,0.6,0.0,-0.05422421177641412,2.0973256229584702,0.4999978112698515
25.042879819869995,1.799622181144733,[2.22555426],5.0,0.6,0.0,-0.05231444324473124,2.045326816138297,0.4999979627280487
25.054152727127075,1.8043117503464128,[2.22566137],5.0,0.6,0.0,-0.049839469887525696,1.9979571388724549,0.4999981509327742
25.06265115737915,1.8078289272476729,[2.22574336],5.0,0.6,0.0,-0.04705467187571063,1.9870208800398403,0.4999983517941244
25.071771383285522,1.8113461041489332,[2.22579522],5.0,0.6,0.0,-0.044134565884897545,1.9620628568471468,0.4999985500141518
25.080559968948364,1.8150586797669297,[2.22581304],5.0,0.6,0.0,-0.04119609607239624,1.9385158355447467,0.4999987366658078
25.09074306488037,1.8193574515351367,[2.2257929],5.0,0.6,0.0,-0.03831566922090773,1.913950403658871,0.49999890715384243
25.098833084106445,1.8228746284363966,[2.22573228],5.0,0.6,0.0,-0.035541425273924024,1.895291049195522,0.4999990596794165
25.107759714126587,1.8263918053376569,[2.22563092],5.0,0.6,0.0,0.2431363782098125,1.8880491176479768,0.49995599647680083
25.11574625968933,1.8295181848054431,[2.22549433],5.0,0.6,0.0,0.2787503489852926,1.9110057616943315,0.4999421621161419
25.125946521759033,1.833426159140177,[2.22533093],5.0,0.6,0.0,0.22598610699348612,1.8801828851014386,0.4999619851180555
25.134760856628418,1.836943336041437,[2.22514568],5.0,0.6,0.0,-0.12396090649351842,1.8616968562193432,0.49998856144429693
25.14381456375122,1.840460512942697,[2.22494202],5.0,0.6,0.0,-0.22558494928279385,1.8453658903839643,0.4999621199569782
25.151937246322632,1.8435868924104835,[2.22472338],5.0,0.6,0.0,0.05080495169257186,1.8310802203294763,0.4999980785996217
25.159748077392578,1.8467132718782704,[2.22449267],5.0,0.6,0.0,0.11975324227592182,1.8196269280267154,0.49998932478614333
25.169234037399292,1.8504258474962672,[2.22425299],5.0,0.6,0.0,0.10736812019484843,1.8010595795829598,0.49999141868961255
25.17812490463257,1.8543338218310006,[2.22400697],5.0,0.6,0.0,0.06985839498890323,1.7814345469565218,0.49999636719452695
25.18671202659607,1.8578509987322607,[2.22375702],5.0,0.6,0.0,0.030547094625998625,1.7664199142498413,0.49999930538409065
25.195764303207397,1.8615635743502574,[2.2235056],5.0,0.6,0.0,-0.0022417310040768225,1.7470275676747038,0.49999999626330216
25.204533338546753,1.8648853525347808,[2.2232547],5.0,0.6,0.0,-0.026673542128294862,1.7299237656178579,0.4999994703827858
25.214362144470215,1.8687933268695143,[2.22300595],5.0,0.6,0.0,-0.04345226796252907,1.7102452086519553,0.4999985945122843
25.224726676940918,1.8730920986377209,[2.22276086],5.0,0.6,0.0,-0.054057315209347014,1.6887113324304739,0.4999978247464452
25.235533237457275,1.8775862691226646,[2.2225207],5.0,0.6,0.0,-0.06001079119160606,1.6648526026322692,0.499997319247522
25.24378800392151,1.880908047307188,[2.22228661],5.0,0.6,0.0,-0.06261517129574526,1.6499953171341128,0.4999970815427919
25.253164529800415,1.8848160216419212,[2.22205975],5.0,0.6,0.0,-0.06289492825181778,1.6292627961355786,0.4999970554620915
25.26175022125244,1.8881377998264446,[2.22184105],5.0,0.6,0.0,-0.06161826359351397,1.6128905384891117,0.499997173872905
25.270828008651733,1.8916549767277049,[2.22163038],5.0,0.6,0.0,-0.059343578297333194,1.5862152698187713,0.49999737882979883
25.28068447113037,1.8957583497791746,[2.22142653],5.0,0.6,0.0,-0.056467597622462395,1.5640645563638744,0.49999762703128203
25.289747953414917,1.899080127963698,[2.22122753],5.0,0.6,0.0,-0.05326682499237929,1.5358859301061203,0.49999788884415103
25.297768115997314,1.9025973048649583,[2.22103047],5.0,0.6,0.0,-0.04993041425261502,1.511933617671099,0.49999814573636026
25.306739330291748,1.9061144817662183,[2.22082993],5.0,0.6,0.0,-0.046585081110967305,1.4638348296558168,0.499998387021605
25.316757917404175,1.910413253534425,[2.22061531],5.0,0.6,0.0,-0.043313467279557885,1.4051242349779023,0.4999986078495869
25.325732707977295,1.9141258291524215,[2.22037452],5.0,0.6,0.0,-0.040167436086608305,1.3814035839658365,0.4999988061078545
25.336523294448853,1.9182292022038918,[2.220092],5.0,0.6,0.0,-0.0371775791968839,1.2768290831982416,0.4999989832819523
25.34617829322815,1.9221371765386253,[2.21974304],5.0,0.6,0.0,-0.31039831197019946,1.223829081118554,0.4999283045776103
25.354591131210327,1.9254589547231487,[2.2193032],5.0,0.6,0.0,-0.3408837759657417,1.1786169924647927,0.49991353847686626
25.365323781967163,1.929953125208092,[2.21875309],5.0,0.6,0.0,-0.2833256399440725,1.1334819064905317,0.4999403049457154
25.372767448425293,1.932884105959142,[2.21808105],5.0,0.6,0.0,-0.2049536028816128,1.1369475671741336,0.4999688178299013
25.380757093429565,1.9362058841436656,[2.2172834],5.0,0.6,0.0,-0.1323107334913698,1.0960269631363868,0.49998710592232887
25.391738891601562,1.940504655911872,[2.21634907],5.0,0.6,0.0,-0.07372707247378704,1.034269233887697,0.4999961996693488
25.400110006332397,1.9438264340963956,[2.21526659],5.0,0.6,0.0,-0.029916647275886075,1.0415415833683586,0.49999973210113435
25.409124612808228,1.9475390097143923,[2.21404781],5.0,0.6,0.0,0.2772101746464965,1.0734608376753134,0.4999434765951648
25.41708254814148,1.9504699904654423,[2.21272656],5.0,0.6,0.0,0.3314058983743818,1.1439919121986435,0.4999193109046645
25.42706871032715,1.9545733635169122,[2.21133534],5.0,0.6,0.0,0.2898837501949814,1.0863697748413335,0.49993932793611456
25.436228036880493,1.958285939134909,[2.20988923],5.0,0.6,0.0,0.22195105041311472,1.0603971478643008,0.4999665034548039
25.443752765655518,1.961412318602696,[2.20839853],5.0,0.6,0.0,0.15575795336878123,1.061081242184164,0.4999869690196343
25.451751232147217,1.964929495503956,[2.20687795],5.0,0.6,0.0,0.10083260140402467,1.0370552256391465,0.5000006608687354
25.460257053375244,1.9684466724052159,[2.20533982],5.0,0.6,0.0,-0.21727707066740234,1.0159942619363658,0.49997821287879823
25.467918395996094,1.9717684505897393,[2.20379561],5.0,0.6,0.0,-0.28104557159286425,1.01214809009518,0.4999622829453873
25.479217290878296,1.976067222357946,[2.20225643],5.0,0.6,0.0,-0.24742765337434325,0.9729679151615014,0.4999904180303136
25.486749410629272,1.9791936018257328,[2.20073126],5.0,0.6,0.0,-0.1858695808125433,0.970284456920809,0.5000288665623212
25.495742559432983,1.9825153800102562,[2.19922963],5.0,0.6,0.0,-0.12478037736921233,0.9520301086104971,0.5000717137764632
25.50480365753174,1.9860325569115163,[2.19776058],5.0,0.6,0.0,-0.3499900935864338,0.9345648192043781,0.500036534028886
25.51439070701599,1.9899405312462497,[2.19633138],5.0,0.6,0.0,-0.34435997505138405,0.9161430156432184,0.5001112858353846
25.52183961868286,1.9930669107140364,[2.19494931],5.0,0.6,0.0,-0.26133683254715256,0.9080844673695061,0.5002375223484182
25.53169846534729,1.9971702837655065,[2.19362143],5.0,0.6,0.0,-0.1660314914101393,0.8867999595046288,0.5004239576392401
25.541752099990845,2.00107825810024,[2.19235292],5.0,0.6,0.0,-0.08288691923244448,0.8643093942530674,0.5006589053277565
25.551095962524414,2.0045954350015,[2.19114766],5.0,0.6,0.0,-0.018460940342593074,0.8519245923665413,0.5009485139114396
25.558732986450195,2.00752641575255,[2.19000975],5.0,0.6,0.0,0.027918246803525726,0.8400058808003741,0.5012805229459423
25.566753387451172,2.0106527952203366,[2.18894274],5.0,0.6,0.0,0.059339302488840916,0.8256285660493944,0.5017311426987258
25.575752019882202,2.0145607695550702,[2.18794881],5.0,0.6,0.0,0.07926176763366127,0.8053447830970423,0.5024428377216644
25.58669924736023,2.019445737473487,[2.187029],5.0,0.6,0.0,0.09074527703533936,0.7808409785178222,0.503630019635353
25.59575366973877,2.0231583130914834,[2.18618362],5.0,0.6,0.0,0.09624063257695935,0.7627773790971074,0.5049081714899666
25.604292631149292,2.026480091276007,[2.1854125],5.0,0.6,0.0,0.09760879743183587,0.7468147295168893,0.5063900620068398
25.612956285476685,2.0299972681772673,[2.184715],5.0,0.6,0.0,0.0962167499939925,0.7300164040466477,0.5083262461518226
25.62071919441223,2.0333190463617905,[2.1840898],5.0,0.6,0.0,0.09304580221113568,0.7118747218777438,0.5105992533183215
25.62974786758423,2.036836223263051,[2.18353492],5.0,0.6,0.0,0.088787978969377,0.6951819605847351,0.5135071542460417
25.638256072998047,2.040158001447574,[2.18304818],5.0,0.6,0.0,0.08392371249815682,0.6794124573602033,0.516842803572478
25.645793199539185,2.043284380915361,[2.18262699],5.0,0.6,0.0,0.07878129738663406,0.661605120621244,0.5205787293920338
25.65534472465515,2.0469969565333574,[2.18226825],5.0,0.6,0.0,0.0735810017154369,0.644298608805934,0.5257371220010787
25.665684461593628,2.051295728301564,[2.18196885],5.0,0.6,0.0,0.06846715266099018,0.6237115809370783,0.5328698624572898
25.674760580062866,2.0548129052028243,[2.18172576],5.0,0.6,0.0,0.06353116490559335,0.6065948028884783,0.5398971705897593
25.682803630828857,2.058134683387348,[2.18153573],5.0,0.6,0.0,0.058827912183065593,0.5904699450231489,0.5475669257272705
25.691742420196533,2.061651860288608,[2.18139535],5.0,0.6,0.0,0.054387283212221846,0.5731706245717694,0.5568272382997199
25.6998450756073,2.064973638473131,[2.18130115],5.0,0.6,0.0,0.0502222911953806,0.5568077793961138,0.5667736987258565
25.70874524116516,2.0684908153743913,[2.18124954],5.0,0.6,0.0,0.046334735266570115,0.5392440498016996,0.5786359358800067
25.716831922531128,2.0718125935589145,[2.18123665],5.0,0.6,0.0,0.04271913256140398,0.5196179705664874,0.5911964269968731
25.72575354576111,2.0753297704601747,[2.18125834],5.0,0.6,0.0,0.039365433717406154,0.5030009013362758,0.6060140950822046
25.733770847320557,2.0786515486446984,[2.18131092],5.0,0.6,0.0,0.03626088549249852,0.4869633016388082,0.6215053249255285
25.74196982383728,2.0819733268292215,[2.18139105],5.0,0.6,0.0,0.03339129730378037,0.4708895018188824,0.6385141863310317
25.74970841407776,2.0854905037304814,[2.18149525],5.0,0.6,0.0,0.03074189243496963,0.4510273966779032,0.6582804886580028
25.760481119155884,2.0895938767819517,[2.18161995],5.0,0.6,0.0,0.02829787081098349,0.43161870778315353,0.683826479771292
25.77115297317505,2.0936972498334216,[2.1817636],5.0,0.6,0.0,0.026044772250653124,0.42910439540634027,0.7120063692872826
25.778799772262573,2.096823629301208,[2.18192592],5.0,0.6,0.0,0.02396870237621157,0.41440713236074456,0.7349266859691279
25.789235830307007,2.101122401069415,[2.18210458],5.0,0.6,0.0,0.02205646458631218,0.39100296373903043,0.7693821808302078
25.796691179275513,2.1042487805372017,[2.18229673],5.0,0.6,0.0,0.020295628332730464,0.3742824718131549,0.7957331964554458
25.80491805076599,2.1073751600049886,[2.18250007],5.0,0.6,0.0,0.29471291440058733,0.3542084425826367,0.8233724902917559
25.81468415260315,2.1112831343397223,[2.18271209],5.0,0.6,0.0,0.05030699717303792,0.3350435236773507,0.860441987877161
25.825060606002808,2.1153865073911917,[2.18293066],5.0,0.6,0.0,-0.03928819152992783,0.31455838904072114,0.9015411271011833
25.834288358688354,2.1190990830091887,[2.18315403],5.0,0.6,0.0,-0.06153978149600839,0.2958100712878351,0.9401614853472956
25.84272575378418,2.1224208611937123,[2.18338044],5.0,0.6,0.0,-0.05714045319722458,0.27873404851914957,0.9755804905572585
25.855712890625,2.1276966265456023,[2.18360832],5.0,0.6,0.0,-0.044309716155666576,0.2538212277739131,1.0351403886432176
25.8645339012146,2.1310184047301255,[2.18383611],5.0,0.6,0.0,-0.030670188942939998,0.23421754889560212,1.0723850765798086
25.873465061187744,2.1347309803481225,[2.184062],5.0,0.6,0.0,-0.018993699198166607,0.21530354944882482,1.1146450111835344
25.881829738616943,2.1382481572493823,[2.18428418],5.0,0.6,0.0,0.26609844349943673,0.19599611035766465,1.154460736470088
25.892154216766357,2.1425469290175894,[2.18450121],5.0,0.6,0.0,0.3058313783346104,0.17580988793623392,1.2031877760283782
25.901787042617798,2.146259504635586,[2.18471193],5.0,0.6,0.0,0.2553394140794299,0.15588769133217373,1.243948837252497
25.913113355636597,2.150753675120529,[2.18491532],5.0,0.6,0.0,0.1823244325567265,0.13423299565493027,1.291809203511899
25.9207866191864,2.154075453305053,[2.18511048],5.0,0.6,0.0,0.11374199277241383,0.11664103375591671,1.3247737239058253
25.931169033050537,2.1577880289230493,[2.18529663],5.0,0.6,0.0,0.05825259107370655,0.09847323657968406,1.359548876509327
25.940913915634155,2.1618914019745197,[2.18547317],5.0,0.6,0.0,-0.2592152568102323,0.07791065919305003,1.39469191618441
25.949780464172363,2.165213180159043,[2.18563961],5.0,0.6,0.0,-0.32157233050746137,0.061162858503272424,1.4198621626433816
25.95907688140869,2.1687303570603027,[2.18579553],5.0,0.6,0.0,-0.56211538262677,0.04358445475061522,1.443184536442548
25.968220233917236,2.1722475339615634,[2.18594067],5.0,0.6,0.0,-0.8075857553038083,0.026346942964243752,1.4627087884994778
25.977785348892212,2.1753739134293495,[2.18607489],5.0,0.6,0.0,-0.9983123253281025,0.011109200520340111,1.476616735542377
25.985778093338013,2.1783048941803997,[2.18619821],5.0,0.6,0.0,-1.3992319543684097,-0.0029497741545873196,1.486161114171202
25.995103359222412,2.1810404762147133,[2.18631073],5.0,0.6,0.0,-1.7748682354416672,-0.01605920122363279,1.4921207915146582
26.003116369247437,2.1835806595322897,[2.18641264],5.0,0.6,0.0,-2.325732325919089,-0.027727124188651378,1.494386951732385
26.01823139190674,2.188074830017233,[2.18650419],5.0,0.6,0.0,-3.0764851656014693,-0.04907354708931441,1.4925105739476396
26.02644157409668,2.190810412051547,[2.18658572],5.0,0.6,0.0,-3.71204132100115,-0.061428528790302896,1.4862839706130535
26.03598141670227,2.1927643992189134,[2.18665763],5.0,0.6,0.0,-4.1452039786838295,-0.06965678166478476,1.4799406111648958
26.043817043304443,2.1945229876695436,[2.1867204],5.0,0.6,0.0,-4.657190937076276,-0.07687751006886946,1.472010015709258
26.051938772201538,2.1962815761201737,[2.18677451],5.0,0.6,0.0,-5.0,-0.0840136864203518,1.4638176048599976
26.05976963043213,2.19764936713733,[2.18682049],5.0,0.6,0.0,-5.0,-0.08892140987222709,1.4585520170264759
26.07010817527771,2.19940795558796,[2.18685889],5.0,0.6,0.0,-5.0,-0.09537462959574601,1.4507271014305525
26.07854413986206,2.2005803478883803,[2.18689031],5.0,0.6,0.0,-5.0,-0.09877633318274542,1.4449424517238993
26.090396404266357,2.201948138905537,[2.18691531],5.0,0.6,0.0,-5.0,-0.10309335385435334,1.4375410440107823
26.09868049621582,2.202534335055747,[2.18693444],5.0,0.6,0.0,-5.0,-0.10328054619146067,1.4342261939085037
26.107662200927734,2.2033159299226934,[2.18694827],5.0,0.6,0.0,-5.0,-0.10457328669068965,1.4295620957387323
26.116698503494263,2.2037067273561672,[2.18695734],5.0,0.6,0.0,-5.0,-0.10371808470415926,1.4271687195042682
26.12572145462036,2.2039021260729035,[2.18696225],5.0,0.6,0.0,-5.0,-0.101957887424289,1.4259560204268813
26.137317895889282,2.2040975247896406,[2.18696356],5.0,0.6,0.0,-5.0,-0.10041273984712967,1.4247079880232199
26.144703149795532,2.2039021260729035,[2.18696179],5.0,0.6,0.0,-4.992166388762462,-0.09719600333644696,1.4260092549895829
26.15889883041382,2.20351132863943,[2.18695737],5.0,0.6,0.0,-5.0,-0.09210704612956172,1.4284001793015357
26.170693397521973,2.203120531205957,[2.1869507],5.0,0.6,0.0,-5.0,-0.08738028925412218,1.430783082865228
26.178704261779785,2.202729733772484,[2.18694215],5.0,0.6,0.0,-4.460197590777668,-0.08301647062453997,1.4367810625349013
26.188034772872925,2.2021435376222733,[2.18693211],5.0,0.6,0.0,-3.1809573006572154,-0.0783691735326382,1.4473011986719586
26.195704698562622,2.2015573414720637,[2.1869209],5.0,0.6,0.0,-1.8685021804025752,-0.07375889798701711,1.4554675956000276
26.204251766204834,2.2009711453218537,[2.18690883],5.0,0.6,0.0,-0.4962579718496004,-0.06944811865049746,1.4610388464892505
26.215177297592163,2.200189550454907,[2.18689619],5.0,0.6,0.0,0.08839029981521102,-0.06411194859388138,1.4652687742518036
26.22436833381653,2.19940795558796,[2.18688322],5.0,0.6,0.0,0.8593655439452953,-0.059010721371523724,1.4685638044709934
26.23366618156433,2.198430962004277,[2.1868701],5.0,0.6,0.0,1.2575020306184488,-0.05282028699011209,1.4724476751276583
26.245973587036133,2.197258569703857,[2.18685702],5.0,0.6,0.0,1.720886840233847,-0.045872356647228205,1.4763943440167628
26.25579833984375,2.196086177403437,[2.18684412],5.0,0.6,0.0,2.096587853926917,-0.03898191623855194,1.479800487132575
26.266279697418213,2.1951091838197536,[2.1868315],5.0,0.6,0.0,2.6235507981628627,-0.03317522323665128,1.4812919168219947
26.275811672210693,2.193741392802597,[2.18681929],5.0,0.6,0.0,3.0676145150508356,-0.025721634702378614,1.483506500991297
26.28429627418518,2.1927643992189134,[2.18680754],5.0,0.6,0.0,3.6398395600221143,-0.020214452875659702,1.4831627667836595
26.293622493743896,2.1917874056352304,[2.18679632],5.0,0.6,0.0,3.8248933596927306,-0.014708717400035775,1.484257520180949
26.301716327667236,2.190810412051547,[2.18678571],5.0,0.6,0.0,4.080257435801483,-0.009363474295412823,1.4845247783982918
26.313371658325195,2.18944262103439,[2.18677574],5.0,0.6,0.0,3.9847407975543487,-0.002014618437493754,1.486897464452095
26.321672677993774,2.188074830017233,[2.18676644],5.0,0.6,0.0,4.022610200659613,0.005299010380334773,1.4877561781562345
26.333026885986328,2.1867070390000767,[2.18675782],5.0,0.6,0.0,4.047963400082425,0.012505346207235419,1.4879493140260776
26.343673944473267,2.1855346466996566,[2.18674985],5.0,0.6,0.0,4.015893713228171,0.01821406150353897,1.48784243413181
26.354288816452026,2.1843622543992365,[2.18674073],5.0,0.6,0.0,4.19927473261495,0.005676411159033298,1.4859133333336396
26.36168599128723,2.1837760582490264,[2.18672574],5.0,0.6,0.0,4.36679718893647,-0.0031120751336152375,1.484266076326045
26.36970281600952,2.183189862098817,[2.18669559],5.0,0.6,0.0,4.721020714661341,-0.051802982637004745,1.481226014641857
26.381713151931763,2.1822128685151334,[2.18662395],5.0,0.6,0.0,5.0,-0.18728293900410897,1.4778480998742938
26.390231132507324,2.18123587493145,[2.18647169],5.0,0.6,0.0,5.0,-0.19861929264415046,1.4762643212669184
26.397653102874756,2.18064967878124,[2.18621095],5.0,0.6,0.0,5.0,-0.2181957255137126,1.4755656166391764
26.408554315567017,2.17947728648082,[2.18581049],5.0,0.6,0.0,5.0,-0.29369691744694987,1.4737422481381532
26.41760754585266,2.1783048941803997,[2.18520908],5.0,0.6,0.0,4.602367686995171,-0.2423250086488006,1.4749900301622791
26.425671815872192,2.1771325018799796,[2.18434309],5.0,0.6,0.0,4.09529320948198,-0.2431998382135258,1.4773252808648163
26.437687873840332,2.175178514712613,[2.18313716],5.0,0.6,0.0,2.772063908174773,-0.3010496395460666,1.4817242612195933
26.447831630706787,2.1730291288285097,[2.1814442],5.0,0.6,0.0,1.4041815539561862,-0.4410626874664185,1.4844715293297681
26.457147359848022,2.170879742944406,[2.17909606],5.0,0.6,0.0,-0.28710833400319946,-0.48102681347507875,1.4865278162379063
26.46541666984558,2.1687303570603027,[2.17601001],5.0,0.6,0.0,-1.7577450691067669,-0.42621825934313406,1.487162633954505
26.474523305892944,2.1661901737427263,[2.17216364],5.0,0.6,0.0,-3.4088942878491855,-0.49791602069303514,1.4843129834238034
26.48533034324646,2.1624775981247297,[2.16750418],5.0,0.6,0.0,-5.0,-0.5633449203349806,1.4766914969322031
26.492802143096924,2.159742016090416,[2.16198779],5.0,0.6,0.0,-5.0,-0.5151714250033294,1.4807238691526337
26.502152919769287,2.156224839189156,[2.15557145],5.0,0.6,0.0,-5.0,-0.7357094534341012,1.481646682689982
26.50994634628296,2.1530984597213694,[2.1481819],5.0,0.6,0.0,-5.0,-0.6666590695079129,1.4769092110442295
26.51925802230835,2.148995086669899,[2.13979524],5.0,0.6,0.0,-5.0,-0.7609850722505042,1.4649470934162334
26.526952743530273,2.1458687072021125,[2.13038821],5.0,0.6,0.0,-5.0,-0.8564683854053929,1.4349333713361765
26.535699129104614,2.1425469290175894,[2.11994617],5.0,0.6,0.0,-5.0,-0.8010009835109996,1.3846181698485323
26.543662786483765,2.139029752116329,[2.10850315],5.0,0.6,0.0,-5.0,-0.9260385428478672,1.3116946569174015
26.55665373802185,2.133753986764439,[2.0960482],5.0,0.6,0.0,-5.0,-1.0314842460026847,1.2342388127606605
26.56735610961914,2.129064417562759,[2.08253236],5.0,0.6,0.0,-4.106301715975933,-1.1309532159829194,1.1361346869413742
26.576751232147217,2.1251564432280254,[2.06791978],5.0,0.6,0.0,-2.6019099129949974,-1.2284469546600045,1.0143202541381755
26.584686517715454,2.1220300637602385,[2.05218807],5.0,0.6,0.0,-0.6034096011629819,-1.3258414399011589,0.8767024196372567
26.592675924301147,2.1187082855757153,[2.035377],5.0,0.6,0.0,1.1817195064849146,-1.2592078675772775,0.7483307543357265
26.60172963142395,2.114995709957719,[2.01753158],5.0,0.6,0.0,2.8208262815333183,-1.5558194552127338,0.6437025630552023
26.61087989807129,2.111087735622985,[1.99865384],5.0,0.6,0.0,3.791595303168422,-1.4707846097024244,0.5692085265534916
26.62170386314392,2.106593565138042,[1.97880791],5.0,0.6,0.0,4.593252670134393,-1.5915705244451712,0.5227038220232116
26.62966227531433,2.1034671856702554,[1.9581101],5.0,0.6,0.0,5.0,-1.5511740419820126,0.49634663132474893
26.640180349349976,2.0991684139020483,[1.93662436],5.0,0.6,0.0,5.0,-1.8578584531365003,0.48680358782625904
26.64771008491516,2.0958466357175247,[1.91437033],5.0,0.6,0.0,5.0,-1.793994971481688,0.4831106027626718
26.659496068954468,2.090961667799108,[1.89138007],5.0,0.6,0.0,5.0,-2.072410345309777,0.4820789313246553
26.668656826019287,2.0874444908978482,[1.8676963],5.0,0.6,0.0,5.0,-1.9999122338355613,0.48179598370706517
26.677754878997803,2.0833411178463783,[1.8434154],5.0,0.6,0.0,4.923625335646862,-2.1207465417844054,0.48228594750891673
26.685675382614136,2.0800193396618547,[1.81863469],5.0,0.6,0.0,4.733282453508213,-2.235878938761233,0.4835987142017013
26.694862604141235,2.075915966610385,[1.79340616],5.0,0.6,0.0,4.48560756340694,-2.3391707046021444,0.4852443878651359
26.704469680786133,2.072007992275651,[1.76778906],5.0,0.6,0.0,4.21270270509996,-2.4376403715733512,0.4869622316755283
26.71696949005127,2.066927625640498,[1.74181001],5.0,0.6,0.0,3.932973287647938,-2.6538205519847167,0.48861697956676337
26.726730823516846,2.062824252589028,[1.71550652],5.0,0.6,0.0,3.9330376316939883,-2.580802352831817,0.4886166107544498
26.73567843437195,2.0591116769710314,[1.68900221],5.0,0.6,0.0,3.423910170635956,-2.6817454717552582,0.49134898744608313
26.7447988986969,2.055399101353034,[1.66245012],5.0,0.6,0.0,3.08250860356656,-2.6628632815857,0.4929766058022441
26.753742218017578,2.0516865257350374,[1.63598635],5.0,0.6,0.0,2.822990968861803,-2.7940696573027375,0.4941027190276336
26.762821912765503,2.047778551400304,[1.60969771],5.0,0.6,0.0,2.881310779024761,-2.9103879112782125,0.49385805790622733
26.772783994674683,2.043675178348834,[1.58366143],5.0,0.6,0.0,2.720279393477149,-2.9091103498502138,0.49452172811937256
26.781765699386597,2.0397672040141006,[1.55798075],5.0,0.6,0.0,2.210531173764373,-3.039988750227002,0.49637572464651863
26.791969537734985,2.035859229679367,[1.53268518],5.0,0.6,0.0,1.9348602807892907,-3.2511335597945883,0.4972209512564894
26.800759077072144,2.0319512553446337,[1.50777199],5.0,0.6,0.0,2.0397597929983493,-3.2285386394726903,0.4969124049175576
26.810820817947388,2.027847882293164,[1.48330269],5.0,0.6,0.0,1.9467565911622309,-3.327220385298063,0.4971867693630496
26.818804502487183,2.0245261041086406,[1.45933363],5.0,0.6,0.0,1.7843382446585279,-3.42102687303502,0.49763553907098007
26.828832387924194,2.020031933623697,[1.43588647],5.0,0.6,0.0,1.6090156484716536,-3.5014208148293533,0.4980765074580315
26.837666273117065,2.0165147567224366,[1.41298225],5.0,0.6,0.0,1.4435409893806121,-3.5805196573107123,0.4984512139909978
26.846041679382324,2.01280218110444,[1.39064091],5.0,0.6,0.0,1.295355059389145,-3.6538558323737305,0.4987524959088357
26.853687286376953,2.0094804029199165,[1.36890255],5.0,0.6,0.0,1.1653471661535035,-3.653398109966838,0.49899010002694577
26.86368179321289,2.0053770298684466,[1.34782245],5.0,0.6,0.0,1.0519099344741414,-3.7409369308865603,0.49917698810172256
26.873323917388916,2.0012736568169767,[1.32742332],5.0,0.6,0.0,0.952738610621293,-3.8183745306204284,0.499324755917482
26.882608652114868,1.9977564799157166,[1.30770074],5.0,0.6,0.0,0.8655705972932243,-3.8903240795194622,0.49944259677581365
26.89167308807373,1.99404390429772,[1.28864952],5.0,0.6,0.0,0.7884427253188793,-3.9554238581086554,0.49953746348727823
26.900439500808716,1.9901359299629864,[1.27026274],5.0,0.6,0.0,0.7197407618317291,-4.015938436732379,0.499614529264751
26.911857843399048,1.9852509620445697,[1.25253059],5.0,0.6,0.0,0.38213006511937386,-4.069042703983105,0.49989131192796016
26.920668125152588,1.982124582576783,[1.23545709],5.0,0.6,0.0,0.5695679472597865,-4.071621304662107,0.4997585690826985
26.929192781448364,1.978412006958786,[1.21905677],5.0,0.6,0.0,0.6075850991383223,-4.143944305402975,0.49972527286047447
26.938024044036865,1.9748948300575262,[1.20331749],5.0,0.6,0.0,0.5829744958259013,-4.210181748012347,0.499747072577542
26.947728872299194,1.970986855722793,[1.18820478],5.0,0.6,0.0,0.2598397163427886,-4.268277981956336,0.49994974307470536
26.956665515899658,1.9670788813880593,[1.17368323],5.0,0.6,0.0,0.17489604331707784,-4.3212160099867365,0.499977230329003
26.96529221534729,1.9633663057700625,[1.1597172],5.0,0.6,0.0,0.45672881160442014,-4.370618753557648,0.4998447412603565
26.9726984500885,1.960044527585539,[1.14628745],5.0,0.6,0.0,0.5215962626020676,-4.365272832989452,0.499797517420322
26.981730937957764,1.9561365532508057,[1.1333734],5.0,0.6,0.0,0.22197855091288896,-4.472801712828581,0.4999633213984006
26.98973798751831,1.9528147750662823,[1.1209374],5.0,0.6,0.0,0.1352985991272549,-4.458135055511444,0.4999863734047195
26.99967122077942,1.9487114020148124,[1.10895962],5.0,0.6,0.0,0.13203021368032228,-4.502003227308573,0.4999870237951753
27.008059978485107,1.9453896238302888,[1.09742151],5.0,0.6,0.0,0.15465698326517813,-4.54264261283668,0.4999821951626012
27.01662540435791,1.941872446929029,[1.08629105],5.0,0.6,0.0,0.17946702274998833,-4.575973119218866,0.4999760246155917
27.024641752243042,1.9385506687445055,[1.0755538],5.0,0.6,0.0,0.19811256336750005,-4.56321720525191,0.49997078418395074
27.03268051147461,1.9352288905599822,[1.06522234],5.0,0.6,0.0,0.20885313187197124,-4.561821948217617,0.4999675305779772
27.042158842086792,1.9315163149419852,[1.05529334],5.0,0.6,0.0,0.21250135375772683,-4.644667564831994,0.4999663863650741
27.04969358444214,1.9283899354741985,[1.04574843],5.0,0.6,0.0,0.2106226616288864,-4.677267589770662,0.49996697806433416
27.05868673324585,1.9244819611394652,[1.03660446],5.0,0.6,0.0,0.20479378275228907,-4.658461355701002,0.49996878044902443
27.06848692893982,1.9201831893712586,[1.0278733],5.0,0.6,0.0,-0.07969545434235305,-4.683300346765024,0.49999527206253336
27.078712463378906,1.9160798163197883,[1.0195284],5.0,0.6,0.0,-0.12286566660428577,-4.702727064000709,0.4999887626766557
27.08864665031433,1.9119764432683182,[1.01153544],5.0,0.6,0.0,-0.07865442454112036,-4.716958571695111,0.4999953947735402
27.09798812866211,1.907873070216848,[1.00385678],5.0,0.6,0.0,-0.01376263708284834,-4.756362953946449,0.49999985900298133
27.105931520462036,1.9041604945988515,[0.99646107],5.0,0.6,0.0,0.04562399802069046,-4.789582353521476,0.4999984504960707
27.115341901779175,1.900447918980855,[0.98933983],5.0,0.6,0.0,-0.18463133425865175,-4.821229127973623,0.4999746249754415
27.124725818634033,1.896149147212648,[0.98248605],5.0,0.6,0.0,-0.1861489312123797,-4.847383384750892,0.49997420612641574
27.136398315429688,1.8916549767277049,[0.97587751],5.0,0.6,0.0,0.1645475128830403,-4.823025623262741,0.49997984510375587
27.14922571182251,1.8867700088092878,[0.96948108],5.0,0.6,0.0,0.28401162398499963,-4.8084179680443535,0.49993995832096355
27.15882921218872,1.882666635757818,[0.96326937],5.0,0.6,0.0,0.3029126032658923,-4.867202430853856,0.49993170141616644
27.16768741607666,1.8787586614230845,[0.95724009],5.0,0.6,0.0,0.2822061167977646,-4.913269788472697,0.4999407192384162
27.180557012557983,1.8732874973544575,[0.95139809],5.0,0.6,0.0,0.24929378538586683,-4.909526165783812,0.4999537395888584
27.189489126205444,1.8695749217364608,[0.94573472],5.0,0.6,0.0,0.21571298944567174,-4.9250179661218665,0.4999653626843666
27.199652671813965,1.8654715486849907,[0.940243],5.0,0.6,0.0,0.18570874328265422,-4.930763066454963,0.4999743279690282
27.207635641098022,1.8621497705004673,[0.9349291],5.0,0.6,0.0,0.1603284479995125,-4.916609537476018,0.49998086539319914
27.218708515167236,1.8576556000155238,[0.92979899],5.0,0.6,0.0,0.1393353796274803,-4.933005920865048,0.4999855481578511
27.226801872253418,1.8539430243975272,[0.92485265],5.0,0.6,0.0,0.12207165675597165,-4.904191423917817,0.499988907446409
27.235673666000366,1.8502304487795302,[0.92009451],5.0,0.6,0.0,0.1078240306001366,-4.9003251282813745,0.4999913456582429
27.24568200111389,1.8459316770113239,[0.91552523],5.0,0.6,0.0,0.09596074818919208,-4.912950858896788,0.4999931452605912
27.25484800338745,1.8424145001100636,[0.9111445],5.0,0.6,0.0,0.08596771914387485,-4.917351724174622,0.49999449857628947
27.263996601104736,1.838701924492067,[0.90696236],5.0,0.6,0.0,0.0774439745711801,-4.8991841628373125,0.499995535426226
27.272825717926025,1.835184747590807,[0.90298329],5.0,0.6,0.0,0.07008352337264759,-4.880404666553168,0.4999963437410861
27.284238815307617,1.8306905771058632,[0.89920372],5.0,0.6,0.0,0.0636551360878014,-4.855970424475157,0.4999969837157436
27.293773651123047,1.82678260277113,[0.89562033],5.0,0.6,0.0,0.057984405334246016,-4.83394757926417,0.49999749718929704
27.303187608718872,1.8228746284363966,[0.89222993],5.0,0.6,0.0,0.05293926596291422,-4.811742118727894,0.4999979137728173
27.31411099433899,1.81798966051798,[0.88902931],5.0,0.6,0.0,0.048418872305706434,-4.78468974538131,0.49999825483996807
27.324212551116943,1.8138862874665098,[0.88601511],5.0,0.6,0.0,0.04434529509563091,-4.761466621965022,0.49999853613462625
27.331616640090942,1.81036911056525,[0.88318527],5.0,0.6,0.0,0.04065742891025548,-4.7261740118180064,0.4999987694876876
27.342896461486816,1.8058749400803065,[0.88053716],5.0,0.6,0.0,0.037306567103195,-4.7213158548354786,0.4999989639593377
27.352720499038696,1.8017715670288363,[0.87806461],5.0,0.6,0.0,0.034253205644048455,-4.697775835337141,0.4999991266089447
27.36266565322876,1.7974727952606295,[0.87576136],5.0,0.6,0.0,0.031464739506396146,-4.673814993961299,0.49999926302180847
27.372912406921387,1.7931740234924227,[0.87362167],5.0,0.6,0.0,0.028913801354342177,-4.659657704308012,0.4999993776756545
27.383363485336304,1.7890706504409528,[0.87163878],5.0,0.6,0.0,0.30261541952503207,-4.634310771848686,0.4999318353550571
27.392924070358276,1.7847718786727458,[0.86980687],5.0,0.6,0.0,0.33359730866623427,-4.609481519002049,0.4999171646380105
27.40164041519165,1.7814501004882224,[0.86812134],5.0,0.6,0.0,0.27653371841902824,-4.584181392037027,0.49994307826353857
27.40998649597168,1.7777375248702258,[0.86657757],5.0,0.6,0.0,-0.07739519834389763,-4.56693160778991,0.49999554104823907
27.418055772781372,1.7748065441191758,[0.86516964],5.0,0.6,0.0,-0.1827011540012127,-4.55346548019339,0.4999751527422496
27.425609350204468,1.7716801646513891,[0.86389106],5.0,0.6,0.0,0.09028838891913969,-4.534122247808064,0.4999939316887622
27.434693813323975,1.7675767915999188,[0.86273551],5.0,0.6,0.0,0.15609924888094787,-4.516793880772615,0.4999818615394639
27.44261932373047,1.7642550134153956,[0.86169627],5.0,0.6,0.0,0.14082131855073665,-4.498270530847484,0.49998523827613167
27.450684547424316,1.7607378365141355,[0.86076634],5.0,0.6,0.0,0.10064574868660314,-4.484292285388158,0.49999245960198746
27.460760831832886,1.7566344634626654,[0.85993821],5.0,0.6,0.0,0.058878748182499385,-4.466551647987931,0.4999974193881307
27.46916913986206,1.753312685278142,[0.859204],5.0,0.6,0.0,0.023828492129968265,-4.452077831482836,0.4999995773317616
27.477739810943604,1.749795508376882,[0.85855636],5.0,0.6,0.0,-0.002685365464715178,-4.432779554216258,0.4999999946319881
27.48663640022278,1.7458875340421487,[0.85798842],5.0,0.6,0.0,-0.021380645427461785,-4.415797861760843,0.4999996597108122
27.495452165603638,1.742174958424152,[0.85749314],5.0,0.6,0.0,-0.03374967245467675,-4.399210869962146,0.49999915209844503
27.506680011749268,1.7378761866559451,[0.8570634],5.0,0.6,0.0,-0.04132653483202357,-4.379234423342915,0.4999987286529872
27.51883363723755,1.7327958200207916,[0.85669219],5.0,0.6,0.0,-0.045424797922439294,-4.357937466831681,0.49999846399716874
27.527676343917847,1.7288878456860584,[0.85637264],5.0,0.6,0.0,-0.047079184480158354,-4.3384050594722,0.4999983500764505
27.536125421524048,1.7253706687847985,[0.85609885],5.0,0.6,0.0,-0.04706735913472047,-4.318220302695172,0.49999835090520034
27.544814586639404,1.7218534918835382,[0.85586581],5.0,0.6,0.0,-0.04595645206238268,-4.3017568448434345,0.4999984278319064
27.556050300598145,1.717163922681858,[0.85566849],5.0,0.6,0.0,-0.04415123559302533,-4.279224384694801,0.49999854891862056
27.565653085708618,1.7128651509136512,[0.85550197],5.0,0.6,0.0,-0.04193562779990259,-4.258452581421405,0.4999986909012599
27.573867797851562,1.7097387714458647,[0.8553617],5.0,0.6,0.0,-0.039505611947611916,-4.24331852467169,0.49999883822036945
27.58169651031494,1.7062215945446046,[0.85524376],5.0,0.6,0.0,-0.036994192368789716,-4.223575127027669,0.49999898123660036
27.590576887130737,1.7021182214931343,[0.85514478],5.0,0.6,0.0,-0.03448980020162844,-4.204260738676779,0.4999991145018711
27.601648330688477,1.6974286522914546,[0.85506145],5.0,0.6,0.0,-0.03204962777032644,-4.18172819179,0.4999992353682575
27.61066770553589,1.6937160766734578,[0.85499052],5.0,0.6,0.0,-0.02970917132270455,-4.163765728325253,0.49999934296657106
27.620527029037476,1.6898081023387241,[0.8549291],5.0,0.6,0.0,-0.027489000091006688,-4.144711807874323,0.49999943749768194
27.630425453186035,1.6860955267207276,[0.85487464],5.0,0.6,0.0,-0.025399525231706944,-4.126483124970796,0.4999995197607363
27.641866445541382,1.6814059575190474,[0.85482467],5.0,0.6,0.0,0.25259401915384394,-4.106044044616348,0.49995250671880614
27.651875734329224,1.676911787034104,[0.85477685],5.0,0.6,0.0,0.011502052906334076,-4.082944839001167,0.49999990151788787
27.660609483718872,1.6731992114161074,[0.85472962],5.0,0.6,0.0,-0.07502763913413743,-4.061394816005868,0.4999958096778048
27.669130086898804,1.669682034514847,[0.85468215],5.0,0.6,0.0,-0.09444730572265,-4.044247916080449,0.4999933597728148
27.67838478088379,1.6657740601801139,[0.85463353],5.0,0.6,0.0,0.1886039198835205,-4.025228892699936,0.4999735213033003
27.686583280563354,1.6624522819955905,[0.85458303],5.0,0.6,0.0,0.23696943319394118,-4.006565024740226,0.49995820029845617
27.698943376541138,1.6569811179269638,[0.85453006],5.0,0.6,0.0,-0.07830529326084328,-3.982414558705029,0.4999954355659783
27.706605672836304,1.6536593397424404,[0.85447399],5.0,0.6,0.0,-0.17379195569582476,-3.9632788670295906,0.4999775168969173
27.715693712234497,1.65014216284118,[0.85441452],5.0,0.6,0.0,0.09775946749328306,-3.946745955289644,0.49999288587912055
27.725688457489014,1.6456479923562366,[0.85435129],5.0,0.6,0.0,0.15869091055877801,-3.9268500469071514,0.4999812542578802
27.734338998794556,1.6421308154549765,[0.85428311],5.0,0.6,0.0,0.1383214549152969,-3.915250290608155,0.4999857577178029
27.746608018875122,1.63724584753656,[0.85420756],5.0,0.6,0.0,-0.18205491067789964,-3.9015740387020514,0.499975328204526
27.758678674697876,1.6323608796181432,[0.85411898],5.0,0.6,0.0,0.016099386473360372,-3.9086290175135403,0.49999980705868086
27.76780867576599,1.62845290528341,[0.85400994],5.0,0.6,0.0,0.06733968825323583,-3.888853404283779,0.4999966244277158
27.777647733688354,1.6243495322319397,[0.85387192],5.0,0.6,0.0,0.06072994992631029,-3.9166024466359755,0.49999725456396876
27.785656929016113,1.6210277540474165,[0.85369491],5.0,0.6,0.0,0.03601958956796506,-3.89479865987551,0.49999903420761754
27.794203996658325,1.6173151784294195,[0.85347096],5.0,0.6,0.0,0.009743562308825955,-3.9033015551658097,0.4999999293288468
27.801610946655273,1.6141887989616328,[0.85319436],5.0,0.6,0.0,-0.012161087260934886,-3.8816331407719487,0.4999998899090962
27.81025791168213,1.6102808246268994,[0.85285981],5.0,0.6,0.0,-0.028350336749226848,-3.8908062428592083,0.49999940169468726
27.817808866500854,1.6071544451591129,[0.85245963],5.0,0.6,0.0,-0.03928306596755627,-3.897740921268197,0.4999988512727353
27.826573848724365,1.6034418695411163,[0.85198772],5.0,0.6,0.0,-0.0459745803158878,-3.865012886738542,0.49999842659133026
27.835742235183716,1.5997292939231191,[0.8514429],5.0,0.6,0.0,-0.04947734078608974,-3.8669511351423447,0.49999817770541843
27.845264196395874,1.595821319588386,[0.85082249],5.0,0.6,0.0,-0.05069406992876248,-3.8606142739923333,0.4999980869771226
27.85365319252014,1.5923041426871256,[0.850123],5.0,0.6,0.0,-0.050335189607681234,-3.85112635620555,0.49999811396705773
27.864623069763184,1.5876145734854459,[0.84934336],5.0,0.6,0.0,-0.04893312802502109,-3.833468274719635,0.4999982175725631
27.87260675430298,1.5842927953009225,[0.84848692],5.0,0.6,0.0,-0.0468743562405277,-3.795703778204792,0.49999836440189915
27.883663177490234,1.5799940235327155,[0.84756035],5.0,0.6,0.0,-0.04443279813522809,-3.787998847546981,0.4999985303518771
27.894721031188965,1.5754998530477722,[0.84656427],5.0,0.6,0.0,-0.04179868529701973,-3.8069094292265753,0.49999869943711955
27.90543007850647,1.5712010812795654,[0.84549355],5.0,0.6,0.0,-0.039101467050536756,-3.7929045361766573,0.49999886186891496
27.915756225585938,1.5663161133611485,[0.84434622],5.0,0.6,0.0,-0.036427182724728085,-3.778823730691114,0.49999901222639964
27.926717519760132,1.5616265441594686,[0.84312306],5.0,0.6,0.0,-0.03383127095062674,-3.767469404322466,0.4999991479934528
27.93659281730652,1.5575231711079984,[0.84182458],5.0,0.6,0.0,-0.031347843123856876,-3.7588491275003637,0.4999992684876088
27.94685673713684,1.5534197980565285,[0.84044831],5.0,0.6,0.0,-0.02899631229772774,-3.776112619923943,0.49999937411875084
27.95741605758667,1.549121026288322,[0.83899049],5.0,0.6,0.0,-0.026786087415183416,-3.7512361984510822,0.4999994658970128
27.965742588043213,1.5456038493870616,[0.83745694],5.0,0.6,0.0,-0.024719872725231226,-3.703354512725478,0.4999995451178044
27.973748445510864,1.5422820712025382,[0.83586181],5.0,0.6,0.0,-0.022795971635611895,-3.68862259521099,0.499999613167706
27.982558488845825,1.5381786981510683,[0.83421712],5.0,0.6,0.0,-0.02100988507267677,-3.665595066927389,0.4999996714103452
27.99159264564514,1.5344661225330716,[0.83253528],5.0,0.6,0.0,-0.01935541261349612,-3.622239937602283,0.49999972112381924
28.00062370300293,1.5307535469150746,[0.83083012],5.0,0.6,0.0,-0.017825404711613452,-3.6180029376817204,0.4999997634704691
28.011621952056885,1.5262593764301313,[0.82911287],5.0,0.6,0.0,-0.016412271041939104,-3.5823473017205316,0.4999997994863469
28.01959729194641,1.5227421995288712,[0.82739779],5.0,0.6,0.0,-0.29114667869847377,-3.572904258389288,0.4999369038366781
28.028568506240845,1.5190296239108745,[0.82570264],5.0,0.6,0.0,-0.323068937384258,-3.5396520171797476,0.4999223103187806
28.04206681251526,1.5135584598422478,[0.82404147],5.0,0.6,0.0,-0.542901987381197,-3.5005906425038598,0.4997806416075727
28.05087637901306,1.5102366816577244,[0.82242623],5.0,0.6,0.0,-0.49892084915372514,-3.4599244573399486,0.4998147366513294
28.058674573898315,1.5065241060397276,[0.82087012],5.0,0.6,0.0,-0.37236090839132824,-3.42519830846989,0.49989679754857086
28.070693254470825,1.5014437394045743,[0.8193861],5.0,0.6,0.0,-0.23878865105683122,-3.3825087128082845,0.49995755606841047
28.08188796043396,1.4965587714861572,[0.81798716],5.0,0.6,0.0,-0.12547169286693735,-3.331949596591114,0.4999882809312823
28.09057092666626,1.4932369933016338,[0.81668533],5.0,0.6,0.0,-0.03870150274337229,-3.314243253196062,0.49999888503342443
28.099664449691772,1.4893290189669006,[0.81548938],5.0,0.6,0.0,0.02349870997234802,-3.281194646644943,0.49999958895010743
28.10935068130493,1.4854210446321672,[0.81440554],5.0,0.6,0.0,0.06568736502707068,-3.264745548859594,0.4999967880486218
28.12059187889099,1.4807314754304872,[0.81343838],5.0,0.6,0.0,0.09262820567414658,-3.2280356538188495,0.49999361309576906
28.135897636413574,1.474283317778177,[0.81259585],5.0,0.6,0.0,0.10842895189102605,-3.1497094730576336,0.49999124828041297
28.144445419311523,1.4703753434434434,[0.81188888],5.0,0.6,0.0,0.1163392984974228,-3.128900012451091,0.4999899247650794
28.15358543395996,1.466662767825447,[0.81132282],5.0,0.6,0.0,0.11880989899208652,-3.108824903795153,0.499989492307253
28.163309335708618,1.46295019220745,[0.81089592],5.0,0.6,0.0,0.11763376835691422,-3.1076564749857933,0.4999896993122777
28.17182493209839,1.45943301530619,[0.81060339],5.0,0.6,0.0,0.11409524989825454,-3.082646213789721,0.4999903096916952
28.179612636566162,1.4561112371216667,[0.81044154],5.0,0.6,0.0,0.1090992180689015,-3.0599802349343213,0.4999911397474054
28.1876437664032,1.4525940602204066,[0.81040568],5.0,0.6,0.0,0.1032739223648188,-3.057343651972662,0.49999206065688695
28.19762086868286,1.4484906871689365,[0.81049027],5.0,0.6,0.0,0.09704912280855439,-3.007674503117726,0.4999929888887393
28.205668926239014,1.445168908984413,[0.81069104],5.0,0.6,0.0,0.09071380545384831,-3.0086693804009537,0.49999387436963283
28.214661836624146,1.4414563333664165,[0.81099895],5.0,0.6,0.0,0.08445804600002203,-3.002406368927298,0.4999946900989481
28.22382140159607,1.437548359031683,[0.81140298],5.0,0.6,0.0,0.07840300193447586,-2.9712828873065265,0.49999542416800047
28.23262667655945,1.4338357834136866,[0.8118962],5.0,0.6,0.0,0.07262221057319254,-2.9440426970345235,0.49999607405781993
28.243579626083374,1.4293416129287426,[0.81247506],5.0,0.6,0.0,0.06715661241443409,-2.897470437773256,0.4999966427569839
28.252785444259644,1.4258244360274828,[0.81313508],5.0,0.6,0.0,0.06202509076809618,-2.898132990161542,0.4999971362160642
28.263648509979248,1.421525664259276,[0.81386753],5.0,0.6,0.0,0.05723182978238802,-2.8716502656718776,0.49999756173514565
28.273581743240356,1.4172268924910691,[0.81466368],5.0,0.6,0.0,0.052771426359231946,-2.8461665029040364,0.4999979269802447
28.282628059387207,1.413318918156336,[0.81551664],5.0,0.6,0.0,0.048632422605383085,-2.8235599817002446,0.49999823941207316
28.290552616119385,1.4099971399718125,[0.81641786],5.0,0.6,0.0,0.04479973118691463,-2.820249072148779,0.4999985059785159
28.300983905792236,1.405698368203606,[0.81735893],5.0,0.6,0.0,0.041256286935757946,-2.7775765097080276,0.49999873297144437
28.311366081237793,1.4015949951521356,[0.81833429],5.0,0.6,0.0,0.03798415923701298,-2.7599954795018147,0.49999892598277956
28.320603370666504,1.3974916221006655,[0.81933639],5.0,0.6,0.0,0.034965289819972045,-2.755151506276362,0.499999089917958
28.33055830001831,1.3931928503324589,[0.8203543],5.0,0.6,0.0,0.032181971281114524,-2.7371487560969707,0.4999992290403898
28.338545560836792,1.3898710721479355,[0.82137775],5.0,0.6,0.0,0.029617146991965007,-2.7277773826447764,0.4999993470305942
28.347609519958496,1.3859630978132023,[0.82239677],5.0,0.6,0.0,0.02725458870231625,-2.7183539118706763,0.4999994470502065
28.357202529907227,1.3820551234784686,[0.82340066],5.0,0.6,0.0,0.02507899107507557,-2.7102897472798033,0.49999953180519147
28.36454176902771,1.3789287440106817,[0.82437882],5.0,0.6,0.0,0.023076010437475043,-2.702804468957695,0.49999960360519274
28.373915672302246,1.375411567109422,[0.82532086],5.0,0.6,0.0,0.021232266666383108,-2.7003134335569894,0.4999996644175428
28.383829355239868,1.3715035927746884,[0.82621709],5.0,0.6,0.0,0.019535321282821115,-2.6831032239649346,0.49999971591541525
28.39210844039917,1.3677910171566916,[0.82705961],5.0,0.6,0.0,0.2940120004262065,-2.6717903214529737,0.49993565588327643
28.400633335113525,1.3642738402554317,[0.82784246],5.0,0.6,0.0,0.04966115426751501,-2.652104857506729,0.49999816414026316
28.40957999229431,1.3605612646374348,[0.82856136],5.0,0.6,0.0,-0.039883068440750964,-2.6370626912637656,0.49999881591388445
28.42324662208557,1.3548947018520714,[0.82921257],5.0,0.6,0.0,0.21395080041648948,-2.6150965249042146,0.49996592626762215
28.431451559066772,1.351572923667548,[0.82979318],5.0,0.6,0.0,0.2515182103913362,-2.594911160065913,0.49995291039013773
28.441797494888306,1.3470787531826045,[0.83030271],5.0,0.6,0.0,0.20929179418611532,-2.567700162346086,0.499967394045626
28.450639486312866,1.3433661775646077,[0.83074283],5.0,0.6,0.0,0.14688328349959126,-2.5433683407163006,0.49998394004051655
28.460540533065796,1.3392628045131378,[0.83111668],5.0,0.6,0.0,0.08807115601865537,-2.5149850893989374,0.4999942260693731
28.46880078315735,1.3359410263286144,[0.83142857],5.0,0.6,0.0,0.040534514279016096,-2.4929548036825806,0.49999877691654687
28.47694993019104,1.3326192481440908,[0.83168336],5.0,0.6,0.0,0.005174126707241013,-2.4702627784648357,0.49999998007121665
28.4846248626709,1.3291020712428308,[0.83188634],5.0,0.6,0.0,-0.01960912290437474,-2.4473353586566255,0.4999997137649003
28.49355149269104,1.325584894341571,[0.83204323],5.0,0.6,0.0,-0.03604240719165303,-2.4237309332813814,0.4999990329836144
28.50389575958252,1.321286122573364,[0.83216011],5.0,0.6,0.0,-0.04623216974366867,-2.3960147829375997,0.49999840891076885
28.513164281845093,1.3173781482386306,[0.83224339],5.0,0.6,0.0,-0.05192067737508607,-2.3701487376402683,0.4999979932812738
28.522554397583008,1.313665572620634,[0.83229961],5.0,0.6,0.0,-0.05445591634363717,-2.3453800161639915,0.49999779252467635
28.53053569793701,1.3103437944361107,[0.8323353],5.0,0.6,0.0,-0.054840636402596926,-2.322754290284364,0.49999776122383294
28.539348363876343,1.3068266175348506,[0.83235684],5.0,0.6,0.0,-0.05380170492468474,-2.299579174054621,0.4999978452454022
28.549367427825928,1.3025278457666438,[0.83237033],5.0,0.6,0.0,-0.05185613417351692,-2.2728512408850805,0.4999979982673139
28.557842016220093,1.2990106688653837,[0.83238089],5.0,0.6,0.0,-0.049366010409057144,-2.257482123385424,0.49999818589697126
28.567456007003784,1.2949072958139138,[0.83239259],5.0,0.6,0.0,-0.04658127196457272,-2.230989407947089,0.4999983847912427
28.578588247299194,1.2904131253289703,[0.83240982],5.0,0.6,0.0,-0.04367179263408415,-2.2032986491548856,0.49999858026235805
28.587862968444824,1.2867005497109734,[0.83243713],5.0,0.6,0.0,-0.04075088629943939,-2.1802372915211388,0.4999987638241471
28.596452951431274,1.2831833728097135,[0.83247851],5.0,0.6,0.0,-0.037892262037535554,-2.158787175232719,0.49999893117334726
28.60466170310974,1.2792753984749798,[0.83253661],5.0,0.6,0.0,-0.035142124068239,-2.1445418467727775,0.4999990806893498
28.61609673500061,1.2743904305565632,[0.83261361],5.0,0.6,0.0,-0.03252773941058941,-2.1062659626063014,0.4999992123847846
28.624741077423096,1.2708732536553033,[0.83271198],5.0,0.6,0.0,-0.030063467531299848,-2.095732624194289,0.4999993272022587
28.63262176513672,1.2677468741875166,[0.83283282],5.0,0.6,0.0,-0.027754982013301642,-2.0759863530865648,0.49999942655954704
28.641567945480347,1.263838899852783,[0.83297682],5.0,0.6,0.0,-0.02560221216789929,-2.053253342164207,0.49999951206558824
28.652580499649048,1.2591493306511032,[0.83314509],5.0,0.6,0.0,-0.02360138249376107,-2.027322021809794,0.499999585350275
28.6618595123291,1.2554367550331063,[0.83333902],5.0,0.6,0.0,-0.021746418602857767,-1.998095216957127,0.49999964796810836
28.67165207862854,1.2513333819816361,[0.8335594],5.0,0.6,0.0,-0.020029909610253385,-1.987102807534827,0.4999997013486216
28.679569244384766,1.2480116037971127,[0.83380488],5.0,0.6,0.0,-0.018443760888056465,-1.9685073529559818,0.4999997467756123
28.69053888320923,1.2435174333121695,[0.83407389],5.0,0.6,0.0,-0.016979631299621396,-1.9445249486404865,0.49999978538351
28.700568914413452,1.2392186615439627,[0.83436472],5.0,0.6,0.0,-0.01562922091842154,-1.9298365587595785,0.49999981816342504
28.710165977478027,1.2353106872092292,[0.83467548],5.0,0.6,0.0,-0.014384455443311708,-1.8989625900497882,0.49999984597421643
28.720540285110474,1.231207314157759,[0.83500566],5.0,0.6,0.0,0.2628007600757191,-1.8784777539755346,0.4999485911863863
28.733867645263672,1.225540751372396,[0.83535506],5.0,0.6,0.0,0.29698164076070827,-1.8430088969224923,0.49993434960153266
28.74290633201599,1.2218281757543992,[0.835723],5.0,0.6,0.0,-0.03318138106882021,-1.826401206788331,0.499999180412783
28.751497507095337,1.2181156001364022,[0.8361071],5.0,0.6,0.0,0.13454273056978244,-1.8161715450546307,0.49998652523215537
28.759543418884277,1.2144030245184054,[0.83650308],5.0,0.6,0.0,0.1530660455282582,-1.803000272442829,0.49998255958496424
28.769570112228394,1.2101042527501988,[0.83690704],5.0,0.6,0.0,0.11819048156725373,-1.7783410058926934,0.49998960158537764
28.779639720916748,1.2058054809819923,[0.83731669],5.0,0.6,0.0,0.07132854996798704,-1.754473075554558,0.49999621268317646
28.793723583221436,1.2003343169133653,[0.83773099],5.0,0.6,0.0,0.028654832393484826,-1.719623505471569,0.49999938877732736
28.80354142189026,1.196426342578632,[0.83814927],5.0,0.6,0.0,-0.004906131914673054,-1.7006359803546138,0.4999999820892713
28.81205105781555,1.1929091656773718,[0.83857019],5.0,0.6,0.0,-0.029097332869528588,-1.6833568697523538,0.4999993697625538
28.82057547569275,1.1890011913426384,[0.83899134],5.0,0.6,0.0,-0.045325973848810486,-1.6690055575419611,0.4999984706960667
28.831616163253784,1.1843116221409582,[0.83941007],5.0,0.6,0.0,-0.055363317043601805,-1.6438168100433088,0.49999771839196666
28.840426445007324,1.1811852426731717,[0.83982449],5.0,0.6,0.0,-0.060835607340286924,-1.6267455735724288,0.49999724507832577
28.854124069213867,1.1753232811710714,[0.84023416],5.0,0.6,0.0,-0.06306818815940815,-1.587933291062449,0.49999703926055233
28.863096714019775,1.171610705553075,[0.84063897],5.0,0.6,0.0,-0.06307657391316127,-1.575241832808386,0.49999703860216993
28.87204146385193,1.1678981299350781,[0.84103752],5.0,0.6,0.0,-0.06161025667565816,-1.5566250004947595,0.49999717491980517
28.880571842193604,1.1641855543170812,[0.84142779],5.0,0.6,0.0,-0.059208362270028236,-1.5415651529401144,0.4999973913085648
28.8922119140625,1.1591051876819278,[0.84180844],5.0,0.6,0.0,-0.056251071606000874,-1.5110918899510624,0.49999764638605537
28.899593353271484,1.1561742069308776,[0.84217868],5.0,0.6,0.0,-0.05300181571376929,-1.4996021206688472,0.4999979115708924
28.912761211395264,1.1505076441455144,[0.84253786],5.0,0.6,0.0,-0.04963988384899476,-1.4669015283260254,0.4999981714913127
28.92061185836792,1.1471858659609908,[0.84288542],5.0,0.6,0.0,-0.04628475876915729,-1.4532101037028555,0.49999841434576875
28.932457208633423,1.1426916954760478,[0.84322094],5.0,0.6,0.0,-0.04301388213403212,-1.4267493654529004,0.49999863894413815
28.94489359855652,1.1376113288408942,[0.84354458],5.0,0.6,0.0,-0.3159137931518961,-1.398536766261747,0.4999257440324854
28.952786445617676,1.1342895506563708,[0.84385654],5.0,0.6,0.0,-0.34606038950405266,-1.3850710724849402,0.4999109073160118
28.961586713790894,1.1305769750383738,[0.84415628],5.0,0.6,0.0,-0.288159840552913,-1.3660077910682384,0.4999382665893446
28.969504833221436,1.1274505955705874,[0.84444317],5.0,0.6,0.0,-0.20945129702814355,-1.352229350559787,0.49996745478670945
28.978562593460083,1.1237380199525906,[0.84471682],5.0,0.6,0.0,-0.13648378695612046,-1.3324185285551595,0.49998630652776616
28.988529682159424,1.1194392481843838,[0.84497721],5.0,0.6,0.0,-0.07759091112604928,-1.3098758752020296,0.4999958048672342
28.997448682785034,1.115726672566387,[0.84522466],5.0,0.6,0.0,-0.03348862299603423,-1.2904726578007388,0.49999960614384226
29.00777530670166,1.1114279007981802,[0.84545951],5.0,0.6,0.0,-0.0021264753742743746,-1.268270380812921,0.5000007138866885
29.016336917877197,1.1079107238969204,[0.84568215],5.0,0.6,0.0,0.019200056660267563,-1.2500431761436852,0.5000007903380681
29.026963710784912,1.1032211546952402,[0.845893],5.0,0.6,0.0,-0.2430256809695273,-1.225976640059963,0.4999578082621835
29.03453016281128,1.0998993765107168,[0.84609236],5.0,0.6,0.0,-0.26777769143123675,-1.2105093739114288,0.4999491650456708
29.0446720123291,1.09560060474251,[0.84628056],5.0,0.6,0.0,-0.2081469474599098,-1.1863691260649611,0.49997173826571795
29.05286979675293,1.0924742252747233,[0.84645826],5.0,0.6,0.0,-0.1301770345462383,-1.1704419900048664,0.4999929185535579
29.060524702072144,1.0893478458069366,[0.84662585],5.0,0.6,0.0,-0.059554068272071256,-1.153966873235616,0.5000049946530793
29.072492361068726,1.08446287788852,[0.84678344],5.0,0.6,0.0,-0.0040005335887215165,-1.1279081400948063,0.5000123820192245
29.080540418624878,1.0813364984207332,[0.84693149],5.0,0.6,0.0,0.036193478935633225,-1.1140576882209132,0.5000159089077508
29.093035221099854,1.0758653343521063,[0.84707051],5.0,0.6,0.0,0.06337054119795324,-1.0864539761290957,0.5000254023208551
29.100520372390747,1.0727389548843196,[0.84720079],5.0,0.6,0.0,0.08043205715165849,-1.0727384384345366,0.5000333530358332
29.10956645011902,1.0688309805495864,[0.84732237],5.0,0.6,0.0,0.09002949447699934,-1.0544837660520388,0.5000486901851091
29.12055516242981,1.0643368100646429,[0.84743518],5.0,0.6,0.0,0.09431963145844799,-1.0330022653486077,0.5000753390037045
29.13171625137329,1.0596472408629627,[0.84753922],5.0,0.6,0.0,0.09495385612517347,-1.0101578289289261,0.5001169498775463
29.141146183013916,1.0557392665282292,[0.84763457],5.0,0.6,0.0,0.09315092806636477,-0.9910265726528101,0.5001666630584561
29.15061378479004,1.0516358934767591,[0.84772139],5.0,0.6,0.0,0.08978798202432467,-0.9707228624803114,0.5002385159059729
29.158626317977905,1.048118716575499,[0.84779988],5.0,0.6,0.0,0.08548421415544646,-0.9527212664263744,0.5003215677675498
29.166836977005005,1.0449923371077126,[0.84787033],5.0,0.6,0.0,0.08066940698347452,-0.9371403019665695,0.500416771111802
29.175829887390137,1.0412797614897158,[0.84793311],5.0,0.6,0.0,0.0756368256348027,-0.9185355237209875,0.5005619284885308
29.18551516532898,1.0373717871549823,[0.84798864],5.0,0.6,0.0,0.07058266954980033,-0.8987742182636774,0.5007631600895428
29.19851541519165,1.0320960218030921,[0.84803746],5.0,0.6,0.0,0.06563486402134557,-0.8719215797279406,0.5011381807168812
29.208346128463745,1.028188047468359,[0.84808015],5.0,0.6,0.0,0.060873768054209444,-0.8520413786633502,0.5015191792375854
29.21851110458374,1.0240846744168886,[0.84811713],5.0,0.6,0.0,0.33238527526164297,-0.8330853226842944,0.5019616254470152
29.228405475616455,1.0199813013654186,[0.84814805],5.0,0.6,0.0,0.36124239134003944,-0.8190410490707852,0.502627742185814
29.238943815231323,1.0152917321637385,[0.84816923],5.0,0.6,0.0,0.026108673045187103,-0.825501586630665,0.503749543597432
29.246521949768066,1.012165352695952,[0.84817373],5.0,0.6,0.0,-0.0868296318397285,-0.8183311600676434,0.5046084323513739
29.255503177642822,1.0084527770779552,[0.84815763],5.0,0.6,0.0,0.17031757958233595,-0.8001003079359809,0.5058425030644569
29.266153812408447,1.003763207876275,[0.84811412],5.0,0.6,0.0,0.21969218645136454,-0.8547880837034298,0.5078291107041177
29.27686381340027,0.9990736386745949,[0.84801714],5.0,0.6,0.0,0.1901465331117705,-0.9355640811225497,0.5103974119958438
29.287511110305786,0.9949702656231248,[0.84782718],5.0,0.6,0.0,0.1385204717222316,-0.9661823700975372,0.513150400533111
29.298548698425293,0.9904760951381815,[0.84749759],5.0,0.6,0.0,0.08793122494386602,-1.0183981061723808,0.5167574180206723
29.308997631072998,0.985981924653238,[0.84697352],5.0,0.6,0.0,0.04623261465896132,-0.998890647720275,0.5209683032171601
29.31965446472168,0.9814877541682946,[0.84620591],5.0,0.6,0.0,0.014764733903062141,-0.9532697645851528,0.5257262885388594
29.3294198513031,0.9775797798335613,[0.84515273],5.0,0.6,0.0,-0.007607131407609925,-0.8747112559522237,0.5299751683839329
29.340692043304443,0.9732810080653544,[0.84377161],5.0,0.6,0.0,-0.022708139759019842,-0.8779003630316788,0.5349251672394868
29.350715398788452,0.9687868375804112,[0.84200571],5.0,0.6,0.0,-0.03232624290571453,-0.9411400442786511,0.5401669724160214
29.359147787094116,0.9654650593958877,[0.8398034],5.0,0.6,0.0,-0.03796349606372701,-0.8931525937153715,0.542502347246028
29.36658215522766,0.9621432812113643,[0.83716729],5.0,0.6,0.0,-0.04079227547262338,-0.8601267986089208,0.543988457141246
29.378554105758667,0.9572583132929476,[0.83410056],5.0,0.6,0.0,0.23434860873780047,-0.9405794127172322,0.5481027461845972
29.38956880569458,0.9529595415247408,[0.83056105],5.0,0.6,0.0,0.2678684136500816,-0.945648690482146,0.5499193147399872
29.39752960205078,0.9494423646234808,[0.82653588],5.0,0.6,0.0,0.21400304713128968,-0.8984283796549779,0.548708551045323
29.407323837280273,0.9453389915720106,[0.82207087],5.0,0.6,0.0,0.13966603848458387,-0.8638881147426815,0.5478679411724052
29.418497562408447,0.9410402198038039,[0.81721325],5.0,0.6,0.0,0.07118520025384555,-0.8895718309922545,0.5465743745429522
29.428494453430176,0.9369368467523338,[0.8119812],5.0,0.6,0.0,0.016747185757719614,-0.9045204775123246,0.5440342488348526
29.436543941497803,0.9336150685678104,[0.80638735],5.0,0.6,0.0,-0.023026782970573197,-0.9133804388748796,0.5392663039594809
29.445577383041382,0.929707094233077,[0.80045769],5.0,0.6,0.0,-0.05024555350766458,-0.9116354281404072,0.5353967668641806
29.45649790763855,0.9250175250313969,[0.79422197],5.0,0.6,0.0,-0.0676470371829965,-0.9287134380439304,0.5326601455003379
29.464496612548828,0.9216957468468735,[0.78772188],5.0,0.6,0.0,-0.07776930814437602,-0.8843346817507048,0.5275993699675656
29.47373127937317,0.9177877725121402,[0.78102053],5.0,0.6,0.0,-0.08269120943148497,-0.890975123288736,0.5237239422527034
29.483026027679443,0.9140751968941434,[0.77418648],5.0,0.6,0.0,-0.08401113592570703,-1.0006917896566438,0.5199598225432748
29.49445629119873,0.9091902289757265,[0.7672916],5.0,0.6,0.0,-0.08291230687160211,-1.0152574561762795,0.5178218323529808
29.502490997314453,0.9058684507912032,[0.76040941],5.0,0.6,0.0,-0.08024846836879991,-0.9935814632435703,0.5145233649956483
29.513588666915894,0.9009834828727865,[0.7536128],5.0,0.6,0.0,-0.07662384451858739,-0.9434120271181899,0.5129850005747976
29.522746086120605,0.8966847111045797,[0.74697264],5.0,0.6,0.0,-0.07245904018384272,-0.8822495915050252,0.5112984847600132
29.532088041305542,0.8929721354865829,[0.74055306],5.0,0.6,0.0,-0.06804210207444078,-0.8182425463313161,0.5095934549775599
29.540752410888672,0.8896503573020595,[0.73441238],5.0,0.6,0.0,-0.06356668990553554,-0.7610523236979323,0.5080656677071023
29.55251955986023,0.8851561868171162,[0.72860384],5.0,0.6,0.0,-0.0591599771226492,-0.6824957592022175,0.5074311265958558
29.560925006866455,0.8816390099158562,[0.72317132],5.0,0.6,0.0,-0.05490274124537421,-0.6809354890645631,0.506586439604164
29.56850290298462,0.8783172317313327,[0.71814132],5.0,0.6,0.0,-0.05084367885348709,-0.6822790806662539,0.5059071602744553
29.57733917236328,0.874604656113336,[0.71352881],5.0,0.6,0.0,-0.047009526032054993,-0.658582446060413,0.5055754577547542
29.588008403778076,0.8703058843451292,[0.70934483],5.0,0.6,0.0,-0.04341216881599681,-0.6445462339908593,0.50561708694199
29.596997022628784,0.8665933087271326,[0.70559336],5.0,0.6,0.0,-0.040053611630151476,-0.6441394281076914,0.5056032425919984
29.60600996017456,0.8628807331091358,[0.70226883],5.0,0.6,0.0,-0.03692943057974017,-0.6526585640555156,0.5057450682373317
29.613981008529663,0.8593635562078759,[0.69935655],5.0,0.6,0.0,-0.03403115987758319,-0.6729490164148092,0.5059724810143998
29.623273372650146,0.8552601831564056,[0.69683451],5.0,0.6,0.0,-0.03134792982251289,-0.6840685826340113,0.5066055201438574
29.636499643325806,0.8499844178045155,[0.69467532],5.0,0.6,0.0,-0.02886758140826446,-0.7016794064656572,0.5080324923015539
29.645213842391968,0.8458810447530456,[0.69284666],5.0,0.6,0.0,-0.026577416104265304,-0.7209404800507041,0.5092423263721688
29.6550395488739,0.8419730704183122,[0.69131319],5.0,0.6,0.0,-0.024464692176278377,-0.7376288105277861,0.5106763766078446
29.662502765655518,0.8392374883839987,[0.69003897],5.0,0.6,0.0,-0.022516945611519616,-0.7539539227635507,0.5116543962671912
29.672499895095825,0.8351341153325286,[0.68899041],5.0,0.6,0.0,-0.020722190257662955,-0.7394710714167363,0.513959158365375
29.681524515151978,0.8314215397145318,[0.68813733],5.0,0.6,0.0,-0.019069035307974137,-0.7406636446580808,0.5164720658146065
29.6909396648407,0.8273181666630619,[0.68745081],5.0,0.6,0.0,-0.017546746705026005,-0.7297703146686076,0.5199887212054135
29.699158906936646,0.8239963884785384,[0.68690445],5.0,0.6,0.0,-0.01614527093995477,-0.7120750450935759,0.5233105701958846
29.709681749343872,0.8196976167103317,[0.68647707],5.0,0.6,0.0,-0.014855234052720675,-0.6788197362589861,0.5287376129978579
29.718959093093872,0.815398844942125,[0.68615321],5.0,0.6,0.0,0.26237043499459445,-0.6361948507447029,0.5353542983613228
29.726819038391113,0.8118816680408648,[0.68592305],5.0,0.6,0.0,0.2965876955798076,-0.5900418945421111,0.541807506304619
29.734495162963867,0.8089506872898149,[0.68578036],5.0,0.6,0.0,0.24249591678217228,-0.5594691841410098,0.5480700545996868
29.745590209960938,0.8042611180881346,[0.68572141],5.0,0.6,0.0,0.1673361142733711,-0.5003576839476113,0.5601641316529876
29.755589962005615,0.8003531437534013,[0.68574726],5.0,0.6,0.0,0.09766473723495299,-0.4426771472868454,0.5722950263475871
29.766462326049805,0.7958589732684579,[0.68586356],5.0,0.6,0.0,0.041826217988488276,-0.38166821280984536,0.5889382554820616
29.77825951576233,0.7905832079165678,[0.68608246],5.0,0.6,0.0,0.0005492829920022944,-0.2818781414561501,0.6125811130440879
29.7867271900177,0.7870660310153078,[0.6864173],5.0,0.6,0.0,-0.028202795622588893,-0.27544917850990974,0.6318568943423235
29.796871185302734,0.7829626579638376,[0.6868741],5.0,0.6,0.0,-0.04712054199792992,-0.2197084148719952,0.6577706943068777
29.80582070350647,0.7794454810625776,[0.68746014],5.0,0.6,0.0,-0.05871181507692917,-0.17138100556260283,0.6841002939996392
29.813591957092285,0.7765145003115275,[0.68818176],5.0,0.6,0.0,-0.06503708008860655,-0.1697167183162485,0.7100206159825186
29.823344230651855,0.7724111272600575,[0.68903986],5.0,0.6,0.0,-0.06768444518930444,-0.11411552705309357,0.7490336465345342
29.833479642868042,0.7681123554918509,[0.69004086],5.0,0.6,0.0,-0.06783231380728921,-0.0649025158652212,0.7955127863766345
29.843870878219604,0.7636181850069071,[0.69120192],5.0,0.6,0.0,-0.06633326175464926,0.00023096378533946885,0.8503465732159576
29.853783130645752,0.7593194132387007,[0.69254369],5.0,0.6,0.0,-0.06379272199509721,0.030383987115007453,0.9099144359165972
29.86358094215393,0.7554114389039671,[0.69407691],5.0,0.6,0.0,-0.060634013084283206,0.058892200423192854,0.9712385763011389
29.872307300567627,0.751894262002707,[0.69579658],5.0,0.6,0.0,-0.057148800242812756,0.06852966612909205,1.0329144060158502
29.880509853363037,0.748963281251657,[0.6976834],5.0,0.6,0.0,0.2225035017060466,0.07218886255627026,1.0909714532964607
29.889472007751465,0.7456415030671336,[0.69971814],5.0,0.6,0.0,0.5352776269567926,0.11319428510996504,1.1556578727772973
29.89757490158081,0.7429059210328203,[0.70189346],5.0,0.6,0.0,1.0689049236682693,0.14274700666920234,1.2134843246565672
29.907798290252686,0.7391933454148236,[0.70420441],5.0,0.6,0.0,1.5594308961308547,0.1713714385970169,1.2810187488906386
29.91846489906311,0.7358715672303001,[0.70664073],5.0,0.6,0.0,2.4762418560211947,0.1927847911461275,1.3383719616488676
29.9299373626709,0.7327451877625135,[0.70919002],5.0,0.6,0.0,3.8784843165692697,0.2224952080956346,1.383893035919616
29.938624382019043,0.7305958018784101,[0.71183439],5.0,0.6,0.0,4.84802948134743,0.20195299629672858,1.4148293073326532
29.948544025421143,0.7282510172775699,[0.7145461],5.0,0.6,0.0,5.0,0.20662253267430686,1.4448638998525543
29.95799422264099,0.7262970301102033,[0.71729414],5.0,0.6,0.0,5.0,0.17787482633134835,1.4656523374921413
29.966511726379395,0.7245384416595733,[0.72004479],5.0,0.6,0.0,5.0,0.14483188996187757,1.4777016227444064
29.976472854614258,0.7227798532089431,[0.72276086],5.0,0.6,0.0,5.0,0.10607418930365918,1.4817319899471428
29.98555564880371,0.7212166634750498,[0.72540439],5.0,0.6,0.0,5.0,0.0588481694306404,1.4782308014048777
29.994893550872803,0.7198488724578932,[0.72793626],5.0,0.6,0.0,5.0,0.00724277954351134,1.46873607995586
