Bicep,Tricep
0.011167160653205378,0.030754816460717538
