Bicep,Tricep
0.001762347200677997,0.0028806186888813436
