time,qd,q,tau,position_error,jerk,jerk_d
0.0,0.0078775538558948,-0.0406429330812274,0.2426024346856115,0.0485204869371222,781.5948669468042,43111.78418446905
0.005,0.0380697875982683,-0.0406429330812274,0.3935636033974787,0.0787127206794957,976.99358368339,33971.813993836535
0.01,0.0946187680816794,-0.0406429330812274,0.6763085058145342,0.1352617011629068,1367.7910171564902,-4961.286425297454
0.015,0.172723640657325,-0.040252135647754,1.0648788815253956,0.21297577630507902,1758.588450629927,-33005.87566905651
0.02,0.2680452897833757,-0.039665939497544,1.5385549962447669,0.3077112292809197,2735.582034313616,-29647.889907721867
0.025,0.3766855928653941,-0.0381027497636507,2.0739350422181984,0.4147883426290448,1758.5884506301686,-26565.109212645944
0.03,0.4951512432919273,-0.0359533638795473,2.6555038971977694,0.5311046071714746,-3907.974334733501,-23640.000185803823
0.035,0.6203077543147536,-0.0314591933946039,3.258790673623304,0.6517669477093575,-5861.9615021002755,-20684.962962707134
0.04,0.7493715193946883,-0.0277466177766071,3.8855117278440745,0.7771181371712954,-1172.392300420015,-17736.909115084938
0.045,0.8799501248195996,-0.0242294408753471,4.520774853753547,0.9041795656949466,1172.3923004201997,-15007.166530616541
0.05,1.0100211551289515,-0.0209076626908237,5.154467498453353,1.0309288178197753,781.594866946716,-12592.358198159396
0.055,1.1378757952648473,-0.0175858845063003,5.7770693627536,1.1554616797711477,1953.9871673665798,-10502.446377181655
0.06,1.2620929839641002,-0.0142641063217769,6.381480356724308,1.2763570902858772,1758.5884506299012,-8707.954309910017
0.065,1.3814924074523374,-0.0107469294205168,6.960828391338353,1.392239336872854,-976.9935836833758,-7022.244978143855
0.07,1.495084559522953,-0.0058619615021001,7.504301101684523,1.500946521025053,-976.9935836832127,-5297.506596239349
0.075,1.6020920070721594,-0.0019539871673667,8.019739848306205,1.604045994239526,-1172.3923004197989,-3666.6862463456746
0.08,1.7019736368273657,0.0033217781845233,8.492719974442577,1.6986518586428423,-1172.3923004200676,-2370.5797919191536
0.085,1.794377087528075,0.0078159486694668,8.932225868657405,1.786561138858608,390.7974334731877,-1508.460375485789
0.09,1.879093529630993,0.0121147204376735,9.33428066467993,1.8669788091933195,-2540.183317576606,-844.517990028864
0.095,1.9559770690281637,0.0173904857895636,9.692291540225671,1.9385865832386,-1953.98716736678,35.46828785404068
0.1,2.024935777558349,0.0209076626908237,10.019476802625777,2.004028114867525,3712.5756179965942,1062.673661507135
0.105,2.0860474335823977,0.0242294408753471,10.1,2.061817992707051,2540.1833175769034,1766.7802175959005
0.11,2.1395358488972875,0.0277466177766071,10.1,2.1117892311206803,-2344.78460083999,2125.9879306862094
0.115,2.185650854852284,0.0320453895448139,10.1,2.15360546530747,-1172.392300420107,2512.982536993277
0.12,2.224660523865405,0.0351717690126006,10.1,2.189488754852804,3126.379467786694,2947.818588935472
0.125,2.256913320768508,0.038493547197124,10.1,2.218419773571384,1953.987167366604,3142.3114800390103
0.13,2.282822784999694,0.0420107240983841,10.1,2.24081206090131,-2735.582034313281,3095.1652062987014
0.135,2.302782649920006,0.0467002933000641,10.1,2.2560823566199417,-1758.588450629881,3053.022017837411
0.14,2.317164943780194,0.0502174702013242,10.1,2.26694747357887,1953.9871673666776,3086.213250566285
0.145,2.326354007513076,0.0539300458193209,10.1,2.272423961693755,586.196150209992,3113.576246930221
0.15,2.3307400222247425,0.058033418870791,10.1,2.2727066033539516,-1367.7910171567748,3101.9389869729785
0.155,2.330713606798285,0.0621367919222611,10.1,2.268576814876024,-976.9935836833872,3057.8519868873827
0.16,2.3266615965802693,0.0660447662569945,10.1,2.2606168303232748,-586.1961502098875,2985.586351389593
0.165,2.318963386762606,0.0699527405917279,10.1,2.2490106461708783,781.5948669467282,2889.1374895931312
0.17,2.307987518833662,0.0732745187762513,10.1,2.2347130000574107,2149.3858841031533,2773.273747499985
0.175,2.2940889337574277,0.0767916956775114,10.1,2.2172972380799165,195.39871673666292,2642.5553905162124
0.18,2.277606926474514,0.0805042712955081,10.1,2.197102655179006,-2930.980751049755,2500.8551703646963
0.185,2.258863521530251,0.0848030430637148,10.1,2.174060478466536,-390.7974334734018,2351.1722099851786
0.19,2.238162374893341,0.0879294225315016,10.1,2.150232952361839,3907.9743347332237,2195.57241346706
0.195,2.21578800525144,0.0910558019992883,10.1,2.124732203252152,390.79743347333783,2036.5913679949963
0.2,2.192005036300128,0.0951591750507584,10.1,2.0968458612493697,-3321.7781845233753,1877.6741319825842
0.205,2.167057957334462,0.0994579468189651,10.1,2.067600010515497,-781.5948669465565,1754.7102412152226
0.21,2.141171502062871,0.1025843262867518,10.1,2.0385871757761196,781.5948669467226,1729.3176775280003
0.215,2.1145510519112998,0.1066876993382219,10.038562786820163,2.007863352573078,1367.7910171565318,1717.4518549884954
0.22,2.0874164824227845,0.1094232813725353,9.889211003317245,1.9779932010502492,586.1961502099598,1548.0464653398926
0.225,2.0599966066594813,0.1135266544240054,9.731595088692186,1.9464699522354758,1.9190338207408786e-10,1282.5713915773906
0.23,2.032457429234857,0.1170438313252654,9.576313580621813,1.9154135979095916,976.9935836833932,1012.8306877618354
0.235,2.004942668044346,0.1205610082265255,9.42115295085036,1.8843816598178202,-2540.1833175769702,679.4015616509364
0.24,1.9775769138906665,0.1254459761449423,9.259898589039809,1.8521309377457242,-2540.1833175767842,422.22957864538523
0.245,1.950402066753656,0.1287677543294657,9.107416011431908,1.8216343124241903,1953.987167366972,423.8968116757744
0.25,1.923454337951863,0.132089532513989,8.956068915700145,1.791364805437874,1563.1897338934282,575.5368982755721
0.255,1.8967970323660568,0.1356067094152491,8.805196854624667,1.7611903229508077,195.39871673652254,660.485543246238
0.26,1.8705135982301224,0.1389284875997725,8.657171074110261,1.73158511063035,-195.39871673661207,537.0075764921007
0.265,1.844703101779824,0.1426410632177692,8.509555938639092,1.7020620385620548,195.39871673668313,272.81912915270254
0.27,1.8194151802686915,0.1461582401190293,8.365530626473372,1.6732569401496622,1953.987167366634,77.85192102175552
0.275,1.7946572825714495,0.1496754170202894,8.224155397397858,1.64498186555116,-390.797433473281,4.9756513360080135
0.28,1.7704319031967228,0.1539741887884961,8.081534756816788,1.6164577144082268,-4103.373051470131,-25.925547222107525
0.285,1.7467374266619553,0.1586637579901762,7.939614620241429,1.5880736686717791,-976.9935836835105,-52.64309283035709
0.29,1.7235687426655526,0.1619855361746996,7.807162383022301,1.561583206490853,3517.1769012600007,-75.80325792931171
0.295,1.700917608504119,0.1655027130759597,7.676320886657235,1.5354148954281595,1758.5884506300572,-94.86907279609204
0.3,1.6787730555823497,0.1692152886939564,7.547035291117125,1.5095577668883933,-1953.9871673666169,-109.53292060918875
0.305,1.6571220248400116,0.1737094591788998,7.416309322707694,1.4834125656611117,-1953.9871673666153,-94.42446620197984
0.31,1.6359499728743188,0.1774220347968965,7.291886214970828,1.4585279380774223,195.39871673672013,-2.644202216396252
0.315,1.6152411427490234,0.1813300091316299,7.16880221681595,1.4339111336173935,1953.987167366722,74.11912231788165
0.32,1.5950050700752574,0.1846517873161533,7.051012981840715,1.410353282759104,390.7974334733293,-45.76058821669449
0.325,1.5752723180289387,0.1885597616508867,6.932809365388425,1.386712556378052,-2344.7846008402303,-226.49273429408345
0.33,1.556012466307484,0.1928585334190935,6.815016260302492,1.3631539328883904,586.1961502100836,-194.9481098182614
0.335,1.5371697900915402,0.1957895141701435,6.706147985357425,1.3413802759213966,2149.385884103611,-85.56469909507314
0.34,1.5187456688367038,0.1996974885048769,6.594487515321495,1.3190481803318268,586.1961502097238,-142.69055235443625
0.345,1.5007386108270102,0.2036054628396104,6.484912359928897,1.2971331479873998,1172.3923004198236,-311.6507662372221
0.35,1.4831191129638226,0.2073180384576071,6.378251997586604,1.2758010745062154,-3126.3794677865253,-422.0995500614431
0.355,1.4658360896829938,0.2125938038094972,6.2654580584739135,1.2532422858734966,-5275.765351889942,-341.00027878082494
0.36,1.448821147922602,0.2168925755777039,6.158890644231474,1.2319285723448983,1563.1897338933927,-80.8009562805978
0.365,1.4320401271094296,0.2196281576120173,6.0613085527144905,1.2124119694974123,4103.373051469952,158.38580050683493
0.37,1.4155107734342622,0.2231453345132774,5.961076638008708,1.1923654389209848,2344.7846008399474,214.08499900104493
0.375,1.399269922150037,0.2262717139810641,5.8642410747897324,1.172998208168973,-195.39871673664902,96.20705391455408
0.38,1.3833463752993096,0.2301796883157975,5.765083941295296,1.153166686983512,-3517.176901259974,-50.158172326746126
0.385,1.3677395598038176,0.2348692575174776,5.663602395755729,1.13287030228634,-781.5948669465165,-83.02029933788026
0.39,1.3524241605716585,0.2378002382685276,5.572370798196717,1.114623922303131,1367.791017156674,-63.03069306711109
0.395,1.337398881898444,0.2419036113199977,5.476727781458923,1.0954952705784462,-195.39871673682666,-110.34223916595352
0.4,1.3226611089519715,0.2452253895045211,5.386430219312446,1.0774357194474504,976.9935836833886,-190.87908557679032
0.405,1.308184857740849,0.2487425664057812,5.296464383717167,1.0594422913350678,976.9935836834144,-251.0289889011018
0.41,1.2939468782010823,0.2522597433070412,5.207689645485341,1.041687134894041,-1563.1897338935742,-212.22817606528292
0.415,1.2799066082454569,0.2563631163585114,5.116972265628507,1.0235434918869455,-976.9935836835293,8.881868659062775
0.42,1.26603043933009,0.2598802932597714,5.0300062046882905,1.0061501460703186,2149.3858841036536,220.01981824232053
0.425,1.252351905236201,0.2632020714442948,4.945005177810563,0.9891498337919062,1367.791017156921,181.56514666927126
0.43,1.238920674207654,0.2671100457790282,4.858309578605626,0.9718106284286258,-2540.1833175769134,31.722370721638526
0.435,1.2257407685313244,0.271408817547235,4.770916533472117,0.9543319509840894,-2735.5820343136675,18.70870528449575
0.44,1.212799147980443,0.2753167918819684,4.686668832715382,0.9374823560984746,976.9935836834143,99.79270073642658
0.445,1.2001049205015486,0.2784431713497551,4.607566016919048,0.9216617491517936,2735.5820343137757,93.62511204798511
0.45,1.1876845693537417,0.2817649495342784,4.528855545407053,0.9059196198194632,976.9935836834497,-8.81467426651443
0.455,1.17554415384761,0.2852821264355385,4.45056772348982,0.8902620274120714,-781.594866946805,-90.95982339601665
0.46,1.163670563439598,0.2891901007702719,4.371660011871873,0.8744804626693261,-976.9935836835591,-117.11981826635724
0.465,1.1520496538952418,0.2929026763882687,4.2949915255769,0.8591469775069731,-586.1961502102649,-107.59219014075563
0.47,1.1406661704146162,0.2968106507230021,4.2185333881135385,0.843855519691614,781.5948669468673,-66.41154116295604
0.475,1.1295043008261785,0.3003278276242621,4.145137476955796,0.8291764732019165,781.594866946805,-46.6505083559922
0.48,1.1185637980886551,0.3040404032422589,4.0718726923706265,0.8145233948463962,-1758.5884506300388,-77.42692022460733
0.485,1.1078416830992563,0.3083391750104656,3.996767594176711,0.7995025080887908,-195.3987167365396,-87.42972260520503
0.49,1.097316795953359,0.311660953194989,3.927533735999896,0.78565584275837,1758.5884506299335,-79.53411449477687
0.495,1.0869843737942508,0.3151781300962491,3.858285315478287,0.7718062436980018,-1367.7910171567805,-119.60055096281496
0.5,1.0768377342861226,0.3194769018644558,3.7860590690806286,0.7573608324216667,-976.9935836834511,-152.10673434694388
0.505,1.0668528387966674,0.3226032813322426,3.720503342281632,0.7442495574644248,2344.7846008399815,-98.19040116113331
0.51,1.0570070125359832,0.3261204582335026,3.6536888448616818,0.7308865543024805,1758.5884506301468,-33.86943317934765
0.515,1.0472949713721589,0.3296376351347627,3.5875420190882443,0.7176573362373961,-1563.189733893249,-86.41985399918889
0.52,1.0377264403017794,0.3339364069029694,3.5182049165369023,0.7037900333988101,-2344.7846008397682,-172.64907638946158
0.525,1.0282769020875462,0.3380397799544394,3.450439889521656,0.6902371221331067,976.9935836832351,-126.3784623544949
0.53,1.0189095977295124,0.3413615581389629,3.3869941002594857,0.6775480395905495,1367.7910171563171,-28.422270899144962
0.535,1.0096259818664397,0.345464931190433,3.320058854447265,0.6641610506760067,-1563.189733893107,-13.043482662172323
0.54,1.0004301063568273,0.3493729055251663,3.2545393642339304,0.651057200831661,-586.1961502100124,-23.04557200431816
0.545,0.9913137884379404,0.3532808798598998,3.189417710172544,0.6380329085780405,2930.9807510496403,-3.90613952461365
0.55,0.9822749227010622,0.3564072593276865,3.1285913299145927,0.6258676633733757,781.5948669469458,13.120503023174024
0.555,0.9733172762300438,0.3609014298126299,3.061332121747081,0.6124158464174139,-3907.974334732949,51.64142440875702
0.56,0.9644401406226925,0.3653956002975733,2.9944754925754453,0.5990445403251192,-2344.7846008403385,153.627555767457
0.5650000000000001,0.9556495657457732,0.3691081759155701,2.9319596611327365,0.5865413898302031,976.993583682953,259.8377759889556
0.5700000000000001,0.9469774015461266,0.3724299541000935,2.871989886037383,0.5745474474460331,2149.3858841037927,288.34708782555055
0.5750000000000001,0.938464284540896,0.3755563335678801,2.8137923531326945,0.5629079509730159,2540.1833175770253,243.24065076301224
0.58,0.930146543247354,0.3784873143189302,2.757548702478052,0.5516592289284239,-586.1961502104839,186.08458695268212
0.585,0.922049779703238,0.3823952886536637,2.697523830578626,0.5396544910495743,-1172.3923004201847,165.2001312376541
0.59,0.9141908063771372,0.3861078642716604,2.639665139853996,0.5280829421054769,2540.183317577199,159.3941137629398
0.595,0.9065921358197514,0.3890388450227104,2.5870161265085034,0.517553290797041,-1367.791017156674,131.04496584887488
0.6,0.8992753910667142,0.3941192116578639,2.525029964124899,0.5051561794088503,-4884.967918417111,111.12745841402034
0.605,0.8922507470041994,0.3980271859925973,2.470366387784537,0.4942235610116021,586.1961502100835,120.91578064086957
0.61,0.8855313422819338,0.401153565460384,2.421137079350979,0.48437777682154975,3517.176901260224,116.55643254854772
0.615,0.879136740714996,0.4044753436449074,2.372554870607036,0.47466139707008864,1367.7910171566027,84.47500002034894
0.62,0.8730795758034366,0.4077971218294308,2.325661057297145,0.46528245397400586,-1563.189733893465,58.16221347828309
0.625,0.8673666733846898,0.4119004948809009,2.276580401682477,0.45546617850378884,-1758.5884506300388,43.72014749165328
0.63,0.8620045666312435,0.4154176717821609,2.232183410638248,0.4465868948490826,976.9935836835223,22.98571672568528
0.635,0.856998707226759,0.4187394499666843,2.1905447644766496,0.4382592572600747,1172.3923004202395,-3.845351457698598
0.64,0.8523500349128456,0.4222566268679443,2.149715151827536,0.43009340804490126,-586.196150210156,-24.530620517422904
0.645,0.8480558279579293,0.4259692024859411,2.109680945704374,0.4220866254719882,-976.9935836836644,-38.56339453889723
0.65,0.8441121352967855,0.4294863793872012,2.0723763632854766,0.41462575590958434,586.1961502100849,-52.48579356390542
0.655,0.8405135049576833,0.4330035562884612,2.0367971393981628,0.4075099486692221,1563.1897338936058,-66.97111485934147
0.66,0.8372523043885242,0.4361299357562479,2.004859089065032,0.40112236863227624,390.7974334733649,-79.2502193981179
0.665,0.8343192524324571,0.4404287075244547,1.968699850324941,0.3938905449080024,-195.39871673685934,-85.46202421442285
0.67,0.8317035710732025,0.4437504857089781,1.939012456511074,0.38795308536422435,-2344.784600840124,-82.70204563899665
0.675,0.8293938201628527,0.4486354536273949,1.9030387854912596,0.3807583665354578,-2540.1833175766305,-76.34308676529054
0.68,0.8273804733266057,0.4521526305286549,1.8753861053029388,0.3752278427979508,2149.3858841032643,-70.92390909264077
0.685,0.8256545061032308,0.4552790099964417,1.8511243226465024,0.37037549610678905,1758.588450630111,-64.83695169706084
0.6900000000000001,0.8242066680619687,0.4587961868977017,1.826299208573389,0.36541048116426705,-1172.3923004196727,-66.05371285530737
0.6950000000000001,0.8230303863444991,0.4625087625156984,1.8018548904076557,0.3605216238288007,390.7974334733776,-77.06515826028567
0.7000000000000001,0.8221173183275946,0.4654397432667485,1.7826346213771609,0.35667757506084613,781.5948669464465,-79.15435934107893
0.705,0.8214554071738019,0.4691523188847452,1.7607621673656366,0.35230308828905676,-976.9935836836024,-71.1465337404718
0.71,0.8210353589652228,0.4724740970692687,1.742053019278062,0.34856126189595416,-586.1961502101005,-77.03315449093066
0.715,0.8208504142317986,0.4759912739705287,1.7235423982069908,0.3448591402612699,1367.7910171567464,-94.58615019156014
0.72,0.820889643441113,0.4789222547215788,1.7090836301801933,0.34196738871953425,781.5948669468036,-95.84379669234954
0.725,0.821138374363998,0.4824394316228388,1.692741392033822,0.33869894274115914,-1563.1897338931099,-83.46431813492904
0.73,0.8215855856050736,0.4861520072408355,1.6764145635456196,0.33543357836423804,-7.105427357601002e-11,-87.11754531873328
0.735,0.8222234437737076,0.4892783867086223,1.6639719517669789,0.3329450570650853,1563.1897338931808,-103.74401988144643
0.74,0.8230397211389696,0.4926001648931457,1.6514444434443705,0.33043955624582394,-976.9935836832381,-105.8893504564652
0.745,0.8240185049156089,0.496508139227879,1.6367984872728585,0.3275103656877299,-1367.7910171567464,-99.80102103938259
0.75,0.8251483060229197,0.4998299174124025,1.625838599181962,0.32531838861051715,976.9935836833091,-101.34740816482645
0.755,0.8264176684392455,0.5031516955969259,1.615575368017276,0.3232659728423196,976.9935836835223,-93.88292131376369
0.76,0.8278115392358844,0.5064734737814492,1.6059349092188944,0.3213380654544351,-390.7974334734373,-75.40446317634058
0.765,0.8293195869364522,0.510186049399446,1.594912682304415,0.31913353753700624,195.39871673650407,-74.87357366471764
0.77,0.8309355378565499,0.5135078275839694,1.5863838761204183,0.31742771027258054,1172.3923004200972,-85.75839740558376
0.775,0.8326488559440531,0.5172204032019662,1.5763867024186242,0.315428452742087,-976.9935836832351,-71.52119807940977
0.78,0.8344454283112517,0.5211283775366995,1.5658289837414892,0.3133170507745522,-2344.7846008399815,-47.2711577245384
0.785,0.8363197170646425,0.5254271493049063,1.55370600159584,0.31089256775973617,976.9935836832351,-52.74715579659454
0.79,0.8382696894019102,0.5283581300559563,1.5488016560295053,0.3099115593459538,781.594866946589,-67.90572898623205
0.795,0.8402848991404956,0.5324615031074265,1.5383613966671437,0.3078233960330692,-1758.5884506298255,-64.25680787614846
0.8,0.8423555739727286,0.5361740787254231,1.5301511883401424,0.30618149524730554,2149.3858841033352,-59.95282712575539
0.805,0.8444764964426263,0.5391050594764732,1.526100333415834,0.3053714369661531,2344.7846008397682,-59.172166907899225
0.81,0.8466388252158313,0.54281763509447,1.5183486483770383,0.30382119012136133,-3712.5756179965856,-53.95192676630241
0.8150000000000001,0.8488345561439091,0.5475072042961501,1.5058802465169892,0.30132735184775905,-2344.784600839839,-60.31470602238183
0.8200000000000001,0.85106027096431,0.5506335837639368,1.5013775548864303,0.30042668720037324,1953.9871673666876,-65.31205952342128
0.8250000000000001,0.8533051263175774,0.5539553619484602,1.495992295855414,0.2993497643691172,1367.791017156475,-46.499231717546465
0.8300000000000001,0.8555595965121425,0.5572771401329836,1.4906552400058335,0.29828245637915896,195.3987167364479,-34.04124406543514
0.835,0.8578228949041077,0.5604035196007703,1.4863405720667269,0.2974193753033374,390.79743347370294,-45.91292772232788
0.84,0.8600903026276111,0.5641160952187669,1.4791153225462614,0.29597420740884417,976.9935836835051,-52.158013812118
0.845,0.8623538206594349,0.5670470759698171,1.4757784809117305,0.2953067446896178,-195.39871673700435,-35.24094826104826
0.85,0.8646064763829935,0.5715412464547605,1.4645712846740868,0.29306522992823303,-390.7974334733648,-6.5074301711831595
0.855,0.8668457455697467,0.5748630246392838,1.4591590417406604,0.29198272093046285,-586.1961502097993,17.580279203173163
0.86,0.8690728768300289,0.5793571951242272,1.447824087261694,0.28971568170580164,-2149.3858841032643,20.536420974082134
0.865,0.8712921622048719,0.5834605681756972,1.4384038421940306,0.2878315940291747,195.3987167366476,-0.8169963525972435
0.87,0.87350708424792,0.5869777450769574,1.4318927225553475,0.28652933917096257,1172.3923004199553,-21.819016137811765
0.875,0.8757136069857847,0.5906903206949541,1.4243614317167574,0.2850232862908306,-586.1961502102967,-28.68313553292976
0.88,0.8779082816403148,0.5945982950296876,1.4157941121653956,0.2833099866106271,781.59486694666,-30.733415648285217
0.885,0.8800882608963473,0.5977246744974742,1.4110614541863502,0.28236358639887305,976.9935836835919,-22.438347229893886
0.89,0.8822477858716798,0.6016326488322077,1.4023186818531257,0.28061513703947216,-586.1961502100835,-2.344175465935905
0.895,0.8843853905209113,0.6053452244502044,1.3944434065803224,0.2790401660707068,586.1961502101545,10.457431146164694
0.9,0.8865031585947855,0.6090578000682011,1.3864690325165292,0.27744535852658436,781.5948669467325,10.141649661505866
0.905,0.8886026516840106,0.6129657744029345,1.3774275073742754,0.2756368772810761,-1563.189733893677,5.606861975735455
0.91,0.8906848572407778,0.617459944887878,1.3653683876016236,0.2732249123528998,-1367.7910171566755,1.12705503212851
0.915,0.892750186035307,0.6213679192226114,1.3561557237951862,0.2713822668126956,586.196150210156,-2.9465096170611105
0.92,0.8947984886716326,0.6252758935573448,1.3468578164188143,0.2695225951142878,586.196150210156,-6.106430976018373
0.925,0.8968291206298326,0.6291838678920781,1.337471465428681,0.2676452527377544,976.9935836836644,-7.897242351191366
0.93,0.8988411063777328,0.6330918422268116,1.327992961368374,0.26574926415092126,1758.5884506298412,-5.559610794137612
0.935,0.9008333490366112,0.636999816561545,1.3184154540881858,0.26383353247506613,-5.803713065688498e-10,8.141240351448047
0.94,0.9028048131167272,0.6418847844799619,1.3038488557759509,0.26092002863676533,-2540.1833175767915,28.32427388099825
0.945,0.9047573116448488,0.6465743536816418,1.290164239111575,0.258182957963207,-3321.7781845233135,26.931029235016958
0.95,0.9066977501289673,0.6516547203167954,1.2744651877191326,0.25504302981217186,195.3987167369304,-3.4124098452536984
0.955,0.9086293327284264,0.6553672959347919,1.2655606941166322,0.25326203679363446,3321.778184523787,-26.0948166688024
0.96,0.910546848443688,0.6590798715527887,1.256585771795105,0.25146697689089936,-586.1961502102965,-23.413213019409064
0.965,0.9124459998774987,0.6635740420377321,1.2436109782931613,0.24887195783976668,-2540.1833175771976,-20.33917176262817
0.97,0.9143260132442206,0.6674820163724656,1.2334714148560773,0.24684399687175496,1367.791017157029,-24.825782995208797
0.975,0.9161838998790462,0.6706083958402522,1.227129143813653,0.24557550403879402,2344.7846008403367,-17.160100764358063
0.98,0.9180149053588024,0.674320971458249,1.2177214476203544,0.24369393390055338,-2.842170943040401e-10,3.1940101406746635
0.985,0.919818206950074,0.6778381483595091,1.209152194668735,0.24198005859056493,-1563.189733893178,17.904368002490386
0.99,0.9215963646866692,0.6819415214109791,1.1975262169730188,0.2396548432756901,-390.797433473011,19.341167091369
0.995,0.9233521151007223,0.6852632995955026,1.1896961572235951,0.23808881550521976,2540.183317576244,11.990043460911437
1.0,0.9250882955958232,0.6887804764967627,1.18079123847514,0.2363078190990605,1367.7910171560627,11.35355983166184
1.005,0.9268049654980828,0.6924930521147594,1.170811760522328,0.23431191338332336,-3126.379467786357,24.791507283056113
1.01,0.9285026881297256,0.6973780200331761,1.1548755745891564,0.23112466809654952,-1758.5884506293282,27.014091562164957
1.015,0.930188111701987,0.7008951969344361,1.1457168403447224,0.22929291476755087,1758.5884506298992,8.541296706140649
1.02,0.9318643337956592,0.7046077725524329,1.1355350986435468,0.22725656124322635,-195.39871673700304,1.759123062612609
1.025,0.9335285678039972,0.7087111456039029,1.1233394241642447,0.22481742220009426,-586.196150209873,16.38192513098699
1.03,0.9351817738903304,0.712228322505163,1.1140195866786962,0.22295345138516742,1953.9871673666157,28.562437626788373
1.035,0.936828092927176,0.7157454994064231,1.1046653106278923,0.22108259352075288,390.7974334730113,29.792895840756042
1.04,0.93847139033887,0.7196534737411566,1.09334193662971,0.21881791659771332,-1953.9871673663324,27.56738489637193
1.045,0.9401152495091502,0.7239522455093631,1.0800673821336904,0.21616300399978705,-586.196150209445,22.178701760680212
1.05,0.9417629760371188,0.7272740236938866,1.0716959804859745,0.21448895234323218,195.3987167364353,7.773608305257339
1.055,0.9434176049348162,0.7313773967453567,1.0594513450251564,0.21204020818945946,781.5948669461645,-7.676411732546498
1.06,0.9450787096868376,0.7345037762131434,1.0521242396927668,0.21057493347369416,1367.7910171564604,-4.417361618748899
1.065,0.9467429328124792,0.7382163518311402,1.04188189182814,0.20852658098133903,-195.39871673643512,15.109282381473786
1.07,0.9484109148762936,0.7421243261658735,1.030681462151266,0.20628658871042005,-195.39871673629295,29.38886868193376
1.075,0.9500868157805205,0.7458369017838703,1.020497713924591,0.20424991399665016,-390.79743347329565,32.711660815465365
1.08,0.9517747008878684,0.7499402748353403,1.0084199744777214,0.2018344260525281,-1758.588450630181,29.042273976359027
1.085,0.953478642707622,0.7540436478868106,0.9964225785381308,0.1994349948208114,-195.39871673671857,14.544569312277858
1.09,0.9552027793823776,0.7575608247880705,0.987457185580804,0.1976419545943071,1172.3923004200274,-1.9272081189572106
1.095,0.9569474558677598,0.7610780016893307,0.9785945300415682,0.19586945417842905,390.7974334731534,2.8238327786314414
1.1,0.9587096949291334,0.7647905773073274,0.9688427244905772,0.19391911762180603,586.1961502097287,21.500178095408614
1.105,0.9604913280528152,0.7681123554918509,0.9611419009720682,0.19237897256096437,195.3987167368615,20.347359493939308
1.11,0.9622982713609144,0.7720203298265842,0.9506366672674568,0.1902779415343302,-1172.392300419458,2.605885776602051
1.115,0.9641317594408836,0.7757329054445808,0.9412411667201666,0.18839885399630274,-586.1961502100146,3.592641240430382
1.12,0.9659888560372144,0.7794454810625776,0.9319637213261148,0.1865433749746368,1758.588450629832,24.65759728949429
1.125,0.9678713559177416,0.782767259247101,0.924767289577557,0.18510409667064065,1367.7910171565352,37.59562726543288
1.13,0.969785041599274,0.7864798348650976,0.9157728077123742,0.18330520673417638,-1953.9871673667317,34.80057721773463
1.135,0.9717347750806788,0.7909740053500411,0.9030505969483902,0.1807607697306377,-1172.3923004195995,26.657190920644553
1.14,0.9737244236743586,0.7944911822513011,0.8954129348134581,0.17923324142305752,976.9935836833091,17.801435916169538
1.145,0.9757568175069128,0.7983991565860346,0.8860338656651037,0.17735766092087824,976.9935836830234,11.528995939471486
1.15,0.977833659453389,0.802307130920768,0.876877270413852,0.17552652853262096,390.79743347372073,7.004658432237079
1.155,0.9799552846323598,0.8060197065387646,0.8689217715707503,0.17393557809359517,-2540.183317576629,-18.340963575269882
1.16,0.9821242779323044,0.8109046744571815,0.8553413011600107,0.17121960347512288,-2149.3858841039028,-66.7411077547799
1.165,0.984337181115452,0.814226452641705,0.8497964482984286,0.17011072847374697,1758.5884506300397,-86.17228827475323
1.17,0.9865779381475296,0.817743629542965,0.8434139666687548,0.1688343086045646,1953.9871673670423,-57.594631544616924
1.175,0.9888357658484346,0.8208700090107517,0.8390709020073366,0.1679657568376829,586.1961502101558,-31.561969321102417
1.18,0.99110846781079,0.8245825846287484,0.8318712890675226,0.16652588318204153,-195.39871673686173,-38.59518007772086
1.185,0.9933934441997632,0.8279043628132718,0.8266870843604849,0.16548908138649132,-1172.3923004201688,-54.86477349933257
1.19,0.9956843049527644,0.8320077358647419,0.8176243662847115,0.16367656908802253,390.7974334734387,-49.971986111501515
1.195,0.9979716209893598,0.8351341153325286,0.8134289238620122,0.1628375056568312,1758.5884506298962,-27.501518576115696
1.2,1.0002505847999534,0.8388466909505254,0.8062607646116017,0.161403893849428,-195.39871673672047,-11.619005876183909
1.205,1.002520324231113,0.8429500640019953,0.797092516339334,0.15957026022911758,-586.1961502101539,-8.343305492389419
1.21,1.0047798058337811,0.8468580383367289,0.7888499885424347,0.15792176749705222,1.4381384971784428e-10,-8.66374378688235
1.215,1.0070279349191464,0.8511568101049355,0.7785967238189704,0.15587112481421095,-1367.791017156035,-11.942716702577052
1.22,1.0092636247487548,0.8554555818731422,0.768281273078572,0.15380804287561256,-1367.7910171566036,-24.71414722052242
1.225,1.0114857893096736,0.859754353641349,0.7578982042042071,0.1517314356683246,390.797433472868,-40.6195538370471
1.23,1.013690098828172,0.8632715305426091,0.751333841020059,0.150418568285563,195.3987167362917,-42.526365068482065
1.235,1.0158691732554737,0.8673749035940792,0.7417123268829442,0.14849426966139445,-195.3987167367182,-34.530711296412704
1.24,1.018018608518196,0.8706966817786026,0.7358494453010889,0.14732192673959332,976.9935836837349,-37.085259106107
1.245,1.0201355603914783,0.8742138586798627,0.7288473865829209,0.14592170171161567,976.993583683884,-53.475177351036905
1.25,1.02221462310753,0.877535636864386,0.7226342125377708,0.14467898624314401,-4.263256414560601e-10,-73.11730161603703
1.255,1.0242478654585814,0.8812482124823828,0.7142378688408101,0.14299965297619854,-781.5948669474499,-87.38627875160498
1.26,1.0262246674188231,0.8847653893836429,0.7065351020860997,0.1414592780351802,-1172.3923004196006,-91.99495583345643
1.265,1.0281329711551668,0.8884779650016396,0.6975130290381397,0.13965500615352722,195.3987167371439,-89.04457566401902
1.27,1.0299613551733235,0.8916043444694263,0.691022480878234,0.13835701070389728,1758.5884506297562,-81.82684991424952
1.275,1.0316988825254012,0.8947307239372131,0.6840777635702834,0.13696815858818812,195.39871673657646,-70.01219208532945
1.28,1.0333356417953676,0.8982479008384732,0.6746753100302914,0.13508774095689446,-1563.1897338933213,-54.12192442577208
1.285,1.0348637727193704,0.9017650777397332,0.6647297878371855,0.1330986949796371,195.3987167367187,-36.410955750056246
1.29,1.0362775150928698,0.9048914572075198,0.6561663685202944,0.13138605788534996,1953.9871673664738,-18.334471531033955
1.295,1.0375735198126483,0.9080178366753068,0.6470143077038888,0.12955568313734156,1367.7910171566032,0.7106944745770534
1.3,1.03875056411008,0.9117304122933032,0.6343365014399728,0.12702015181677684,-586.1961502094451,22.001922657039756
1.305,1.0398097893337042,0.9154429879113,0.6210696297392364,0.1243668014224042,-3517.176901259938,42.62344340432389
1.31,1.040755499541473,0.92013255711298,0.6023502389865816,0.12062294242849292,-2149.3858841036185,57.09181110361817
1.315,1.041594583205195,0.9234543352975034,0.5899366897560963,0.11814024790769151,1953.987167366617,66.31954574601173
1.32,1.0423349448304529,0.9265807147652902,0.5780065392422687,0.11575423006516261,1758.5884506300404,79.22783852151815
1.325,1.0429849932382242,0.9299024929498136,0.5646478413175623,0.1130825002884106,390.79743347343725,102.8630151691342
1.33,1.0435552195227658,0.9330288724176004,0.5518670361685792,0.1105263471051654,195.3987167364343,135.42877699052227
1.335,1.0440602472713136,0.9365460493188604,0.5368062590188125,0.1075141979524532,390.7974334730093,172.3940937978338
1.34,1.0445191866335806,0.939867827503384,0.5224920397985651,0.10465135913019652,-195.39871673600882,206.073314370627
1.345,1.0449557740814537,0.9435804031213804,0.5061120788607751,0.10137537096007332,-1563.189733893179,221.84812203633413
1.35,1.0453992402566956,0.947488377456114,0.4887895219935803,0.09791086280058159,976.993583682598,229.4038982974194
1.355,1.0458776469830149,0.9508101556406374,0.4745726518467693,0.09506749134237746,1953.9871673670432,266.0808969687872
1.36,1.0464172285141469,0.9543273325418974,0.4596846647114986,0.09208989597224948,-3126.3794677865003,329.88020110380444
1.365,1.0470552698742948,0.9592123004603142,0.4384500236924482,0.08784296941398051,-2540.1833175770553,377.6801503246923
1.37,1.047839232302903,0.9623386799281008,0.4267379319143925,0.08550055237480225,2735.5820343135238,379.5840573383447
1.375,1.048818522956397,0.9656604581126244,0.4150266391533466,0.08315806484377275,1953.9871673666075,321.7152540067044
1.38,1.0500429317732891,0.9689822362971476,0.4045407082304689,0.08106069547614148,-1563.1897338936046,244.33187371100075
1.385,1.05154699028666,0.9728902106318812,0.3925218618558815,0.07865677965477891,-1367.791017156319,219.1735753946491
1.39,1.0533500421793116,0.9762119888164044,0.3849276664224695,0.07713805336290724,1367.7910171571716,210.47939120279534
1.395,1.0554850037387948,0.9793383682841912,0.3799701257017095,0.07614663545460365,781.594866946306,149.62830262035686
1.4,1.0579797370963653,0.9826601464687146,0.3758345406235517,0.0753195906276507,-1172.392300420596,79.05249096282341
1.405,1.060843042704004,0.9863727220867116,0.3715879018170465,0.07447032061729253,781.594866946731,64.24710677705889
1.41,1.0640816448270705,0.9891083041210248,0.3741027712570396,0.07497334070604567,1367.7910171573144,100.83305945684697
1.415,1.067700159673251,0.9928208797390216,0.3736322825949407,0.07487927993422938,586.1961502102985,109.59532016372077
1.42,1.071720012478204,0.9963380566402816,0.3761455142709923,0.0753819558379224,390.79743347272745,58.26377175139896
1.425,1.076157187705992,1.0000506322582785,0.3797683940460166,0.07610655544771339,-2930.980751050351,71.57864063458328
1.43,1.08100443536993,1.0049356001766951,0.3795796981544777,0.07606883519323482,-2540.1833175764896,195.32493132416357
1.435,1.0862723905739784,1.0084527770779552,0.3883335139731034,0.07781961349602318,1758.5884506298976,233.48350135762325
1.44,1.0920064921428827,1.0119699539792153,0.3994180767550718,0.0800365381636674,1367.791017156887,79.43349964207937
1.445,1.0982410932085347,1.0154871308804754,0.4130062992918611,0.08275396232805932,-1172.3923004193157,-95.98975419947737
1.45,1.1049596662984198,1.019199706498472,0.4280371680231666,0.08575995979994788,-586.1961502104398,-186.8878545944608
1.455,1.112142729109303,1.0225214846829955,0.4473442962524562,0.08962124442630737,1563.18973389261,-244.6097806566181
1.46,1.119767968082342,1.0254524654340456,0.4708161514403946,0.09431550264829647,586.1961502104415,-252.13259393993098
1.465,1.1277904104216885,1.0289696423353054,0.4933429298932207,0.09882076808638307,-390.7974334730096,-237.03283697628035
1.47,1.1361867877139926,1.032291420519829,0.5187162864420399,0.10389536719416359,781.5948669467308,-264.6814221994034
1.475,1.1449320045517517,1.0354177999876155,0.5468107620998341,0.10951420456413619,195.3987167364337,-248.83930274185764
1.48,1.1539790923563955,1.0393257743223492,0.5725065604957318,0.11465331803404633,-390.7974334735783,-156.50027304857804
1.485,1.163302830077293,1.0426475525068724,0.6025165430146798,0.1206552775704206,-390.79743347286916,-100.51783639155747
1.49,1.1728960427068085,1.0467509255583425,0.6299658887745682,0.126145117148466,-195.3987167364349,-132.6606178152174
1.495,1.1827463867252637,1.0502681024596026,0.6616318426562728,0.1324782842656611,781.5948669464656,-215.00106344986318
1.5,1.19283712092884,1.054176076794336,0.6925457366370704,0.13866104413450397,-390.79743347399597,-262.70177607202345
1.505,1.2031300138778482,1.0580840511290694,0.7244704054177111,0.1450459627487788,-1758.588450630768,-242.44080707989394
1.51,1.2135873259590404,1.0623828228972765,0.7552631675500512,0.15120450306176392,-195.39871673586637,-237.69548595012452
1.515,1.2241910097589754,1.0657046010817994,0.7916727440810412,0.158486408677176,1758.5884506311763,-250.17261190242834
1.52,1.2349042169903297,1.0696125754165329,0.8256989473272898,0.16529164157379683,1563.1897338927538,-206.57368729772062
1.525,1.2456916788826948,1.0729343536010565,0.863027396877014,0.17275732528163834,-1367.791017157171,-149.02513286287225
1.53,1.2565376214108055,1.0776239228027364,0.8938092883175789,0.17891369860806905,-2930.980751049641,-147.3781550869552
1.535,1.2674254475617086,1.0813364984207332,0.9296855608288408,0.1860889491409754,-195.39871673657683,-205.8800601578533
1.54,1.2783385140876051,1.08504907403873,0.9656891814055566,0.19328944004887516,3321.778184523219,-263.95622991244966
1.545,1.28924493764093,1.08798005478978,1.0055673282467028,0.20126488285115007,1758.5884506297552,-241.17041616889742
1.55,1.3001010149605703,1.0916926304077768,1.0412844328589064,0.20840838455279354,-3517.176901259938,-183.76002498285868
1.555,1.3108861928904465,1.09618680089272,1.07273914696676,0.21469939199772647,-1758.5884506297562,-163.42144505586015
1.56,1.3215839536135323,1.0993131803605067,1.110595794749808,0.22227077325302558,3712.5756179967975,-111.43621043800403
1.565,1.3321654532852751,1.1024395598282934,1.1478723391346604,0.2297258934569817,1367.7910171564606,-1.6873334473641535
1.57,1.3426239086014355,1.1061521354462902,1.1816024923175368,0.23647177315514534,-3517.1769012603627,59.04402237064801
1.575,1.352971282614978,1.110450907214497,1.21184495713803,0.242520375400481,-1367.7910171564604,13.245877650830778
1.58,1.3632191925908324,1.1135772866822835,1.2474521725534198,0.24964190590854884,2149.385884103476,-73.91595323724857
1.585,1.3733627249019256,1.1167036661500704,1.2825375870699938,0.25665905875185513,1563.1897338933218,-98.8429772380079
1.59,1.3833830514593737,1.1202208430513303,1.315054205750798,0.2631622084080434,390.7974334734377,-23.378047775395373
1.595,1.3932658641928803,1.1233472225191172,1.3488370683992907,0.2699186416737631,-976.9935836831661,71.12249331868111
1.6,1.4030166422298216,1.1276459942873238,1.3760965066390458,0.27537064794249777,-976.9935836833082,83.31469587034127
1.605,1.4126573224400674,1.1307723737551107,1.4086675358682053,0.2818849486849566,-390.7974334738633,41.156485817453756
1.61,1.4221910873954946,1.1348757468065809,1.4358191158014832,0.2873153405889137,976.9935836833075,3.4640494155261194
1.615,1.431620414339357,1.1380021262743676,1.4673335495126552,0.29361828806498935,1953.987167367042,-15.016114643913113
1.62,1.4409475434422103,1.1415193031756277,1.496383067585258,0.29942824026658266,-1953.9871673675455,41.68201625105297
1.625,1.4501586039401644,1.1460134736605712,1.5199673233020177,0.3041451302795932,-1953.9871673671032,118.9465586136887
1.63,1.459270994255324,1.149530650561831,1.5479432348928823,0.3097403436934929,1953.9871673682942,79.70161454808215
1.635,1.4683135732587411,1.1528524287463542,1.5765471146044456,0.31546114451238694,195.39871673728794,-0.5382822007514392
1.64,1.4772803863934505,1.1569558017978243,1.6008642155143151,0.3203245845956262,-1563.189733894601,-10.111028509243738
1.645,1.486165023909635,1.1604729786990846,1.6277014389838766,0.3256920452105503,195.39871673629162,-28.208798482297823
1.65,1.4949751815743886,1.1639901556003445,1.6541662791172975,0.3309850259740441,1563.189733894033,-71.09885301304013
1.655,1.5037028448643366,1.167311933784868,1.6811956536971808,0.3363909110794685,976.9935836833083,-28.07354033592196
1.66,1.512327170999656,1.170829110686128,1.7067313591096875,0.34149806031352803,-976.9935836841609,49.991660427507554
1.665,1.5208559372698331,1.1749324837375985,1.7288582925969889,0.34592345353223464,-976.9935836828819,14.381769437932462
1.67,1.5293082811289167,1.178449660638858,1.7535341013011212,0.3508586204900588,781.5948669468739,-79.36872101510181
1.675,1.537674292786552,1.1823576349735918,1.775823116887809,0.3553166578129603,586.1961502091618,-70.57539337040248
1.68,1.5459328937316092,1.1858748118748517,1.7995293002845385,0.3600580818567576,-1758.5884506290442,24.182328371867982
1.685,1.5540785426934782,1.190368982359795,1.8177859432113617,0.3637095603336833,-976.9935836823154,44.76091977323483
1.69,1.5621304334143624,1.1936907605443183,1.8414359063269212,0.3684396728700441,2344.784600839199,-33.93506185347013
1.695,1.5700928693189835,1.1972079374455786,1.863661721690731,0.3728849318734049,976.9935836824573,-65.67897242291485
1.7,1.57794566109695,1.2009205130635754,1.8843624187681824,0.3770251480333746,-2735.582034313631,-20.39456468253161
1.705,1.5856833376012145,1.2052192848317822,1.9015566354705524,0.3804640527694323,-390.7974334731532,-13.16280822209228
1.71,1.5933128978069488,1.2085410630163056,1.9230952999942743,0.38477183479064325,4689.569201680675,-39.87045568976811
1.715,1.6008295529754888,1.211667442484092,1.945046482032175,0.3891621104913967,586.1961502102965,4.162837055050545
1.72,1.6082189807361364,1.2161616129690356,1.9595226112380024,0.3920573677671009,-5080.366635153545,85.78344384460331
1.725,1.615491644986116,1.221241979604189,1.9704839735739776,0.3942496653819272,-2.830802259268239e-10,110.72528307352019
1.73,1.6226680727215683,1.2243683590719758,1.9907341143217827,0.3982997136495925,1953.9871673666162,98.6091749160808
1.735,1.6297553970769416,1.228862529556919,2.003699803201512,0.4008928675200225,-1367.7910171566043,67.93320175659852
1.74,1.636770899046318,1.233161301325126,2.0172833898294256,0.403609597721192,781.5948669470163,22.06108957551379
1.745,1.6437194184228812,1.2364830795096493,2.035417044287276,0.40723633891323185,-390.7974334731216,5.216455767535592
1.75,1.6505953929121422,1.2411726487113293,2.0463490295233027,0.4094227442008129,-2149.385884104455,1.720083697875964
1.755,1.65740577011351,1.2448852243293262,2.061838004478654,0.41252054578418385,1172.3923004195376,-12.040321149123372
1.76,1.664146770774808,1.2480116037971127,2.07991108407701,0.41613516697769537,976.9935836840182,-23.957802166589374
1.765,1.6708161722325268,1.2519195781318462,2.0937181985965743,0.4188965941006806,781.594866947159,-34.14854059855065
1.77,1.6774129923131669,1.2548505588828962,2.1120473783682336,0.42256243343027067,1758.5884506301818,-10.612009366470147
1.775,1.6839266669777642,1.2585631345008927,2.126052860100207,0.4253635324768714,-781.5948669474428,51.929697751519484
1.78,1.6903599089866197,1.2624711088356266,2.138679187669989,0.42788880015099306,-2930.9807510499245,82.86830426271598
1.785,1.696726642339856,1.2665744818870963,2.149995980538161,0.4301521604527596,-1563.189733892894,44.01750500420303
1.79,1.7030394504929185,1.2700916587883566,2.163974129884645,0.4329477917045619,2344.784600839486,-11.281910368834673
1.795,1.709298966623065,1.2730226395394069,2.180616801250104,0.43627632708365804,3321.778184523502,-6.238851393618148
1.8,1.7154956343370669,1.2761490190071934,2.1959682380571635,0.4393466153298735,-2.858087100321427e-10,49.17073458642551
1.805,1.721632357917022,1.2802523920586637,2.2061349871603744,0.44137996585835837,-586.1961502102977,83.09385802618982
1.81,1.7277222216676718,1.2839649676766602,2.2180214249922674,0.4437572539910115,195.39871673757227,87.98289765422707
1.815,1.733775986956314,1.2882637394448668,2.2267963903293486,0.44551224751144725,-1367.7910171567441,109.88691853839227
1.82,1.7398023063427592,1.292953308646547,2.233480139441096,0.4468489976962122,-2540.183317577197,127.18564642455138
1.825,1.745817836638595,1.2972520804147536,2.2420639306295795,0.4485657562238414,-2540.1833175760617,61.98638216631011
1.83,1.7518457752808674,1.301746250899697,2.2497327702564944,0.4500995243811703,1172.3923004200276,-51.570920695383755
1.835,1.7578850926102891,1.3046772316507471,2.265274452220569,0.453207860959542,3907.974334732664,-85.8814276747928
1.84,1.7639146148641631,1.307803611118534,2.2797901654087784,0.4561110037456291,781.5948669468728,-43.0551192590644
1.845,1.7699261839507014,1.3117115854532673,2.290308138574021,0.4582145984974342,-586.1961502097282,-34.50833547787858
1.85,1.775922943664971,1.3150333636377909,2.303683045747727,0.46088958002718017,-781.5948669463056,-75.5984359273039
1.855,1.7818980555405728,1.3191367366892608,2.3130417394883644,0.462761318851312,-1758.5884506297573,-99.718060780276
1.86,1.7878362533478134,1.3228493123072576,2.324169850130568,0.4649869410405558,390.7974334723005,-79.5772161211535
1.865,1.793725108943976,1.3261710904917812,2.337005236945549,0.4675540184521949,1563.1897338928957,-22.204918938371264
1.87,1.79955482585191,1.3294928686763046,2.3495449303680327,0.4700619571756055,-781.5948669460743,36.1411088857688
1.875,1.8053277669447896,1.333205444294301,2.3598467575867925,0.4721223226504885,390.79743347307647,45.189704126186825
1.88,1.811056456258322,1.3365272224788245,2.371881313107312,0.4745292337794975,3321.7781845234863,41.609123126709875
1.885,1.8167421706518996,1.3394582032298743,2.3856549812203283,0.4772839674220253,-390.79743347201645,76.50842796493829
1.89,1.8223863342711768,1.3443431711482912,2.3894509596449347,0.47804316312288564,-2930.9807510503515,85.020433166391
1.895,1.8280099291884329,1.3482511454830246,2.398029062493793,0.47975878370540825,-390.7974334754273,50.62678111414619
1.9,1.8336209683184383,1.3525499172512316,2.404590399251779,0.4810710510672067,-586.1961502100128,48.29254637030476
1.905,1.8392160629875551,1.3566532903027015,2.412049007299209,0.4825627726848536,-390.7974334711623,45.226635790813575
1.91,1.8448109851812209,1.3607566633541714,2.419506752977544,0.48405432182704944,1758.5884506306095,2.521697741714192
1.915,1.8504088645956371,1.3640784415386948,2.4308884092607275,0.4863304230569423,-1.421483375452226e-09,-15.832874397289872
1.92,1.8560016114953155,1.3685726120236386,2.436382211441372,0.48742899947167695,-1953.9871673674695,-2.507360509865741
1.925,1.8615908557104208,1.372285187641635,2.4457662905124966,0.4893056680687857,-195.39871673657552,-8.728843941698566
1.93,1.8671770143863249,1.375997763259632,2.455134794670496,0.4911792511266928,976.9935836837341,-48.756560532867056
1.935,1.8727595289713963,1.3793195414441553,2.4664389477680064,0.49343998752724105,781.5948669471575,-98.48802342105449
1.94,1.8783284650103071,1.3828367183454155,2.476698120332076,0.4954917466648916,390.79743347286774,-112.26088368715523
1.945,1.88386612781803,1.386158496529939,2.4877778449487264,0.49770763128809103,-976.993583683734,-78.40513130361039
1.95,1.8893574753438416,1.3898710721479357,2.496670795528492,0.49948640319590587,-781.5948669465898,-48.099295037218496
1.955,1.8947983913666355,1.3931928503324589,2.507265757552396,0.5016055410341766,1172.3923004203098,-55.66150070251345
1.96,1.900185640255624,1.396123831083509,2.519546516508131,0.5040618091721152,781.5948669474438,-69.6502042086421
1.965,1.9055082203221752,1.3996410079847688,2.5285730669474216,0.5058672123374064,1172.392300420311,-47.289944162401184
1.97,1.910757298244952,1.4027673874525557,2.539186186912636,0.5079899107923964,1758.588450629471,20.932116867980085
1.975,1.9159259644804407,1.4062845643538158,2.5474433357359967,0.509641400126625,-2540.183317577767,77.46273264785992
1.98,1.921025159367664,1.410974133555496,2.5494912258854816,0.510051025812168,-4298.77176820667,50.109432668536414
1.985,1.9260725559583,1.4148821078902292,2.555189296702244,0.5111904480680709,586.1961502111519,-23.21274420097558
1.99,1.931066686356407,1.4182038860747526,2.5635518253999603,0.5128628002816544,3321.7781845235036,-54.03127064596458
1.995,1.9359981041884216,1.4211348668258026,2.573554624908622,0.514863237362619,586.1961502097066,-26.458617656720946
2.0,1.94085866646698,1.425042841160536,2.57831805591082,0.515815825306444,-976.9935836831787,10.489791038986823
2.005,1.945648577900159,1.4283646193450594,2.5856591151805537,0.5172839585550997,586.1961502091189,9.542484486657315
2.01,1.9503746410817264,1.4320771949630564,2.590726867419572,0.51829744611867,390.79743347288473,-4.336459431033177
2.015,1.955034466884552,1.4355943718643165,2.5964415136241645,0.5194400950202356,-2149.385884102393,8.089738472835563
2.02,1.959624152685134,1.439893143632523,2.5978960549836208,0.5197310090526108,-781.5948669465367,1.7078699053627702
2.025,1.9641514346821691,1.4432149218170465,2.603923551004243,0.5209365128651227,2540.1833175755883,-46.89545992333376
2.03,1.9686152910156736,1.4463413012848332,2.610612067059115,0.5222739897308404,4.73733052785974e-10,-75.61280314318964
2.035,1.973001189162916,1.4504446743363033,2.612025597919,0.5225565148266127,-976.9935836815378,-66.76131117275531
2.04,1.9773011606134236,1.4539618512375632,2.6159402949700605,0.5233393093758605,2344.784600839961,-51.949942551359754
2.045,1.9815081175236489,1.4572836294220868,2.620366768042426,0.5242244881015621,781.594866945532,-34.41080840273611
2.05,1.9856150001672104,1.4617777999070298,2.6184307923906056,0.5238372002601805,-2540.183317576604,-17.57650817749567
2.055,1.9896202698218168,1.4660765716752369,2.6169636526666697,0.52354369814658,-1953.9871673651362,-10.687687718607776
2.06,1.993522398868632,1.47057074216018,2.6140037421512847,0.522951656708452,976.9935836832369,-3.2481705042812905
2.065,1.9973200695492423,1.474283317778177,2.614429454804557,0.5230367517710655,586.1961502076749,13.566168861152335
2.07,2.001012669029968,1.4783866908296472,2.612375776822996,0.5226259782003209,-2540.1833175758625,22.243775370626963
2.075,2.004604268535421,1.4828808613145903,2.607863073823274,0.5217234072208308,-195.3987167336311,3.986815500505145
2.08,2.008099376820082,1.4858118420656403,2.610683833009513,0.5222875347544416,2735.582034312647,-21.730778437659126
2.085,2.0114951105557237,1.4893290189669006,2.610076714395967,0.5221660915888231,1758.5884506280072,-22.47832455052975
2.09,2.0147865090544723,1.492650797151424,2.609924893738733,0.5221357119030483,390.7974334733759,1.6313865836706327
2.095,2.0179708648317125,1.4963633727694208,2.607283856752261,0.5216074920622917,-976.9935836822453,22.323591954868505
2.1,2.02105158740859,1.5006621445376274,2.6011936605694643,0.5203894428709628,195.3987167375684,32.05910077921811
2.105,2.024033162749971,1.504374720155624,2.5975386990054647,0.5196584425943471,195.3987167355705,57.1162168461276
2.11,2.026916935474389,1.5088688906405676,2.5894867420580967,0.5180480448338214,-3126.379467787341,85.80528234007483
2.115,2.0297140634112787,1.5135584598422478,2.5800245612183565,0.5161556035690309,-195.3987167351627,79.25634285866937
2.12,2.032439669468716,1.517466434176981,2.574112740219244,0.5149732352917351,3907.9743347336753,64.23580638993363
2.125,2.0350993720979758,1.5207882123615046,2.5708023787528185,0.5143111597364711,-1563.189733893818,80.41676853963824
2.13,2.037699045734429,1.526259376430131,2.5564449396398694,0.511439669304298,-2930.980751050947,101.88937169460536
2.135,2.040253324616452,1.529971952048128,2.550653466398332,0.5102813725683237,1172.3923004201274,107.10845759206755
2.14,2.042775481040068,1.5336845276661246,2.544701378777094,0.5090909533739434,-976.9935836820731,102.30026529284905
2.145,2.045277810338402,1.5381786981510683,2.534742179524581,0.5070991121873338,586.196150209052,69.44619400684152
2.15,2.047776083843225,1.5409142801853817,2.5335556422215566,0.5068618036578434,4103.373051469096,17.40325373674773
2.155,2.0502751295291186,1.5444314570866415,2.528464990420265,0.5058436724424771,-195.39871673524053,0.06475602560779503
2.16,2.052770300337907,1.5485348301381114,2.52042283246746,0.5042354701997958,-2930.980751049085,21.595893798575457
2.165,2.055262685442339,1.5528336019063185,2.511389981757062,0.5024290835360203,1172.3923004191413,43.93972505681583
2.17,2.05775819528014,1.5563507788075783,2.506282062686384,0.5014074164725615,2540.1833175768697,62.49865771621658
2.1750000000000003,2.0602620739718605,1.5604541518590485,2.4982849238849307,0.499807922112812,-2735.5820343127352,72.25086728311858
2.18,2.0627837083949805,1.565534518494202,2.485490379062766,0.4972491899007785,-4298.771768208365,40.29988987526083
2.185,2.0653357937754,1.569833290262409,2.476756240114229,0.4955025035129912,976.9935836829256,-16.87852960941464
2.19,2.067919090549711,1.5733504671636689,2.4720862738718083,0.49456862338604224,2735.5820343148266,-41.15024315496302
2.195,2.070524144742833,1.576672245348192,2.468502201428659,0.493851899394641,-390.7974334732643,-36.51802073534761
2.2,2.0731474632147227,1.5807756183996624,2.461101566541841,0.49237184481506024,-390.79743347280805,-35.990764577034966
2.205,2.075785976631005,1.5837065991507122,2.459638940276873,0.49207937748029296,1563.1897338937824,-24.458600490217272
2.21,2.07843230836928,1.587419174768709,2.4543074892053576,0.4910131336005712,1563.1897338920346,5.71156378157211
2.215,2.081085298675338,1.5905455542364957,2.4519403580583914,0.4905397444388424,-781.5948669471242,21.665831938545487
2.22,2.083749167412893,1.5948443260047027,2.443765694634472,0.48890484140819024,-2930.980751048869,5.00878655231093
2.225,2.086427822439614,1.598752300339436,2.4376189794778846,0.4876755221001783,390.79743347387944,-24.793389841020105
2.23,2.0891197061774998,1.6022694772406958,2.4334924187677887,0.48685022893680396,3712.5756179956065,-40.39621126054358
2.235,2.0918185567103853,1.6053958567084827,2.431354698178706,0.4864227000019026,781.5948669464253,-27.96190291178594
2.24,2.09451913127326,1.610085425910163,2.4214096642530163,0.48443370536309693,-2930.9807510483715,19.052402226977335
2.245,2.0972171052763917,1.6141887989616328,2.4143826204259944,0.4830283063147589,-2540.183317575199,78.50052309322945
2.25,2.099919480797261,1.6190737668800494,2.4034684694101665,0.48084571391721154,781.594866945488,99.81795261581254
2.255,2.102642520539859,1.6222001463478364,2.4014508195617434,0.48044237419202274,2540.1833175738147,68.1369534629511
2.26,2.1053992552725966,1.62669431683278,2.3927640299825645,0.47870493843981654,1758.588450630029,23.908644126884923
2.265,2.108194620453404,1.63021149373404,2.389154132565949,0.47798312671936394,-1172.392300417591,6.123373819951752
2.27,2.11102659165273,1.63548725908593,2.3769344907516494,0.47553933256680025,-1953.9871673657874,6.3789258939630145
2.275,2.113897313661153,1.6399814295708732,2.368816711527863,0.47391588409027996,1367.7910171552007,6.436727122712824
2.28,2.116807613311481,1.64428020133908,2.361873921465519,0.4725274119724008,-1367.7910171577992,1.7554665805537581
2.285,2.1197569790890007,1.6495559666909705,2.350241580015309,0.47020101239803025,-3321.778184521814,-25.272109778025253
2.29,2.122748756975972,1.654440934609387,2.3407753549953982,0.4683078223665853,4494.170484943835,-52.95684100303474
2.295,2.125775372203527,1.6575673140771736,2.3402763139040883,0.46820805812635347,3321.778184522796,-30.366760903753573
2.3000000000000003,2.128824750536425,1.6626476807123272,2.33012119648069,0.4661770698240977,-6643.556369045829,6.407289607753967
2.305,2.13189953616373,1.668509642214427,2.3161851763770214,0.4633898939493031,-3321.7781845226564,-9.643103146852141
2.31,2.135005227231936,1.6722222178324238,2.313150641044311,0.4627830093995122,3321.7781845228,-59.61502651018888
2.315,2.138135878259216,1.6757393947336838,2.311217921607404,0.4623964835255323,2149.3858841022734,-95.53103859360722
2.32,2.1412805439593585,1.6798427677851542,2.3064243127971618,0.46143777617420434,2735.582034313847,-99.29694717783497
2.325,2.1444247834634758,1.6825783498194673,2.308467542503297,0.46184643364400846,-390.7974334725534,-77.4101478427281
2.33,2.1475551696800994,1.6876587164546208,2.298717594296343,0.45989645322547856,-4494.170484944795,-68.19385465292032
2.335,2.150666954829331,1.6917620895060912,2.2937596178937034,0.4589048653232397,-586.1961502111751,-85.67075139040382
2.34,2.153751694246315,1.695279266407351,2.2915974009591675,0.4584724278389638,2149.3858841046995,-89.76562343860346
2.345,2.1567941985021286,1.6987964433086111,2.289224014121411,0.4579977551935175,586.1961502113467,-70.48417901075669
2.35,2.159784446906616,1.7021182214931343,2.2875663463328118,0.45766622541348156,-586.1961502114948,-61.48297758842094
2.355,2.1627167488584305,1.7058307971111315,2.2836649628911623,0.45688595174729896,586.1961502093845,-65.397305577607
2.36,2.16558294348199,1.708761777862181,2.2833410201651234,0.4568211656198089,1563.1897338945735,-56.11827884648591
2.365,2.1683731229206478,1.7122789547634414,2.2797060231812374,0.4560941681572064,586.1961502097624,-32.91937484023276
2.37,2.171081786666861,1.7157961316647017,2.275663449669311,0.45528565500215934,-195.39871673709104,-15.4206319450754
2.375,2.1737072024099344,1.719704105999435,2.269250650521652,0.4540030964104995,-1758.5884506295492,-10.403853922582812
2.38,2.176248057086388,1.7238074790509048,2.261438053695082,0.452440578035483,-2149.3858841038464,-14.333375970336306
2.385,2.1787035666943453,1.727910852102375,2.2531987325163305,0.45079271459197034,2149.385884103027,-16.14259213822305
2.39,2.181071350886648,1.7310372315701616,2.249405752969959,0.4500341193164863,3126.3794677872756,-0.667777681273094
2.395,2.1833478823979102,1.7347498071881584,2.242225529901126,0.4485980752097518,-2149.3858841042697,20.127660018815618
2.4,2.185535525475504,1.7396347751065753,2.2287389036688827,0.4459007503689285,-2344.7846008407837,22.60649349155176
2.405,2.187639481742947,1.7433473507245718,2.2206958052936123,0.4442921310183754,586.1961502105205,18.050485108190855
2.41,2.1896607085129736,1.747450723776042,2.210285072588391,0.4422099847369316,8.415099728154019e-10,25.25492957856636
2.415,2.1916009712229485,1.7513586981107754,2.200446513426197,0.4402422731121731,-390.7974334736506,35.819812595717394
2.42,2.1934649504841657,1.755071273728772,2.191203530811578,0.43839367675539376,-195.39871673709354,38.024765700027444
2.4250000000000003,2.195257605767492,1.758783849346769,2.181603928473649,0.43647375642072306,195.39871673772137,30.84375909934235
2.43,2.196984071201676,1.762105627531292,2.1736273641902915,0.4348784436703841,1758.5884506297994,22.340875298414318
2.435,2.198647410142278,1.7654274057158157,2.1653363177051865,0.43322000442646247,1172.392300418941,23.673504500722032
2.44,2.200248914424604,1.768749183900339,2.1567358679817965,0.4314997305242647,-1563.1897338934882,28.876443086300696
2.445,2.2017927252226053,1.7730479556685457,2.142961798960855,0.4287447695540596,-586.1961502095579,30.89772412324467
2.45,2.2032831536574493,1.7761743351363324,2.1347826324602077,0.42710881852111693,586.196150210167,41.37594624608269
2.455,2.20472242745156,1.780082309471066,2.1224396006883453,0.42464011798049417,-1563.1897338938934,51.89678030517803
2.46,2.2061176866243364,1.7837948850890626,2.1108533952072457,0.4223228015352738,195.39871673670595,39.831012593944024
2.465,2.207477892775388,1.7871166632735858,2.10104583643589,0.42036122950180244,3517.17690126025,27.009119086477597
2.47,2.2088044101055697,1.790047644024636,2.093022610288516,0.4187567660809337,390.79743347300393,38.49892586117193
2.475,2.210098952206684,1.7943464157928428,2.0780007347186285,0.41575253641384124,-3321.7781845238565,47.562068994292105
2.48,2.2113703332202364,1.798449788844313,2.0638401927415,0.4129205443759234,-1563.1897338937897,38.65380327170318
2.485,2.212624104671308,1.8021623644623093,2.051545706476844,0.4104617402089987,586.1961502108915,30.64762914562148
2.49,2.21386301803733,1.8056795413635696,2.0401540164566287,0.40818347667376065,976.9935836848608,23.265567028258616
2.495,2.215092003972533,1.8090013195480927,2.029689757334803,0.4060906844244401,586.1961502091443,9.607043767798935
2.5,2.2163131121859974,1.8123230977326168,2.0191861691793327,0.40399001445338056,-195.39871673857468,2.5898884243247835
2.505,2.2175259156773857,1.8158402746338769,2.007665261649665,0.4016856410435088,781.5948669459526,10.707743219314608
2.51,2.218730222710005,1.8189666541016636,1.9980556670895808,0.3997635686083414,390.7974334740137,22.04509482368188
2.515,2.2199284296742907,1.8224838310029237,1.986461431497311,0.39744459867136706,-2149.3858841020383,16.924808301437963
2.52,2.221125057352573,1.8263918053376569,1.9729051894891376,0.39473325201491627,781.5948669467541,-4.427762961257381
2.525,2.2223215910580727,1.829322786088707,1.964233347280652,0.3929988049693658,3712.5756179965374,-15.45234136102562
2.53,2.2235145409220025,1.8324491655564932,1.95456651367678,0.39106537536550934,-1172.3923004189396,-0.7899601661166393
2.535,2.2247009720657696,1.8371387347581736,1.937051074919544,0.387562237307596,-3126.379467786187,21.394005665342366
2.54,2.2258832210769324,1.8408513103761703,1.9243996431112385,0.38503191070076204,-976.9935836852108,30.237968477990343
2.545,2.227065782737216,1.844759284710904,1.910772740719679,0.382306498026312,-781.5948669467354,24.351565367623305
2.5500000000000003,2.2282524918230275,1.8484718603289003,1.898143536843307,0.3797806314941272,1758.5884506329494,8.185751404425499
2.555,2.22944626104089,1.8512074423632137,1.8904357259485272,0.3782388186776764,3126.379467786927,-9.164314035671437
2.56,2.2306467047256566,1.8545292205477373,1.8798300559997223,0.37611748417791935,-1.7066668078768998e-09,-13.476668074190743
2.565,2.231850592728195,1.858241796165734,1.8672862698025825,0.37360879656246104,-2344.7846008414717,-8.59267793345016
2.57,2.233056695470783,1.8621497705004677,1.853776633345978,0.3709069249703154,-1563.1897338929034,-12.803117022031628
2.575,2.234265301131057,1.865862346118464,1.84125656076066,0.3684029550125931,781.5948669482931,-26.417109885131424
2.58,2.2354738713804743,1.868988725586251,1.8316673364314495,0.3664851457942233,976.9935836828305,-36.69876615163126
2.585,2.236677583132455,1.872505902487511,1.8200998680951632,0.364171680644944,586.1961502090747,-39.98245358616025
2.59,2.2378718153448443,1.8758276806720344,1.8094620241625805,0.3620441346728098,976.9935836842242,-33.90991805303875
2.595,2.239050739966236,1.8791494588565576,1.7987476650893908,0.35990128110967845,-781.5948669460482,-20.25108721568671
2.6,2.240210544910308,1.883252831908028,1.7840309017062117,0.35695771300227985,-586.196150211364,-12.230984463318151
2.605,2.241350861714348,1.886770008809288,1.7721474629431582,0.35458085290506003,586.1961502087053,-10.823552057669389
2.61,2.2424698089896484,1.8904825844272848,1.7591800106081137,0.35198722456236364,1.504986357758753e-09,-4.258793933043918
2.615,2.243565717392327,1.8947813561954912,1.743165095123392,0.348784361196836,2.4712107915547676e-09,8.890125611738952
2.62,2.244638784030809,1.8981031343800143,1.731921058467518,0.34653564965079453,-1953.9871673676391,20.50041508794827
2.625,2.2456910482062407,1.903183501015168,1.7117813131882087,0.34250754719107257,-195.39871673942733,23.06668364895024
2.63,2.2467263601594003,1.9061144817662183,1.7023035828141952,0.34061187839318197,2149.385884102317,16.817394927674208
2.635,2.247747354571177,1.910022456100952,1.6878680239319312,0.3377248984702248,-1367.7910171543367,7.621693696651249
2.64,2.248755604059072,1.914321227869158,1.6714148851163908,0.33443437618991423,-586.1961502073616,0.1481708136425297
2.645,2.249751453882063,1.9174476073369449,1.660761814961223,0.332303846545118,2344.7846008386496,-2.053544621676238
2.65,2.250734137423521,1.9213555816716783,1.6461350234498948,0.3293785557518427,390.7974334715531,2.7438946611390804
2.655,2.2517034943097123,1.9248727585729384,1.633396803498425,0.3268307357367739,-3126.379467785385,14.528406298099178
2.66,2.252659906708125,1.9295623277746183,1.6147305734213533,0.32309757893350666,-976.9935836817881,31.138410137144575
2.665,2.2536062197487867,1.9326887072424053,1.6038298844371408,0.32091751250638145,3321.77818452224,48.475907904331066
2.67,2.2545474403191825,1.935815086710192,1.5929038044713153,0.31873235360899055,586.1961502099533,57.34907592312664
2.6750000000000003,2.2554907686094223,1.939918459761662,1.5771045024419006,0.3155723088477602,-1758.5884506290922,41.96001563087758
2.68,2.2564452141645983,1.9434356366629224,1.564291583132869,0.3130095775016759,-586.1961502099672,7.10242636017832
2.685,2.2574144899675432,1.947148212280919,1.550574523834889,0.3102662776866243,390.79743347345453,-12.755501083177656
2.69,2.2583951882600024,1.950665389182179,1.5378916826127076,0.3077297990778234,1758.5884506289294,-1.3125440145266793
2.695,2.2593844862495094,1.953791768649966,1.5272059166787664,0.30559271759954343,390.79743347238576,18.113232446805256
2.7,2.260384607104312,1.957895141701436,1.5116893688613973,0.3024894654028758,-586.1961502087389,24.732877668329415
2.705,2.2613994449113064,1.9616077173194328,1.4982004503391586,0.29979172759187356,390.7974334746795,22.19935310307951
2.71,2.2624315839299736,1.9655156916541656,1.4838210901850482,0.29691589227580795,-976.9935836842928,11.654088417569383
2.715,2.263484098830602,1.9700098621391096,1.4666126654044456,0.2934742366914924,-586.1961502103773,-10.294553723898375
2.72,2.2645583180900903,1.9739178364738423,1.4524437725410024,0.290640481616248,390.7974334747348,-29.524991240063706
2.725,2.2656501020958144,1.978021209525313,1.437385733322495,0.2876288925705015,-1953.9871673664952,-35.44245638124441
2.73,2.266754515030939,1.982515380010256,1.4204368703815806,0.284239135020683,-390.7974334750305,-39.69784406791716
2.735,2.267867929715703,1.9860325569115165,1.4084179991456436,0.28183537280418647,3126.3794677851065,-46.02899195930428
2.74,2.2689847322961376,1.98935433509604,1.3973930730024346,0.2796303972000975,781.594866947923,-42.42508451852728
2.745,2.2700978838462005,1.9936531068642465,1.3814649334135038,0.276444776981954,-2540.1833175755246,-32.24380243040128
2.75,2.271202940893727,1.99756108119898,1.367450316178899,0.2736418596947472,-976.9935836837783,-31.491403790654672
2.755,2.272297539402788,2.00166445425045,1.3524064188279956,0.27063308515233775,3321.7781845225813,-37.53546053956969
2.76,2.273376897021277,2.0045954350015,1.3431482834541109,0.26878146201977726,1758.5884506289708,-37.67573390149087
2.765,2.274435404981674,2.009089605486444,1.3259699550625066,0.26534579949522996,-4103.373051468932,-33.08884414622507
2.77,2.2754690652182488,2.0137791746881235,1.3076903976218868,0.26168989053012526,-3126.3794677848136,-27.644721101585176
2.775,2.2764738048489583,2.0176871490228567,1.2931742140096931,0.2587866558261016,1367.7910171555022,-19.666812248140943
2.78,2.2774463566404943,2.0210089272073803,1.2814280739710946,0.256437429433114,1953.9871673655482,-11.126677454734704
2.785,2.278385094283539,2.024330705391904,1.269512864804771,0.2540543888916349,1172.3923004209041,-4.684867076612051
2.79,2.279289104475767,2.027652483576427,1.2574240196761537,0.2516366208993399,586.196150209214,-1.0985535894289171
2.795,2.280158146607961,2.0309742617609507,1.2451591851209591,0.24918388484701026,-390.7974334739623,-2.6805695060200208
2.8000000000000003,2.280992623856989,2.034882236095684,1.2297907762575966,0.24611038776130512,-390.7974334711557,-5.663851752337536
2.805,2.281791863268636,2.038204014280207,1.2171773436453448,0.24358784898842867,-1172.3923004180954,-0.9338943087357165
2.81,2.2825542342146554,2.042307387331677,1.2004717421197957,0.24024684688297837,195.39871673601672,9.61426014441733
2.815,2.28328058041381,2.0456291655162007,1.1874941093943157,0.23765141489760921,2149.3858840999637,17.85685731846931
2.82,2.2839730016544566,2.048755544983988,1.1753239400197053,0.23521745667046856,-1563.189733894342,22.263975356514237
2.825,2.284633912303628,2.053445114185668,1.1551803446660358,0.23118879811796011,3.4560798667371273e-09,23.893287145421567
2.83,2.285266783033712,2.056376094936718,1.1436895524883026,0.2288906880969943,3517.17690126196,26.85333388398736
2.835,2.285874122913447,2.0600886705547143,1.1281631801386738,0.22578545235873282,-1563.1897338954336,33.56889071341503
2.84,2.2864594716395663,2.065169037189868,1.1056879356668456,0.2212904344496982,-3517.1769012613395,36.6880682764788
2.845,2.2870280655771507,2.0690770115246013,1.0889909097397734,0.21795105405254933,-1172.3923004183753,30.044996806279343
2.85,2.287584636362733,2.0735711820095446,1.0693028120899104,0.21401345435318841,586.1961502102727,17.728919132478207
2.855,2.288132428363016,2.076892960194068,1.055432801846253,0.21123946816894756,1563.1897338916137,8.142052523114167
2.86,2.2886723222000183,2.080410137095328,1.0405463230670098,0.2082621851046902,781.5948669464173,3.0489444586137147
2.865,2.289204940190174,2.084122712713325,1.0246464841614362,0.2050822274768489,1953.9871673698099,-0.6566377345524472
2.87,2.289730671203946,2.087249092181111,1.0116432012782717,0.2024815790228347,976.9935836845542,-1.4660834810353727
2.875,2.2902486500030848,2.091547863949318,0.9927392039424564,0.19870078605376662,-3321.7781845256404,-0.8011931339522782
2.88,2.2907590267367803,2.096042034434262,0.9728202091938358,0.1947169923025185,-3321.7781845261297,-4.52938856198957
2.885,2.291262091718267,2.100145407485732,0.954818648050015,0.1911166842325347,390.7974334722559,-11.11353026658293
2.89,2.291756587605388,2.103467185670256,0.9406822199278784,0.188289401935132,2344.784600842816,-16.10114962176322
2.895,2.2922407359471584,2.106593565138042,0.9274710509897004,0.18564717080911652,2149.385884105148,-18.745177613370643
2.9,2.2927122402795024,2.109915343322565,0.9132196710823256,0.18279689695693735,586.1961502086897,-18.648836449980912
2.905,2.293168481540137,2.1132371215070886,0.8988919779456986,0.17993136003304855,-2540.183317577067,-16.524371989984765
2.91,2.2936072395815104,2.1175358932752952,0.8795919024977851,0.17607134630621513,-1758.5884506290322,-14.420335592720974
2.915,2.294026679660754,2.120662272743082,0.8660572001040715,0.17336440691767185,2149.385884102961,-12.253502785028118
2.92,2.294425061139422,2.1237886522108687,0.8524172057976808,0.17063640892855325,1953.987167366408,-8.631627889027115
2.9250000000000003,2.294800909973415,2.1271104303953923,0.837687555556389,0.16769047957802252,-195.39871673599202,-3.7520968328449555
2.93,2.295153451450452,2.130823006013389,0.8208885322205144,0.16433044543706332,-1367.7910171577373,1.115474634896799
2.935,2.2954825408502315,2.134535581631386,0.8039720190245636,0.16094695921884572,-1563.1897338938152,5.187150281074381
2.94,2.295788658417768,2.138443555966119,0.7859634695046864,0.1573451024516488,390.797433475373,8.943041994488539
2.945,2.296072687765839,2.141569935433905,0.7717523063590003,0.154502752331934,1563.1897338931694,13.276606435684897
2.95,2.29633586919165,2.145087112335166,0.7554827989440626,0.15124875685648398,-1.7397987317851733e-09,17.06500551705068
2.955,2.296580293762232,2.148604289236426,0.7391194132605201,0.14797600452580584,-1367.7910171554822,19.582750798005634
2.96,2.2968083603785345,2.152316864854422,0.7216971690279289,0.14449149552411233,-976.9935836826138,22.44807481048622
2.965,2.297022423844927,2.155638643038946,0.7061588360579774,0.14138378080598102,1172.392300418551,25.5424114661213
2.97,2.297225714729219,2.1587650225067327,0.6915435856370657,0.13846069222248625,2149.385884103397,28.33476200947739
2.975,2.2974215260887347,2.161696003257783,0.6778690428364751,0.13572552283095174,4.817479748453479e-10,30.530569688095827
2.98,2.2976134746551704,2.165603977592516,0.6592899573206528,0.1320094970626542,-1563.1897338948995,28.679445955219975
2.985,2.2978059352556643,2.16892575577704,0.6436442040610367,0.1288801794786245,-195.39871673690394,23.28641483330729
2.99,2.298002170726076,2.172833730111773,0.6250861774678539,0.12516844061430277,1367.7910171591234,20.75757683911762
2.995,2.2982043307916715,2.175764710862823,0.6114426082233241,0.12243961992884866,-195.39871673637768,20.674324536573113
3.0,2.2984150893567694,2.1802588813477666,0.5900259759702875,0.11815620800900284,-976.9935836846296,16.94870812258454
3.005,2.298637470273595,2.1835806595322897,0.5745293315087536,0.11505681074130525,-390.7974334747534,11.406559230520294
3.01,2.2988729048717875,2.18768403258376,0.5551899127439278,0.11118887228802743,-1367.7910171564736,8.288574806838234
3.015,2.299122302409557,2.1913966082017566,0.5378742411440434,0.10772569420780043,2.325123205082491e-09,4.098268343855125
3.02,2.299387023830361,2.1947183863862803,0.5225891323664481,0.10466863744408084,2540.18331757638,-1.8641815901763152
3.025,2.2996671157743656,2.1978447658540667,0.5083578347803361,0.10182234992029882,1758.5884506286907,-4.2553206120058675
3.03,2.299961544500833,2.201361942755327,0.49224420593261,0.09859960174550597,-1367.7910171559556,-4.394589000471896
3.035,2.3002700461864296,2.205465315806797,0.4732699387242379,0.09480473037963266,-2540.1833175765705,-6.819732900564837
3.04,2.3005922115625923,2.2093732901415306,0.4553409656281769,0.0912189214210617,-8.512301974406e-10,-9.578278458376872
3.045,2.300926699056749,2.2128904670427905,0.4394275759500959,0.0880362320139585,2930.9807510514065,-8.384115247113108
3.0500000000000003,2.301272205282737,2.2162122452273136,0.4245474122032003,0.08505996005542338,195.3987167366077,-1.1217243803664232
3.055,2.3016274961068657,2.2201202195620477,0.4067849514867994,0.08150727654481793,-4298.771768209141,8.044027466953715
3.06,2.301993141546021,2.2248097887637277,0.3851660981434781,0.07718335278229338,-781.5948669467272,9.393200549821245
3.065,2.3023713156123984,2.227349972081304,0.3743566642629173,0.07502134353109424,3126.379467788054,1.2370653010386263
3.0700000000000003,2.302763064379911,2.230867148982564,0.3587300134945319,0.07189591539734685,1758.5884506311918,-6.391162897896443
3.075,2.303167550773898,2.2337981297336142,0.3460979336294965,0.06936942104028354,781.5948669469523,-5.229207983743244
3.08,2.303583210849708,2.237510705351611,0.3296136694547902,0.06607250549809729,-586.1961502120278,1.9087096919180482
3.085,2.3040098104284654,2.241223280969608,0.313184040087572,0.06278652945885721,-1367.7910171581168,7.5765273137994384
3.09,2.304448351747429,2.2455220527378144,0.2938830885045398,0.058926299009614436,2.4701307665964123e-09,9.776548246517883
3.095,2.3049000032857934,2.249039229639074,0.2785556222206106,0.05586077364671915,-976.9935836818674,9.242552820299146
3.1,2.305366063600387,2.253533400124018,0.2584163499531299,0.051832663476369056,-1953.987167368958,4.444540062709649
3.105,2.305847905894128,2.257245975742015,0.2422637061992643,0.048601930152113226,2149.3858841013566,-0.18238458068537966
3.11,2.306345588961402,2.260567753926538,0.2281428987471237,0.0457778350348641,3126.379467786641,4.461811510620123
3.115,2.3068579627935324,2.2638895321110617,0.214095611492435,0.04296843068247069,-2540.1833175741403,11.538836105276623
3.12,2.3073867454458945,2.268774500029478,0.192314472767989,0.03861224541641661,-2735.582034311412,7.509113235644975
3.125,2.307934635795517,2.272096278214001,0.1784448636781476,0.03583835758151599,1172.3923004172357,-1.5560805178440518
3.13,2.308501071889969,2.275613455115262,0.1636910237118279,0.032887616774706974,586.1961502083428,-6.688536921049575
3.135,2.309085434013318,2.2791306320165217,0.1490268410764557,0.02995480199679612,390.79743347564937,-9.679675526402328
3.14,2.309687012213107,2.282257011484308,0.136402747739814,0.027430000728798642,586.1961502104854,-9.219073614869608
3.145,2.310303668910014,2.285578789668832,0.1228782208642396,0.024724879241181608,-390.79743347491825,-8.70859579151518
3.15,2.310934886739783,2.289095966570092,0.108449289956793,0.021838920169690912,1758.5884506287816,-13.69495736128308
3.155,2.311580121411989,2.2920269473211423,0.0970212511225755,0.01955317409084678,1172.3923004208868,-11.597249457227107
3.16,2.3122359868742053,2.2957395229391384,0.0817394037515124,0.016496463935066874,-3517.1769012577797,5.048579435256201
3.165,2.3129010965618835,2.3002336934240817,0.0625966126512881,0.012667403137801792,-1758.5884506311222,19.246505662238057
3.17,2.313578715366917,2.3033600728918686,0.0503571199660656,0.010218642475048334,2149.3858841031206,20.957238785965366
3.1750000000000003,2.314271642939131,2.306681851076392,-0.0007303435866761,0.007589791862739226,586.1961502113809,16.07110213484745
3.18,2.31498231872358,2.310199027977652,-0.0007245943688442,0.004783290745927982,-1172.3923004220148,9.953498496319071
3.185,2.3157127177825187,2.313520806162176,-0.0007165445150827,0.0021919116203426015,-1367.7910171576962,7.688843417664685
3.19,2.316462868046329,2.316842584346699,-0.0007055039927455,-0.0003797163003698145,-586.1961502088515,5.4471337941169224
3.1950000000000003,2.3172342745905423,2.3195781663810124,-0.0006920709355478,-0.0023438917904701206,1172.392300420561,-6.340007473394792
3.2,2.3180280521785823,2.3219229509818526,-0.0006778740102936,-0.003894898803270319,976.9935836830978,-19.596022197841975
3.205,2.3188417604969964,2.3242677355826924,-0.0006630659905943,-0.005425975085695978,-586.1961502103246,-21.050065124371727
3.21,2.3196715311128657,2.3266125201835326,-0.0006454687756749,-0.00694098907066687,-586.1961502100125,-17.341691407752798
3.215,2.3205155794796832,2.328566507350899,-0.0006267903644114,-0.008050927871215752,390.7974334737298,-17.367689511333722
3.22,2.321372254784055,2.330325095801529,-0.0453703019236115,-0.008952841017474178,586.1961502099693,-13.927863564047641
3.225,2.322238389847195,2.3318882855354226,-0.048834419815514,-0.009649895688227605,-390.79743347321335,-4.300057293560137
3.23,2.323112855502639,2.333451475269316,-0.0522542148792776,-0.010338619766677049,-586.1961502089105,2.177795493024398
3.235,2.323996263735967,2.3348192662864724,-0.0546536180561364,-0.01082300255050539,781.5948669451251,0.8921475884426258
3.24,2.324889033211324,2.33560086115342,-0.0540716853014365,-0.010711827942095908,390.7974334707833,-6.93583718856307
3.245,2.325791378941493,2.33677325345384,-0.0553953195834123,-0.010981874512347112,-781.5948669457975,-13.713544887535466
3.25,2.326701680057699,2.3375548483207864,-0.0547213082030361,-0.010853168263087465,-195.39871673402718,-8.391026803452032
3.255,2.327616799626584,2.338141044470996,-0.0530454060434031,-0.010524244844412056,390.797433473463,0.8391400774595503
3.26,2.328537082496876,2.3385318419044694,-0.0503660498473136,-0.009994759407593534,195.39871673489677,-2.0002339661578787
3.265,2.3294641347644363,2.338727240621206,-0.0466741877647736,-0.009263105856769815,5.596803021035157e-10,-10.028283863334773
3.27,2.3303960796689327,2.3389226393379428,-0.0003237318993634,-0.008526559669010059,390.7974334742984,-13.628026908349543
3.275,2.3313313841210843,2.338727240621206,-0.0002900398349546,-0.007395856500121756,390.7974334723434,-14.09422573658462
3.28,2.3322686432900053,2.338727240621206,-0.0002550350646036,-0.006458597331200799,195.3987167360253,-5.495731939220745
3.285,2.3332049196696194,2.3385318419044694,-0.0002201302893308,-0.0053269222348499845,390.7974334742636,6.508165555487559
3.29,2.3341406791343577,2.3383364431877327,-0.0001853055101206,-0.004195764053374962,-195.39871673602536,-0.12500928704533276
3.295,2.3350792456781027,2.3383364431877327,-0.0001539952072564,-0.00325719750963005,-195.3987167368779,-17.895498586426235
3.3000000000000003,2.336018695367545,2.338141044470996,-0.0001243463256371,-0.0021223491034509934,390.79743347227407,-18.998796099936477
3.305,2.336954237137247,2.33794564575426,-9.94770605097263e-05,-0.0009914086170126346,-195.3987167371882,-4.6543708313607635
3.31,2.337884796490981,2.33794564575426,-7.728132874379203e-05,-6.084926327876161e-05,-195.39871673605134,7.307667061980695
3.315,2.338810895250952,2.337750247037523,-5.837458349905012e-05,0.001060648213428994,390.79743347284256,9.859704996984199
3.3200000000000003,2.339734328133834,2.3375548483207864,-4.209902747126208e-05,0.002179479813047447,-195.3987167368779,4.6721058407672125
3.325,2.3406565276862805,2.3375548483207864,-2.9078582649031647e-05,0.0031016793654941033,-195.3987167354222,-1.1929423521909657
3.33,2.3415771500011013,2.3373594496040493,-1.86622267912473e-05,0.004217700397052049,586.1961502111762,-3.221628105052046
3.335,2.3424958065490724,2.3371640508873126,-1.0329142105019824e-05,0.005331755661759807,-1.102185009926894e-09,-3.3542454343650263
3.34,2.343412069150431,2.3371640508873126,-3.6626743560378423e-06,0.006248018263118382,-781.594866947425,-4.632888313551357
3.345,2.3443255102112226,2.3371640508873126,1.6704998431477428e-06,0.007161459323909991,2.0242558622160292e-09,-8.277119876823864
3.35,2.345235731336389,2.336968652170576,4.786879370501707e-06,0.00826707916581304,586.1961502086009,-9.88184094779946
3.355,2.346141005784418,2.33677325345384,0.0468460416358844,0.00936775233057796,-2.8421931475009536e-09,-8.37206175560663
3.36,2.3470398594390973,2.33677325345384,0.051342304392178,0.010266605985257193,-195.39871673488838,-12.351717572867933
3.365,2.3479324114277107,2.336577854737103,0.0567836535052463,0.011354556690607698,-195.3987167351726,-18.352243359347433
3.37,2.348816081396801,2.336577854737103,0.0612032798197549,0.012238226659698093,195.39871673601658,-11.442208323445762
3.375,2.349687375423528,2.3363824560203663,0.0665377647123148,0.013304919403161808,781.5948669477613,4.8367179067555455
3.38,2.3505460449661406,2.336187057303629,0.0718089229492577,0.014358987662511424,-195.39871673683456,11.922995994953112
3.385,2.3513944555635464,2.3363824560203663,0.075074635904757,0.01501199954318011,-781.5948669485879,4.9295487551166985
3.39,2.3522345868650225,2.3363824560203663,0.0792758152538621,0.015852130844656198,5.684341886080413e-10,-2.4381444740147558
3.395,2.353065574843761,2.3363824560203663,0.0834300232611023,0.016683118823394683,195.3987167376959,-1.2738612304030568
3.4,2.3538866366422027,2.3363824560203663,0.0875335965843168,0.01750418062183634,-5.68434188608016e-10,1.0027917286965717
3.405,2.354698295119697,2.3363824560203663,0.0915905004365939,0.018315839099330766,-5.684341886080413e-10,-2.9779522122893454
3.41,2.35550092043645,2.3363824560203663,0.0956013660323698,0.019118464416083558,8.526512829121062e-10,-9.690746913408645
3.415,2.3562936191830843,2.3363824560203663,0.0995630509751517,0.019911163162718015,0.0,-12.719262324764195
3.42,2.3570744602955527,2.3363824560203663,0.1034658095051811,0.02069200427518636,-8.526512829121061e-10,-10.432495390657849
3.4250000000000003,2.357841856287008,2.3363824560203663,0.1073016318366058,0.021459400266641726,5.684341886080413e-10,-3.996314416954121
3.43,2.3585945369571863,2.3363824560203663,0.1110641090868197,0.022212080936820033,5.68434188608016e-10,3.496488241407903
3.435,2.359332573936079,2.3363824560203663,0.1147535531007384,0.022950117915712553,-5.68434188608016e-10,7.3907160495448
3.44,2.360057154106933,2.3363824560203663,0.1183758612505731,0.023674698086566526,-5.684341886080413e-10,7.093390912304976
3.4450000000000003,2.360769268618537,2.3363824560203663,0.1219359596450485,0.02438681259817077,5.684341886080413e-10,4.567992789074822
3.45,2.3614697024608424,2.3363824560203663,0.1254377495257344,0.025087246440476108,2.8421709430396387e-10,-0.4180707597377946
3.455,2.362159033725296,2.3363824560203663,0.1288841023833294,0.025776577704929693,0.0,-4.564236713236006
3.46,2.362836750011704,2.3363824560203663,0.132272441043635,0.026454293991337696,-2.8421709430396387e-10,-0.6566349810533865
3.465,2.3635014511855954,2.3363824560203663,0.1355957526957026,0.027118995165229087,-5.684341886080413e-10,7.38105918628829
3.47,2.364153732522804,2.3363824560203663,0.1388570040078349,0.027771276502437825,5.684341886080413e-10,7.310788090533009
3.475,2.3647958643644547,2.3363824560203663,0.1420675389169583,0.028413408344088342,5.68434188608016e-10,2.136183668424472
3.48,2.3654280310533298,2.3363824560203663,0.1452282729220305,0.029045575032963455,-5.68434188608016e-10,1.4837002757437219
3.485,2.366049584049964,2.3363824560203663,0.1483359583537558,0.029667128029597478,-5.684341886080413e-10,-1.337314150473972
3.49,2.366661781786948,2.3363824560203663,0.1513968833975258,0.030279325766581877,195.39871673716215,-8.657320310307966
3.495,2.367264093942399,2.3363824560203663,0.1544083932618555,0.030881637922032468,195.39871673686926,-6.138260642105159
3.5,2.36785364740951,2.3363824560203663,0.157356119867074,0.03147119138914389,-390.7974334734543,5.552630688612524
3.505,2.3684307367214488,2.336577854737103,0.1592645402588125,0.03185288198434577,-195.39871673605128,11.354993940530875
3.51,2.368997489660373,2.336577854737103,0.1620982788860166,0.032419634923269935,390.79743347369515,9.51590552148371
3.515,2.3695550650178023,2.336577854737103,0.1648861348192302,0.03297721028069933,-1.9895460775276245e-09,7.959414475918276
3.52,2.370104663533478,2.33677325345384,0.166657117130778,0.0333314100796378,-1.3950511856819503e-09,12.809865691848813
3.525,2.370646594736982,2.33677325345384,0.1693656096419497,0.03387334128314201,2.0242474363385984e-09,19.370969148441176
3.53,2.3711831284433,2.336968652170576,0.1710692036249432,0.03421447627272389,-390.7974334719899,15.510782169201828
3.535,2.371718135744679,2.3371640508873126,0.172765581776229,0.03455408485736644,195.39871673744634,5.683042324164456
3.54,2.3722522553589878,2.3371640508873126,0.175434848030227,0.035088204471675155,586.1961502099961,2.778536731398221
3.545,2.372785198823063,2.3373594496040493,0.1771203561530544,0.035425749219013536,-195.3987167388328,4.792586467772064
3.5500000000000003,2.373317727322865,2.3375548483207864,0.1788042325772872,0.03576287900207875,-781.5948669477093,3.443936029725314
3.555,2.373850562508865,2.33794564575426,0.179511853187212,0.035904916754605054,390.7974334737733,-4.594698468736267
3.56,2.3743843369214006,2.33794564575426,0.1821786707277255,0.036438691167140824,976.9935836840882,-13.434784285379317
3.565,2.3749176707381143,2.338141044470996,0.1838655524500487,0.036776626267118306,-586.1961502090827,-11.431228770391051
3.5700000000000003,2.375447489456125,2.338727240621206,0.1835802801071675,0.036720248834918756,-586.1961502099527,-0.29379032838575014
3.575,2.3759730887265267,2.3389226393379428,0.1852274245701547,0.03705044938858393,390.7974334731789,7.060540735323935
3.58,2.376495753698268,2.339313436771416,0.1858825254573894,0.03718231692685192,1.4210854715202306e-09,7.3353889223431565
3.585,2.3770165226837725,2.339704234204889,0.1865278436144328,0.03731228847888346,-195.3987167374376,5.3833687567819855
3.59,2.377536190188565,2.340095031638363,0.1871674121287071,0.037441158550202136,195.3987167340096,3.4436248975565027
3.595,2.3780553079987743,2.340485829071836,0.187804038378696,0.03756947892693807,390.7974334742895,1.6081113989227367
3.6,2.378574182295773,2.3408766265053096,0.1884392920295364,0.03769755579046352,195.39871673856604,0.07523711332169292
3.605,2.37909288829643,2.341462822655519,0.188096586588514,0.03763006564091098,-5.854872142663226e-10,-1.0498177991277169
3.61,2.3796113381312907,2.3420490188057297,0.1877513509374922,0.03756231932556098,-390.7974334742897,-2.6300384524798837
3.615,2.380129338813853,2.342830613672676,0.1864270265963238,0.03729872514117716,-390.79743347338524,-5.468838571119177
3.62,2.380646607877319,2.343612208539623,0.1850991646836866,0.03703439933769603,195.3987167369042,-7.123758448699721
3.625,2.381162029512591,2.3441984046898328,0.1847391556329795,0.03696362482275806,-195.3987167357325,-5.410326814967562
3.63,2.3816745226952865,2.345175398273516,0.1824105942873949,0.03649912442177028,-3.4498270906624384e-10,-3.06895143893324
3.635,2.3821838366341948,2.3457615944237262,0.1820201855985375,0.036422242210468525,390.79743347255805,-3.2228038506329
3.64,2.382689672258378,2.346543189290673,0.1806354411190088,0.03614648296770495,-781.59486694603,-5.472386864938267
3.645,2.383191691227226,2.3475201828743564,0.1782546592724324,0.03567150835286981,-195.39871673652405,-7.9207870811622065
3.65,2.3836888337627435,2.3481063790245664,0.1778035140212164,0.035582454738177116,1172.3923004189332,-10.926416450443863
3.655,2.3841801209048192,2.3486925751747765,0.1773231170785106,0.03548754573004276,195.39871673635258,-13.145886476876036
3.66,2.3846640864213016,2.3496695687584594,0.1748532952208801,0.03499451766284212,2.0673951439675875e-09,-7.236056524676812
3.665,2.385138199250524,2.350451163625406,0.1733109896551229,0.03468703562511788,195.39871673831655,4.698033228861497
3.67,2.3856022843475757,2.351428157209089,0.1707413807604273,0.034174127138486554,-1367.791017158299,7.1807124970767475
3.675,2.386058690207816,2.3527959482262464,0.1661792516467795,0.03326274198156964,-781.5948669483471,-1.4035548755926186
3.68,2.386508125574794,2.353577543093193,0.1645142914836884,0.03293058248160108,976.993583683682,-4.764601056025764
3.685,2.386948774489192,2.35435913796014,0.16280508143051,0.032589636529052335,195.39871673593004,0.633405679478841
3.69,2.387380206548082,2.3553361315438237,0.1600725394143664,0.03204407500425832,2.2382096176443156e-10,2.5824734373730465
3.695,2.387803687493596,2.3561177264107696,0.1582781822934611,0.03168596108282662,586.1961502116837,-0.7382980862741988
3.7,2.3882191606731182,2.3568993212777163,0.1564445438453461,0.03131983939540195,-586.1961502100396,-2.3169433438868197
3.705,2.388626011694466,2.3580717135781364,0.1526132632813583,0.030554298116329814,-781.5948669465719,-2.2667920853807217
3.71,2.389024249651817,2.358853308445083,0.1506936193984771,0.030170941206733914,781.5948669454356,-2.110081237274791
3.715,2.389413430148457,2.35963490331203,0.1487292600790223,0.029778526836427233,781.594866944617,-0.8869838126187517
3.72,2.3897932066920924,2.360416498178977,0.1467183384881259,0.029376708513115357,-976.9935836809271,-1.0387803445173844
3.725,2.390163832774333,2.361588890479396,0.1427080434177625,0.028574942294937067,-976.9935836811675,-3.813721855012176
3.73,2.390525144810132,2.3623704853463434,0.140605458078445,0.0281546594637887,781.594866944609,-4.215323139076773
3.735,2.390876180791748,2.362956681496553,0.1394287202886192,0.027919499295194772,976.9935836817795,1.420463255216582
3.74,2.391216250284081,2.3637382763635,0.137220343858061,0.027477973920580823,-195.39871673518152,7.862020455887119
3.745,2.391546258877564,2.3645198712304465,0.1349618128447503,0.02702638764711729,-781.5948669454701,7.661143633582306
3.75,2.3918679435771946,2.36549686481413,0.1316847887076946,0.02637107876306466,-2.273736754432369e-09,2.7684358758506846
3.755,2.392181929052236,2.3660830609643404,0.1303245017182468,0.02609886808789552,390.79743347235245,0.6242680174764956
3.76,2.392487885833106,2.3668646558312867,0.1279480745568161,0.02562323000181932,-195.39871673397525,2.5980575526330902
3.765,2.3927859597516403,2.367646250698233,0.1255318804299142,0.025139709053407344,8.52544473548132e-10,5.016480229186065
3.77,2.393076701319833,2.3682324468484435,0.1240568861717879,0.024844254471389604,-195.39871673831618,4.667839815793961
3.775,2.39336094903333,2.36901404171539,0.1215731234859394,0.02434690731793987,-390.7974334737558,0.6440936832077391
3.78,2.3936394065176048,2.3696002378656,0.1200368086213849,0.02403916865200495,586.1961502108223,-3.0765419663213542
3.785,2.3939115647371203,2.369991035299073,0.1194466654835239,0.023920529438047122,586.1961502108312,-2.170971247325113
3.79,2.394176645520105,2.3705772314492832,0.1178446811527705,0.023599414070821556,-390.79743347459976,0.8019313605689149
3.795,2.3944347303210454,2.3711634275994937,0.1162069984107205,0.023271302721551645,-390.79743347602084,1.2740563602178518
3.8,2.394686247356085,2.3717496237497038,0.1145370521981447,0.022936623606381268,390.79743347426347,-0.0009887193629580793
3.805,2.3949312477164653,2.3721404211831767,0.1138119764831261,0.022790826533288566,390.7974334768214,0.24810167786764126
3.81,2.3951694860819064,2.3727266173333863,0.1120764654394752,0.022442868748520084,-586.1961502100478,2.0276127429486905
3.815,2.395401115934661,2.373312813483597,0.1103082064161814,0.0220883024510643,-781.5948669483208,2.7942658633162303
3.82,2.3956266097992462,2.3738990096338064,0.1085095031190792,0.021727600165439842,195.39871673683442,1.2575108439715876
3.825,2.3958463625883755,2.374094408350543,0.10863627014569,0.021751954237832383,586.1961502094186,-1.2350750745338246
3.83,2.396060412773968,2.374485205784017,0.1077576813978328,0.0215752069899513,195.39871673542225,-1.7679627853805115
3.835,2.3962682451884527,2.3746806045007536,0.1078251180396466,0.02158764068769914,-195.39871673627474,0.11610188096367224
3.84,2.396469659930997,2.3750714019342265,0.106883569267294,0.021398257996770642,-195.3987167348625,1.719430652259316
3.845,2.396664995772107,2.375266800650963,0.1068886967948233,0.021398195121143715,1.1107772479590494e-09,1.87394189253952
3.85,2.396854467372215,2.3754621993677,0.1068657150558753,0.021392268004515103,-195.39871673774783,1.083097770900988
3.855,2.397038333769991,2.375657598084437,0.1068145266962578,0.021380735685553987,-1.9981882815045537e-09,-0.5486704415591639
3.86,2.3972167090395136,2.375657598084437,0.1077138819516852,0.021559110955076566,390.7974334728685,-2.3847457893556445
3.865,2.397389342279875,2.375657598084437,0.1085841814395765,0.021731744195438107,195.398716738273,-3.8107758155104214
3.87,2.397555836262452,2.375657598084437,0.109423508141159,0.02189823817801484,5.684341886079277e-10,-4.97581881347859
3.875,2.3977156365559704,2.375657598084437,0.110230295359375,0.022058038471533425,0.0,-5.935952590050682
3.88,2.3978680382652136,2.375657598084437,0.1109996826659211,0.02221044018077656,-5.684341886079277e-10,-6.522737132853123
3.885,2.3980122407794635,2.375657598084437,0.1117277484052672,0.022354642695026516,-1.1368683772160825e-09,-7.47186204762172
3.89,2.398147379095209,2.375657598084437,0.1124102326783028,0.022489781010771814,1.1368683772160825e-09,-37.190188513424985
3.895,2.3982726322132217,2.375657598084437,0.1130430825836467,0.02261503412878474,1.136868377216032e-09,-156.9552279062318
3.9,2.3983863868903907,2.375657598084437,0.1136182735815471,0.022728788805953748,-1.136868377216032e-09,-352.38115777614894
3.905,2.398459620668731,2.375657598084437,0.1139895765628926,0.02280202258429398,-1.1368683772160825e-09,-534.2687731279942
3.91,2.3984281064228523,2.375657598084437,0.1138361126052147,0.02277050833841532,1.1368683772160825e-09,-680.5168718031853
3.915,2.3982208249882158,2.375657598084437,0.1128029912494021,0.022563226903778766,1.136868377216032e-09,-722.0579301676848
3.92,2.397738268919466,2.375657598084437,0.1103928395595543,0.02208067083502918,-1.136868377216032e-09,-545.2807198900609
3.925,2.396875728299872,2.375657598084437,0.1060822393846998,0.02121813021543506,-1.1368683772160825e-09,-322.27701958156695
3.93,2.395594816450064,2.375657598084437,0.0996793624741564,0.019937218365627007,1.1368683772160825e-09,-311.26395756197417
3.935,2.3938790498838105,2.375657598084437,0.0911018755136846,0.01822145179937351,1.136868377216032e-09,-421.89846673077227
3.94,2.391675471995065,2.375657598084437,0.080085062766596,0.016017873910628033,-1.136868377216032e-09,-400.8119001945488
3.945,2.3889195257824687,2.375657598084437,0.0663061930609214,0.013261927698031695,-1.1368683772160825e-09,-177.87388997040216
3.95,2.3855583370877373,2.375657598084437,0.0495009386731121,0.009900739003300352,1.1368683772160825e-09,22.015649245655823
3.955,2.3815963440956525,2.375657598084437,-2.2050747117079816e-06,0.005938746011215468,1.136868377216032e-09,-25.092598059300144
3.96,2.377065537838112,2.375657598084437,-1.7640597693663856e-06,0.001407939753674814,-1.136868377216032e-09,-104.65314718761738
3.965,2.3719315204726072,2.375657598084437,-1.4112478154931083e-06,-0.003726077611829748,-1.1368683772160825e-09,34.35314138168951
3.97,2.366171981648128,2.375657598084437,-0.0474292111797988,-0.009485616436308852,-390.7974334729032,219.70940259752797
3.975,2.3598204017661457,2.375657598084437,-0.0791868847900583,-0.01583719631829128,-586.1961502094709,282.5191747230733
3.98,2.352912021659169,2.375657598084437,-0.1137286046852236,-0.022745576425267977,195.39871673771316,285.31350763567
3.985,2.345482697378865,2.375266800650963,-0.1489210944075964,-0.02978410327209824,4.354205884737894e-11,235.31923793806186
3.99,2.337568177045956,2.3750714019342265,-0.1875154367192036,-0.03750322488827029,-781.5948669480022,46.732316165413295
3.995,2.3292037208184007,2.3746806045007536,-0.2273815679143823,-0.04547688368235292,3.099103196291253e-10,-158.9442337675912
4.0,2.3203757670464293,2.3738990096338064,-0.2676093318996515,-0.05352324258737706,586.1961502106082,-87.19583572628153
4.005,2.311030204400919,2.37311741476686,-0.3104224958810946,-0.062087210365941115,-195.398716737153,193.9330821625233
4.01,2.30117584742682,2.3721404211831767,-0.3548005224245769,-0.07096457375635667,-586.1961502102716,335.17557703092825
4.015,2.290874952290693,2.3711634275994937,-0.4014083972205884,-0.08028847530880068,195.39871673683422,330.8326339215662
4.0200000000000005,2.280162351269289,2.3696002378656,-0.4471403964860141,-0.0894378865963108,-1172.3923004206579,323.77693807674495
4.025,2.269073140064752,2.3682324468484435,-0.495729700886058,-0.09915930678369156,-2540.1833175771135,197.90882656636632
4.03,2.2576661112077616,2.3664738583978133,-0.5439519148892109,-0.1088077471900517,1172.3923004212147,-2.1396697161462725
4.035,2.245948544661176,2.3631520802132897,-0.5859022145184507,-0.11720353555211371,2735.5820343136115,44.2801718514811
4.04,2.233885036068802,2.36022109946224,-0.6315315885417272,-0.12633606339343784,390.7974334717493,320.1504437666483
4.045,2.221499026410248,2.3570947199944534,-0.6777927759104023,-0.13559569358420553,390.79743347402297,523.9266231405052
4.05,2.2088634060242622,2.353577543093193,-0.7233427707077466,-0.14471413706893088,195.39871673896255,591.0105504492362
4.055,2.1960447357557333,2.350451163625406,-0.7717600951719423,-0.15440642786967285,-1172.3923004215756,547.3515302779408
4.0600000000000005,2.18312514769728,2.3469339867241463,-0.8187253457279778,-0.16380883902686616,-390.7974334750192,348.1486377406837
4.065,2.17017668324808,2.3434168098228865,-0.8658339878452465,-0.17324012657480647,1758.588450632357,88.72749693719773
4.07,2.157217612618138,2.339118038054679,-0.90908459389782,-0.18190042543654084,1367.7910171558103,-83.93739435576501
4.075,2.144243017525033,2.33560086115342,-0.9563229231333468,-0.19135784362838715,-976.9935836851994,-96.79135767044819
4.08,2.131229528283771,2.3318882855354226,-1.0027815809117162,-0.2006587572516514,-1953.987167364146,22.55283842061479
4.085,2.118159801192234,2.3283711086341623,-1.0505018527935788,-0.2102113074419285,195.39871673800624,81.73376446365698
4.09,2.105064103336509,2.3242677355826924,-1.0954248929199055,-0.21920363224618322,2344.7846008393058,44.00475196916412
4.095,2.0919495870881035,2.319773565097749,-1.1384934543015963,-0.2278239780096456,195.39871673637057,91.14035006234269
4.1,2.0788030715408152,2.316451786913226,-1.187589457007093,-0.23764871537241072,-390.79743347442934,190.13176453739055
4.105,2.065656379964609,2.312153015145019,-1.2318069087604269,-0.2464966351804101,390.797433471506,226.58757555546126
4.11,2.0525375732467497,2.308635838243759,-1.2797961898542607,-0.2560982649970094,-1172.3923004196304,249.9538836255564
4.115,2.039470311586292,2.3051186613424988,-1.3275315192589177,-0.26564834975620677,-2540.1833175747543,222.47492801627024
4.12,2.026494196029873,2.301210687007765,-1.3728589996944471,-0.2747164909778923,-1367.7910171575186,8.787265768151713
4.125,2.013641335836776,2.297498111389769,-1.4185498420316365,-0.28385677555299305,3907.9743347325557,-298.4670290942553
4.13,2.0008954148181983,2.2916361498876685,-1.4529623253432005,-0.2907407350694702,2735.5820343161713,-390.9452562351303
4.135,1.9881782399818289,2.2879235742696715,-1.4979794700184068,-0.29974533428784267,-1953.9871673655773,-214.74651638641723
4.14,1.9754427625826316,2.2838202012182016,-1.5411341604638855,-0.30837743863557,195.39871673286768,-37.946673191129804
4.1450000000000005,1.9626900787652135,2.2791306320165217,-1.581445068508048,-0.31644055325130815,586.1961502074114,33.82097815488864
4.15,1.9499214928067847,2.2758088538319985,-1.6286765255097884,-0.32588736102521376,-390.79743347127317,116.9398449022193
4.155,1.9371389055137431,2.2713146833470548,-1.6701165440560466,-0.33417577783331165,195.398716738289,227.17310180355724
4.16,1.9243654264688168,2.2681883038792683,-1.7183492393865287,-0.3438228774104515,-1563.189733895239,255.6642864831898
4.165,1.911641660072318,2.2640849308277984,-1.7614489640674995,-0.3524432707554803,-2344.784600840724,134.96098661164814
4.17,1.899001736670529,2.261153950076748,-1.8099918836858528,-0.36215221340621917,2149.3858841055617,-47.1324428224317
4.175,1.886454006727421,2.2558781847248577,-1.846351421893504,-0.36942417799743676,3712.575617998345,-57.260396455980185
4.18,1.873965384398533,2.252361007823598,-1.8912084212328912,-0.3783956234250647,-781.5948669461716,157.44405398914228
4.1850000000000005,1.8615288130362275,2.248843830922337,-1.9358040611392868,-0.38731501788610956,-1953.9871673684142,319.9105006348438
4.19,1.8491991092563709,2.2455220527378144,-1.9808426231968868,-0.3963229434814435,-1367.7910171589026,259.5716990578323
4.195,1.8370235230527312,2.242200274553291,-2.025111960717048,-0.40517675150056,-390.79743347260046,95.49016273723714
4.2,1.8250228217446816,2.238683097652031,-2.067529820690658,-0.41366027590734933,1563.189733894952,-21.262857514444022
4.205,1.8131977084759876,2.234579724600561,-2.1061375619686777,-0.4213820161245734,586.1961502106053,-13.645937703757113
4.21,1.8015320120262,2.231453345132774,-2.1488333790322005,-0.4299213331065741,-390.7974334737373,76.68044728007317
4.215,1.7900301064484825,2.227545370798041,-2.1868024209699355,-0.43751526434955834,-195.3987167374364,113.62079209846411
4.22,1.778713034163223,2.2244189913302543,-2.227755393635554,-0.44570595716703143,-781.5948669462539,39.47080134843554
4.225,1.7675973974174957,2.2207064157122574,-2.2647703061368056,-0.4531090182947617,-1172.3923004193712,-72.27468638097935
4.23,1.7566795089478464,2.2173846375277337,-2.302750543052515,-0.4607051285798873,-195.3987167367651,-128.935148264237
4.235,1.7459390521843736,2.213281264476264,-2.3359357100045948,-0.4673422122918902,1563.1897338926456,-123.0162589680416
4.24,1.7353591616936934,2.209177891424794,-2.368318095914298,-0.4738187297311005,1563.189733892397,-84.9961779064746
4.245,1.724926135600856,2.205074518373324,-2.399966200092055,-0.48014838277246796,390.79743347373727,-9.222072443154389
4.25,1.714628976141794,2.201361942755327,-2.43288899047412,-0.48673296661353294,-195.3987167345971,80.77927660252612
4.255,1.7044736514890348,2.19764936713733,-2.4651026325893204,-0.4931757156482952,-1758.5884506284108,106.27280077358648
4.26,1.6944797302197054,2.194327588952807,-2.498463265566464,-0.49984785873310145,-3126.3794677879414,18.24570509934108
4.265,1.6846623791255122,2.190810412051547,-2.52996407057362,-0.5061480329260348,-3.852278496196959e-09,-133.87668549175635
4.2700000000000005,1.675017696728199,2.1863162415666038,-2.555716577369461,-0.5112985448384049,3517.176901259165,-234.60680738844195
4.275,1.6655105642153858,2.1814312736481867,-2.578827358128635,-0.5159207094328009,1758.5884506328462,-260.79315863848353
4.28,1.6561089989817863,2.1773279005967163,-2.6053182852690338,-0.52121890161493,-586.1961502089027,-265.5450983888983
4.285,1.6467835999512708,2.1730291288285097,-2.630451394564384,-0.526245528877239,-195.39871673800633,-203.98074316688775
4.29,1.6374928438218277,2.1691211544937765,-2.657365281924976,-0.5316283106719488,390.7974334728861,-41.56737816629261
4.295,1.6282159412347763,2.165017781442306,-2.683232912312516,-0.5368018402075299,195.39871673686798,97.66029422934461
4.3,1.618965250505156,2.1615006045410463,-2.7118993174621937,-0.5425353540358904,-1172.392300419268,93.8225069987047
4.305,1.6097660206877362,2.1577880289230493,-2.739331657265608,-0.5480220082353131,-1953.9871673655725,-1.6936513890291565
4.3100000000000005,1.600623879325999,2.1546616494552624,-2.7694097217803995,-0.5540377701292634,976.9935836830457,-37.98645613980821
4.315,1.5915276608171478,2.150167478970319,-2.7924193659359715,-0.5586398181531713,781.5948669441777,52.3405054494458
4.32,1.5824670366329707,2.1466503020690597,-2.820136125579383,-0.564183265436089,-1953.9871673675539,128.09839430673537
4.325,1.573462875166874,2.1431331251677994,-2.847570666986628,-0.5696702500009254,1367.7910171589383,24.431547173833735
4.33,1.5645470629315192,2.1382481572493823,-2.867724583437765,-0.5737010943178631,2149.385884104709,-137.58919500390343
4.335,1.55569976213122,2.1347309803481225,-2.8943749588261216,-0.5790312182169024,-976.9935836826415,-149.23434964345893
4.34,1.5468883897688182,2.130823006013389,-2.918891753678989,-0.5839346162445707,-586.1961502100212,-34.88458524431411
4.345,1.5381007325151823,2.1271104303953923,-2.944267005628807,-0.58900969788021,-195.3987167404612,62.054725534309185
4.3500000000000005,1.5293417827952227,2.123397854777396,-2.96949875115592,-0.5940560719821735,-1563.1897338946892,37.37907815747354
4.355,1.520630901733515,2.1196852791593987,-2.994490178388313,-0.5990543774258839,-195.39871673287186,-90.19993781606297
4.36,1.51196929673627,2.115777304824665,-3.018258251711941,-0.6038080080883952,2149.3858841047104,-169.40352224793932
4.365,1.503327648864378,2.1108923369062484,-3.037041587488172,-0.6075646880418704,-1172.392300422069,-147.34655435632106
4.37,1.4946807316541426,2.107765957438462,-3.0646442250075,-0.6130852257843193,-1953.9871673678408,-128.32890666601872
4.375,1.4860215703855228,2.1028809895200453,-3.083515150804184,-0.6168594191345225,1953.9871673672726,-124.22497118849076
4.38,1.4773287409944844,2.098191420318365,-3.1035314189875085,-0.6208626793238805,1563.189733895239,-71.0538604766968
4.385,1.4685843373902827,2.0936972498334216,-3.1247825583730284,-0.6251129124431389,1367.7910171586086,-7.0561794424664015
4.39,1.4597890997861065,2.089007680631741,-3.1453108794168894,-0.6292185808456343,390.7974334708606,19.4238355334314
4.3950000000000005,1.4509448960181794,2.084904307580272,-3.169015016224281,-0.6339594115620923,-2540.1833175799875,27.572141289037916
4.4,1.4420547518495654,2.081582529395748,-3.1968568327248192,-0.6395277775461827,586.1961502115928,48.31180891527072
4.405,1.43312267010475,2.076892960194068,-3.218068234544732,-0.6437702900893183,2735.582034315317,107.52852757377923
4.41,1.4241532693261527,2.073375783292808,-3.245328425214806,-0.6492225139666552,-1953.9871673658486,168.71907673903272
4.415,1.4151659714589078,2.070249403825021,-3.274633424398641,-0.6550834323661132,-3321.7781845236495,142.92975114046575
4.42,1.406192180743441,2.0671230243572345,-3.3038708063862745,-0.6609308436137935,195.39871673544684,43.750120513832734
4.425,1.397243519157392,2.0630196513057646,-3.328097509658557,-0.6657761321483726,1758.5884506305822,-13.635797057824846
4.43,1.3883144158525704,2.0595024744045043,-3.3551573501558734,-0.6711880585519339,1563.1897338942106,40.049074316912964
4.4350000000000005,1.379399063320715,2.055399101353034,-3.3792174143414067,-0.676000038032319,195.39871673500608,159.15897063252976
4.44,1.3705063388564818,2.0522727218852475,-3.4080492727505267,-0.6817663830287657,-2735.582034314996,181.7156352592615
4.445,1.3616726530231964,2.0489509437007243,-3.435608917735846,-0.6872782906775279,-2540.183317576172,-0.5021974200758734
4.45,1.3529271087258108,2.0456291655162007,-3.462726683533532,-0.6927020567903899,2149.3858841047086,-216.07619464959558
4.455,1.344246003900094,2.0409395963145207,-3.4826835098404163,-0.6966935924144266,2540.1833175778793,-208.56668664465462
4.46,1.3355762232631356,2.037031621979787,-3.5064918599009003,-0.7014553987166514,-2540.1833175764596,-56.70546225730228
4.465,1.3269030397567585,2.033514445078527,-3.532271347765975,-0.7066114053217687,-976.9935836841606,-33.08661720210537
4.47,1.318245115781812,2.029020274593584,-3.5530896790875808,-0.7107751588117719,4298.771768205281,-103.66025081025354
4.4750000000000005,1.3095870551309308,2.024135306675167,-3.571954793847174,-0.7145482515442361,1367.791017154491,-66.79051539862164
4.48,1.300900699664636,2.020618129773907,-3.5978004075501677,-0.719717430109271,-2540.183317576887,28.4440688545806
4.485,1.292194389771804,2.017100952872647,-3.623745849210282,-0.7249065631008431,-1953.9871673644304,76.96786748824017
4.49,1.2834761843962117,2.013192978537913,-3.64779797593621,-0.7297167941417013,-781.594866946342,101.16614154598199
4.495,1.274753487748231,2.0098712003533903,-3.6748033454708073,-0.7351177126051593,2540.183317574753,75.98964449315295
4.5,1.2660485378440265,2.004790833718237,-3.692925733430077,-0.7387422958742105,2149.385884103572,-4.5668771210246035
4.505,1.2573655152017578,2.00166445425045,-3.72070967675353,-0.7442989390486923,-1563.189733891827,-39.79575160628115
4.51,1.2486937496525732,1.9979518786324533,-3.745506208370304,-0.7492581289798801,-976.9935836823388,21.934175265829943
4.515,1.2400259052552631,1.9946301004479297,-3.7722370050029057,-0.7546041951926665,-1367.7910171577726,90.61797178289294
4.5200000000000005,1.231372024070244,1.9911129235466696,-3.7979208988766353,-0.7597408994764256,-1563.1897338954068,49.302683104315975
4.525,1.2227565920840116,1.9877911453621464,-3.824389465849128,-0.7650345532781349,2930.980751052023,-16.82353601935384
4.53,1.2141739790688248,1.982906177443729,-3.842877929704134,-0.7687321983749043,2344.7846008418624,62.58115630601388
4.535,1.2056068783711105,1.979584399259206,-3.869104732967016,-0.7739775208880955,-2735.582034314747,183.73193449009017
4.54,1.197082791112295,1.9762626210746828,-3.895116430896018,-0.7791798299623878,-976.9935836834942,162.27482793468428
4.545,1.1886393452728643,1.972354646739949,-3.917793910465536,-0.7837153014670848,1563.1897338938165,74.91675054467794
4.55,1.1802821921351443,1.968446672405216,-3.940039902117295,-0.7881644802700718,-195.398716736318,30.044174515322823
4.555,1.1720162676172077,1.9651248942206925,-3.964760711893824,-0.7931086266034848,586.1961502091921,7.472364623562555
4.5600000000000005,1.1638470988879162,1.9610215211692223,-3.985090902930332,-0.7971744222813062,390.7974334716687,12.420370671755677
4.565,1.1557676895786546,1.957699742984699,-4.008880028671944,-0.8019320534060443,-2540.183317575975,29.603748102466113
4.57,1.147784983735237,1.954573363516912,-4.033162436644434,-0.8067883797816751,-586.1961502094713,7.713840670504794
4.575,1.1399060315278795,1.9504699904654423,-4.05204095329934,-0.8105639589375628,1758.5884506292648,-25.542421752934388
4.58,1.1321254504252078,1.946562016130709,-4.071404483839407,-0.814436565705501,390.79743347345453,-33.110960443992326
4.585,1.1244390073055517,1.9428494405127124,-4.091274218708007,-0.8184104332071607,781.5948669477602,-19.990322600446973
4.59,1.1168429565360758,1.938746067461242,-4.108737925186274,-0.8219031109251662,195.39871673709533,21.020125500928486
4.595,1.1093335059512268,1.9352288905599824,-4.128699547914811,-0.8258953846087556,-2540.1833175776947,53.186589131645974
4.6000000000000005,1.101917511745239,1.9319071123754588,-4.149170831470606,-0.8299896006302196,-390.7974334736588,12.663495912508552
4.605,1.0946105475904049,1.9278037393239889,-4.165188949746206,-0.833193191733584,2344.7846008409415,-21.746714400274413
4.61,1.087402302641832,1.923504967555782,-4.179736445855061,-0.83610266491395,-586.1961502094713,38.13955346700567
4.615,1.0802827957190009,1.9201831893712584,-4.198725193712219,-0.8399003936522575,-586.1961502106082,67.20215541491967
4.62,1.0732755825114528,1.915884417603052,-4.212267484241418,-0.8426088350915992,976.99358368321,-18.347461606822833
4.625,1.0663883898904805,1.9117810445515817,-4.226186648754926,-0.8453926546611013,-1758.5884506289822,-101.26403751911755
4.63,1.0596045535095164,1.908459266367058,-4.2434969930699245,-0.8488547128575417,-390.79743347203345,-115.74188507595375
4.635,1.0529089826432367,1.9035742984486412,-4.252550050475477,-0.8506653158054045,2540.1833175755546,-105.92038931053708
4.64,1.046287951598504,1.899470925397172,-4.265138374574782,-0.853182973798668,1172.3923004175742,-98.02118854183817
4.6450000000000005,1.0397288320921927,1.8951721536289647,-4.276440140571696,-0.855443321536772,9.038103598868474e-10,-80.67834086159911
4.65,1.0332198563891035,1.891459578010968,-4.290422162842271,-0.8582397216218645,-586.1961502085688,-33.00290181923984
4.655,1.0267499170488088,1.887747002392971,-4.304208998929852,-0.8609970853441622,-1172.3923004214976,17.728237188238808
4.66,1.020319589540456,1.884425224208448,-4.319751759529872,-0.8641056346679921,-390.79743347260046,15.032071512594626
4.665,1.0139392346112648,1.8807126485904508,-4.333090667270541,-0.8667734139791861,-781.5948669446367,-21.69356750130237
4.67,1.0076048792897483,1.8771954716891908,-4.347176568319582,-0.8695905923994425,-1563.1897338946692,-66.61004748594193
4.675,1.001311816851073,1.8736782947879311,-4.361056003164866,-0.8723664779368581,976.9935836825038,-141.73080955074954
4.68,0.9950540320694792,1.868988725586251,-4.368897086791001,-0.8739346935167718,2149.3858841037522,-180.77392761426046
4.6850000000000005,0.9888010537207466,1.8650807512515173,-4.380622111442249,-0.8762796975307707,976.9935836826579,-104.42626354943276
4.69,0.9825253170700968,1.8607819794833107,-4.390506939519466,-0.8782566624132139,8.662937034387141e-11,-2.010464005621813
4.695,0.9762261712926734,1.857069403865314,-4.403439793248601,-0.8808432325726405,-1563.1897338932495,0.4671790968302503
4.7,0.969914308028054,1.853552226964054,-4.417413227411,-0.8836379189360001,-390.7974334737387,-69.58034255518733
4.705,0.9635851591028468,1.8496442526293209,-4.429519102239849,-0.886059093526474,1367.7910171572314,-112.65389746399235
4.71,0.9572214721224463,1.8457362782945872,-4.441797666969369,-0.8885148061721408,-586.1961502097555,-93.51852386914089
4.715,0.9508084368087116,1.842414500110064,-4.457253953816372,-0.8916060633013524,-1953.9871673663133,-21.58151812194876
4.72,0.94433415545581,1.838701924492067,-4.471062483451656,-0.894367769036257,586.1961502104002,55.085303640833814
4.7250000000000005,0.9378024858863974,1.8347939501573332,-4.484180960393657,-0.8969914642709358,2540.1833175755246,45.55650617118522
4.73,0.9312307765100218,1.8304951783891268,-4.495545649049388,-0.899264401879105,-390.79743347453314,-49.224946662625854
4.735,0.9246223916395474,1.82736879892134,-4.512955676554733,-0.9027464072817927,-1563.189733893248,-78.54986672313541
4.74,0.9179568917912552,1.8236562233033435,-4.527720298099738,-0.9056993315120884,976.9935836843454,44.97091462724637
4.745,0.9112189291214978,1.8197482489686096,-4.541870240089679,-0.9085293198471118,-5.6701310313656e-10,184.70684713662814
4.75,0.904433951432786,1.8166218695008236,-4.560163231446163,-0.9121879180680376,-976.9935836840612,202.33906742831925
4.755,0.8976370692468758,1.8129092938828264,-4.575584764487214,-0.9152722246359506,-976.9935836812217,142.99525096704167
4.76,0.8908466622817507,1.8093921169815663,-4.591950914967728,-0.9185454546998156,-2344.7846008388296,60.33967915612507
4.765,0.88407915108311,1.8058749400803065,-4.608202586583583,-0.9217957889971965,586.1961502077731,-49.57399517294625
4.7700000000000005,0.8773380195891154,1.8009899721618894,-4.617483404564632,-0.923651952572774,4689.569201677574,-114.87853131838378
4.775,0.870605514309355,1.7963004029602097,-4.627698085037562,-0.9256948886508547,1953.9871673669072,-56.95872162817018
4.78,0.8638584493597091,1.7920016311920028,-4.639939551010781,-0.9281431818322937,-2930.9807510482087,36.759329316994
4.785,0.8571012803942949,1.788875251724216,-4.658093498551737,-0.931773971329921,-781.5948669469103,40.13716604532732
4.79,0.8503509928719029,1.7843810812392726,-4.669374083781235,-0.9340300883673698,1563.189733892397,7.116083930327628
4.795,0.8436032086672455,1.780668505621276,-4.6845501267483405,-0.9370652969540306,-781.5948669452009,36.759542496583535
4.8,0.8368557872917417,1.7773467274367525,-4.701678342730286,-0.9404909401450108,-390.7974334726374,107.81180915130281
4.805,0.830118415212137,1.7732433543852826,-4.714848337892594,-0.9431249391731455,-586.1961502126567,152.98962487234127
4.8100000000000005,0.8234095921617213,1.770116974917496,-4.732760555823047,-0.9467073827557748,-1172.3923004205826,129.17398463202375
4.815,0.8167547118381198,1.7662090005827624,-4.746495085781233,-0.9494542887446427,976.9935836859057,57.86936835166165
4.82,0.8101653971067161,1.762105627531292,-4.758924794191977,-0.951940230424576,390.79743347373727,14.026942535281535
4.825,0.803641272529828,1.7583930519132955,-4.772981388835464,-0.9547517793834676,-586.1961502108924,32.19257122978621
4.83,0.7971810714950768,1.7542896788618254,-4.784764608631092,-0.9571086073667486,781.5948669469091,64.69613162963265
4.835,0.7907921242297961,1.7501863058103553,-4.796191743603525,-0.9593941815805592,1367.791017157233,42.15940272246371
4.84,0.784488807898033,1.7460829327588854,-4.807190871127693,-0.9615941248608524,195.39871673749036,-16.626447737619173
4.845,0.7782719630696533,1.7423703571408884,-4.819711746077769,-0.9640983940712351,-1172.3923004204912,-27.531345773212138
4.8500000000000005,0.7721307657183061,1.7388531802396283,-4.832831471446735,-0.9667224145213222,-390.7974334746866,2.027968979690172
4.855,0.766064162601661,1.7351406046216318,-4.844601307434802,-0.9690764420199708,976.9935836832256,-13.369812227752504
4.86,0.7600794136101252,1.731428029003635,-4.855961933098356,-0.9713486153935098,195.398716737155,-76.38688943373941
4.865,0.7541707507948012,1.7281062508191116,-4.868896163289047,-0.9739355000243104,-1367.7910171566616,-108.47390280233728
4.87,0.7483213817612615,1.7247844726345882,-4.881533963163478,-0.9764630908733267,-1563.189733892964,-72.41257504759503
4.875,0.7425153407596391,1.7214626944500648,-4.893955153752453,-0.9789473536904257,195.39871673772058,-30.248946535777264
4.88,0.7367481962689124,1.7175547201153312,-4.903252055895034,-0.9808065238464188,1367.7910171569472,-67.23088423172356
4.885,0.731025519921127,1.7136467457805982,-4.912326407050388,-0.9826212258594712,-195.39871673699582,-128.14458744927452
4.89,0.7253296081865424,1.7099341701626012,-4.9222426103455685,-0.9846045619760588,-781.594866947959,-102.61105522431717
4.8950000000000005,0.7196340573950322,1.706026195827868,-4.931180110799248,-0.9863921384328358,586.1961502087971,-47.21932236463713
4.9,0.713937472926701,1.7017274240596612,-4.938168868835705,-0.9877899511329602,1367.791017157645,-41.475087096076805
4.905,0.7082383421261323,1.6978194497249277,-4.947125556953381,-0.9895811075987954,1758.58845063097,-23.835959788984493
4.91,0.7025245711670257,1.693520677956721,-4.954200127378847,-0.9909961067896952,390.7974334731688,35.59155303080037
4.915,0.6967968990273303,1.6903942984889342,-4.967206250315165,-0.9935973994616039,-1758.5884506301174,75.79854970757529
4.92,0.6910670669477265,1.6870725203044108,-4.979246247451988,-0.9960054533566843,-3126.379467785928,67.54529149205554
4.925,0.6853453196516571,1.6841415395533608,-4.99319986230622,-0.9987962199017036,-2735.582034312371,8.973518735047232
4.93,0.6796407588185109,1.6806243626521005,-5.004136607668957,-1.0009836038335895,1953.987167364546,-80.76372424510848
4.9350000000000005,0.6739511492906036,1.6759347934504207,-5.009136669862742,-1.001983644159817,4689.569201677667,-113.92811261585926
4.94,0.668254620298113,1.6714406229654772,-5.015148350850596,-1.0031860026673642,1172.3923004202995,-48.35986714468096
4.945,0.6625336242199269,1.6677280473474807,-5.025190363911637,-1.0051944231275538,-2344.784600839022,17.575708894668573
4.95,0.656794723273919,1.6642108704462204,-5.036298912743451,-1.0074161471723015,-2149.3858841030024,11.531802493323333
4.955,0.6510443845724809,1.6606936935449603,-5.0474646646308,-1.0096493089724794,781.5948669466248,-14.195971532729196
4.96,0.6452786434548224,1.6565903204934902,-5.055776459270911,-1.0113116770386679,2344.7846008410083,-5.284830319212226
4.965,0.6394949621507594,1.6526823461587568,-5.065154957564892,-1.0131873840079972,-586.1961502097796,42.01091639465863
4.97,0.6336921848692907,1.6493605679742336,-5.077559923807488,-1.015668383104943,-2540.1833175787215,100.49563679025076
4.9750000000000005,0.6278800721244419,1.6460387897897102,-5.090011573215409,-1.0181587176652682,390.7974334730078,128.27194417006223
4.98,0.6220773584337173,1.64193541673824,-5.098508257696716,-1.0198580583045227,2540.1833175779902,111.029892347788
4.985,0.6163002101303207,1.6382228411202433,-5.108831106151744,-1.0219226309899225,-1172.392300419511,48.40783353664722
4.99,0.6105624360922745,1.634705664218983,-5.119934079858097,-1.0241432281267087,-4103.373051470843,-41.13594334171556
4.995,0.6048664060607426,1.6317746834679334,-5.133759316678446,-1.0269082774071907,1953.9871673667042,-69.21400346620463
5.0,0.5991958256784977,1.6264989181160432,-5.13573338416457,-1.0273030924375455,4103.373051470844,9.42108669008256
5.005,0.5935375239723659,1.6225909437813095,-5.14448501488904,-1.0290534198089436,-2540.1833175764596,67.53586849797274
5.01,0.587908313188921,1.6192691655967864,-5.156022172977634,-1.0313608524078655,-2344.7846008396755,7.494681197279519
5.015,0.5823229849518807,1.6147749951118429,-5.161479107973136,-1.0324520101599621,2735.582034311489,-53.19125053916312
5.0200000000000005,0.5767674344920412,1.6104762233436365,-5.1677639184193165,-1.0337087888515955,3321.7781845215627,-6.809612944763089
5.025,0.5712302836804833,1.6059820528586928,-5.172978403482969,-1.0347517691782095,-586.196150208438,67.28760248600312
5.03,0.5657199983373211,1.6028556733909058,-5.18489759960431,-1.0371356750535847,-2930.98075104906,60.047100447211065
5.035,0.5602526105452309,1.5995338952063825,-5.195626531197547,-1.0392812846611514,-976.9935836840598,-14.25634072525557
5.04,0.5548332923272458,1.595821319588386,-5.204160951041812,-1.04098802726114,-586.1961502103225,-51.44268110278712
5.045,0.5494500126465697,1.5924995414038623,-5.214469023998033,-1.0430495287572925,5.6701310313656e-10,-7.6103698449971375
5.05,0.5440930601210899,1.5883961683523924,-5.220737373748449,-1.0443031082313023,1758.5884506303846,37.9937540340202
5.055,0.5387710473033969,1.5842927953009225,-5.226830934483859,-1.0455217479975256,976.9935836827112,34.809154227829254
5.0600000000000005,0.5334916913490076,1.5805802196829255,-5.234665125689254,-1.047088528333918,-586.1961502106432,38.162472843141785
5.065,0.5282537082697455,1.576672245348192,-5.241315401030645,-1.0484185370784465,-781.5948669468919,63.90245114781402
5.07,0.5230639951652286,1.5733504671636689,-5.250655260925612,-1.0502864719984402,586.1961502100382,54.063332930954004
5.075,0.5179361580184607,1.569051695395462,-5.254800736054416,-1.0511155373770014,8.526512829121202e-10,6.646605850024088
5.08,0.5128738740208997,1.5659253159276751,-5.264480377292087,-1.0530514419067756,-1367.7910171560932,-18.26859218944358
5.085,0.5078724598824724,1.5620173415929417,-5.269948821341425,-1.0541448817104693,-1172.3923004195108,-1.4059198840513716
5.09,0.502927974521871,1.5583047659749452,-5.276109366079147,-1.055376791453074,586.1961502099587,13.161881244178915
5.095,0.4980443452695912,1.554201392923475,-5.28001029374312,-1.0561570476538837,3517.1769012572877,9.920219161451996
5.1000000000000005,0.4932248907482575,1.5493164250050584,-5.279682444085647,-1.056091534256801,-195.398716738777,27.501967533847164
5.105,0.4884649760610603,1.5461900455372717,-5.287851044204883,-1.0577250694762115,-3517.1769012583745,35.677802395520814
5.11,0.4837745429192224,1.5424774699192747,-5.292741071041835,-1.0587029270000523,2149.385884104709,-20.353099730528356
5.115,0.4791618542244155,1.5377879007175947,-5.292357259881668,-1.0586260464931794,3126.379467786496,-67.85739866210324
5.12,0.4746126088371604,1.534270723816335,-5.297518075411002,-1.0596581149791744,-2540.1833175775937,-31.460832584856007
5.125,0.4701146266599252,1.5311443443485482,-5.304376467437732,-1.061029717688623,-2930.9807510504797,33.76967242474154
5.13,0.4656712311034094,1.5278225661640248,-5.309984857081283,-1.0621513350606153,976.9935836849138,61.20713373953055
5.135,0.4612918325350046,1.5237191931125544,-5.311365226892827,-1.0624273605775498,1953.9871673677712,51.04606382578223
5.14,0.4569841793903941,1.5202020162112944,-5.3153178018910765,-1.0632178368209002,195.3987167343639,23.585965900822544
5.1450000000000005,0.4527546789833926,1.5164894405932978,-5.317902580861298,-1.063734761609905,-1758.5884506314878,6.572907996541517
5.15,0.4486024997619395,1.513363061125511,-5.3230317036497885,-1.0647605613635716,-1172.3923004179846,10.973654828163376
5.155,0.4445267519709914,1.509650485507514,-5.324847663730671,-1.0651237335365225,1953.9871673672696,3.1976426923563963
5.16,0.4405327651260438,1.505547112456044,-5.32430081207096,-1.0650143473300002,976.9935836829243,-27.755060830826608
5.165,0.4366190251526284,1.502029935554784,-5.326283690930057,-1.0654109104021554,-2540.183317576457,-48.83670749358049
5.17,0.4327781731253984,1.4987081573702603,-5.328879110942247,-1.065929984244862,-195.39871673686937,-44.20529881081262
5.175,0.4290037434674728,1.4946047843187906,-5.327234434613452,-1.065601040851318,3712.5756179977316,-18.68458431384181
5.18,0.4252898870525098,1.4903060125505836,-5.324309890358371,-1.0650161254980737,586.1961502099977,7.688018638111089
5.1850000000000005,0.4216367016167132,1.487179633082797,-5.326943946207335,-1.065542931466084,-3126.3794677888354,1.955517442716939
5.19,0.4180492223230636,1.4840532536150106,-5.32924946614378,-1.066004031291947,-1367.7910171560136,-30.528149985307294
5.195,0.4145255876189889,1.4803406779970136,-5.328304778219872,-1.0658150903780248,-390.79743347203475,-52.169157119481866
5.2,0.4110581344545037,1.4768235010957538,-5.328056172852562,-1.06576536664125,-781.5948669471948,-58.725383417343664
5.205,0.407639873324314,1.4727201280442836,-5.324630623899409,-1.0650802547199696,1953.987167366704,-68.72537443193781
5.21,0.4042644542897101,1.4682259575593402,-5.319036875170311,-1.0639615032696301,3907.974334735396,-60.41954834884807
5.215,0.4009208333492712,1.46353638835766,-5.312307140682186,-1.0626155550083887,8.285496733151376e-10,-4.945306455056311
5.22,0.3975994564542507,1.4602146101731368,-5.312305139689137,-1.0626151537188862,-3517.1769012626623,47.205873060444816
5.2250000000000005,0.394308048145511,1.456697433271877,-5.311176301090108,-1.062389385126366,-2344.784600841139,27.167409503980863
5.23,0.39105819564167,1.4527894589371433,-5.307885695426501,-1.0617312632954734,976.9935836850957,-42.594949036770856
5.235,0.3878487235860951,1.4486860858856732,-5.303416193239712,-1.0608373622995781,3517.1769012605223,-90.00181319685274
5.24,0.3846678392614731,1.4436057192505198,-5.293918783921204,-1.0589378799890468,195.39871673601672,-76.4152309813719
5.245,0.3815002647219861,1.4404793397827331,-5.294124761067024,-1.058979075060747,-2930.9807510493456,-17.314670401590263
5.25,0.3783383855004625,1.4361805680145263,-5.288440299763462,-1.0578421825140638,-195.39871673630094,32.60591728676018
5.255,0.3751862563222026,1.4322725936797929,-5.284661075124979,-1.0570863373575903,2735.582034312759,37.99731820493202
5.26,0.3720525196882367,1.427583024478113,-5.276881913201517,-1.0555305047898762,781.5948669475215,21.32840169060276
5.265,0.3689393043040314,1.423870448860116,-5.273885112764643,-1.0549311445560845,-2735.5820343127707,2.456931827118723
5.2700000000000005,0.365848239143,1.4205486706755923,-5.272731548232851,-1.0547004315325923,-1367.791017157058,-27.840696986978585
5.275,0.3627807370691625,1.416054500190649,-5.2655982066458575,-1.0532737631214866,781.5948669467343,-43.00792608496045
5.28,0.3597280007965808,1.4123419245726525,-5.26229901029361,-1.0526139237760717,2149.385884102721,-10.649628780967873
5.285,0.3566827139206101,1.407456956654236,-5.253100605381243,-1.050774242733626,586.1961502091871,31.72875736432058
5.29,0.3536487967228934,1.403744381036239,-5.249707313519733,-1.0500955843133457,-2344.78460083959,32.98324878223083
5.295,0.3506345852295927,1.4002272041349793,-5.247192486671849,-1.0495926189053866,1758.5884506318228,4.718026410870479
5.3,0.3476423556793022,1.3953422362165622,-5.237728794984745,-1.04769988053726,2540.183317577804,-9.421185231849648
5.305,0.3446693342448924,1.3920204580320388,-5.235985011357001,-1.0473511237871465,-2344.784600841341,7.06475788432823
5.3100000000000005,0.3417133956922175,1.388894078564252,-5.2351328068797,-1.0471806828720345,-2344.7846008410156,29.95030957699504
5.315,0.3387775397812769,1.385376901662992,-5.232226202006711,-1.046599361881715,-390.79743347263593,25.49764054038573
5.32,0.3358689815195247,1.3820551234784686,-5.23016010245574,-1.0461861419589438,781.5948669471918,-1.6926462353694944
5.325,0.3329891521483243,1.3779517504269985,-5.224042384104701,-1.044962598278674,390.79743347316884,-19.891638406264605
5.33,0.3301346108017637,1.3744345735257386,-5.220729206371451,-1.0442999627239749,2.842170943040461e-10,-21.07692100111126
5.335,0.3273024786997986,1.3705265991910052,-5.215349995239807,-1.0432241204912065,976.9935836840625,-17.202791386773356
5.34,0.3244903919005282,1.366423226139535,-5.208893564004566,-1.0419328342390068,781.5948669461317,-9.497937121494914
5.345,0.3216964425146988,1.363101447955012,-5.206253269871872,-1.0414050054403132,781.594866945192,5.629616683499108
5.3500000000000005,0.318919122024431,1.3589980749035415,-5.199622086954478,-1.0400789528791106,-2344.784600840649,14.063069794338261
5.355,0.3161615456559029,1.3564578915859649,-5.200708316120132,-1.040296345930062,-3517.1769012592267,12.291730741906804
5.36,0.3134264307901565,1.3529407146847048,-5.19679741707128,-1.0395142838945484,2735.5820343141786,27.083437309514693
5.365,0.3107118511932061,1.3482511454830246,-5.186921997950603,-1.0375392942898185,3712.575617996252,51.33471783125469
5.37,0.3080246099284461,1.3447339685817647,-5.182770792730651,-1.0367093586533187,-781.5948669471918,49.747830642099814
5.375,0.3053744425639175,1.3412167916805044,-5.178434523417029,-1.035842349116587,-3321.778184522229,23.068206981201683
5.38,0.3027649941571311,1.3380904122127175,-5.17585004096789,-1.0353254180555864,-2540.183317576174,-19.305242091186585
5.385,0.3001990675986792,1.3345732353114577,-5.171093927538538,-1.0343741677127785,3126.379467785709,-58.42129670143362
5.39,0.2976706516831927,1.3296882673930412,-5.159311278151641,-1.0320176157098486,3321.778184522642,-50.345920827235034
5.3950000000000005,0.2951664210553996,1.3257802930583074,-5.152292648119138,-1.0306138720029079,-2149.385884104042,-6.641178756180324
5.4,0.292683161209929,1.3226539135905209,-5.149077120809319,-1.0299707523805919,-390.79743347265025,14.315199654619036
5.405,0.2902261570132523,1.3181597431055774,-5.138891346009394,-1.027933586092325,781.594866947476,7.689138872884797
5.41,0.2877958815585847,1.314837964921054,-5.134433877673241,-1.0270420833624692,-1367.7910171563774,-1.822748207587253
5.415,0.2853925906718915,1.311320788019794,-5.128864483850909,-1.0259281973479024,-586.1961502100396,-13.295842349451732
5.42,0.2830165018680323,1.307022016251587,-5.119251098029573,-1.0240055143835547,-976.9935836834957,-22.5135368479106
5.425,0.2806638992831096,1.3038956367838006,-5.115382236815575,-1.023231737500691,1758.58845063045,-18.309654516997085
5.43,0.2783317262959223,1.2986198714319104,-5.100664293552316,-1.020288145135988,3321.778184522418,-2.8853303597117304
5.4350000000000005,0.2760175693100583,1.2949072958139138,-5.09367221523986,-1.0188897265038555,-1367.791017158178,7.468444348510104
5.44,0.2737232451877373,1.2913901189126538,-5.087557963223729,-1.0176668737249166,-1563.1897338922136,2.8183728931872167
5.445,0.2714507154223787,1.287677543294657,-5.08035774346339,-1.0162268278722784,1367.7910171572314,-0.5633309537948747
5.45,0.2691985269878266,1.2839649676766602,-5.073055815148448,-1.0147664406888337,-1367.79101715723,10.984612629450893
5.455,0.2669661559929636,1.2806431894921368,-5.067608785281969,-1.0136770334991732,-3126.379467786212,19.179893873904476
5.46,0.2647570083652361,1.2777122087410866,-5.063999624530816,-1.0129552003758504,2540.18331757802,10.943834661390156
5.465,0.2625748756344424,1.2724364433891966,-5.048531465317703,-1.0098615677547542,3126.379467787522,13.828806958062074
5.47,0.2604178692138396,1.2695054626381466,-5.0446615967793615,-1.009087593424307,-1563.1897338948381,43.005938089726314
5.4750000000000005,0.2582878181814761,1.2655974883034131,-5.035771982758627,-1.007309670121937,-2149.3858841052966,61.155498327184404
5.48,0.2561949383405948,1.2624711088356266,-5.030604486616993,-1.0062761704950318,-390.79743347222666,43.42063156678742
5.485,0.2541479895721553,1.2585631345008927,-5.021299360379835,-1.0044151449287375,1758.5884506312545,15.144409384042092
5.49,0.2521493712438297,1.254459761449423,-5.010775588039565,-1.0023103902055934,1172.3923004199344,1.779292146437001
5.495,0.2501988104380463,1.2509425845481628,-5.002942508582542,-1.0007437741101164,-390.79743347331384,0.5709979260622617
5.5,0.2482963123329279,1.2472300089301662,-4.99389212183444,-0.9989336965972383,-586.1961502107488,3.5340807942682204
5.505,0.2464420600712956,1.2439082307456428,-4.986554492873016,-0.9974661706743473,-195.3987167361574,12.820821161554619
5.51,0.2446363326058155,1.2403910538443828,-4.9779960960567085,-0.9957547212385672,-390.7974334713641,26.95850618346313
5.515,0.2428812725526974,1.2368738769431225,-4.969184592106072,-0.993992604390425,-781.5948669478199,31.740254923007825
5.5200000000000005,0.2411822528836537,1.233747497475336,-4.962048207504249,-0.9925652445916823,1563.1897338909398,21.40342306857403
5.525,0.2395434063884349,1.2294487257071294,-4.948748912652824,-0.9899053193186944,976.9935836839774,6.6882791763796945
5.53,0.2379658134213662,1.2265177449560791,-4.941982238943726,-0.9885519315347129,-2149.385884101581,-7.050561219408081
5.535,0.2364498650015773,1.2231959667715555,-4.93295215212887,-0.9867461017699782,-781.5948669469062,-18.329072411341258
5.54,0.234993702498129,1.2196787898702957,-4.922646329746865,-0.9846850873721666,390.79743347260046,-19.479186792140666
5.545,0.2335935978309049,1.215966214252299,-4.911083374678643,-0.982372616421394,-1367.7910171556712,-15.526329143860437
5.55,0.2322475910415308,1.2124490373510388,-4.900228194027559,-0.980201446309508,195.39871673726861,-23.777443968507384
5.555,0.2309551256896255,1.2081502655828322,-4.8851971978727295,-0.9771951398932067,2735.582034311048,-40.796162906758695
5.5600000000000005,0.2297119527224275,1.203460696381152,-4.867965645441661,-0.9737487436587245,-195.39871673848245,-47.465419249963645
5.565,0.2285106711337704,1.199943519479892,-4.856386511871719,-0.9714328483461215,-390.7974334718431,-43.60357340738675
5.57,0.2273459913779128,1.1954493489949485,-4.8397393326207485,-0.9681033576170357,2930.980751050907,-36.72077834835511
5.575,0.2262127687440901,1.191150577226742,-4.823911806464396,-0.9649378084826518,195.39871673601533,-23.549711026548223
5.58,0.2251061034345791,1.1880241977589552,-4.81381341128547,-0.962918094324376,-2540.183317576458,-6.738648309863535
5.585,0.224024697742236,1.1847024195744316,-4.8026116893145305,-0.9606777218321956,-1172.3923004186568,4.701353228071625
5.59,0.2229687391813998,1.1813806413899082,-4.791282703588065,-0.9584119022085084,-2540.1833175761526,3.260733849819246
5.595,0.2219397194798982,1.1780588632053848,-4.7798190010865325,-0.9561191437254866,-1758.5884506318293,-15.34595019042203
5.6000000000000005,0.2209385999716029,1.1743462875873882,-4.766261792468886,-0.9534076876157853,4689.569201679224,-36.48505758447621
5.605,0.2199610946909264,1.1686797248020246,-4.742816562490139,-0.9487186301110982,3321.7781845240033,-38.31670252949106
5.61,0.2190003398549982,1.1651625479007646,-4.730034498199232,-0.9461622080457663,-2344.7846008398747,-24.01393843424502
5.615,0.2180523383177365,1.1612545735660311,-4.715234671040474,-0.9432022352482946,-2.8558133635669947e-10,-9.760915817907048
5.62,0.2171156421290561,1.1571512005145612,-4.699401316189406,-0.9400355583855051,1172.392300420362,1.7640467888213962
5.625,0.216189436421894,1.1534386248965642,-4.685469490205537,-0.9372491884746702,-1367.7910171560945,12.419492502360455
5.63,0.2152747458779587,1.1503122454287775,-4.674411064442524,-0.9350374995508188,-976.9935836827808,18.124589277093897
5.635,0.2143741530501878,1.1464042710940443,-4.659374171992706,-0.9320301180438565,-586.1961502103268,17.006894251772316
5.64,0.2134900705942083,1.1432778916262578,-4.6481638491615,-0.9297878210320495,-586.1961502119434,11.152375598612991
5.6450000000000005,0.2126246127918948,1.1391745185747877,-4.631975202697977,-0.9265499057828929,195.39871673589482,4.430247726332482
5.65,0.2117786231720566,1.1354619429567907,-4.617643016532995,-0.9236833197847341,390.79743347473635,1.3981552892586535
5.655,0.2109519680226139,1.131163171188584,-4.600283028499821,-0.9202112031659699,-586.196150209187,1.3913540087527565
5.66,0.2101448338592302,1.1270597981371138,-4.583802310107909,-0.9169149642778835,-976.9935836837783,-0.7127676065010888
5.665,0.2093576168976342,1.1227610263689072,-4.566244916913669,-0.913403409471273,2540.183317576175,-4.7723751173479485
5.67,0.2085900940097377,1.1174852610170172,-4.543702859104922,-0.9088951670072795,4103.373051470844,-2.559789038052486
5.675,0.2078408466493493,1.1129910905320737,-4.524977567091122,-0.9051502438827244,1.1880274541908875e-09,8.669121873402474
5.68,0.2071096312484617,1.109278514914077,-4.510071375052589,-0.9021688836656152,-2735.5820343144314,17.938604570409055
5.6850000000000005,0.2063990974887209,1.1059567367295535,-4.497015640166286,-0.8995576392408327,-2540.183317577812,16.84006681561783
5.69,0.2057121146972756,1.1024395598282934,-4.482865059407301,-0.8967274451310179,-976.993583682714,9.805833363082456
5.695,0.2050503080203197,1.0989223829270334,-4.468588520117851,-0.8938720749067137,1953.9871673669868,3.9459581766368217
5.7,0.2044143844229952,1.09442821244209,-4.449297535145412,-0.8900138280190949,1563.1897338933902,1.9888492955646484
5.705,0.2038042840775087,1.09091103554083,-4.43476235193907,-0.8871067514633213,-1563.1897338929655,1.4625148980938718
5.71,0.203220386383797,1.0871984599228333,-4.4191191219756645,-0.8839780735390362,-976.9935836829256,-0.8924048052705587
5.715,0.2026630145095834,1.0834858843048365,-4.403343230983165,-0.8808228697952531,976.9935836833691,-2.601538696902736
5.72,0.2021315830945791,1.07918711253663,-4.384506631398286,-0.8770555294420508,586.196150209114,-0.9491990586335675
5.7250000000000005,0.2016256069117385,1.0756699356353696,-4.369450709551094,-0.8740443287236311,-3.012701199622825e-10,0.8817876866108918
5.73,0.2011453730166445,1.0713711638671628,-4.350358085581455,-0.8702257908505183,-195.398716736318,0.37921128908121204
5.735,0.2006911120849155,1.0680493856826394,-4.336020551634222,-0.8673582735977239,-195.39871673701148,-0.453085562064274
5.74,0.20026263793768,1.0637506139144328,-4.31666910538276,-0.8634879759767529,-586.1961502096133,-0.7678682212030452
5.745,0.1998599092404034,1.0604288357299092,-4.302073891429239,-0.8605689264895058,586.1961502106067,-2.1228747869984943
5.75,0.1994829247721235,1.0561300639617026,-4.282464981715776,-0.8566471391895791,976.9935836832099,-4.644212928895016
5.755,0.199131230509981,1.0522220896269692,-4.264683602781758,-0.8530908591169881,-1367.7910171563774,-7.768156125749556
5.76,0.1988041106451879,1.0490957101591825,-4.250687321909939,-0.8502915995139946,-586.1961502099871,-11.829911426957892
5.765,0.1985004316807194,1.0444061409575025,-4.228757884438401,-0.8459057092767831,-976.9935836841071,-17.32172572371762
5.7700000000000005,0.1982184274007475,1.0412797614897158,-4.214536019470942,-0.8430613340889683,2.1856294551980682e-10,-24.1861615456
5.775,0.1979556828411916,1.036394793571299,-4.19142491145393,-0.8384391107301074,4494.170484944384,-29.581301529611096
5.78,0.1977085533130786,1.031705224369619,-4.16921272010793,-0.8339966710565404,1367.791017156805,-30.007757758384752
5.785,0.1974727978298521,1.028188047468359,-4.152805618635228,-0.8307152496385068,-4103.373051470417,-28.435466520769896
5.79,0.1972449070806516,1.0248662692838355,-4.137336185952588,-0.8276213622031839,-3321.778184523366,-32.40676711716046
5.795,0.1970217688889425,1.0211536936658387,-4.119889002416328,-0.8241319247768962,976.9935836843454,-42.14244264844248
5.8,0.1967990532369457,1.0166595231808953,-4.098531731127739,-0.8198604699439496,3712.5756179971822,-46.51299147983289
5.805,0.1965701892513456,1.0119699539792153,-4.076228207348254,-0.8153997647278697,1367.7910171547433,-39.29373392984749
5.8100000000000005,0.1963288493393124,1.008061979644482,-4.057895037075484,-0.8117331303051697,-1367.7910171576493,-30.703185489930426
5.815,0.1960715459255815,1.004349404026485,-4.04061867752674,-0.8082778581009036,-586.196150208357,-30.23513425355032
5.82,0.195795001653822,1.0004414296917516,-4.022461528389938,-0.8046464280379296,195.3987167377206,-33.14327124133749
5.825,0.1954951357261604,0.9969242527904916,-4.006374974464402,-0.8014291170643312,-781.594866946767,-28.725489847013534
5.83,0.1951672750462208,0.9932116771724948,-3.989451400528079,-0.798044402126274,-2149.385884104423,-14.102449666638023
5.835,0.1948078153818409,0.9898898989879716,-3.974639808530533,-0.7950820836061308,195.39871673672727,-0.4808647231869685
5.84,0.1944169440266619,0.9855911272197648,-3.955100306947931,-0.791174183193103,4103.373051471702,3.8501472289205196
5.845,0.1939954824429564,0.9810969567348212,-3.9347367628277694,-0.7871014742918648,1172.3923004195594,6.536634148456557
5.8500000000000005,0.193543527730422,0.9777751785502978,-3.920387645776649,-0.7842316508198759,-4103.3730514718645,15.064656945316926
5.855,0.1930619870567357,0.9746487990825112,-3.9071634520532057,-0.7815868120257755,-2540.1833175756324,24.502578514277204
5.86,0.1925535627916497,0.9709362234645144,-3.891142695486299,-0.7783826606728647,1953.9871673678394,25.490832469118473
5.865,0.1920223938801243,0.966442052979571,-3.871326537617494,-0.7744196590994467,2149.3858841027195,18.307809968015263
5.87,0.1914715517888592,0.9625340786448376,-3.854539956398781,-0.7710625268559784,195.39871673615883,15.454201916256736
5.875,0.1909021937455912,0.9584307055933676,-3.836869145356674,-0.7675285118477764,-781.5948669460563,23.88424191249176
5.88,0.1903158025320185,0.9547181299753708,-3.8212376345336767,-0.7644023274433522,-390.7974334724598,31.765115611116784
5.885,0.1897168408550527,0.9508101556406374,-3.804692100204136,-0.7610933147855847,390.7974334736833,26.605384156471107
5.89,0.1891101992630401,0.9467067825891672,-3.7872069159144544,-0.7575965833261271,-781.594866947484,14.452759952699058
5.8950000000000005,0.1884981003241198,0.9431896056879072,-3.772680304508841,-0.7546915053637875,390.79743347289696,7.381228267744422
5.9,0.1878813473660804,0.9388908339197004,-3.754270383342704,-0.75100948655362,1367.7910171573749,8.138148063812697
5.905,0.1872604249127454,0.9347874608682304,-3.736858268659789,-0.747527035955485,-2149.3858841034316,10.75079022257382
5.91,0.1866366280694073,0.9316610814004438,-3.724345466183754,-0.7450244533310365,-781.5948669470511,7.490159259973321
5.915,0.1860119527689932,0.9269715121987636,-3.7040210851943898,-0.7409595594297704,2149.3858841035735,-0.7376478439269523
5.92,0.1853867921632433,0.9228681391472936,-3.686630093779362,-0.7374813469840503,586.1961502108924,-6.457371875363863
5.925,0.1847601740521232,0.91896016481256,-3.670223369312153,-0.7341999907604368,1172.3923004209548,-7.619824909034086
5.93,0.1841311019997445,0.9146613930443532,-3.6518749160537,-0.7305302910446088,195.39871673565904,-6.946339399326156
5.9350000000000005,0.1834986313902599,0.91133961485983,-3.638428414435056,-0.72784098346957,-3517.1769012617183,-5.758147161999554
5.94,0.1828619377540017,0.9082132353920432,-3.625980014282653,-0.7253512976380415,-2735.582034312962,-4.152645586509518
5.945,0.1822203784440042,0.90430526105731,-3.609647962363166,-0.7220848826133058,1563.1897338942429,-2.3020574543152037
5.95,0.1815735412788531,0.9000064892891031,-3.59138830791124,-0.71843294801025,3712.5756179972477,-0.45924337676678206
5.955,0.1809212625677695,0.8951215213706863,-3.5702248767252573,-0.7142002588029168,976.9935836837784,1.0803645667321717
5.96,0.1802636105168444,0.8916043444694263,-3.555927264354129,-0.7113407339525819,-1367.7910171560961,2.0624663920186563
5.965,0.179600824518179,0.8875009714179563,-3.538724338594542,-0.7079001468997772,-390.7974334732044,3.5398081669428265
5.97,0.1789332258325422,0.8839837945166963,-3.524476455119976,-0.705050568684154,-195.39871673809648,6.542159250956322
5.9750000000000005,0.1782611267616246,0.8800758201819627,-3.508297084883736,-0.7018146934203382,-390.79743347459527,6.200887094108058
5.98,0.1775859270341134,0.8767540419974394,-3.4950641974649472,-0.699168114963326,781.5948669475457,-0.2699926553280161
5.985,0.1769087114573575,0.8726506689459693,-3.477933413984393,-0.6957419574886118,195.3987167375785,-2.19819324172499
5.99,0.1762279150086523,0.8695242894781825,-3.465705502003399,-0.6932963744695302,-1367.791017157088,5.74797974497473
5.995,0.1755433086127223,0.8660071125769225,-3.45154265196828,-0.6904638039642003,-3321.7781845235063,9.99536966325877
6.0,0.1748569915629171,0.8624899356756623,-3.4373883547042303,-0.6876329441127452,-2735.582034312476,-1.1866940871385872
6.005,0.1741706662074639,0.8587773600576656,-3.4222571049860924,-0.6846066938502017,5861.96150209995,-17.88253328864669
6.01,0.173483152066571,0.8523292024053557,-3.3934538887046712,-0.6788460503387848,6448.157652308755,-17.51978691661346
6.015000000000001,0.1727895975474951,0.8482258293538855,-3.3764047970632305,-0.6754362318063903,-3321.7781845242116,-0.14042528711538083
6.0200000000000005,0.1720885139863253,0.8449040511693621,-3.363301324762888,-0.6728155371830368,-3126.379467785523,9.75988251020755
6.025,0.1713825828458995,0.840800678117892,-3.3463141158608067,-0.6694180952719926,781.5948669474774,5.417353479124937
6.03,0.1706729368968931,0.8368927037831586,-3.3303224744546838,-0.6662197668862655,-1172.3923004200792,0.2849330983067997
6.035,0.1699593819851872,0.8333755268818985,-3.316304364924922,-0.6634161448967113,-195.3987167371536,-0.5294041849524085
6.04,0.1692418381517534,0.8290767551136919,-3.2983982255854656,-0.6598349169619385,2735.582034313469,-0.25146131267917404
6.045,0.1685202798984565,0.8247779833454851,-3.2805121582784422,-0.6562577034470286,-976.9935836820731,-1.5582205813302963
6.05,0.1677946883467212,0.821260806444225,-3.26655423174484,-0.6534661180975039,-4103.373051469227,-6.681590090378151
6.055,0.1670650251243947,0.817743629542965,-3.252616663521388,-0.6506786044185703,1367.7910171542098,-10.982410166168727
6.0600000000000005,0.1663299292612151,0.8124678641910749,-3.229913316214809,-0.6461379349298597,4103.373051467699,-4.04072856223916
6.065,0.1655869360729113,0.808169092422868,-3.2121344234248728,-0.6425821563499567,781.5948669473069,11.19453681418576
6.07,0.1648365784850692,0.804065719371398,-3.195369346194396,-0.6392291408863289,-1367.791017155954,19.149049829857265
6.075,0.1640819720154444,0.8001577450366647,-3.179602506938984,-0.6360757730212203,-2149.3858841037154,14.446908951555798
6.08,0.1633258305550975,0.7968359668521413,-3.1667743233742054,-0.6335101362970438,1.4210854715202004e-10,6.783338435312524
6.085,0.1625692820018236,0.7923417963671978,-3.148086213760741,-0.6297725143653742,2149.3858841045667,5.713616549663437
6.09,0.1618121323802516,0.788629220749201,-3.133309083814524,-0.6268170883689494,7.247535904753022e-10,7.966895189052529
6.095,0.1610556493704843,0.7847212464144676,-3.1175516272184183,-0.6236655970439833,-2735.5820343146497,6.805244810798274
6.1000000000000005,0.160301197577081,0.781594866946681,-3.105693139029314,-0.6212936693696001,-586.1961502109023,6.083847671157672
6.105,0.1595490410166154,0.7772960951784743,-3.087960983136858,-0.6177470541618589,2344.7846008407255,10.289988675752367
6.11,0.1587998313903968,0.7729973234102675,-3.070213908543918,-0.6141974920198707,-195.39871673587453,13.452366261113477
6.115,0.1580555407878883,0.7694801465090074,-3.0563500659437595,-0.6114246057211191,-195.39871673644313,12.024602855512157
6.12,0.1573183238088746,0.7651813747408006,-3.0385427631126736,-0.607863050931926,-2.842170943040401e-10,13.751082903504336
6.125,0.156588601050564,0.7610780016893307,-3.021674888538781,-0.6044894006387667,-2344.7846008401584,18.305277274493687
6.13,0.1558686994353699,0.7579516222215439,-3.0096428007893405,-0.6020829227861739,2735.582034313893,16.515583125253556
6.135,0.155161972887546,0.7520896607194437,-2.983866867228778,-0.5969276878318978,2930.9807510497203,13.115966656064543
6.140000000000001,0.1544692635471571,0.748963281251657,-2.971698709560444,-0.5944940177044999,-2930.980751051101,14.557144110001744
6.1450000000000005,0.1537921718819594,0.7452507056336604,-2.9565214441713725,-0.591458533751701,-195.3987167356429,15.603312008570548
6.15,0.1531331321108925,0.7411473325821902,-2.939299901269296,-0.5880142004712977,1563.1897338942415,14.319122979458811
6.155,0.1524937551779145,0.7376301556809302,-2.924911000227836,-0.5851364005030156,-976.9935836833506,12.067809317937773
6.16,0.1518759084385845,0.7343083774964068,-2.9113914220418304,-0.5824324690578222,-976.9935836834927,8.2400367927887
6.165,0.1512810418983906,0.7307912005951467,-2.8967799334684687,-0.5795101586967562,-586.1961502104646,4.955326092410957
6.17,0.1507096603395511,0.7274694224106234,-2.8830280009256244,-0.5767597620710723,8.540723683836404e-10,3.3533006499196745
6.175,0.1501622720801805,0.7237568467926265,-2.867202104600953,-0.573594574712446,976.9935836843099,0.5404045946116725
6.18,0.1496393431398847,0.7200442711746298,-2.851253903587217,-0.5704049280347451,195.39871673525062,-5.289645088940517
6.1850000000000005,0.149140799023934,0.7165270942733698,-2.8361607655604844,-0.5673862952494357,-195.39871673770713,-12.24889837039342
6.19,0.1486654972441798,0.7130099173721096,-2.820951410672807,-0.5643444201279298,6.366462912410634e-10,-16.718522757904537
6.195,0.1482113330845624,0.7092973417541131,-2.804660520116624,-0.5610860086695506,-781.594866946197,-16.814836548598322
6.2,0.1477758737540662,0.7061709622863263,-2.7912068528187417,-0.55839508853226,390.7974334735952,-15.499684975247042
6.205,0.1473571557393077,0.7020675892348561,-2.772783174186208,-0.5547104334955484,-586.196150210041,-18.9023652172978
6.21,0.1469536578329952,0.6987458110503327,-2.758191450035973,-0.5517921532173375,-1758.588450629974,-26.450081050236683
6.215,0.1465627673031946,0.6952286341490728,-2.742560910131164,-0.5486658668458781,2149.3858841038773,-27.228938651762263
6.22,0.1461799471157495,0.6901482675139192,-2.719073891454612,-0.5439683203981698,2149.385884103125,-17.49177172748002
6.2250000000000005,0.1458017176951728,0.6870218880461326,-2.7053337120681547,-0.5412201703509598,-390.7974334742937,-9.592043865003603
6.23,0.1454275126636773,0.6825277175611891,-2.684734341480588,-0.5371002048975119,-781.5948669464856,-12.012593061924182
6.235,0.145056515143515,0.6795967368101391,-2.671934790669888,-0.5345402216666241,-781.5948669461957,-21.334620462437403
6.24,0.1446867624329137,0.675493363758669,-2.653266981240535,-0.5308066013257553,-586.1961502096133,-33.30200158755545
6.245,0.1443151470551592,0.6721715855741456,-2.6385164010266835,-0.5278564385189863,2.8279600883251987e-10,-40.1994101424403
6.25,0.1439363618029962,0.6682636112394121,-2.620870642669826,-0.524327249436416,781.5948669470511,-33.56139140677926
6.255,0.1435443114285178,0.6641602381879422,-2.6023141789296638,-0.5206159267594244,-390.797433472869,-21.042800664681934
6.26,0.1431361113637824,0.6608384600034187,-2.58774640804656,-0.5177023486396364,-586.1961502115466,-15.687218336541811
6.265000000000001,0.142710446872184,0.6563442895184753,-2.567403973852504,-0.5136338426462913,781.5948669450446,-16.385653476251335
6.2700000000000005,0.1422649683146075,0.6528271126172153,-2.552045558752221,-0.5105621443026078,2344.784600841116,-16.037718610586523
6.275,0.1417978661678214,0.6481375434155352,-2.53093328477226,-0.5063396772477138,1172.3923004210726,-7.061606514771384
6.28,0.1413065470019954,0.6450111639477484,-2.517758032298062,-0.503704616945753,-3126.379467787349,11.61902859983897
6.285,0.1407905315968193,0.6418847844799619,-2.5047062512134954,-0.5010942528831426,-2344.7846008400847,23.69888698865539
6.29,0.1402537858194313,0.6385630062954383,-2.4907811205606056,-0.498309220476007,1172.3923004205753,18.391166362033616
6.295,0.1397000621877776,0.6344596332439683,-2.4730328985677543,-0.4947595710561906,781.5948669470497,7.795894533302828
6.3,0.1391303836539038,0.6311378550594449,-2.4592724203994907,-0.4920074714055411,1.435296326235433e-10,5.605635886839032
6.305,0.1385448491070583,0.6270344820079748,-2.441683243944356,-0.4884896329009165,-390.7974334741848,11.455060142861768
6.3100000000000005,0.1379441363999461,0.6235173051067148,-2.427100935828007,-0.4855731687067687,-976.9935836842268,15.896909784126727
6.315,0.1373304979905481,0.6196093307719813,-2.410629266484841,-0.48227883278143324,976.9935836836164,13.58215194650694
6.32,0.1367064991177013,0.6153105590037747,-2.3922554102348523,-0.47860405988607346,1563.1897338941733,11.722415232835889
6.325,0.1360729057480314,0.6112071859523045,-2.3749065184072977,-0.47513428020427306,-1172.392300419582,16.389968823614065
6.33,0.1354310539591158,0.6074946103343077,-2.359552904527051,-0.47206355637519193,-390.79743347366764,22.269272163414243
6.335,0.1347837947947409,0.6033912372828377,-2.342272339303701,-0.4686074424880968,2930.9807510506944,25.40521853690817
6.34,0.1341341908930132,0.5988970667978942,-2.323049509757324,-0.464762875904881,781.5948669477759,28.17102464888233
6.345,0.13348543440284,0.5957706873301075,-2.310660247405185,-0.4622852529272675,-2344.7846008410334,30.749950932375015
6.3500000000000005,0.1328413151379303,0.5924489091455841,-2.29727103483586,-0.45960759400765383,-1172.3923004213443,31.049608571704226
6.355,0.1322059955969775,0.5891271309610607,-2.283839157400833,-0.45692113536408324,-1367.7910171565734,29.070153244695348
6.36,0.1315831766447997,0.5858053527765374,-2.270344693865367,-0.45422217613173776,-976.9935836826402,24.618477935228697
6.365,0.1309765279857253,0.5822881758752773,-2.2557923187554474,-0.45131164788955197,3321.7781845238633,18.29650665763868
6.37,0.130388845566866,0.5775986066735972,-2.235281947562319,-0.44720976110673116,2149.3858841035,13.841730484217095
6.375,0.1298216500470185,0.5742768284890738,-2.2215082844157195,-0.4444551784420553,-3907.974334732766,11.70074521684981
6.38,0.1292766184107868,0.5711504490212871,-2.2086009453993687,-0.4418738306105003,-1758.5884506298248,9.170719374465207
6.385,0.1287552035113414,0.5672424746865538,-2.191667668336068,-0.43848727117521236,3907.974334731095,7.02550816384057
6.390000000000001,0.1282581959217789,0.5625529054848736,-2.1707044763659917,-0.4342947095630947,-976.9935836856289,5.9980216040941485
6.3950000000000005,0.1277863590980683,0.5594265260170869,-2.1574303058581874,-0.4316401669190186,-5861.961502099277,2.761907168986312
6.4,0.1273406036080063,0.5557139503990901,-2.1410950393885755,-0.4283733467910838,976.9935836842062,-4.549446642006046
6.405,0.1269211148288035,0.54985198889699,-2.113881743110139,-0.4229308740681865,6252.7589355737055,-12.241377437902997
6.41,0.1265266033766379,0.5447716222618366,-2.090451721064039,-0.4182450188851987,3907.9743347337608,-15.796436723186233
6.415,0.1261549212569049,0.5394958569099465,-2.0659307079983256,-0.41334093565304164,-390.7974334734547,-14.866018458548837
6.42,0.1258039538502358,0.5359786800086865,-2.050099183001428,-0.41017472615845074,-2540.1833175765305,-11.975194323348674
6.425,0.1254719819456493,0.5322661043906898,-2.0331957824152225,-0.4067941224450405,-1172.3923004193857,-10.230261008234137
6.43,0.1251577890103414,0.5289443262061664,-2.0181575505538216,-0.40378653719582497,-1563.189733894054,-11.742440961418218
6.4350000000000005,0.1248603217007133,0.5256225480216429,-2.003035751687086,-0.40076222632092956,-2149.385884104468,-14.748609082365363
6.44,0.1245778785959465,0.5224961685538563,-1.98881587427818,-0.3979182899579098,5.826450433232822e-10,-15.817027780270699
6.445,0.1243081980811356,0.5180019980689128,-1.967693267952472,-0.3936937999877772,781.5948669476892,-16.42292552494657
6.45,0.1240494739979688,0.5144848211676527,-1.9514008786819688,-0.3904353471696839,1758.588450630119,-19.40031830747288
6.455,0.1237997940591359,0.5094044545324993,-1.9272473450563368,-0.3856046604733634,2149.385884103076,-20.946649227103634
6.46,0.1235561522908833,0.5056918789145026,-1.9099025956923936,-0.38213572662361933,-195.3987167360168,-16.833162588253007
6.465,0.1233157093164067,0.5015885058630325,-1.890587881215247,-0.3782727965466258,-2149.3858841023,-11.840578334965265
6.47,0.1230769668254629,0.4982667276785091,-1.8751726514736065,-0.37518976085304623,-781.5948669479213,-13.232345732205108
6.4750000000000005,0.1228391106903597,0.4943587533437756,-1.8568220194564609,-0.3715196426534159,2735.582034311805,-17.671951620368077
6.48,0.1226000770233726,0.490059981575569,-1.8365232961351676,-0.3674599045521964,976.9935836837301,-14.639303503934142
6.485,0.1223567658352628,0.4869336021077822,-1.822107928484626,-0.3645768362725194,-3321.7781845227264,-4.655589393056845
6.49,0.1221078109329921,0.4838072226399955,-1.807720784655321,-0.36169941170700337,-1172.392300420149,0.11684304677572754
6.495,0.121854035447612,0.4802900457387354,-1.7914037607745408,-0.3584360102911234,2149.385884103286,-2.8575294148325874
6.5,0.1215955129649283,0.4761866726872654,-1.7721794944895053,-0.35459115972233707,781.5948669470512,-3.8714072829294217
6.505,0.1213310363704541,0.4732556919362153,-1.7588469629537429,-0.3519246555657612,-586.1961502093817,0.04468202199525706
6.51,0.1210603255897664,0.4693477176014819,-1.7406606365812074,-0.34828739201171555,-1563.1897338937167,2.8351571045721045
6.515000000000001,0.1207838971965061,0.4666121355671684,-1.7283648614940963,-0.3458282383706623,-976.9935836840343,2.0381212993726514
6.5200000000000005,0.1205022934895283,0.4627041612324352,-1.710233002849843,-0.3422018677429069,781.5948669467996,0.8795386782958836
6.525,0.1202154530828727,0.4587961868977017,-1.6921273288050729,-0.338580733814829,4.248477125656791e-10,0.8625494559488978
6.53,0.1199234547855135,0.4552790099964417,-1.6760014322620638,-0.3353555552109282,1367.791017157233,1.1064142597661224
6.535,0.1196265835682321,0.4505894407947615,-1.6540379395212657,-0.3309628572265294,1367.7910171567355,2.6826842827000554
6.54,0.1193246720271779,0.4470722638935015,-1.637962760625026,-0.32774759186632363,-1367.7910171571618,4.9563549881173685
6.545,0.1190183950668441,0.4433596882755048,-1.6209310355007107,-0.32434129320866073,-1172.3923004190844,5.447860973984071
6.55,0.1187086278988042,0.4394517139407713,-1.602939814198442,-0.3207430860419671,-1172.3923004189467,5.4186306820376995
6.555,0.1183958439336968,0.4357391383227746,-1.5859407075589549,-0.3173432943890778,-586.196150211835,6.259674893752027
6.5600000000000005,0.1180807702613663,0.4312449678378312,-1.5650451047958578,-0.31316419757646485,2344.784600838527,6.5583914943792525
6.565,0.1177643487994722,0.4265553986361511,-1.543179271136902,-0.30879104983667893,3712.5756179978575,6.8125197447693635
6.57,0.1174473587897581,0.421865829434471,-1.5213162992090512,-0.3044184706447129,6.394884621840902e-10,9.530602155401294
6.575,0.1171304680556648,0.4181532538164743,-1.5043378140151176,-0.3010227857608095,-3907.974334734116,13.460464026611806
6.58,0.1168152060037243,0.4150268743486876,-1.4902821783163531,-0.2982116683449633,390.7974334736663,14.72098943637037
6.585,0.1165037323044299,0.4105327038637441,-1.4693686554924812,-0.2940289715593142,3321.7781845245026,13.556967649731023
6.59,0.1161977723672915,0.4068201282457474,-1.4523355459716882,-0.2906223558784559,-2149.385884102886,12.428749839849296
6.595,0.1158988625352039,0.404084546211434,-1.440152160067358,-0.2881856836762301,-3321.778184524649,11.106181244514378
6.6000000000000005,0.1156086148481094,0.4005673693101739,-1.4240174940819694,-0.2849587544620645,976.9935836822517,9.235506954986235
6.605,0.1153282874978266,0.3966593949754405,-1.4058803933879,-0.2813311074776139,1367.7910171569372,7.920927643251375
6.61,0.1150588396274226,0.3929468193574438,-1.388665662032483,-0.2778879797300212,195.3987167372957,7.115787949487881
6.615,0.1148012426992531,0.3892342437394471,-1.371391494489384,-0.27443300104019397,390.7974334735256,6.020929753987353
6.62,0.1145563676328743,0.3853262694047136,-1.353076578872441,-0.2707699017718393,-976.9935836835652,4.846619809466738
6.625,0.1143248439274328,0.3820044912201903,-1.3376257710568955,-0.2676796472927575,-781.5948669463406,3.874321098340694
6.63,0.1141072197942185,0.3780965168854569,-1.3191743917131908,-0.2639892970912384,1758.5884506308494,2.946824037652206
6.635,0.1139039378021752,0.3739931438339868,-1.2996742337471705,-0.2600892060318116,195.39871673579827,4.2859541774242444
6.640000000000001,0.1137152704325535,0.3704759669327268,-1.283030773794037,-0.2567606965001733,-1758.588450631156,12.634830783226114
6.6450000000000005,0.1135414711475179,0.3669587900314667,-1.2663131558769611,-0.2534173188839488,1367.7910171577416,26.83183367562858
6.65,0.1133848055020568,0.3626600182632599,-1.2456031915543022,-0.24927521276120307,1758.5884506307557,39.58568920202579
6.655,0.1132500787942442,0.3591428413619999,-1.2286913936199202,-0.24589276256775572,-2344.784600840369,49.52433668824905
6.66,0.113142656836404,0.3560164618942132,-1.2135969684964725,-0.2428738050578092,-1367.7910171565904,56.32378804334223
6.665,0.1130693464315561,0.3523038862762164,-1.1954009323717552,-0.2392345398446603,2149.385884103571,52.684923468862024
6.67,0.1130383487722833,0.3482005132247464,-1.1750392873635909,-0.23516216445246307,586.1961502103211,41.22720900342887
6.675,0.1130555978474969,0.3450741337569596,-1.1593213302108467,-0.2320185359094627,-1953.987167366228,38.489003633067796
6.68,0.1131245662331636,0.3413615581389629,-1.140413758642336,-0.22823699190579932,-1172.3923004207718,48.815757313563665
6.6850000000000005,0.1132500602510701,0.3380397799544394,-1.1231775163900308,-0.2247897197033693,1563.1897338925585,50.649414248874905
6.69,0.113439798222678,0.3335456094694961,-1.09975806911515,-0.22010581124681808,976.9935836835155,21.05412953909854
6.695,0.1137015493995892,0.330028432568236,-1.0808635047305948,-0.2163268831686468,-1563.189733893072,-24.461566189249993
6.7,0.1140346941550753,0.3263158569502393,-1.060634963668221,-0.21228116279516399,781.5948669468024,-49.660310853136735
6.705,0.1144311194225933,0.3220170851820326,-1.03715902713363,-0.20758596575943927,2149.385884103643,-58.19985885818352
6.71,0.1148847924641663,0.3181091108472991,-1.015350829167324,-0.2032243183831328,-781.594866946234,-76.71361740767657
6.715,0.1153891100092293,0.3147873326627758,-0.996220381651573,-0.1993982226535465,-1367.7910171563249,-98.63564877499564
6.72,0.1159318932910928,0.311074757044779,-0.974943612058016,-0.1951428637536862,-1.13523367301691e-09,-103.00831087482798
6.7250000000000005,0.1164988075420896,0.3075575801435189,-0.9545231762213272,-0.1910587726014293,586.1961502089366,-91.95238071961244
6.73,0.1170773609870799,0.3038450045255222,-0.9330675468460686,-0.18676764353844233,-1563.1897338927877,-79.2701363847697
6.735,0.1176572037102992,0.3003278276242621,-0.9125824614754132,-0.18267062391396288,-1953.9871673663815,-70.13279134652286
6.74,0.1182292431714078,0.2970060494397388,-0.8931133834486464,-0.17877680626833098,2344.7846008400165,-61.48140722642282
6.745,0.1187850283774734,0.291534885371112,-0.8629797953961313,-0.1727498569936386,586.196150210287,-52.29168863396319
6.75,0.1193174070527301,0.2886039046200619,-0.8456639249213541,-0.16928649756733183,-976.9935836826415,-45.97656461747778
6.755,0.1198208001363858,0.2835235379849085,-0.8177447174928826,-0.16370273784852268,2344.784600840636,-41.79197456839442
6.76,0.1202895609424128,0.2792247662167018,-0.7939067275541727,-0.15893520527428898,195.39871673566876,-35.59295173563291
6.765000000000001,0.120718542422419,0.2753167918819684,-0.7722228369862738,-0.1545982494595494,-1758.5884506309771,-27.87862055125177
6.7700000000000005,0.1211039128658876,0.2712134188304982,-0.7497798303162193,-0.1501095059646106,-781.5948669458446,-21.57518361806956
6.775,0.1214426622838372,0.2671100457790282,-0.7275697866128327,-0.14566738349519098,195.39871673733123,-17.140056829472883
6.78,0.1217325842026031,0.2628112740108214,-0.7046267730929385,-0.14107868980821828,1953.9871673666685,-11.240035316646896
6.785,0.1219715845370224,0.2581217048091414,-0.6799842893444169,-0.13615012027211898,1367.7910171566289,-1.4945152950041347
6.79,0.1221584348957299,0.254213730474408,-0.6595104570227929,-0.13205529557867807,-195.39871673647997,7.978798329429168
6.795,0.122294069146658,0.2503057561396745,-0.6392926470109491,-0.1280116869930165,-390.7974334726388,14.283847072800768
6.8,0.122379970429973,0.2467885792384145,-0.6212774424212455,-0.12440860880844148,-1172.3923004195308,19.104558306109112
6.805,0.1224180949110734,0.2434668010538911,-0.6044780781596635,-0.1210487061428177,-1953.9871673678792,21.38140982281979
6.8100000000000005,0.1224114746524052,0.2401450228693677,-0.5879024077836174,-0.1177335482169625,-390.7974334743983,20.828528394202863
6.815,0.1223627663885747,0.236432447251371,-0.56958316641537,-0.1140696808627963,1953.9871673673424,21.518061417096817
6.82,0.1222743289728493,0.2323290741999009,-0.5495085645587137,-0.1100547452270516,976.9935836841678,24.810094372470473
6.825,0.1221489121075561,0.2288118972986408,-0.5325498254365328,-0.10666298519108469,-586.1961502098607,27.1604090032629
6.83,0.1219900514527224,0.2252947203973807,-0.5157582930505239,-0.10330466894465828,-976.9935836835298,26.337688355050375
6.835,0.1218013421623901,0.221582144779384,-0.4981390004891001,-0.09978080261699392,-1563.1897338931062,24.380230144577183
6.84,0.1215858025010278,0.2184557653115973,-0.4835848327184964,-0.0968699628105695,781.594866947216,23.588265957109215
6.845,0.1213463942414317,0.2137661961099172,-0.4613340530172914,-0.0924198018684855,586.196150209235,23.780211797130463
6.8500000000000005,0.12108596234791,0.2102490192086571,-0.4450503479859715,-0.0891630568607471,-976.9935836843579,22.790615693210135
6.855,0.120807656610638,0.2061456461571871,-0.4259250274208786,-0.08533798954654911,3321.7781845243207,19.903858759395888
6.86,0.1205143112051662,0.2012606782387703,-0.402966927660872,-0.0807463670336041,-390.7974334724953,16.855786419843355
6.865,0.1202079198857023,0.1977435013375102,-0.3869130099956657,-0.0775355814518079,-5666.5627853637725,11.598997749527378
6.87,0.1198907529315558,0.1948125205864602,-0.3738427990463351,-0.07492176765490441,4298.771768206932,3.5995131774238303
6.875,0.1195640398530444,0.1881689642174134,-0.3422588191816405,-0.06860492436436899,6252.758935574204,2.2103364976900224
6.88,0.1192268865248283,0.1852379834663634,-0.3292898713378565,-0.06601109694153509,-3712.5756179965942,10.340277414366781
6.885,0.1188796160258417,0.1817208065651033,-0.3134404907427975,-0.06284119053926161,-4103.373051471124,15.231004522002461
6.890000000000001,0.1185249223214813,0.1787898258140532,-0.3005580264825643,-0.060264903492571895,195.3987167361601,9.348559086529583
6.8950000000000005,0.1181649886815085,0.1746864527625831,-0.2818400062036496,-0.0565214640810746,195.39871673678124,-0.03696251628575453
6.9,0.117800091326037,0.1713646745780598,-0.2670560936410794,-0.05356458325202279,-390.79743347320726,-6.436573819623931
6.905,0.1174295063791315,0.1672613015265897,-0.2483913962245761,-0.04983179514745818,1758.5884506303323,-9.952484910798404
6.91,0.117052356575979,0.1631579284751196,-0.2297596744680441,-0.04610557189914059,2344.78460084046,-7.286541666875813
6.915,0.116666732544891,0.1590545554236495,-0.2111704449541783,-0.04238782287875849,-1367.7910171568606,1.8242628222787864
6.92,0.1162717655863965,0.1559281759558628,-0.1975129948781525,-0.03965641036946631,-3321.778184523101,5.0630750444471175
6.925,0.1158693806371201,0.1524109990546028,-0.1819387250945828,-0.03654161841748271,-976.9935836825903,-2.4293710753088114
6.93,0.1154601426201118,0.1483076260031327,-0.163466651743521,-0.03284748338302089,781.5948669453276,-10.748976808830434
6.9350000000000005,0.1150425137308632,0.144008854234926,-0.1440598188057275,-0.028966340504062785,976.9935836817582,-17.313121113552498
6.94,0.1146150583060495,0.1393192850332459,-0.1227483550869935,-0.024704226727196396,2344.7846008408706,-24.020490595621496
6.945,0.1141753828493116,0.1346297158315658,-0.1014981704947609,-0.0204543329822542,3321.778184524325,-20.487954524047232
6.95,0.1137191995230962,0.1299401466298857,-0.0803306684234203,-0.016220947106789507,-390.79743347334784,-1.4674147137050824
6.955,0.1132439675018696,0.1266183684453623,-0.0660974794517223,-0.01337440094349271,-3907.974334733458,15.037789764829554
6.96,0.1127520783167278,0.1234919889775755,-0.0529246615143269,-0.010739910660847701,-1953.9871673660107,13.447317922388827
6.965,0.1122468002738235,0.1195840146428422,0.0007740348494168,-0.007337214369018699,390.7974334740045,3.0700933048650114
6.97,0.1117287324767091,0.1160668377415821,0.0007733492970207,-0.004338105264872993,1953.9871673647576,-2.270656345983568
6.9750000000000005,0.1111973284830956,0.1115726672566387,0.0007728008551038,-0.00037533877354309353,781.5948669445928,-3.2467846392462647
6.98,0.1106522320963449,0.1080554903553786,0.0007712119417383,0.002596741740966288,-1367.791017155792,-6.235374718213777
6.985,0.1100932814733401,0.1045383134541185,0.0007676404913819,0.005554968019221604,586.196150210962,-9.730722117354091
6.99,0.1095193303909961,0.1002395416859118,0.0471602763770222,0.009279788705084294,1367.7910171564854,-6.626572807189177
6.995,0.1089284238698387,0.0971131622181251,0.0598279943590163,0.011815261651713593,1563.1897338933748,2.016798762145598
7.0,0.1083202966385453,0.0932051878833917,0.0763137616761341,0.015115108755153595,1367.7910171574108,9.369923640712251
7.005,0.1076961290997842,0.0906650045658149,0.0858773152109862,0.017031124533969294,-1758.5884506297111,14.351752151981806
7.01,0.1070571476377546,0.0885156186817116,0.0934115163946462,0.01854152895604301,-2735.5820343143428,16.129297166841702
7.015000000000001,0.1064057670868172,0.0865616315143449,0.0999033917764339,0.019844135572472305,-586.1961502104716,12.854224159588469
7.0200000000000005,0.1057442351407759,0.0844122456302415,0.1073188343474655,0.021331989510534402,1367.7910171571164,7.692284016367864
7.025,0.1050734671281048,0.0820674610294015,0.1156641047937272,0.02300600609870329,781.5948669470952,3.3662084003083947
7.03,0.104394413371769,0.0803088725787714,0.1210350273105395,0.0240855407929976,-195.39871673658513,3.1477736300723045
7.035,0.1037069215076632,0.0785502841281414,0.1263633586802738,0.0251566373795218,390.7974334734098,10.809910360070475
7.04,0.1030110485391341,0.076987094394248,0.1306724704576258,0.026023954144886105,-195.39871673671837,19.33745752209598
7.045,0.1023092779991225,0.075814702093828,0.1329967006611002,0.0264945759052945,-976.9935836834402,18.448508185270143
7.05,0.1016049505532313,0.0748377085101447,0.1343311776720472,0.0267672420430866,1.5302248357329518e-10,10.858470516837091
7.055,0.1008998740600048,0.0736653162097246,0.1366389229664437,0.0272345578502802,195.39871673647883,4.450423557447468
7.0600000000000005,0.1001945679222457,0.072883721342778,0.1369892485003008,0.027310846579467696,-195.39871673695228,0.19082908433869206
7.065,0.0994895681608268,0.0721021264758313,0.1373404285792828,0.027387441684995503,586.1961502103212,-0.25491300700526953
7.07,0.098784351069735,0.0713205316088846,0.1376899801406401,0.0274638194608504,195.39871673674497,5.648609218536058
7.075,0.0980785511306731,0.0709297341754113,0.1360833469592036,0.027148816955261793,-586.1961502101017,10.536425461236522
7.08,0.0973740450826921,0.0707343354586746,0.1335056128211948,0.026639709624017502,2.041815605480224e-10,8.16369202068454
7.085,0.0966724715787621,0.0703435380252012,0.1319190735244899,0.026328933553560904,-195.39871673669163,2.8426846318832126
7.09,0.0959741863865782,0.0705389367419379,0.127419926185022,0.025435249644640306,-195.39871673685792,-1.7170146240637862
7.095,0.0952794931971145,0.0703435380252012,0.1248942709461665,0.0249359551719133,195.39871673675586,-3.547552963710549
7.1000000000000005,0.0945876176660251,0.0705389367419379,0.1204288026076999,0.0240486809240872,-195.39871673663148,-1.0313754226655103
7.105,0.0938978989711061,0.0707343354586746,0.1159753372306249,0.023163563512431512,-195.398716736774,2.0628933335063326
7.11,0.0932107913680693,0.0709297341754113,0.111535902337392,0.022281057192657994,-390.7974334733922,2.548348540170286
7.115,0.0925266575253145,0.0713205316088846,0.1061362728412631,0.021206125916429897,-8.895995051716454e-12,2.865897445705439
7.12,0.0918457703860442,0.0715159303256213,0.1017325647495735,0.020329840060422905,586.1961502101549,5.081253981949027
7.125,0.0911683172082797,0.0717113290423579,0.09734818190808,0.0194569881659218,-390.7974334731879,6.8563571992189445
7.13,0.0904954206173955,0.0722975251925679,0.0910343191877548,0.01819789542482761,-390.79743347357703,7.2462313591413725
7.135,0.0898279592739837,0.0724929239093046,0.0867041495152968,0.01733503536467909,390.79743347309227,7.474600015144279
7.140000000000001,0.0891665984193223,0.072883721342778,0.0814283622575866,0.0162828770765443,195.39871673688648,4.481497952257605
7.1450000000000005,0.0885128299537855,0.0732745187762513,0.0761923859490751,0.0152383111775342,-195.3987167364442,-1.1774108289385659
7.15,0.08786677839184,0.0736653162097246,0.0709953232015483,0.014201462182115404,-390.79743347359624,-2.8625639573578603
7.155,0.0872274107456376,0.0742515123599347,0.0648560998433078,0.0129758983857029,-8.881784197001441e-11,-2.2130069903525857
7.16,0.0865947831241195,0.0744469110766713,0.0607056944912593,0.012147872047448202,1.9531398720573634e-10,-4.7328570556360745
7.165,0.0859688390855825,0.0750331072268813,0.054635624459073,0.010935731858701211,195.3987167367004,-8.86329473637241
7.17,0.0853483996091705,0.075228505943618,0.0505489382225681,0.010119893665552493,586.1961502099771,-12.242495803765415
7.175,0.0847323821165646,0.0756193033770913,0.0455088673755631,0.009113078739473299,-390.79743347355316,-12.853560675499148
7.18,0.0841187645522566,0.0762054995273014,-6.13232950906274e-05,0.007913265024955193,-976.9935836833797,-7.990913204150538
7.1850000000000005,0.08350579734278,0.0765962969607747,-6.516087372042498e-05,0.006909500382005301,-390.7974334729138,0.40192468809210835
7.19,0.0828930243927022,0.076987094394248,-6.823093662426304e-05,0.0059059299984541985,195.3987167367453,6.483975265343882
7.195,0.0822810938510248,0.076987094394248,-6.9536827115339e-05,0.0052939994567768045,390.7974334731524,5.3446432365160925
7.2,0.0816715810551956,0.0771824931109847,-6.943137967620526e-05,0.004489087944210907,390.7974334733211,-0.8559443294142888
7.205,0.0810647556165642,0.076987094394248,-6.819686189290375e-05,0.004077661222316203,0.0,-5.038988256025798
7.21,0.0804597791829732,0.0771824931109847,-6.490892800227355e-05,0.0032772860719885027,0.0,-5.394159422094384
7.215,0.0798559266950688,0.076987094394248,-5.997826122578037e-05,0.0028688323008208005,586.1961502100748,-4.593336806371182
7.22,0.079252579787779,0.076987094394248,-5.3733408140596815e-05,0.002265485393530997,195.39871673667346,-3.8503230774009127
7.225,0.0786492129271165,0.076987094394248,-4.643720600846097e-05,0.0016621185328685034,-781.5948669466269,-3.13300439922027
7.23,0.0780453895328065,0.0771824931109847,-3.829992463876328e-05,0.0008628964218218016,-586.1961502098828,-1.4199741856213604
7.235,0.0774407639896298,0.0771824931109847,-3.063993971101063e-05,0.000258270878645106,586.1961502101096,3.129262401308952
7.24,0.0768350754136567,0.076987094394248,-2.4511951768808504e-05,-0.00015201898059130636,586.1961502100748,7.947176421128246
7.245,0.0762291599084233,0.076987094394248,-1.9609561415046808e-05,-0.0007579344858247017,-195.3987167367094,6.796124733395071
7.25,0.0756247666927308,0.076987094394248,-1.5687649132037447e-05,-0.001362327701517202,-195.3987167367094,0.6374020945989178
7.255,0.075022347859918,0.076987094394248,-1.255011930562996e-05,-0.0019647465343300002,0.0,-3.5289087430982886
7.26,0.0744212594947622,0.076987094394248,-1.0040095444503968e-05,-0.0025658348994857944,0.0,-3.925661903725678
7.265000000000001,0.0738209652462084,0.076987094394248,-8.032076355603174e-06,-0.003166129148039598,0.0,-3.1826699756096617
7.27,0.0732210249110078,0.076987094394248,-6.425661084482541e-06,-0.0037660694832401947,0.0,-1.5008291917874375
7.275,0.072621086405391,0.076987094394248,-5.140528867586032e-06,-0.004366007988857001,0.0,2.9519218317201283
7.28,0.0720208802714919,0.076987094394248,-4.112423094068826e-06,-0.004966214122756107,0.0,7.684701289214844
7.285,0.0714212105082739,0.076987094394248,-3.289938475255061e-06,-0.005565883885974107,0.0,6.5995055388872705
7.29,0.0708237774980464,0.076987094394248,-2.631950780204049e-06,-0.006163316896201601,0.0,0.6103299795867789
7.295,0.0702290222561463,0.076987094394248,-2.1055606241632395e-06,-0.006758072138101701,0.0,-2.481169767092748
7.3,0.0696363160962101,0.076987094394248,-1.6844484993305916e-06,-0.007350778298037902,0.0,-0.10560384290592495
7.305,0.0690451319789878,0.076987094394248,-1.3475587994644734e-06,-0.007941962415260198,0.0,1.9291420497941711
7.31,0.0684560148962159,0.076987094394248,-1.078047039571579e-06,-0.008531079498032099,-195.39871673657697,0.6711609946113963
7.315,0.0678694340729554,0.076987094394248,-0.0455891640440948,-0.009117660321292603,-390.7974334732864,-0.4070339734056123
7.32,0.0672848030401135,0.076987094394248,-0.048512146720778,-0.009702291354134501,195.39871673653133,-2.2310546443897765
7.325,0.0667025996990439,0.0767916956775114,-0.0504460318524215,-0.010089095978467508,586.1961502099329,-4.710095547686521
7.33,0.0661222734939297,0.0765962969607747,-0.0523705589022923,-0.010474023466845006,-390.79743347324114,-1.9441876454264726
7.335,0.0655423978026088,0.0765962969607747,-0.0552686988854515,-0.011053899158165903,-781.59486694666,3.324584021182701
7.34,0.0649637161621167,0.076400898244038,-0.0571841227254721,-0.011437182081921307,195.3987167367094,4.852447593810818
7.345,0.0643868841960047,0.0760101008105647,-0.0581123526058284,-0.011623216614559992,781.5948669467944,3.225195877617783
7.35,0.0638124556286957,0.0756193033770913,-0.0590266537290729,-0.011806847748395605,195.39871673656694,0.8780393134070401
7.355,0.0632409113268253,0.075228505943618,-0.0599261542744792,-0.011987594616792704,-781.5948669468567,1.6665118251970128
7.36,0.0626717170895442,0.0750331072268813,-0.0617894445202744,-0.0123613901373371,-390.79743347316287,6.029969528792508
7.365,0.0621053572343842,0.0744469110766713,-0.0616834128398184,-0.0123415538422871,586.1961502101016,7.79721590610033
7.37,0.0615431670564876,0.0738607149264613,-0.0615556024944232,-0.012317547869973702,195.398716736594,4.581967666199656
7.375,0.0609862518882101,0.0732745187762513,-0.0614006728780337,-0.012288266888041195,-390.7974334732678,1.7985838432912296
7.38,0.0604346027454319,0.0726883226260413,-0.0612188177558289,-0.012253719880609401,195.39871673672,3.07661160150683
7.385,0.0598881772559692,0.0719067277590946,-0.0600333744807088,-0.012018550503125398,195.3987167365879,4.151560918694827
7.390000000000001,0.0593478227402203,0.0711251328921479,-0.0588171952948955,-0.011777310151927602,-976.9935836833588,-1.173594707102552
7.395,0.058814209949263,0.0705389367419379,-0.0585439962351086,-0.011724726792674896,-586.1961502103586,-12.580684994577025
7.4,0.0582869786017717,0.0693665444415179,-0.0553065151801506,-0.011079565839746196,781.5948669462175,-20.105740086400793
7.405,0.0577631763733843,0.0681941521410979,-0.0520519234680715,-0.010430975767713603,976.9935836833808,-14.736987114314951
7.41,0.0572394896450914,0.0668263611239412,-0.047819788622556,-0.009586871478849804,390.79743347354264,-1.409918927599593
7.415,0.0567149707882469,0.0656539688235212,-0.044568830364057,-0.008938998035274301,-390.79743347320516,7.987559180407182
7.42,0.0561906188830651,0.0644815765231011,0.0001377329644751,-0.008290957640036005,-195.39871673650487,8.109831841985299
7.425,0.0556681832749231,0.0633091842226811,0.0001492918058679,-0.007641000947757999,781.5948669468285,3.866020061185165
7.43,0.0551483538748732,0.0619413932055244,0.0001608391986461,-0.006793039330651202,781.5948669466793,3.4618776456146385
7.435,0.0546309236652549,0.0609643996218411,0.0001712272727007,-0.006333475956586204,-195.39871673694955,6.346911691322406
7.44,0.0541165606405768,0.0599874060381577,0.0001806878917763,-0.005870845397580898,-976.9935836835499,5.516084281708048
7.445,0.0536066538368878,0.0594012098879477,0.0001882563870368,-0.005794556051059899,-195.39871673653414,1.5170176011835999
7.45,0.0531015860918674,0.0584242163042644,0.0001943111832452,-0.005322630212396998,781.5948669468555,1.2105872217917728
7.455,0.0526008898741037,0.0576426214373177,0.00019800486038,-0.005041731563214004,-195.3987167366029,4.05708856940938
7.46,0.0521049472463461,0.0570564252871077,0.0001998096422558,-0.004951478040761598,-781.5948669467577,3.3306914536978027
7.465,0.0516148423641243,0.0564702291368977,0.0001989531480924,-0.004855386772773397,195.3987167367004,-1.1718810130112693
7.47,0.0511307011925823,0.055688634269951,0.0001959676330978,-0.004557933077368702,586.1961502101288,-4.189313750019696
7.475,0.0506518419984033,0.055102438119741,0.000190128741606,-0.004450596121337698,390.79743347326905,-3.6623346789905185
7.48,0.0501776760495629,0.0545162419695309,0.0001820071489167,-0.004338565919968,-1.7683987607597373e-10,-0.24775472685681876
7.485,0.0497076994631906,0.0541254445360576,0.0001732095551012,-0.004417745072867005,-586.1961502100131,3.3209442818121815
7.49,0.0492422094826091,0.0539300458193209,0.0001638711603848,-0.004687836336711798,-195.39871673659388,3.3278531700722525
7.495,0.0487821670037595,0.0535392483858476,0.0001552502847797,-0.0047570813820881006,390.7974334734277,1.77745063556522
7.5,0.0483276224360026,0.0533438496691109,0.0001449031047997,-0.005016227233108295,-3.552713678800501e-11,1.8750075702821114
7.505,0.04787857247328,0.0531484509523743,0.0001343250411516,-0.005269878479094298,-586.1961502101827,0.5340212306295662
7.51,0.047435692360379,0.0531484509523743,0.0001235622705692,-0.005712758591995298,-390.7974334734107,-3.43863318265738
7.515000000000001,0.0469987908793223,0.0529530522356376,0.0001126517344393,-0.005954261356315299,390.79743347358715,-5.315814688440312
7.52,0.0465669532769689,0.0527576535189009,0.0001016229858714,-0.006190700241932003,586.1961502101644,-2.599829158802102
7.525,0.0461393835887039,0.0525622548021642,9.049966735310111e-05,-0.006422871213460302,-195.39871673673562,0.4414889962675659
7.53,0.0457160893710838,0.0525622548021642,8.160101253843692e-05,-0.006846165431080402,-781.5948669467141,-1.83006994343455
7.535,0.0452977507722659,0.0525622548021642,7.218176902271657e-05,-0.007264504029898297,-195.3987167368604,-6.480878077139845
7.54,0.0448835421317201,0.0523668560854276,6.349621437814577e-05,-0.0074833139537075,586.1961502099239,-6.856709779166405
7.545,0.0444720623600649,0.0521714573686909,5.654777066248915e-05,-0.0076993950086260005,586.1961502102437,-4.299427909693512
7.55,0.0440628306808006,0.0519760586519542,4.983885585796934e-05,-0.007913227971153597,-195.3987167364518,-2.7613390254544488
7.555,0.0436554616423217,0.0519760586519542,4.44717240143535e-05,-0.008320597009632495,-586.1961502100035,-2.1163436448383264
7.56,0.0432496555904156,0.0519760586519542,3.902785870746631e-05,-0.008726403061538594,-3.6251844787802197e-10,-1.53656511793473
7.565,0.0428451872800108,0.0517806599352176,-0.0446426905095721,-0.008935472655206798,-3.540776560839731e-10,-0.38629044363176135
7.57,0.0424419005169202,0.0517806599352176,-0.0466626083988211,-0.009338759418297399,-390.7974334731879,1.8460256499701124
7.575,0.0420397027080144,0.0515852612184809,-0.0476993911187038,-0.009545558510466498,2.39822384173749e-10,3.6788771329643213
7.58,0.0416391791698709,0.0513898625017442,-0.0487272450329681,-0.009750683331873303,390.79743347333,4.488501495512238
7.585,0.0412408539519824,0.0509990650682709,-0.0487666678008276,-0.009758211116288502,-8.881784197001252e-11,5.080843429805901
7.59,0.0408451704264006,0.0508036663515342,-0.0497683687618482,-0.0099584959251336,-195.39871673663833,3.689576131260699
7.595,0.0404531295134103,0.0504128689180609,-0.0497736575330371,-0.0099597394046506,-195.398716736472,0.6244965181587805
7.6,0.0400649551299391,0.0500220714845875,-0.0497586492220775,-0.009957116354648403,-195.39871673667585,0.43289443475942235
7.605,0.0396802189684293,0.0496312740511142,-0.0497245280938366,-0.009951055082684901,390.7974334731717,2.675768567780514
7.61,0.0392991577770045,0.0488496791841675,-0.047716507581825,-0.009550521407163004,195.39871673658755,2.72602091626292
7.615,0.0389225552114743,0.0484588817506942,-0.0476401013747553,-0.009536326539219896,-390.7974334733744,0.9450403163447874
7.62,0.0385504541361647,0.0476772868837475,-0.0455859866030226,-0.009126832747582796,-195.3987167367097,-0.517106818884649
7.625,0.0381828642634615,0.0470910907335375,-0.0444841880851548,-0.008908226470075997,390.7974334736586,-1.7351149890122564
7.63,0.037819789247736,0.0461140971498541,6.625828915577318e-05,-0.008294307902118103,586.1961502102434,-1.6346879797183433
7.635,0.037460629017572,0.0453325022829074,7.600982796450862e-05,-0.007871873265335401,195.39871673625433,-0.9391754760470334
7.640000000000001,0.0371054279967293,0.0445509074159608,8.6111378675486e-05,-0.007445479419231502,195.39871673667267,-1.4680627628204395
7.645,0.0367542147858261,0.0437693125490141,9.53427790762624e-05,-0.007015097763188004,3.814761839748826e-10,-1.3559166183231497
7.65,0.0364064312076687,0.0431831163988041,0.0001038780592288,-0.006776685191135404,-195.39871673686153,-0.660740802929233
7.655,0.0360621535054609,0.0425969202485941,0.0001118564431829,-0.006534766743133198,195.39871673661054,-1.721134651905258
7.66,0.0357214429639358,0.0420107240983841,0.0001182391503462,-0.0062892811344483004,1.9520030036801472e-10,-3.1567828086532366
7.665,0.0353837844356736,0.0416199266649107,0.0001221951562448,-0.006236142229237095,-195.3987167366117,-2.693767069099774
7.67,0.0350487421308787,0.0412291292314374,0.0001242098011317,-0.006180387100558703,390.79743347342776,-0.6598429247751572
7.675,0.0347159507936555,0.040838331797964,0.0001235211973772,-0.006122381004308501,195.3987167366561,0.5381731694598226
7.68,0.0343856349414283,0.0406429330812274,0.0001206699947097,-0.006257298139799097,-781.5948669468654,-0.5763921608588642
7.685,0.0340579927364818,0.0406429330812274,0.0001160887129116,-0.006584940344745598,-586.1961502100394,-2.046981763324556
7.69,0.033732659568754,0.0404475343644907,0.0001101233678092,-0.006714874795736701,195.39871673681236,-1.7027163844120405
7.695,0.0334093338719916,0.040252135647754,0.0001030507720633,-0.006842801775762394,390.79743347322017,1.153472083071641
7.7,0.0330877690310926,0.0400567369310174,9.509237580261464e-05,-0.006968967899924801,195.39871673654952,5.5568632791615915
7.705,0.0327682714838006,0.0398613382142807,8.642533913004226e-05,-0.007093066730480102,-195.39871673660284,7.1560120528916205
7.71,0.0324521168005271,0.0398613382142807,7.834154995998985e-05,-0.007409221413753601,9.325162864115555e-11,2.859282771399279
7.715,0.0321403624351879,0.039665939497544,6.95741989599589e-05,-0.007525577062356105,3.996802888650648e-11,-3.7775262865482073
7.72,0.0318328588891104,0.039665939497544,6.256031815993415e-05,-0.007833080608433601,-390.7974334733917,-5.812429649948427
7.725,0.0315284660089249,0.039665939497544,5.5799053687919845e-05,-0.008137473488619103,-6.053778518005342e-11,-1.0359308622045305
7.73,0.0312262177705559,0.0394705407808073,4.92398822783139e-05,-0.008244323010251398,195.39871673668355,3.991736777689553
7.735,0.0309267697753616,0.0394705407808073,4.399254515062914e-05,-0.008543771005445698,195.3987167365584,2.8227477813622386
7.74,0.0306311575140015,0.0392751420640707,3.864451561648683e-05,-0.008643984550069199,-1.509903313490245e-10,-1.1252680830420534
7.745,0.0303392654712758,0.0392751420640707,-0.044645016871985,-0.008935876592794899,-390.7974334733211,-1.5719943619131431
7.75,0.0300505008672285,0.0392751420640707,-0.0460922626311233,-0.009224641196842197,-195.39871673642074,0.4739649890517317
7.755,0.0297648278285844,0.039079743347334,-0.0465475225916139,-0.009314915518749602,-195.3987167365148,0.8002819385033177
7.76,0.029482675835875,0.039079743347334,-0.0479613932359237,-0.009597067511459001,195.39871673634482,0.12459688440120686
7.765000000000001,0.0292039308122764,0.0386889459138607,-0.0474036197311605,-0.0094850151015843,390.79743347317094,0.5339998810485191
7.77,0.0289284827018795,0.038493547197124,-0.0478047073753175,-0.0095650644952445,-586.1961502096684,0.1098357179374414
7.775,0.0286566990192363,0.0382981484803873,-0.0481861545857035,-0.009641449461151003,-390.7974334733529,-1.884978504289661
7.78,0.028388455465123,0.037907351046914,-0.0475718529337535,-0.009518895581791,781.5948669465448,-2.524737854682133
7.785,0.028123242285182,0.037321154896704,-0.0459634119586245,-0.009197912611521999,195.39871673683353,-0.7467982340614459
7.79,0.0278607091471013,0.0369303574632306,-0.0453181194228026,-0.009069648316129296,-976.9935836832227,0.6397752927345266
7.795,0.0276010358722588,0.0365395600297573,-0.0446570214628973,-0.0089385241574985,-1.2647660696529783e-10,0.028132426005546662
7.8,0.0273444969495803,0.0357579651628106,4.228137766003727e-05,-0.008413468213230302,1367.791017156435,0.5201600816119303
7.805000000000001,0.0270907195557594,0.0349763702958639,4.992733977595288e-05,-0.007885650740104503,781.5948669465649,3.4597907653489823
7.81,0.026839847004986,0.0343901741456539,5.834442913267438e-05,-0.0075503271406679,-586.1961502098633,4.8616245170438255
7.815,0.0265928134957655,0.0339993767121806,6.622826045004608e-05,-0.007406563216415096,-586.196150209926,3.53505513989848
7.82,0.0263502191040837,0.0336085792787072,7.368548533593794e-05,-0.007258360174623502,586.1961502102154,3.4559817082972444
7.825,0.0261121793167941,0.0330223831284972,7.965126524465145e-05,-0.006910203811703101,390.79743347319675,5.754128990651743
7.83,0.0258791483020134,0.0328269844117606,8.442388917162224e-05,-0.0069478361097472,-781.5948669468287,6.759098141704513
7.835,0.0256522730005535,0.0326315856950239,8.709182848120436e-05,-0.006979312694470396,-390.7974334731168,5.120552055606552
7.84,0.0254323887277657,0.0324361869782872,8.807602009687555e-05,-0.007003798250521501,781.594866946731,3.5011067190373915
7.845,0.0252198536451854,0.0320453895448139,8.656305372542352e-05,-0.006825535899628504,195.39871673656523,3.183176778624272
7.85,0.0250150609333962,0.0320453895448139,8.305236096427285e-05,-0.0070303286114177035,-976.993583683302,3.189108215228238
7.855,0.0248184223574088,0.0320453895448139,7.794348709136333e-05,-0.007226967187405103,-195.39871673645425,2.89363651223632
7.86,0.0246303480956835,0.0318499908280772,7.15560683290467e-05,-0.0072196427323937,781.5948669468207,2.535080819331057
7.865,0.024451168245439,0.0316545921113405,6.529597348719888e-05,-0.0072034238659015,7.105427357601153e-11,2.5297478182297084
7.87,0.0242811438511399,0.0316545921113405,5.798757794973164e-05,-0.007373448260200602,-390.7974334734277,2.626554042808465
7.875,0.0241206263900953,0.0316545921113405,5.099070168776333e-05,-0.0075339657212452026,390.7974334731434,2.2621886760321672
7.88,0.0239699779475836,0.0314591933946039,4.424304084619418e-05,-0.007489215447020303,-195.39871673656128,2.798221969291795
7.885,0.0238294233454205,0.0316545921113405,3.884491217293886e-05,-0.007825168765920001,-781.594866946419,11.909643939139691
7.890000000000001,0.0236991125736906,0.0316545921113405,3.3376249402340096e-05,-0.007955479537649902,390.79743347345226,44.00548912572782
7.895,0.0235803573333839,0.0314591933946039,2.900131918586109e-05,-0.007878836061220001,586.1961502100212,111.16361307272768
7.9,0.0234804573734001,0.0314591933946039,2.4351215180683372e-05,-0.007978736021203803,-1.5916157281026244e-12,208.70158933646647
7.905,0.0234174338431112,0.0314591933946039,2.063113197654121e-05,-0.008041759551492701,-2.3419488570652902e-11,290.05482979821187
7.91,0.0234251759597848,0.0314591933946039,1.765506541322747e-05,-0.008034017434819102,-390.7974334732234,289.8142534618432
7.915,0.0235493544639389,0.0316545921113405,1.4124052330581978e-05,-0.008105237647401602,-586.1961502097863,219.01087106468913
7.92,0.0238233231626429,0.0316545921113405,1.1299241864465584e-05,-0.007831268948697602,5.3717030823463574e-11,153.7739135845161
7.925,0.0242659334493288,0.0316545921113405,9.039393491572468e-06,-0.007388658662011702,586.1961502097156,120.56020019198206
7.930000000000001,0.0248939098530392,0.0314591933946039,7.231514793257974e-06,-0.006565283541564701,390.79743347302923,95.82011896934739
7.935,0.0257209447128654,0.0314591933946039,5.785211834606379e-06,-0.0057382486817385,-195.39871673655398,76.44521498745371
7.94,0.0267574962311655,0.0314591933946039,4.628169467685104e-06,-0.004701697163438403,-195.398716736558,79.02797367471669
7.945,0.0280102083735183,0.0314591933946039,3.702535574148083e-06,-0.0034489850210856,-4.4408920984996326e-12,98.40912182700833
7.95,0.0294905275120093,0.0314591933946039,2.962028459318467e-06,-0.001968665882594603,0.0,104.17826181783755
7.955,0.0312127524049618,0.0314591933946039,2.369622767454773e-06,-0.00024644098964210145,0.0,60.125169544493815
7.96,0.0331914128173976,0.0314591933946039,1.895698213963819e-06,0.001732219422793696,0.0,-36.3875220688052
7.965,0.0354327550690139,0.0314591933946039,1.516558571171055e-06,0.0039735616744100005,0.0,-125.3009367730333
7.97,0.0379202773168749,0.0314591933946039,1.2132468569368445e-06,0.006461083922270995,195.3987167365774,-165.28219436307052
7.975,0.0406338288436058,0.0314591933946039,0.0458741478424952,0.009174635449001899,0.0,-173.26916518441044
7.98,0.0435518200736687,0.0314591933946039,0.0604639098733127,0.0120926266790648,-586.1961502098012,-164.50043521922964
7.985,0.046650691534375,0.0316545921113405,0.0749811182975631,0.014996099423034495,195.3987167366811,-154.36521698845786
7.99,0.0499127719225936,0.0314591933946039,0.0922683895858611,0.0184535785279897,781.5948669464823,-161.24503882945464
7.995,0.0533188427061012,0.0314591933946039,0.1092986441142166,0.021859649311497295,-195.3987167364474,-180.35585660832783
8.0,0.0568487676466616,0.0316545921113405,0.1259711957219893,0.0251941755353211,-195.39871673646476,-185.99851323834247
8.005,0.0604770373199561,0.0316545921113405,0.144112480479385,0.0288224452086156,195.39871673638964,-163.7676346941917
8.01,0.0641794513892644,0.0318499908280772,0.1616475063549818,0.0323294605611872,-2.531805876060389e-10,-139.81585150752903
8.015,0.0679392768627001,0.0320453895448139,0.1794684492688359,0.035893887317886196,390.7974334736407,-136.36730669781343
8.02,0.0717410555157078,0.0322407882615505,0.1974982460946462,0.03950026725415729,390.7974334735742,-129.02666636617897
8.025,0.0755657454828263,0.0326315856950239,0.2146648763186039,0.0429341597878024,-586.1961502105322,-103.10233041354257
8.03,0.079397212719294,0.0332177818452339,0.2308878156346458,0.046179430874060096,-195.3987167367677,-83.50019432936656
8.035,0.0832274165139685,0.0338039779954439,0.2471028206451071,0.049423438518524605,1172.3923004204155,-69.15390770839933
8.040000000000001,0.0870448206696108,0.0341947754289172,0.2642283772069673,0.05285004524069361,390.79743347261984,-38.398583725744786
8.045,0.0908407897617974,0.0353671677293373,0.2773356788872845,0.0554736220324601,-976.9935836836537,-5.954309865431782
8.05,0.0946147254589471,0.0363441613130206,0.2913084731523073,0.0582705641459265,-586.1961502097461,10.545499132775092
8.055,0.0983674666425872,0.0377119523301773,0.3032202404633817,0.060655514312409904,781.5948669463897,18.185119356355244
8.06,0.1021009727774388,0.0386889459138607,0.3169889659226523,0.06341202686357811,586.1961502096883,17.05191264042324
8.065,0.1058179926554707,0.040252135647754,0.3277401458470972,0.06556585700771671,-586.1961502099826,-4.092671039883342
8.07,0.1095217477444423,0.0420107240983841,0.3374470017624781,0.06751102364605821,586.1961502095693,-29.424833526815867
8.075,0.1132094197130883,0.0435739138322774,0.3480484803160205,0.06963550588081091,1172.3923004204726,-14.153922849391392
8.08,0.1168729576889177,0.0457232997163808,0.3555955937194816,0.0711496579725369,-1172.3923004182154,41.77542232621846
8.085,0.1205123229819145,0.0482634830339575,0.3610656849934545,0.072248839947957,-2149.385884103351,68.98712559859746
8.09,0.1241404486880156,0.0509990650682709,0.3654996973510678,0.0731413836197447,1172.3923004183102,33.8265589671864
8.095,0.1277684778842729,0.0531484509523743,0.3728653484714488,0.07462002693189859,3126.37946778664,-3.812361922399413
8.1,0.1313932078673346,0.055688634269951,0.3782591284875708,0.07570457359738361,-976.9935836820724,0.6645369924740852
8.105,0.135011710979132,0.0594012098879477,0.3777575521887082,0.0756105010911843,-3321.7781845245045,15.67850327939199
8.11,0.1386274228649523,0.0629183867892078,0.3782160548185603,0.0757090360757445,-390.79743347425887,14.571702403641883
8.115,0.1422426868034843,0.0660447662569945,0.3806273885387675,0.07619792054648979,1172.3923004222925,0.8375423583102415
8.120000000000001,0.1458587721841494,0.0693665444415179,0.3820655526536688,0.0764922277426315,1953.9871673673622,-22.322531435214536
8.125,0.1494759770597334,0.0726883226260413,0.3835079374975021,0.07678765443369209,1367.7910171561027,-29.91751332324236
8.13,0.1530880933672816,0.0762054995273014,0.383949084840607,0.0768825938399802,-3517.176901261424,-1.2217207298112314
8.135,0.1566892592164441,0.0812858661624548,0.3765170398813282,0.07540339305398931,-3517.176901261114,18.110508318491867
8.14,0.160285468901027,0.0848030430637148,0.3768764700154905,0.07548242583731218,1172.392300420744,-15.95084640928793
8.145,0.1638813115528866,0.0883202199649749,0.3772366111031991,0.0755610915879117,1953.9871673668993,-66.46357991048582
8.15,0.167469009293704,0.0916419981494983,0.3785362082729417,0.0758270111442057,1172.3923004187463,-85.78620602757096
8.155,0.1710361832226516,0.0949637763340217,0.3797368861860169,0.0760724068886299,390.79743347388,-69.62371076469788
8.16,0.1745722509654022,0.0986763519520184,0.3788310058428853,0.07589589901338378,-195.39871673415303,-21.901502661878553
8.165000000000001,0.1780680880197128,0.1023889275700152,0.3777263399312702,0.0756791604496976,-976.9935836839763,25.470116432741776
8.17,0.1815255702053569,0.1062969019047486,0.3754571007112756,0.0752286683006083,-1367.7910171581034,13.410591222859239
8.175,0.1849551244414058,0.1104002749562186,0.3720734336946996,0.0745548494851872,976.9935836840791,-42.85922444353341
8.18,0.1883544371300008,0.1135266544240054,0.3734264414471651,0.0748277827059954,1367.7910171572855,-68.96363442752818
8.185,0.1917107030789547,0.1176300274754754,0.3696815792533235,0.07408067560347929,195.398716736781,-56.486652518083815
8.19,0.1950159925148904,0.1213426030934722,0.3676365368381774,0.07367338942141821,195.39871673646132,-49.62441328398913
8.195,0.198265860297932,0.1254459761449423,0.3633621212921625,0.0728198841529897,-1758.5884506320012,-60.76669744669087
8.2,0.2014537497075076,0.1299401466298857,0.3568252045522257,0.07151360307762189,-2540.1833175768024,-77.6247616222108
8.205,0.2045709716850537,0.1340435196813557,0.3518900400921272,0.070527452003698,1367.7910171593446,-94.069768274782
8.21,0.2076069420104068,0.1375606965826158,0.3494804799402095,0.070046245427791,3517.176901259749,-103.39434030102683
8.215,0.2105484124786976,0.1408824747671392,0.3475761195411405,0.0696659377115584,-781.5948669470166,-100.3048314186517
8.22,0.213381499655311,0.1455720439688193,0.3382914519614823,0.06780945568649172,-3321.7781845232785,-92.98206448779592
8.225,0.2160947883385627,0.1494800183035527,0.3323162177406136,0.06661477003500998,-390.7974334742354,-88.32975096361338
8.23,0.2186771178108027,0.1531925939215495,0.3266635422410617,0.06548452388925322,1758.5884506289633,-79.83735043137312
8.235,0.2211171172001612,0.1565143721060728,0.3222534924486231,0.06460274509408839,1953.9871673670664,-62.81467643418068
8.24,0.2234054667259183,0.1600315490073329,0.3161084309178167,0.06337391771858539,1367.7910171590802,-40.89858393971542
8.245000000000001,0.2255355617130624,0.1637441246253296,0.3081964382007525,0.0617914370877328,-586.1961502106805,-17.46500191444693
8.25,0.2275037317242236,0.1680428963935364,0.2965437577652837,0.05946083533068722,-2930.9807510511555,7.055308315173647
8.255,0.2293092232933251,0.1725370668784798,0.2830994757060491,0.05677215641484529,-2344.784600839694,31.75189451479207
8.26,0.2309544478038042,0.1766404399299499,0.2708080230170744,0.05431400787385429,781.5948669461276,53.51730371810481
8.265,0.2324451572492652,0.1799622181144733,0.2616532614943787,0.052482939134791906,1758.5884506301522,72.10081457472779
8.27,0.2337893668591748,0.1834793950157333,0.2507888907757194,0.05030997184344152,390.79743347377484,91.86265631602157
8.275,0.2349968808846009,0.1868011732002567,0.2402167924108753,0.048195707684344224,195.3987167351293,115.49617766228499
8.28,0.2360805897049102,0.1903183501015168,0.2280488299506354,0.0457622396033934,1367.791017156138,142.54197709929468
8.285,0.2370562568556482,0.1934447295693035,0.2172947707210029,0.04361152728634471,586.1961502125646,163.04558325398762
8.290000000000001,0.2379436125186729,0.1973527039040369,0.2021912792469481,0.04059090861463602,-1563.189733893321,158.69568022544956
8.295,0.2387658271395064,0.2012606782387703,0.1867621621850398,0.037505148900736085,-586.1961502116023,136.77544727536048
8.3,0.2395414808837163,0.2051686525735037,0.171100304438495,0.0343728283102126,1172.392300419936,128.90424575225805
8.305,0.2402842874164009,0.2086858294747638,0.1572282487604759,0.0315984579416371,-195.3987167363351,138.50448086053902
8.31,0.2410109702473161,0.2131799999597072,0.1383917975820538,0.02783097028760889,-781.5948669462334,142.08125126650975
8.315,0.241740541932084,0.2168925755777039,0.1234775675892843,0.024847966354380108,-586.1961502097546,131.56314074855965
8.32,0.2424905850903328,0.2211913473459107,0.1057345562781945,0.021299237744422106,-1563.1897338947754,113.83367959258578
8.325,0.2432766719378222,0.2250993216806441,0.0901256242329343,0.01817735025717812,195.39871673605887,89.6361750173399
8.33,0.244111888553515,0.2286164985819042,0.0767162271178661,0.015495389971610818,2344.7846008421566,54.39371574144971
8.335,0.2450065111132084,0.2317428780496909,0.0655589161874459,0.013263633063517494,781.594866945997,18.79388107926991
8.34,0.24596451681188,0.2356508523844243,0.050810251895174,0.01031366442745571,-1172.3923004213232,5.5331988728468104
8.345,0.2469844531739834,0.2391680292856844,-0.000757127131675,0.007816423888299007,-976.993583683104,12.305307480460897
8.35,0.2480672637465071,0.2430760036204177,-0.0007552224834993,0.004991260126089386,-195.39871673669012,16.060193241146152
8.355,0.2492160313190204,0.2462023830882045,-0.0007525486051267,0.003013648230815902,-1.4204033504938707e-09,11.0630805643205
8.36,0.2504324346648767,0.2499149587062012,-0.0007492593425967,0.0005174759586754896,976.9935836826483,2.19267595972201
8.365,0.2517173057415605,0.2526505407405146,-0.0007454777727406,-0.0009332349989540911,195.39871673865792,-14.087641260439852
8.370000000000001,0.2530710926475537,0.2561677176417747,-0.0007401521971918,-0.003096624994221031,-1172.3923004197181,-29.349710818268477
8.375,0.2544904691175634,0.2594894958262981,-0.0007335914170888,-0.0049990267087346996,1172.3923004189426,-21.052169958758043
8.38,0.2559691500532766,0.2620296791438747,-0.0007260424733423,-0.006060529090598121,586.1961502095777,7.663229335719791
8.385,0.2575061717362109,0.2655468560451348,-0.0007154026790172,-0.008040684308923907,-1953.9871673672371,30.89533660272633
8.39,0.2591055547120872,0.2686732355129216,-0.0485406942084012,-0.009567680800834422,-195.39871673655014,40.78150792548212
8.395,0.2607720768268387,0.271408817547235,-0.0538720533468841,-0.010636740720396332,390.7974334740934,45.741128134049234
8.4,0.2625112019605882,0.2741443995815483,-0.0588385848429141,-0.0116331976209601,-781.5948669472635,49.69485269860979
8.405,0.2643289658973722,0.2768799816158617,-0.063410472285802,-0.012551015718489489,-195.39871673747825,52.369246703531076
8.41,0.2662318329269136,0.2788339687832284,-0.0636477098997929,-0.012602135856314811,-195.3987167354162,46.97949029605343
8.415000000000001,0.2682265338005108,0.2811787533840685,-0.0653776872767388,-0.01295221958355769,390.797433474238,21.28807023953169
8.42,0.270319816857767,0.2825465444012252,-0.0617292734294988,-0.01222672754345816,1367.791017156522,-9.31395292337146
8.425,0.2725117600265492,0.2841097341351185,-0.0585629925385006,-0.011597974108569276,-4.971525413566269e-10,-5.679558849749128
8.43,0.2747964418233879,0.2856729238690119,-0.0549306202915388,-0.01087648204562397,-586.1961502105723,27.443266831320784
8.435,0.2771753306225646,0.2870407148861686,-0.0498494510364903,-0.009865384263604005,2.1327650756575167e-10,40.31235035380939
8.44,0.2796560282649266,0.2882131071865885,-0.000496234643352,-0.00855707892166191,-195.3987167363008,8.633682791270587
8.445,0.2822446888553884,0.2893854994870086,-0.0004694477840973,-0.007140810631620198,195.39871673651402,-41.697178512586106
8.45,0.2849388885327368,0.2901670943539552,-0.0004422674975335,-0.005228205821218412,586.1961502098949,-67.70580041307568
8.455,0.2877284684078118,0.290948689220902,-0.0004159226289545,-0.003220220813090202,6.007780939398799e-10,-54.274601635989995
8.46,0.290603325448307,0.2917302840878486,-0.0003890959349313,-0.0011269586395415976,-195.39871673655037,-34.75689066683219
8.465,0.2935589634794218,0.2923164802380587,-0.0003618837805528,0.0012424832413631126,-195.39871673704698,-59.566588557198486
8.47,0.2965950644099993,0.2929026763882687,-0.000335513417722,0.0036923880217305527,1.4216539057088085e-10,-124.650449973955
8.475,0.2997014171795515,0.293293473821742,-0.0003098164881294,0.006407943357809531,586.1961502099683,-159.7102514902889
8.48,0.3028545388292573,0.2934888725384787,0.0465448233085974,0.009365666290778563,195.39871673654952,-126.62518574487638
8.485,0.306031179058227,0.293879669971952,0.0605008347595067,0.012151509086275047,-195.3987167364065,-80.70685368149982
8.49,0.3092220384545908,0.2940750686886886,0.0755041767757122,0.015146969765902185,586.1961502098625,-85.08270834046263
8.495000000000001,0.3124216239297046,0.2942704674054254,0.0905516922612135,0.018151156524279177,781.5948669461294,-129.7420662646623
8.5,0.3156168564323183,0.2944658661221621,0.105574426865155,0.021150990310156215,-390.79743347313456,-172.70788148793048
8.505,0.3187876690856415,0.2950520622723721,0.118519812399862,0.023735606813269416,-781.5948669463758,-194.1582418798136
8.51,0.3219092506961752,0.2954428597058454,0.1321927258603091,0.026466390990329824,390.7974334732766,-197.7536078968097
8.515,0.3249566066445509,0.2958336571393187,0.1454918626547692,0.0291229495052322,781.5948669466601,-193.2856914126632
8.52,0.3279050630042817,0.296224454572792,0.1582932326620147,0.031680608431489676,-7.099743015714921e-11,-182.18341459935795
8.525,0.3307306829985361,0.2970060494397388,0.1685215182796561,0.03372463355879729,-195.3987167368337,-157.7659088269516
8.53,0.3334110076652251,0.2975922455899487,0.1789975386871015,0.0358187620752764,-390.7974334729247,-117.3359264567789
8.535,0.3359277147329976,0.2985692391736321,0.1866981080479232,0.0373584755593655,-195.3987167361289,-70.93423081343974
8.540000000000001,0.3382693187701792,0.2993508340405788,0.1944974551317347,0.03891848472960041,586.1961502097876,-32.53082606737655
8.545,0.3404303659214788,0.3001324289075255,0.201391857219945,0.04029793701395329,-2.1330492927518208e-10,-5.90624778240533
8.55,0.342409062088329,0.3013048212079455,0.2054176386057562,0.0411042408803835,-195.3987167361587,13.199570890023892
8.555,0.3442061057379121,0.3022818147916288,0.2095098480986873,0.041924290946283305,586.1961502103237,28.263387762806815
8.56,0.3458243313718929,0.3034542070920488,0.2117291316177415,0.0423701242798441,-1.1370389074727427e-09,41.246182527958126
8.565,0.3472681337531877,0.3048219981092056,0.2120978314399357,0.042446135643982086,-390.79743347369816,53.93503344077669
8.57,0.3485433900086337,0.306385187843099,0.2106444778095738,0.04215820216553473,1.3567955647886265e-09,66.38100000025088
8.575000000000001,0.3496576961498339,0.3077529788602556,0.2093626539597958,0.041904717289578286,-390.79743347345266,77.41901118353405
8.58,0.3506201730319923,0.3097069660276223,0.2043889823184297,0.040913207004369956,195.39871673562527,88.32697817461053
8.585,0.35144117392785,0.311074757044779,0.2016386850601794,0.04036641688307102,195.39871673626504,103.45418192266186
8.59,0.352132099453152,0.3130287442121457,0.1953056988891229,0.03910335524100628,-1172.3923004199355,124.66767523861785
8.595,0.3527068940654113,0.3149827313795124,0.1883921432655037,0.0377241626858989,586.1961502107507,147.851490247681
8.6,0.3531826234540356,0.3165459211134058,0.182937316781197,0.03663670234062982,2344.7846008403344,165.56953545902067
8.605,0.3535795242377562,0.3183045095640358,0.1761114081607843,0.035275014673720406,-1.42176759254653e-09,176.1808108504044
8.61,0.3539195965248908,0.3208446928816125,0.1650922761405542,0.03307490364327831,-2149.3858841034707,187.17946134365772
8.615,0.3542246339803438,0.3233848761991892,0.153898234856023,0.03083975778115461,-976.9935836816487,197.19689098004568
8.620000000000001,0.354519199476568,0.325925059516766,0.142652045690635,0.028594139959802034,390.7974334732399,189.13801879426438
8.625,0.3548294027545178,0.3280744454008694,0.1334382021334701,0.026754957353648412,-195.39871673722456,157.56260274351726
8.63,0.3551786292000471,0.3308100274351827,0.121488629288937,0.02436860176486444,195.39871673722428,124.71322449485987
8.635,0.3555829685790724,0.3327640146025494,0.1137227039472433,0.022818953976523004,781.5948669467664,104.09710811999147
8.64,0.3560554482980718,0.3353041979201261,0.1033677365147037,0.020751250377945674,-390.79743347359647,81.0643102154562
8.645,0.3566100446785025,0.3376489825209661,0.0944013355412702,0.0189610621575364,-390.7974334735254,58.04681520139604
8.65,0.3572537538787619,0.3401891658385428,0.0849042967379107,0.017064588040219097,781.5948669459139,51.63448780543189
8.655,0.3579916953630235,0.3423385517226462,0.0778341900054511,0.015653143640377287,195.3987167371852,51.2399084997312
8.66,0.3588315927573189,0.3450741337569596,0.0683431586990969,0.013757459000359296,-976.9935836814739,38.74350671061819
8.665000000000001,0.3597795551204412,0.3476143170745364,0.0603708172819806,0.012165238045904803,-390.7974334734248,10.04509522921893
8.67,0.3608402048422425,0.3501545003921131,0.052964159987229,0.010685704450129396,586.1961502091156,-20.638087790773
8.675,0.3620123674574656,0.3524992849929531,0.0470927084466123,0.009513082464512546,586.1961502101813,-27.73804209582113
8.68,0.3632896352287619,0.3550394683105298,-0.0004793771659755,0.008250166918232105,-586.1961502097558,-15.840924356070275
8.685,0.3646694942863062,0.3575796516281065,-0.0004847157979959,0.007089842658199674,-1758.588450631041,-14.581825151865587
8.69,0.3661521458747814,0.3603152336624199,-0.0004889867036122,0.005836912212361489,-195.398716737325,-30.387513656926558
8.695,0.3677350946826068,0.3622692208297866,-0.0004912532682733,0.005465873852820213,1563.18973389468,-50.004545166475
8.700000000000001,0.3694131549551496,0.3642232079971533,-0.0004919163601702,0.005189946957996294,-5.936726665822789e-10,-66.08297067245553
8.705,0.3711787811327107,0.3663725938812567,-0.0004901465140237,0.004806187251453986,-781.5948669478325,-76.90477676469624
8.71,0.3730226579246989,0.3683265810486234,-0.0004864303174425,0.004696076876075483,781.594866947122,-84.62801426688773
8.715,0.3749344706659453,0.3698897707825168,-0.0004788567208495,0.005044699883428538,390.7974334737381,-91.72814805744531
8.72,0.3769037500066652,0.3718437579498835,-0.0004658968845832,0.005059992056781704,-1172.3923004203627,-81.4284941478893
8.725,0.3789175352680438,0.3736023464005135,-0.0004486280565782,0.005315188867530296,-976.9935836833522,-35.73500726709332
8.73,0.3809647030529911,0.3751655361344068,-0.0004279120351822,0.005799166918584342,-195.39871673658513,10.08971743189673
8.735,0.3830465464448583,0.3763379284348269,-0.0004044382590735,0.00670861801003142,195.3987167364055,4.84919260683202
8.74,0.3851697820564095,0.3773149220185102,-0.0003810585988585,0.007854860037899314,1172.3923004202193,-16.15289444636008
8.745000000000001,0.3873315939138214,0.3779011181687203,0.0467957746539791,0.009430475745101086,1367.791017156705,28.99239965589433
8.75,0.3895238362095271,0.3784873143189302,0.0548513198024831,0.011036521890596895,-390.79743347317014,109.29228312051487
8.755,0.3917565247804853,0.3794643079026136,0.0611569472346697,0.012292216877871687,-390.797433472957,114.3526130037084
8.76,0.3940558579119999,0.3800505040528236,0.0697478046173386,0.014005353859176284,976.9935836833515,64.16140956560238
8.765,0.3964306313279712,0.3806367002030336,0.0787142794065579,0.0157939311249376,-195.39871673729562,60.75490788184595
8.77,0.3988801997768315,0.381613693786717,0.0860994749802684,0.017266505990114478,-1172.3923004204341,79.48182467707835
8.775,0.4014180749658447,0.3823952886536637,0.0948998837486941,0.019022786312181017,390.7974334734543,45.682603947414066
8.78,0.4040576167119038,0.3829814848038737,0.105182967614246,0.02107613190803015,1172.3923004202575,-3.9456015841894327
8.785,0.4067983375187829,0.3835676809540836,0.1159686756066369,0.023230656564699304,195.39871673697178,2.9177734536065145
8.790000000000001,0.4096337913211653,0.3845446745377671,0.1252714444673674,0.025089116783398202,-195.3987167364823,53.09896727766369
8.795,0.4125674733852016,0.3853262694047136,0.1360391045067733,0.027241203980488016,-390.79743347295704,89.1558088542904
8.8,0.4156116413780675,0.3864986617051337,0.1454026120523358,0.029112979672933803,-586.1961502099684,86.80109061593924
8.805,0.4187785815323785,0.387475655288817,0.1563537478524768,0.03130292624356151,195.39871673615878,45.401567603776755
8.81,0.4220803226914658,0.3884526488725004,0.1679774579272669,0.033627673818965365,976.9935836828545,-2.873231457840461
8.815,0.4255184630509295,0.3894296424561838,0.1802808692447206,0.03608882059474572,390.79743347362955,-8.0778708092555
8.82,0.4290852368289639,0.3906020347566038,0.1922497684238023,0.038483202072360057,-586.1961502090878,14.726357901648726
8.825000000000001,0.432784244709398,0.3921652244904972,0.2029230021098175,0.04061902021890085,781.5948669473627,57.79752093312993
8.83,0.4366183059197525,0.3933376167909172,0.2162243607024756,0.04328068912883526,781.5948669470504,151.14654708654757
8.835,0.4405906528656832,0.3950962052415472,0.2272841139338715,0.045494447624136014,-1953.9871673672712,194.68295446693514
8.84,0.4447373274847647,0.3974409898423873,0.2362817319896644,0.047296337642377395,-781.5948669474764,95.20510459858122
8.845,0.4490888340668729,0.3990041795762806,0.2502104001229117,0.050084654490592295,1563.1897338935332,-1.6405027177038392
8.85,0.4536369844784675,0.4009581667436473,0.2631662828184611,0.052678817734820194,4.2604142436175607e-10,27.67990527075949
8.855,0.4583739934175655,0.4031075526277507,0.2760878506336346,0.0552664407898148,-781.5948669474058,47.264237454669
8.86,0.4633156363981432,0.4054523372285907,0.2890554540849874,0.05786329916955252,781.5948669459549,-57.45597421769264
8.865,0.4684738108230319,0.4074063243959575,0.3050584389754006,0.061067486427074436,195.39871673797296,-145.2757482187593
8.870000000000001,0.4738205474812484,0.4101419064302709,0.3180952503378308,0.06367864105097754,-781.5948669459515,-109.92802893816531
8.875,0.4793308303090544,0.4126820897478475,0.3329259778439812,0.0666487405612069,1172.392300419227,-67.6488755514996
8.88,0.4850064419795606,0.4152222730654242,0.3485804026136395,0.06978416891413641,586.1961502090444,-79.16612862097168
8.885,0.4908351238466947,0.4181532538164743,0.3630449837989087,0.07268187003022042,-2735.5820343131863,-99.9475257578597
8.89,0.4968056710175301,0.421865829434471,0.374309951247821,0.07493984158305911,-976.9935836821438,-116.59399811059296
8.895,0.502907525307332,0.4244060127520477,0.3920926430575621,0.07850151255528426,2735.582034313256,-90.18920222779593
8.9,0.509118287069399,0.4273369935030978,0.4084664170322111,0.0817812935663012,1758.5884506280574,-14.827694083266977
8.905,0.5154314406928556,0.4304633729708845,0.4243732819872202,0.08496806772197113,-976.9935836828203,36.706015982007216
8.91,0.5218541009329395,0.4343713473056179,0.4369193560561402,0.08748275362732161,-976.9935836804075,27.848787733901702
8.915000000000001,0.5283920423091847,0.4380839229236146,0.4510173995221248,0.0903081193855701,-781.5948669473786,-34.1209672754365
8.92,0.5350498186241337,0.4419918972583481,0.4647376303638361,0.09305792136578561,-1367.7910171582985,-100.56705327415295
8.925,0.5418171789440485,0.4462906690265548,0.4770517990757234,0.09552650991749367,390.79743347423585,-88.13809902776268
8.93,0.5486713191757061,0.4494170484943415,0.495662983018428,0.09925427068136461,195.39871673722405,-22.72596439177022
8.935,0.555606283544175,0.4537158202625483,0.508818399638922,0.10189046328162665,390.7974334718906,-8.783623469881434
8.94,0.562630464488629,0.4570375984470717,0.527307676014258,0.10559286604155727,2149.3858841031424,-23.975212195978997
8.945,0.5697366301451726,0.4605547753483318,0.5452332796913902,0.10918185479684084,-2149.385884100064,-9.462001400071017
8.950000000000001,0.576918470939435,0.4652443445500118,0.5576780154150418,0.11167412638942326,-2149.385884101671,0.37935482345267246
8.955,0.5841842435348453,0.4689569201680086,0.5754295523508688,0.11522732336683672,4103.373051468498,34.06761633130077
8.96,0.5915258765267191,0.4718879009190586,0.597471255193995,0.11963797560766049,1172.3923004184448,115.34170555798465
8.965,0.5989495030680165,0.4767728688374754,0.6101553016196047,0.12217663423054115,-4103.373051470277,123.20593781602838
8.97,0.606486748866815,0.4810716406056821,0.6263402744215281,0.1254151082611329,-1758.5884506293373,14.409691356291887
8.975,0.6141477504502443,0.4851750136571522,0.6441224992004962,0.12897273679309207,2735.5820343128307,-105.03589730177504
8.98,0.6219242938975387,0.4886921905584123,0.6654145976260054,0.13323210333912638,2735.5820343120495,-148.2428921367861
8.985,0.6297933953728848,0.492404766176409,0.6861934394690227,0.13738862919647582,-2930.980751048265,-126.9972969705839
8.99,0.6377334757215884,0.4974851328115624,0.7004889780817897,0.14024834291002602,-4103.373051466912,-120.05327200875055
8.995000000000001,0.6457381949438042,0.5011977084295592,0.7219472721388973,0.144540486514245,1758.588450630715,-127.03907524584238
9.0,0.6537872970419937,0.5045194866140825,0.7455819525360383,0.14926781042791115,4494.1704849422385,-92.74739129097462
9.005,0.6618620958909882,0.5074504673651327,0.7712994916888085,0.15441162852585555,781.5948669456292,-50.44395839093133
9.01,0.6699587187835084,0.5115538404166027,0.7912644998244982,0.15840487836690575,-2344.784600840442,-41.890368489563556
9.015,0.6780723508231484,0.5156572134680728,0.8113148019096984,0.16241513735507562,-1172.3923004196515,-60.619362262745426
9.02,0.686197296987742,0.5193697890860695,0.8333758603581637,0.16682750790167256,-390.79743347324177,-112.5873484662101
9.025,0.6943270693717954,0.5234731621375396,0.8535072215934648,0.17085390723425586,586.1961502104645,-166.96672222679314
9.03,0.7024424122924317,0.526794940322063,0.8774745369319364,0.17564747197036867,1563.1897338938886,-149.74497718100815
9.035,0.710513664188463,0.5305075159400596,0.8992675116484359,0.18000614824840333,-1.8461321360518923e-09,-73.14169505534758
9.04,0.7185270979753505,0.5344154902747932,0.9197944835702668,0.18411160770055734,-586.196150210427,-10.04180289779623
9.045,0.72648239029597,0.5383234646095265,0.940030813228546,0.18815892568644343,195.39871673946507,27.51351188166916
9.05,0.734378212341446,0.54223143894426,0.9599698435653378,0.192146773397186,195.39871673661946,23.99347818818771
9.055,0.7422232058914188,0.54633481199573,0.9786777794843148,0.1958883938956888,-1.3500311979441904e-09,-44.91344862273988
9.06,0.7500232689025941,0.5504381850472001,0.9971610960240114,0.19958508385539397,-781.5948669470503,-101.1716679612125
9.065,0.7577601044529975,0.5547369568154068,1.0143513083279312,0.20302314763759066,-1563.1897338935337,-79.0688650528217
9.07,0.7654173542101749,0.5590357285836136,1.0311436129871332,0.20638162562656126,390.7974334725315,-34.35840317820379
9.075,0.7729919143127448,0.5627483042016103,1.0504534671814794,0.21024361011113457,976.9935836835183,-15.517908563761353
9.08,0.7804813993991357,0.566460879819607,1.0693379599406336,0.21402051957952872,-1953.9871673638759,-18.926090454985285
9.085,0.7878842770674854,0.5707596515878138,1.0848584457750947,0.2171246254796716,-195.39871673485504,-51.0208578686574
9.09,0.7951998865609127,0.5736906323388637,1.1067815545539783,0.22150925422204892,3517.17690125917,-86.92934281981576
9.095,0.8024182666267589,0.5768170118066506,1.1272415295978735,0.2256012548201083,1172.392300418657,-64.81577745120552
9.1,0.8095217948376372,0.5805295874246473,1.1441962702051596,0.22899220741298987,-976.9935836838475,6.194573717690616
9.105,0.8165069536477481,0.5844375617593808,1.1595821746963493,0.23206939188836728,-390.79743347288615,56.96498082031377
9.11,0.8233823084518582,0.5881501373773773,1.1753960563183596,0.2352321710744809,-1172.3923004194407,69.64408941300775
9.115,0.8301565327041707,0.5926443078623208,1.186796313708358,0.23751222484184986,-781.5948669477616,59.682392958823016
9.12,0.8368383923843958,0.5961614847635809,1.2026197184457066,0.24067690762081495,586.1961502099689,19.951754555116963
9.125,0.8434366478854397,0.600264857815051,1.2150941233675936,0.2431717900703887,1758.5884506326345,-14.478829358772884
9.13,0.8499497290282112,0.6037820347163111,1.2300736387143656,0.2461676943119001,586.1961502091154,26.935272777082275
9.135,0.8563672509461104,0.6078854077677811,1.2416443783578832,0.24848184317832933,-2930.9807510514756,91.71692795093065
9.14,0.8627018395539409,0.612770375686198,1.248892478054049,0.2499314638677429,-976.9935836822145,74.32684571469562
9.145,0.8689752771589598,0.6160921538707212,1.2636519223156368,0.2528831232882386,2540.1833175770266,38.18438723357312
9.15,0.8751864408895382,0.6201955269221914,1.2741917934384663,0.25499091396734685,1953.9871673665616,87.82306581935558
9.155,0.8813350533697024,0.623908102540188,1.286372711931134,0.2574269508295144,-1367.7910171558829,149.19182643723644
9.16,0.8874417174222367,0.6285976717418682,1.293458773530869,0.25884404568036845,-3517.1769012619407,109.1406655939448
9.165,0.8935344026441576,0.6332872409435483,1.300474823508445,0.26024716170060935,-390.79743347515966,24.14929630221075
9.17,0.8996168609784735,0.6366090191280717,1.314279750318336,0.2630078418504018,1563.1897338958768,-7.517907898631179
9.175,0.9056824656479217,0.6407123921795417,1.3240921292569696,0.26497007346838,1758.5884506311181,-14.158582449265602
9.18,0.911736020854551,0.6438387716473285,1.3387289846301773,0.26789724920722247,2149.3858841030756,-19.424039567754086
9.185,0.9177717244730914,0.6477467459820617,1.3493684123924092,0.2700249784910297,-976.9935836840626,7.299972467508518
9.19,0.92378503846802,0.6520455177502685,1.3579417486005745,0.2717395207177514,-2344.78460084101,40.9117195435756
9.195,0.9297827550801014,0.656539688235212,1.3654599792959097,0.2732430668448894,195.39871673587453,49.851174955508455
9.2,0.9357712137913476,0.6602522638532087,1.3768397948098736,0.27551894993813897,-390.7974334726523,37.25487162626054
9.205,0.9417564691884952,0.6647464343381523,1.3842955394090657,0.2770100348503429,-1758.5884506271832,-5.111964074020301
9.21,0.947744397999492,0.6686544086728856,1.394695567820922,0.27908998932660634,390.79743347419173,-52.52431240919137
9.215,0.9537301216698992,0.671976186857409,1.4080155000747725,0.2817539348124902,1563.1897338921108,-42.331413510513435
9.22,0.9596994791283744,0.675493363758669,1.4202754165605604,0.2842061153697054,586.1961502096125,4.750689354721061
9.225,0.965651188211904,0.6786197432264557,1.434401275599045,0.2870314449854483,1172.392300419795,-1.3088700650590042
9.23,0.9715941257644868,0.6823323188444524,1.445553604199623,0.28926180692003434,2149.3858841032898,-52.74897318443837
9.235,0.9775244195038644,0.6852632995955026,1.4605505842833784,0.2922611199083618,-976.9935836824969,-60.62008638608229
9.24,0.9834270290377638,0.690343666230656,1.4646621308908034,0.2930833628071078,-1953.9871673675557,-21.1615395205921
9.245,0.989297066572596,0.6940562418486528,1.475449706165936,0.2952408247239432,1172.3923004199046,6.793702875730958
9.25,0.9951375688618198,0.6985504123335962,1.4821815777401033,0.29658715652822365,-586.1961502065946,22.36273193389954
9.255,1.0009479678785802,0.7030445828185395,1.4887628904414,0.29790338506004066,-3517.1769012604927,32.686595815342756
9.26,1.00673253893953,0.708124949453693,1.4922840486041504,0.2986075894858371,-781.5948669494667,2.2658898627976782
9.265,1.0124994861537466,0.711642126354953,1.5035330089959495,0.3008573597987936,1563.1897338935328,-60.47616883535471
9.27,1.01824462586671,0.7155501006896864,1.5127189229487117,0.30269452517702355,586.1961502100404,-107.66957042008985
9.275,1.0239538872879603,0.7190672775909466,1.5236794151979527,0.30488660969701376,1172.392300419936,-137.81671857288387
9.28,1.0296133534745244,0.72238905577547,1.5353679109275882,0.30722429769905446,976.9935836842033,-156.01632898040594
9.285,1.0352035017108012,0.7259062326767299,1.545732812178218,0.3092972690340713,-1953.987167367698,-139.81682121241226
9.29,1.0407009050444005,0.7298142070114633,1.553678842673151,0.3108866980329372,-1367.7910171572603,-107.5263282199598
9.295,1.0460923130932889,0.7331359851959867,1.5640261003954594,0.3129563278973022,2735.582034314974,-88.21633820844045
9.3,1.0513674637551276,0.7358715672303001,1.5767243804133055,0.31549589652482746,2540.183317575657,-55.89236073156815
9.305,1.0565127951072033,0.7393887441315602,1.5848655021715587,0.3171240509756431,-1172.3923004207902,-0.029977502862948313
9.31,1.0615248132684934,0.7432967184662935,1.5903860009076825,0.3182280948021998,-1953.987167366561,37.65568342728966
9.315,1.066409055391813,0.747204692801027,1.595266413373454,0.3192043625907861,-586.1961502103233,32.51190797470787
9.32,1.0711729236069971,0.7509172684190237,1.6005221351776624,0.3202556551879734,-390.79743347444884,14.748849051359457
9.325,1.0758187496305454,0.7546298440370205,1.6051889444198697,0.32118890559352486,586.1961502103709,31.513290396179684
9.33,1.0803443066786134,0.7581470209382805,1.6102312909254692,0.3221972857403329,1367.7910171587762,70.65289847943637
9.335,1.084756626672453,0.7612734004060673,1.6166602000131496,0.3234832262663858,-586.1961502116269,74.95108023511085
9.34,1.0890704757737384,0.7655721721742741,1.616734951844475,0.3234983035994643,-1.7045067579601891e-09,50.52848464757403
9.345,1.0932933394160125,0.768503152925324,1.6231938584333403,0.32479018649068847,976.9935836833517,57.5745347958935
9.35,1.0974263819726071,0.7726065259767941,1.6233417996651611,0.324819855995813,-1367.7910171565209,98.30610975769056
9.355,1.1014794163458728,0.7763191015947909,1.6250437684064631,0.32516031475108187,-1758.5884506294067,117.65533845903633
9.36,1.1054695998100157,0.7802270759295242,1.625454554025476,0.32524252388049146,1953.987167365708,96.64356166638714
9.365,1.1094131635717916,0.783353455397311,1.6295402674729955,0.3260597081744806,3126.37946778479,77.55012116618455
9.37,1.113317784624423,0.7866752335818344,1.6324543153955953,0.32664255104258866,-2540.183317574453,81.73623518730423
9.375,1.1171912246554354,0.7915602015002512,1.6273965428242183,0.3256310231551842,-3126.379467782816,75.59754167772707
9.38,1.1210484865369967,0.7950773784015112,1.6290968612182424,0.3259711081354856,2149.3858841033853,61.629577252212606
9.385,1.1248953358319915,0.7983991565860346,1.631722131564613,0.326496179245957,2344.7846008383094,71.54652614190265
9.39,1.128737303089412,0.802307130920768,1.63139202801326,0.3264301721686439,1367.7910171569479,85.93202739334598
9.395,1.1325871266787122,0.8060197065387646,1.632078213337946,0.32656742013994755,195.39871673743733,89.00530967111288
9.4,1.1364557808078115,0.8107092757404448,1.627973594349578,0.3257465050673667,-2930.980751050481,106.20021808080598
9.405,1.1403525292229906,0.8157896423755981,1.6220554683493336,0.32456288684739243,-2344.7846008408683,127.57313161757168
9.41,1.1442929250018667,0.8204792115772783,1.618308423155184,0.3238137134245884,-390.79743347487715,105.37297467636179
9.415,1.1482977436829076,0.8247779833454851,1.6168388654150825,0.32351976033742247,-195.39871673608616,46.33004965479242
9.42,1.1523763088031953,0.8292721538304285,1.614761004748387,0.3231041549727668,1172.3923004230016,3.409960161065726
9.425,1.156528143033141,0.8325939320149518,1.6189102677409346,0.3239342110181893,586.1961502088436,-10.122220529729987
9.43,1.160752262261452,0.8368927037831586,1.618536191253802,0.3238595584782933,195.39871673431148,-14.577890970742601
9.435,1.1650471372338491,0.8404098806844187,1.6224240305793656,0.32463725654943043,1367.7910171566632,-27.200297838304266
9.44,1.1694106631561068,0.8439270575856788,1.6266552548602544,0.325483605570428,195.39871673743815,-54.54351856983314
9.445,1.1738401483940624,0.848421228070622,1.626331411966038,0.32541892032344033,-8.520828487235121e-10,-69.80917981693241
9.45,1.1783243111893216,0.8517430062551457,1.632143001692293,0.3265813049341759,-781.594866945852,-50.261332797022646
9.455,1.1828526329952112,0.8568233728902991,1.629382510884036,0.32602926010491207,-1367.7910171532267,-25.152860738021218
9.46,1.187423397181281,0.860340549791559,1.6346502339785356,0.32708284738972204,-586.1961502106832,-27.203582869898554
9.465,1.1920343297044984,0.8648347202765025,1.6352338735062644,0.32719960942799586,-390.7974334758685,-51.62031304777915
9.47,1.1966827682712442,0.8683518971777625,1.640890045302781,0.3283308710934817,1172.3923004203623,-62.6928303495375
9.475,1.2013580349390542,0.8718690740790227,1.6466803849108007,0.32948896086003154,586.1961502107497,-38.656586975069146
9.48,1.2060508041461646,0.8753862509802827,1.652558259060269,0.33066455316588195,-195.39871673630057,-17.118917054687984
9.485,1.2107610558685291,0.8790988265982794,1.6575465696782803,0.3316622292702497,1563.1897338936737,-38.16242728376542
9.49,1.215488848219067,0.8820298073493293,1.666530571752659,0.33345904086973777,-195.39871673885895,-71.43904009027119
9.495,1.2202262735758682,0.8863285791175362,1.6687237949571814,0.33389769445833206,-781.5948669479558,-58.62977831824703
9.5,1.224958738062668,0.8898457560187963,1.6748001970941202,0.33511298204387174,1563.189733895834,-6.8751583383207215
9.505,1.229682249020983,0.8933629329200563,1.680831838746788,0.3363193161009268,-976.9935836844032,29.067042438693658
9.51,1.2344018438986493,0.8980525021217365,1.6809819442206315,0.3363493417769128,-1953.9871673691193,35.30825773268148
9.515,1.239122107045532,0.9017650777397332,1.6860203635401931,0.3373570293057988,976.9935836839209,32.83968644297097
9.52,1.2438472327694494,0.9056730520744666,1.6901061058262183,0.33817418069498284,1172.3923004206467,31.577603210595196
9.525,1.2485811559072495,0.9095810264092,1.6942358381136362,0.3390001294980495,-195.3987167368701,31.580298844461012
9.53,1.2533277443615114,0.91368439946067,1.6974519057452624,0.33964334490084136,-1172.3923004200783,32.15641221416434
9.535,1.258090973209346,0.9179831712288768,1.6997741836375349,0.3401078019804691,390.79743347174986,31.61549539797231
9.54,1.2628749589736796,0.9218911455636104,1.7041542347808425,0.3409838134100692,976.9935836834102,27.43408819922344
9.545,1.2676837153640357,0.9257991198983436,1.7086581402552004,0.34188459546569205,-1953.987167362955,17.298388434740417
9.55,1.272520492101354,0.9306840878167604,1.7084171805067054,0.3418364042845936,-976.9935836820162,0.6125617598421655
9.555,1.2773868164595177,0.9340058660012838,1.7161399083005044,0.3433809504582339,1367.7910171555275,-21.024407939336783
9.56,1.2822816421329657,0.9381092390527538,1.7200971689508713,0.3441724030802119,1367.7910171566643,-44.84109736779757
9.565,1.287200889057552,0.941626415954014,1.7271075170998855,0.34557447310353795,1172.3923004203618,-68.20541598060316
9.57,1.292137384660577,0.9455343902887472,1.7322501218672492,0.34660299437182984,-976.9935836849162,-89.19391151337913
9.575,1.2970810920607705,0.9500285607736906,1.734497805184224,0.3470525312870799,-1367.7910171575468,-106.46174917523254
9.58,1.3020195142682076,0.9541319338251608,1.738673049956639,0.3478875804430468,781.5948669493324,-118.94689951674866
9.585,1.306938231557662,0.9582353068766308,1.742749770340625,0.34870292468103126,-5.297806637827307e-10,-125.83908586749199
9.59,1.3118215692066817,0.9625340786448376,1.7456725990999398,0.34928749056184405,-1758.5884506319667,-126.78962785515205
9.595,1.3166533606487063,0.9670282491297812,1.7473618535293785,0.34962511151892506,390.7974334744496,-121.91651817233245
9.6,1.3214177103901323,0.9707408247477776,1.75262049370192,0.3506768856423548,1953.9871673674152,-111.4822309102725
9.605,1.3260996897060495,0.9746487990825112,1.7564903342521536,0.3514508906235383,195.3987167364441,-95.86995034084418
9.61,1.3306860213003868,0.9791429695674544,1.756950992314576,0.35154305173293243,-976.9935836834931,-76.05877914102427
9.615,1.335165736498782,0.983050943902188,1.7598095786452457,0.35211479259659395,-2540.1833175790157,-53.746854115107
9.62,1.339530631987105,0.9879359118206048,1.757209122104667,0.3515947201665002,781.5948669457687,-26.110250340625555
9.625,1.343775442247762,0.991257690005128,1.7618242069732477,0.35251775224263393,4298.771768208681,9.463893669304412
9.63,1.3478977955961726,0.9945794681896516,1.7658270223830124,0.353318327406521,-1953.9871673699088,37.320317204234755
9.635,1.3519026967026493,1.0000506322582785,1.7584956592445251,0.3518520644443708,-2930.9807510524715,44.31209171741841
9.64,1.355796976021256,1.0033724104428017,1.7613581262527525,0.35242456557845436,1953.9871673681241,40.864402994033526
9.645,1.359584820180648,1.0074757834942718,1.75978045086261,0.35210903668637616,1172.3923004202225,36.08678803004926
9.65,1.363272485354074,1.0113837578290052,1.7586788803122713,0.35188872752506883,-195.3987167371538,41.30466257663642
9.655,1.3668626770847525,1.0154871308804754,1.756114104073104,0.35137554620427713,-781.5948669464822,66.00559232765988
9.66,1.3703604103826572,1.019785902648682,1.7521098160134283,0.35057450773397525,-586.1961502111761,91.42638413351784
9.665,1.3737775720775391,1.023889275700152,1.7486794826639538,0.34988829637738705,195.39871673739498,101.57604099223241
9.67,1.377126756699333,1.027797250034885,1.74588611284603,0.34932950666444795,-781.5948669429347,103.24824701371347
9.675,1.3804209315431424,1.032096021803092,1.7408635912214612,0.3483249097400505,-781.5948669473021,96.08598088472263
9.68,1.3836731003450935,1.0356131987043522,1.7395389211228511,0.3480599016407413,2540.18331757319,81.53254030873289
9.685,1.386896003728574,1.0393257743223492,1.7370908562686167,0.34757022940622484,2540.1833175765987,92.61339758609489
9.69,1.3900955273008233,1.0424521537901357,1.7374568138456088,0.34764337351068764,-3712.5756179944055,124.7363805433159
9.695,1.393284321174144,1.048118716575499,1.7250681589291377,0.34516560459864487,-2735.582034313327,103.98359979746404
9.7,1.3964866509641087,1.0508542986098126,1.727402049422388,0.3456323523542961,3517.1769012599243,33.2465444850421
9.705,1.3997106202603953,1.054762272944546,1.723982145602149,0.3449483473158492,3907.9743347355247,12.141557917293483
9.71,1.4029504549347485,1.0580840511290694,1.7235725251488938,0.344866403805679,-195.39871673825905,59.54902068710196
9.715,1.406208147531813,1.0627736203307494,1.7164132198038922,0.3434345272010635,-5080.366635154054,92.23132022470297
9.72,1.409499080770657,1.0680493856826394,1.7064891213811268,0.3414496950880177,-3126.3794677856467,65.17005794222845
9.725,1.4128364520090844,1.071957360017373,1.703636155613563,0.3408790919917113,1758.5884506294083,6.843793381109492
9.73,1.4162247597920608,1.0756699356353696,1.7020148562096378,0.34055482415669114,2149.3858841028623,-36.8103330458776
9.735,1.4196607037501516,1.07918711253663,1.7016087233107309,0.3404735912135217,1953.987167366703,-32.381410395319364
9.74,1.4231343357923407,1.0827042894378898,1.7013910244689294,0.34043004635445095,-9.950440471584443e-10,5.885832565296852
9.745,1.4266440924219688,1.0866122637726232,1.699401106466076,0.34003182864934556,-2735.582034312586,30.088084335740007
9.75,1.4301954273611015,1.0911064342575667,1.6946867149953306,0.3390889931035348,-781.5948669440587,20.81877184338157
9.755,1.4337925038571022,1.0942328137253534,1.6970400291430452,0.3395596901317488,1758.5884506292377,-9.734510248305668
9.76,1.437438122582679,1.0981407880600869,1.6957281143025775,0.33929733452259203,976.9935836816456,-29.77580335397218
9.765,1.4411267568273929,1.1012671675278736,1.6985404289112993,0.3398595892995193,-390.79743347302775,-26.135170633668338
9.77,1.4448526869468246,1.1055659392960802,1.695677053246693,0.3392867476507444,2149.3858841030037,-23.633682040442665
9.775,1.4486170755294885,1.1086923187638669,1.6988666147246616,0.3399247567656216,2540.1833175758898,-9.9990902808145
9.78,1.452412985282905,1.1129910905320737,1.6963519173735766,0.3394218947508314,-4103.373051469706,26.936183496673465
9.785,1.4562398262813483,1.1186576533174373,1.6871529986172686,0.337582172963911,-4884.967918417895,30.876302099900073
9.79,1.4601090185006391,1.122956425085644,1.685004853015324,0.33715259341499504,-195.39871673606194,-18.538393804324528
9.795,1.464021945266469,1.1270597981371138,1.6840524233012295,0.3369621471293551,976.9935836873592,-77.6128087801474
9.8,1.467971662902128,1.1305769750383738,1.686214968344511,0.33739468786375415,2540.1833175764987,-111.8652634735621
9.805,1.4719448940910462,1.1337033545061608,1.690449100047196,0.33824153958488545,3321.7781845209515,-101.61333558443621
9.81,1.4759233056785892,1.1368297339739477,1.6947091591236003,0.3390935717046415,-586.1961502103235,-61.0402167831131
9.815,1.4798968074916063,1.141128505742154,1.6930827281297514,0.33876830174945227,-3321.7781845226564,-37.97594018948559
9.82,1.4838623334944394,1.1450364800768875,1.6933704214959282,0.3388258534175519,-1367.7910171582255,-53.28022692055308
9.825,1.4878166452513664,1.1487490556948845,1.694579050211121,0.33906758955648186,1172.3923004193355,-76.73542037790264
9.83,1.4917507704094892,1.151875435162671,1.6986177370792372,0.33987533524681823,976.9935836862339,-71.95010733028381
9.835,1.4956511271434068,1.1551972133471944,1.7015105965593555,0.34045391379621237,390.7974334736374,-54.63290093162597
9.84,1.4995118810033607,1.1585189915317178,1.7042054483230265,0.34099288947164297,1563.18973389197,-50.09403672005641
9.845,1.503328303060395,1.1614499722827678,1.708632633562162,0.3418783307776272,195.39871673601763,-34.404193291664456
9.85,1.5070910323751223,1.1653579466175013,1.707906391429503,0.34173308575762107,-1953.987167366987,-3.3550830755739014
9.855,1.5107980789656124,1.169070522235498,1.7078787326658664,0.34172755673011435,-195.39871673630145,1.9789221366291372
9.86,1.5144538203314826,1.172587699136758,1.708571544088035,0.3418661211947245,1367.791017156947,-14.554152020025981
9.865,1.518057099775983,1.1761048760380182,1.709002048083531,0.34195222373796486,-390.79743347487533,-16.662663901742206
9.87,1.5216022237945777,1.1800128503727516,1.7071877895262724,0.34158937342182605,-1172.3923004201438,-17.90826486138664
9.875,1.5250908113394872,1.183920824707485,1.7050896998360692,0.34116998663200215,976.993583686096,-17.943955251378497
9.88,1.5285195801005074,1.1872426028920084,1.705623728125686,0.3412769772084989,1367.791017156316,33.699247990985015
9.885,1.531881305391263,1.1913459759434786,1.70191474964782,0.3405353294477844,-1563.1897338945264,111.6327036544412
9.89,1.5351879452940176,1.195253950278212,1.698907485748491,0.33993399501580557,-2930.98075105048,125.57241753456223
9.895,1.5384622811793018,1.1997481207631555,1.6928078393586468,0.3387141604161463,586.1961502086176,72.21303568116004
9.9,1.5417189520787642,1.2024837027974689,1.6954129049711535,0.33923524928129534,3712.5756179973887,29.98658668104858
9.905,1.5449593111211382,1.2061962784154654,1.69305151912245,0.33876303270567276,1953.9871673681246,31.543072821308975
9.91,1.5481848134904286,1.2095180565999888,1.6925710478296447,0.3386667568904398,-2344.784600841863,40.157058457170734
9.915,1.551402381803453,1.2144030245184054,1.6842336258695392,0.3369993572850476,-3321.778184524078,30.688851201150683
9.92,1.5546170726018314,1.2183109988531389,1.6807668690412485,0.3363060737486925,1172.3923004211542,12.076434125560342
9.925,1.557831650284705,1.222023574471136,1.6782766080484188,0.33580807581356886,3321.7781845225268,-7.535837960974718
9.93,1.5610464182641746,1.225540751372396,1.6767643463856965,0.33550566689177863,-390.79743347203214,-27.184396744247113
9.935,1.564259192999017,1.2302303205740757,1.6693802004084943,0.3340288724249414,-3126.3794677857873,-45.921512516147715
9.94,1.5674653146394968,1.2345290923422825,1.6639168108554463,0.3329362222972143,-195.39871673871642,-59.66049906448094
9.945,1.570657825549646,1.2386324653937526,1.6593623890173113,0.33202536015589335,1953.9871673644298,-64.76351704691518
9.95,1.5738278402152817,1.242149642295013,1.6576264889339651,0.33167819792026876,-1953.9871673649495,-72.51948977622041
9.955,1.5769678874375272,1.2470346102134295,1.6489018143289296,0.3299332772240977,-1758.5884506260506,-95.07657194575862
9.96,1.5800692314744835,1.250356388397953,1.6477995866917516,0.3297128430765306,3907.9743347337553,-114.70269639036323
9.965,1.5831168591728852,1.2534827678657396,1.6474057823253507,0.3296340913071456,2344.7846008390206,-107.43490191004318
9.97,1.5860944118451543,1.257390742200473,1.64275363759745,0.32870366964468123,-3517.176901260662,-83.36018498255646
9.975,1.5889900380593291,1.2618849126854164,1.634760887111143,0.3271051253739128,-2540.183317577311,-65.27465945225953
9.98,1.5917959464253857,1.2655974883034131,1.6302275275454707,0.32619845812197257,1563.189733893676,-50.593314842048244
9.985,1.5945040639118766,1.2687238677711998,1.628136198994215,0.32578019614067677,1367.791017156663,-29.77694514811577
9.99,1.5971085605557247,1.2724364433891966,1.62259578920765,0.3246721171665281,586.1961502089022,-9.65257354494122
9.995,1.5996083434156854,1.2755628228569833,1.6194627942358628,0.32404552055870206,195.39871673789148,10.157920171208104
10.0,1.6020024772910235,1.2792753984749798,1.612870575976446,0.3227270788160437,-586.1961502073165,34.16337217203238
10.005,1.6042932239972112,1.2829879740929768,1.605761423780498,0.32130524990423437,-6.114930783951422e-10,49.31778418203464
10.01,1.6064878545514534,1.2863097522775002,1.6001256795195713,0.32017810227395316,-976.9935836842049,51.62926309736997
10.015,1.6085928690286249,1.2904131253289703,1.5901338817604618,0.3181797436996545,-195.39871673601763,59.95012197615932
10.02,1.610614010121196,1.293539504796757,1.58460768597429,0.31707450532443904,1563.1897338935319,82.31458407664482
10.025,1.6125589077730242,1.2968612829812804,1.5777232801827406,0.3156976247917438,-781.5948669469083,98.68084053267077
10.03,1.614440894122228,1.3007692573160137,1.5675933377526332,0.31367163680621424,-586.1961502106072,99.65151555491465
10.035,1.6162736548144865,1.3038956367838006,1.5611252418730226,0.3123780180306859,2540.18331757532,114.37489165985373
10.04,1.6180671873950816,1.307217414968324,1.553484012251808,0.3108497724267576,586.1961502099924,153.43493259733899
10.045,1.619836761668566,1.3109299905863208,1.5437690042479872,0.3089067710822453,-2735.5820343111404,169.05196201833292
10.05,1.6216072648314177,1.3154241610712645,1.5301506666125195,0.30618310376015323,-390.7974334710203,128.3549655886304
10.055,1.62340166326786,1.3185505405390507,1.523490760635794,0.3048511227288093,1172.3923004209307,74.43506853036604
10.06,1.6252301783932532,1.3226539135905209,1.5121164703494046,0.30257626480273236,195.3987167363007,68.26641697074652
10.065,1.6270967145779576,1.3263664892085176,1.502886272658139,0.30073022536943994,390.7974334723177,98.2848740122271
10.07,1.6290103631491193,1.3300790648265144,1.4938916370041204,0.2989312983226049,-2149.3858841052775,92.2826637412333
10.075,1.6309901820158292,1.3345732353114577,1.4813198785770794,0.2964169467043716,-1367.7910171570743,39.19102651958093
10.08,1.6330461039730282,1.3380904122127175,1.474013603588074,0.29495569176031067,2930.9807510518917,4.0379850221975175
10.085,1.635174348245217,1.3410213929637678,1.4699999209788084,0.29415295528144925,781.594866945652,1.7871049201367555
10.09,1.6373765918914989,1.3453201647319744,1.4595172801972172,0.2920564271595245,-586.1961502117431,10.599470865315539
10.095,1.6396532512511417,1.348641942916498,1.454291685935238,0.2910113083346437,1172.3923004192252,34.69489323606649
10.1,1.6420036140094518,1.3525499172512316,1.446503627943062,0.2894536967582202,-976.9935836832094,48.31167338949393
10.105,1.6444374905044692,1.3568486890194382,1.4371791514890684,0.28758880148503096,-1758.5884506295492,23.91502029979705
10.11,1.6469618652201232,1.3609520620709084,1.4292841597395498,0.28600980314921487,586.1961502106078,-9.45488671618483
10.115,1.649575377678589,1.364664637688905,1.4237899940453782,0.2849107399896842,195.39871673488136,-32.35614996043677
10.12,1.652275260543813,1.3687680107403752,1.4167734631969298,0.28350724980343767,-586.1961502108163,-62.30444942450367
10.125,1.655057457886785,1.3726759850751085,1.411145314304353,0.28238147281167647,2149.3858841068095,-87.07006024934631
10.13,1.657911443830561,1.3761931619763683,1.4078299483699162,0.2817182818541928,1172.3923004194476,-69.37743167435468
10.135,1.6608214266796326,1.3802965350278384,1.4018634684403102,0.2805248916517942,-3907.9743347356816,-36.81477493501069
10.14,1.6637833450201167,1.385376901662992,1.391271603832872,0.2784064433571247,-1367.7910171560966,-45.04192614206437
10.145,1.6667979066254572,1.3886986798475154,1.3897358224296843,0.27809922677794185,3517.1769012610894,-62.02763319578625
10.15,1.6698541493375458,1.392411255465512,1.3864532489344945,0.2774428938720339,976.9935836832103,-39.26715803913879
10.155,1.6729418557981175,1.396514628516982,1.381374188807482,0.27642722728113545,-1953.9871673675552,-18.804672873784412
10.16,1.676061829149653,1.4008134002851889,1.375479614986109,0.2752484288644641,-1563.1897338949539,-41.550180950766645
10.165,1.6792140070395738,1.4047213746199223,1.371700167371633,0.2744926324196515,-390.7974334723523,-70.26704207533456
10.17,1.6823875797835637,1.4086293489546555,1.3680277871055848,0.27375823082890816,1172.392300422713,-78.15881925779834
10.175,1.6855728101688765,1.4117557284224425,1.36832174384335,0.27381708174643404,2149.3858841023366,-73.84928216451941
10.18,1.6887611341972029,1.4154683040404392,1.3657013977749397,0.27329283015676364,1367.7910171552423,-45.461634305470376
10.185,1.6919401063667656,1.4187900822249626,1.3649880972040889,0.273150024141803,-781.5948669469092,-6.775985705758579
10.19,1.695108643108406,1.4234796514266428,1.3573835185070515,0.27162899168176313,-2149.3858841024357,1.3403406404673888
10.195,1.6982704339989367,1.427192227044639,1.3546300617522524,0.27107820695429763,-1953.9871673681241,-16.027889424208787
10.2,1.7014233305314672,1.4318817962463195,1.3469482220723596,0.2695415342851477,976.993583681128,-34.56214416443756
10.205,1.7045651334060303,1.4348127769973695,1.3480035516226094,0.2697523564086608,1953.9871673689277,-39.8958971928211
10.21,1.7076891685769635,1.438720751332103,1.3440848309497555,0.26896841724486054,-1172.3923004206674,-29.60720630057817
10.215,1.7107896424438822,1.4426287256668366,1.340048108727599,0.26816091677704557,-195.39871673828907,-24.491892553727396
10.22,1.7138662613477,1.4459505038513598,1.3388229364176067,0.2679157574963402,1563.18973389467,-24.170556672231925
10.225,1.7169143539061915,1.4494676807526197,1.3364780139785926,0.26744667315357185,-195.39871673743886,-14.160929112848251
10.23,1.719930116951124,1.4533756550873536,1.332017356949447,0.2665544618637705,390.7974334723159,-9.083661713874406
10.235,1.7229150972362863,1.4568928319886134,1.3293566934048495,0.2660222652476729,976.9935836851998,-8.28836546162448
10.24,1.7258665744581227,1.4608008063233466,1.3245744634690773,0.2650657681347761,-781.5948669474766,6.55226603186145
10.245,1.7287827887724525,1.46529497680829,1.3166848871189791,0.2634878119641626,-1367.791017158307,24.160541177896178
10.25,1.7316673455032343,1.4692029511430236,1.3115679627015953,0.26246439436021074,-1367.791017154078,30.583311908572796
10.255,1.734523980780723,1.4738925203447035,1.3024034239625375,0.26063146043601937,781.5948669488221,31.935002224919856
10.26,1.7373565906276365,1.477214298529227,1.29995768698001,0.26014229209840956,1172.3923004197957,33.317972861369796
10.265,1.740169256573004,1.481317671580697,1.2935042352139134,0.258851584992307,-1953.987167368408,29.476281568749584
10.27,1.7429662448335546,1.485616443348904,1.285995384687165,0.2573498014846505,195.39871673516342,15.966929022966518
10.275,1.7457519341221583,1.4887428228166906,1.2842919874004768,0.2570091113054678,2930.980751051333,13.908992289941501
10.28,1.7485257844025572,1.492455398434687,1.2795984035998689,0.25607038596787013,781.5948669474772,41.22108234838822
10.285,1.751287980357209,1.4963633727694208,1.2738695460093652,0.25492460758778823,-1953.9871673689763,58.47379100203312
10.29,1.7540491183269344,1.5006621445376274,1.2661814044648834,0.2533869737893071,-2930.98075104985,27.268421386565834
10.295,1.756818616360504,1.5049609163058342,1.258535057750036,0.2518577000546698,586.1961502132693,-14.689736671298993
10.3,1.7595947203976892,1.5082826944903576,1.2558067045800163,0.2513120259073316,3517.1769012593186,-14.781872375516198
10.305,1.7623711105534303,1.5116044726748812,1.2530797784894412,0.25076663787854914,195.39871673516512,15.813202613231471
10.31,1.765147900878148,1.5159032444430878,1.2454698825146666,0.24924465643506033,-2344.784600839872,36.361629711907256
10.315,1.7679306810636122,1.5198112187778212,1.2398439207624556,0.24811946228579096,-586.1961502097554,37.63253437625903
10.32,1.7707244729709255,1.5237191931125544,1.2342730158206658,0.24700527985837106,1172.3923004200788,32.4379559353372
10.325,1.7735336895207616,1.5272363700138143,1.230733219819793,0.24629731950694733,-8.270717444247566e-11,21.327372543553366
10.33,1.7763620692103976,1.5311443443485482,1.225335251199301,0.24521772486184945,-1172.392300419169,-5.431660969465071
10.335,1.7792125738808149,1.5350523186832816,1.220047906561717,0.24416025519753326,1367.7910171578628,-34.59408934843284
10.34,1.782082016969108,1.5381786981510683,1.2187632276114486,0.24390331881803973,3321.77818452365,-28.974504854490185
10.345,1.7849619024828005,1.5420866724858016,1.2136227858640023,0.24287522999699895,1367.7910171560952,15.354326963860693
10.35,1.787849722157708,1.5461900455372717,1.207545020867398,0.24165967662043641,-2735.582034313043,49.82511721607653
10.355,1.7907527008218649,1.5516612096058984,1.1947040953540138,0.2390914912159665,-4884.967918416898,31.315878218550644
10.36,1.7936805391031618,1.556546177524315,1.184918448375588,0.23713436157884682,-1953.9871673681237,-28.578921863698838
10.365,1.7966347940152243,1.5610403480092587,1.1772188714769207,0.23559444600596557,3712.5756179962527,-73.38281109696551
10.37,1.799605783683688,1.564362126193782,1.175464929669213,0.23524365748990617,4298.771768208385,-59.96392741537057
10.375,1.802579603141015,1.5682701005285151,1.170794155900253,0.23430950261249994,-2540.1833175739503,-20.504496216920025
10.38,1.8055520730881904,1.5733504671636689,1.1602546729548189,0.23220160592452155,-4103.3730514699755,-20.318642997950004
10.385,1.8085271642718217,1.5776492389318757,1.1536362704275085,0.230877925339946,1367.7910171552433,-45.52413925012126
10.39,1.8114989028204505,1.580971017116399,1.1518849224046563,0.23052788570405136,1367.7910171563788,-41.21412465053881
10.395,1.8144571587646463,1.585074390167869,1.146158416993583,0.2293827685967773,-586.1961502103218,-26.49418123837772
10.4,1.8174007487412185,1.588591567069129,1.1432897464703808,0.2288091816720894,586.1961502103247,-42.9947385629277
10.405,1.8203283724948385,1.5919133452536525,1.1413183855960538,0.228415027241186,1367.7910171569474,-66.90449944415197
10.41,1.8232311166692563,1.595625920871649,1.1372687574023133,0.2276051957976073,2930.9807510482074,-55.0975309349174
10.415,1.826097810723835,1.598752300339436,1.1359699535555927,0.2273455103843991,4.0313352656085044e-10,-10.077514786224924
10.42,1.82892310210512,1.6034418695411163,1.126648263029074,0.22548123256400365,-5275.7653518848065,24.631987829478106
10.425,1.831710375920702,1.6085222361762692,1.1151825577915846,0.22318813974443286,-1367.7910171537083,9.19016881024865
10.43,1.834466627534023,1.6120394130775293,1.11137773844018,0.2224272144564936,2344.7846008378833,-40.868206931464954
10.435,1.8371907000732672,1.615947387412263,1.1054580751333685,0.22124331266100428,390.79743347231704,-63.58304762841544
10.44,1.8398708831247756,1.620050760463733,1.0983420016700662,0.21982012266104256,586.1961502100393,-32.89336848865946
10.445,1.8424979149746,1.6233725386482565,1.0948681712257775,0.21912537632634344,586.196150208334,12.980782026944127
10.45,1.8450722858297497,1.6278667091331998,1.0852690940601746,0.21720557669654994,-586.1961502104691,37.61813460076161
10.455,1.8475991272562116,1.6313838860344596,1.0803173534728754,0.21621524122175195,-2149.385884100834,43.798000662038106
10.46,1.8500838164309732,1.63607345523614,1.0692917526078052,0.2140103611948332,-1758.588450629411,41.00812256407552
10.465,1.8525319550527029,1.6393952334206634,1.0649225942094525,0.21313672163203945,2149.3858841021506,25.773390617304827
10.47,1.854949272929106,1.64252161288845,1.061376517785028,0.21242766004065583,2735.5820343141804,8.048560084149301
10.475,1.857337406486638,1.6456479923562366,1.0576846734597505,0.21168941413040132,-195.39871673630103,12.890559025606706
10.48,1.8596944287147663,1.6493605679742336,1.0509064146912035,0.21033386074053273,-781.5948669477618,36.913974511209105
10.485,1.862023530118101,1.6528777448754937,1.0449656437462131,0.2091457852426073,976.9935836832096,52.488066284299826
10.49,1.86433217434698,1.6563949217767535,1.0389226656200188,0.20793725257022655,781.5948669457705,52.577273023930616
10.495,1.866627239921603,1.6603028961114872,1.0308578700080329,0.20632434381011588,-1953.9871673664315,47.743734465654086
10.5,1.868914997892031,1.6646016678796938,1.0208025995699936,0.2043133300123372,-2149.3858841005613,42.85517110020192
10.505,1.8712011131701691,1.668705040931164,1.011716149544017,0.20249607223900523,1758.588450630963,42.05954700495063
10.51,1.8734906430843852,1.6720268191156873,1.0065547792650278,0.20146382396869789,2735.582034312759,48.58801204960842
10.515,1.8757880050348976,1.6759347934504207,0.9985016142019602,0.1998532115844769,-1367.791017157233,43.56426287444134
10.52,1.8781011694710472,1.680428963935364,0.9875965014444203,0.1976722055356832,-1563.1897338943866,15.427868996767984
10.525,1.8804365035278392,1.6847277357035708,0.9777792468764902,0.19570876782426838,1172.3923004197961,1.8492606653818058
10.53,1.882790141314892,1.6884403113215678,0.9709845049130842,0.19434982999332417,-586.1961502094694,18.347080940089214
10.535,1.8851620365179904,1.693520677956721,0.957442105505863,0.19164135856126951,-586.196150211176,18.83930889619087
10.54,1.887559407876585,1.697233253574718,0.9508660504112924,0.19032615430186683,8.678853191668168e-10,-14.235035280885853
10.545,1.889982951086291,1.7017274240596612,0.94051288699706,0.18825552702662995,-2735.5820343094433,-52.96530809801138
10.55,1.8924278084650228,1.7062215945446046,0.9302662998355636,0.18620621392041814,9.43600753089413e-10,-79.18072515535214
10.555,1.8948850121974607,1.7093479740123914,0.9269204038544724,0.1855370381850694,5275.765351889217,-84.39771396723864
10.56,1.897342377772106,1.7126697521969143,0.9225983269616012,0.1846726255751916,2930.980751049628,-62.74385504184754
10.565,1.899789039126344,1.7163823278149113,0.9162687445680212,0.1834067113114326,-4298.771768207431,-26.77487568121319
10.57,1.902218718083868,1.7218534918835382,0.9010613101526797,0.1803652262003299,-4494.170484944015,-6.142693164009238
10.575,1.904632288017899,1.7257614662182716,0.8935892810613071,0.17887082179962732,586.1961502105672,-11.395366988423604
10.58,1.9070300545246277,1.7294740418362682,0.8870152298346765,0.17755601268835952,1563.1897338953709,-21.314707269083968
10.585,1.9094086161789623,1.7329912187375285,0.8813232992236507,0.1764173974414338,1367.791017156276,-21.689960823619458
10.59,1.911764991727397,1.7361175982053152,0.8774730459659374,0.1756473935220817,976.9935836829246,-20.595508412954302
10.595,1.9140967089022631,1.7396347751065753,0.871545560405208,0.17446193379568786,5.684341886080801e-10,-24.848724836205648
10.6,1.9164018397313516,1.7431519520078351,0.8654851805013398,0.17324988772351646,-5.684341886080801e-10,-24.553920746087655
10.605,1.9186759706793897,1.7466691289090954,0.8592709812606557,0.17200684177029424,-1367.7910171577998,-17.53335532526978
10.61,1.9209157498116556,1.7505771032438289,0.8509308296686567,0.1703386465678267,-1172.3923004200776,-23.38810219640672
10.615,1.9231218475895957,1.7540942801450887,0.84437609358833,0.16902756744450698,976.9935836834935,-37.10575343177595
10.62,1.925289188612984,1.7570252608961388,0.8405572724192086,0.16826392771684517,195.39871673761036,-32.87166408309855
10.625,1.927410951530685,1.7607378365141355,0.8326027108930775,0.16667311501654947,390.79743347479763,-13.380739381432306
10.63,1.9294850503819052,1.763473418548449,0.8292960467177225,0.16601163183345613,2149.385884102401,9.775682408100664
10.635,1.931510410838574,1.7667951967329725,0.8228145594705375,0.16471521410560164,1.7053025658242404e-12,32.686119678260695
10.64,1.9334899543790367,1.7703123736342323,0.8151268737802243,0.16317758074480437,-2930.980751049344,39.34582626698335
10.645,1.9354300011956715,1.7744157466857025,0.8043106274969812,0.1610142545099691,-976.9935836843454,16.192774355091274
10.65,1.9373365867240573,1.7775421261534892,0.7982119657127268,0.15979446057056812,2149.3858841027195,-13.147673346623918
10.655,1.939209068428244,1.780668505621276,0.791942723224926,0.15854056280696782,2149.3858841030033,-6.163539914609601
10.66,1.9410411401913223,1.7841856825225362,0.7835173945981762,0.15685545766878617,195.3987167357311,31.57716790610813
10.665,1.9428344648629448,1.787702859423796,0.7748982911013188,0.15513160543914872,-2540.1833175743704,56.852168102934144
10.67,1.944597451240917,1.792392428625476,0.7602643529440081,0.152205022615441,-2149.3858841001265,55.26092068834234
10.675,1.9463377676676807,1.7957142068099994,0.7523562249241962,0.15062356085768136,1367.7910171552755,36.97746714576911
10.68,1.9480623720409445,1.799622181144733,0.7414398698918635,0.1484401908962114,2344.7846008381684,17.61228736853591
10.685,1.949774237763139,1.802553161895783,0.7353446905676019,0.147221075867356,-781.594866946338,17.40335098759263
10.69,1.9514728800585504,1.807242731097463,0.72038922253244,0.14423014896108732,-1563.1897338938177,33.67100759135396
10.695,1.9531614874366887,1.8105645092819864,0.7122227016974603,0.1425969781547023,976.9935836803652,47.51654612818238
10.7,1.9548463786447223,1.81447248361672,0.7011079027813463,0.14037389502800224,781.5948669465553,55.945906800889674
10.705,1.956533187695921,1.8181850592347168,0.6909795633212663,0.13834812846120426,-781.5948669413629,52.325065926197205
10.71,1.9582303843455888,1.8222884322861863,0.6789490760113833,0.13594195205940252,-781.5948669454187,27.93431661871493
10.715,1.9599452844476375,1.82619640662092,0.6679840206072629,0.13374887782671752,976.9935836803693,6.9434300016277675
10.72,1.961677222227075,1.829908982238917,0.6580810840219067,0.13176823998815812,390.7974334711815,9.668274541355032
10.725,1.963425712008456,1.8338169565736504,0.6472850135009315,0.12960875543480554,-2540.183317577026,18.49929105930069
10.73,1.9651938357191832,1.838311127058594,0.6336558614264763,0.12688270866058926,-195.39871673374233,18.79139282891677
10.735,1.966984138652918,1.84143750652638,0.6269751940336904,0.12554663212653816,2540.183317577593,15.617608001719105
10.74,1.968798724112973,1.8449546834276405,0.6184620090496398,0.1238440406853325,-390.79743347714964,9.266403311017385
10.745,1.970639355773853,1.8488626577623737,0.6081262636177875,0.12177669801147939,-781.5948669461878,-3.7355245774670323
10.75,1.9725075050164456,1.8523798346636335,0.5998818996743802,0.12012767035281202,1367.7910171617564,-11.482393744016733
10.755,1.9744006297745724,1.8557016128481567,0.592739252022342,0.11869901692641571,-586.196150212446,-7.681654461161344
10.76,1.976316442905024,1.8598049858996275,0.5818019480012034,0.11651145700539645,-1172.3923004260448,-9.363829882716374
10.765,1.9782564782613308,1.863322162800888,0.5739154865837697,0.11493431546044275,1953.9871673675566,-15.727991872439219
10.77,1.9802178561242465,1.866643940985411,0.5671140321814282,0.11357391513883552,976.9935836874719,-14.271045666875011
10.775,1.982197537404246,1.870551915320144,0.557473004672319,0.111645622084102,-1563.1897338929655,-16.583562975540623
10.78,1.9841960166822408,1.8748506870883508,0.5459718924329089,0.10934532959388998,-390.79743347430724,-22.100853280733467
10.785,1.9862095361576515,1.8783678639896109,0.5384527353131442,0.10784167216804064,-195.39871673828938,-19.03676366396266
10.79,1.988234341016032,1.8828620344745544,0.5261063613477491,0.10537230654147756,-390.79743347561794,-18.96869683577463
10.795,1.990270373668266,1.8863792113758149,0.5187010034365558,0.10389116229245121,195.39871673790898,-21.845092607294127
10.8,1.992313792361956,1.8904825844272848,0.508401522314804,0.10183120793467126,-195.39871673426856,-13.604558583316347
10.805,1.9943610812392545,1.894195160045281,0.5000753211450326,0.10016592119397338,-195.39871673544948,-6.622671851914607
10.81,1.9964125256274048,1.8979077356632776,0.4917698510227768,0.09850478996412715,-1.1382894626876805e-09,-17.992767055547127
10.815,1.998468054312033,1.9016203112812748,0.4834847651775132,0.09684774303075816,586.1961502071981,-34.50626208859985
10.82,2.0005239181405265,1.9049420894657985,0.4771553124546282,0.09558182867472809,586.1961502091876,-31.71306901038071
10.825,2.0025733001195465,1.9086546650837948,0.4688394395055566,0.09391863503575171,586.1961502113278,-12.688130524332756
10.83,2.004613463639233,1.9121718419850549,0.4614544487943389,0.09244162165417835,195.3987167380525,-0.02433129964245495
10.835,2.006645105592785,1.915884417603052,0.4530498414294333,0.09076068798973291,-1953.9871673676948,-2.320134921383712
10.84,2.008668473993,1.9201831893712584,0.4416728733553268,0.08848528462174166,-976.9935836846287,-16.375778110671526
10.845,2.010683446400447,1.923504967555782,0.4351388834826313,0.08717847884466501,1563.1897338938177,-30.750685745034417
10.85,2.012686629066906,1.927022144457042,0.4275689435187747,0.0856644846098642,586.1961502108908,-27.226151622984652
10.855,2.014671946764423,1.930539321358302,0.4199096724681777,0.08413262540612121,-390.79743347345493,-8.767439766473615
10.86,2.016637178175206,1.9342518969762987,0.4111729714066021,0.0823852811989072,390.7974334728865,1.1491479000370504
10.865,2.0185833805330904,1.9375736751608224,0.4042951082530017,0.08100970537226804,-1.4202309966110304e-09,-7.805163780004847
10.87,2.020511353878133,1.9414816494955556,0.394395116088226,0.07902970438257739,195.39871673499744,-20.77388255228705
10.875,2.022418896854349,1.944998826396816,0.3863469566899461,0.07742007045753296,390.7974334759544,-17.04112843754136
10.88,2.024301351011908,1.9487114020148124,0.3771963575693094,0.07558994899709548,-976.9935836820325,0.5799355798635304
10.885,2.0261577218456464,1.953010173783019,0.3649843594422111,0.07314754806262735,195.39871673459754,12.601995587716303
10.89,2.027990128448092,1.9563319519675424,0.3575375067680168,0.07165817648054973,390.79743347373903,11.47933733932446
10.895,2.0298004354425623,1.9606307237357488,0.3450951870882886,0.06916971170681352,-976.993583683494,-0.18706119931262322
10.9,2.031590288182274,1.9645386980704824,0.3345045824643443,0.06705159011179163,-195.3987167388581,-12.294121690389204
10.905,2.033358516982436,1.9682512736884796,0.3247828510561025,0.06510724329395656,1172.3923004203616,-5.880938961695648
10.91,2.0351016431532543,1.972354646739949,0.3129816187975883,0.06274699641330517,1172.3923004206458,21.558191763519957
10.915,2.0368196723435776,1.9756764249244727,0.3049628755423842,0.06114324741910493,-3321.778184521867,42.40562908365418
10.92,2.038518312422071,1.980952190276363,0.2870761003882055,0.05756612214570822,-2344.7846008373403,30.379130901109846
10.925,2.040205459717751,1.9840785697441496,0.279879020497914,0.05612688997360116,4103.373051469451,1.2314990746505998
10.93,2.0418827016178085,1.9870095504952,0.2736095910191474,0.0548731511226086,781.594866946625,-9.793111588863084
10.935,2.0435462582358555,1.9911129235466696,0.2614099206729876,0.05243333468918587,-2930.980751048207,-5.69285863832738
10.94,2.0451960422395405,1.9946301004479297,0.2520724856418775,0.05056594179161089,1172.3923004183728,-5.216386007021974
10.945,2.0468322747863037,1.99756108119898,0.2455983681858528,0.04927119358732379,2344.784600836746,0.71162201862807
10.95,2.048452641428629,2.0008828593835037,0.2370910093271965,0.0475697820451253,-390.79743347199775,13.695492976076928
10.955,2.050058292983088,2.0045954350015,0.2265561480913697,0.04546285798158811,-1172.392300416169,9.87344071802299
10.96,2.051653210807093,2.00811261190276,0.2169446599705847,0.04354059890433293,-390.7974334733512,-13.71516423945345
10.965,2.053238008319185,2.0118251875207567,0.2063056152534534,0.04141282079842812,1172.3923004175213,-26.05939006429105
10.97,2.05480762381565,2.0151469657052803,0.1975446784630758,0.039660658110369784,1172.3923004186581,-9.897748107335538
10.975,2.056357705630355,2.0188595413232773,0.1867321107665459,0.03749816430707753,-1953.9871673649982,13.072863843604068
10.98,2.057889821064236,2.0231583130914834,0.1728987501508641,0.034731507972752595,-1367.791017154675,19.49935140146519
10.985,2.05940748716849,2.0268708887094804,0.1619241394269084,0.0325365984590098,1367.7910171552437,12.277575281417413
10.99,2.0609128754166943,2.030192666894004,0.152842139221118,0.030720208522690307,-586.1961502125953,2.234913774543749
10.995,2.0624068522849925,2.0344914386622106,0.1388181243022178,0.027915413622781937,-1.9593926481320523e-10,-5.634108203754572
11.0,2.0638890644483068,2.037617818129997,0.1305961052845396,0.026271246318309682,1953.9871673693542,-9.985575423741224
11.005,2.065358035893637,2.0411349950312574,0.1203552821684687,0.024223040862379808,-1758.5884506310265,-18.311720306779137
11.01,2.066812754050869,2.045433766799464,0.1061351774444573,0.02137898725140497,-2149.3858841069814,-37.79019462627025
11.015,2.068251052418999,2.048755544983988,0.0967179090271796,0.01949550743501094,1758.5884506304017,-54.259749836946796
11.02,2.069665632504075,2.051881924451774,0.0881578664855473,0.017783708052300895,2344.784600841862,-51.235275942362804
11.025,2.0710481116664528,2.0552037026362977,0.0784605348723543,0.01584440903015505,976.9935836832092,-37.96448108374902
11.03,2.0723934400580872,2.0587208795375576,0.0676017732820883,0.013672560520529675,-2149.385884103571,-30.2955433673458
11.035,2.0736979783600558,2.062824252589028,0.0536091344606977,0.010873725771027853,-3712.575617997957,-29.12478854170928
11.04,2.0749582122318224,2.066927625640498,-0.0007582664535427,0.008030586591324607,781.5948669461725,-27.033180658654004
11.045,2.0761703569564407,2.0694678089580743,-0.0007561339409934,0.006702547998366448,2344.784600842444,-17.7572307470094
11.05,2.077330824236739,2.072789587142598,-0.000753277771122,0.004541237094141337,781.5948669461028,-0.7925785388700035
11.055,2.0784382142749487,2.075915966610385,-0.0007486925155609,0.0025222476645638814,976.9935836812194,19.05756598517999
11.06,2.079493518842089,2.0786515486446984,-0.000742723991448,0.0008419701973907401,-1953.9871673664193,33.23334097871299
11.065,2.0805007577370414,2.0829503204129045,-0.0007344986926617,-0.0024495626758631595,-1172.3923004195092,39.1708460173862
11.07,2.0814653536138583,2.0854905037304814,-0.0007256181339687,-0.004025150116623077,1367.7910171552437,47.75903287424116
11.075,2.082391220683697,2.0886168831982683,-0.0007139130476863,-0.006225662514571351,-1953.9871673662524,58.41264179907982
11.08,2.0832854993980643,2.092134060099528,-0.0449427518466519,-0.008848560701463892,-976.9935836818242,55.19261719598656
11.085,2.0841573621477902,2.094283445983632,-0.0513145951125286,-0.010126083835841904,2540.183317576146,43.73515441100439
11.09,2.0850123688365056,2.096628230584472,-0.0587474162688477,-0.01161586174796625,781.594866946909,46.776713092244364
11.095,2.0858543747465164,2.098973015185312,-0.0662438543602211,-0.013118640438795737,-1563.1897338938177,64.58488427512317
11.1,2.0866896970835938,2.1015131985028885,-0.0747484441733411,-0.014823501419294782,-1367.7910171586539,71.28309133549095
11.105,2.087529035192968,2.103467185670256,-0.080300166592644,-0.01593815047728775,-195.39871673544826,52.07904612859922
11.11,2.088382069023604,2.105225774120885,-0.0848061207567558,-0.01684370509728117,976.9935836854833,26.894157514903974
11.115,2.0892526265784808,2.106398166421305,-0.0862909383767917,-0.01714553984282441,1367.7910171552433,20.849420897378465
11.12,2.090141563702664,2.1075705587217253,-0.0876829785726731,-0.017428995019061144,195.39871673565682,29.06969425621604
11.125,2.0910520430605697,2.1087429510221454,-0.0889654537780119,-0.017690907961575686,-781.5948669450648,32.26874140892832
11.13,2.0919890305416726,2.109915343322565,-0.0901127551499845,-0.017926312780892406,-390.79743347338496,26.329568218857773
11.135,2.0929563543334906,2.110696938189512,-0.0891522812271177,-0.01774058385602162,-195.39871673715345,17.98557807944762
11.14,2.0939567382820377,2.1114785330564585,-0.0880259714213116,-0.01752179477442084,195.39871673829055,10.661782062584706
11.145,2.0949918899654625,2.111869330489932,-0.0847691073746566,-0.016877440524469378,781.5948669469085,4.738021852688547
11.15,2.0960626725018385,2.1120647292066685,-0.0803572130799496,-0.016002056704830014,-195.3987167394273,0.25870433091807854
11.155,2.097169311738548,2.1124555266401424,-0.0767431229475716,-0.01528621490159443,-390.79743347544377,-5.52623432525948
11.16,2.0983115712229283,2.1124555266401424,-0.0709993199933816,-0.014143955417214027,781.5948669497508,-14.94862374158943
11.165,2.099488878357078,2.112260127923405,-0.0641017351942921,-0.012771249566326581,390.7974334766849,-19.75640067629277
11.17,2.1006979082109813,2.112260127923405,-0.0580247408497249,-0.011562219712423438,-586.1961502111415,-18.095510393722606
11.175,2.101935641197312,2.1120647292066685,-0.0508278554751859,-0.010129088009356746,-195.39871673853986,-23.07228977114316
11.18,2.103201927065322,2.111869330489932,-0.0001516831418834,-0.008667403424609699,976.9935836820725,-24.78370181620508
11.185,2.104491504748854,2.1112831343397223,-0.0001224966733387,-0.006791629590868098,586.1961502106078,-5.89440344754226
11.19,2.1058005554961787,2.111087735622985,-9.569701900704269e-05,-0.005287180126806401,-390.79743347174906,19.69079628906958
11.195,2.1071316853098896,2.1108923369062484,-7.195697587765614e-05,-0.003760651596358855,195.3987167357324,34.6351376140334
11.2,2.108487899100104,2.1105015394727755,-5.0664621710157885e-05,-0.002013640372671599,-9.980123867077124e-10,28.62312159007871
11.205,2.109875873676707,2.1105015394727755,-3.248057854416478e-05,-0.0006256657960683754,-390.79743347210916,6.634396498272508
11.21,2.111298593014712,2.1103061407560384,-1.7933344011370293e-05,0.000992452258673726,390.79743347473004,1.1134183341949608
11.215,2.1127526929708966,2.1101107420393017,-6.2955563851347045e-06,0.0026419509315949163,195.39871673630083,19.3474056629847
11.22,2.114239271636501,2.1101107420393017,1.864513883859262e-06,0.004128529597199115,-390.79743347402274,33.94950651852602
11.225,2.1157632566107925,2.1101107420393017,7.24241026705993e-06,0.005652514571490741,-195.39871673658504,34.866456500425585
11.23,2.1173292823711334,2.1101107420393017,1.1544727373620463e-05,0.007218540331831669,0.0,30.555795138981296
11.235,2.118941514102913,2.1101107420393017,0.044166546579454,0.00883077206361138,0.0,25.21361108421243
11.24,2.1206034916751104,2.1101107420393017,0.0524773476676554,0.010492749635808707,-2.8421709430405217e-10,15.101831402831579
11.245,2.122318021242398,2.1101107420393017,0.0610495759260348,0.012207279203096277,5.684341886080034e-10,-6.871591757292947
11.25,2.124087113159516,2.1101107420393017,0.0698935496893453,0.013976371120214104,0.0,-30.087497118813218
11.255,2.12590787986065,2.1101107420393017,0.0789950443773607,0.015797137821348173,-5.684341886080034e-10,-33.281937725139954
11.26,2.1277732752325926,2.1101107420393017,0.0883201501829504,0.01766253319329092,195.39871673715348,-27.51569082164599
11.265,2.1296810024605493,2.1101107420393017,0.0978572894794344,0.019570260421247543,195.39871673630083,-30.47238850598478
11.27,2.131628695956615,2.1101107420393017,0.1075945594851242,0.02151795391731337,-195.39871673630083,-28.46474945016594
11.275,2.1336098733512747,2.1103061407560384,0.1165224948950275,0.023303732595236326,8.526512829121202e-10,-18.598839381242513
11.28,2.1356229029430778,2.1103061407560384,0.1265868764702735,0.025316762187039377,390.7974334720331,-6.6266777452035655
11.285,2.1376660277833763,2.1105015394727755,0.1358248939810654,0.02716448831060081,195.39871673516393,19.306516259406507
11.29,2.139737297352599,2.110696938189512,0.1452014574382201,0.029040359163087004,-195.3987167356976,44.25440728252002
11.295,2.141842839079109,2.111087735622985,0.1537717960993508,0.030755103456123756,-390.79743347196376,35.38656845080311
11.3,2.1439911857014398,2.1114785330564585,0.1625556856405618,0.032512652644981266,195.39871673668924,2.905078819165823
11.305,2.1461845616457547,2.111869330489932,0.1715631927526482,0.0343152311558228,390.7974334743069,-23.98806847651315
11.31,2.1484199545580487,2.112260127923405,0.1807807116332206,0.0361598266346439,-195.39871673658484,-41.740970407320205
11.315,2.150694100562133,2.113041722790352,0.1882368001884197,0.03765237777178099,195.3987167348797,-51.932913076486926
11.32,2.15299961585395,2.1134325202238253,0.1978027554560829,0.039567095630124616,-5.688320925401058e-10,-55.81127386222097
11.325,2.1553297148578365,2.1144095138075087,0.2045587248583589,0.04092020105032779,-390.7974334734131,-54.641628316580444
11.33,2.1576782366760674,2.1151911086744555,0.2123834131361236,0.04248712800161192,586.1961502100112,-29.774209183982556
11.335,2.160035593259004,2.115972703541402,0.2202508140536515,0.04406288971760164,195.39871673726444,11.168783015887662
11.34,2.1624011753960843,2.117145095841822,0.2262041866275231,0.045256079554262474,-781.5948669460562,18.60690805330112
11.345,2.1647819615564496,2.118317488142242,0.2322326441602071,0.046464473414207674,-390.7974334740227,-17.7795458748179
11.35,2.1671796007970165,2.119489880442662,0.2383457691276435,0.04768972035435448,390.7974334731704,-51.94138288573169
11.355,2.169587426658228,2.120662272743082,0.2445089986654652,0.048925153915145625,781.5948669469083,-49.26542145568757
11.36,2.1719957333329893,2.1218346650435023,0.2506739694447693,0.050161068289487076,-195.3987167388589,-27.299322501052984
11.365,2.1744000471814524,2.123397854777396,0.2548644586641986,0.051002192404056235,-586.1961502100391,-23.92727980975529
11.37,2.176800307582547,2.1249610445112888,0.2590342564379759,0.0518392630712583,586.1961502133113,-36.52751636961907
11.375,2.1791925238036227,2.126328835528445,0.2641404875282896,0.05286368827517762,195.398716737472,-32.39489938948798
11.38,2.1815693962658806,2.1282828226958124,0.2662387475798246,0.053286573570068274,-976.9935836856283,-10.542862584095317
11.385,2.183928329008369,2.1300414111464425,0.2692229352614506,0.05388691786192634,-195.39871673829006,0.10659068550511108
11.39,2.1862706044835987,2.1319953983138094,0.27114804945897,0.054275206169789314,781.594866947761,-12.828796741076502
11.395,2.188596919933107,2.1335585880477024,0.2749460155242821,0.055038331885404634,-390.7974334723168,-34.090919575648286
11.4,2.190904038826388,2.1359033726485426,0.2747389563369448,0.05500066617784549,3.410605131648481e-13,-44.25399987582185
11.405,2.193185467781096,2.1376619610991727,0.2773347238582073,0.055523506681923074,1563.1897338938168,-41.451178839794494
11.41,2.195435608374673,2.139615948266539,0.2787972925104639,0.055819660108133995,-195.39871673829072,-34.809927575169596
11.415,2.1976497185524595,2.1423515303008527,0.2761707738054616,0.05529818825160682,-781.5948669475054,-25.5801445635191
11.42,2.1998238619496138,2.1446963149016924,0.275297639609813,0.05512754704792133,1758.5884506317193,-5.5580496999139655
11.425,2.201954862319624,2.147431896936006,0.272254188107191,0.054522965383617894,1953.9871673665987,28.414928664205405
11.43,2.2040432194066466,2.150362877687056,0.2680211847626756,0.053680341719590796,-2344.78460083902,61.01112747728942
11.435,2.206095341032887,2.1546616494552624,0.2567651250743497,0.051433691577624785,-5471.1640686266555,63.68160623225371
11.44,2.2081220956744354,2.158569623789996,0.2473361787862978,0.04955247188443934,-1953.9871673689775,26.103951726384324
11.445,2.210132165819728,2.161696003257783,0.2417329034366301,0.04843616256194494,3712.5756179948326,-18.1527558220302
11.45,2.212124172359213,2.1638453891418865,0.2409251732442847,0.04827878321732637,4103.373051470352,-28.590645140108947
11.455,2.214091440631872,2.1665809711762,0.2370646373409471,0.047510469455672055,-390.79743346955104,-11.187958256756417
11.46,2.216031296705158,2.169902749360723,0.2301352524693813,0.046128547344435056,-2540.183317575404,1.2528096715233943
11.465,2.2179445748241795,2.173419926261983,0.2220976387862194,0.0445246485621964,-195.39871673828992,-4.404664073263589
11.47,2.219832280754012,2.176350907013033,0.2168644685428931,0.043481373740978935,976.9935836829256,-16.504241331178164
11.475,2.221692821206322,2.1796726851975565,0.209541392492539,0.04202013600876553,-8.544986940250965e-10,-17.62112756921438
11.48,2.2235227198417027,2.18299446338208,0.2020661845157304,0.04052825645962255,-781.5948669480476,-2.1624968050555395
11.485,2.2253196755369684,2.1863162415666038,0.1944271235649043,0.039003433970364654,-781.5948669457703,18.49422771300688
11.49,2.227084992840661,2.189833418467863,0.1856547166136041,0.03725157437279769,781.5948669477632,29.769688807450407
11.495,2.2288229753193134,2.1925690005021767,0.1806539313448644,0.03625397481713666,781.594866946514,27.66432744040506
11.5,2.230537593978599,2.196086177403437,0.1716297599828123,0.03445141657516215,-586.1961502083062,17.07832006161371
11.505,2.2322324902421653,2.1992125568712235,0.1644620896801348,0.03301993337094178,-390.7974334734969,7.732883983620411
11.51,2.2339081875829585,2.202534335055747,0.1562234820362222,0.031373852527211366,195.3987167354485,2.3380824794126482
11.515,2.235565298625584,2.2056607145235336,0.1488694270103771,0.029904584102050435,586.1961502120297,-5.168362450264141
11.52,2.237204506537722,2.20878709399132,0.1414273989121029,0.028417412546402065,390.7974334726,-11.592818748625518
11.525,2.23882373855205,2.212108872175844,0.1329097318051012,0.026714866376206015,-195.39871673942852,-8.833584531089869
11.53,2.2404213824804398,2.215430650360368,0.1242862616794378,0.024990732120071968,-390.797433472032,6.684245784925508
11.535,2.2419962172028147,2.218947827261627,0.1145723117090246,0.02304838994118752,-976.9935836834927,29.82836006623465
11.54,2.2435499818265803,2.222269605446151,0.1057316028042735,0.021280376380429455,-1953.987167366786,35.696517230129786
11.545,2.245089418823663,2.2257867823474107,0.0958435405624511,0.0193026364762523,195.39871674002438,9.093782550167262
11.55,2.2466201329362105,2.228326965664987,0.0907978545203895,0.01829316727122343,3907.9743347329145,-16.143472224153243
11.555,2.2481390399318246,2.2306717502658278,0.086670944640557,0.017467289665996866,1367.7910171558106,-1.8579178038180473
11.56,2.24964092959188,2.2337981297336142,0.0785527784386029,0.015842799858265533,-2930.98075104906,30.032053491881005
11.565,2.2511289370550758,2.237510705351611,0.0674356642536217,0.013618231703464989,-390.79743347544274,38.320865687639134
11.57,2.252610513875785,2.240050888669188,0.0621495133601695,0.012559625206596703,586.196150207482,26.701606210509503
11.575,2.2540891422469085,2.243372666853711,0.0529415698855438,0.010716475393197644,-2540.183317574725,12.098601080198332
11.58,2.255567206653613,2.2466944450382345,0.0437326959498417,0.008872761615378533,-781.5948669423557,-6.3062652432674415
11.585,2.2570463571135333,2.248843830922337,-0.0006199056848401,0.008202526191196213,1563.189733892513,-21.086684390070452
11.59,2.258523106526445,2.2511886155231777,-0.0006086402114076,0.007334491003267107,781.594866942361,-27.942258890051583
11.595,2.2599942753897064,2.253142602690545,-0.0005973275129975,0.006851672699161426,390.79743347317026,-37.0600180946232
11.6,2.2614571268098898,2.2550965898579114,-0.0005848268747735,0.006360536951978357,390.797433474023,-39.68294222261338
11.605,2.2629049548165376,2.2570505770252782,-0.0005725260445303,0.005854377791259413,390.797433473738,-21.728179051763902
11.61,2.2643322074858534,2.258809165475908,-0.0005592349008397,0.005523042009945467,-976.9935836809352,2.26883884977282
11.615,2.265738712451805,2.260958551360011,-0.0005440013465593,0.004780161091793911,-1172.392300421215,13.56397608930186
11.62,2.267126620375284,2.2627171398106416,-0.000526063703975,0.0044094805646421875,1172.3923004174164,14.088097843522313
11.625,2.268497817134358,2.2638895321110617,-0.0005082631104116,0.0046082850232962436,781.5948669488979,12.148208808469953
11.63,2.2698539294542712,2.2656481205616914,-0.0004882718364009,0.004205808892579821,-976.9935836823915,10.332618389827793
11.635,2.2711963569620406,2.267015911578848,-0.0004665280180323,0.004180445383192399,-390.7974334748758,8.562268988328157
11.64,2.272526282931623,2.268383702596005,-0.0004445323240095,0.004142580335618096,390.7974334728861,6.8145041277032945
11.645,2.2738446645532417,2.2693606961796884,-0.0004223351294633,0.00448396837355336,-195.3987167368689,3.2329439682143573
11.65,2.275152243076328,2.2705330884801085,-0.0003976764148343,0.00461915459621931,-390.7974334726016,-5.590903516577029
11.655,2.27644955441209,2.2713146833470548,-0.0003744989636352,0.005134871065035185,781.5948669471928,-14.773238693806618
11.66,2.277735042832354,2.271900879497265,-0.0003513563633479,0.0058341633350891264,781.5948669463401,-12.560720888075657
11.665,2.279005435635068,2.272487075647475,-0.0003282416437901,0.006518359987593314,-586.196150209013,-0.7022525173186338
11.67,2.2802599089610074,2.273268670514421,-0.0003039990689839,0.006991238446586223,-781.5948669466244,7.741201330304854
11.675,2.281499747501289,2.273659467947895,-0.0002811545296429,0.007840279553394058,-195.3987167380409,9.410060810910664
11.68,2.282726139209771,2.2740502653813683,-0.0002571280990101,0.008675873828402736,586.1961502091866,7.215513713845361
11.685,2.283940231212082,2.2740502653813683,0.0492165228383911,0.009889965830713443,976.9935836832094,-0.18664077117607292
11.69,2.285143143639456,2.2740502653813683,0.0552547430416577,0.01109287825808769,-195.39871673459552,-8.289242512376596
11.695,2.286334102281161,2.2742456640981046,0.0602560697589454,0.012088438183056383,-390.7974334720332,-5.751858705878419
11.7,2.287510735609291,2.2742456640981046,0.0661603583932148,0.013265071511186388,781.594866943997,5.745677020464186
11.705,2.2886730714660137,2.2740502653813683,0.0729705294947333,0.01462280608464539,0.0,13.516232136794684
11.71,2.28982316326057,2.2742456640981046,0.0777646439507088,0.015577499162465536,-586.1961502076962,14.345121493865847
11.715,2.2909628844436614,2.2742456640981046,0.0834820694393288,0.016717220345556782,390.79743347231744,11.174797421916395
11.72,2.2920939428254297,2.2740502653813683,0.0901317109100465,0.018043677444061323,195.3987167357324,2.7664714158960138
11.725,2.2932178863355968,2.2742456640981046,0.0947906199794208,0.018972222237492176,-195.39871673630083,-6.3812233503317195
11.73,2.294334249101292,2.2740502653813683,0.1013623754733549,0.020283983719923793,-195.39871673630083,-6.874183584955304
11.735,2.2954408436132363,2.2742456640981046,0.1059298630746474,0.021195179515131723,-2.8421709430405217e-10,-1.968417676892031
11.74,2.296537700864807,2.2740502653813683,0.1124003498163838,0.022487435483438567,586.1961502086183,1.6682090412699253
11.745,2.297624882092995,2.2740502653813683,0.117843621477486,0.02357461671162664,1.3883913875392918e-10,4.223090815293126
11.75,2.298702329698297,2.2740502653813683,0.1232367519201262,0.02465206431692879,-586.1961502087289,2.462787813044507
11.755,2.2997716699839144,2.2742456640981046,0.1276111736974347,0.025526005885809777,195.39871673672388,-2.8906256184834973
11.76,2.300832358692578,2.2740502653813683,0.1338953819707573,0.02678209331120973,195.39871673686926,-7.23356169174906
11.765,2.3018836700738072,2.2742456640981046,0.1381779622102801,0.02763800597570265,-390.79743347231744,-9.095965556582748
11.77,2.3029248972220318,2.2742456640981046,0.1433865114850471,0.028679233123927172,-195.39871673630083,-4.3442650454039935
11.775,2.3039536488009817,2.2742456640981046,0.1485322002067166,0.029707984702877166,0.0,-1.2897346280740862
11.78,2.304970849321101,2.2742456640981046,0.1536197474688466,0.030725185222996387,586.1961502080499,-12.075846322546255
11.785,2.3059772619003924,2.2740502653813683,0.1596300396782121,0.03192699651902409,586.1961502083341,-22.824286938317712
11.79,2.3069689252551577,2.2740502653813683,0.1645893450354203,0.03291865987378939,-586.1961502079457,-18.79809305164381
11.795,2.307942433525717,2.2742456640981046,0.1684806836712399,0.03369676942761224,-586.1961502085835,-7.595196436796201
11.8,2.3088963007372643,2.2742456640981046,0.1732506524223414,0.03465063663915968,195.3987167360513,0.2148430118479041
11.805,2.3098303655839034,2.2742456640981046,0.1779214828102285,0.03558470148579884,195.39871673630083,0.9645130111833708
11.81,2.310745380570983,2.2742456640981046,0.1824969626693796,0.03649971647287842,195.39871673715348,-3.9240383304678232
11.815,2.311641272917964,2.2742456640981046,0.1869767483432852,0.03739560881985948,195.39871673715348,-10.389246610032458
11.82,2.3125171292693256,2.2742456640981046,0.1913562892512972,0.03827146517122104,-195.3987167377219,-16.64618889606156
11.825,2.313371231489568,2.2744410628148417,0.1946500140897852,0.03893016867472632,-9.567884262651205e-10,-22.654450590358962
11.83,2.314201157585682,2.2744410628148417,0.1987998104271244,0.039760094770840304,195.39871673761778,-27.023333149714944
11.835,2.31500359510982,2.2746364615315784,0.2018339869897144,0.04036713357824162,-195.39871673633553,-28.373342322841054
11.84,2.3157748110694616,2.274831860248315,0.2047122592247056,0.04094295082114652,-1.4211138932296308e-09,-28.080310076462524
11.845,2.3165113404455693,2.275027258965052,0.207416111178102,0.04148408148051708,390.7974334731701,-28.265596367874792
11.85,2.3172097163783416,2.2752226576817884,0.2099284060236814,0.04198705869655317,-195.39871673516402,-31.40567465038822
11.855,2.3178663871867395,2.275613455115262,0.2112545497507931,0.04225293207147773,-390.79743347345425,-61.24829594171189
11.86,2.3184776079159546,2.276004252548735,0.2123529375516606,0.04247335536721941,586.1961502091867,-165.00179336959056
11.865,2.319037329658681,2.276199651265472,0.2141704195795048,0.04283767839320918,195.39871673772183,-344.86771106715304
11.87,2.3195172373863584,2.276785847415681,0.2136333706654958,0.04273138997067738,-586.196150208757,-549.247724880583
11.875,2.3198591660680234,2.2773720435658915,0.2124063977218606,0.042487122502131935,-1.1303882274660282e-09,-742.2816678863189
11.88,2.319983737078486,2.277762840999365,0.2110684568064141,0.04222089607912105,-1.8439640688941144e-09,-907.2731505206273
11.885,2.3197826486898867,2.278544435866312,0.2061472931687066,0.04123821282357465,390.79743347317014,-1046.6179057792597
11.89,2.319134825324451,2.278935233299785,0.2009468411263472,0.04019959202466605,195.39871673630077,-1090.369880299466
11.895,2.31790050437375,2.279716828166732,0.190859083280194,0.038183676207018014,-976.9935836832094,-900.9365767636655
11.9,2.315923884218474,2.280693821750415,0.1760821712594006,0.03523006246805904,195.39871673772174,-607.5622608361459
11.905,2.3131223632393145,2.2810846191838885,0.1601123543756066,0.03203774405542603,586.1961502100395,-437.4339517184635
11.91,2.309449977183792,2.282061612767572,0.1368565760034095,0.027388364416220057,-586.1961502091867,-311.36136173274735
11.915,2.304840663025743,2.282843207634518,0.1098937765776663,0.021997455391224996,-195.39871673630083,-189.43259907545644
11.92,2.299275670268686,2.283624802501465,0.0781530848572046,0.015650867767221133,-195.3987167377566,-174.8347212094427
11.925,2.292744042371301,2.284406397368412,-0.0001086070190886,0.008337645002888916,-781.5948669469086,-182.48068675274453
11.93,2.285211530874081,2.2851879922353584,-0.0001156396110708,2.3538638722619964e-05,-390.79743347373835,-112.73787600516107
11.935,2.2766576665547835,2.285578789668832,-0.0447268812548977,-0.00892112311404869,-2.843307811417617e-10,24.21576460676988
11.94,2.267075078313224,2.285969587102305,-0.0945971603291005,-0.018894508789081055,390.7974334740227,220.44536625629553
11.945,2.2564687977001827,2.285969587102305,-0.1476300937937024,-0.029500789402122418,195.39871673743767,326.5461463470947
11.95,2.2448905283507217,2.285969587102305,-0.2055203645408614,-0.041079058751583464,-586.1961502102193,213.94785971475585
11.955,2.232397881173756,2.285969587102305,-0.2679781389862453,-0.05357170592854921,-1.2755663192365319e-09,153.83785194390612
11.96,2.2189844271329164,2.2853833909520955,-0.3321043084886788,-0.06639896381917909,390.79743347292697,443.05167227059246
11.965,2.204658864835217,2.2849925935186217,-0.401764286050072,-0.08033372868340471,-390.7974334726016,883.9288565719012
11.97,2.189510612511761,2.2842109986516754,-0.4735807451256758,-0.09470038613991427,-1563.1897338926801,1009.5439221135289
11.975,2.173694800356837,2.2834294037847283,-0.5487337683606734,-0.10973460342789121,-976.9935836843467,639.8769577856679
11.98,2.157353013343824,2.282061612767572,-0.6235812466572278,-0.12470859942374801,1367.7910171555272,191.46926380501714
11.985,2.140515231660729,2.279716828166732,-0.6960178792838279,-0.13920159650600317,1.4210854715202004e-09,205.10279614087176
11.99,2.12315150658689,2.2779582397161016,-0.7740128290533105,-0.15480673312921178,-2149.3858841012984,509.7419618900494
11.995,2.1053116280106985,2.2752226576817884,-0.8494982234871312,-0.16991102967108995,-2.1509549696929753e-10,539.9965323686722
12.0,2.0871111950371,2.271900879497265,-0.9238476747342336,-0.18478968446016486,3126.3794677847923,363.5317324787877
12.005,2.0685937313686287,2.2677975064457945,-0.9958692677426368,-0.1992037750771658,1758.588450627789,390.67097248140703
12.01,2.049772075226823,2.2638895321110617,-1.0703836366389046,-0.21411745688423878,-2735.582034313328,470.4513485759985
12.015,2.0307250734670115,2.260567753926538,-1.148949270006586,-0.2298426804595266,586.196150213166,346.2089551439502
12.02,2.01152481812854,2.255682786008121,-1.2204635175818697,-0.24415796787958088,5275.765351891776,318.45288004036604
12.025,1.992176105654416,2.2507978180897044,-1.2927198369822617,-0.2586217124352883,-781.5948669497509,554.8652656261979
12.03,1.9727156326973951,2.2478668373386546,-1.375309324190777,-0.2751512046412594,-3712.575617998243,600.2464782952477
12.035,1.953265280810883,2.243763464287184,-1.4519897881900905,-0.2904981834763012,1172.392300422636,248.81391857037897
12.04,1.9338993841990144,2.2396600912357143,-1.528255411371873,-0.3057607070366999,2344.7846008398465,-22.229357468047937
12.045,1.9145928454147076,2.235752116900981,-1.6052083376039068,-0.32115927148627343,-390.7974334759359,70.52528781031276
12.05,1.8953248865519616,2.232234939999721,-1.6839280302790034,-0.33691005344775915,-1367.7910171556377,235.17241418492497
12.055,1.8761365701084216,2.2291085605319343,-1.7642091912920732,-0.3529719904235127,390.79743347459123,282.39074964433706
12.06,1.8570626650440607,2.2252005861972006,-1.840016025847653,-0.3681379211531399,-1172.392300421499,288.66167412077294
12.065,1.8381316273062105,2.2224650041628875,-1.9209750490912936,-0.384333376856677,-3712.575617996822,205.457821067518
12.07,1.8193951104249488,2.218947827261627,-1.997055994612232,-0.39955271683667837,390.7974334760095,19.346459615694357
12.075,1.800866678682194,2.2146490554934206,-2.0681916909817177,-0.41378237681122654,4689.569201678943,-81.16834097775904
12.08,1.7825276805156938,2.209764087575004,-2.135451759419531,-0.4272364070593102,1758.5884506268906,4.2972064866823985
12.085,1.7643610706959825,2.206051511957007,-2.2077138641860192,-0.4416904412610245,-2735.582034313791,132.8564239444985
12.09,1.746379206975318,2.2023389363390105,-2.2790538517056915,-0.45595972936369256,-1367.7910171560975,101.08751871825962
12.095,1.728619100554075,2.198430962004277,-2.348309349743306,-0.4698118614502018,976.9935836851982,-64.96956720782202
12.1,1.7110825462277657,2.193936791519333,-2.4135171390341896,-0.4828542452915674,-1953.9871673649973,-201.98635051969438
12.105,1.693741855775183,2.190419614618073,-2.482631402858043,-0.4966777588428901,-586.1961502097556,-284.2118791849732
12.11,1.6765727287058287,2.1855346466996566,-2.5440495554665263,-0.5089619179938278,4689.569201678609,-293.9358858117302
12.115,1.6595273500087877,2.18006348263103,-2.6019185140916345,-0.5205361326222422,1172.392300419226,-214.79451161952454
12.12,1.642565542530323,2.17654630572977,-2.6691399753640863,-0.5339807631994471,-2735.582034312828,-169.06533244227367
12.125,1.6256816473690765,2.1720521352448263,-2.7310872454547424,-0.5463704878757498,-195.39871673945652,-130.88269770263648
12.13,1.6088461931896223,2.168144160910093,-2.7957235620456613,-0.5592979677204708,2149.3858841030797,56.11733660891255
12.135,1.5920356825236075,2.16364999042515,-2.8573032466850368,-0.5716143079015423,390.79743347743386,239.2249384732412
12.14,1.5752837979860363,2.160132813523889,-2.923475171853808,-0.5848490155378527,-2735.582034313611,160.73940932017257
12.145,1.5586455728089892,2.157006434056103,-2.991033109989884,-0.5983608612471139,-1953.9871673689777,-35.50152066026368
12.15,1.542117581858032,2.1529030610046327,-3.053155167159136,-0.6107854791466008,-976.9935836834949,-97.80191597088498
12.155,1.5256720576345424,2.149385884103373,-3.117794927747907,-0.6237138264688304,1758.5884506286975,-71.17774034128416
12.16,1.5093120432849494,2.144500916184956,-3.1751685790858843,-0.6351888729000068,4884.967918418321,22.78646880228149
12.165,1.4930173350842957,2.139811346983276,-3.233193009426432,-0.6467940118989801,390.79743347689316,196.42414143692673
12.17,1.4767960045264468,2.136684967515489,-3.298666753153284,-0.6598889629890421,-3712.5756179984983,245.3195486523967
12.175,1.4607041916270458,2.133167790614229,-3.361539123765223,-0.6724635989871832,-1367.7910171577098,116.50690762940093
12.18,1.4447658897239617,2.129846012429706,-3.4246210948550164,-0.6850801227057441,976.9935836837786,28.971111678113402
12.185,1.428977946811457,2.1257426393782355,-3.483043426157777,-0.6967646925667785,-586.1961502103219,92.93223306998175
12.19,1.413338205785123,2.122616259910449,-3.545609819548585,-0.7092780541253261,-390.7974334728868,190.5562837674878
12.195,1.3978675717492015,2.118512886858978,-3.6024457929492995,-0.7206453151097767,2344.7846008415772,157.56853666460165
12.2,1.382605884943001,2.1144095138075087,-3.658237096505719,-0.7318036288645078,976.9935836834946,37.17639714849747
12.205,1.3675636227240462,2.111087735622985,-3.716839304504087,-0.7435241128989389,-1758.5884506321413,21.793121756288656
12.21,1.3527264957342549,2.1075705587217253,-3.773438885207715,-0.7548440629874704,-2344.784600840447,96.35063509124109
12.215,1.3381032761331402,2.1044441792539383,-3.8309229500831297,-0.7663409031207982,-976.9935836815047,72.5117775343158
12.22,1.3237218312806518,2.1003408062024684,-3.882313200455243,-0.7766189749218166,1758.5884506315383,-55.48032146691969
12.225,1.3095828826115743,2.096237433150998,-3.932490991636896,-0.7866545505394238,1953.9871673641464,-140.66176208843092
12.23,1.2956644033597204,2.0917432626660557,-3.979612465946345,-0.7960788593063353,-1367.7910171583703,-146.10590821917492
12.235,1.281946961837882,2.088226085764795,-4.03061373342915,-0.8062791239269129,-976.9935836809376,-127.4352151422479
12.24,1.2684135502093723,2.0837319152798512,-4.075809894650911,-0.815318365070479,2930.9807510516193,-110.20985087612246
12.245,1.255049407903844,2.0790423460781717,-4.119182724573298,-0.8239929381743278,586.1961502092099,-113.55430176687776
12.25,1.2418418366144652,2.0753297704601747,-4.166656524292894,-0.8334879338457095,-2735.582034315692,-134.41543588271713
12.255,1.2287800109585794,2.071617194842178,-4.213401831572488,-0.8428371838835989,195.3987167389499,-55.82430011872776
12.26,1.2158357082732325,2.0671230243572345,-4.255652888406454,-0.851287316084002,1367.7910171603592,143.57081515655676
12.265,1.2030043555662149,2.063215050022501,-4.300270096933433,-0.860210694456286,-586.1961502120299,214.00947257121305
12.27,1.1903393408855552,2.059307075687768,-4.344054401835685,-0.8689677348022129,195.39871673431156,61.01703102487613
12.275,1.1778660125419025,2.0552037026362977,-4.3859034608346885,-0.8773376900943952,195.39871673829052,-87.76442893179501
12.28,1.1655667439240045,2.051295728301564,-4.4278605084408165,-0.8857289843775595,-1172.3923004195094,-116.9822837788156
12.285,1.1534259989166669,2.047778551400304,-4.47097880992345,-0.8943525524836373,586.1961502103234,-84.60366910313587
12.29,1.141430152959649,2.043284380915361,-4.508486405885789,-0.901854227955712,-390.79743347223246,-21.10727585641439
12.295,1.1295673324067292,2.0397672040141006,-4.550213999025656,-0.9101998716073714,-2344.784600840468,-3.0523192951700366
12.3,1.117844964323381,2.035859229679367,-4.589285467673985,-0.918014265355986,1367.791017158105,-111.69890812785695
12.305,1.1062689057362332,2.0307788630442136,-4.621764677517996,-0.9245099573079805,2540.183317576175,-236.90958183551948
12.31,1.094808125695914,2.026675489992744,-4.65855116236964,-0.9318673642968303,195.39871673573316,-199.53528702061524
12.315,1.0834190199970508,2.0221813195078004,-4.693025398365157,-0.9387622995107496,-1172.3923004180892,-27.259622916629382
12.32,1.072082727495408,2.018273345173067,-4.730166637140439,-0.9461906176776589,-1563.189733891259,66.56572014933042
12.325,1.0608181399021617,2.014169972121597,-4.7659735783617405,-0.9533518322194352,1758.5884506295354,7.425415252225719
12.33,1.0496415100989465,2.0094804029199165,-4.798409576179351,-0.95983889282097,2344.7846008364836,-11.132167235522786
12.335,1.038532831171711,2.00518163115171,-4.832459667822444,-0.9666487999799989,-2735.582034315983,74.01869561525871
12.34,1.0274918989217816,2.0020552516839234,-4.8720328764115175,-0.9745633527621418,-2149.3858841035753,63.111632435098045
12.345,1.0165519616384715,1.99756108119898,-4.904262066146036,-0.9810091195605084,1172.3923004209305,-62.57715052101321
12.35,1.0057079126595287,1.993262309430773,-4.936988736793867,-0.9875543967712443,-781.5948669452031,-165.65926430133305
12.355,0.994938642934874,1.989158936379303,-4.970318447835109,-0.994220293444429,-195.3987167354482,-246.83329466684094
12.36,0.9842269741616668,1.9842739684608863,-4.999452134249317,-1.0000469942992196,3907.9743347328404,-263.52667466071995
12.365,0.9735272157966172,1.9791936018257328,-5.0275492386110034,-1.0056663860291155,2540.18331757589,-116.47648416129917
12.37,0.9628022501335292,1.9748948300575264,-5.059680324655173,-1.0120925799239973,-1563.1897338925364,132.49769177714876
12.375,0.9520541535490404,1.9715730518730028,-5.096812009910812,-1.0195188983239625,-1172.3923004205717,352.0764524523788
12.38,0.9413172640909504,1.9676650775382691,-5.130956660132243,-1.0263478134473187,-781.594866948191,452.140372713642
12.385,0.9306519538839207,1.9647340967872196,-5.16962836709586,-1.0340821429032987,-2344.784600840156,376.2948153813414
12.39,0.9201240924863908,1.961412318602696,-5.205658830907868,-1.041288226116305,-1758.588450629266,156.20556418199214
12.395,0.909772757173972,1.957895141701436,-5.239829661161242,-1.048122384527464,1367.7910171560954,-74.22050831536785
12.4,0.8995990301352276,1.953791768649966,-5.270181461655678,-1.0541927385147383,3907.974334733975,-160.73162083274042
12.405,0.889572768983376,1.9492975981650225,-5.297841939436672,-1.0597248291816466,586.1961502117438,-67.86153938108691
12.41,0.8796678565291456,1.946171218697236,-5.331735774085883,-1.0665033621680904,-3321.7781845225127,69.4425947270397
12.415,0.8698912576913002,1.9428494405127124,-5.364010813126086,-1.072958182821412,-1367.7910171583687,110.0723379943546
12.42,0.8602627101287638,1.939136864894716,-5.3935914214676615,-1.0788741547659524,1563.189733889837,41.29482961502538
12.425,0.850797665892468,1.9352288905599824,-5.421377369870574,-1.0844312246675143,1953.9871673675616,-45.71405494065266
12.43,0.8414936632720762,1.9313209162252487,-5.448357990414945,-1.0898272529531725,2.843307811417617e-09,-47.539060682169406
12.435,0.8323332884165014,1.927999138040725,-5.477551357063065,-1.0956658496242238,-1367.7910171560932,22.052509769565972
12.44,0.8233150019041425,1.9246773598562017,-5.506034205336533,-1.101362357952059,-586.1961502106088,66.1069024970144
12.445,0.8144505862027148,1.9211601829549416,-5.532770644644806,-1.1067095967522267,-586.1961502114615,46.747326115767464
12.45,0.805748778534732,1.917838404770419,-5.55967098830805,-1.112089626235687,-1953.9871673662587,-36.92710461175977
12.455,0.7972156661536052,1.9141258291524212,-5.583773829120456,-1.116910162998816,-976.9935836832567,-171.5487577567489
12.46,0.7888417404899577,1.910217854817688,-5.606103711362434,-1.1213761143277303,3517.176901260771,-266.982777674541
12.465,0.7805916011645608,1.9049420894657985,-5.620975681707892,-1.1243504883012376,4103.373051471696,-236.95660006084185
12.47,0.7724223390120688,1.900838716414328,-5.641305207595342,-1.128416377402259,-586.196150212029,-129.66083727250145
12.475,0.7643114084579073,1.897126140796332,-5.663297046582039,-1.1328147323384248,-2344.7846008407264,-38.78374458054614
12.48,0.7562536175010013,1.893804362611808,-5.686977161888649,-1.1375507451108067,-976.9935836812197,35.059083915599075
12.485,0.748245427196372,1.8900917869938112,-5.708455276477568,-1.141846359797439,-2.8378985684858766e-10,95.14372944053991
12.49,0.7402967922121748,1.886770008809288,-5.731589593400543,-1.1464732165971132,1367.7910171575168,95.04916615853787
12.495,0.7324287164638703,1.8828620344745544,-5.751390126808084,-1.150433318010684,-586.1961502093181,56.66075019711815
12.5,0.7246470068750299,1.879735655006768,-5.774666798485101,-1.1550886481317382,-3517.176901261899,24.418896225738706
12.505,0.7169563254265582,1.8768046742557176,-5.798465318829607,-1.1598483488291595,1172.3923004222981,-2.481968384496952
12.51,0.7093609222397638,1.8721151050540377,-5.812994502241098,-1.162754182814274,3712.575617999095,8.295605215520084
12.515,0.7018526729806669,1.868402529436041,-5.831972881235334,-1.166549856455374,-1367.7910171577996,62.354560462981965
12.52,0.6944360563379917,1.8650807512515173,-5.852447082157081,-1.1706446949135256,-2149.3858841049923,84.54891905998835
12.525,0.6871260547314094,1.861368175633521,-5.870434219004799,-1.1742421209021114,586.1961502106075,35.54881545554224
12.53,0.6799347637301768,1.8572648025820504,-5.885873814277444,-1.1773300388518737,1172.3923004209305,-28.077091708099488
12.535,0.6728610195978453,1.853552226964054,-5.902679661268184,-1.1806912073662088,2149.3858841035717,-27.63221193049577
12.54,0.6658925932317745,1.8492534551958475,-5.916027937792757,-1.183360861964073,781.5948669466877,26.25936254366485
12.545,0.6590294904882668,1.8461270757280608,-5.934711556999565,-1.187097585239794,-3126.3794677876467,59.88916710926367
12.55,0.652281912630852,1.8431960949770103,-5.95379454479395,-1.1909141823461584,-2540.1833175748416,44.76296539245948
12.555,0.6456577267652173,1.839874316792487,-5.9703065850095545,-1.1942165900272697,-390.79743347118074,-18.622326859872373
12.56,0.6391626110945234,1.8359663424577533,-5.983242293137397,-1.1968037313632298,390.797433472601,-119.35893908948674
12.565,0.6327904913940894,1.832253766839757,-5.996540014708016,-1.1994632754456676,2735.582034310203,-190.68410458971522
12.57,0.6265160662959264,1.8271734002046036,-6.002510307949808,-1.2006573339086772,1953.9871673669882,-160.02514251447602
12.575,0.6203084254357937,1.8236562233033435,-6.015962628485568,-1.2033477978675498,-781.5948669434235,-46.592329845560045
12.58,0.6141515941304712,1.8195528502518727,-6.026229920347945,-1.2054012561214016,-781.5948669478943,47.981470484468105
12.585,0.6080515037478135,1.8160356733506131,-6.03914448822943,-1.2079841696027995,-1563.18973389616,41.90031314113483
12.59,0.6020226022683123,1.8123230977326168,-6.050726117916546,-1.2103004954643044,-1563.189733894101,-37.772487159131146
12.595,0.5960677078006376,1.80861052211462,-6.061937712468612,-1.2125428143139825,2344.7846008412953,-68.5936279738558
12.6,0.5901709910225909,1.80392095291294,-6.067973450593384,-1.2137499618903491,3321.778184525926,13.450001471752529
12.605,0.5843192651071046,1.7998175798614695,-6.076715215107819,-1.215498314754365,-1563.1897338926806,108.61406308954966
12.61,0.578528166765333,1.7966912003936828,-6.090038809633224,-1.2181630336283498,-2344.784600842717,115.70794422369215
12.615,0.5728196256686865,1.7929786247756865,-6.1000186371508605,-1.2201589991069999,390.79743347345266,66.80941781525314
12.62,0.5672027435596283,1.7890706504409528,-6.108563176121992,-1.2218679068813245,-390.7974334716098,8.009137886669691
12.625,0.5616844974296068,1.7857488722564294,-6.119545515929089,-1.2240643748268227,-1.9880985746564493e-09,-57.475544674688706
12.63,0.55626153082329,1.7814501004882224,-6.125166490183323,-1.2251885696649323,1367.7910171562412,-110.46082429999495
12.635,0.5509218895277522,1.7777375248702258,-6.1333018186219785,-1.2268156353424735,-781.5948669449202,-119.33014234408759
12.64,0.5456470530116474,1.7738295505354924,-6.140136129569594,-1.2281824975238451,-1172.3923004195099,-83.74030977244169
12.645,0.5404213411388227,1.7703123736342323,-6.148678804460024,-1.2298910324954098,2540.1833175758893,-36.835399882451554
12.65,0.5352399799823544,1.7654274057158157,-6.150160770676367,-1.2301874257334613,1172.3923004189405,9.776102458332701
12.655,0.5300991119530458,1.762301026248029,-6.160233213504846,-1.2322019142949832,-2540.1833175770253,55.817107710398716
12.66,0.5250034763355286,1.758783849346769,-6.1681255071028245,-1.2337803730112404,-1563.1897338921112,69.84787227537817
12.665,0.51996497807288,1.7548758750120357,-6.173778126755757,-1.2349108969391556,-781.5948669462017,33.76972063615946
12.67,0.5149933591788803,1.7513586981107754,-6.181049186570309,-1.2363653389318952,1563.189733892395,-20.063964209171274
12.675,0.5100887873705988,1.7464737301923583,-6.181146285900313,-1.2363849428217595,3517.176901260388,-49.225216673983
12.68,0.5052433982330459,1.7423703571408884,-6.184855630235273,-1.2371269589078424,195.3987167363009,-49.680943198994214
12.685,0.5004504758819966,1.738657781522892,-6.1902567750241735,-1.2382073056408953,-2344.784600841294,-41.66994185837564
12.69,0.4957043682813511,1.7353360033383685,-6.197377951003694,-1.2396316350570173,-1367.7910171560934,-27.346731782390123
12.695,0.4910003626638726,1.7316234277203717,-6.202334724120229,-1.240623065056499,2.5589201868569944e-09,6.314050043556392
12.7,0.4863345993819378,1.727910852102375,-6.207100360935221,-1.2415762527204373,390.7974334737032,41.44973089342389
12.705,0.4817111009844444,1.7240028777676415,-6.210677740045264,-1.2422917767831971,586.1961502060246,34.66911005567141
12.71,0.4771404055848477,1.7200949034329085,-6.213992302566406,-1.2429544978480607,586.1961502093662,-7.062502096783646
12.715,0.4726241405746055,1.7161869290981746,-6.217034521701408,-1.2435627885235692,390.7974334757282,-28.078148244644154
12.72,0.4681564560001399,1.712474353480178,-6.220810679089722,-1.2443178974800382,-976.9935836834927,-3.773108261172041
12.725,0.463732418932259,1.708761777862181,-6.224367326264083,-1.245029358929922,-2930.980751049912,23.88853229035709
12.73,0.459354672479568,1.7054399996776577,-6.229646639544876,-1.2460853271980896,781.5948669477598,-0.17989524358955578
12.735,0.4550321629491439,1.700750430475978,-6.227810918740562,-1.2457182675268341,4884.967918415762,-47.47117878324363
12.74,0.4507589435554225,1.6960608612742978,-6.2257288317423365,-1.2453019177188753,8.526512829121202e-13,-53.183120931170066
12.745,0.4465231927300165,1.692934481806511,-6.2312754181636905,-1.2464112890764945,-2540.1833175758775,-17.75424319997265
12.75,0.44232179804892,1.689221906188514,-6.233719297185794,-1.246900108139594,976.9935836808494,37.05174303043455
12.755,0.4381523251539441,1.6853139318537809,-6.235026616952291,-1.2471616066998368,-390.7974334754311,75.71921333588406
12.76,0.4340254817168607,1.6823829511027306,-6.241005791954684,-1.2483574693858699,-1758.588450630116,50.23336871794285
12.765,0.4299566119639602,1.6788657742014708,-6.24376414547067,-1.2489091622375106,1172.3923004209316,-3.698547794002735
12.77,0.4259457137725803,1.6751531985834738,-6.245255669743809,-1.2492074848108934,195.39871673885756,-11.841510084311551
12.775,0.4219862865287812,1.6718314203989504,-6.248443844165168,-1.2498451338701693,-2344.7846008404413,12.656115165371773
12.78,0.4180787956682848,1.668705040931164,-6.252349344428703,-1.2506262452628791,586.1961502074821,9.019064503946879
12.785,0.4142295073383227,1.6644062691629573,-6.250101881877468,-1.2501767618246347,1758.5884506318232,-24.343945551595397
12.79,0.4104373835191397,1.6606936935449603,-6.250499586595387,-1.2502563100258206,-1172.3923004182686,-45.914246443986315
12.795,0.4066952934570888,1.6571765166437002,-6.2516241233689325,-1.2504812231866114,195.39871673278455,-45.288001924816996
12.8,0.4029971333795921,1.6528777448754937,-6.248621041691058,-1.2498806114959016,1758.5884506290217,-38.178175721023024
12.805,0.3993377306386355,1.64896977054076,-6.24737816514271,-1.2496320399021246,-1563.1897338906886,-31.74398253755048
12.81,0.3957127572477198,1.6454525936395,-6.247917132727419,-1.2497398363917802,-1172.3923004189412,-20.46325796719408
12.815,0.3921186407072417,1.6415446193047667,-6.24634783186529,-1.249425978597525,2930.980751050197,5.544260441467415
12.82,0.3885525111409839,1.6368550501030863,-6.240730624175494,-1.2483025389621023,195.39871673715382,32.48450550280889
12.825,0.3850175604049403,1.6337286706352998,-6.242773472906632,-1.2487111102303596,-2344.7846008415313,32.53934002953082
12.83,0.3815219393198258,1.6300160950173033,-6.241688694154102,-1.2484941556974776,1172.3923004161948,20.862713326796325
12.835,0.3780669742372328,1.6257173232490965,-6.237469655855538,-1.2476503490118636,-195.3987167373133,21.54688820385664
12.84,0.3746535811242751,1.6225909437813095,-6.238904720184998,-1.2479373626570345,-2149.385884101868,11.511873443338771
12.845,0.3712877449174484,1.6186829694465763,-6.236194026428348,-1.2473952245291278,1367.7910171566634,-13.140266362583532
12.85,0.3679689834425356,1.6143841976783695,-6.231293972468187,-1.2464152142358338,1563.189733893249,-17.954300721285534
12.855,0.3646913843190293,1.6104762233436365,-6.228143244576928,-1.2457848390246071,-390.7974334726033,-10.550375572508045
12.86,0.3614550060082448,1.6067636477256393,-6.225763176572768,-1.2453086417173944,586.196150210325,-14.218840086358256
12.865,0.3582599381412542,1.6026602746741694,-6.221221235316062,-1.2444003365329153,-586.1961502094689,-12.222174171156354
12.87,0.3551010984458302,1.599338496489646,-6.220407360762947,-1.2442373980438157,-2149.3858841036426,-4.464617941789413
12.875,0.3519791875440368,1.595821319588386,-6.218431685079522,-1.2438421320443491,586.1961502075978,-11.816248674208225
12.88,0.3488950385811195,1.591522547820179,-6.212359094504202,-1.2426275092390595,1953.9871673665016,-18.164776732208622
12.885,0.3458446679094352,1.5878099722021823,-6.209048488533537,-1.2419653042927472,-390.7974334728864,-4.8279260258266845
12.89,0.3428250101654407,1.5839019978674491,-6.204607240588564,-1.2410769877020085,-2149.385884103289,1.672589437759882
12.895,0.3398382144607172,1.5805802196829255,-6.20293259619654,-1.2407420052222082,-390.7974334726026,-20.639632038878915
12.9,0.3368861852727668,1.576086049197982,-6.195222104117155,-1.239199863925215,1953.9871673655668,-44.03578267584946
12.905,0.3339614997873207,1.5719826761465123,-6.189328837811503,-1.2380211763591915,781.5948669466245,-49.36501687446342
12.91,0.331057924271059,1.5676839043783053,-6.182352993771348,-1.2366259801072463,-781.5948669437812,-44.35117034724385
12.915,0.3281704881065698,1.5639713287603083,-6.178227406279468,-1.2358008406537384,586.1961502087706,-14.412512499340181
12.92,0.3252908621434428,1.5594771582753653,-6.170154771490911,-1.2341862961319223,1367.791017152087,36.1450162564481
12.925,0.3224208282481161,1.5557645826573687,-6.165942133133984,-1.2333437544092527,-976.9935836827788,64.97429112234039
12.93,0.3195705863774189,1.5520520070393715,-6.161630520602619,-1.2324814206619525,-2344.7846008373162,62.42093423527274
12.935,0.3167486652282181,1.5487302288548483,-6.159131280390118,-1.2319815636266302,390.79743347373756,50.825824412437555
12.94,0.3139620712641097,1.5444314570866415,-6.151571577500745,-1.230469385822532,1953.987167366419,36.4046290608766
12.945,0.3112164199811102,1.5405234827519083,-6.145760911146971,-1.229307062770798,-976.9935836826405,7.449746134433042
12.95,0.3085161426279275,1.537006305850648,-6.141677172530501,-1.2284901632227205,-1758.5884506304374,-41.49623226682505
12.955,0.3058604971358532,1.5330983315159148,-6.135416135616339,-1.2272378343800616,390.79743347026437,-85.82667168475817
12.96,0.3032402502150059,1.528799559747708,-6.127023997218847,-1.2255593095327022,1758.5884506300217,-77.21637175156056
12.965,0.3006394004601803,1.524696186696238,-6.119511769407071,-1.2240567862360578,2149.385884105563,-8.820792305961675
12.97,0.298048567353662,1.5202020162112944,-6.109995393452102,-1.2221534488576324,-976.9935836840623,48.694851655891135
12.975,0.2954759135823399,1.517075636743508,-6.107227013719504,-1.2215997231611682,-2540.1833175781635,40.76977928150622
12.98,0.2929322732515888,1.513363061125511,-6.101382536283055,-1.2204307878739222,1563.1897338943847,5.714406044673964
12.985,0.2904187313539879,1.509259688074041,-6.093433539713533,-1.218840956720053,1172.3923004214985,-0.5353326494627311
12.99,0.287932137688068,1.505742511172781,-6.0882807508966925,-1.217810373484713,-2735.5820343130426,13.77136459684229
12.995,0.2854735681811689,1.5028115304217309,-6.085918796563824,-1.217337962240562,-1172.3923004214992,10.484679206023799
13.0,0.28304762533045,1.498512758653524,-6.076554733486693,-1.215465133323074,195.3987167343521,-15.048027022608807
13.005,0.280654195428479,1.494995581752264,-6.070936063698497,-1.214341386323785,1367.7910171578073,-39.6890562703111
13.01,0.2782892208579409,1.4905014112673207,-6.0602901362930695,-1.2122121904093799,3126.3794677882042,-41.09469132721843
13.015,0.2759455650688973,1.4860072407823772,-6.049537604546848,-1.21006167571348,-390.79743347402234,-15.986235412093706
13.02,0.2736172352142703,1.483076260031327,-6.046524383451356,-1.2094590248170567,-1172.3923004203639,8.957402494084178
13.025,0.2713065824110956,1.478972886979857,-6.037560808919177,-1.2076663045687615,-195.3987167368693,15.052652364070553
13.03,0.2690156821640261,1.47584650751207,-6.033383434183029,-1.2068308253480438,-1758.5884506304028,12.610216074442306
13.035,0.2667462048575681,1.4727201280442836,-6.0290989404703375,-1.2059739231867155,586.1961502111752,20.64300906802515
13.04,0.2644996143595725,1.4686167549928135,-6.019815041378126,-1.2041171406332412,390.7974334738999,47.60324726355843
13.045,0.2622770426243892,1.465490375525027,-6.015296013655238,-1.2032133329006378,-2344.7846008407455,56.01855229723587
13.05,0.2600896748099766,1.4619731986237663,-6.008646976973102,-1.2018835238137897,-195.39871673521327,7.989274175751774
13.055,0.2579466989588225,1.45767442685556,-5.997868004389521,-1.1997277278967373,2344.784600840158,-52.23226382060757
13.06,0.2558418820675373,1.45357105380409,-5.987875229189944,-1.1977291717365528,1953.9871673667035,-63.7525507448472
13.065,0.2537631631350437,1.4490768833191463,-5.975797975908771,-1.1953137201841026,195.3987167371539,-34.80836638534406
13.07,0.2517040038684331,1.4457551051346231,-5.969484884904069,-1.19405110126619,-1172.3923004189405,-3.3643311632046533
13.075,0.249662682602308,1.441651732083153,-5.959174628845232,-1.191989049480845,-1563.1897338922577,10.299299979783967
13.08,0.2476412318462788,1.438720751332103,-5.95462698116444,-1.1910795194858241,195.39871673406068,8.712946686807115
13.085,0.2456418930294515,1.4342265808471597,-5.942152824659309,-1.1885846878177082,1563.1897338919725,9.089623562894516
13.09,0.2436638653010541,1.4309048026626363,-5.935434073847038,-1.1872409373615822,390.79743347459055,14.50044208354575
13.095,0.2417095073631624,1.4269968283279029,-5.9256659930375175,-1.1852873209647405,-781.594866946056,18.02941542735053
13.1,0.2397809938563219,1.423870448860116,-5.919676664172534,-1.184089455003794,-1758.588450630401,17.237041019733482
13.105,0.2378800260455235,1.420353271958856,-5.911595619472025,-1.1824732459133327,-1367.7910171575154,-0.06310407204826163
13.11,0.2360106469275096,1.416836095057596,-5.903356631157236,-1.1808254481300864,1563.1897338935319,-23.02571677915911
13.115,0.2341706861175546,1.412537323289389,-5.891062576847127,-1.1783666371718344,1953.9871673689768,-10.48567877656852
13.12,0.232352761410545,1.408433950237919,-5.879635335509748,-1.1760811888273741,-1367.7910171561364,26.61708520549648
13.125,0.2305584618624765,1.4051121720533957,-5.87199794263541,-1.1745537101909191,-3.2727029974921606e-09,30.996582196925857
13.13,0.2287968516266511,1.4006180015684524,-5.85833514163617,-1.1718211499418012,2149.385884103185,-0.1367149669727894
13.135,0.2270699703654947,1.3967100272337187,-5.847429676465365,-1.1696400568682241,-586.1961502080493,-23.821076810436054
13.14,0.225373914158026,1.3933882490491956,-5.839301066737756,-1.1680143348911696,-1758.588450629834,-27.72091496759063
13.145,0.2237050749116422,1.389480274714462,-5.828105391422138,-1.1657751998028196,-976.9935836846308,-25.362400927520923
13.15,0.2220601279278586,1.386158496529939,-5.819721235519346,-1.1640983686020803,586.1961502089026,-20.51997370923415
13.155,0.2204360545859515,1.3816643260449957,-5.805370749884887,-1.161228271459044,1563.1897338952385,-8.739266102644422
13.16,0.2188301305352214,1.3779517504269985,-5.7948363419533,-1.159121619891777,-195.3987167337429,3.645147651702814
13.165,0.2172423894147133,1.3738483773755286,-5.78225726222229,-1.1566059879608153,-1563.1897338944264,-1.1862146344764568
13.17,0.2156751827140118,1.3703312004742685,-5.772507825318367,-1.1546560177602567,390.79743346996736,-25.33903518653448
13.175,0.2141277245455788,1.365837029989325,-5.757773444855078,-1.1517093054437462,2540.183317577774,-42.614095018280466
13.18,0.2125940982495953,1.3617336569378549,-5.7449240559730566,-1.1491395586882596,781.5948669483294,-28.67586562953117
13.185,0.2110667209433625,1.3580210813198583,-5.733997540330567,-1.1469543603764958,-2540.183317578446,3.735721070796842
13.19,0.2095442630469536,1.354699303135335,-5.725000519623057,-1.1451550400883814,-2149.38588410414,23.610690761267183
13.195,0.2080307027424344,1.3511821262340749,-5.714982101225804,-1.1431514234916405,2149.3858841061287,25.23416318371919
13.2,0.2065294128271575,1.3466879557491311,-5.700016279886798,-1.1401585429219736,1367.7910171582455,19.379848382380885
13.205,0.2050432806335557,1.343170778847871,-5.689859921555969,-1.1381274982143155,-2540.1833175785077,7.904651473751493
13.21,0.2035747817533902,1.3398490006633477,-5.6805926172001495,-1.1362742189099575,-195.39871673607107,-5.612615065782215
13.215,0.2021238344651088,1.3353548301784044,-5.665376925109449,-1.1332309957132956,1953.9871673672717,-11.266081622274598
13.22,0.2006882744771265,1.331642254560408,-5.653992186073464,-1.1309539800832815,2.8407772119769005e-10,-6.299994874616985
13.225,0.1992667516220279,1.3275388815089375,-5.640583206382875,-1.1282721298869096,-781.594866946056,4.177419998185698
13.23,0.1978586249167436,1.3240217046076777,-5.63003702227618,-1.126163079690934,1172.3923004197934,12.365091988862225
13.235,0.1964657321094384,1.3197229328394708,-5.615508031130051,-1.1232572007300323,1172.3923004206474,16.065106940034
13.24,0.1950900104922397,1.3162057559382108,-5.604801077636448,-1.121115745445971,-1563.1897338921099,18.019170802184362
13.245,0.1937331410193292,1.313079376470424,-5.595953786003428,-1.1193462354510948,-1172.39230042125,13.367697403359145
13.25,0.1923984963105548,1.3093668008524273,-5.584063187970575,-1.1169683045418726,195.39871673392142,3.210035347721387
13.255,0.191086997522502,1.306045022667904,-5.574011036198828,-1.1149580251454019,390.79743347363313,1.4660406032071762
13.26,0.1897974500690923,1.3023324470499071,-5.56189644170421,-1.112534996980815,390.79743347487516,7.018051595509064
13.265,0.1885305116543054,1.298815270148647,-5.550645686334497,-1.1102847584943416,-1172.3923004195096,4.180159900535301
13.27,0.1872883378084554,1.2954934919641234,-5.540248014291251,-1.1082051541556681,-1367.7910171569476,-7.509056731152356
13.275,0.1860707014663345,1.291780916346127,-5.52777244747214,-1.1057102148797924,-390.79743347444935,-17.5219865739257
13.28,0.1848753396885446,1.287677543294657,-5.513231694751953,-1.1028022036061125,586.1961502093288,-24.171918327625406
13.285,0.1837000579018581,1.2835741702431869,-5.498590681346605,-1.0998741123413287,3517.176901262511,-24.268664486301198
13.29,0.182540933722786,1.2784938036080336,-5.478984023401055,-1.0959528698852476,2930.9807510513338,-11.590643923444489
13.295,0.1813944090425486,1.2747812279900368,-5.4661534121801445,-1.0933868189474882,-1953.98716736906,4.648456905229267
13.3,0.1802608512466929,1.2714594498055134,-5.4552120250111145,-1.0911985985588206,-3517.1769012595437,9.393437149265374
13.305,0.1791421642444826,1.2683330703377265,-5.445173334502677,-1.0891909060932439,-1367.7910171556696,0.7338145360335915
13.31,0.1780397407171713,1.26462049471973,-5.432122391504809,-1.0865807540025587,586.1961502096113,-11.986964449662288
13.315,0.1769527169448093,1.2607125203849965,-5.4180174926573965,-1.0837598034401872,1953.9871673662758,-18.961807728069488
13.32,0.1758783359487569,1.2566091473335264,-5.402872415551864,-1.0807308113847696,2149.3858841048514,-17.349320593176735
13.325,0.1748140801790791,1.2525057742820562,-5.387676735680149,-1.077691694102977,-976.9935836821185,-8.45602374042813
13.33,0.1737576751337216,1.2493793948142695,-5.377326788797798,-1.075621719680548,-3126.3794677889227,-0.7580048672663722
13.335,0.1727089046266984,1.2458622179130094,-5.364984697010451,-1.0731533132863111,-390.797433472576,-8.667232050742513
13.34,0.1716693022483249,1.241954243578276,-5.350642789375721,-1.0702849413299511,2149.3858841048514,-24.23423500253903
13.345,0.1706364322828007,1.2376554718100692,-5.334313242079964,-1.0670190395272685,1758.5884506292641,-18.94634059777288
13.35,0.1696045500605162,1.2339428961920726,-5.320909744475528,-1.0643383461315565,4.249613994034007e-10,7.489230811046488
13.355,0.1685724289123831,1.230034921857339,-5.306530454041824,-1.0614624929449559,-2344.784600839873,22.593621397356635
13.36,0.1675444722296976,1.227103941106289,-5.297015314099441,-1.0595594688765915,-1367.7910171580832,11.802085632233716
13.365,0.1665243837462566,1.223000568054819,-5.281598875578848,-1.0564761843085624,1172.3923004212159,-6.233199164285562
13.37,0.1655116623772665,1.2190925937200856,-5.267122598205773,-1.053580931342819,390.7974334740913,-13.993073392308482
13.375,0.1645040988700535,1.2151846193853522,-5.252620534032684,-1.0506805205152987,390.79743347082285,-13.092210026855339
13.38,0.1634998873040583,1.211081246333882,-5.23712471857692,-1.0475813590298237,1172.3923004202943,-10.35794008806737
13.385,0.1624975812103814,1.206977873282412,-5.221619377365244,-1.0444802920720304,-781.5948669450604,-7.9093163372873345
13.39,0.1614960548000468,1.203460696381152,-5.209041119772446,-1.0419646415811052,-976.9935836832101,-5.7221932702060885
13.395,0.1604944728271523,1.1995527220464186,-5.194509153852717,-1.0390582492192664,781.594866946908,-3.7674080223837874
13.4,0.1594922555488944,1.1954493489949485,-5.17900452185806,-1.035957093446054,-390.7974334747332,-1.9773309592527442
13.405,0.158489051527096,1.1919321720936886,-5.166435574957875,-1.0334431205665926,-976.9935836839209,-0.26643309377400515
13.41,0.1574847221425787,1.1878287990422185,-5.150939940460977,-1.03034407689964,195.39871674027978,1.4019617039017995
13.415,0.1564793399792532,1.183725425990748,-5.135450803250378,-1.0272460860114947,1172.392300419489,2.9764136759526227
13.42,0.1554731881480059,1.1796220529392785,-5.119965350933367,-1.0241488647912727,2540.183317571532,7.363984538529337
13.425,0.1544667401453275,1.175127882454335,-5.10252726154932,-1.0206611423090075,586.1961502100835,19.936257786561434
13.43,0.153460629978852,1.172001502986548,-5.091926333464588,-1.0185408730076961,-2735.582034310911,31.5645094053189
13.435,0.1524586160098581,1.1686797248020246,-5.080327847124399,-1.0162211087921666,-1758.5884506306852,22.65575774235016
13.44,0.1514669838929035,1.1655533453342382,-5.069654378160207,-1.0140863614413347,586.1961502098967,2.5861022209563487
13.445,0.15048653208225,1.1616453709995045,-5.055016979771781,-1.0111588389172546,-195.39871673516393,-3.99286959535074
13.45,0.1495149056479028,1.1585189915317178,-5.044243385990161,-1.009004085883815,-195.39871673803174,-3.396874974553981
13.455,0.1485530744647241,1.1546110171969846,-5.029512807340852,-1.0060579427322605,2149.3858841005654,-4.525289075267125
13.46,0.1476004023742542,1.150703042862251,-5.014736405806304,-1.0031026404879966,195.39871673677592,4.362917682108851
13.465,0.1466548462823059,1.1473812646777275,-5.002855383092846,-1.0007264183954216,-2735.582034313184,16.049235419207257
13.47,0.1457189487828831,1.144254885209941,-4.99190304345056,-0.9985359364270578,781.5948669471923,11.34071653085691
13.475,0.1447962104526775,1.1401515121584709,-4.9759999260038645,-0.9953553017057934,1953.9871673691173,-2.8437430501425567
13.48,0.1438865941092084,1.136438936540474,-4.961985174558927,-0.9925523424312654,-2735.5820343140367,-9.106794454787455
13.485,0.1429885076923697,1.1337033545061608,-4.952797732413715,-0.9907148468137911,-586.1961502125969,-4.3554327956488095
13.49,0.1421004946101799,1.1292091840212175,-4.934766974153676,-0.9871086894110376,3126.3794677879187,3.9626538098684208
13.495,0.1412226312069278,1.125301209686484,-4.919617592659085,-0.9840785784795563,7.108214819749996e-10,8.192058559250654
13.5,0.140356294853002,1.1219794315019609,-4.907341322036348,-0.981623136648959,-1563.1897338956578,6.255678001174388
13.505,0.1395025436501613,1.1180714571672272,-4.892069807041255,-0.9785689135170659,-390.79743347231664,-0.6184017628557683
13.51,0.1386621868962339,1.1147496789827036,-4.879662380419769,-0.9760874920864697,1563.1897338939577,-7.384356646387573
13.515,0.137834500700072,1.110450907214497,-4.862307847144574,-0.972616406514425,976.9935836820712,-5.962126914962944
13.52,0.1370175523381128,1.1071291290299736,-4.849784413699776,-0.9701115766918609,-2540.183317576457,1.0416579423911614
13.525,0.1362111180000132,1.104002749562187,-4.838185260585759,-0.9677916315621737,-1563.1897338932479,2.2700075228424836
13.53,0.1354164290517237,1.1000947752274537,-4.822619291681074,-0.96467834617573,2344.7846008397314,-1.6228412995111157
13.535,0.1346334372079273,1.09618680089272,-4.806994745648416,-0.9615533636847927,1953.9871673691193,-0.1760916111416151
13.54,0.1338610870445895,1.09208342784125,-4.790339924345377,-0.9582223407966604,-1172.3923004185501,5.802214537177839
13.545,0.1330998354825148,1.0893478458069366,-4.780468506494281,-0.9562480103244217,-3.5498715078574605e-09,7.343646125193274
13.55,0.1323513502250987,1.08504907403873,-4.762717261548407,-0.9526977238136313,-390.7974334752648,4.89587327126381
13.555,0.1316161150383129,1.0823134920044164,-4.752715677397231,-0.9506973769661036,-2735.5820343123323,2.676142865070176
13.56,0.1308945622393771,1.078991713819893,-4.739714670538463,-0.9480971515805159,586.1961502106077,0.6660667187752338
13.565,0.1301871717485928,1.0746929420516864,-4.721757860206687,-0.9445057703030937,1563.1897338936737,0.4515541084514396
13.57,0.1294933992302895,1.0711757651504263,-4.707640915136173,-0.9416823659201369,390.7974334751589,1.8503326364085737
13.575,0.1288136716800733,1.0670723920989562,-4.690522749105318,-0.9382587204188829,-390.7974334727272,1.8129668331643316
13.58,0.1281483127519443,1.0631644177642228,-4.674309721252628,-0.9350161050122785,-2540.183317579075,-1.2265219502440274
13.585,0.1274974651653906,1.0598426395796994,-4.660955107607045,-0.9323451744143088,1367.7910171583167,-7.503270688794686
13.59,0.1268611157711747,1.0545668742278094,-4.637758059294087,-0.9277057584566346,4494.1704849454345,-11.974430119075699
13.595,0.1262373256825949,1.0504635011763392,-4.620360169659965,-0.9242261754937443,-195.3987167375792,-10.444315707918499
13.6,0.1256243050172919,1.0467509255583425,-4.60486241504076,-0.9211266205410505,-2930.9807510499118,-7.400603142216106
13.605,0.1250212788015669,1.043429147373819,-4.59126867131218,-0.9184078685722522,-976.9935836830665,-5.755585370064367
13.61,0.124427436174588,1.0395211730390856,-4.574698025665735,-0.9150937368644977,390.79743347260046,-3.5296763574522316
13.615,0.1238419239191644,1.035808597421089,-4.559062719166735,-0.9119666735019247,976.9935836849131,-2.6656104918388728
13.62,0.1232647536576929,1.0319006230863554,-4.542408707051514,-0.9086358694286625,1367.7910171568788,-4.675756835550757
13.625,0.1226957313590299,1.0279926487516222,-4.525713953472036,-0.9052969173925923,-976.9935836860889,-5.367226703860922
13.63,0.1221335918561146,1.0248662692838355,-4.512892758928377,-0.9027326774277209,-1758.5884506290604,-4.053084508969331
13.635,0.1215780253643279,1.0213490923825752,-4.498084711105567,-0.8997710670182473,1172.3923004212152,-2.8129111093377155
13.64,0.1210285835431496,1.017441118047842,-4.481292051917439,-0.8964125345046924,195.39871673530615,-1.6302656424118354
13.645,0.1204847528505494,1.0141193398633186,-4.4674023171615405,-0.8936345870127692,-2149.385884103714,-2.5052859463594928
13.65,0.1199469158076884,1.0107975616787952,-4.453482613616202,-0.8908506458711067,976.9935836847714,-4.0638828633988915
13.655,0.119414283552052,1.0064987899105884,-4.43465191778373,-0.8870845063585364,2540.1833175774527,-2.2663360846309146
13.66,0.1188860833637846,1.0027862142925916,-4.418730042019385,-0.883900130928807,-781.5948669460541,0.3699254081014054
13.665,0.1183625535859723,0.9994644361080682,-4.404738801093273,-0.881101882522096,-1172.3923004203562,-0.20690694947881383
13.67,0.1178438198753536,0.9959472592068082,-4.38974658602602,-0.8781034393314545,-1172.3923004226904,-5.382428338301228
13.675,0.1173299328777182,0.9922346835888116,-4.373753143632976,-0.8749047507110934,-2344.7846008404363,-14.226614524407854
13.68,0.1168199184354459,0.9891083041210248,-4.360671319072416,-0.8722883856855789,2930.980751050056,-19.197067852002597
13.685,0.1163110389989518,0.983637140052398,-4.33585989636536,-0.8673261010534462,3907.9743347325557,-13.216170214214635
13.69,0.1158001524295371,0.9799245644344012,-4.319851451485337,-0.8641244120048641,-2540.183317576317,-2.9327964962000284
13.695,0.1152866748818209,0.976602786249878,-4.305808798431779,-0.8613161113680571,-1758.588450627846,2.0360499154924847
13.7,0.114771305687413,0.9723040144816713,-4.286892015826998,-0.8575327087942582,1367.7910171574472,4.093471858528682
13.705,0.1142539077298293,0.9685914388636744,-4.270916311736304,-0.854337531133845,1172.392300417161,6.644417211738789
13.71,0.1137354142589889,0.9644880658122044,-4.252990911042421,-0.8507526515532154,390.797433472671,8.609054652469904
13.715,0.1132168310148355,0.9609708889109442,-4.237997140524299,-0.8477540578961087,-1953.9871673645714,10.01409105475339
13.72,0.1126991225614769,0.9576491107264208,-4.223976150082404,-0.8449499881649438,-3321.7781845235095,8.05605432509179
13.725,0.112184053791492,0.9541319338251608,-4.208965095997173,-0.8419478800336688,-1.2784084901795723e-09,1.8610371761520863
13.73,0.1116724446859316,0.949833162056954,-4.190027721781024,-0.8381607173710224,4689.569201680458,-0.986620530305439
13.735,0.1111636321141239,0.9447527954218008,-4.167168702741963,-0.8335891633076769,2540.1833175777374,3.451830091556312
13.74,0.1106572416695291,0.941040219803804,-4.151136777897086,-0.830382978134275,-2344.78460083831,8.144227427404974
13.745,0.1101545793622009,0.9375230429025436,-4.136063405745132,-0.8273684635403428,-1563.1897338935303,7.9753011862275525
13.75,0.109656965342361,0.933810467284547,-4.119989108568345,-0.824153501942186,390.7974334698352,7.015939573236601
13.755,0.1091650397631502,0.9300978916665504,-4.103886267025613,-0.8209328519034003,-2.809476859048414e-10,9.591745335292824
13.76,0.1086795910056135,0.9265807147652902,-4.088726803068123,-0.8179011237596767,-976.993583681646,13.707788276065909
13.765,0.1082020292565454,0.9228681391472936,-4.07255107513238,-0.8146661098907482,-2344.78460084101,13.409336753796353
13.77,0.1077347104046219,0.9193509622460336,-4.057302408172651,-0.8116162518414117,-195.3987167375809,7.642209566505237
13.775,0.1072792556306624,0.91485679176109,-4.037109328247293,-0.8075775361304276,4298.771768207998,3.264216835603584
13.78,0.10683573287614,0.9097764251259366,-4.013925507747787,-0.8029406922497966,2344.784600841438,3.7851875451091104
13.785,0.1064043610950677,0.9058684507912032,-3.996542814102401,-0.7994640896961355,-1953.9871673655664,5.580851018827346
13.79,0.1059859226370034,0.9021558751732064,-3.9800723836010743,-0.7961699525362029,-781.5948669477893,6.461840400796021
13.795,0.1055811308373064,0.8982479008384732,-3.962556675164562,-0.7926667700011668,1172.392300416601,6.310986180633364
13.8,0.1051908605382308,0.8945353252204764,-3.945945311960892,-0.7893444646822456,-1.0527401173021644e-10,3.8697828925213713
13.805,0.1048160266977793,0.891213547035953,-3.93121072095328,-0.7863975203381737,-1172.3923004180883,-0.05778000096168512
13.81,0.1044568575660031,0.8880871675681662,-3.917374773843426,-0.7836303100021631,-586.1961502098968,-2.024211489004699
13.815,0.1041129184593789,0.8847653893836429,-3.902485662110089,-0.780652470924264,-2.842170943041471e-10,-1.4073937953007487
13.82,0.1037838559403192,0.8816390099158562,-3.888499144291381,-0.777855153975537,-390.797433472033,-2.1571520531438253
13.825,0.1034697819106162,0.8783172317313327,-3.87346067705722,-0.7748474498207165,-390.7974334733816,-6.863532964986469
13.83,0.1031704482673838,0.8751908522635461,-3.859325490766402,-0.7720204039961623,586.1961502074486,-12.787939470975608
13.835,0.102884459899438,0.8714782766455493,-3.842192588781709,-0.7685938167461114,-390.79743347394736,-16.533660235919044
13.84,0.1026097710142319,0.8683518971777625,-3.827934163281256,-0.7657421261635307,-1563.1897338925373,-18.181165544995558
13.845,0.1023441644863735,0.8648347202765025,-3.811676333344209,-0.762490555790129,976.9935836840617,-18.348209435697616
13.85,0.1020852905206276,0.8607313472250324,-3.7924538554595553,-0.7586460567044048,2149.3858841037145,-16.137458883101658
13.855,0.1018307145058776,0.8568233728902991,-3.774186877894813,-0.7549926583844215,-2.829381173796719e-10,-12.396714227805322
13.86,0.1015786585771352,0.8533061959890389,-3.757861284260364,-0.7517275374119037,-586.196150210039,-9.91646529019652
13.865,0.1013279724990672,0.8495936203710422,-3.740551845543232,-0.748265647871975,195.3987167377218,-10.03701378069304
13.87,0.1010774784695269,0.8460764434697822,-3.7242184383706425,-0.7449989650002553,-390.79743347363865,-12.784929947816787
13.875,0.1008260220006521,0.8425592665685222,-3.707889841957525,-0.7417332445678702,-586.1961502122846,-15.600237463591387
13.88,0.1005717131840219,0.8392374883839987,-3.692552499717104,-0.7386657751999768,7.432277016050648e-10,-13.700969650064694
13.885,0.1003120780806845,0.8353295140492653,-3.67431080723936,-0.7350174359685807,-195.3987167354485,-8.526677979717068
13.89,0.1000457624831568,0.8322031345814787,-3.660010490831455,-0.7321573720983219,1172.3923004202197,-6.102056451951096
13.895,0.0997724397695143,0.8279043628132718,-3.6398832479133447,-0.7281319230437575,781.5948669474767,-5.224377965085392
13.9,0.0994910996889518,0.8247779833454851,-3.6256580528609934,-0.7252868836565334,-1563.189733893674,-1.7225389145637493
13.905,0.0992010050106896,0.8214562051609617,-3.610499636836703,-0.7222552001502721,-390.7974334738805,2.2784844942871594
13.91,0.0989025004234418,0.817743629542965,-3.5934292828885703,-0.7188411291195231,390.797433474733,3.4620663273978103
13.915,0.0985960512652958,0.8144218513584416,-3.578352638721173,-0.7158258000931458,-390.79743347352695,1.6113925986316566
13.92,0.0982822431711211,0.8107092757404448,-3.561358801873655,-0.7124270325693237,586.196150207018,-0.4493878122067798
13.925,0.0979610405996602,0.8071920988391849,-3.545378930841933,-0.7092310582395247,1367.7910171570213,1.6888639503547545
13.93,0.0976319393245883,0.8032841245044513,-3.5274845660374434,-0.705652185179863,-976.9935836810794,6.60280156029852
13.935,0.0972955236259708,0.8003531437534013,-3.514511741170336,-0.7030576201274304,-1563.1897338933918,8.741344364829246
13.94,0.0969532777477938,0.7968359668521413,-3.498637086370965,-0.6998826891043475,1563.1897338926801,8.91343012220636
13.945,0.0966061031457878,0.7929279925174079,-3.4808330879601628,-0.6963218893716201,9.9544195109047e-10,10.252340028014514
13.95,0.0962549997851024,0.7898016130496212,-3.4669567076269248,-0.6935466132645187,-2735.58203431308,10.445701149404726
13.955,0.0959016925892334,0.7864798348650976,-3.452114352845467,-0.6905781422758642,781.5948669439293,8.435344479949439
13.96,0.095547357776542,0.782181063096891,-3.4323933183571733,-0.686633705320349,2930.980751049391,7.753107992164393
13.965,0.095192737657457,0.7782730887621575,-3.4146274675103583,-0.6830803511047006,1.5639045614079805e-09,9.92955688902384
13.97,0.0948387870665928,0.7747559118608975,-3.3988120721435213,-0.6799171247943048,-1367.7910171565218,12.371393988246837
13.975,0.0944869914584508,0.7712387349596374,-3.3829846044662117,-0.6767517435011865,-390.7974334737383,12.092703605706593
13.98,0.0941392172121437,0.7675261593416408,-3.3661601486383885,-0.6733869421294971,195.39871673672704,9.92341033269328
13.985,0.093796825386203,0.7640089824403806,-3.350287014246124,-0.6702121570541776,195.39871673729547,9.090388357507006
13.99,0.0934607409168004,0.7601010081056472,-3.332428197706935,-0.6666402671888467,-195.3987167358744,9.451809196896978
13.995,0.0931321628510463,0.7567792299211239,-3.317462703343061,-0.6636470670700776,-195.39871673776017,7.9927490767882965
14.0,0.0928124485689204,0.7526758568696538,-3.298543664320486,-0.6598634083007333,-586.1961502121368,4.432843446356053
14.005,0.0925024556621775,0.7493540786851303,-3.2834841417909004,-0.6568516230229527,976.9935836850921,1.9186512630284795
14.01,0.0922023329175805,0.7450553069169236,-3.263491569920137,-0.6528529739993431,2735.5820343148903,2.144674781643424
14.015,0.0919121366630432,0.7411473325821902,-3.2454032181169845,-0.649235195919147,-781.5948669480454,3.116654182253839
14.02,0.0916323126140437,0.7382163518311402,-3.232147865484995,-0.6465840392170965,-2540.1833175773095,2.7272750140030197
14.025,0.0913633505284249,0.7348945736466168,-3.2168841296930824,-0.6435312231181919,-1172.39230042022,1.2763836736341219
14.03,0.0911055043124923,0.7313773967453567,-3.2005877520285333,-0.6402718924328644,-1172.3923004200778,-0.5188833537062223
14.035,0.0908588245333366,0.7280556185608333,-3.1852124806113653,-0.6371967940274967,1367.7910171593633,-3.1132995308349223
14.04,0.0906231843965999,0.7233660493591532,-3.162943011774385,-0.6327428649625533,3517.1769012609893,-6.308883311791391
14.045,0.0903980397944246,0.7194580750244197,-3.1445290043017824,-0.6290600352299951,1563.1897338901183,-7.751485767357856
14.05,0.0901822395668356,0.7155501006896864,-3.126068246718212,-0.6253678611228508,-3126.37946778867,-6.517267203715672
14.055,0.0899746874283771,0.7126191199386365,-3.112451194016976,-0.6226444325102594,-5666.562785362386,-5.627793127036892
14.06,0.0897749183374322,0.7094927404708496,-3.097819364581976,-0.6197178221334174,195.39871673871653,-6.416173670196407
14.065,0.0895822501679904,0.7044123738356962,-3.0733807000529527,-0.6148301236677058,5471.1640686267965,-6.0989451391437335
14.07,0.0893955929152626,0.6995274059172796,-3.049889008964136,-0.610131813002017,2930.9807510504806,-3.8644361945474195
14.075,0.0892143118395943,0.6950332354323361,-3.0283244517094623,-0.6058189235927418,7.173639460233971e-10,-1.6705202750913664
14.08,0.0890381643551876,0.6911252610976026,-3.0096663794510228,-0.602087096742415,-390.79743347594035,0.16233487800223045
14.085,0.0888670080069942,0.6874126854796059,-2.9919601326965606,-0.5985456774726117,-1563.1897338943922,1.897904736182543
14.09,0.0887009621369322,0.6842863060118193,-2.9771579942237505,-0.595585343874887,-2930.9807510486326,2.0966869462314435
14.095,0.0885405010050682,0.6811599265440325,-2.962328026156785,-0.5926194255389643,-586.1961502089027,0.557176525575251
14.1,0.0883858841652325,0.6774473509260357,-2.944539081315933,-0.5890614667608032,2735.582034313327,-0.19824659737821193
14.105,0.0882368875207625,0.6733439778745656,-2.924767878520893,-0.585107090353803,195.39871673544917,0.7034894496982602
14.11,0.0880934876166141,0.6700221996900422,-2.9088765305109874,-0.5819287120734281,-2344.7846008405827,1.3683458539937376
14.115,0.0879559693074797,0.6667004215055189,-2.8929556658476185,-0.5787444521980392,1367.7910171589365,1.219926664628467
14.12,0.0878244759805267,0.6622062510205755,-2.8711426278285264,-0.5743817750400488,1953.9871673678326,1.1510740130792563
14.125,0.0876991147110738,0.6588844728360521,-2.8551608214698625,-0.5711853581249783,-1953.9871673687744,1.105493450541676
14.13,0.0875800691836349,0.6553672959347919,-2.8381703871741064,-0.567787226751157,-1758.5884506297045,0.637673029228992
14.135,0.0874674748055579,0.651850119033532,-2.8211476526168724,-0.564382644227974,1563.1897338941012,-0.009857185503356902
14.14,0.0873613727193893,0.6475513472653252,-2.800184446653625,-0.5601899745459359,1563.1897338926801,-0.2840925187186798
14.145,0.0872616872639612,0.6438387716473285,-2.7821201097983383,-0.5565770843833673,-1172.3923004198646,-0.15206520625812203
14.15,0.0871683767306044,0.6403215947460684,-2.765000869124866,-0.553153218015464,-1563.189733892537,-0.18394767439030701
14.155,0.087081467993765,0.6364136204113349,-2.745895614068231,-0.5493321524175698,976.9935836832786,-0.6671547508041478
14.16,0.0870009291520739,0.6325056460766015,-2.726758494949288,-0.5455047169245276,1953.987167367768,-1.3740366767579104
14.165,0.0869266330472949,0.6280114755916582,-2.7046591697254807,-0.5410848425443633,-976.9935836823283,-2.108654052723228
14.17,0.086858362829047,0.6250804948406082,-2.690345654403082,-0.5382221320115612,-1758.5884506321456,-2.783831548551916
14.175,0.0867958083878741,0.6205863243556646,-2.6681876040575183,-0.5337905159677905,390.79743347299177,-3.3570470082680295
14.18,0.086738569107471,0.6170691474544047,-2.6508879398518657,-0.5303305783469336,1563.1897338939577,-4.009259395996317
14.185,0.0866862101839541,0.6123795782527245,-2.6277019075799544,-0.5256933680687704,976.9935836831371,-4.865423342739431
14.19,0.0866381909403376,0.6088624013514644,-2.6103561345868607,-0.5222242104111268,-1563.1897338927497,-5.701995904612534
14.195,0.0865938291761389,0.604954427016731,-2.591038083970286,-0.5183605978405921,-3126.3794677851465,-6.497916722949805
14.2,0.0865523629043041,0.601437250115471,-2.57365954061204,-0.5148848872111669,-781.5948669477548,-7.619609577691682
14.205,0.0865129633685239,0.5967476809137909,-2.550407549953812,-0.5102347175452671,2735.5820343095047,-8.782825839937251
14.21,0.0864745870826475,0.5916673142786375,-2.525196684344444,-0.50519272719599,1953.9871673661535,-9.320841373500201
14.215,0.0864359931515314,0.5869777450769574,-2.5019422270610705,-0.500541751925426,781.5948669483295,-9.58209826158948
14.22,0.0863960806495279,0.5822881758752773,-2.478694278818244,-0.49589209522574934,2344.784600840584,-9.502101950574065
14.225,0.0863535976837879,0.5775986066735972,-2.455457965683157,-0.4912450089898093,390.79743347402155,-8.067123455007048
14.23,0.0863072615066837,0.5740814297723372,-2.4381030564980684,-0.4877741682656535,-4103.373051470842,-6.034251982711943
14.235,0.0862562748633428,0.5709550503045504,-2.422725527924392,-0.4846987754412076,-2930.980751051261,-5.568312480708446
14.24,0.0862000625306599,0.5674378734032904,-2.405420253520348,-0.4812378108726305,2149.385884105134,-7.527387104780182
14.245,0.0861379904382134,0.562943702918347,-2.3832594003089373,-0.47680571248013365,1953.9871673681537,-10.599329443767669
14.25,0.0860689154089758,0.5594265260170869,-2.3660174517898507,-0.4733576106081111,-976.9935836853172,-12.107694943477604
14.255,0.0859912170212949,0.5557139503990901,-2.347841914311093,-0.4697227333777952,-781.5948669468843,-10.390453253320409
14.26,0.0859032208121876,0.5520013747810935,-2.329718096204904,-0.46609815396890586,1.1368683772161603e-09,-7.6244665403105785
14.265,0.0858038469176439,0.5482887991630967,-2.311651350738245,-0.46248495224545283,976.9935836837773,-7.957173156914223
14.27,0.085692588287042,0.5443808248283633,-2.292667182738071,-0.45868823654132124,781.5948669469077,-10.35072246276463
14.275,0.08556825566072,0.5406682492103666,-2.274725496196086,-0.4550999935496466,-1367.7910171569476,-9.38150801028258
14.28,0.0854290606603821,0.5375418697425798,-2.259789196591951,-0.4521128090821977,-781.5948669471205,-5.706085748240689
14.285,0.0852740925280605,0.5336338954078464,-2.2410238637663804,-0.44835980287978594,195.39871673765157,-5.487667824617603
14.29,0.0851032564241976,0.5301167185065864,-2.2242919183285856,-0.4450134620823888,-1367.79101715639,-8.939149389956725
14.295,0.0849156514339171,0.5264041428885896,-2.2066668720293565,-0.4414884914546725,-1758.5884506322154,-11.834758864762108
14.3,0.0847096879106638,0.5223007698371195,-2.1871796698597543,-0.4375910819264557,1172.3923004207916,-14.397725367073917
14.305,0.0844839932288999,0.5176112006354395,-2.16486017363736,-0.43312720740653965,5275.76535189064,-15.267000173811539
14.31,0.0842365203609161,0.5123354352835494,-2.139718612319576,-0.4280989149226333,2344.7846008387382,-8.898518790001802
14.315,0.0839647201876418,0.508427460948816,-2.1215376623936795,-0.4244627407611742,-3712.5756179959694,0.8070822587668829
14.32,0.0836684867747806,0.5054964801977658,-2.1083638624078533,-0.4218279934229852,-1367.7910171544631,5.800454986637689
14.325,0.0833489337913528,0.5011977084295592,-2.0884677178480544,-0.41784877463820647,-390.79743347287626,8.541067845829758
14.33,0.0830063942345161,0.4980713289617725,-2.0745484777845813,-0.41506493472725636,-2149.385884105275,11.197517896128986
14.335,0.0826424344950194,0.4945541520605124,-2.058782359568785,-0.411911717565493,2149.3858841050846,10.196936230999071
14.34,0.0822587838079684,0.4896691841420956,-2.036275747486373,-0.4074104003341272,2149.3858841057754,7.122818301521747
14.345,0.081856419816538,0.4863474059575722,-2.0216786557804407,-0.4044909861410342,-586.1961502100403,8.911026334388737
14.35,0.0814358524313685,0.4824394316228388,-2.004241604440248,-0.40100357919147034,586.1961502096127,18.363932023533707
14.355,0.08099801257421,0.4787268560048421,-1.9878679123621583,-0.3977288434306321,-586.1961502108207,27.529439684307242
14.36,0.0805465111310508,0.475795875253792,-1.9754705052035857,-0.39524936412274125,-1758.588450629975,28.385606563558106
14.365,0.0800855767000589,0.4722786983525319,-1.9601892843569493,-0.392193121652473,-976.9935836817876,23.99833812206554
14.37,0.0796182893466996,0.4691523188847452,-1.946893816988576,-0.3895340295380456,-781.5948669475215,18.811637656535872
14.375,0.0791474978006483,0.4652443445500118,-1.9297078976081767,-0.3860968467493635,390.7974334704634,13.761378587161113
14.38,0.0786751854164368,0.4615317689320151,-1.9135065770896595,-0.3828565835155783,2735.582034314719,11.239334574504586
14.385,0.0782025875136347,0.4568421997303349,-1.892421717115596,-0.3786396122167002,781.5948669491822,11.902217710178451
14.39,0.0777309607188499,0.453325022829075,-1.877193963799482,-0.3755940621102251,-2344.784600840514,11.40115881526119
14.395,0.0772620851735926,0.4498078459278149,-1.8619524547924773,-0.3725457607542223,1172.3923004189419,7.479320882204739
14.4,0.0767975174716489,0.4453136754428715,-1.8418044390958863,-0.3685161579712226,2344.784600839517,6.017320395210916
14.405,0.0763373919393373,0.4417964985416114,-1.8265191808258705,-0.3654591066022741,-2344.7846008393026,9.624336507778814
14.41,0.075882334995716,0.4386701190738247,-1.813162567064824,-0.3627877840781087,-3712.5756179947593,8.622459050178765
14.415,0.075434525131264,0.4351529421725646,-1.7978157309686078,-0.3597184170413006,-390.7974334739821,-1.6249175018090298
14.42,0.074995037627559,0.4310495691210946,-1.7794963025000423,-0.3560545314935356,3517.1769012564782,-9.220751656408744
14.425,0.0745621072084227,0.4261646012026778,-1.7572361144198485,-0.3516024939942551,3321.778184522708,-6.448458695652548
14.43,0.0741340004496761,0.4220612281512078,-1.7388597824891974,-0.34792722770153167,1.916532710311003e-09,-1.624924308787289
14.435,0.0737109174191573,0.4183486525332109,-1.7224123191781802,-0.3446377351140536,-2344.784600840584,-0.4792621966310051
14.44,0.0732927750033716,0.4150268743486876,-1.70789414003559,-0.341734099345316,-2149.385884103996,-0.6145711905514055
14.445,0.0728793308391589,0.4117050961641642,-1.6933524696949154,-0.3388257653250053,781.594866948757,-2.1917482524536567
14.45,0.0724708820264489,0.4076017231126941,-1.674877848309818,-0.3351308410862452,586.1961502109468,-4.926010817227791
14.455,0.0720667328972369,0.404084546211434,-1.6593127092965398,-0.3320178133141971,-1758.5884506320917,-8.12588695959417
14.46,0.0716661297706554,0.4005673693101739,-1.6437298403007168,-0.3289012395395185,781.5948669474659,-13.329957782299497
14.465,0.0712681975825741,0.3960731988252306,-1.6232486487184623,-0.32480500124265654,2344.784600841577,-15.882355768131665
14.47,0.0708703923490318,0.3921652244904972,-1.605697803134152,-0.32129483214146537,195.39871673665442,-10.326136374692483
14.475,0.0704703949373882,0.3884526488725004,-1.5891349120397016,-0.3179822539351122,-1367.7910171567332,-2.867162952924132
14.48,0.0700677874058098,0.3847400732545037,-1.5725850715574627,-0.3146722858486939,-2930.9807510508354,-3.2195792902900884
14.485,0.0696629988253045,0.3814182950699803,-1.558000123497254,-0.3117552962446758,-781.594866947548,-11.294561434676543
14.49,0.0692554477780365,0.3769241245850368,-1.5375681764366145,-0.30766867680700033,4103.373051472337,-17.102921923860208
14.495,0.0688427896670327,0.3720391566666201,-1.515206397341908,-0.3031963669995874,3126.3794677878495,-10.862553526940054
14.5,0.0684220789042772,0.36793578361515,-1.4967929018522217,-0.2995137047108728,-1172.392300422716,3.8831514240109364
14.505,0.0679926645406488,0.36441860671389,-1.4813539419271726,-0.2964259421732412,-2149.385884103303,11.880616109441668
14.51,0.067556818231005,0.3609014298126299,-1.4659483213394109,-0.2933446115816249,-781.5948669454871,6.564416590411202
14.515,0.0671165065975771,0.3573842529113699,-1.4505648208965052,-0.29026774631379276,976.9935836835641,-2.5811983435363643
14.52,0.0666715463743293,0.3536716772933732,-1.4342274046397656,-0.28700013091904386,781.5948669471919,-5.4936256757546715
14.525,0.0662208802544079,0.3501545003921131,-1.4188953793066754,-0.2839336201377052,-1563.1897338936037,-1.1693133982593231
14.53,0.0657636821359066,0.347223519641063,-1.4065268890028144,-0.2814598375051564,-1367.7910171573026,4.574473393966052
14.535,0.0653002918854654,0.3435109440230663,-1.390281300452143,-0.2782106521376009,1.4210854715202004e-09,4.911799604627895
14.54,0.0648320562023386,0.3399937671218062,-1.3750368649911615,-0.27516171091946756,586.1961502100814,1.5336742403205612
14.545,0.0643593159641436,0.3360857927870728,-1.3578609110122175,-0.27172647682292916,1563.1897338902022,2.3435374588757334
14.55,0.0638815803732298,0.3319824197356028,-1.339732896912435,-0.26810083936237294,-195.3987167377481,6.647713580388928
14.555,0.0633994861646828,0.3284652428343427,-1.3245576220112678,-0.2650657566696599,-1563.1897338921103,6.5839137914828125
14.56,0.0629145981860394,0.3247526672163459,-1.3084192946644206,-0.2618380690303065,781.5948669474061,1.9175973336073557
14.565,0.0624274502006634,0.3204538954481392,-1.2893612644302022,-0.25802644524747576,976.9935836835637,-1.1994961597052622
14.57,0.0619376935545587,0.3167413198301425,-1.2732472405146895,-0.2548036262755838,-390.7974334720334,-1.1752514621310706
14.575,0.061445125669419,0.312833345495409,-1.2561702650218798,-0.25138821982598997,-976.9935836832575,-0.28814030580847394
14.58,0.060949666982628,0.3089253711606756,-1.239107732186294,-0.2479757041780476,-586.1961502126853,0.40839400136339066
14.585,0.0604513373194873,0.3052127955426789,-1.2230365387353157,-0.2447614582231916,2344.7846008411457,0.9313424250103282
14.59,0.0599502303299415,0.3003278276242621,-1.2011172631496023,-0.24037759729432057,2344.784600842217,2.154545381252195
14.595,0.05944649354487,0.2970060494397388,-1.1870270793992554,-0.2375595558948688,-1563.1897338942083,5.644772877984154
14.6,0.0589403149389242,0.293293473821742,-1.1709951129365317,-0.23435315888281777,-3321.778184523685,9.340963059925347
14.605,0.0584327488909482,0.2905578917874287,-1.1598550478828686,-0.2321251428964805,-195.39871673562627,8.97772848042634
14.61,0.0579255655824541,0.2862591200192219,-1.1408971174867246,-0.22833355443676778,1758.588450630544,6.846376112186359
14.615,0.0574194443207818,0.2825465444012252,-1.1248648552270384,-0.22512710008044337,-781.5948669460546,5.7931161514536305
14.62,0.0569149599890116,0.2790293674999651,-1.1098013999971374,-0.2221144075109535,781.5948669457188,1.5632718846075493
14.625,0.056413426210483,0.2747305957317583,-1.0908163663026171,-0.21831716952127528,2735.582034310288,-3.6747314579425296
14.63,0.055914291274748,0.2708226213970249,-1.0737730943107218,-0.2149083301222769,-1563.1897338948365,-2.2844910079093044
14.635,0.0554162578319364,0.2678916406459749,-1.061609097772007,-0.21247538281403852,-4103.373051469029,0.6155832035757411
14.64,0.0549198847082057,0.2643744637447148,-1.0465045207265098,-0.2094545790365091,-1172.3923004190474,-2.633786745196401
14.645,0.0544256546941341,0.2604664894099814,-1.0294353525969204,-0.2060408347158473,3712.5756179962164,-5.376486038404359
14.65,0.0539323558725881,0.2555815214915646,-1.0074778000513749,-0.2016491656189765,4103.373051469493,-0.36425647438776787
14.655,0.0534389830103309,0.2512827497233579,-0.9884514398726736,-0.197843766713027,-586.1961502093305,7.0829898964943085
14.66,0.0529463282818568,0.2481563702555712,-0.9752833236569473,-0.1952100419737144,-2930.9807510481364,9.260694314159602
14.665,0.0524558785240524,0.2444437946375744,-0.9591731003406554,-0.191987916113522,-2540.1833175760403,5.413864189820712
14.67,0.0519688849259083,0.2415128138865244,-0.9469534893638611,-0.18954392896061611,195.39871673384607,0.51796621135348
14.675,0.0514856019296126,0.237018643401581,-0.9268993117508108,-0.1855330414719684,2149.385884102407,-0.4661195333151671
14.68,0.0510054396689324,0.2331106690668476,-0.9097604592446962,-0.1821052293979152,1172.3923004210026,-0.4363243155224392
14.685,0.0505286711932232,0.2292026947321142,-0.8926045962408957,-0.178674023538891,1172.3923004203616,-4.232746803803076
14.69,0.0500555263913958,0.2250993216806441,-0.8744535880257388,-0.1750437952892483,-390.79743347249604,-6.624185339890151
14.695,0.0495846499905685,0.222168340929594,-0.8621531727010701,-0.1725836909390255,-2149.3858841021156,-1.6663387923188964
14.7,0.0491149123464947,0.218651164028334,-0.8469160615562953,-0.1695362516818393,-1563.189733893505,4.827193685688036
14.705,0.0486469141363086,0.2155247845605473,-0.8336242233812169,-0.16687787042423868,-781.5948669488663,4.935870026754269
14.71,0.0481819311954366,0.2116168102258138,-0.8164081707424179,-0.1634348790303772,1172.3923004205067,0.4449124096973929
14.715,0.0477202908241292,0.2077088358910804,-0.7991767745495264,-0.1599885450669512,3517.1769012609466,-1.129239366033362
14.72,0.0472615188082486,0.203214665406137,-0.7790000011036028,-0.1559531465978884,1172.392300418835,4.165085259622412
14.725,0.04680522496644,0.1998928872216136,-0.7646727545095414,-0.15308766225517362,-3321.77818452326,10.75032290680545
14.73,0.0463525459455645,0.1969619064705636,-0.7522802357944467,-0.15060936052499913,-1172.3923004186931,8.887041852166174
14.735,0.0459058816485006,0.1932493308525668,-0.7359498711384048,-0.1473434492040662,1367.791017157268,-0.03475710840015367
14.74,0.0454657629302911,0.1895367552345701,-0.7195869401983666,-0.144070992304279,-781.5948669464104,-5.37893305132588
14.745,0.0450311479121632,0.1866057744835201,-0.7071057445407064,-0.1415746265713569,-1.5923262708383845e-09,-3.368686163400156
14.75,0.04460113500532,0.1823070027153133,-0.687762456639449,-0.1377058677099933,976.9935836806916,0.5125385778636264
14.755,0.0441756448243763,0.1791806232475266,-0.6742572651698499,-0.1350049784231503,195.398716737547,0.9814683897101588
14.76,0.0437552934844878,0.1752726489127932,-0.6568185541673184,-0.1315173554283054,-195.39871673473695,-0.07686748290321077
14.765,0.0433398849237181,0.1719508707282698,-0.6422862292259046,-0.12861098580455171,-2735.5820343141795,-0.2706356444193432
14.77,0.0429292198361842,0.1686290925437464,-0.6277302822828408,-0.1256998727075622,-1172.3923004213232,-3.0838064175144275
14.775,0.0425237913427055,0.164721118209013,-0.6102172479100739,-0.12219732686630749,3907.9743347342765,-6.7797229972923425
14.78,0.0421226434247648,0.1596407515738595,-0.5868197600309834,-0.11751810814909472,1953.9871673679652,-5.109623708712414
14.785,0.041724280274921,0.1563189733893362,-0.5722015694231645,-0.1145946931144152,-1758.588450628874,-1.5657581610640285
14.79,0.0413287845272323,0.1522156003378661,-0.5536612905567205,-0.11088681581063381,-1367.7910171564934,-1.8506418135914338
14.795,0.0409362420966559,0.148698423436606,-0.5380374043252728,-0.1077621813399501,781.5948669441226,-2.7714831615632036
14.8,0.0405460773854255,0.1445950503851359,-0.5194707915216504,-0.1040489729997104,1172.3923004191527,-0.9361004055000102
14.805,0.0401578261660966,0.1404916773336659,-0.5008947254790059,-0.10033385116756931,-2540.183317574947,0.03001219232257668
14.81,0.0397717505161831,0.1375606965826158,-0.4881698344677721,-0.09778894606643271,-586.1961502082455,-2.925836757698903
14.815,0.0393880963828376,0.1328711273809357,-0.466639966721658,-0.0934830309980981,3907.974334733566,-5.379185614394009
14.82,0.0390058339316973,0.128572355612729,-0.4470571862127728,-0.08956652168103171,195.39871673651388,-2.9993823845677956
14.825,0.0386241269101212,0.1252505774282056,-0.4323566432591943,-0.0866264505180844,-1953.9871673671942,2.683909656398486
14.83,0.0382429484463537,0.1215380018102088,-0.4156995077769743,-0.08329505336385509,586.1961502074031,8.51920399592938
14.835,0.0378629183655627,0.1178254261922121,-0.3990366603220869,-0.0799625078266494,195.39871673614894,10.255367867393957
14.84,0.0374857779698087,0.1145036480076887,-0.3843133755631526,-0.07701787003787999,-1758.588450628572,5.619158747829667
14.845,0.0371129899531583,0.1111818698231653,-0.3695683480717177,-0.074068879870007,-976.993583683068,-0.6960809426859527
14.85,0.0367445778699297,0.1076646929219053,-0.3538244626599048,-0.0709201150519756,390.79743347320436,-3.5821888962808153
14.855,0.0363799608316557,0.1035613198704352,-0.3351306335365999,-0.0671813590387795,195.39871673681705,-3.574222956324258
14.86,0.036018652065774,0.1000441429691751,-0.31935240377368,-0.0640254909034011,1758.5884506296732,-2.37312882631624
14.865,0.0356602488121586,0.095354573767495,-0.2976974627645346,-0.05969432495533639,1563.189733893958,0.3226830033531787
14.87,0.0353044263343853,0.091837396866235,-0.2818902514722111,-0.056532970531849705,-1758.5884506296402,3.132719684699291
14.875,0.0349514807658407,0.0883202199649749,-0.2660687434687221,-0.053368739199134194,-1367.7910171591116,2.704570474727518
14.88,0.0346022233587668,0.0846076443469782,-0.2492518713421783,-0.0500054209882114,976.9935836834763,-0.4279407527875829
14.885,0.0342567894123867,0.0806996700122448,-0.2314389445428684,-0.046442880599858107,1367.791017158182,-1.9772884720616606
14.89,0.0339147477093935,0.076987094394248,-0.2145860950818157,-0.043072346684854504,586.1961502098791,-0.06416355411423424
14.895,0.0335757468110438,0.073469917492988,-0.1986950711584358,-0.039894170681944195,-1367.7910171563094,2.5729494457939595
14.9,0.0332400220977932,0.0703435380252012,-0.1847416822586931,-0.037103515927408,-2344.7846008399524,2.139376198413526
14.905,0.0329082887982579,0.0672171585574145,-0.1707695094756182,-0.034308869759156604,-195.39871673732216,-0.3320276246876048
14.91,0.0325806194734117,0.0633091842226811,-0.1528688308727278,-0.030728564749269403,1367.7910171578187,-0.38149280890304915
14.915,0.0322565547502274,0.0595966086046844,-0.1359258033960701,-0.027340053854457,781.5948669466727,1.6134408188874563
14.92,0.0319362078086243,0.055688634269951,-0.1179872880283423,-0.0237524264613267,390.79743347075464,1.283387867387706
14.925,0.0316201631741433,0.0519760586519542,-0.1010043303891026,-0.0203558954778109,-781.5948669469717,-1.9600974227014643
14.93,0.0313084005442499,0.0482634830339575,-0.0840011734310889,-0.016955082489707597,-976.9935836823961,-5.104539027596257
14.935,0.0310003974578732,0.0447463061326974,-0.0679560307426748,-0.013745908674824201,1563.1897338940707,-5.2609743842959436
14.94,0.0306952375828658,0.040252135647754,-0.0470104086419648,-0.009556898064888197,976.9935836842435,-1.9997322945909701
14.945,0.0303921530623894,0.0369303574632306,0.0007745369233003,-0.006538204400841196,-586.196150209027,1.230760419104202
14.95,0.0300914579500877,0.0332177818452339,0.0007737509561275,-0.003126323895146197,1367.7910171558383,2.457349168587486
14.955,0.0297934302553973,0.0295052062272372,0.0007731221823892,0.00028822402816009937,-195.3987167389478,2.945511479488589
14.96,0.0294982924063346,0.0265742254761871,0.0007714690035667,0.0029240669301475,-2540.1833175762004,1.9629321848066255
14.965,0.0292066863860655,0.0238386434418737,0.0007689963006766,0.005368042944191801,781.5948669471394,-0.7064981415938725
14.97,0.0289186864630862,0.020126067823877,0.0447278110147467,0.008792618639209202,1953.9871673661657,-2.044767020095236
14.975,0.0286338843865788,0.0173904857895636,0.0569759876985319,0.0112433985970152,-781.594866946229,-0.46299436339491074
14.98,0.0283519336222008,0.0146549037552502,0.0692349649246846,0.013697029866950601,-781.594866946234,2.1762538982894863
14.985,0.0280729794899171,0.0121147204376735,0.0805303170728348,0.0159582590522436,195.39871673678107,3.454926979089775
14.99,0.027797570889315,0.0093791384033601,0.092817948579411,0.0184184324859549,-390.7974334730029,2.7325088549014964
14.995,0.0275261479499787,0.0072297525192568,0.1021925741343346,0.0202963954307219,586.1961502092055,0.8031893136110444
15.0,0.0272590531914079,0.0044941704849434,0.1145171083787577,0.022764882706464498,781.5948669450748,-0.8256093384906791
15.005,0.0269961222756184,0.00234478460084,0.1239293107137356,0.024651337674778402,-781.594866946544,-1.7342746730055758
15.01,0.0267371837177931,0.00058619615021,0.1314057513733263,0.0261509875675831,390.7974334737463,-2.865733318899789
15.015,0.0264820768574979,-0.00175858845063,0.1418286419136799,0.0282406653081279,586.1961502095519,-3.771403046402231
15.02,0.0262302281937976,-0.0031263794677867,0.1473833545117371,0.0293566076615843,-976.9935836833924,-3.246695800403071
15.025,0.0259811459622982,-0.00468956920168,0.1539269917293354,0.0306707151639782,-390.7974334731494,-1.5527823013973379
15.03,0.025734415216375,-0.0060573602188367,0.159505022050846,0.0317917754352117,586.1961502100669,-0.5083425045037622
15.035,0.0254900828942189,-0.0074251512359934,0.1650924475792992,0.0329152341302123,781.5948669469258,-0.8329916104176949
15.04,0.0252481920032239,-0.0085975435364134,0.1697153094700245,0.0338457355396373,2.7625901566352695e-10,-0.35345468009952796
15.045,0.0250083793107555,-0.0093791384033601,0.172395903577968,0.0343875177141156,-976.9935836837756,1.2216852970325807
15.05,0.0247707255627338,-0.0099653345535701,0.1741102113781913,0.0347360601163039,-586.1961502099257,1.378037993299591
15.055,0.0245356817572279,-0.0105515307037801,0.1758374989339775,0.035087212461008,390.79743347369833,0.690703785388683
15.06,0.0243032375802019,-0.0111377268539902,0.1775777286665497,0.0354409644341921,390.79743347338206,0.8582526971024098
15.065,0.0240733682716294,-0.0115285242874635,0.1783514940655518,0.0356018925590929,-9.993073035730049e-11,0.2810319080959651
15.07,0.0238464187594135,-0.0117239230042002,0.1781632891085945,0.0355703417636137,-1.6211743059102446e-10,-1.671627156625254
15.075,0.0236222971066571,-0.0119193217209368,0.1779895628456862,0.0355416188275939,-390.7974334730132,-2.915664691701908
15.08,0.0234005501322767,-0.0117239230042002,0.1758728441648615,0.0351244731364769,-390.79743347298745,-3.1656802050552484
15.085,0.0231807966351543,-0.0117239230042002,0.1747423835400662,0.0349047196393545,390.79743347328974,-3.6555934158973598
15.09,0.0229627160340998,-0.0115285242874635,0.1726438816406036,0.034491240321563296,390.79743347315895,-3.3144510740214406
15.095,0.0227457011769161,-0.0113331255707268,0.1705500285636043,0.0340788267476429,-586.1961502102447,-0.9057231988007373
15.1,0.0225292608714669,-0.0107469294205168,0.1665068174800625,0.0332761902919837,-586.1961502100426,1.459494066003015
15.105,0.0223136962808684,-0.0103561319870435,0.1634486839958427,0.0326698282679119,390.79743347346533,2.354051870199247
15.11,0.0220992789211792,-0.0099653345535701,0.1603981008594451,0.0320646134747493,195.39871673671703,2.7135086574947582
15.115,0.0218862414410772,-0.0093791384033601,0.1563800250517535,0.0312653798444373,-195.398716736858,1.9934077424776895
15.12,0.0216751242351069,-0.0087929422531501,0.1523724816664508,0.030468066488257,195.39871673667326,0.03484355940995432
15.125,0.0214660501662,-0.0082067461029401,0.1483770489676811,0.0296727962691401,3.8616576603089925e-10,-1.2721261855517492
15.13,0.0212587902209924,-0.0074251512359934,0.1434129089850337,0.0286839414569858,-390.79743347345146,-1.028595231614326
15.135,0.0210531572997962,-0.0066435563690467,0.1384585769871546,0.027696713668842902,-195.39871673675424,0.7722362469708575
15.14,0.0208490047526503,-0.0058619615021001,0.1335129851512959,0.0267109662547504,1.9610979506972065e-10,3.18628454870856
15.145,0.0206465342466342,-0.0050803666351534,0.1285768741545015,0.025726900881787598,-1.0054179711002211e-10,3.27142613500098
15.15,0.0204465400663275,-0.0042987717682067,0.123654001292986,0.0247453118345342,-195.3987167368791,0.7893620418020895
15.155,0.0202493672912627,-0.00351717690126,0.1187470708228977,0.0237665441925227,-2.392033001801993e-10,-0.386047768987682
15.16,0.020054667588159,-0.0027355820343133,0.1138528238449573,0.022790249622472298,781.59486694654,0.5021009446615157
15.165,0.0198624457957235,-0.0021493858841033,0.1099493646697468,0.0220118316798268,195.39871673719477,0.3527793780860655
15.17,0.0196730012703758,-0.00117239230042,0.1041069283951732,0.0208453935707958,-976.993583682694,-1.001596563532269
15.175,0.0194862718609612,-0.0001953987167366,0.0982789666863169,0.0196816705776978,-195.39871673640022,-1.2467269806906405
15.18,0.019301893892356,0.00058619615021,0.0934416251138643,0.018715697742145997,781.5948669467025,-1.0974754200333194
15.185,0.0191198438904124,0.0013677910171566,0.088617418853658,0.017752052873255802,390.7974334732858,-2.9226547453054925
15.19,0.0189400987271189,0.00234478460084,0.082827789426338,0.016595314126278897,-390.7974334733864,-5.800997432597054
15.195,0.018762064408657,0.0033217781845233,0.0770479013616634,0.015440286224133699,-976.993583683909,-6.151080022634159
15.2,0.0185846931199192,0.0044941704849434,0.0702952845727153,0.014090522634975799,-195.39871673699298,-2.4805231230011366
15.205,0.0184071324182624,0.00527576535189,0.065496467655171,0.0131313670663724,586.1961502106883,1.9898631371704667
15.21,0.0182295259907342,0.0060573602188367,0.0606991800830066,0.0121721657718975,-3.049365204788046e-10,2.9841088812964114
15.215,0.0180525673961056,0.0070343538025201,0.0549283943116153,0.011018213593585503,-5.163149671268858e-10,0.8132877253653015
15.22,0.0178765872027012,0.0076205499527301,0.0511166926896781,0.010256037249971098,-195.39871673662128,-0.5051608582018625
15.225,0.0177013534510679,0.0085975435364134,0.0453560502498341,0.0091038099146545,-586.196150210206,0.753881545698718
15.23,0.0175266900435455,0.0091837396866235,-0.0001614537742142,0.008342950356922002,-1.6228796084760688e-10,2.3293638569100295
15.235,0.0173529854222911,0.0097699358368335,-0.0001590671750032,0.007583049585457599,390.79743347352223,2.8110135249016257
15.24,0.0171805883948128,0.0101607332703068,-0.0001560077358024,0.007019855124506001,2.3203483578981832e-10,2.885714159850509
15.245,0.0170097926736321,0.0105515307037801,-0.0001524100246098,0.006458261969852001,-586.1961502099282,1.9559748671968773
15.25,0.016841093270028,0.0109423281372535,-0.0001472315359917,0.005898765132774502,195.39871673661978,-0.27843558401565893
15.255,0.0166746609192507,0.0109423281372535,-0.0001407884254332,0.005732332781997201,976.993583683257,-1.440970347191449
15.26,0.0165101606440583,0.0109423281372535,-0.0001321834574905,0.0055678325068047995,6.437517185986508e-11,-0.04454462134263437
15.265,0.016347311723563,0.0111377268539902,-0.0001229991634723,0.005209584869572801,-390.7974334732878,2.04777663469058
15.27,0.0161863495465565,0.0111377268539902,-0.0001122012487618,0.0050486226925663,2.2168933355715126e-12,2.595478380203014
15.275,0.0160277005419476,0.0111377268539902,-0.0001012625973293,0.0048899736879574,195.39871673678044,1.4178256763020602
15.28,0.0158717077541573,0.0111377268539902,-8.9061196687475e-05,0.004733980900167101,390.79743347342543,-0.25242580649953617
15.285,0.0157184228527847,0.0109423281372535,-7.584959667795803e-05,0.0047760947155312,-195.39871673695365,-0.9842822112427481
15.29,0.015567653092537,0.0111377268539902,-6.413015683834994e-05,0.004429926238546799,-195.3987167370636,-0.2824123844021429
15.295,0.0154192262302678,0.0109423281372535,-5.245428530267446e-05,0.004476898093014301,390.79743347328827,0.7353798159903402
15.3,0.0152732012794843,0.0109423281372535,-4.196342824213957e-05,0.004330873142230801,3.2694083979060587e-12,0.5065822454980076
15.305,0.0151298282620125,0.0109423281372535,-3.357074259371166e-05,0.004187500124759,-195.3987167366805,-0.5547872373479805
15.31,0.0149890876948153,0.0109423281372535,-2.6856594074969328e-05,0.004046759557561801,0.0,-0.6210730455946631
15.315,0.0148507355302643,0.0109423281372535,-2.1485275259975463e-05,0.0039084073930108,0.0,0.15740074170272855
15.32,0.0147147575512926,0.0109423281372535,-1.718822020798037e-05,0.0037724294140391006,2.2204460492504076e-12,0.001283667940828792
15.325,0.0145813269619776,0.0109423281372535,-1.3750576166384296e-05,0.0036389988247241007,-4.440892098500027e-12,-1.131546351399784
15.33,0.0144503682496579,0.0109423281372535,-1.100046093310744e-05,0.0035080401124044005,-195.39871673667747,-1.865682025088475
15.335,0.0143216038408203,0.0109423281372535,-8.80036874648595e-06,0.0033792757035667996,-195.39871673663612,-1.8724869123026648
15.34,0.0141947882435598,0.0109423281372535,-7.040294997188762e-06,0.003252460106306301,390.7974334732811,-1.4742349504582224
15.345,0.0140697004847674,0.0107469294205168,-5.63223599775101e-06,0.0033227710642506,390.7974334732833,-0.7325511411960468
15.35,0.013946145046086,0.0107469294205168,-4.505788798200808e-06,0.003199215625569199,-195.39871673664055,-0.4679844692945583
15.355,0.0138241426588684,0.0107469294205168,-3.604631038560647e-06,0.0030772132383515994,-195.39871673664277,-1.376813618805281
15.36,0.0137037061060953,0.0107469294205168,-2.8837048308485178e-06,0.0029567766855784997,0.0,-2.1329541535043077
15.365,0.013584462378654,0.0107469294205168,-2.306963864678814e-06,0.0028375329581372,0.0,-1.610206450253286
15.37,0.0134660946099689,0.0107469294205168,-1.8455710917430516e-06,0.002719165189452099,0.0,-0.5874119944977001
15.375,0.0133485266899707,0.0107469294205168,-1.4764568733944411e-06,0.002601597269453899,0.0,0.4350595270108153
15.38,0.0132317003512565,0.0107469294205168,-1.181165498715553e-06,0.0024847709307396996,0.0,1.440730840801021
15.385,0.013115748180824,0.0107469294205168,-9.449323989724424e-07,0.002368818760307199,-195.39871673664277,1.896812594648484
15.39,0.0130009583894852,0.0107469294205168,-7.559459191779538e-07,0.0022540289689683985,1.398881011027757e-10,1.5393726118962654
15.395,0.0128875675820547,0.0107469294205168,-6.047567353423631e-07,0.0021406381615378996,586.1961502100683,0.6864358778969066
15.4,0.0127757655372496,0.0105515307037801,-4.838053882738905e-07,0.0022242348334695003,-195.39871673706244,0.1339025857039191
15.405,0.0126655242662747,0.0107469294205168,-3.870443106191125e-07,0.0019185948457578986,-781.5948669469908,0.2000639876009318
15.41,0.0125568082304276,0.0107469294205168,-3.0963544849529e-07,0.001809878809910799,390.7974334737052,-0.07666972086540902
15.415,0.0124497521360697,0.0105515307037801,-2.47708358796232e-07,0.0018982214322896002,586.1961502103827,-0.9855614255024765
15.42,0.0123442865330068,0.0105515307037801,-1.981666870369856e-07,0.0017927558292266995,-195.39871673667852,-1.5488410378728528
15.425,0.0122401745217188,0.0105515307037801,-1.585333496295885e-07,0.0016886438179386995,-195.39871673667852,-1.3050192401953806
15.43,0.0121372148835617,0.0105515307037801,-1.268266797036708e-07,0.0015856841797815997,0.0,-0.40885939756707135
15.435,0.0120352425821842,0.0105515307037801,-1.0146134376293664e-07,0.0014837118784040999,0.0,0.5312361009935289
15.44,0.0119342882628521,0.0105515307037801,-8.116907501034931e-08,0.0013827575590720006,0.0,0.545823439406254
15.445,0.0118345474580683,0.0105515307037801,-6.493526000827945e-08,0.0012830167542881993,0.0,-0.20541865856098251
15.45,0.011736037906979,0.0105515307037801,-5.1948208006623576e-08,0.0011845072031989,-195.39871673657638,-0.6361266575057289
15.455,0.0116386349728105,0.0105515307037801,-4.1558566405298855e-08,0.0010871042690304006,-195.3987167365764,-0.4795300312676525
15.46,0.0115422583972838,0.0105515307037801,-3.324685312423909e-08,0.0009907276935036992,390.7974334733957,-0.024265940396293928
15.465,0.0114468689997533,0.0103561319870435,-2.659748249939127e-08,0.0010907370127097998,390.797433473361,0.8664079259324473
15.47,0.0113524702037353,0.0103561319870435,-2.1277985999513015e-08,0.0009963382166917993,-195.3987167366805,2.063122304298914
15.475,0.0112592252729563,0.0103561319870435,-1.7022388799610414e-08,0.0009030932859127993,-195.3987167366805,2.6196836030002233
15.48,0.0111675397342594,0.0103561319870435,-1.3617911039688334e-08,0.0008114077472159004,0.0,2.163393288203838
15.485,0.0110777669147238,0.0103561319870435,-1.0894328831750668e-08,0.0007216349276802994,0.0,1.407255657797152
15.49,0.0109900866724591,0.0103561319870435,-8.715463065400535e-09,0.0006339546854156001,0.0,0.7142515011215878
15.495,0.010904657318344,0.0103561319870435,-6.9723704523204295e-09,0.0005485253313005003,0.0,0.06652967460562387
15.5,0.0108215182739922,0.0103561319870435,-5.577896361856343e-09,0.0004653862869486991,0.0,-0.2618455464520153
15.505,0.010740610735318,0.0103561319870435,-4.462317089485075e-09,0.00038447874827450025,0.0,-0.2618628635026621
15.51,0.0106619010685333,0.0103561319870435,-3.5698536715880603e-09,0.00030576908148980016,0.0,-0.24173938057316846
15.515,0.0105853653200994,0.0103561319870435,-2.855882937270448e-09,0.0002292333330558994,0.0,-0.31576776150288843
15.52,0.0105109731932189,0.0103561319870435,-2.284706349816358e-09,0.00015484120617540072,0.0,-0.44840465549978425
15.525,0.0104386793333076,0.0103561319870435,-1.8277650798530871e-09,8.254734626409951e-05,0.0,-0.5234395751951944
15.53,0.0103684188802875,0.0103561319870435,-1.4622120638824695e-09,1.2286893243999841e-05,0.0,-0.4479304511995217
15.535,0.0103001043702871,0.0103561319870435,-1.169769651105976e-09,-5.6027616756399584e-05,0.0,-0.49491566727735936
15.54,0.0102337146901639,0.0103561319870435,-9.358157208847807e-10,-0.00012241729687960043,0.0,-0.7930821715008456
15.545,0.0101691925005867,0.0103561319870435,-7.486525767078246e-10,-0.00018693948645680074,0.0,-0.8321432454516691
15.55,0.0101063657071808,0.0103561319870435,-5.989220613662597e-10,-0.0002497662798626992,0.0,-0.47669662089890785
15.555,0.0100451506420349,0.0103561319870435,-4.791376490930078e-10,-0.0003109813450085999,0.0,-0.34149998527133185
15.56,0.0099855397880928,0.0103561319870435,-3.833101192744063e-10,-0.00037059219895070085,0.0,-0.6665126347005783
15.565,0.0099275020980108,0.0103561319870435,-3.0664809541952503e-10,-0.0004286298890326997,0.0,-0.9116105353002641
15.57,0.0098708954329146,0.0103561319870435,-2.4531847633562007e-10,-0.00048523655412890075,0.0,-0.7942768197810786
15.575,0.0098155803558797,0.0103561319870435,-1.9625478106849607e-10,-0.0005405516311638003,0.0,-0.914959813203664
15.58,0.0097615210311109,0.0103561319870435,-1.5700382485479682e-10,-0.0005946109559325993,0.0,-1.609894729839338
15.585,0.0097085911388218,0.0103561319870435,-1.256030598838375e-10,-0.0006475408482216997,0.0,-2.155980816797299
15.59,0.0096565016228685,0.0103561319870435,-1.0048244790707001e-10,-0.0006996303641750006,0.0,-1.8615469118799848
15.595,0.0096049245521073,0.0103561319870435,-8.0385958325656e-11,-0.0007512074349362002,0.0,-1.0552803256991767
15.6,0.0095536812273706,0.0103561319870435,-6.430876666052479e-11,-0.0008024507596729007,0.0,-0.45508140389950014
15.605,0.0095027190488243,0.0103561319870435,-5.144701332841984e-11,-0.0008534129382191998,0.0,-0.2128458121042387
15.61,0.0094520045642915,0.0103561319870435,-4.115761066273588e-11,-0.0009041274227519994,0.0,-0.02153049030064913
15.615,0.0094015195475689,0.0103561319870435,-3.2926088530188697e-11,-0.0009546124394745996,0.0,0.36684360532393
15.62,0.0093512587878191,0.0103561319870435,-2.6340870824150968e-11,-0.0010048731992244007,0.0,0.7685528306008096
15.625,0.0093013045178508,0.0103561319870435,-2.107269665932077e-11,-0.0010548274691926998,0.0,0.7348622453595874
15.63,0.0092518107415587,0.0103561319870435,-1.685815732745662e-11,-0.0011043212454847993,-195.39871673678266,0.41029072150005086
15.635,0.0092028425125006,0.0103561319870435,-1.3486525861965298e-11,-0.0011532894745428998,-1.398881011027757e-10,0.41057392801803205
15.64,0.0091543952877557,0.0103561319870435,-1.0789220689572238e-11,-0.0012017366992877997,586.1961502102104,0.6793399793980877
15.645,0.0091065438222398,0.0101607332703068,-8.631376551657791e-12,-0.001054189448066999,2.797762022055514e-10,0.6895347689028974
15.65,0.0090594230003381,0.0103561319870435,-6.905101241326234e-12,-0.0012967089867054003,-586.1961502100727,0.4767393599025742
15.655,0.0090130877870478,0.0103561319870435,-5.524080993060987e-12,-0.0013430441999957004,-1.398881011027757e-10,0.28998665450032046
15.66,0.0089675834140748,0.0103561319870435,-4.41926479444879e-12,-0.0013885485729687001,195.398716736645,0.07700423571233017
15.665,0.0089229511462845,0.0103561319870435,-3.5354118355590324e-12,-0.0014331808407589998,0.0,-0.10378723350360008
15.67,0.0088791665156203,0.0103561319870435,-2.8283294684472267e-12,-0.0014769654714231993,0.0,-0.0930575561297462
15.675,0.0088362109041856,0.0103561319870435,-2.262663574757781e-12,-0.0015199210828578998,0.0,0.0612743597012142
15.68,0.0087940685177411,0.0103561319870435,-1.810130859806225e-12,-0.0015620634693023997,0.0,0.1159962870178659
15.685,0.008752774003195,0.0103561319870435,-1.44810468784498e-12,-0.0016033579838485006,-195.39871673678266,-0.06761641749731595
15.69,0.0087123506947969,0.0103561319870435,-1.158483750275984e-12,-0.0016437812922466006,-1.398881011027757e-10,-0.2919871795026405
15.695,0.0086727564395997,0.0103561319870435,-9.267870002207874e-13,-0.0016833755474437995,586.1961502102437,-0.3351204612878136
15.7,0.0086339454303702,0.0101607332703068,-7.414296001766299e-13,-0.0015267878399365994,4.186153409596221e-10,-0.10648750509881122
15.705,0.0085958662262202,0.0103561319870435,-5.93143680141304e-13,-0.0017602657608233006,-586.1961502099657,0.3069921218701275
15.71,0.0085585176039997,0.0103561319870435,-4.745149441130431e-13,-0.0017976143830437993,-1.0489623486552525e-12,0.4379201338005956
15.715,0.0085219968755514,0.0103561319870435,-3.796119552904346e-13,-0.001834135111492101,195.3987167366783,-0.0020464194838782923
15.72,0.0084863742078073,0.0103561319870435,-3.0368956423234773e-13,-0.0018697577792361995,0.0,-0.5924472719010287
15.725,0.0084515863077271,0.0103561319870435,-2.4295165138587814e-13,-0.0019045456793164005,0.0,-0.8669735776001555
15.73,0.0084175131953735,0.0103561319870435,-1.943613211087025e-13,-0.00193861879167,-195.39871673678266,-0.9255030606015131
15.735,0.0083840420754754,0.0103561319870435,-1.55489056886962e-13,-0.0019720899115681003,-1.398881011027757e-10,-1.0710365215005808
15.74,0.0083510675931207,0.0103561319870435,-1.2439124550956962e-13,-0.0020050643939227997,586.1961502102437,-1.1790251095844952
15.745,0.0083184386757357,0.0101607332703068,-9.95129964076557e-14,-0.0018422945945711002,-195.3987167362599,-0.8115478913985105
15.75,0.0082859663645274,0.0103561319870435,-7.961039712612457e-14,-0.0020701656225161,-586.1961502099667,-0.14561405952910833
15.755,0.0082535970833984,0.0103561319870435,-6.368831770089964e-14,-0.0021025349036450994,586.196150210244,0.10242739559750569
15.76,0.0082213979617022,0.0101607332703068,-5.0950654160719734e-14,-0.0019393353086045988,195.39871673695808,-0.12533271268377894
15.765,0.008189371684404,0.0103561319870435,-4.0760523328575784e-14,-0.0021667603026395005,-586.1961502100727,-0.3558615876975239
15.77,0.0081574648120407,0.0103561319870435,-3.2608418662860634e-14,-0.0021986671750028,-1.398881011027757e-10,-0.4626369616001116
15.775,0.0081256371460398,0.0103561319870435,-2.6086734930288504e-14,-0.0022304948410037002,-1.376463387714466e-10,-0.3687900381044432
15.78,0.0080938110539552,0.0103561319870435,-2.0869387944230803e-14,-0.0022623209330882993,-1.398881011027757e-10,0.04980715789805161
15.785,0.0080619308313442,0.0103561319870435,-1.6695510355384644e-14,-0.0022942011556993,586.1961502102437,0.4353595746165123
15.79,0.0080300678974076,0.0101607332703068,-1.3356408284307716e-14,-0.0021306653728991997,4.186153409596221e-10,0.5090124737015849
15.795,0.0079983025474751,0.0103561319870435,-1.0685126627446172e-14,-0.0023578294395683996,-586.1961502099657,0.5861779792760008
15.8,0.0079666707019725,0.0103561319870435,-8.548101301956938e-15,-0.0023894612850710005,-195.3987167367837,0.7833797448986988
15.805,0.0079352613069062,0.0103561319870435,-6.838481041565551e-15,-0.0024208706801372992,195.3987167365384,0.8263927724095143
15.81,0.0079042056456292,0.0103561319870435,-5.470784833252442e-15,-0.0024519263414142997,586.1961502102104,0.7594039660996801
15.815,0.0078735904893824,0.0101607332703068,-4.376627866601954e-15,-0.0022871427809243988,2.797762022055514e-10,0.7727860898010641
15.82,0.0078434991211501,0.0103561319870435,-3.501302293281563e-15,-0.0025126328658933994,-586.1961502100727,0.7402862546124593
15.825,0.0078140494988698,0.0103561319870435,-2.8010418346252508e-15,-0.0025420824881737004,-1.398881011027757e-10,0.6031480550000303
15.83,0.007785323914625,0.0103561319870435,-2.240833467700201e-15,-0.0025708080724185,195.39871673667972,0.550498001877811
15.835,0.007757378621623,0.0103561319870435,-1.7926667741601603e-15,-0.0025987533654205,0.0,0.6414726188003033
15.84,0.0077302831741089,0.0103561319870435,-1.4341334193281284e-15,-0.0026258488129346,-195.398716736645,0.7446483832107815
15.845,0.0077041283556439,0.0103561319870435,-1.147306735462503e-15,-0.0026520036313996,1.398881011027757e-10,0.7524213448018418
15.85,0.0076790183722206,0.0103561319870435,-9.178453883700025e-16,-0.0026771136148229,390.79743347342765,1.9314222322986705
15.855,0.0076550433493157,0.0101607332703068,-7.34276310696002e-16,-0.0025056899209910995,-1.398881011027757e-10,14.839420432901164
15.86,0.0076322819303049,0.0103561319870435,-5.874210485568016e-16,-0.0027238500567386,-1.376463387714466e-10,66.09682522939201
15.865,0.0076120550248707,0.0101607332703068,-4.699368388454412e-16,-0.0025486782454361,-1.398881011027757e-10,164.22635191737731
15.87,0.0076049132687947,0.0103561319870435,-3.75949471076353e-16,-0.0027512187182488004,-390.7974334734623,279.0842486361005
15.875,0.0076412602075383,0.0103561319870435,-3.0075957686108243e-16,-0.0027148717795051997,-195.39871673667867,413.2670598914065
15.88,0.0077611387396074,0.0103561319870435,-2.4060766148886595e-16,-0.0025949932474360997,195.39871673681841,560.235506707056
15.885,0.0080217431459546,0.0103561319870435,-1.9248612919109281e-16,-0.0023343888410888997,586.1961502100727,599.69079025625
15.89,0.0085142254026344,0.0101607332703068,-1.5398890335287422e-16,-0.0016465078676723994,-2.797762022055514e-10,504.0176817195088
15.895,0.0093137393468266,0.0103561319870435,-1.231911226822994e-16,-0.0010423926402169,-586.1961502102104,420.74897753133587
15.9,0.0104638640481319,0.0103561319870435,-9.855289814583954e-17,0.00010773206108839924,1.398881011027757e-10,361.60871190031025
15.905,0.0120212664918738,0.0103561319870435,-7.884231851667164e-17,0.0016651345048302995,195.39871673678266,251.80646544563774
15.91,0.0140308036536312,0.0103561319870435,-6.307385481333731e-17,0.003674671666587699,0.0,169.27010617448468
15.915,0.0165059332929965,0.0103561319870435,-5.045908385066986e-17,0.006149801305952999,0.0,151.3548769671106
15.92,0.0194668506845779,0.0103561319870435,0.0455535934876718,0.009110718697534399,0.0,105.19269421037097
15.925,0.0229370098563705,0.0103561319870435,0.062904389346635,0.012580877869327,0.0,-4.80149143532276
15.93,0.0269233600179391,0.0103561319870435,0.0828361401544782,0.0165672280308956,195.39871673654287,-151.91728519945195
15.935,0.0314196888762039,0.0103561319870435,0.1053177844458022,0.021063556889160402,390.79743347332555,-276.84007867603304
15.94,0.0363955301622795,0.0103561319870435,0.1301969908761798,0.026039398175235998,-195.39871673630307,-293.078786374914
15.945,0.0418020530672982,0.0105515307037801,0.1562526118175903,0.0312505223635181,-195.39871673671828,-220.14912063479574
15.95,0.0476065210389231,0.0107469294205168,0.1842979580920312,0.036859591618406295,781.5948669462301,-164.5104979545215
15.955,0.0537910236432785,0.0107469294205168,0.2152193209539763,0.0430440942227617,2.1094592739245854e-10,-171.1141361551472
15.96,0.0603361835272375,0.0113331255707268,0.2450120693350237,0.0490030579565107,-390.7974334728669,-233.13535656454928
15.965,0.0672220901061903,0.0117239230042002,0.2774848086724311,0.055498167101990105,586.1961502100661,-313.0067543845296
15.97,0.074413403491063,0.0121147204376735,0.3114828429977717,0.062298683053389495,-2.751789907051716e-10,-346.8274485864848
15.975,0.0818621170994691,0.0130917140213569,0.3438355064563968,0.06877040307811219,195.39871673627408,-309.7713545184596
15.98,0.0895251741760172,0.0136779101715669,0.3792104611167682,0.0758472640044503,586.1961502099261,-210.86372268629702
15.985,0.0973642771745284,0.0148503024719869,0.4125342343105047,0.0825139747025415,-781.594866946378,-91.0263595308968
15.99,0.1053617242275817,0.0162180934891436,0.4456677892936203,0.08914363073843809,-390.7974334730085,-34.97336053504307
15.995,0.1135177066086819,0.0175858845063003,0.4795923653169161,0.0959318221023816,1367.79101715558,-83.7840039942663
16.0,0.1218320272862256,0.018953675523457,0.5143061581825539,0.10287835176276859,1172.3923004187882,-156.84148758966842
16.005,0.1302874320413946,0.0209076626908237,0.5467912608135355,0.1093797693505709,-195.3987167334942,-133.54790571416265
16.01,0.1388522993479577,0.0232524472916637,0.5778660349769025,0.115599852056294,-586.1961502068323,-28.134164910514357
16.015,0.1475166119850799,0.0259880293259771,0.6074776749004285,0.1215285826591028,-390.79743347737997,27.79177410016007
16.02,0.1562889925070547,0.0289190100770272,0.6366498620039814,0.1273699824300275,195.3987167324533,-28.709551038770144
16.025,0.165177112274818,0.0322407882615505,0.6644445192406684,0.1329363240132675,-390.79743346881173,-112.3029444744036
16.03,0.1741698985376291,0.0355625664460739,0.6927572673303455,0.1386073320915552,-1953.9871673660293,-95.51241691018868
16.035,0.1832402233595826,0.0398613382142807,0.7165696971593495,0.1433788851453019,781.5948669413792,6.722717666327924
16.04,0.1923827144951938,0.0427923189653307,0.7475817794517161,0.1495903955298631,1172.3923004249455,74.82902665452673
16.045,0.2016104328224573,0.0468956920168008,0.7731544783681796,0.1547147408056565,-2735.582034307625,78.32384151864068
16.05,0.2109341630974281,0.0513898625017442,0.7972538540696578,0.1595443005956839,-586.1961502138556,44.53231328586219
16.055,0.2203625696900899,0.0545162419695309,0.8287195002959461,0.16584632772055902,1172.3923004163044,-39.379346513805274
16.06,0.2299025681858374,0.058619615021001,0.8558624353595353,0.1712829531648364,-976.9935836782471,-128.35706213164514
16.065,0.2395411662757796,0.0621367919222611,0.8864339370972121,0.1774043743535185,-586.196150207642,-128.95830269430752
16.07,0.2492485504139214,0.0656539688235212,0.9173541895973696,0.1835945815904002,1758.5884506251818,-91.9515503848954
16.075,0.2590178655173811,0.0687803482913079,0.9505419405086694,0.19023751722607318,2540.183317578837,-97.11324905363941
16.080000000000002,0.268843151478979,0.0719067277590946,0.9840137810042414,0.19693642371988443,-195.39871673339235,-63.55786176253008
16.085,0.2787007158645234,0.0762054995273014,1.011789590512142,0.20249521633722198,-1953.9871673713487,38.53540865842345
16.09,0.2885892581319496,0.0799180751452981,1.0426549008962598,0.2086711829866515,-781.5948669510311,121.75161038935448
16.095,0.2985261594554299,0.0842168469135048,1.0708327802223716,0.2143093125419251,586.1961502143536,186.6034219231245
16.1,0.3085254057815055,0.0877340238147649,1.1032329125862452,0.22079138196674059,-390.79743347219505,215.98524150795117
16.105,0.318615947900504,0.0920327955829716,1.1321835925320405,0.2265831523175324,-586.1961502159091,103.83824687016352
16.11,0.3288381978495557,0.0959407699177051,1.1637484331571004,0.2328974279318506,1758.5884506309683,-71.71834992108768
16.115000000000002,0.3391860664412469,0.0992625481022285,1.1988736552357149,0.23992351833901837,-390.7974334705347,-148.69123389001987
16.12,0.3496314725829848,0.1039521173039085,1.2276486559702242,0.2456793552790763,-2930.9807510549326,-191.18093086999403
16.125,0.3601647967277298,0.1076646929219053,1.261749051431342,0.2525001038058245,390.79743346908447,-276.4297960605641
16.13,0.3707565387478881,0.111377268539902,1.2961422057040508,0.2593792702079861,2540.1833175806896,-311.15092367126675
16.135,0.3813609578290976,0.1143082492909521,1.3345072551643684,0.26705270853814556,-781.5948669446993,-182.92488885696267
16.14,0.3919369665482199,0.1186070210591588,1.365891726166563,0.2733299454890611,-3126.379467789664,-5.432782562381377
16.145,0.4024633988216641,0.1217334005269455,1.4028906191929431,0.28072999829471856,-2735.5820343179935,56.820724159524175
