Bicep,Tricep
0.03018857888932352,0.0021984105713840816
