Bicep,Tricep
0.006334880156331276,0.0038147946703634594
