time,qd,q,tau,position_error,jerk,jerk_d
0.0,0.0005372927469293,-0.0445509074159608,0.2254410008144509,0.0450882001628901,1172.3923004199933,2942.449414435198
0.005,0.0025967262378499,-0.0445509074159608,0.2357381682690538,0.0471476336538107,976.9935836832924,2319.9034006483007
0.01,0.0064543741196525,-0.0443555086992241,0.2540494140943837,0.0508098828188766,-390.79743347349984,-334.7772722639056
0.015,0.0117832467086727,-0.0435739138322774,0.276783502385087,0.0553571605409501,195.39871673661105,-2245.9360867823007
0.02,0.018287787674788,-0.0427923189653307,0.3053940923055351,0.0610801066401187,1367.7910171569108,-2008.6127858080868
0.025,0.0257026433962132,-0.0420107240983841,0.3385547837979474,0.0677133674945973,-1758.5884506300035,-1781.3836607548055
0.03,0.0337915973255535,-0.039665939497544,0.3672619389378087,0.0734575368230975,-781.5948669468182,-1566.1734244277964
0.035,0.0423463035146633,-0.038493547197124,0.4041556542201537,0.0808398507117873,4689.569201680195,-1363.9670445375964
0.04,0.0511844194111942,-0.036734958746494,0.4395298068421189,0.08791937815768819,2735.5820343134014,-1174.625881205322
0.045,0.0601480536395952,-0.0338039779954439,0.4696639351043543,0.0939520316350391,-2930.9807510501896,-998.9440048186877
0.05,0.0691022868871725,-0.0293098075105005,0.4919294360195883,0.098412094397673,-2344.7846008400916,-838.0201990907095
0.055,0.0779332678898036,-0.0252064344590304,0.515526973698893,0.103139702348834,8.117240213323385e-11,-691.5535045512233
0.06,0.0865462557486697,-0.0203214665406137,0.5341151190227957,0.1068677222892834,-390.7974334731914,-558.5592234115464
0.065,0.0948639260661978,-0.0150457011887236,0.5492750292294866,0.1099096272549214,2540.1833175766324,-438.35464438819486
0.07,0.1028247724911346,-0.0097699358368335,0.5626469409795368,0.1125947083279681,-586.1961502102288,-330.50996286796703
0.075,0.1103814689453662,-0.0037125756179967,0.5700812745472201,0.1140940445633629,-9769.9358368334,-235.24543896105024
0.08,0.117499482470179,0.0048849679184167,0.5626233949632964,0.1126145145517623,1367.7910171569324,-152.30073033572899
0.085,0.1241553865644409,0.0082067461029401,0.5792400900920929,0.1159486404615008,11137.72685399017,-79.50619333917075
0.09,0.1303351402468418,0.0138733088883035,0.5817605967216989,0.11646183135853831,-195.39871673679272,-15.512122610449978
0.095,0.1360333781930861,0.0220800549912437,0.5691793973340906,0.11395332320184241,-4103.373051470067,38.948987279427
0.1,0.1412522396277839,0.0283328139268171,0.5639778327865774,0.1129194257009668,-7229.75251925676,83.29105380450574
0.105,0.1459999317086914,0.0377119523301773,0.5407949395398062,0.10828797937851412,-8206.74610294014,117.5785249847138
0.11,0.1502897296002847,0.0441601099824874,0.5299814612687834,0.1061296196177973,4689.569201679928,143.68184331896714
0.115,0.1541383381650613,0.0478726856004842,0.5306442824287323,0.10626565256457711,6252.758935573278,164.66933598447486
0.12,0.1575651886893289,0.0531484509523743,0.521386983591291,0.10441673773695459,5666.562785363659,181.87147535297186
0.125,0.1605922794055148,0.0572518240038443,0.5159942419955751,0.1033404554016705,7229.752519256895,196.03615047561652
0.13,0.163243286230901,0.0615505957720511,0.5077463533460369,0.1016926904588499,-8206.746102940331,206.7005450042102
0.135,0.1655436269054048,0.0715159303256213,0.4694141328023562,0.0940276965797835,-10746.929420516843,211.05650647718835
0.14,0.1675200583754766,0.0765962969607747,0.453888656058269,0.09092376141470189,2735.5820343134246,209.25809997901274
0.145,0.1691990812097355,0.0824582584628748,0.4329693219841196,0.08674082274686071,4689.5692016801495,204.9747303818026
0.15,0.1706065616295329,0.0875386250980282,0.4146011783193851,0.08306793653150468,1563.1897338934905,199.82210655819108
0.155,0.171767900418486,0.0928143904499183,0.3940260754343365,0.0789535099685677,-781.5948669468761,193.25194816300223
0.16,0.1727077707234517,0.0990671493854918,0.3674592562250069,0.0736406213379599,195.39871673659354,185.1639678559277
0.165,0.1734499066382144,0.1041475160206452,0.3457662017780205,0.06930239061756921,4103.373051470344,176.33165926042534
0.17,0.174016937605396,0.1104002749562186,0.3173360412600353,0.0636166626491774,586.1961502099232,167.84505114092053
0.175,0.1744302638367767,0.1166530338917921,0.2881376611982505,0.057777229944984604,-8206.746102940242,158.91858008327534
0.18,0.1747103939346262,0.1256413748616789,0.2445956336054068,0.049069019072947306,-4494.170484943268,147.1927946430912
0.185,0.1748768170653138,0.130917140213569,0.2190469937534371,0.04395967685174479,4689.569201679912,133.26518045172247
0.19,0.1749470582912256,0.1365837029989325,0.191063842959413,0.038363355292293094,3712.5756179966725,120.31594670634843
0.195,0.1749367591184688,0.1424456645010326,0.1617013051877159,0.032491094617436184,3517.176901260295,109.75308504715215
0.2,0.1748601958556459,0.1479168285696593,0.1339616810125373,0.02694336728598662,390.79743347313104,100.99481108802831
0.205,0.174730405942948,0.1549511823721795,0.098140172422103,0.0197792235707685,-8011.3473862035835,92.19471792036478
0.21,0.1745595597129343,0.1631579284751196,0.0562515787458583,0.011401631237814708,-4494.170484943111,81.40615644702402
0.215,0.1743587523498395,0.168824491260483,-0.0007559328925633,0.005534261089356507,5471.164068626749,70.10636280963206
0.22,0.1741373445810111,0.1742956553291098,-0.0007542670922099,-0.00015831074809868895,3712.5756179965847,61.62936657027273
0.225,0.1739032044955903,0.1795714206809999,-0.0007506341322632,-0.005668216185409608,-5666.5627853633305,55.125436386198466
0.23,0.173663656822686,0.1868011732002567,-0.0664284086931672,-0.013137516377570685,-3907.974334733415,47.10364354089343
0.235,0.1734253917467706,0.1909045462517268,-0.0881241528292073,-0.017479154504956185,2930.9807510498076,37.8810989722922
0.24,0.1731936218743452,0.1950079193031969,-0.1097841594488148,-0.021814297428851714,976.9935836833001,30.079902001354125
0.245,0.1729724177469214,0.1989158936379303,-0.130407133921217,-0.0259434758910089,-1172.3923004197072,24.25826297031366
0.25,0.1727651208349609,0.2018468743889803,-0.1460652358877469,-0.0290817535540194,-781.5948669465542,19.68128812560355
0.255,0.172574362398044,0.2045824564232937,-0.1606588075667598,-0.032008094025249706,195.39871673643393,15.156930119140043
0.26,0.1724024119675035,0.2061456461571871,-0.1692913520890663,-0.03374323418968361,1758.5884506299687,10.447169303979862
0.265,0.172250906988264,0.2071226397408704,-0.1748855179458069,-0.03487173275260638,586.1961502100135,7.138658177758842
0.27,0.1721206522020921,0.2080996333245538,-0.1803692963107999,-0.0359789811224617,-390.7974334732594,4.752951842732443
0.275,0.1720124986868854,0.2082950320412904,-0.181835885404434,-0.03628253335440501,390.7974334734672,1.6393703464250535
0.28,0.1719269801969045,0.2082950320412904,-0.1822087382834884,-0.03636805184438591,195.39871673660264,-0.6934667303321334
0.285,0.1718638904457509,0.2077088358910804,-0.1795379130332068,-0.03584494544532951,-390.79743347329145,-0.7446783861558259
0.29,0.1718230353222871,0.2071226397408704,-0.1767566218569879,-0.03529960441858329,586.1961502099108,-0.3253347054160258
0.295,0.1718043887981302,0.2055594500069771,-0.1689798855358271,-0.03375506120884689,976.9935836831303,-1.9771303543691943
0.3,0.1718080728998537,0.2041916589898204,-0.1620689422849558,-0.03238358608996669,-195.39871673643472,-5.365491497641969
0.305,0.1718336684093179,0.2024330705391903,-0.1530959670806524,-0.03059940212987239,195.39871673693222,-7.833192874073774
0.31,0.17188011579925,0.2004790833718236,-0.1430394982129402,-0.028598967572573603,390.797433473153,-8.408109989055376
0.315,0.1719463637878163,0.1981342987709836,-0.1309351476017745,-0.026187934983167294,-781.5948669468384,-8.086303951095857
0.32,0.1720313308276019,0.1961803116036169,-0.1206941254757135,-0.02414898077601499,-195.39871673664754,-7.767505575699829
0.325,0.1721340668236364,0.1930539321358302,-0.104504646325376,-0.02091986531219378,1367.7910171565672,-7.753558951577588
0.33,0.1722536316809583,0.1905137488182535,-0.0911673335064019,-0.018260117137295195,2735.5820343133487,-8.215054121016827
0.335,0.1723890100112025,0.1869965719169934,-0.0728667988343037,-0.014607561905790906,781.5948669469273,-9.593251760584245
0.34,0.1725392648003676,0.18484718603289,-0.0613349381768036,-0.01230792123252239,-2735.5820343132727,-10.729216269886656
0.345,0.1727029782963935,0.1826978001487866,-0.049740215123567,-0.009994821852393088,-781.5948669468909,-9.758962685886601
0.35,0.1728786369340693,0.1799622181144733,0.0002595753801343,-0.007083581180404003,1563.189733893365,-7.675245972507383
0.355,0.1730652424629396,0.1774220347968965,0.0002812705333551,-0.004356792333956888,586.1961502100842,-6.357436670185777
0.36,0.1732619891193774,0.1750772501960565,0.0003009269755957,-0.0018152610766790922,195.3987167364337,-5.7700732813258995
0.365,0.1734681272648683,0.1727324655952165,0.0003166521293882,0.0007356616696518048,195.39871673675418,-5.31844197194426
0.37,0.1736829639196218,0.1707784784278497,0.0003280820925902,0.0029044854917720797,2.842170943040401e-10,-4.869183777742588
0.375,0.1739058626288982,0.168824491260483,0.0003337755836558,0.005081371368415216,-1.4165379980113357e-10,-4.28503044744852
0.38,0.1741362428928305,0.1672613015265897,0.0003302792576843,0.006874941366240811,390.79743347318833,-3.450674296914343
0.385,0.1743735793712516,0.1656981117926963,0.0003205812379152,0.008675467578555307,390.797433473472,-2.9710106877444318
0.39,0.1746175410085561,0.1645257194922763,0.0507661796043389,0.010091821516279798,-586.1961502100135,-2.5714587122748434
0.395,0.1748678268176316,0.1637441246253296,0.0559090248133094,0.011123702192301993,-390.79743347357896,-0.35491065272452715
0.4,0.1751238872561108,0.162962529758383,0.0610737033650389,0.012161357497727815,195.398716736683,2.400877079260688
0.405,0.1753860335093259,0.1623763336081729,0.0652907862026844,0.013009699901152999,-195.3987167363298,2.518723881266375
0.41,0.1756549267248419,0.1621809348914362,0.0675890920408678,0.013473991833405696,1.020907802740112e-10,-0.0012548518314972057
0.415,0.1759306003234138,0.1617901374579629,0.070894873023806,0.014140462865450898,-390.7974334736157,-4.940544601339695
0.42,0.1762131781386307,0.1619855361746996,0.0713060586948803,0.014227641963931087,-781.5948669469094,-9.818529910745692
0.425,0.1765015260050434,0.1619855361746996,0.0727234295305552,0.0145159898303438,195.39871673671848,-9.007440954675776
0.43,0.1767937009528758,0.1619855361746996,0.0741613589931098,0.014808164778176203,390.79743347368566,-3.5942074811855704
0.435,0.177088992024304,0.1621809348914362,0.0746401642256179,0.014908057132867802,-195.39871673650532,0.6269260280689064
0.44,0.1773874877266226,0.1623763336081729,0.0751356734412714,0.015011154118449693,-3.552713678800501e-10,3.6783918628913135
0.445,0.1776894041737144,0.1627671310416463,0.0746729876198952,0.014922273132068092,586.1961502097291,8.341807489564696
0.45,0.1779951653858991,0.162962529758383,0.0752078750658965,0.015032635627516111,1.7763568394002505e-10,11.342992970781996
0.455,0.1783064408451375,0.1637441246253296,0.0728404376826998,0.014562316219807886,-781.5948669464121,8.655384286626592
0.46,0.1786250757381949,0.1643303207755396,0.0714876588015488,0.014294754962655282,-195.39871673667957,4.218106056655021
0.465,0.1789514450315441,0.1651119156424863,0.069197252537587,0.013839529389057775,586.1961502098775,1.859822718373131
0.47,0.1792858741677966,0.1656981117926963,0.0679246944313558,0.013587762375100287,-195.39871673664103,-0.051089912069983257
0.475,0.1796286348389908,0.1666751053763797,0.0647414012799235,0.012953529462611107,-976.9935836832735,-1.7077287796142038
0.48,0.1799794204974226,0.167652098960063,0.0615983584628119,0.012327321537359603,976.9935836831663,-0.6154471079611312
0.485,0.1803379591775656,0.1682382951102731,0.0604493183999619,0.012099664067292487,1367.7910171566032,4.435915401437281
0.49,0.1807040069982933,0.1692152886939564,0.057383687095508,0.011488718304336898,-1953.9871673664036,7.123994154838435
0.495,0.1810788026001605,0.1707784784278497,0.0514306941239727,0.010300324172310776,-1563.1897338933218,-0.10325349311566612
0.5,0.1814640695858101,0.1717554720115331,0.0484620931248483,0.009708597574277,1563.1897338932154,-8.167717264164843
0.505,0.1818582891009303,0.1723416681617431,0.0474930853824026,0.009516620939187204,1.1368683772161603e-13,-6.2110531407809795
0.51,0.1822595050064799,0.1737094591788998,-9.846912696242732e-05,0.008550045827580094,-976.993583683415,-1.9463323160095136
0.515,0.1826682509626109,0.1744910540458465,-0.0001063791375378,0.008177196916764412,781.5948669467673,0.43722502940823915
0.52,0.1830841022071619,0.1750772501960565,-0.0001127071459981,0.008006852011105403,-781.5948669465188,6.045266669829626
0.525,0.1835067418528863,0.1762496424964765,-0.0001166193929343,0.00725709935640978,-1563.1897338934991,8.454091023217803
0.53,0.1839382984128855,0.1766404399299499,-0.0001174488708193,0.007297858482935599,586.1961502098359,2.5053801791585784
0.535,0.1843798070384263,0.1768358386466866,-0.0001146619736314,0.007543968391739708,1172.3923004200622,-3.327114420805792
0.54,0.184830547714674,0.1768358386466866,-0.000106681656721,0.00799470906798741,586.1961502100844,-4.020309460628546
0.545,0.18528995189941,0.1768358386466866,-9.339644420080248e-05,0.00845411325272341,195.39871673668296,-0.7021292081434538
0.55,0.1857575229981065,0.1768358386466866,0.044530254122243,0.008921684351419906,195.39871673657638,6.593789821423172
0.555,0.1862331561263769,0.1768358386466866,0.0469229031307346,0.009397317479690304,390.79743347329486,12.301716410689941
0.56,0.1867185221339749,0.1768358386466866,0.049362470022268,0.009882683487288324,1.7763568394002505e-10,8.233435527849046
0.5650000000000001,0.1872160135091483,0.1770312373634232,0.0508819726374543,0.010184776145725105,1.4210854715202004e-10,-1.891646647464988
0.5700000000000001,0.1877258468386899,0.1772266360801599,0.0524613771598814,0.010499210758529998,390.79743347333255,-8.019639038216646
0.5750000000000001,0.1882467574832521,0.1774220347968965,0.0540935718058987,0.010824722686355592,-586.1961502101728,-8.6631930158984
0.58,0.188777605465604,0.1780082309471066,0.0538193888122876,0.010769374518497382,-781.594866946831,-7.748522368196568
0.585,0.1893173684096501,0.1783990283805799,0.0545639623220318,0.010918340029070217,781.5948669466854,-6.886025599932918
0.59,0.1898651348217013,0.1785944270973166,0.0563244474042759,0.01127070772438471,781.5948669467318,-6.144813569832756
0.595,0.1904200977659741,0.1791806232475266,0.056164898339464,0.011239474518447506,3.5697667044587433e-11,-4.492834700222655
0.6,0.1909815488813819,0.1797668193977366,0.0560373165775194,0.011214729483645325,-390.79743347343697,-0.2730901470117786
0.605,0.1915488007386542,0.1805484142646833,0.0549602159391369,0.011000386473970919,-586.1961502100135,3.9058987574589885
0.61,0.1921223548099456,0.1815254078483666,0.0529364095855047,0.010596946961579007,195.39871673682507,4.928033550157981
0.615,0.1927032042375435,0.1821116039985766,0.0529020886194421,0.010591600238966908,195.39871673675384,5.724029797846871
0.62,0.1932914585061498,0.1832839962989966,0.0499741784181405,0.010007462207153178,-195.3987167366828,5.861177325634511
0.625,0.1938882362961921,0.1840655911659433,0.0490420166801678,0.009822645130248803,-195.39871673678937,0.7917666823686886
0.63,0.1944945839997924,0.1852379834663634,0.046204182453476,0.009256600533429,-195.39871673671865,-6.0196223458675
0.635,0.1951097580919256,0.1862149770500467,0.0443878458418195,0.008894781041878908,195.39871673661207,-8.87258119785627
0.64,0.1957325230575557,0.1871919706337301,-9.30008505318981e-05,0.008540552423825593,-390.79743347340144,-8.684084374159788
0.645,0.1963617500023982,0.1883643629341501,-9.970419672939758e-05,0.007997387068248096,-976.9935836832019,-7.981995121681955
0.65,0.1969964030982419,0.1893413565178334,-0.0001062170335193,0.007655046580408498,-586.1961502099425,-5.807766055383464
0.655,0.1976355279432357,0.1901229513847801,-0.0001114273029513,0.00751257655845558,-3.5356606531422585e-11,0.25903111112057786
0.66,0.1982782421267293,0.1907091475349901,-0.0001132951988329,0.007569094591739184,586.1961502100135,4.436517052432972
0.665,0.1989252841483827,0.1909045462517268,-0.0001113390360422,0.008020737896655916,195.39871673664743,-1.7014964392458864
0.67,0.199578299174129,0.1912953436852001,-0.0001051734664817,0.008282955488928906,195.39871673668296,-7.6221861806047215
0.675,0.2002354551348917,0.1912953436852001,0.0446037667171204,0.00894011144969159,781.5948669466964,-0.3957093810669221
0.68,0.2008948727440018,0.1912953436852001,0.0479144620697786,0.009599529058801709,195.39871673664743,7.301566398538732
0.685,0.201558418716582,0.1914907424019368,0.0502695346741779,0.010067676314645196,3.552713678800501e-11,1.2239734137864389
0.6900000000000001,0.2022275671269666,0.1914907424019368,0.0536278959460788,0.010736824725029792,586.1961502100488,-8.961431259493393
0.6950000000000001,0.2029014764598522,0.1916861411186735,0.0560305444028053,0.011215335341178717,586.1961502098799,-6.858655144092824
0.7000000000000001,0.2035776062964372,0.1918815398354102,0.0584411261430007,0.011696066461027,-195.3987167367918,4.065595546976281
0.705,0.2042556669334428,0.1924677359856202,0.0589036891700776,0.0117879309478226,-781.5948669465715,5.3112931406928645
0.71,0.2049381315972695,0.1930539321358302,0.0593853238929761,0.011884199461439315,195.39871673674128,-4.039964282753768
0.715,0.2056250557329008,0.1936401282860402,0.0598880473841027,0.01198492744686061,586.1961502099069,-8.352861018394712
0.72,0.2063144543226042,0.1942263244362502,0.0603998759532901,0.012088129886353993,-390.79743347333067,-5.564389628425199
0.725,0.2070056028939434,0.1953987167366702,0.0579880100855979,0.011606886157273205,7.071321306284517e-11,-3.0440717772961507
0.73,0.2076982216114229,0.1959849128868802,0.0585133048244511,0.01171330872454271,-195.3987167366828,-1.9260550904931493
0.735,0.2083917440269422,0.1973527039040369,0.0551342070186043,0.011039040122905297,-781.5948669465893,-3.3571512937058374
0.74,0.2090863893919483,0.1983296974877202,0.0537151119272588,0.010756691904228094,0.0,-8.210440784424115
0.745,0.2097815530768067,0.1993066910714036,0.0522977789151026,0.010474862005403096,-1.4244960766518489e-10,-12.331822935891513
0.75,0.2104756005128867,0.2004790833718236,0.0498983576191448,0.009996517141063088,195.39871673671865,-13.138001337438244
0.755,0.2111668196027525,0.2012606782387703,0.0494380208346709,0.009906141363982185,1172.3923004201336,-10.085572599614059
0.76,0.2118535231513022,0.2024330705391903,0.0470016605962311,0.009420452612111913,781.5948669465538,-1.5661111271823422
0.765,0.2125344056034421,0.2034100641228737,0.045513621595412,0.009124341480568399,-1367.7910171568165,7.37936818271851
0.77,0.2132100717345952,0.2053640512902404,-0.000115222641744,0.007846020444354784,-1953.987167366545,6.392145236588746
0.775,0.2138827449677484,0.2065364435906604,-0.000122082269027,0.007346301377087999,-781.5948669466254,-2.799914369333754
0.78,0.2145526256309484,0.2079042346078171,-0.0001287201306855,0.006648391023131306,-1.4244960766518489e-10,-8.644616664774667
0.785,0.2152182298409079,0.2086858294747638,-0.0001328802601802,0.006532400366144109,586.1961502100846,-8.156626899591394
0.79,0.2158783849259925,0.2092720256249738,-0.000133908044112,0.006606359301018716,195.3987167367187,-3.866043664473292
0.795,0.2165322156062559,0.2098582217751838,-0.0001312797917615,0.006673993831072117,-195.39871673678954,5.241057389575584
0.8,0.2171791929928279,0.2100536204919205,-0.0001245765505531,0.007125572500907396,195.398716736825,14.525617374836473
0.805,0.2178208362201279,0.2102490192086571,-0.0001134631584264,0.007571817011470805,781.5948669467318,13.4643957592928
0.81,0.2184602908888441,0.2100536204919205,-9.997180539712196e-05,0.00840667039692361,976.993583683024,3.883624738207911
0.8150000000000001,0.2190986172998987,0.2100536204919205,0.0451392557964135,0.009044996807978212,390.79743347329486,-2.085360293264669
0.8200000000000001,0.2197351430098005,0.2100536204919205,0.0483367296749539,0.009681522517879987,3.907985046680551e-10,0.7547409887465042
0.8250000000000001,0.2203694424703066,0.2102490192086571,0.0505454099766905,0.010120423261649497,1.1090151019743644e-10,10.104089941229857
0.8300000000000001,0.2210016639954038,0.2104444179253938,0.0527397151249724,0.01055724607000999,-195.39871673707373,17.75646482684583
0.835,0.2216340664723402,0.2108352153588672,0.0539558932274711,0.010798851113473007,-8.407141649513505e-11,16.1958057533696
0.84,0.2222699579355952,0.2112260127923405,0.0551855853648626,0.011043945143254713,390.7974334736436,13.130823599567687
0.845,0.2229102457708265,0.2116168102258138,0.0564341146447744,0.011293435545012692,-390.7974334733659,15.13500406669975
0.85,0.2235562206361281,0.2123984050927605,0.0557545761337827,0.011157815543367589,-781.5948669467318,9.854220512437443
0.855,0.224211111189365,0.2129846012429705,0.0560945970270405,0.011226509946394486,1.421085471520199e-10,-7.843198487265106
0.86,0.2248755871010692,0.2135707973931805,0.0564820847771775,0.011304789707888702,195.3987167364698,-21.262135423008015
0.865,0.2255465169484681,0.2141569935433906,0.0569003240975914,0.011389523405077512,390.7974334730817,-19.24434717242461
0.87,0.2262202141319312,0.2147431896936006,0.0573323357716002,0.011477024438330596,586.1961502101911,-10.985052594882907
0.875,0.2268952009127129,0.2153293858438106,0.0577707439708211,0.011565815068902308,390.7974334736501,-4.9561909465722875
0.88,0.2275708573815417,0.2163063794274939,0.0562584722738071,0.011264477954047808,195.3987167366472,4.776031858426495
0.885,0.2282461780295044,0.2170879742944406,0.0557203319610292,0.011158203735063793,-976.9935836836632,17.890047710942074
0.89,0.2289225606589541,0.218651164028334,0.0512797309046931,0.0102713966306201,-781.5948669466962,19.67721080035306
0.895,0.2296042243307011,0.2196281576120173,0.0497955285980532,0.009976066718683813,390.79743347357874,8.43506159892388
0.9,0.2302932140118794,0.2208005499124373,0.0473713231444455,0.009492664099442105,-586.1961502100135,-0.8971203860497212
0.905,0.2309890170271033,0.222168340929594,0.0440033289291989,0.008820676097509306,-586.1961502101198,-2.5938027219751767
0.91,0.2316912525019165,0.2231453345132774,-0.0001076450826459,0.008545917988639101,390.79743347343725,-1.6868306489925544
0.915,0.232399658998325,0.2241223280969607,-0.0001148700619166,0.008277330901364288,-195.39871673661185,-0.8773438102238629
0.92,0.2331140823263434,0.2250993216806441,-0.0001206500453331,0.00801476064569931,-781.5948669468387,-0.16512202613228055
0.925,0.2338344634137172,0.2258809165475908,-0.0001252740320663,0.007953546866126399,-195.39871673664743,0.44979631972807965
0.93,0.2345608261413499,0.2264671126978008,-0.0001278230616209,0.008093713443549116,781.5948669466986,0.7650746850988099
0.935,0.2352932651512537,0.2266625114145375,-0.0001275619656006,0.008630753736716207,586.1961502098311,0.6134915953383704
0.94,0.2360319337432557,0.2270533088480108,0.0447703720267683,0.008978624895244897,6.88373802404385e-11,0.8742424508408639
0.945,0.2367768292856197,0.2272487075647475,0.0475274545669803,0.009528121720872196,390.7974334735769,2.2866969933941625
0.95,0.2375280186236562,0.2274441062814841,0.0503175368826355,0.010083912342172097,781.5948669466962,5.6873122588285625
0.955,0.238286030059266,0.2276395049982208,0.0531441044836539,0.010646525061045187,195.39871673643427,14.693804339493777
0.96,0.2390513674795447,0.2280303024316942,0.055027607623003,0.011021065047850498,-586.1961502101199,26.02999402611752
0.965,0.2398265547844514,0.2286164985819042,0.0559812059607449,0.011210056202547197,-195.39871673654085,25.228357797466728
0.97,0.2406166741152608,0.2290072960153775,0.0579835793389993,0.0116093780998833,195.398716736754,8.898186998607287
0.975,0.241424433455202,0.2295934921655875,0.0590948562410827,0.01183094128961451,195.398716736754,-8.229710941201056
0.98,0.2422491668886019,0.2301796883157975,0.0602880111001104,0.01206947857280441,195.39871673671848,-14.247241614526715
0.985,0.2430885642585165,0.2307658844660075,0.0615520916334313,0.012322679792509006,-586.196150210191,-10.759820339139019
0.99,0.2439406160886268,0.2317428780496909,0.0609246922535732,0.012197738038935896,-390.7974334734725,-6.142865565230693
0.995,0.2448046999527803,0.2323290741999009,0.0623096780140319,0.012475625752879416,390.79743347339934,-7.113298478067158
1.0,0.2456802618949964,0.2331106690668476,0.0627748009831399,0.01256959282814879,390.79743347345953,-14.548374645002838
1.005,0.2465666976724282,0.2338922639337942,0.0632940854499427,0.012674433738634,1.709850039333105e-10,-19.928871163195403
1.01,0.2474609910092326,0.2346738588007409,0.0638513414110686,0.012787132208491703,195.39871673671854,-13.573485730162858
1.015,0.2483600090428152,0.2358462511011609,0.0624783308065194,0.012513757941654297,1172.3923004197782,3.7998760449652274
1.02,0.2492628745601722,0.236432447251371,0.064055616066133,0.012830427308801212,-586.1961502102265,21.717043892337827
1.025,0.2501710605782111,0.2383864344187377,0.0588194607389328,0.0117846261594734,-1563.1897338933568,24.334916022077213
1.03,0.2510897124238602,0.2395588267191577,0.0575438886407973,0.011530885704702482,390.7974334733658,10.20367580068175
1.035,0.2520215693225083,0.2409266177363144,0.0553564218691655,0.01109495158619389,195.3987167368249,-2.8936778292278618
1.04,0.2529658395163186,0.2424898074702077,0.0522544370656471,0.010476032046110917,1.0646772352629341e-10,-5.889741335600682
1.045,0.2539217389515074,0.2438575984873644,0.0501867691536612,0.010064140464142973,976.993583683237,-0.43984559923146094
1.05,0.2548883621597183,0.2454207882212578,0.0471962183636995,0.009467573938460483,-390.7974334733305,12.505771109729828
1.055,0.2558656797238728,0.2471793766718878,-0.0001501261775059,0.008686303051985006,-2735.5820343133128,21.417212605605528
1.06,0.2568568405084599,0.2493287625559912,-0.0001580562164606,0.007528077952468709,-1758.588450630075,11.973048142692626
1.065,0.2578658974107143,0.2505011548564112,-0.0001632500877923,0.007364742554303083,781.5948669466251,-7.647406067228168
1.07,0.2588926917751492,0.2514781484400946,-0.0001662550250256,0.007414543335054591,976.993583683379,-17.42591212991548
1.075,0.2599343650601746,0.2520643445903046,-0.0001652084953163,0.00787002046987001,195.39871673678965,-12.167855078715448
1.08,0.2609882685537188,0.2526505407405146,-0.0001574703125569,0.008337727813204243,195.39871673664754,-2.8117445271293633
1.085,0.2620536567601237,0.2528459394572513,0.0458930575471727,0.009207717302872398,586.1961502098002,-3.6585579199763956
1.09,0.2631314029890901,0.253041338173988,0.0503189488239432,0.010090064815102107,781.5948669466608,-18.741609719938623
1.095,0.2642209607660346,0.253041338173988,0.0557826613204909,0.011179622592046579,390.7974334735791,-35.01971008716936
1.1,0.2653184365233431,0.2532367368907246,0.060308085732475,0.012081699632618459,390.7974334733659,-32.25589655031089
1.105,0.2664175354681872,0.2534321356074613,0.0648409185599754,0.012985399860725888,781.594866946412,-7.46478724135358
1.11,0.2675143494463906,0.253627534324198,0.0693594602168797,0.013886815122192586,-195.3987167366829,14.198957702618259
1.115,0.2686111249700313,0.2544091291911446,0.0709433856201747,0.0142019957788867,-781.5948669463764,12.969339936361662
1.12,0.2697116769709912,0.2549953253413546,0.0735192822501201,0.014716351629636581,7.992184691829607e-11,1.6405789601493872
1.125,0.2708159282292695,0.2557769202083013,0.0751335577880708,0.015039008020968192,781.5948669463946,-2.470448201599549
1.13,0.2719233884370813,0.256558515075248,0.0767602288779346,0.015364873361833287,586.1961502099332,3.1444303683863826
1.135,0.2730335858248619,0.2575355086589314,0.0774218230871871,0.015498077165930546,-781.594866946483,13.075503368007652
1.14,0.2741470133964594,0.2590986983928247,0.0751671721070573,0.015048315003634738,-976.9935836833436,13.074780058879503
1.145,0.275267242187177,0.2602710906932448,0.0748982319441282,0.014996151493932242,-390.79743347347244,-1.7325375882745782
1.15,0.2763956273524934,0.2618342804271381,0.0727154106900463,0.014561346925355323,-7.100086889414945e-11,-15.966466231666992
1.155,0.2775299720962736,0.2630066727275582,0.0725158338582251,0.014523299368715437,390.79743347343697,-19.75150257223386
1.16,0.2786674977675951,0.2643744637447148,0.0713547355704879,0.014293034022880291,195.39871673678948,-17.75386866764746
1.165,0.27980580908592,0.2657422547618715,0.0701972195098157,0.014063554324048488,195.39871673654082,-14.573650958205329
1.17,0.2809428731391922,0.2671100457790282,0.0690331903175191,0.013832827360164002,586.1961502099064,-8.597337263900155
1.175,0.2820769992874486,0.2686732355129216,0.0668772565713705,0.013403763774527011,-195.3987167366121,0.542802187695063
1.18,0.2832071798163265,0.2702364252468149,0.0647025677320899,0.012970754569511578,-781.5948669466958,2.3909702434467217
1.185,0.2843349453635955,0.2723858111309183,0.059585601636724,0.011949134232677183,781.5948669466968,-4.856205288525755
1.19,0.2854609606011857,0.2735582034313383,0.0593454746337876,0.0119027571698474,-195.3987167364697,0.03564727865774309
1.195,0.2865820382846041,0.276098386748915,0.0522410527923021,0.010483651535689087,-1563.1897338931794,17.94706756793831
1.2,0.2876993592884813,0.277856975199545,0.0490264504621507,0.009842384088936285,1563.1897338932145,23.934774271161277
1.205,0.2888183136977531,0.2796155636501751,0.0458205180184177,0.009202750047578034,1563.189733893002,22.315252605551485
1.21,0.2899403229457812,0.2815695508175418,-0.0002017423286894,0.00837077212823939,-3321.7781845233603,26.947614798267416
1.215,0.2910677063773137,0.2845005315685919,-0.0002097005758953,0.006567174808721821,-3517.1769012597965,22.722254775828777
1.22,0.292206166825691,0.2862591200192219,-0.000213766853996,0.005947046806469125,586.1961502099775,5.986934901010031
1.225,0.2933571639380841,0.2874315123196419,-0.0002158697166446,0.005925651618442163,1563.1897338932504,-7.171942448635882
1.23,0.2945196131829865,0.2884085059033253,-0.0002118012076035,0.006111107279661188,781.5948669466604,-10.546967837044036
1.235,0.2956926733149653,0.2889947020535353,-0.0002027956012106,0.0066979712614300135,195.39871673668267,2.007434842070481
1.24,0.296873490075219,0.2895808982037453,-0.0001886901571043,0.0072925918714737414,-390.7974334732594,23.314781343266503
1.245,0.2980636875401203,0.2899716956372186,-0.0001705048428274,0.008091991902901718,586.1961502100351,27.854294015875894
1.25,0.2992698049372307,0.2899716956372186,0.0463426410274784,0.009298109300012125,1172.3923004199817,18.60998602460033
1.255,0.3004935213948923,0.2899716956372186,0.0524839034513109,0.010521825757673742,390.7974334735384,11.119493283010357
1.26,0.3017364120630374,0.2901670943539552,0.0577429577962687,0.011569317709082205,390.7974334735079,1.9332833335281094
1.265,0.303000784865306,0.2901670943539552,0.0640832476377761,0.012833690511350804,195.3987167363632,-4.232209690791308
1.27,0.3042844309459221,0.2905578917874287,0.0685622315376213,0.013726539158493423,-195.39871673693153,-2.953504945608927
1.275,0.3055874112346949,0.290948689220902,0.0731337881855919,0.014638722013792904,1.7763568394002505e-10,-1.911904372064626
1.28,0.3069096293761941,0.2913394866543753,0.0777971053032359,0.01557014272181878,-195.39871673646985,-3.651739478911196
1.285,0.3082504469981134,0.292121081521322,0.0805958896204467,0.01612936547679139,195.39871673675378,-9.254923699195473
1.29,0.3096100954494812,0.2925118789547953,0.0854399808241331,0.017098216494685903,-2.1324808585632127e-10,-19.126138732943218
1.295,0.3109862404160825,0.2934888725384787,0.08743330631043,0.01749736787760381,195.39871673643427,-28.573279702968243
1.3,0.3123765742420843,0.2942704674054254,0.0904727556434077,0.01810610683665892,1367.7910171568162,-23.16588860477246
1.305,0.3137756653498694,0.2950520622723721,0.0935533899982649,0.01872360307749732,-390.79743347325916,0.05314161459333633
1.31,0.3151804924743004,0.2968106507230021,0.0917756554083065,0.0183698417512983,-781.594866946625,14.017770897751788
1.315,0.3165955559108692,0.2981784417401588,0.0920002744988682,0.018417114170710402,781.5948669468737,12.789900006495756
1.32,0.3180219032877441,0.2997416314740521,0.0913043679889127,0.018280271813692017,-976.9935836834504,12.846382282738176
1.325,0.3194599298699797,0.3020864160748922,0.0867577716365039,0.017373513795087503,-195.39871673700213,6.535058509449222
1.33,0.3209135965824219,0.3038450045255222,0.0852206176183918,0.0170685920568997,976.993583683379,-6.279352906446306
1.335,0.3223816336094836,0.3057989916928889,0.082778530335464,0.016582641916594698,-2344.7846008396627,-14.02136910858355
1.34,0.3238621074168433,0.3089253711606756,0.0745345321288794,0.014936736256167704,-1758.588450630146,-25.79954518129316
1.345,0.3253543877764746,0.3102931621778323,0.0751442527578602,0.015061225598642258,1758.5884506297202,-42.01038624636056
1.35,0.3268534144218996,0.3126379467786724,0.0709018316345755,0.014215467643227175,2540.1833175770917,-45.06400673989198
1.355,0.3283523928257713,0.3138103390790923,0.0725227069150344,0.014542053746678996,-976.9935836831658,-32.90302575656765
1.36,0.3298455072113445,0.3167413198301425,0.065321430578546,0.013104187381202004,-3321.778184523788,-23.249440960242673
1.365,0.3313305847506337,0.3188907057142458,0.0619891830873607,0.01243987903638788,976.9935836833079,-25.875138855510976
1.37,0.3328054827594214,0.3202584967314025,0.0625150032719918,0.012546986028018903,2735.5820343137157,-30.19778340373732
1.375,0.3342657141101017,0.3222124838987691,0.0600373022099085,0.012053230211332588,976.993583683269,-27.452020180547137
1.38,0.3357074659272748,0.3241664710661359,0.0574689878760198,0.011540994861138909,-976.9935836835513,-20.992701983500822
1.385,0.3371275831207715,0.326511255666976,0.0528387906131342,0.010616327453795538,-3321.778184523432,-15.880702819686036
1.39,0.3385240046947242,0.329442236418026,0.0451593563868803,0.00908176827669821,-1.7649591714874936e-13,-13.825212697895495
1.395,0.3398951990806597,0.3308100274351827,0.0451710625581607,0.009085171645477008,2930.980751050067,-11.648397857015794
1.4,0.3412392183589499,0.3327640146025494,-0.0002601943671471,0.008475203756400485,-2.8412884634545916e-10,-3.55144488651176
1.405,0.3425547367770682,0.3351087992033895,-0.0002645133254854,0.007445937573678729,-1563.1897338931797,13.837861456167175
1.41,0.3438414585220948,0.3370627863707561,-0.0002679684921561,0.006778672151338705,-1758.5884506294005,30.826868234328302
1.415,0.3451026447651107,0.3394075709715961,-0.0002684323058286,0.005695073793514638,-1172.3923004202388,29.026121867730467
1.42,0.3463445630456152,0.3407753619887529,-0.0002653528772706,0.005569201056862261,390.79743347286876,11.719364077578533
1.425,0.3475697499130215,0.3419477542891729,-0.0002536880557683,0.005621995623848575,390.79743347336534,0.11238433941640835
1.43,0.3487775580513787,0.3427293491561196,-0.0002397555592384,0.006048208895259144,781.5948669467316,0.3136740642157747
1.435,0.349967771584878,0.3431201465895929,-0.0002228587628546,0.006847624995285129,1172.3923004200976,6.78430311580788
1.44,0.3511405559237248,0.3433155453063296,-0.0002012902069236,0.007825010617395212,1.4210854715202004e-10,18.20502724420694
1.445,0.3522970234547446,0.3437063427398029,-0.0001782845630188,0.008590680714941734,-195.3987167366474,30.631075914797847
1.45,0.3534403409657693,0.3437063427398029,0.0485147117212649,0.009733998225966434,781.5948669466608,33.27449539447977
1.455,0.3545757105498655,0.3437063427398029,0.0542157145644674,0.010869367810062591,781.5948669467318,22.04554984579867
1.46,0.355707544253427,0.3437063427398029,0.0598976574999481,0.012001201513624105,-2.1316282072803006e-10,7.743401097997346
1.465,0.356837107365635,0.3439017414565396,0.064588999331107,0.012935365909095387,-390.797433473579,1.3598420030550482
1.47,0.3579642113365437,0.3440971401732763,0.0692639414850093,0.013867071163267408,3.552429461706197e-10,1.7642004366531934
1.475,0.3590889573031514,0.3442925388900129,0.0739226602809661,0.014796418413138501,1172.3923004202397,7.5795490315753895
1.48,0.3602117020571225,0.3444879376067496,0.0785678263445876,0.01572376445037288,781.5948669464476,21.15852466992857
1.485,0.3613330245628511,0.344878735040223,0.0822249000881586,0.01645428952262812,-1563.1897338933923,27.565409414691413
1.49,0.3624575959641949,0.3460511273406429,0.0819859038191187,0.016406468623551995,-1172.3923004200976,9.87689703023871
1.495,0.3635904676694041,0.3464419247741163,0.0856940614392062,0.017148542895287833,781.5948669466693,-12.827285342495603
1.5,0.3647294584671756,0.347223519641063,0.0874769697827925,0.017505938826112566,976.9935836835707,-15.583646242589545
1.505,0.3658711635198406,0.3478097157912729,0.0902501070868064,0.018061447728567714,1563.1897338930282,-0.3836641660375495
1.51,0.3670144622807221,0.3487867093749564,0.0910746567266907,0.01822775290576567,781.5948669465891,25.143052678302457
1.515,0.3681595284679181,0.3499591016753763,0.0909301448440227,0.018200426792541802,-2735.5820343128503,44.9746702620499
1.52,0.3693122237406684,0.3523038862762164,0.0849587925110071,0.017008337464452017,-2149.3858841035476,39.20177246563147
1.525,0.3704807055663149,0.3536716772933732,0.0839512216797386,0.01680902827294173,1758.5884506297555,18.771149932277773
1.53,0.3716677175172765,0.3550394683105298,0.0830350559702937,0.016628249206746715,781.5948669470156,5.078131745648136
1.535,0.3728738965874966,0.3567980567611598,0.080260892445804,0.016075839826336813,-1563.1897338933206,-1.8794384562431787
1.54,0.3740997147604787,0.3587520439285265,0.0766080538562651,0.01534767083195221,781.5948669464483,-4.126377614568312
1.545,0.3753441796632088,0.3601198349456833,0.0759795280703753,0.01522434471752554,2344.784600840124,5.272823810998133
1.55,0.3766063360318188,0.3618784233963132,0.0734867013294383,0.014727912635505602,-586.1961502099423,23.359378178682334
1.555,0.377887428415837,0.36441860671389,0.0671792631174798,0.01346882170194702,-2344.7846008402657,29.301569242150336
1.56,0.3791928541551078,0.36676339131473,0.0619705816546369,0.01242946284037777,-1172.3923004203114,10.698563378355203
1.565,0.3805270022235598,0.3691081759155701,0.0569055889490351,0.011418826307989682,195.3987167367892,-15.246652867162638
1.57,0.3818885706995877,0.3710621630829367,0.053931747137748,0.01082640761665099,195.39871673714447,-28.490932626752482
1.575,0.3832735996497556,0.3730161502503034,0.0510764072082478,0.010257449399452223,-390.79743347315275,-30.469660394060917
1.58,0.3846782390123915,0.3749701374176701,0.0483212291097885,0.009708101594721408,390.79743347301127,-31.90903842423159
1.585,0.3860987297617977,0.3763379284348269,0.0485779765111918,0.009760801326970825,586.1961502098001,-40.43284393787874
1.59,0.3875313894331251,0.3780965168854569,0.0469417814469712,0.009434872547668172,195.39871673686022,-53.32418477081569
1.595,0.3889704835212618,0.3794643079026136,0.0472930558677055,0.009506175618648194,586.196150209942,-56.46136297499966
1.6,0.3904075891178506,0.381027497636507,0.0466584424338499,0.009380091481343611,390.7974334732949,-43.39687149261758
1.605,0.3918355367433771,0.3825906873704003,0.0459788776941498,0.009244849372976816,390.7974334736502,-24.601232062053683
1.61,0.393250376703593,0.3843492758210303,0.0442563017239542,0.008901100882562685,-7.059952622512355e-11,-11.888395868169425
1.615,0.394650492556651,0.3861078642716604,-0.000252269503359,0.008542628284990639,-1563.189733893605,-7.003636404689971
1.62,0.3960351509582902,0.3884526488725004,-0.0002547229549589,0.007582502085789811,-1367.7910171566873,-5.658719022606789
1.625,0.3974034625652153,0.3900158386063938,-0.0002566857162389,0.0073876239588214765,195.3987167367311,-3.3294942195283994
1.63,0.3987549082455376,0.3917744270570238,-0.0002559556055989,0.0069804811885137985,390.7974334734671,4.7102433305938405
1.635,0.4000887880500475,0.3929468193574438,-0.0002542213572548,0.007141968692603695,-1172.3923004201688,13.414991708415968
1.64,0.4014063190711156,0.3945100090913372,-0.0002447828397557,0.006896309979778414,-1367.791017156887,5.714718694847058
1.645,0.402711179254478,0.3952916039582839,-0.0002314812265964,0.007419575296194136,1172.3923004203111,-17.67796494483796
1.65,0.4040027984267327,0.3954870026750205,-0.0002162392967409,0.008515795751712185,2149.3858841036185,-33.763615791926526
1.655,0.4052763508972018,0.3956824013917572,0.0477726027333584,0.009593949505444621,976.993583683166,-30.136675955531828
1.66,0.406526668347444,0.3958778001084939,0.0530682228023469,0.010648868238950115,0.0,-16.670521372006007
1.665,0.407750539362427,0.3962685975419672,0.0572561626302239,0.011481941820459807,-390.79743347315264,-11.127953502380848
1.67,0.408947792157294,0.3966593949754405,0.0613099474529515,0.012288397181853483,-2.842455160134705e-10,-17.57279564330409
1.675,0.4101170741287815,0.397050192408914,0.065220726715461,0.013066881719867529,390.7974334729396,-24.52273972487302
1.68,0.4112550419027803,0.3974409898423873,0.0689712636760399,0.01381405206039299,195.39871673678957,-26.04682200853823
1.685,0.412358382400622,0.3980271859925973,0.0715664333008954,0.014331196408024716,-195.39871673615002,-25.648562300943524
1.69,0.4134238948441779,0.3986133821428072,0.0739694229171512,0.014810512701370682,586.1961502101553,-25.46056353878612
1.695,0.4144484173559399,0.3993949770097539,0.0751880375010157,0.015053440346185998,976.9935836828816,-24.718721500889586
1.7,0.4154287024191861,0.399981173159964,0.0771582126745314,0.015447529259222104,-1953.9871673668295,-23.166613782379414
1.705,0.4163617184311966,0.401739761610594,0.0730278346484377,0.014621956820602633,-2149.3858841031215,-21.677205404699805
1.71,0.4172447459063039,0.4025213564775407,0.07353068470318,0.014723389428763167,2344.784600840053,-20.42271456488686
1.715,0.4180751190126096,0.4031075526277507,0.0747469689349775,0.014967566384858855,2344.784600839911,-18.810887863054518
1.72,0.4188503481001266,0.404084546211434,0.0737321656955379,0.014765801888692587,-2149.385884103335,-16.133912537697142
1.725,0.419568196385614,0.4058431346620641,0.0685213799432735,0.01372506172354987,-2540.183317576274,-11.086852543513544
1.73,0.4202266981127912,0.407015526962484,0.0659439588161551,0.013211171150307177,1172.3923004200974,-4.216739552518305
1.735,0.4208248166376722,0.4077971218294308,0.0650190523372708,0.013027694808241397,2149.385884102624,0.9560072960113644
1.74,0.421362709091754,0.4087741154131142,0.0628163767145859,0.012588593678639792,390.79743347322403,3.367299510159569
1.745,0.4218407630292315,0.4101419064302709,0.0583596550167852,0.011698856598960639,-195.3987167359902,5.920320241580697
1.75,0.4222593370443112,0.4115096974474275,0.0536059908070437,0.010749639596883687,195.39871673650066,9.790791308290665
1.755,0.4226194028598022,0.4132682858980576,0.046606164112032,0.009351116961744621,-976.9935836837528,13.922845891732635
1.76,0.4229225022907043,0.4150268743486876,-0.0001574918318089,0.007895627942016703,-2149.38588410305,18.601446796608883
1.765,0.4231705269206926,0.4173716589495276,-0.0001662490595669,0.005798867971165023,-586.1961502097993,23.870791817373032
1.77,0.4233661276768251,0.4183486525332109,-0.0001732548417733,0.00501747514361417,-586.1961502101556,28.645101622828292
1.775,0.4235127366586992,0.4203026397005777,-0.0001777093077065,0.003210096958121522,-976.9935836833793,33.368744423327655
1.78,0.4236140839944909,0.4208888358507877,-0.000178972560789,0.0027252481437032294,976.9935836833084,38.140245951225864
1.785,0.423674677175445,0.4214750320009977,-0.000176532683759,0.0021996451744473178,1367.7910171565318,41.03057368318723
1.79,0.423699739988125,0.4216704307177344,-0.0001711303026391,0.002029309270390578,781.5948669466607,41.84790393978223
1.795,0.4236944887168811,0.421865829434471,-0.0001610575985831,0.0018286592824101056,195.39871673664737,42.40106248737155
1.8,0.4236641262314107,0.4220612281512078,-0.0001483987960104,0.0016028980802029191,-586.196150209729,43.186656196567625
1.805,0.4236140191869473,0.4222566268679443,-0.0001313707949602,0.0013573923190030035,-195.3987167362211,43.64142448160626
1.81,0.4235496437868353,0.4222566268679443,-0.0001131477547921,0.001293016918890999,976.9935836828106,43.351851170285634
1.815,0.4234764552418401,0.4220612281512078,-9.626900299372945e-05,0.0014152270906322983,781.5948669460213,41.58187605213462
1.82,0.4233999340788805,0.4220612281512078,-8.046568189096705e-05,0.001338705927672712,-586.196150209516,38.56597832012192
1.825,0.4233251487327299,0.4222566268679443,-6.667286517676266e-05,0.001068521864785621,-781.5948669460212,35.720303547606086
1.83,0.4232565789835983,0.4222566268679443,-5.448845197340462e-05,0.0009999521156540125,195.3987167365053,31.975682898490685
1.835,0.4231986656379368,0.4222566268679443,-4.35907615787237e-05,0.0009420387699924926,586.196150209516,25.31498933429073
1.84,0.4231552988045363,0.4220612281512078,-3.487260926297897e-05,0.001094070653328505,-195.3987167365053,18.580205114133676
1.845,0.4231289816403593,0.4222566268679443,-2.789808741038317e-05,0.0008723547724149849,-195.3987167365053,16.801515348063802
1.85,0.4231214085310289,0.4220612281512078,-2.231846992830654e-05,0.0010601803798211407,586.196150209516,19.80707692716517
1.855,0.4231346769451115,0.4220612281512078,-1.7854775942645236e-05,0.0010734487939036974,195.39871673650532,22.65757931304786
1.86,0.4231717096784241,0.4220612281512078,-1.4283820754116188e-05,0.0011104815272163227,-781.5948669460212,22.206210534534378
1.865,0.4232355586291205,0.4222566268679443,-1.1427056603292953e-05,0.0009789317611761938,-390.79743347308164,19.427103181044444
1.87,0.4233288598260349,0.4222566268679443,-9.14164528263436e-06,0.0010722329580906131,586.1961502096538,16.125985135605234
1.875,0.423453832902921,0.4220612281512078,-7.31331622610749e-06,0.0013926047517132112,-1.736566446197685e-11,12.881562433619735
1.88,0.4236122860770425,0.4222566268679443,-5.850652980885992e-06,0.0013556592090981923,-1.5515411178057548e-10,12.1225144835052
1.885,0.4238056257516484,0.4220612281512078,-4.680522384708794e-06,0.0017443976004405948,390.7974334730817,17.219445437248652
1.89,0.4240348699938804,0.4220612281512078,-3.744417907767036e-06,0.0019736418426726243,-390.79743347301064,18.975247556767187
1.895,0.4243030596897864,0.4222566268679443,-2.9955343262136287e-06,0.0020464328218420813,-195.3987167365053,4.483708559419682
1.9,0.4246138310219858,0.4220612281512078,-2.396427460970903e-06,0.00255260287077802,-2.842170943040401e-14,-13.013102191266057
1.905,0.4249651099648917,0.4222566268679443,-1.9171419687767225e-06,0.0027084830969473783,195.3987167365053,-16.637125850493817
1.91,0.4253536528699182,0.4220612281512078,-1.5337135750213783e-06,0.0032924247187104405,390.79743347301064,-16.237656347754978
1.915,0.425778763474773,0.4220612281512078,-1.226970860017103e-06,0.003717535323565224,-586.196150209516,-17.989130781543665
1.92,0.4262376984118272,0.4222566268679443,-9.81576688013682e-07,0.003981071543882886,-195.39871673650526,-16.430028080165556
1.925,0.4267277825630826,0.4220612281512078,-7.852613504109458e-07,0.0046665544118748015,586.196150209516,-15.927735808247732
1.93,0.4272479785169311,0.4220612281512078,-6.282090803287566e-07,0.005186750365723303,8.07793566374732e-28,-15.954084102673662
1.935,0.4277957372017403,0.4220612281512078,-5.025672642630053e-07,0.005734509050532521,-2.842170943040401e-14,-12.00258696648865
1.94,0.4283685654494217,0.4220612281512078,-4.020538114104043e-07,0.006307337298213922,0.0,-13.515154797261161
1.945,0.4289666733066434,0.4220612281512078,-3.216430491283235e-07,0.006905445155435619,-586.196150209516,-17.760244769533514
1.95,0.4295874566223325,0.4222566268679443,-2.573144393026588e-07,0.007330829754388202,3.2311742677852644e-27,-9.190984555829317
1.955,0.4302270757229946,0.4220612281512078,-2.05851551442127e-07,0.008165847571786844,781.5948669460213,0.7463914834460752
1.96,0.430886891790894,0.4220612281512078,0.04412815351719,0.008825663639686232,195.39871673650532,-4.24503048819237
1.965,0.4315677534662382,0.4220612281512078,0.0475324948301595,0.009506525315030434,-390.7974334727974,-13.324426380379009
1.97,0.4322676173465896,0.4222566268679443,0.0500548469972318,0.010010990478645287,4.263540631654905e-10,-16.497163240174437
1.975,0.432984461505886,0.4222566268679443,0.0536390888729129,0.010727834637941691,195.39871673650526,-18.78277595530153
1.98,0.4337163088630389,0.422452025584681,0.0563213489383532,0.011264283278357934,-4.263256414560601e-10,-21.70790336769805
1.985,0.4344607026786977,0.4226474243014178,0.0590651877638187,0.011813278377279912,195.39871673671843,-19.208329004314354
1.99,0.4352141835642867,0.4228428230181543,0.0618535391129332,0.012371360546132415,-195.39871673657638,-14.134426209793332
1.995,0.4359747690813056,0.4232336204516277,0.0636996817747104,0.0127411486296779,-390.7974334736327,-17.932978998160685
2.0,0.4367420331213287,0.4236244178851011,0.0655774762830351,0.01311761523622762,586.1961502101989,-24.942765521487686
2.005,0.4375125262875,0.4238198166018377,0.0684481675508368,0.013692709685662274,390.7974334736139,-20.077998560665904
2.01,0.4382819245551666,0.4244060127520477,0.0693592031947907,0.013875911803118923,-390.7974334733573,-8.122413000677694
2.015,0.4390490315317594,0.4249922089022577,0.0702574770523773,0.014056822629501697,1.5921841622912325e-10,-1.8278670721379946
2.02,0.43981377986724,0.4255784050524677,0.0711440635994367,0.014235374814772328,195.39871673664769,-1.5871133881973165
2.025,0.4405761624010831,0.4263599999194144,0.0710407621108197,0.014216162481668682,-195.3987167369315,-0.7435609087021948
2.03,0.4413357711904764,0.4271415947863611,0.0709227395449096,0.0141941764041153,-390.79743347350814,3.8742516704106045
2.035,0.4420923317820829,0.4281185883700445,0.0698118005223465,0.013973743412038386,9.669065548223443e-11,7.488055106747684
2.04,0.4428471549639674,0.4289001832369912,0.0696686225276289,0.013946971726976232,390.7974334735252,5.88345071257356
2.045,0.4436014139264292,0.4298771768206745,0.0685451934463321,0.01372423710575471,390.79743347334045,2.6136307376138594
2.05,0.4443554192428195,0.4308541704043578,0.067421297169883,0.01350124883846171,195.39871673662157,1.6415159350198505
2.055,0.4451092922848347,0.4320265627047779,0.0653192366062082,0.013082729580056796,-390.79743347328656,2.630673085021945
2.06,0.4458631776577706,0.4333943537219346,0.0622398366481194,0.012468823935836038,-195.39871673654142,3.9706721614158407
2.065,0.4466176083732343,0.4347621447390912,0.0591639875902347,0.011855463634143082,390.7974334730193,5.406929823621569
2.07,0.4473730608819054,0.4361299357562479,0.0560916065287753,0.011243125125657505,-781.5948669466802,5.757115786834621
2.075,0.4481303328637894,0.437888524206878,0.0510753232099875,0.010241808656911378,-976.9935836826446,2.5209466258501037
2.08,0.4488904758450478,0.4394517139407713,0.0470511785069347,0.009438761904276505,586.1961502098787,-1.633330653873557
2.085,0.4496532228722868,0.4406241062411914,0.0449946732292952,0.009029116631095402,195.39871673625618,-2.5448212635128638
2.09,0.4504179434938234,0.4423826946918214,-0.0001586832154012,0.008035248802002015,-195.39871673645195,-0.6282074554781785
2.095,0.4511846450680728,0.4435550869922414,-0.0001660520066088,0.007629558075831433,-586.1961502099131,4.941553273241691
2.1,0.451952919006969,0.4451182767261348,-0.0001719470395748,0.006834642280834191,-1758.5884506300815,9.686119845611993
2.105,0.4527239712436918,0.4464860677432914,-0.0001755129061157,0.006237903500400377,-195.3987167369488,1.8774736123817046
2.11,0.4535003439377574,0.4470722638935015,-0.0001760652796844,0.006428080044255879,1172.3923004197857,-12.049467188362447
2.115,0.4542808875189894,0.4476584600437115,-0.0001730566990433,0.006622427475277859,390.7974334736241,-12.932083971434771
2.12,0.4550620957598015,0.4480492574771848,-0.0001683495148665,0.0070128382826166735,195.3987167367897,-4.772768318942613
2.125,0.4558433444267772,0.4482446561939215,-0.0001565326487011,0.007598688232855699,390.7974334732411,-3.573211004522113
2.13,0.4566252423891294,0.4484400549106582,-0.0001413283566088,0.00818518747847119,586.1961502099423,-6.587138358042884
2.135,0.4574065691987364,0.4484400549106582,0.044706856996952,0.008966514288078209,390.79743347323245,-5.371163008405102
2.14,0.4581862106147367,0.4486354536273949,0.0476440121033019,0.009550756987341813,-390.7974334730904,-3.1665824465680776
2.145,0.458963974696509,0.4488308523441315,0.0505720426960018,0.01013312235237751,-195.39871673648793,-4.452565150643568
2.15,0.4597396292736151,0.4490262510608682,0.0534874351716978,0.010713378212746927,586.1961502096668,-8.06010983488558
2.155,0.4605123943376482,0.4490262510608682,0.0573637011907744,0.011486143276779992,195.3987167366023,-12.179601305390333
2.16,0.4612810458006141,0.4494170484943415,0.059261773737535,0.011863997306272578,-195.39871673625754,-14.60874557821641
2.165,0.4620437680123193,0.4496124472110782,0.0621054331318149,0.012431320801241097,195.39871673666502,-12.026455086483605
2.17,0.462798280594428,0.4500032446445515,0.0639284922507102,0.012795035949876521,390.797433473144,-5.209621563934039
2.1750000000000003,0.4635434869749439,0.4503940420780249,0.0657029735266648,0.013149444896918994,5.348965714802034e-11,1.555249560565791
2.18,0.4642793071999707,0.4509802382282349,0.066450742813679,0.013299068971735772,-781.5948669468287,5.816559447423359
2.185,0.4650063416039582,0.4517618330951816,0.0661753593095632,0.01324450850877662,-390.79743347338325,7.106444634743678
2.19,0.4657256808668023,0.4523480292453916,0.0668378597614459,0.013377651621410747,781.5948669467944,6.647453965699555
2.195,0.4664381484588096,0.4529342253956016,0.0674643445617382,0.013503923063208023,390.7974334733119,6.236057830194532
2.2,0.4671445080395578,0.4537158202625483,0.0670819698841258,0.013428687777009507,-586.1961502099875,6.037422007877279
2.205,0.4678455549934639,0.4546928138462316,0.06569497781828,0.013152741147232305,586.1961502100204,7.09542498881814
2.21,0.4685420247760674,0.4554744087131783,0.0652612449433325,0.013067616062889087,976.9935836833954,11.946331645163331
2.215,0.4692345986299288,0.4564514022968616,0.0638303600119734,0.012783196333067182,-1953.9871673662021,15.588777179615924
2.22,0.4699253265013198,0.4582099907474916,0.0584828779301474,0.011715335753828215,-1758.5884506297507,7.458725313966136
2.225,0.4706172256998496,0.4591869843311751,0.0570497124960419,0.011430241368674487,1758.5884506298773,-7.035890339679768
2.23,0.4713100019924947,0.4599685791981217,0.0565983146580322,0.011341422794373002,1172.3923004198468,-10.710059853095949
2.235,0.4720008949285401,0.4611409714985418,0.0541838237031259,0.010859923429998308,-1172.3923004199032,-3.360806318468849
2.24,0.4726890153592524,0.4625087625156984,0.0507775751448132,0.010180252843554005,5.835545380250551e-10,2.5127235631565776
2.245,0.4733748962561475,0.4634857560993818,0.0493145450501672,0.009889140156765674,586.1961502099512,1.2274900242202493
2.25,0.4740590057952745,0.4646581483998018,0.046867157915139,0.009400857395472695,-586.1961502106788,-5.743643358613626
2.255,0.4747417424062346,0.4662213381336952,-0.0001430578849076,0.008520404272539417,-2.75349520961754e-10,-7.348455795152533
2.26,0.4754212007905851,0.4670029330006419,-0.0001489511028859,0.008418267789943201,-976.9935836827067,4.204405448788702
2.265,0.476095689735443,0.4687615214512718,-0.0001548158371005,0.007334168284171161,-1563.1897338927286,12.879524938397381
2.27,0.4767682518893892,0.4695431163182186,-0.0001583574646402,0.0072251355711706045,586.1961502100914,5.581022193083859
2.275,0.4774409426492214,0.4701293124684285,-0.00016004060684,0.007311630180792894,586.1961502097189,-6.164445763871338
2.28,0.4781130386166251,0.4707155086186386,-0.0001579366411039,0.007397529997986485,195.39871673629193,-9.350462248818202
2.285,0.4787830821697629,0.4709109073353753,-0.000152802989019,0.007872174834387624,586.1961502102454,-3.9210290752582484
2.29,0.479449396526529,0.4711063060521119,-0.0001429452681911,0.008343090474417114,1.0754774848464876e-10,1.4638054917531882
2.295,0.4801127578348187,0.4713017047688486,0.0439259570374815,0.008811053065970131,195.39871673634582,3.5660835460051548
2.3000000000000003,0.4807734045900255,0.4713017047688486,0.0472435508736692,0.009471699821176904,781.5948669466434,5.344024830548612
2.305,0.4814314334498807,0.4713017047688486,0.0505497838603966,0.010129728681032124,2.495337270147555e-10,1.580763197779011
2.31,0.4820886288906607,0.4714971034855852,0.0528739387502381,0.010591525405075464,-390.79743347309903,-8.068008488564788
2.315,0.4827444530397792,0.4716925022023219,0.0551893530876789,0.011051950837457303,586.196150209854,-12.087797016703565
2.32,0.4833966501916323,0.4716925022023219,0.0584621187472019,0.01170414798931041,781.5948669462343,-5.51134970763167
2.325,0.4840437485960258,0.4720832996357954,0.0597518973621764,0.011960448960230408,-195.3987167367983,6.161292695522613
2.33,0.4846853806959238,0.4724740970692687,0.061010389382935,0.012211283626655134,-976.9935836831036,10.305024075236387
2.335,0.4853238087689127,0.4732556919362153,0.0602968602042223,0.012068116832697373,-586.1961502099767,0.058721631860516155
2.34,0.4859609816962305,0.4736464893696886,0.061528281186642,0.01231449232654186,586.1961502099787,-10.898141620998077
2.345,0.4865949385825153,0.4742326855198986,0.0617655695177411,0.01236225306261668,976.9935836835126,-9.787285043501875
2.35,0.4872235119141844,0.474623482953372,0.0629520865694682,0.012600028960812415,5.4001247917767614e-11,-2.5895981494276867
2.355,0.4878462398952126,0.4756004765370553,0.0611765682851274,0.012245763358157302,-781.5948669469088,2.747734286289173
2.36,0.4884631840647419,0.476382071404002,0.0603476622615246,0.012081112660739857,-586.1961502101105,4.249568791792697
2.365,0.4890751231088551,0.4773590649876854,0.0585155672147967,0.011716058121169715,-195.3987167365591,2.0529437719563184
2.37,0.4896827458821894,0.4781406598546321,0.0576390987078013,0.011542086027557297,586.1961502099767,-0.0770756940232431
2.375,0.4902858377922346,0.4789222547215788,0.0567401473323149,0.011363583070655825,390.7974334733835,-0.5997267420809891
2.38,0.4908842503102987,0.4797038495885254,0.0558167859954551,0.011180400721773287,-195.3987167368587,-2.6311983116745665
2.385,0.4914783068696571,0.4808762418889455,0.052917997456357,0.01060206498071159,976.993583683346,-2.6985508268489404
2.39,0.4920670976223277,0.4814624380391554,0.0529241324417966,0.010604659583172305,195.39871673690695,4.170180196609159
2.395,0.492649899142811,0.4830256277730488,0.048015570793423,0.009624271369762183,-1563.1897338938,9.916492804648803
2.4,0.4932285892674498,0.4843934187902056,0.044062469546111,0.008835170477244192,-390.797433473738,7.331182523061285
2.405,0.4938047847918927,0.4855658110906255,-0.0001206104277197,0.008238973701267194,4.782805262948386e-10,2.6040289620257457
2.41,0.4943786417384694,0.4869336021077822,-0.0001275426576396,0.007445039630687211,-1172.3923004195642,0.6049112909061982
2.415,0.4949502949994256,0.4881059944082022,-0.0001342386014075,0.006844300591223429,-976.9935836837876,-0.6673782066709464
2.42,0.4955198590643487,0.4890829879918856,-0.0001384451965899,0.006436871072463102,390.7974334730811,-0.9337340792822157
2.4250000000000003,0.4960870346767002,0.4894737854253589,-0.0001395101530717,0.006613249251341269,976.9935836836737,1.2507342572117022
2.43,0.4966515738668811,0.4898645828588323,-0.0001392119584253,0.006786991008048804,390.7974334730299,3.1265318829551294
2.435,0.4972140700896374,0.490059981575569,-0.0001343727633801,0.007154088514068402,195.3987167366561,2.3657734480764754
2.44,0.4977750368803235,0.4902553802923056,-0.000125900768016,0.007519656588017898,390.7974334735964,0.9863641604118669
2.445,0.4983345277701202,0.4902553802923056,-0.0001133723725647,0.00807914747781463,-195.39871673675486,0.6994370288994478
2.45,0.4988926138781241,0.4904507790090422,-9.874901687576648e-05,0.008441834869081899,-195.3987167365243,0.956090018461877
2.455,0.4994493940823091,0.4904507790090422,0.0449083253536735,0.00899861507326688,976.993583683511,1.2794154451967454
2.46,0.500005004297312,0.4902553802923056,0.0486768695354072,0.009749624005006396,586.1961502098436,1.6563991601973878
2.465,0.5005596251162223,0.4904507790090422,0.0504860799843686,0.010108846107180103,-586.1961502102091,2.0745831649548343
2.47,0.5011134875533322,0.490646177725779,0.0522888785367086,0.010467309827553173,-390.7974334729933,2.5263612744195267
2.475,0.5016668772710203,0.4908415764425156,0.0540872175018456,0.010825300828504747,390.79743347345436,3.0116799575808457
2.48,0.5022201382293496,0.4910369751592523,0.0558832358781123,0.011183163070097313,781.5948669462346,5.36656897317294
2.485,0.5027736769079773,0.491232373875989,0.0576770011025458,0.011541303031988248,2.3032953322399408e-10,12.691500619438711
2.49,0.503327968005322,0.4918185700261989,0.0575187780103709,0.011509397979123093,-976.9935836829358,18.883753827339337
2.495,0.5038853905960665,0.492404766176409,0.0573725014712682,0.011480624419657526,-195.3987167368881,12.809410718546939
2.5,0.5044496683818687,0.492990962326619,0.0572598324959769,0.011458706055249679,1172.3923004198657,3.4443532094743645
2.505,0.5050209020891152,0.4933817597600923,0.0581572518225771,0.011639142329022911,195.39871673685036,7.297177591068916
2.51,0.5055980487697083,0.4943587533437756,0.0561530575134813,0.01123929542593266,-1172.3923004198587,15.427536005814531
2.515,0.506183655740333,0.495335746927459,0.0541898562936085,0.010847908812873952,195.39871673678778,15.213769122014739
2.52,0.5067804063464318,0.4961173417944057,0.0532571699862095,0.010663064552026147,586.1961502098002,14.730542578365082
2.525,0.5073890790857256,0.4970943353780891,0.0514076436019018,0.0102947437076365,-1367.791017156949,15.193319065927085
2.53,0.5080119548811612,0.4984621263952458,0.0476744294437446,0.009549828485915457,-976.9935836831385,5.638384536792088
2.535,0.5086519026678714,0.4992437212621924,0.0469581334430892,0.009408181405679006,1172.392300420239,-6.464080017989296
2.54,0.5093078876929628,0.5000253161291391,0.0463236357542335,0.009282571563823616,976.9935836828649,-6.700352985972522
2.545,0.5099777648713073,0.5008069109960859,0.0457575882078956,0.00917085387522143,-586.196150209757,-0.7951808944312759
2.5500000000000003,0.5106617407018179,0.5019793032965058,-0.000102648450873,0.00868243740531216,-586.1961502094101,2.866479701497802
2.555,0.5113599653430474,0.5027608981634525,-0.0001085724368343,0.00859906717959491,-390.79743347380077,4.847747431500977
2.56,0.5120727187268326,0.5037378917471359,-0.0001144617854353,0.008334826979696675,-781.594866946838,3.618128146243542
2.565,0.5128013705627928,0.5045194866140825,-0.0001191732643161,0.008281883948710322,1.5120349416974932e-10,3.5510069471171306
2.57,0.5135456695154382,0.5049102840475559,-0.0001206421277567,0.00863538546788234,586.196150209835,11.555822480243364
2.575,0.5143055986586901,0.5053010814810293,0.0449030689894587,0.00900451717766082,390.79743347357027,18.51312667192245
2.58,0.5150841440745821,0.5054964801977658,0.0478243033076933,0.00958766387681631,390.7974334735081,14.28912114221616
2.585,0.5158842054532193,0.5056918789145026,0.050857768074321,0.010192326538716712,586.1961502097743,5.329168124032009
2.59,0.5167066555309359,0.5058872776312392,0.0540057466842494,0.01081937789969667,586.1961502097741,0.12893646775638956
2.595,0.5175514800675228,0.506082676347976,0.057264203387355,0.011468803719546838,-390.79743347324126,-2.14823976143569
2.6,0.5184185330526238,0.5066688724981859,0.0586775496448938,0.011749660554437824,-781.5948669464387,-5.648541790389075
2.605,0.5193075514380684,0.5070596699316593,0.0611759040712173,0.012247881506409097,-2.841282764620761e-10,-13.397291972270793
2.61,0.5202176283998841,0.5074504673651327,0.0637769512862704,0.012767161034751395,586.196150209871,-25.27057382316672
2.615,0.5211467710230655,0.5078412647986059,0.0664712467336527,0.013305506224459585,1172.3923004204873,-27.793093824254875
2.62,0.5220905442807449,0.5082320622320793,0.0692370312939238,0.013858482048665577,1.2494183465605602e-10,-4.721015897712029
2.625,0.5230438682486911,0.5090136570990259,0.0700929506708187,0.014030211149665184,-1758.5884506304021,22.122046477051896
2.63,0.5240094876013816,0.510186049399446,0.069055754869856,0.013823438201935545,-195.39871673707202,15.018545148918214
2.635,0.5249941220990474,0.5105768468329194,0.0720199750213028,0.014417275266128016,1172.3923004201597,-8.975838912166317
2.64,0.5259965804082715,0.5115538404166027,0.0721421763535622,0.014442739991668785,586.1961502104825,-6.963248225130698
2.645,0.5270125511192835,0.5123354352835494,0.073307657417869,0.014677115835734056,195.39871673648668,16.924179761094393
2.65,0.5280428468625022,0.5135078275839694,0.0725897557873833,0.014535019278532846,-781.5948669471574,30.704799909951973
2.655,0.529092192061174,0.5148756186011261,0.0709892912997108,0.014216573460047899,-976.9935836831215,23.838478657932228
2.66,0.5301652111438351,0.5162434096182827,0.0695076931512029,0.013921801525552335,390.7974334738977,8.710903440562333
2.665,0.5312637497246291,0.5174158019187027,0.0691299334525848,0.013847947805926353,976.9935836832205,0.5087696808917883
2.67,0.5323875117309279,0.5187835929358594,0.0678995450384091,0.013603918795068504,390.79743347301013,7.149380655912452
2.6750000000000003,0.533535935013089,0.5203467826697529,0.0658163679320063,0.013189152343336175,-195.39871673648872,25.252796981694914
2.68,0.5347102573934618,0.5221053711203829,0.0628852613828629,0.012604886273078875,-586.1961502096489,35.35511325573853
2.685,0.53591589730721,0.5240593582877495,0.0591334038368214,0.011856539019460488,-976.9935836837059,21.03804612716057
2.69,0.537158700928418,0.5260133454551164,0.0555670887640036,0.011145355473301644,-976.993583683956,-4.489003735064841
2.695,0.5384389917202476,0.527967332622483,0.0521891388528675,0.010471659097764596,390.7974334736144,-18.661722402703873
2.7,0.5397538803819241,0.5295305223563763,0.0509389089051905,0.010223358025547746,1172.3923004205255,-20.585286911080487
2.705,0.541100729248467,0.5310937120902697,0.0498490747393321,0.010007017158197296,-195.3987167369383,-19.87405443059602
2.71,0.542477134031577,0.5330476992576364,0.0469546589547639,0.009429434773940648,-1172.3923004204357,-21.46173951445408
2.715,0.5438805246049567,0.5346108889915298,0.0461504600615676,0.009269635613426974,195.3987167367008,-26.548622199134343
2.72,0.5453085878229464,0.5363694774421598,0.0444925212660317,0.008939110380786652,2149.3858841036727,-24.4827812652169
2.725,0.5467569160502027,0.5373464710258432,0.0468449443780285,0.009410445024359504,-1.0373923942097684e-10,-6.347562367277021
2.73,0.5482216931338332,0.5396912556266832,-0.0002118309882949,0.00853043750714999,-2344.784600840521,10.717886307031549
2.735,0.5497054208029394,0.5414498440773132,-0.0002154711839157,0.008255576725626157,-976.9935836833334,12.237105828627975
2.74,0.55121010240187,0.5430130338112066,-0.0002183833404124,0.008197068590663381,-195.39871673615903,7.633344217982
2.745,0.5527367567494742,0.5445762235450999,-0.0002195629057777,0.008160533204374265,390.7974334731085,10.319119000858961
2.75,0.5542860527328853,0.5453578184120467,0.0444241155256193,0.008928234320838668,195.3987167365143,20.7532824563839
2.755,0.5558585572340247,0.5465302107124667,0.046432432790139,0.009328346521558006,-6.082245818106458e-11,17.776890385189162
2.76,0.5574598632458801,0.5471164068626767,0.0515199379062645,0.010343456383203442,1367.7910171563913,-6.794470654303325
2.765,0.5590915755390474,0.5475072042961501,0.0577398276502127,0.011584371242897351,781.5948669469014,-27.42831965036511
2.77,0.5607493108312399,0.5482887991630967,0.0621385329319849,0.012460511668143215,8.86757334228605e-11,-30.340090841956112
2.775,0.5624290171938882,0.5488749953133067,0.0676216366784422,0.013554021880581413,-2.405045052000787e-10,-25.5305329974247
2.78,0.5641269671693138,0.5496565901802534,0.0722170045280822,0.014470376989060396,-390.7974334732605,-22.743099492220338
2.785,0.565840542107705,0.5506335837639368,0.0759096349875851,0.015206958343768173,390.79743347381793,-23.259987719155596
2.79,0.5675673017271048,0.5512197799141467,0.0816190811224738,0.016347521812958066,195.3987167365233,-20.20811215515835
2.795,0.5693034071810055,0.5523921722145668,0.0844417997611961,0.01691123496643865,-390.79743347378377,-15.720719791191293
2.8000000000000003,0.5710470545168934,0.5533691657982501,0.0882760904996108,0.017677888718643286,586.1961502103768,-19.534725343461865
2.805,0.5727974043016348,0.5543461593819334,0.0921413887671506,0.018451244919701404,3.11928260998684e-10,-23.38456368832432
2.81,0.5745505048188885,0.5557139503990901,0.0940655999176028,0.018836554419798368,-976.9935836834937,-16.331229053321643
2.815,0.5763029987442492,0.5570817414162468,0.0959849450589329,0.019221257328002395,-4.5153569772082847e-10,-8.058101589724659
2.82,0.5780542680694017,0.5582541337166669,0.0988736943431792,0.019800134352734866,390.79743347330344,-7.570233171634698
2.825,0.5798038592797954,0.5596219247338236,0.1007770364779992,0.020181934545971836,3.097682110819733e-10,-8.117801760293451
2.83,0.5815502861668438,0.5609897157509803,0.1026622382828695,0.020560570415863455,390.7974334731965,-3.9835806042277397
2.835,0.5832924156751017,0.562357506768137,0.1045252483830414,0.0209349089069647,781.594866946564,2.6977905614707822
2.84,0.5850304413094538,0.5639206965020302,0.1053913318412363,0.02110974480742356,-390.79743347328673,10.08900641480195
2.845,0.5867646843495641,0.5656792849526604,0.1052596774738614,0.02108539939690368,-586.1961502095819,15.94963820366483
2.85,0.5884974312877937,0.5678286708367637,0.1031662405730089,0.020668760451030055,1563.1897338936283,24.043064458113662
2.855,0.5902307543095971,0.5691964618539204,0.104984556699223,0.021034292455676784,-195.3987167371472,37.1584593694501
2.86,0.5919672057400668,0.5721274426049705,0.0990021346590409,0.019839763135096278,-3126.3794677864944,35.10855568485525
2.865,0.5937146686196592,0.5744722272058105,0.0960054053833152,0.019242441413848677,-781.5948669458908,9.836208016836885
2.87,0.5954769231256428,0.5766216130899139,0.0940593516374624,0.018855310035728934,1367.7910171563738,-11.550942375249456
2.875,0.5972515358354349,0.5783802015405439,0.0941300052892372,0.018871334294890962,390.79743347274393,-17.205477327949488
2.88,0.5990364196525383,0.5805295874246473,0.092297620519345,0.018506832227890957,-586.1961502099246,-25.483127679067337
2.885,0.6008298050145491,0.5822881758752773,0.0924625553685035,0.01854162913927182,195.39871673719807,-46.03065495416623
2.89,0.6026284898434255,0.584242163042644,0.0916776537500236,0.01838632680078156,2735.582034313727,-52.15873078810736
2.895,0.604423993029323,0.5856099540598008,0.0938095026529043,0.018814038969522273,781.5948669463428,-15.107198076547556
2.9,0.6062071030433502,0.5879547386606407,0.0909946100063501,0.018252364382709496,-3517.176901260582,27.138158543281904
2.905,0.6079819411489681,0.5910811181284275,0.0842316874255135,0.016900823020540634,390.7974334730699,26.159555793512897
2.91,0.609757152054236,0.5924489091455841,0.0862634640902438,0.01730824290865185,2344.784600840227,17.304259706208516
2.915,0.6115307875320279,0.5951844911798975,0.0814483229271443,0.016346296352130474,-2930.9807510506134,32.48157822802893
2.92,0.6133047964318761,0.5981154719309476,0.0756591369667402,0.01518932450092847,-1758.5884506304806,34.26668206685554
2.9250000000000003,0.6150878364382084,0.600264857815051,0.0738239462143695,0.014822978623157401,1758.588450630745,6.2388435753039175
2.93,0.616882517754499,0.6020234462656809,0.0740016414518605,0.014859071488818043,586.1961502099374,-24.284417323129563
2.935,0.6186873545495766,0.6045636295832577,0.0703226935667148,0.014123724966318862,976.9935836829968,-29.794946750812482
2.94,0.6204965548656795,0.6059314206004144,0.072527967843326,0.014565134265265067,-390.7974334735213,-7.583899175998871
2.945,0.6223050574488092,0.6086670026347278,0.0678911528129114,0.013638054814081313,-1758.5884506300963,5.600639326174061
2.95,0.624117112818667,0.6108163885188312,0.0662045161819189,0.013300724299835753,2149.385884103982,-3.9265734393728353
2.955,0.6259333612367305,0.6121841795359879,0.0684468159386413,0.013749181700742574,586.1961502099025,-4.166836113696436
2.96,0.6277497922527876,0.6149197615703013,0.0638522212089427,0.012830030682486337,-3517.1769012606087,2.643624628717646
2.965,0.6295683393399009,0.6172645461711412,0.0612231120894072,0.012303793168759625,-781.5948669465959,-11.397463302173962
2.97,0.6313904263319278,0.6188277359050346,0.0625192611393534,0.012562690426893175,2930.98075105074,-33.892603986913585
2.975,0.6332126353829493,0.620390925638928,0.0638168380922488,0.012821709744021303,2344.7846008397782,-28.54156838480993
2.98,0.6350276175927851,0.6217587166560847,0.0660559285092801,0.013268900936700412,-1563.1897338942008,4.828784397759126
2.985,0.6368323567618884,0.6244942986903982,0.0614065220658019,0.012338058071490243,-2344.7846008400256,20.849836420708648
2.99,0.6386328244669751,0.6260574884242914,0.0625967582278272,0.012575336042683682,586.1961502108031,0.5236358725802148
2.995,0.6404323322611167,0.6280114755916582,0.0618285885663802,0.01242085666945858,1172.3923004200544,-17.08972731961503
3.0,0.6422268967909183,0.6293792666088148,0.0639669880531793,0.012847630182103442,-390.797433474094,-7.1937720937137435
3.005,0.644013085516506,0.6315286524929183,0.0621557779592924,0.012484433023587704,-390.7974334737814,5.663406818856608
3.01,0.645792744837295,0.6328964435100749,0.0642200901962397,0.012896301327220083,390.7974334740414,2.315365766633871
3.015,0.647567422755963,0.6346550319607048,0.0643056642712906,0.012912390795258188,195.39871673738335,-4.425700282271109
3.02,0.6493360320129243,0.6362182216945983,0.0653391635941821,0.01311781031832604,-2.4904522888392044e-10,-3.6907252150798158
3.025,0.6510976593452542,0.6377814114284917,0.0663376231122385,0.013316247916762558,-586.1961502105637,-4.072712061285074
3.03,0.6528523326175237,0.6395399998791217,0.066324214600967,0.013312332738402044,390.79743347288695,-9.770334832096442
3.035,0.6546001045591645,0.6409077908962785,0.0682302032876438,0.013692313662886035,1953.9871673671405,0.5993339009071157
3.04,0.6563375739390321,0.642275581913435,0.0700834623526046,0.014061992025597103,-390.79743347286757,34.70355355347013
3.045,0.6580649880628618,0.6444249677975383,0.067978647512193,0.013640020265323516,-2540.1833175772344,51.143922097906255
3.0500000000000003,0.6597923553113503,0.6463789549649053,0.0668507332463976,0.013413400346445004,-976.9935836835758,25.277944367728686
3.055,0.6615270134098999,0.6479421446987986,0.0677122233325568,0.013584868711101317,586.1961502105559,-9.093153008307036
3.06,0.6632678206565761,0.6493099357159552,0.0695817732502888,0.01395788494062089,976.9935836833176,-22.350259614540615
3.065,0.665011458544646,0.6504823280163752,0.072442726364478,0.014529130528270873,781.5948669461715,-20.797374923376992
3.0700000000000003,0.6667548768217012,0.6516547203167954,0.0753016363884042,0.015100156504905815,390.7974334737558,-15.210477117479178
3.075,0.668495973207486,0.653022511333952,0.0771734876638104,0.015473461873534045,-195.3987167364164,-5.115263829366622
3.08,0.6702327264318023,0.654194903634372,0.0800007019889357,0.016037822797430268,-1953.9871673668454,1.0933162906219938
3.085,0.671965346921302,0.6559534920850019,0.0798751899478006,0.016011854836300188,-976.9935836834292,-17.377412305134868
3.09,0.67369625422305,0.6567350869519486,0.0846263644932509,0.01696116727110142,2540.1833175763745,-48.94856723765721
3.095,0.6754206730023851,0.6573212831021586,0.0903211675360313,0.018099389900226415,1953.987167366662,-52.13023746506734
3.1,0.6771280827831395,0.6582982766858421,0.0939762004391108,0.018829806097297452,-390.79743347346266,-20.620278461082798
3.105,0.6788130028834972,0.6596660677029987,0.0955653575491274,0.01914693518049848,-586.1961502103056,14.686690337132859
3.11,0.6804760818746053,0.6608384600034187,0.0980216003577769,0.01963762187118656,-976.9935836834156,28.712008148946268
3.115,0.6821217162861776,0.6625970484540489,0.0974590776466549,0.019524667832128695,-781.594866946396,14.888487131226803
3.12,0.683754938187785,0.6637694407544688,0.0997650236399265,0.019985497433316235,195.39871673745557,-10.464208766197778
3.125,0.6853755252185749,0.6651372317716254,0.1010304420979598,0.020238293446949496,-195.39871673658473,-23.80152236710999
3.13,0.6869795402098091,0.6663096240720454,0.1031897062639245,0.0206699161377637,195.39871673580532,-24.58936908311226
3.135,0.6885639654719231,0.6674820163724656,0.1052507916419084,0.021081949099457487,1758.5884506299703,-21.348351448007904
3.14,0.690126086418311,0.6682636112394121,0.1091541584947271,0.021862475178898833,781.594866946946,-8.857524254044293
3.145,0.6916624476771394,0.6698268009733056,0.1090206052838912,0.021835646703833755,-781.5948669473173,10.700846059844565
3.15,0.6931732284618425,0.671389990707199,0.1087590318695317,0.021783237754643525,-586.1961502104218,20.525104161923565
3.155,0.694662114309969,0.6729531804410924,0.1083867393461386,0.021708933868876623,-1172.3923004191045,14.352497541384196
3.16,0.6961316671864637,0.6749071676084589,0.1059639494161323,0.021224499578004763,390.7974334740273,-0.14345957226103678
3.165,0.6975834904745745,0.6762749586256158,0.1063836159903842,0.021308531848958645,1758.5884506293437,-9.213853717255034
3.17,0.6990157550897157,0.6776427496427724,0.1067044379960615,0.021373005446943316,-1953.9871673662576,-7.7613455150044075
3.1750000000000003,0.7004264327113832,0.6801829329603492,0.1010556727291181,0.02024349975103401,-2149.385884102193,-10.517672852619114
3.18,0.7018162783178816,0.681355325260769,0.1021419498295936,0.020460953057112596,976.99358368281,-22.478197698778274
3.185,0.7031831796748802,0.6827231162779259,0.102136709984868,0.020460063396954276,976.993583682456,-29.225420652489035
3.19,0.7045227191981083,0.6838955085783458,0.1029718128637618,0.02062721061976247,781.5948669468214,-26.41165683911133
3.1950000000000003,0.7058312531673667,0.6848725021620292,0.1046290082035193,0.020958751005337506,586.1961502105722,-21.33026708450032
3.2,0.7071058523097438,0.6862402931791859,0.1041637937189589,0.020865559130557876,3.02009084407473e-10,-15.413726314227432
3.205,0.7083442415320038,0.6874126854796059,0.1044943742396295,0.020931556052397937,-586.1961502103235,-3.2867716268470417
3.21,0.709544347385703,0.6889758752134992,0.102680581727667,0.02056847217220381,-1172.3923004204705,10.84889414642646
3.215,0.7107067310424773,0.690343666230656,0.1016548464369608,0.020363064811821263,-781.5948669465986,10.056338903303413
3.22,0.7118349176543597,0.691516058531076,0.1014360093630701,0.020318859123283683,195.3987167368781,-6.996855581611129
3.225,0.7129295705929335,0.6924930521147594,0.1020260592325599,0.02043651847817407,1367.7910171566377,-19.911730282735448
3.23,0.7139876194546168,0.6930792482649695,0.1043867252659561,0.02090837118964728,976.9935836832269,-16.521699146772306
3.235,0.7150057633277906,0.6940562418486528,0.1045935986942333,0.020949521479137867,390.79743347343697,-1.8934550746448053
3.24,0.7159825410561915,0.6950332354323361,0.1045945671623125,0.02094930562385544,1.9736035028472543e-10,13.605738694757292
3.245,0.7169187875479022,0.6960102290160194,0.1043924698980423,0.02090855853188278,-1367.7910171569824,19.584265620829626
3.25,0.7178177890040096,0.6977688174666494,0.1000958454819037,0.020048971537360183,-195.39871673644342,16.510065492099812
3.255,0.7186822489919626,0.6983550136168594,0.1014882131157988,0.02032723537510328,390.79743347369214,15.975298345415624
3.26,0.7195129475636916,0.6999182033507527,0.0978277462209522,0.01959474421293883,-781.5948669470799,17.69192847874514
3.265,0.7203126577254643,0.7008951969344361,0.0969429202441792,0.01941746079102813,-195.39871673690413,13.745839217869971
3.27,0.721083992033583,0.7018721905181196,0.0959170469324121,0.019211801515463423,195.39871673650737,8.44289793092905
3.275,0.7218277056768859,0.702849184101803,0.0947525856833548,0.01897852157508295,781.5948669464303,7.35480731763046
3.28,0.7225446682529015,0.7034353802520129,0.0954091187344913,0.019109288000888625,781.594866947175,8.767069515305124
3.285,0.7232358357441582,0.7044123738356962,0.0939832991698764,0.018823461908461958,-976.9935836823482,10.66149253815766
3.29,0.7239023310289651,0.7053893674193795,0.0924346065533411,0.018512963609585542,-1172.3923004203102,10.411414678372793
3.295,0.7245458149967967,0.7063663610030629,0.0907712477361917,0.018179453993733774,781.594866945534,6.655343819947447
3.3000000000000003,0.7251676418543116,0.7067571584365363,0.0919297462660868,0.018410483417775292,1172.3923004200992,3.502678114269443
3.305,0.7257680548494798,0.7075387533034829,0.0910276681947768,0.01822930154599689,-195.39871673620198,5.308647051830135
3.31,0.7263472560727611,0.7083203481704297,0.0900187650065151,0.018026907902331413,-781.5948669469985,10.471135913267062
3.315,0.7269060579803217,0.7091019430373763,0.0889084023934696,0.017804114942945426,-586.1961502102718,12.411965957855685
3.3200000000000003,0.7274464823313652,0.7098835379043231,0.0877065817208925,0.017562944427042093,586.1961502106162,9.163325910744945
3.325,0.7279702955252356,0.7102743353377963,0.0883760362082625,0.017695960187439352,781.5948669468655,7.4105055875832875
3.33,0.7284777325960823,0.7108605314880063,0.0879857413597525,0.017617201108075964,-781.5948669473348,8.146335687513684
3.335,0.7289699308101323,0.711642126354953,0.0865427086937463,0.01732780445517923,-586.1961502103408,4.4981631316461375
3.34,0.7294484173724995,0.7120329237884264,0.0869854649768299,0.017415493584073127,390.7974334738543,-3.284350189429226
3.345,0.729913110170699,0.7124237212218996,0.0873595404711848,0.017489388948799478,195.39871673714458,-9.749861432058509
3.35,0.7303630348237489,0.712814518655373,0.0876600056654771,0.017548516168375827,195.39871673645175,-12.747839810035181
3.355,0.7307965492567469,0.7130099173721096,0.0888567478435767,0.01778663188463725,-4.0023451219894923e-10,-13.45961020390638
3.36,0.7312118350883978,0.7134007148055831,0.08898527087173,0.01781112028281473,-195.3987167367099,-16.185582090880445
3.365,0.7316075002284654,0.7135961135223197,0.089993768137862,0.01801138670614577,2.581259650469292e-10,-23.560107758417857
3.37,0.731981358556243,0.7137915122390565,0.0908929484724793,0.018189846317186564,-1.680291461525485e-10,-31.92991801541224
3.375,0.732329777503764,0.713986910955793,0.0916635554499323,0.018342866547971015,2.842170943040401e-10,-35.7004119121044
3.38,0.7326480451195255,0.713986910955793,0.0932604483473963,0.018661134163732496,-195.3987167364256,-33.541226519554016
3.385,0.7329314511646272,0.7141823096725297,0.0937060790039785,0.0187491414920975,390.7974334725583,-29.130654045552717
3.39,0.7331761943663333,0.713986910955793,0.0959124139678302,0.01918928341054027,781.5948669465376,-26.569985110860927
3.395,0.7333789799845354,0.713986910955793,0.0969319925159828,0.019392069028742354,-390.79743347278713,-26.402677219587048
3.4,0.7335366756426211,0.7141823096725297,0.096749147748274,0.019354365970091436,-586.196150210048,-25.34777366491025
3.405,0.7336457939783777,0.7141823096725297,0.0972992758474934,0.01946348430584799,-2.929141373897437e-10,-21.288908974232868
3.41,0.7337030862711691,0.7141823096725297,0.0975893664477997,0.019520776598639378,195.39871673688663,-17.993197333235486
3.415,0.7337065453724892,0.7141823096725297,0.0976095652634799,0.019524235699959536,390.7974334730453,-18.60702314829075
3.42,0.7336541373430032,0.713986910955793,0.0983268413469967,0.01966722638721019,-1.0739876246352669e-10,-20.47830563028097
3.4250000000000003,0.7335432409695367,0.7141823096725297,0.0967972240137916,0.019360931297007,5.944400527368998e-10,-25.862361746658024
3.43,0.7333712218349752,0.713986910955793,0.0969156084189159,0.01938431087918213,-195.39871673644294,-40.226694235355666
3.435,0.73313540246389,0.7141823096725297,0.0947607071752055,0.01895309279136026,-586.1961502101988,-50.367670710459265
3.44,0.7328284773853381,0.7141823096725297,0.0932270331387652,0.01864616771280836,390.7974334728078,-44.59852630047658
3.4450000000000003,0.7324428031613135,0.713986910955793,0.092276416687381,0.018455892205520463,781.5948669465723,-38.63489908711449
3.45,0.7319755363233819,0.713986910955793,0.0899406913657671,0.01798862536758883,1.334115040663164e-10,-35.861002978962745
3.455,0.7314208445355069,0.713986910955793,0.0871677195208278,0.0174339335797139,-586.1961502097552,-16.655390860905356
3.46,0.7307737637500189,0.7141823096725297,0.0829557116852526,0.016591454077489187,-390.7974334733209,16.62697797387176
3.465,0.7300336655834914,0.7141823096725297,0.0792555325930536,0.01585135591096165,195.3987167362748,26.897376296959578
3.47,0.7292065042743884,0.7141823096725297,0.0751199754398896,0.015024194601858665,2.582112301752204e-10,-4.075007235416365
3.475,0.7282978932832407,0.7141823096725297,0.0705771199980318,0.014115583610710969,-195.39871673644294,-29.273088404283328
3.48,0.7273006552727876,0.7141823096725297,0.0655910895568712,0.01311834560025793,390.79743347285984,-13.046452455809913
3.485,0.7262094526275192,0.713986910955793,0.0611121976030963,0.012222541671726206,586.1961502097291,12.235295049849526
3.49,0.7250269436568121,0.713986910955793,0.0551997549006675,0.011040032701019054,-195.3987167363182,24.823574216539384
3.495,0.7237552971638713,0.713986910955793,0.0488416041568492,0.009768386208078295,-586.1961502097378,37.43504243330102
3.5,0.7223976047215118,0.7141823096725297,-2.615068337659539e-07,0.008215295048982107,1.4210854715202609e-10,48.83365927327321
3.505,0.7209602504665135,0.713986910955793,-2.0920546701276317e-07,0.006973339510720433,-1.1610268302320037e-10,51.780706572811766
3.51,0.71945007350932,0.7141823096725297,-1.673643736102105e-07,0.005267763836790285,-5.684341886080413e-10,49.00654906934437
3.515,0.7178731461947189,0.713986910955793,-1.338914988881684e-07,0.0038862352389258392,390.79743347341093,42.890524490093725
3.52,0.7162361307268094,0.713986910955793,-1.0711319911053475e-07,0.002249219771016331,3.9161585676751103e-10,43.21569580894348
3.525,0.7145429908975571,0.713986910955793,-8.569055928842779e-08,0.0005560799417640983,-195.39871673686926,54.752615259881054
3.53,0.7127986668984702,0.713986910955793,-6.855244743074223e-08,-0.0011882440573228736,-2.8421709430402064e-10,57.992148214944166
3.535,0.7110130002708367,0.713986910955793,-5.48419579445938e-08,-0.002973910684956338,4.263256414560531e-10,50.081238735508265
3.54,0.709192434639562,0.713986910955793,-4.387356635567503e-08,-0.004794476316230978,0.0,57.12786495436269
3.545,0.7073411664627733,0.713986910955793,-3.5098853084540034e-08,-0.00664574449301969,-195.39871673699403,83.1284895448941
3.5500000000000003,0.7054675151888207,0.713986910955793,-2.8079082467632023e-08,-0.00851939576697236,-390.7974334731527,100.51656061406717
3.555,0.7035846173383209,0.713986910955793,-0.0520114905506266,-0.010402293617472136,-195.39871673657638,89.49888960913106
3.56,0.7017070370357911,0.7137915122390565,-0.0604223939869397,-0.012084475203265388,1.722355591482483e-11,65.62961510780664
3.565,0.6998438694580935,0.7135961135223197,-0.0687600845377889,-0.013752244064226149,-195.3987167368344,57.23507232104615
3.5700000000000003,0.6980004990700819,0.7132053160888464,-0.0760220263073172,-0.015204817018764527,-781.5948669467836,63.08557301964042
3.575,0.6961845524371989,0.712814518655373,-0.0831447335821704,-0.01662996621817414,-195.39871673659377,64.33266572714085
3.58,0.6944051363640149,0.7120329237884264,-0.0881268079962733,-0.017627787424411512,976.9935836836355,59.84378624617847
3.585,0.6926697518486568,0.7108605314880063,-0.0909315431379685,-0.018190779639349564,-586.1961502098923,56.69726070094768
3.59,0.6909852815833167,0.7100789366210597,-0.0954331387442114,-0.019093655037742963,-1367.7910171571189,51.336096422137985
3.595,0.6893593114787129,0.7087111456039029,-0.0967103585933716,-0.019351834125190037,781.5948669466892,43.14847478086148
3.6,0.6877976319886885,0.7067571584365363,-0.0947332790968723,-0.01895952644784782,1563.1897338938202,39.67068960066641
3.605,0.6863045674237901,0.7049985699859063,-0.0933886261410556,-0.018694002562116174,781.5948669466319,40.12915229934373
3.61,0.6848853360549111,0.702849184101803,-0.0897207762637113,-0.017963848046891884,-390.79743347395254,37.7503928227307
3.615,0.6835451903734886,0.7012859943679095,-0.0885872935210502,-0.017740803994420906,-781.5948669462789,32.08761261250112
3.62,0.6822885229342838,0.6991366084838061,-0.0841056408328164,-0.01684808554952233,5.84748249821132e-10,25.982720434016414
3.625,0.6811189307206316,0.6971826213164394,-0.0801657672137551,-0.01606369059580781,586.1961502100396,20.389130844763088
3.63,0.680039280239419,0.6948378367155994,-0.0738223270557313,-0.014798556476180447,-1.9821300156763755e-10,15.487874732525938
3.635,0.6790517711856526,0.692688450831496,-0.0679952767766403,-0.013636679645843364,-390.79743347423715,11.416579600462228
3.64,0.6781579971011613,0.6905390649473927,-0.061698484237328,-0.012381067846231386,1172.3923004200453,7.288408546787764
3.645,0.6773591996432846,0.6878034829130792,-0.0519984243623102,-0.01044428326979463,195.39871673806093,2.3508959810835677
3.65,0.6766560900991118,0.6858494957457124,-0.0457288263324092,-0.00919340564660065,-3126.3794677863257,0.0026157813518921103
3.655,0.676048504502074,0.6837001098616091,0.0002526701514029,-0.00765160535953513,195.39871673503472,3.600590889459511
3.66,0.6755359101292508,0.6809645278272958,0.00026424475205,-0.005428617698044924,5471.164068626167,5.177141138847105
3.665,0.6751196883778021,0.6772519522092991,0.0002746545923997,-0.0021322638314970055,976.9935836842104,-1.8417539526017777
3.67,0.6748010577824687,0.6760795599088789,0.0002829824646794,-0.0012785021264102303,-2735.582034313058,-6.030577796014029
3.675,0.6745779284116081,0.6739301740247756,0.0002873444428392,0.0006477543868325109,781.5948669458948,-3.1822715806299016
3.68,0.674449691304812,0.6721715855741456,0.0002862333860391,0.0022781057306664465,781.594866946004,-6.741013402643603
3.685,0.6744171940256958,0.6709991932737257,0.000279593741439,0.003418000751970074,-976.9935836829726,-17.72478977740178
3.69,0.6744786284247007,0.6700221996900422,0.000263930587271,0.0044564287346585685,-390.7974334733469,-25.260702206837777
3.695,0.6746307442066625,0.6692406048230957,0.0002490997442726,0.0053901393835668054,-195.39871673717062,-27.56717119625432
3.7,0.6748701443523571,0.6686544086728856,0.0002314842707139,0.006215735679471535,-390.7974334726916,-24.680167573890003
3.705,0.6751933182523016,0.6682636112394121,0.000210490932875,0.006929707012889419,4.695266397902742e-10,-11.051520039713637
3.71,0.675596671916585,0.6678728138059389,0.0001879454634439,0.007723858110646131,195.39871673600794,2.3757075942256165
3.715,0.6760802359950387,0.6676774150892022,0.0001630081289071,0.00840282090583655,-390.7974334735704,-12.474271841554355
3.72,0.6766471595973446,0.6676774150892022,0.0449883303224934,0.008969744508142363,-586.1961502095609,-47.391471382228076
3.725,0.6772938731424688,0.6676774150892022,0.0481997272909183,0.009616458053266608,3.1022295843285974e-10,-53.472614599301494
3.73,0.6780091331227943,0.6676774150892022,0.0517571404269568,0.010331718033592119,195.39871673645163,-23.94242586519863
3.735,0.678786838223209,0.6676774150892022,0.0556282561968947,0.011109423134006757,-5.597655672318069e-10,-7.257356376880068
3.74,0.6796291198783351,0.6678728138059389,0.0588464427834697,0.011756306072396194,586.1961502101987,-17.578933072560346
3.745,0.6805351888113945,0.6678728138059389,0.0633638049644692,0.01266237500545564,195.39871673742906,-21.88895141229682
3.75,0.6814998625075899,0.6682636112394121,0.0662204999709775,0.013236251268177734,-1172.3923004199364,-18.05228342206607
3.755,0.6825213459739524,0.6688498073896222,0.0683856373462262,0.013671538584330234,-7.972289495228324e-10,-29.095523030671018
3.76,0.6835994720591463,0.6690452061063589,0.0727890846642691,0.014554265952787415,781.59486694643,-40.90428631003283
3.765,0.6847272574274608,0.6694360035398322,0.0764635723994163,0.015291253887628531,-195.39871673622295,-35.96214119197941
3.77,0.685898853009974,0.670217598406779,0.0784040642661701,0.015681254603195027,390.79743347339934,-26.65124458189098
3.775,0.6871120188856096,0.6704129971235157,0.0834841405319696,0.016699021762093924,586.1961502101469,-12.128390221313879
3.78,0.6883620432188806,0.6715853894239355,0.0838618425937735,0.016776653794945084,195.39871673681694,10.625271178944644
3.785,0.6896489791038171,0.6721715855741456,0.0873548744657799,0.01747739352967148,-586.1961502104919,19.260684306920666
3.79,0.6909769142956451,0.673734775308039,0.0861677679944884,0.01724213898760607,-1367.7910171566373,1.318070312670386
3.795,0.6923487633532619,0.6749071676084589,0.0871540844520374,0.017441595744802973,586.1961502102198,-24.24085811072183
3.8,0.6937627269245742,0.6760795599088789,0.0883497164642545,0.017683167015695278,1367.7910171561675,-30.956408388227487
3.805,0.6952126897042571,0.6772519522092991,0.0897266392269405,0.017960737494957968,-781.5948669465902,-20.731226904183274
3.81,0.6966952402475575,0.6792059393766657,0.0873572619202113,0.017489300870891733,-1172.3923004195567,-16.781472293837396
3.815,0.6982098017484141,0.6805737303938224,0.0880790586699286,0.017636071354591665,-195.3987167369852,-23.949907119633608
3.82,0.6997537230376903,0.6823323188444524,0.0869937780084698,0.0174214041932379,195.39871673659354,-32.32408054387754
3.825,0.7013233180134392,0.6837001098616091,0.0879909415980147,0.01762320815183005,781.5948669471669,-38.11135218867573
3.83,0.7029142253878536,0.6852632995955026,0.088118894678055,0.017650925792351058,390.7974334734201,-39.02825633928989
3.835,0.7045209144187887,0.6868264893293958,0.0883255827455484,0.017694425089392896,195.39871673605444,-31.202901872975232
3.84,0.7061386359458581,0.6887804764967627,0.0866333074902247,0.017358159449095467,195.39871673637282,-13.725409709765948
3.845,0.7077635627081231,0.690343666230656,0.0869320848291816,0.01741989647746711,-1172.392300419708,3.97171551924324
3.85,0.7093957518098315,0.6930792482649695,0.0814048936041712,0.016316503544862027,1.1368683772161603e-10,9.371017801244562
3.855,0.7110375374717328,0.694447039282126,0.082765535418475,0.016590498189606784,976.993583683271,4.439250493106165
3.86,0.7126895446952922,0.6969872225997028,0.0783148895011881,0.015702322095589416,-781.5948669462116,-3.6242107856326697
3.865,0.714352209727419,0.6991366084838061,0.0758711725638814,0.015215601243612875,-976.9935836828913,-11.481771160787744
3.87,0.7160244538527339,0.7014813930846462,0.0724980797246527,0.014543060768087757,-195.39871673689424,-14.735690602803999
3.875,0.7177039552643959,0.7036307789687495,0.0701391948333314,0.014073176295646417,781.5948669461985,-13.084049643198195
3.88,0.7193889975109956,0.7055847661361163,0.0687857500463722,0.013804231374879294,976.9935836827758,-9.793697589941738
3.885,0.7210780383920609,0.7077341520202196,0.0664770488846831,0.013343886371841251,-390.7974334729769,-6.033787035308116
3.89,0.7227700916204343,0.7100789366210597,0.0632066609453186,0.012691154999374565,1.3901626516599208e-09,1.1524795856136976
3.895,0.7244646654128241,0.7124237212218996,0.0599490718816113,0.012040944190924496,1172.3923004198298,19.07792979295918
3.9,0.7261617023940142,0.7145731071060031,0.0576809491900471,0.01158859528801115,-1172.3923004210662,42.88693497258456
3.905,0.7278649888062708,0.7176994865737898,0.0505592312109665,0.010165502232481027,-2344.784600839894,50.25441064602976
3.91,0.7295829077615288,0.7202396698913666,0.0464417570783965,0.009343237870162224,390.7974334739953,33.08207561545532
3.915,0.7313218955073739,0.72238905577547,0.0443848445303243,0.008932839731903952,976.9935836835148,8.934927788009091
3.92,0.7330839621336238,0.7247338403763098,-0.00028329161462,0.008350121757313977,-390.79743347397823,-6.081700661442952
3.925,0.7348684675917486,0.7268832262604134,-0.0002864416029597,0.007985241331335269,-1172.3923004202677,-14.675112862225575
3.93,0.7366738004380874,0.7290326121445166,-0.0002889615936315,0.007641188293570744,-1172.3923004191834,-32.032691867128165
3.935,0.7384986233587338,0.7307912005951467,-0.0002898274263369,0.007707422763587157,781.5948669464739,-50.39716215165165
3.94,0.7403377475620575,0.7319635928955668,-0.0002882197728372,0.008374154666490718,1758.5884506293,-34.9368653985508
3.945,0.742180330116462,0.7329405864792501,0.045915235015518,0.009239743637211917,195.39871673724832,0.3552323741439345
3.95,0.7440254063433821,0.7343083774964068,0.0483100509854996,0.00971702884697534,586.1961502109525,11.232032819350604
3.955,0.745878650999535,0.7350899723633534,0.0536796125077906,0.010788678636181603,1172.392300420062,19.18718594638206
3.96,0.7477371320144357,0.7362623646637734,0.0571260071001938,0.01147476735066233,-781.5948669473087,42.15497333220047
3.965,0.7496048180407717,0.7378255543976668,0.0586646998579023,0.011779263643104887,-781.5948669470856,38.78723523243052
3.97,0.7514921117611644,0.7389979466980869,0.0622544763138256,0.012494165063077434,390.7974334735529,7.095492905479702
3.975,0.7534009862135047,0.7403657377152436,0.0649721089745924,0.013035248498261098,1.0764722446765748e-10,-14.116591389520337
3.98,0.7553291328188008,0.7417335287324003,0.0677836593031681,0.013595604086400481,-3.1016611501399893e-10,-18.187612920715104
3.985,0.7572742510106392,0.743101319749557,0.0706769629270477,0.014172931261082211,1172.3923004198323,-11.419122736245733
3.99,0.7592340785959553,0.7444691107667136,0.0736413298083897,0.014764967829241638,1172.3923004205512,13.52642413209881
3.995,0.7612064248192547,0.7460323005006069,0.0756881591681926,0.015174124318647841,-1758.5884506297082,39.025889148835915
4.0,0.7631955299698917,0.748377085101447,0.0739094492875626,0.014818444868444747,-3126.379467787066,20.173852873740543
4.005,0.7652110340634831,0.7503310722688137,0.0742144834953305,0.014879961794669438,-8.533334039384499e-10,-39.431884553240465
4.01,0.7672525128297588,0.7516988632859705,0.0775797317424085,0.01555364954378835,2735.582034312711,-79.78555997453995
4.015,0.7693082525961982,0.7528712555863905,0.0819927665138602,0.01643699700980772,781.5948669477066,-69.15489482693629
4.0200000000000005,0.7713655952910038,0.7544344453202838,0.0844594191116734,0.016931149970719983,-1563.1897338920674,-35.254467960041694
4.025,0.7734182948574259,0.7563884324876504,0.0849485411817202,0.01702986236977544,586.1961502101568,-14.699312818323621
4.03,0.7754656224587989,0.7573654260713338,0.090295509170152,0.018100196387465073,390.7974334724597,-15.374474133837492
4.035,0.7775059063792054,0.7593194132387007,0.0907220810955049,0.01818649314050469,-390.79743347373795,-27.74061243584983
4.04,0.7795378950203262,0.7610780016893307,0.092084002416251,0.018459893330995514,2540.183317577311,-25.389250026250757
4.045,0.7815557126874031,0.762054995273014,0.0972840591278523,0.01950071741438908,-586.1961502100397,8.644857215784363
4.05,0.7835546723631499,0.7651813747408006,0.0916402587238643,0.018373297622349294,-3907.9743347342583,33.06470972006821
4.055,0.7855423245319931,0.7671353619081673,0.0918020724163835,0.018406962623825796,781.5948669466895,16.69375709895434
4.0600000000000005,0.787524599344486,0.7690893490755342,0.0919360012704592,0.018435250268951875,3321.778184524318,3.9285133334471034
4.065,0.7894988066226957,0.7706525388094273,0.093983931334966,0.01884626781326837,-390.7974334739291,25.00577074996908
4.07,0.791464369721433,0.7735835195604776,0.0891488166280767,0.01788085016095542,-3126.379467787776,37.258902641214405
4.075,0.7934290874728435,0.7759283041613175,0.0872397609050056,0.017500783311525936,195.39871673686864,11.975846048528894
4.08,0.7953989892647408,0.7782730887621575,0.0853572195197217,0.017125900502583336,2930.9807510503388,-10.474904380970653
4.085,0.7973704259850779,0.779836278496051,0.087390802419651,0.01753414748902693,-1172.3923004200778,-3.3929795984023072
4.09,0.7993404338204584,0.783353455397311,0.07964768530459,0.015986978423147336,-1367.791017157232,3.630480042176109
4.095,0.8013123472550182,0.7853074425646777,0.0797291988923617,0.01600490469034055,2735.582034312582,5.177538047290508
4.1,0.8032853104089872,0.7876522271655179,0.0778624472996182,0.015633083243469348,-195.39871673512172,22.541362068291747
4.105,0.805258481762707,0.7909740053500411,0.0711121474990587,0.014284476412665836,-3517.1769012582567,31.703678833280577
4.11,0.8072387965683747,0.7939049861010912,0.0663507049352497,0.013333810467283547,-1172.3923004205808,3.2601781197180166
4.115,0.8092313708702117,0.7966405681354046,0.0626291760033492,0.01259080273480706,2344.7846008393044,-31.09312863486617
4.12,0.8112325959774537,0.7985945553027713,0.0628590233272791,0.012638040674682327,2540.183317577311,-22.539629718637624
4.125,0.8132342747556525,0.8011347386203479,0.0601614267300331,0.012099536135304567,-390.7974334731695,20.270935390699385
4.13,0.8152356155075895,0.804065719371398,0.0555080174543499,0.01116989613619146,-1367.7910171578005,44.722433448785175
4.135,0.8172446537893105,0.8069967001224482,0.0508941376836103,0.010247953666862375,-6.729123924742453e-10,33.169989691965185
4.14,0.819268126094173,0.8099276808734982,0.046353261513397,0.009340445220674787,586.1961502110724,20.56685717547505
4.1450000000000005,0.8213072304046352,0.8128586616245482,-0.0003516317413971,0.008448568780086929,-1172.3923004194378,30.599413428838105
4.15,0.8233632977268963,0.8161804398090716,-0.0003526153027014,0.007182857917824692,-2930.980751050395,41.389434480698554
4.155,0.8254425714588011,0.8193068192768583,-0.0003534021517447,0.006135752181942733,-1563.18973389339,26.34549638671102
4.16,0.8275517298191877,0.8216516038776983,-0.0003505811514835,0.005900125941489365,586.1961502098977,-6.201945377881074
4.165,0.8296920663862895,0.8234101923283283,-0.0003448738717784,0.006281874057961101,976.993583682925,-31.160926497478357
4.17,0.8318597678674342,0.8247779833454851,-0.0003345572488545,0.007081784521949075,976.9935836830672,-39.73518333396214
4.175,0.8340495132417222,0.8257549769291685,-0.0003182528316913,0.008294536312553613,976.9935836835282,-38.75278279722222
4.18,0.8362562509451384,0.8265365717961152,0.0483023877258114,0.009719679149023275,390.79743347395004,-32.73207445772995
4.1850000000000005,0.8384751768417658,0.8273181666630619,0.0555148898429475,0.011157010178703852,-3.467448550509289e-11,-24.73775167600943
4.19,0.8407024262695034,0.8279043628132718,0.0637477347645646,0.012798063456231579,390.79743347313547,-23.1337682417601
4.195,0.8429363251119617,0.8284905589634819,0.0720129116923165,0.01444576614847981,781.5948669471928,-27.83094851793197
4.2,0.8451735560888524,0.828881356396955,0.0812698606621087,0.016292199691897324,586.1961502100395,-29.803428038093852
4.205,0.8474098242840687,0.8296629512639019,0.088564202465452,0.017746873020166865,586.1961502093291,-23.188827430688047
4.21,0.8496418094546678,0.8302491474141118,0.0968099276969943,0.019392662040556008,-2.2737367544323206e-13,-5.393967646654943
4.215,0.8518658709300487,0.8314215397145318,0.1020805475156441,0.02044433121551692,-586.1961502098976,8.125579185930036
4.22,0.8540839975395191,0.8325939320149518,0.1073167378963083,0.021490065524567337,586.1961502097241,-2.585495228114411
4.225,0.856299071082255,0.8337663243153719,0.112533858856553,0.022532746766883105,1758.5884506304092,-18.527400082885034
4.23,0.8585082459225925,0.8353295140492653,0.11576330570821,0.023178731873327196,-586.1961502099814,-11.72863926825677
4.235,0.8607068392454598,0.837283501216632,0.1169802027421023,0.02342333802882779,-4103.373051470616,-5.1278519359273105
4.24,0.8628960272038042,0.840214481967682,0.1132628813041899,0.022681545236122203,-195.3987167365844,-23.50516105423261
4.245,0.865077446780394,0.841386874268102,0.1182990313858673,0.023690572512292007,4103.3730514704175,-26.479540119766504
4.25,0.8672422135312189,0.843145462718732,0.1203192833680083,0.024096750812486856,-5.684341886080801e-10,5.889952952032601
4.255,0.8693873885260041,0.8458810447530456,0.1173552860758037,0.02350634377295846,-2930.9807510504806,20.314870352963233
4.26,0.8715203253647167,0.8482258293538855,0.1162841772698535,0.023294496010831223,-976.9935836831198,-0.7756503391881822
4.265,0.8736425544352417,0.8507660126714622,0.1141814595588477,0.022876541763779512,1758.588450630232,-17.54619268666022
4.2700000000000005,0.8757506775746511,0.8525246011220923,0.1159164755024824,0.023226076452558808,586.1961502097304,-21.407681633864996
4.275,0.8778421688577682,0.855064784439669,0.1136594388504788,0.022777384418099178,-3.708464646479115e-10,-28.71990557679912
4.28,0.8799157239683343,0.8578003664739824,0.1103349925684821,0.022115357494351895,4103.373051469992,-12.895963365765368
4.285,0.8819648241119491,0.8593635562078759,0.1127484946471526,0.02260126790407324,-390.7974334733125,49.10136480859497
4.29,0.8839867446401903,0.8640531254095558,0.0993951109843461,0.019933619230634525,-5861.961502099967,93.30573531216103
4.295,0.8859976242344187,0.8677657010275525,0.0908733684691825,0.018231923206866285,-781.5948669473353,64.6659893406841
4.3,0.8880128409550274,0.8708920804953393,0.0853046444965698,0.017120760459688134,2735.582034312213,18.76717666774934
4.305,0.8900338749604895,0.8744092573965994,0.0778090011888742,0.015624617563890109,586.1961502112663,21.013096347384412
4.3100000000000005,0.8920586789021869,0.877535636864386,0.0722868801758002,0.01452304203780097,-3517.1769012585155,44.229371912225155
4.315,0.8940923434668294,0.8820298073493293,0.059971805708361,0.012062536117500078,-2735.5820343138685,25.35623590603305
4.32,0.8961452715780153,0.8845699906669061,0.0575243436238266,0.011575280911109154,2344.7846008393053,-30.12529606323391
4.325,0.89821725912535,0.8871101739844829,0.0551744159305526,0.011107085140867112,2735.5820343133273,-62.367267535282075
4.33,0.9002979752184189,0.8892595598685864,0.0548227577418966,0.01103841534983252,390.797433473311,-51.7996509570676
4.335,0.9023784966399884,0.8919951419028997,0.0515408072913907,0.010383354737088624,390.79743347331316,-26.127629510172156
4.34,0.9044544225558628,0.8943399265037396,0.050191195957134,0.010114496052123223,2735.582034312541,1.1015315861584671
4.345,0.9065242563597874,0.8970755085380532,0.0468570503178142,0.009448747821734216,1563.1897338937504,39.709093136078124
4.3500000000000005,0.908588485960837,0.9002018880058399,-0.000389862220925,0.008386597954997077,-5080.3666351525135,73.39282343906356
4.355,0.9106556398163336,0.9050868559242566,-0.0003912508051476,0.005568783892076934,-6057.3602188369905,62.39296403478596
4.36,0.9127398745264766,0.90840863410878,-0.0003923616725257,0.0043312404176966135,-1.4279066817834973e-10,16.71379928438946
4.365,0.9148460398330654,0.9109488174263566,-0.0003909500467642,0.0038972224067088668,2344.7846008407255,-14.710632449635199
4.37,0.916970981216817,0.9129028045937232,-0.000385220106827,0.004068176623093778,781.5948669469092,-21.780656460351125
4.375,0.9191121702092676,0.9146613930443532,-0.0003737351958853,0.004450777164914377,390.7974334728856,-23.909857321770097
4.38,0.9212670953994084,0.91602918406151,-0.0003599466278039,0.0052379113378984155,976.9935836820721,-21.80576903953242
4.385,0.9234322502884798,0.9170061776451937,-0.0003385643348509,0.006426072643286096,3.333298081997782e-10,-7.779844170418379
4.39,0.9256043072169292,0.9181785699456134,-0.0003134073816645,0.007425737271315791,-976.9935836817219,0.18821188660675858
4.3950000000000005,0.9277844743016628,0.91896016481256,0.0438351665853907,0.008824309489102733,195.3987167362659,-20.200877775805033
4.4,0.9299748368252092,0.9193509622460336,0.0528592138923152,0.010623874579175574,1563.1897338929505,-46.30429629756306
4.405,0.9321690304607024,0.91954636096277,0.0628799167705082,0.012622669497932448,1758.5884506308284,-44.538637230007325
4.41,0.934358483346472,0.9197417596795068,0.0728773210423578,0.014616723666965203,390.7974334730279,-25.979035604280497
4.415,0.9365396144693016,0.9203279558297168,0.0808760029664695,0.016211658639584736,-976.99358368392,-14.564888678735198
4.42,0.938710708143488,0.9211095506966636,0.0878450029711439,0.017601157446824445,-195.39871673701106,-11.145610493344783
4.425,0.940870247291856,0.9216957468468736,0.0957289227367139,0.019174500444982367,586.19615020988,-9.1691206489431
4.43,0.9430169463275784,0.9224773417138202,0.1025682074004156,0.020539604613758145,1.0290364116372075e-09,-6.953563147358203
4.4350000000000005,0.9451497833178726,0.9234543352975034,0.1083549850098337,0.021695448020369157,586.1961502107469,-0.5791915319311443
4.44,0.9472680287780946,0.9244313288811868,0.1140649925339531,0.02283669989690773,976.9935836829605,17.42527051475983
4.445,0.9493712689842034,0.9256037211816068,0.1187199302558741,0.0237675478025966,-1367.7910171570904,36.528239314891735
4.45,0.951463376303504,0.9275577083489736,0.119406488930997,0.02390566795453042,-2149.3858841037154,28.34396130566777
4.455,0.9535521295613634,0.929120898082867,0.1220287725635263,0.02443123147849635,586.1961502100397,-5.210661755796167
4.46,0.9556395171431216,0.9304886891000236,0.1256188777171977,0.025150828043097984,1367.7910171570907,-28.326801627970504
4.465,0.9577207090106584,0.9318564801171804,0.1291761293541321,0.02586422889347806,-195.39871673663703,-26.864696366001656
4.47,0.959791240635192,0.933810467284547,0.1297487492283309,0.02598077335064497,2149.3858841024653,-7.743223069664161
4.4750000000000005,0.9618486805304608,0.935178258301704,0.1331866113699177,0.026670422228756818,2930.9807510496066,33.51419042146925
4.48,0.9638916820833492,0.9373276441858072,0.1326406331155042,0.026564037897542025,-3321.778184522972,77.28095085582063
4.485,0.9659283008977,0.9412356185205404,0.1232680095955929,0.024692682377159603,-4689.569201680601,75.88841766164853
4.49,0.9679743556780142,0.943971200554854,0.119804246111702,0.024003155123160202,976.9935836827835,36.86474177584537
4.495,0.9700368510632325,0.9467067825891672,0.1164213104557829,0.02333006847406527,3321.7781845243635,15.917081078385195
4.5,0.9721151498368488,0.9490515671900072,0.1150702787519815,0.023063582646841607,-586.1961502096134,20.161773386037112
4.505,0.9742111957688336,0.9525687440912672,0.1079474415317955,0.0216424516775664,-2735.5820343150344,14.381110691062872
4.51,0.9763299816409317,0.9558905222757909,0.1019164337509551,0.0204394593651408,781.5948669456855,1.3154234549894568
4.515,0.97847149678789,0.9582353068766308,0.1008837990270812,0.020236189911259195,390.7974334754206,5.195542468063962
4.5200000000000005,0.980633232200954,0.961752483777891,0.0940912613028629,0.018880748423062976,1.4979377738200128e-09,14.669036174844123
4.525,0.9828190695438568,0.9644880658122044,0.0913279732995573,0.018331003731652418,2930.980751049108,24.891500976885624
4.53,0.9850300970593832,0.9670282491297812,0.0896682423326386,0.01800184792960191,-1953.9871673665618,39.476899387269654
4.535,0.987268583072908,0.9713270208979876,0.0793545018340645,0.015941562174920376,-4103.373051469706,23.653079945377954
4.54,0.9895454677171964,0.9746487990825112,0.0741178844330924,0.014896668634685195,3126.3794677860715,-10.461440500365399
4.545,0.9918595142744312,0.9767981849666146,0.0749303178790802,0.015061329307816562,2344.7846008394463,-3.3855802196577542
4.55,0.9942029972543392,0.9805107605846112,0.0680750085930706,0.013692236669728075,-2735.582034313628,20.162154383158963
4.555,0.9965814017079262,0.9840279374858714,0.0623721193184192,0.012553464222054833,-781.594866945641,10.24486208776213
4.5600000000000005,0.9989993000905923,0.9869589182369212,0.0597994858474717,0.012040381853671178,1367.7910171573774,-10.553974111062985
4.565,1.0014544075277765,0.9902806964214448,0.0554603548075509,0.011173711106331696,1758.588450629213,-13.660173533325377
4.57,1.0039446210880425,0.9932116771724948,0.0532518970110537,0.010732943915547688,-390.79743347359664,-5.083687357228058
4.575,1.0064679777598702,0.9969242527904916,0.0473009546463131,0.009543724969378609,-3907.97433473369,-1.4468239415066932
4.58,1.009025300073157,1.0010276258419617,-0.000421548307695,0.00799767423119535,-195.39871673701148,-4.321488693648348
4.585,1.0116170287168504,1.0035678091595384,-0.0004246507933876,0.008049219557312082,1563.1897338936753,1.7807347052219882
4.59,1.0142398902219942,1.0064987899105884,-0.0004248324622777,0.007741100311405846,-2149.385884103147,6.882286553480014
4.595,1.0168972389100237,1.0100159668118485,-0.0004226774777257,0.0068812720981752395,586.1961502092344,5.097228320623827
4.6000000000000005,1.01959017226926,1.0111883591122686,-0.0004186531704202,0.0084018131569914,976.9935836823918,15.166978517141416
4.605,1.022315490625944,1.0141193398633186,-0.0004073826057518,0.008196150762625365,-2149.3858841033375,3.7055897340224533
4.61,1.0250812434432737,1.0156825295972118,0.046602104035284,0.009398713846061835,1172.3923004203627,-50.759251853238055
4.615,1.0278869508431272,1.016854921897632,0.0547883144200244,0.011032028945495265,3517.1769012600944,-74.86560451681913
4.62,1.0307168093337702,1.0178319154813154,0.0640752478238729,0.012884893852454837,781.5948669467668,-29.986176741091626
4.625,1.0335608603097208,1.0193951052152086,0.0705033919285604,0.014165755094512233,-2149.3858841035726,10.44867289252332
4.63,1.0364220043362324,1.0211536936658387,0.076039840762816,0.015268310670393692,-1758.5884506309712,-29.55403281532717
4.635,1.0393072328489836,1.0225214846829955,0.0836494154841627,0.0167857481659881,2540.1833175764714,-100.82423166039477
4.64,1.0422072771235529,1.0234984782666787,0.0932825787332927,0.018708798856874154,3712.5756179977566,-71.45591687120228
4.6450000000000005,1.0450965144281008,1.024475471850362,0.1028581251733751,0.02062104257773889,-1953.9871673669522,48.458166675404904
4.65,1.047971803464072,1.0274064526014122,0.1025888285469255,0.02056535086265976,-2930.9807510502974,98.78837290074
4.655,1.0508572491302004,1.0289696423353054,0.1092051374475916,0.021887606794894987,976.9935836836348,42.35057390389036
4.66,1.0537640415244638,1.0309236295026722,0.1139708866540032,0.022840412021791545,390.7974334733124,-14.051623420243978
4.665,1.0566882253281833,1.0330730153867755,0.1178428042301314,0.023615209941407755,1563.1897338932497,-16.583793101717603
4.67,1.059626341878633,1.0350270025541424,0.1227606433681511,0.024599339324490543,2344.7846008395895,22.628134587848102
4.675,1.0625753913986296,1.0371763884382457,0.1267532648462064,0.025399002960383887,-3321.778184523554,61.75978652506292
4.68,1.0655421207334774,1.0412797614897158,0.121063188582302,0.024262359243761633,-4494.170484942209,33.784976072573556
4.6850000000000005,1.0685413754761273,1.0436245460905555,0.1243266026672219,0.024916829385571715,195.3987167375626,-54.355482453296204
4.69,1.071573137875523,1.0463601281248691,0.125798054873666,0.025213009750653992,4494.170484942867,-102.35080866791156
4.695,1.0746199625367483,1.0479233178587624,0.133205219335655,0.026696644677985937,4298.771768206434,-55.22581218059746
4.7,1.0776650378223156,1.0504635011763392,0.1357185707162055,0.027201536645976354,-3907.974334734118,12.518123718478604
4.705,1.080708801771825,1.0545668742278094,0.1304081879593851,0.026141927544015564,-3712.5756179968193,4.815814690459877
4.71,1.0837625947616747,1.0578886524123328,0.1290560918687398,0.025873942349341927,5861.961502100253,-33.00139077296719
4.715,1.0868204113050757,1.0596472408629627,0.1355378955994443,0.02717317044211298,-195.39871673701714,-11.275026541712904
4.72,1.089870624508291,1.064923006214853,0.124396365149887,0.024947618293438056,-7815.948669464742,12.459509632092686
4.7250000000000005,1.0929217897457282,1.0690263792663228,0.1191208598352806,0.023895410479405355,2344.784600843116,-25.189345693237485
4.73,1.0959778520356231,1.0713711638671628,0.1226622248055052,0.024606688168460344,6057.360218835254,-46.11194237099837
4.735,1.0990253966034136,1.074888340768423,0.1202997440384516,0.024137055834990484,-4103.37305147198,-17.472551452187105
4.74,1.102059087997977,1.079577909970103,0.1120065994034416,0.02248117802787397,-4494.170484943303,-24.631408843448625
4.745,1.1050851199357614,1.0832904855880998,0.1085605762031739,0.0217946343476616,3907.9743347341155,-77.10870579473146
4.75,1.108096859843901,1.085439871472203,0.1128594021643263,0.022656988371697828,3517.176901260235,-91.28301475840725
4.755,1.111076328333928,1.08973864324041,0.1062502301265405,0.021337685093518077,-1172.3923004207884,-54.83319039044308
4.76,1.1140140588676002,1.0928650227081966,0.1052945606187944,0.021149036159403556,-3712.57561799717,-28.64691339509011
4.765,1.1169077387831552,1.0977499906266135,0.0953270305749142,0.0191577481565417,-976.9935836826414,-40.4200431763752
4.7700000000000005,1.1197558518786848,1.1006809713776635,0.0949026701138233,0.01907488050102124,6643.556369047828,-54.914048730709766
4.775,1.1225507043700482,1.1036119521287135,0.0942128609087675,0.018938752241334678,3712.575617995895,-27.05697619207527
4.78,1.1252818188339773,1.1079107238969204,0.0863672400620804,0.017371094937056908,-8206.746102940833,18.462385204572172
4.785,1.1279503110458755,1.113968084115757,0.0694158824073183,0.013982226930118413,-8402.14481967685,14.53385685252502
4.79,1.1305649027572862,1.1182668558839637,0.060988217867449,0.012298046873322477,6252.758935572852,-29.88756400157007
4.795,1.133125021195842,1.120611640484804,0.0620594756513159,0.012513380711037803,11723.923004199793,-34.15287163207594
4.8,1.135619637505464,1.1233472225191172,0.0608503179040916,0.01227241498634668,-2344.7846008388087,23.992779156588085
4.805,1.1380449472559462,1.129795380171427,-0.0005140701668257,0.008249567084519072,-10160.733270305056,78.32303555902266
4.8100000000000005,1.140411870206879,1.1348757468065809,-0.0005159206781721,0.005536123400298187,-3712.5756179962586,79.84992680076817
4.815,1.142734082005345,1.1391745185747877,-0.0005151007675852,0.003559563430557411,976.9935836819227,47.989724112636225
4.82,1.1450199238970895,1.1426916954760478,-0.0005109943596196,0.0023282284210417448,3712.5756179969635,27.753455324984927
4.825,1.1472722753708386,1.1450364800768875,-0.0005031085939193,0.002235795293951126,2540.1833175773113,47.14165381770556
4.83,1.1494917883002085,1.1477720621112009,-0.000485298383039,0.0017197261890076199,-3321.7781845240775,82.11256032780446
4.835,1.151687280807752,1.1510938402957245,-0.0004606987758468,0.0005934405120275876,-2344.784600839874,79.18146980856405
4.84,1.1538746050700537,1.1526570300296175,-0.0004341181311011,0.0012175750404361807,1953.9871673666653,41.73809872512013
4.845,1.1560612108764134,1.1540248210467745,-0.0004036523366486,0.0020363898296389404,1563.1897338928716,14.794737250412853
4.8500000000000005,1.158247555676434,1.155001814630458,-0.0003723787420947,0.0032457410459760805,390.7974334743101,4.782887097433962
4.855,1.1604358036755482,1.1557834094974044,-0.0003393087476275,0.004652394178143782,195.39871673689004,4.248256287411413
4.86,1.1626254348565992,1.1563696056476145,-0.0003059517930618,0.006255829208984709,-1.278749550692737e-09,18.12859219228467
4.865,1.164815842092253,1.156760403081088,-0.0002723652704173,0.0080554390111649,390.7974334737385,28.138540116345357
4.87,1.167012490866837,1.1569558017978243,0.0500437000919188,0.010056689069012581,1172.3923004213577,19.04154648372055
4.875,1.1692194547187202,1.1569558017978243,0.0611103661643171,0.012263652920895929,781.5948669463402,8.335702507480569
4.88,1.1714368622472635,1.1571512005145612,0.0712516384728955,0.014285661732702293,-195.39871673786402,5.635948753167362
4.885,1.173665683101434,1.1575419979480346,0.0804701886555116,0.01612368515339946,781.5948669463817,8.97011707464818
4.89,1.1759068847003866,1.1577373966647713,0.0907230996897283,0.018169488035615355,586.1961502109474,22.911838608330207
4.8950000000000005,1.1781601631891476,1.158323592814981,0.0990764785211608,0.01983657037416653,-1172.3923004199432,27.897734667309535
4.9,1.1804315283432811,1.1594959851154014,0.104583416181006,0.020935543227879716,195.39871673615198,8.739079550825053
4.905,1.182725806820469,1.1598867825488746,0.1141081797929366,0.022839024271594344,976.9935836839197,-2.0126844630390366
4.91,1.1850386909106136,1.1612545735660311,0.1188360813930695,0.023784117344582523,-976.9935836827829,1.763064922074193
4.915,1.1873713530749488,1.1624269658664512,0.1246347790614694,0.024944387208497565,-390.7974334733117,-12.180195913488049
4.92,1.1897263597179215,1.1639901556003445,0.1285882918064317,0.025736204117577044,1758.5884506292655,-28.650890040326864
4.925,1.1920985650175095,1.164967149184028,0.1355575926259396,0.027131415833481443,195.3987167360125,-18.035616141963494
4.93,1.1944823545692913,1.167311933784868,0.1357414603734782,0.02717042078442322,-2149.3858841023175,-6.05474189228962
4.9350000000000005,1.1968787917581112,1.1692659209522347,0.1379401842356803,0.027612870805876488,-1758.588450628859,-26.95115664834909
4.94,1.1992886398485814,1.171415306836338,0.1392282237919673,0.027873333012243373,1172.3923004201865,-64.94049074205816
4.945,1.2017059785548605,1.173173895286968,0.1425059572504463,0.028532083267892583,3712.575617995968,-71.77909799310467
4.95,1.2041182643991426,1.174541686304125,0.1477121666507642,0.02957657809501768,-9.955556379281916e-10,-32.49928953465611
4.955,1.206515184917016,1.1778634644886483,0.143070265889939,0.02865172042836761,-2735.5820343131854,5.451971664599256
4.96,1.208899449122982,1.180403647806225,0.1422719797504985,0.028495801316757108,-976.993583682925,8.336485252015713
4.965,1.2112739115550428,1.183334628557275,0.1394698350511138,0.027939282997767823,-586.1961502105179,-2.95312470711486
4.97,1.2136376459917648,1.186265609308325,0.136615660676259,0.027372036683439793,1367.7910171564072,-8.677113944765516
4.9750000000000005,1.2159904949541938,1.1886103939091652,0.136637027602303,0.027380101045028526,2149.385884104044,-2.232219209762512
4.98,1.2183299018807838,1.191541374660215,0.1336593939351566,0.026788527220568792,-1172.392300420041,14.351422532140695
4.985,1.220656258000523,1.1950585515614751,0.1276860279121763,0.025597706439047796,-2540.1833175771703,19.826980693410405
4.99,1.2229739845708285,1.1983803297459985,0.1226480598291251,0.024593654824830002,2.842170943040462e-10,5.542774475628789
4.995,1.2252855521165629,1.2015067092137852,0.1185575318896287,0.023778842902777653,1563.1897338931076,-8.77265665906198
5.0,1.2275897210425928,1.2042422912480988,0.1163838412053268,0.023347429794494,-9.947598300641614e-10,-5.883914135864764
5.005,1.2298839200767893,1.2079548668660955,0.1092763578523544,0.021929053210693716,586.1961502091856,7.9460963711143755
5.01,1.2321683386394175,1.2106904489004089,0.1070057598270884,0.02147788973900866,2540.183317576624,21.41469667108825
5.015,1.2344454779670664,1.2144030245184054,0.0998133033623813,0.020042453448660957,-1367.7910171544684,34.53865461864252
5.0200000000000005,1.2367177834576744,1.2183109988531389,0.0916215889715471,0.018406784604535487,-5861.961502098261,34.859859111830374
5.025,1.2389916404840655,1.2233913654882922,0.0775760444719068,0.015600274995773322,195.39871673637768,11.571327688526871
5.03,1.241272594151981,1.2257361500891324,0.0772453424827892,0.015536444062848709,6838.955085783176,2.4221792767776194
5.035,1.2435572674868978,1.2290579282736558,0.072049430215326,0.01449933921324198,-195.39871673701148,31.83381124032035
5.04,1.2458443420500265,1.233161301325126,0.0629596273580751,0.012683040724900563,-5080.366635154765,47.38469095926406
5.045,1.2481447811548405,1.2382416679602797,0.0490521912141124,0.00990311319456083,1953.9871673667042,27.60515770120324
5.05,1.250464860963051,1.2403910538443828,0.0498994220408359,0.010073807118668343,1367.7910171580543,24.65373858483541
5.055,1.2528015661788527,1.2458622179130094,-0.0004746045875561,0.006939348265843304,-4298.771768205512,35.70267431398439
5.0600000000000005,1.2551617560487565,1.2493793948142695,-0.0004774472557644,0.0057823612344869435,-2149.3858841027563,16.520782670006525
5.065,1.2575522762975198,1.253287369149003,-0.0004774210706671,0.004264907148516794,2344.7846008394013,-6.27662332589351
5.07,1.2599707299814558,1.2558275524665796,-0.0004762499627572,0.00414317751487614,2735.5820343124747,15.117438798882745
5.075,1.2624134322935108,1.2583677357841565,-0.0004695622772693,0.0040456965093542685,-2735.5820343136115,53.986491368791874
5.08,1.2648855061378232,1.262080311402153,-0.0004561610100551,0.0028051947356702023,-3126.3794677860715,46.569878657296044
5.085,1.2674001516056252,1.263838899852783,-0.0004385390372917,0.003561251752842276,1953.987167366987,-2.964945150125743
5.09,1.269960071009228,1.2654020895866764,-0.000416390340257,0.0045579814225515936,2149.3858841030215,-35.694421357147434
5.095,1.27255900411252,1.2665744818870963,-0.0003894701039733,0.005984522225423783,-2.034994395216927e-11,-34.89355616296747
5.1000000000000005,1.2751914596505205,1.2677468741875166,-0.0003552821567945,0.007444585463003861,-976.9935836833171,-28.709372340915124
5.105,1.2778542953928391,1.2687238677711998,0.045329957108305,0.009130427621639292,390.79743347361375,-32.81761120134233
5.11,1.2805447785055364,1.2691146652046732,0.0568583169094429,0.011430113300863187,2149.3858841038564,-35.86942195042445
5.115,1.28325731607424,1.2693100639214097,0.0694748572522853,0.013947252152830325,976.9935836830673,-29.632982782317825
5.12,1.2859872099630751,1.26989626007162,0.0802226234511431,0.01609094989145521,-781.5948669469087,-31.97157117171085
5.125,1.2887321967347731,1.2704824562218298,0.0910434490426666,0.01824974051294337,195.3987167367273,-51.118568274548814
5.13,1.2914891210403543,1.2710686523720398,0.1019220382862843,0.020420468668314484,1563.1897338926806,-43.25355005562578
5.135,1.2942469658032667,1.2714594498055134,0.1137772337068881,0.022787515997753305,-390.7974334723033,14.114310515931141
5.14,1.2969993931690993,1.2728272408226695,0.1207152323091651,0.024172152346429776,-1172.392300418748,52.82995640470154
5.1450000000000005,1.2997583697296655,1.2738042344063532,0.1296358505208638,0.025954135323312366,976.9935836818611,32.50587139660904
5.15,1.3025321406598267,1.2747812279900368,0.1386248494355832,0.027750912669789907,390.79743347244585,4.676716129952851
5.155,1.3053192384703731,1.27634441772393,0.1447450290852196,0.028974820746443086,-586.1961502090453,-0.6877015837865628
5.16,1.308119869383932,1.2779076074578233,0.1509292959171461,0.030212261926108708,1953.987167366845,8.693410274532646
5.165,1.3109342487415203,1.2794707971917167,0.157179442303004,0.03146345154980357,1367.7910171568067,42.70660364000157
5.17,1.313761891639832,1.28162018307582,0.1605591850289605,0.032141708564011884,-3321.778184523793,79.31213818011813
5.175,1.3166120939533816,1.28513735997708,0.1572104775750127,0.03147473397630174,-1953.9871673685445,64.80738508797609
5.18,1.3195009140311666,1.2872867458611836,0.1608919802917754,0.032214168169983015,1758.5884506307311,12.185912426037248
5.1850000000000005,1.3224320862441374,1.2900223278954968,0.1618527959444199,0.03240975834864068,2149.3858841056835,-12.640803065251447
5.19,1.3254017439430243,1.292953308646547,0.1620267216919282,0.03244843529647734,1172.3923004194166,17.566458637945118
5.195,1.3284064115262126,1.2958842893975973,0.1623715375404544,0.03252212212861538,-4689.569201681452,52.11089415582006
5.2,1.331451740572339,1.3007692573160137,0.1531509980497767,0.030682483256325277,-4689.569201680315,10.526478263558175
5.205,1.334552636258246,1.3038956367838006,0.1530011023976678,0.030656999474445445,3321.77818452422,-79.90808095826651
5.21,1.337703014813267,1.306045022667904,0.157985784038424,0.03165799214536302,4884.967918416331,-106.17829302987559
5.215,1.3408812869185012,1.3093668008524273,0.1572474276315849,0.03151448606607388,2540.1833175744923,-43.580798827361136
5.22,1.3440756585848497,1.3121023828867409,0.1595201143441169,0.031973275698108816,-3321.778184521072,32.99319833642855
5.2250000000000005,1.3472861852139486,1.317182749521894,0.1501493045164039,0.030103435692054648,-4689.5692016758185,48.144709961951364
5.23,1.3505260910882606,1.3214815212901008,0.1448342367294801,0.029044569798159836,4103.373051470065,12.130160986324057
5.235,1.3538003243429235,1.3240217046076777,0.1484844452814557,0.02977861973524587,5080.36663515178,8.262534554433117
5.24,1.3571024570334604,1.3294928686763046,0.137619805004744,0.02760958835715588,-3321.7781845242166,45.94411471430345
5.245,1.360435834466413,1.3339870391612478,0.1317956523964537,0.026448795305165085,-6448.157652309865,50.59362479784221
5.25,1.3638130189550042,1.3412167916805044,0.1125132118849617,0.022596227274499725,586.1961502108895,17.36352696184622
5.255,1.3672386596991313,1.343756974998081,0.1169225184115167,0.023481684701050165,2930.980751048776,4.6226425209298725
5.26,1.3707083704776897,1.3502051326503914,0.1020147493979693,0.020503237827298237,-781.5948669482862,6.50198837801679
5.265,1.3742261635680402,1.353917708268388,0.101026108724244,0.020308455299652195,-1172.3923004177113,-10.487499683351217
5.2700000000000005,1.3777931342440386,1.3593888723370149,0.0914922091728746,0.01840426190702371,195.39871673875766,-28.61647700426056
5.275,1.3814048480615184,1.3636876441052217,0.0880454231888241,0.017717203956296723,3126.379467785655,-22.661193932817042
5.28,1.3850568227543665,1.3675956184399551,0.0867562279950646,0.017461204314411338,-2149.3858841038573,-8.51166599034076
5.285,1.3887460967025604,1.3732621812253183,0.0768624262217534,0.01548391547724215,-3126.379467786781,-24.24683850534899
5.29,1.3924767748147406,1.3779517504269985,0.0720620847042824,0.01452502438774217,6252.758935573849,-46.59076094157045
5.295,1.3962413978251764,1.3804919337445751,0.0781795743126003,0.015749464080601294,195.39871673629943,-25.22395345295135
5.3,1.400028743586656,1.3873308888303586,0.0629189107661298,0.012697854756297478,-6252.758935575832,-7.699994307309211
5.305,1.403844160668425,1.3916296605985656,0.0605000437939807,0.012214500069859469,586.1961502100941,-42.44394227783124
5.3100000000000005,1.4076875051166604,1.3959284323667722,0.0582223825219882,0.011759072749888189,1953.9871673689493,-78.29743533391454
5.315,1.4115466852379994,1.4004226028517155,0.0550493112859209,0.011124082386283929,1367.791017156751,-70.82368477937716
5.32,1.4154106154624748,1.404330577186449,0.0548317453600278,0.011080038276025883,-781.5948669480458,-36.83537262020387
5.325,1.4192706740985643,1.4088247476713924,0.0516656101357387,0.010445926427171903,-5080.366635154339,-28.247387995181473
5.33,1.42312725093932,1.4139051143065458,0.0455513505395672,0.00922213663277427,2540.18331757788,-64.3612862762708
5.335,1.4269792918775006,1.416054500190649,0.054070677630271,0.010924791686851565,6838.955085783888,-70.73989267098719
5.34,1.4308091641592011,1.4195716770919091,0.055641296308391,0.011237487067291996,-2930.98075105177,-15.599537585437744
5.345,1.4346081772885315,1.4246520437270629,0.0492425425196736,0.009956133561468627,-5666.562785361878,9.924713168353804
5.3500000000000005,1.4383856152294476,1.4281692206283223,0.0505525590299375,0.010216394601125334,195.39871673887478,-28.363999750534887
5.355,1.4421417307940725,1.4316863975295828,0.0517565217160092,0.010455333264489663,3907.974334731105,-59.950648462186834
5.36,1.4458665288632269,1.434031182130423,0.0586651547128132,0.011835346732803842,2735.582034312192,-54.04157218834172
5.365,1.4495515883943717,1.4373529603149464,0.0604907142897701,0.012198628079425289,-1758.5884506292662,-39.000031469529375
5.37,1.453191954412077,1.4410655359329432,0.0601404390428887,0.012126418479133871,-2149.3858841032893,-31.510720144184006
5.375,1.4567837085172413,1.4443873141174666,0.0615000870095854,0.01239639439977469,-586.1961502097554,-26.560067791479582
5.38,1.460322891844529,1.447513693585253,0.0635742213175497,0.012809198259275956,-390.7974334737386,-19.877868823244143
5.385,1.4638065804425373,1.4506400730530398,0.065371159296688,0.01316650738949754,976.9935836820553,-12.851918296500997
5.39,1.4672327810927908,1.4527894589371433,0.071764697149694,0.014443322155647476,1563.1897338952044,-6.658797933576523
5.3950000000000005,1.470600326301437,1.455720439688193,0.0739562408153127,0.01487988661324402,976.9935836853799,-1.284513032846661
5.4,1.4739087702385667,1.4578698255722966,0.0797596583423858,0.016038944666270094,-2.024307832471095e-09,6.056818307323084
5.405,1.4771582872960056,1.4611916037568202,0.0794083049960116,0.0159666835391854,195.39871673516404,25.900196792747295
5.41,1.480349574768823,1.4637317870743969,0.0826729377632861,0.01661778769442601,1.4210854715202004e-09,61.338980517009276
5.415,1.483486520244551,1.46705356525892,0.0817572139720003,0.01643295498563102,-2540.1833175761753,81.86628761876979
5.42,1.4865810948803524,1.47057074216018,0.0796521046066898,0.016010352720172483,-1758.5884506315392,55.608342319148576
5.425,1.48964636412759,1.4733063241944937,0.0813080124007292,0.016340039933096406,1172.3923004200446,5.789010660079569
5.43,1.4926851968607742,1.47584650751207,0.0838083870221342,0.01683868934870425,1758.5884506314526,-20.108268844283472
5.4350000000000005,1.4956934272874425,1.4781912921129103,0.0871324683458003,0.01750213517453214,976.993583682769,-15.388972161939847
5.44,1.498667669720749,1.4807314754304872,0.0893082456800691,0.01793619429026183,976.9935836823224,1.93361416392014
5.445,1.5016076014552633,1.4834670574648006,0.0903355297454019,0.01814054399046272,-195.3987167365844,29.859920543914527
5.45,1.5045131244881134,1.486202639499114,0.0911908133493802,0.018310484988999454,-4298.771768206578,47.205891691251196
5.455,1.5073908202452166,1.4901106138338471,0.0860450335100982,0.017280206411369514,-2540.183317575606,11.360843855072986
5.46,1.510251421083412,1.4920646010012135,0.0905825923033369,0.018186820082198407,3517.176901260237,-50.05384406189498
5.465,1.5130902895489942,1.493823189451844,0.0959887348892024,0.01926710009715027,3321.7781845207055,-65.34279516869074
5.47,1.5158939203505002,1.495777176619211,0.1002418972286163,0.020116743731289244,1563.1897338933077,-28.647317471654645
5.4750000000000005,1.5186559555225336,1.498121961220051,0.1023321054195579,0.020533994302482705,2.8830982046201825e-09,26.361432374517165
5.48,1.5213752794942093,1.5006621445376274,0.1032309729580332,0.02071313495658189,-3907.974334733674,68.66396652582058
5.485,1.524059170848363,1.504570118872361,0.0971142396293495,0.019489051976002036,-2930.980751051902,61.50882807333164
5.49,1.526721859946913,1.5067195047564643,0.0996848511207872,0.020002355190448684,1367.7910171569479,13.875299219138114
5.495,1.5293685994930089,1.509259688074041,0.1002209085987466,0.020108911418967867,1953.9871673669875,-17.86171313654104
5.5,1.5319951705366854,1.5110182765246711,0.1045645927921016,0.020976894012014302,390.7974334728861,-14.734150904872536
5.505,1.5345981167556897,1.5135584598422478,0.1048814242817378,0.021039656913441895,195.39871673630094,-2.80755012738544
5.51,1.5371773495503895,1.5155124470096146,0.1080100660044015,0.02166490254077491,4.9240611588176e-10,2.6274599440590976
5.515,1.539732988485501,1.5178572316104544,0.1090662685445606,0.021875756875046726,-586.1961502092627,5.691605107934095
5.5200000000000005,1.5422655894378985,1.5203974149280313,0.1090299014137,0.021868174509867222,1172.3923004203282,16.914277425990136
5.525,1.5447758421423874,1.5221560033786614,0.1127906085988581,0.022619838763725975,586.1961502098478,40.28848092843248
5.53,1.5472655818043195,1.525086984129711,0.1105874620457934,0.022178597674608502,-1758.5884506312543,50.86214097332412
5.535,1.5497435920037737,1.527627167447288,0.1102790435691967,0.022116424556485548,-976.9935836829243,26.967606546009513
5.54,1.5522176151305818,1.5301673507648643,0.1099502003065696,0.022050264365717442,195.3987167385739,-6.483097584180225
5.545,1.5546871002106335,1.5325121353657043,0.110575268855601,0.0221749648449292,-8.533334039384499e-10,-20.007712759025225
5.55,1.557148657023231,1.534661521249808,0.1121373764204467,0.022487135773422873,-1.5255068319675047e-09,-19.67648125258392
5.555,1.559599883665383,1.537006305850648,0.1126705889649093,0.022593577814735033,2344.7846008396887,-13.025693036463231
5.5600000000000005,1.5620386997695086,1.5385694955845417,0.1170506728462231,0.023469204184966896,976.9935836834902,8.310436725193497
5.565,1.5644622658867704,1.541109678902118,0.1164702986286036,0.02335258698465248,-3321.7781845228847,27.462648903902096
5.57,1.566874717676377,1.5442360583699049,0.1129028296648673,0.022638659306472242,-586.1961502103238,17.85227530717786
5.575,1.569282557311519,1.5457992481037983,0.1171289648726725,0.023483309207720682,1758.5884506292655,-2.3814990490223487
5.58,1.571684173392741,1.548339431421375,0.1164384372521492,0.023344741971365934,-390.79743347373875,-12.793182748112304
5.585,1.5740786102149371,1.5504888173054785,0.1176655387916141,0.023589792909458618,-586.1961502103239,-23.181251217750322
5.59,1.5764646854195512,1.5526382031895818,0.1188504628733673,0.023826482229969415,-586.1961502096333,-32.84479419107242
5.595,1.5788376314142765,1.554787589073685,0.1199705955696693,0.024050042340591382,195.39871673822054,-34.42817311167161
5.6000000000000005,1.5811930725055905,1.556546177524315,0.1229567244876436,0.02464689498127548,1758.5884506301588,-32.03670663908129
5.605,1.5835267761153464,1.5581093672582085,0.1268119365984309,0.025417408857137946,586.1961502087124,-29.20056018667259
5.61,1.5858349064777462,1.560258753142312,0.127608923334924,0.02557615333543417,-1172.3923004203627,-26.228635282451606
5.615,1.588114007611507,1.5622127403096786,0.1292371046429048,0.0259012673018284,-1172.3923004200785,-23.579108896286755
5.62,1.5903609867758322,1.564362126193782,0.1297283103846537,0.025998860582050254,390.79743347373875,-21.41356763218144
5.625,1.5925730972674763,1.5659253159276751,0.1329755056459212,0.02664778133980117,1367.7910171569472,-18.941000145958924
5.63,1.5947477342909522,1.5676839043783053,0.135057821688158,0.027063829912646886,-195.39871673715288,-15.841075068295027
5.635,1.5968826315156222,1.569637891545672,0.1359640305170824,0.02724473996995025,-1172.3923004197766,-13.709188847299032
5.64,1.59897620802296,1.5715918787130383,0.1366633040508642,0.02738432930992163,195.39871673646246,-12.181028570791653
5.6450000000000005,1.6010267692808764,1.5731550684469322,0.1391012231381189,0.02787170083394419,781.5948669464682,-9.087899537990012
5.65,1.6030326987830088,1.574913656897562,0.1403387775693451,0.028119041885446894,-195.39871673580143,-6.027482911025004
5.655,1.604993329534668,1.576672245348192,0.1413508185732929,0.02832108418647583,-390.79743347402297,-5.288117160375208
5.66,1.60690811867156,1.5784308337988222,0.142133285603644,0.028477284872737707,390.79743347203345,-5.384368922420293
5.665,1.6087762847940854,1.5799940235327157,0.1436593384260375,0.028782261261369735,586.1961502103231,-4.884346605536734
5.67,1.6105971795714535,1.5817526119833456,0.1439718067631141,0.02884456758810794,8.519407401763601e-10,-4.310938729475652
5.675,1.6123702506902071,1.5835112004339755,0.1440449694664428,0.02885905025623159,7.489120434911456e-10,-4.127332060743896
5.68,1.6140949971360838,1.585465187601342,0.1428993653491597,0.028629809534741923,1367.7910171563694,-1.6930435211118606
5.6850000000000005,1.6157709162843037,1.5872237760519723,0.1424864984292422,0.028547140232331403,390.79743347204027,7.6046799583028815
5.69,1.6173974440333905,1.5895685606528125,0.1388955978441823,0.027828883380577984,-3321.7781845233662,15.302080189184466
5.695,1.618976588532853,1.5924995414038623,0.1321367235252132,0.026477047128990794,-2149.385884103004,3.9787724065832606
5.7,1.6205121249433312,1.594453528571229,0.1300458654517741,0.026058596372102283,2149.385884103003,-18.504402252405015
5.705,1.6220025695160452,1.5960167183051226,0.1296832562146792,0.02598585121092256,2149.3858841035717,-28.732680101485556
5.71,1.6234430186383129,1.597970705472489,0.1271176094040607,0.02547231316582388,195.3987167363016,-28.28226183027158
5.715,1.6248303548316274,1.599924692639856,0.1242859892656982,0.02490566219177137,-1367.7910171572903,-31.89077570338054
5.72,1.626161392438234,1.6022694772406958,0.1192197122398848,0.023891915197538305,-2149.385884102425,-41.04648911206664
5.7250000000000005,1.6274316622177696,1.6044188631247993,0.1148272482331582,0.02301279909297027,-195.39871673534378,-50.33531600903291
5.73,1.6286353555673916,1.6059820528586928,0.1130322595246917,0.022653302708698808,1172.3923004202238,-56.39315843810749
5.735,1.6297654451853594,1.6073498438758491,0.1118468972588925,0.022415601309510258,195.39871673544792,-58.87391996992886
5.74,1.6308145727097756,1.608913033609743,0.1092814023152849,0.021901539100032563,390.7974334731703,-59.637944890485414
5.745,1.631775310575959,1.609890027193426,0.1092051267706425,0.021885283382532927,586.1961502108919,-60.026070578661006
5.75,1.632640169945417,1.6112578182105828,0.1066956211262652,0.02138235173483416,390.7974334726019,-65.366293210903
5.755,1.6334016204446775,1.6124302105110029,0.1046473345154249,0.020971409933674634,586.196150209755,-85.4223445765034
5.76,1.6340521212037369,1.6136026028114228,0.102045315044251,0.020449518392314125,-976.9935836827694,-109.17224260931073
5.765,1.6345790084983047,1.615361191262053,0.0958939100122776,0.019217817236251822,-1758.5884506299622,-106.79752573361526
5.7700000000000005,1.6349650041401589,1.616533583562473,0.0919699076377783,0.018431420577685875,-390.79743347372107,-79.50612634578249
5.775,1.635198302494231,1.617705975862893,0.0872831229603692,0.017492326631337818,781.5948669465204,-54.48335682705908
5.78,1.635272021228949,1.618292172013103,0.0847288340862082,0.016979849215846166,586.1961502111765,-39.330832047996296
5.785,1.63517999630611,1.6190737668800494,0.0803695140195799,0.016106229426060548,2.844444679794833e-10,-33.16450630933491
5.79,1.6349186891132803,1.6196599630302595,0.076141320729887,0.015258726083020813,195.39871673544826,-38.128550600051085
5.795,1.6344847591018945,1.620050760463733,0.0720274425656555,0.014433998638161416,-390.7974334737385,-49.02003788316915
5.8,1.6338718432868438,1.620636956613943,0.0660419903070719,0.013234886672900847,-586.1961502094709,-63.34137868172843
5.805,1.633074462330984,1.6208323553306796,0.0610907786375926,0.01224210700030448,586.1961502102195,-59.81491654402748
5.8100000000000005,1.6320824637117557,1.6208323553306796,0.0561443853757487,0.011250108381076096,781.5948669464856,-20.5565905452645
5.815,1.630885764614697,1.6208323553306796,0.0501740700775578,0.010053409284017434,195.39871673653298,-8.302179661327841
5.82,1.6294907354714725,1.6208323553306796,-7.898171335146305e-05,0.008658380140792898,0.0,-64.01896627807298
5.825,1.6278981093624882,1.6208323553306796,-6.548569034515944e-05,0.0070657540318086465,0.0,-97.84343048210496
5.83,1.6260883563863329,1.6208323553306796,-5.2388552276127554e-05,0.00525600105565327,-195.39871673658504,-62.01022308715835
5.835,1.6240474776080795,1.6208323553306796,-4.1910841820902046e-05,0.003215122277399951,-195.39871673658504,-33.766714209379984
5.84,1.6217774830258544,1.6208323553306796,-3.352867345672164e-05,0.0009451276951748522,390.797433473118,-11.999352283772737
5.845,1.6192718591283837,1.620636956613943,-2.682293876537731e-05,-0.0013650974855592413,195.3987167363182,71.7991237736029
5.8500000000000005,1.6165243486758276,1.620636956613943,-2.145835101230185e-05,-0.004112607938115298,-390.79743347336756,144.48889203399074
5.855,1.6135592545711166,1.620636956613943,-1.716668080984148e-05,-0.007077702042826317,-195.3987167359472,104.34783145845904
5.86,1.6104007524600268,1.6204415578972062,-0.0502166103707131,-0.010040805437179445,-390.7974334728859,-2.861308227010568
5.865,1.607054152828313,1.6204415578972062,-0.0669459417324863,-0.013387405068893132,-195.39871673715348,-58.07256615526467
5.87,1.6035110422099097,1.620050760463733,-0.0827045742197015,-0.016539718253823388,-390.7974334734545,11.857664945582087
5.875,1.599753692591746,1.6196599630302595,-0.0995338382333714,-0.019906270438513562,-1563.189733893533,108.66033498019283
5.88,1.5957971453593214,1.6192691655967864,-0.1173574893806398,-0.023472020237464974,-195.3987167368689,87.24226830082853
5.885,1.5916697315263604,1.6179013745796298,-0.131146924542343,-0.026231643053269416,1172.3923004205012,27.185113742748058
5.89,1.5873677222432423,1.616533583562473,-0.1458064720989653,-0.029165861319230713,-390.7974334731423,50.17227933143056
5.8950000000000005,1.5828895119004565,1.6149703938285795,-0.1603631388462258,-0.032080881928123084,-2149.385884103624,80.91546584005823
5.9,1.578249957975414,1.6130164066612127,-0.1737681724780185,-0.03476644868579881,-976.9935836835632,23.70789285998478
5.905,1.5734632059933678,1.6104762233436365,-0.1849747245562743,-0.03701301735026874,2735.5820343136115,-56.79305926605866
5.91,1.568524768021678,1.6065682490089026,-0.1900979586269563,-0.03804348098722454,1758.588450629551,-33.722628581927665
5.915,1.5634145216979527,1.6034418695411163,-0.1999859744965493,-0.04002734784316364,-1563.1897338938165,76.77778440296686
5.92,1.5581353593227678,1.599924692639856,-0.2087616458594343,-0.04178933331708823,390.7974334754426,152.0962109549448
5.925,1.55270973638563,1.595625920871649,-0.2143592956200412,-0.04291618448601908,1172.3923004214394,160.51892342975896
5.93,1.5471585096630862,1.591522547820179,-0.2215589276696875,-0.04436403815709289,-1563.189733895071,147.86987532491736
5.9350000000000005,1.5415009462673532,1.587419174768709,-0.2292889690677647,-0.04591822850135574,-2930.980751051901,124.69941806723875
5.94,1.535754737966062,1.5825342068502923,-0.2335497909653976,-0.046779468884230235,-390.79743347213844,72.8481708335595
5.945,1.5299360212184494,1.577258441498402,-0.2362236432912883,-0.047322420279952704,5861.961502100963,25.975833967495078
5.95,1.5240487436497647,1.5700286889791455,-0.2294670432179322,-0.04597994532938077,1953.9871673652829,41.11238851976765
5.955,1.518087809409751,1.5647529236272557,-0.2328471559636659,-0.046665114217504744,-6252.758935572998,64.36866971967274
5.96,1.5120665025481603,1.5598679557088384,-0.2384876646842977,-0.047801453160678076,1367.7910171592225,28.858125332361965
5.965,1.5059974232297777,1.551856608322635,-0.2287353244301824,-0.04585918509285736,6057.360218837739,10.906437934196106
5.97,1.4998723833309688,1.5457992481037983,-0.2290374724185357,-0.04592686477282948,-1563.1897338955941,60.103279690236945
5.9750000000000005,1.493693720803861,1.5399372866016985,-0.2305885267348738,-0.046243565797837505,-5080.366635155711,89.81374242464715
5.98,1.487477292436123,1.5338799263828615,-0.2313567566725871,-0.04640263394673849,586.1961502112276,47.619654152111536
5.985,1.4812368054116931,1.5274317687305514,-0.23029556472792,-0.046194963318858306,8011.347386205668,8.569155418173764
5.99,1.4749710436060504,1.5190296239108745,-0.2195953786135361,-0.044058580304824124,-1367.791017155526,32.69280374467981
5.995,1.468674296707425,1.514926250859404,-0.2305476310139391,-0.0462519541519788,-9769.935836834364,36.291352972740114
6.0,1.4623622059961674,1.509259688074041,-0.2337635771751167,-0.04689748207787359,2735.5820343138944,-24.72150527751093
6.005,1.456038887494802,1.5010529419711007,-0.2243370843926052,-0.04501405447629869,6838.95508578429,-38.07357430701555
6.01,1.449687070959447,1.4948001830355275,-0.2248248885718052,-0.0451131120760806,-4298.771768208891,8.360173737859895
6.015000000000001,1.4433058562685448,1.488547424099954,-0.225460030132849,-0.04524156783140931,-5080.366635153103,-16.156661359346487
6.0200000000000005,1.436907564921581,1.482490063881117,-0.2271589760010023,-0.04558249895953592,8011.347386206001,-89.96302118249892
6.025,1.4304835632023938,1.473110925477757,-0.2123787247621551,-0.042627362275363234,8011.347386203965,-52.067981108337975
6.03,1.4240075312212124,1.4672489639756567,-0.2154454229031737,-0.043241432754444364,-7034.353802520759,76.94551218180145
6.035,1.417482045275165,1.4627547934907137,-0.2255990768051841,-0.04527274821554861,-6643.556369047019,119.70453703725607
6.04,1.4109349018772317,1.45708823070535,-0.2299984909853956,-0.0461533288281184,4298.771768207147,68.02275464707324
6.045,1.4043782479990408,1.4504446743363033,-0.2295611874250035,-0.046066426337262545,4103.373051471413,73.21259687643234
6.05,1.3978093814266763,1.4453643077011498,-0.2370014542261685,-0.04755492627447344,-1758.5884506294296,161.9216814788024
6.055,1.3912401941286678,1.4404793397827331,-0.2454207648162162,-0.049239145654065286,-7229.7525192581625,186.17536212415575
6.0600000000000005,1.3847041824664212,1.4361805680145263,-0.256605535240086,-0.051476385548105075,-6252.758935573787,45.921458512910164
6.065,1.3782298053455238,1.4311002013793728,-0.2635744444317423,-0.05287039603384902,6057.3602188378945,-136.27949131999918
6.07,1.3718054803585928,1.4223072591262227,-0.2517304435109957,-0.050501778767629846,8792.942253151727,-167.41511630187702
6.075,1.365393003108124,1.416054500190649,-0.2525283034137509,-0.05066149708252499,586.1961502108938,-65.6496041435204
6.08,1.3589769956118705,1.4098017412550756,-0.2533439608797753,-0.05082474564320516,-2540.1833175775946,14.289515378607426
6.085,1.3525623723001656,1.4041351784697125,-0.2570837952415815,-0.05157280616954685,-6252.758935572711,13.614371709138885
6.09,1.34615307862211,1.3992502105512956,-0.2647050494238562,-0.053097131929185526,-1367.791017155148,-39.74453782034942
6.095,1.3397522024370272,1.3928020528989855,-0.2644683423949823,-0.053049850461958314,10356.131987038767,-65.11308063976762
6.1000000000000005,1.3333473437610202,1.3843999080793088,-0.2544816719224445,-0.05105256431828864,-976.9935836895149,-5.398892252795672
6.105,1.326922748980887,1.380687332461312,-0.2680415759297748,-0.05376458348042501,-11723.923004198645,19.21021305434222
6.11,1.3204946779479627,1.3756069658261585,-0.2747799444759474,-0.055112287878195776,6252.758935575552,-58.98860909582437
6.115,1.3140686130394947,1.3668140235730084,-0.2629454349983919,-0.05274541053351367,10356.13198704469,-58.88960749643798
6.12,1.3076142913959914,1.3611474607876448,-0.2668841310857747,-0.053533169391653423,-8402.144819676,55.22468682528772
6.125,1.301130806003753,1.357434885169648,-0.2807386013943302,-0.05630407916589508,-8011.347386204247,70.153886265986
6.13,1.2946472944976093,1.3513775249508115,-0.2828692949807438,-0.056730230453202246,5666.562785362844,-27.758614211842907
6.135,1.2881645525604877,1.3441477724315547,-0.279134191789971,-0.055983219871067025,5471.164068626353,-57.34411398335631
6.140000000000001,1.2816638411390815,1.3382858109294544,-0.2823279011624213,-0.05662196979037293,-1758.5884506305845,0.162031361128939
6.1450000000000005,1.2751420940954852,1.3326192481440908,-0.2866037902743223,-0.05747715404860565,-2735.5820343126798,42.92603633913451
6.15,1.2686065872064272,1.327343482792201,-0.2929024722167534,-0.058736895585773885,195.39871673630094,46.64108513708342
6.155,1.2620635926401096,1.3210907238566276,-0.2943536297757461,-0.059027131216518036,-195.39871673686946,39.56569948357553
6.16,1.255518458735984,1.3158149585047374,-0.3006993059013085,-0.0602964997687534,-4298.771768205725,12.931643967420134
6.165,1.2489756892794963,1.3097575982859004,-0.3031265689409014,-0.06078190900640412,-2540.183317576457,-70.27317482709785
6.17,1.2424390214272358,1.3035048393503272,-0.3045462870054113,-0.0610658179230914,6643.556369047019,-159.87754570333038
6.175,1.235891315657613,1.2943210996637038,-0.291366256205266,-0.05842978400609078,6448.1576523115655,-132.6146259988434
6.18,1.2292980021053552,1.2878729420113937,-0.2920921467328897,-0.05857493990603846,-5275.765351890402,-27.038584217951865
6.1850000000000005,1.222650594228755,1.2814247843590834,-0.2930884866766477,-0.05877419013032825,-6252.758935575301,-18.078564444175697
6.19,1.2159627861443425,1.2753674241402468,-0.2962407970623776,-0.05940463799590434,6448.157652311809,-90.92814163042158
6.195,1.209226486408707,1.2657928870201498,-0.2820496669863466,-0.0565664006114428,7034.353802522886,-70.5085439582846
6.2,1.2024152949797555,1.2597355268013128,-0.2858188685139414,-0.05732023182155732,-7034.353802521038,28.526359261605364
6.205,1.1955280640558372,1.253873565299213,-0.2909452520046515,-0.058345501243375786,-7620.549952731079,32.02700980608665
6.21,1.1885850200676351,1.2480116037971127,-0.2963506935404538,-0.05942658372947762,7425.151235995204,-44.594881872087456
6.215,1.1815838535294072,1.2386324653937526,-0.2844620076588612,-0.0570486118643454,8011.347386204348,-25.87170861131426
6.22,1.1745039884177872,1.232575105174916,-0.2895754708780312,-0.05807111675712884,-5080.366635153995,94.12728650134343
6.2250000000000005,1.1673492599475437,1.2274947385397623,-0.2999480310576855,-0.06014547859221864,-5080.366635153155,166.76862145101387
6.23,1.1601463283215991,1.2214373783209256,-0.3056764888965859,-0.06129104999932644,1367.7910171576038,147.67146118157967
6.235,1.1529184105967505,1.2153800181020888,-0.3115297570693355,-0.06246160750533836,195.39871673715368,110.96329395088229
6.24,1.1456788084005247,1.2095180565999888,-0.3184183450541161,-0.06383924819946407,-586.1961502101818,99.38155122896644
6.245,1.1384389769382082,1.2036560950978887,-0.3253080024665201,-0.06521711815968056,195.39871673587453,87.62157661692429
6.25,1.1312123919485133,1.1970125387288422,-0.3282233916588189,-0.06580014678032886,-2930.98075104906,34.290839847697214
6.255,1.1240103405231454,1.191736773376952,-0.337855018897453,-0.06772643285380653,-195.39871673449187,-60.08159936512939
6.26,1.116834700542182,1.1841162234242215,-0.335630626535615,-0.06728152288203959,5666.562785360313,-114.48105144963614
6.265000000000001,1.1096667921914087,1.1766910721882282,-0.3343445381071118,-0.06702427999681948,976.9935836789559,-58.85382068227906
6.2700000000000005,1.1024856525821642,1.1706337119693917,-0.3399635358572284,-0.06814805938722746,-3907.9743347317954,34.932387529239186
6.275,1.095293850891551,1.1641855543170812,-0.343681836687205,-0.06889170342553008,1563.1897338953797,59.77997781968852
6.28,1.0881063942477804,1.1575419979480346,-0.3464014025715951,-0.06943560370025414,5861.961502100534,53.97887025609238
6.285,1.0809264490111004,1.1503122454287775,-0.3461535679271592,-0.06938579641767717,-1563.1897338933902,93.25737745883117
6.29,1.0737567055168489,1.1464042710940443,-0.3624633751395076,-0.07264756557719543,-9769.93583683451,106.3291498320518
6.295,1.0666185654203126,1.1409331070254176,-0.37079787425103,-0.07431454160510498,-5471.16406862623,0.9573679282937348
6.3,1.0595298437668286,1.1356573416735274,-0.3798635010964109,-0.07612749790669882,7815.948669467568,-128.2676518582092
6.305,1.05247652926902,1.1262782032701673,-0.3682339076787509,-0.07380167400114734,8988.34096988481,-122.19663197257158
6.3100000000000005,1.0454267663656465,1.1198300456178572,-0.3712415548221455,-0.07440327925221069,-6252.758935576214,-26.650604844174186
6.315,1.038372072905363,1.1141634828324936,-0.3781830550670396,-0.07579140992713063,-7229.752519255373,-18.609064128870443
6.32,1.0313252766813323,1.1079107238969204,-0.38215276884573,-0.07658544721558802,7620.549952732075,-87.01938198058386
6.325,1.0242785457244998,1.098336186776823,-0.36951335989853,-0.07405764105232326,6838.955085784028,-68.22609169347945
6.33,1.0172067656497563,1.09266962399146,-0.376539143840729,-0.07546285834170363,-3907.9743347336907,41.53967659931172
6.335,1.0101089283444489,1.0864168650558863,-0.3807642936856388,-0.07630793671143743,-5666.56278536267,107.02401055511588
6.34,1.0030030071792246,1.0809457009872598,-0.3889378855656163,-0.0779426938080352,586.196150210753,91.99738642692151
6.345,0.9959047604418092,1.0744975433349495,-0.3921881761087345,-0.07859278289314031,5080.366635150187,71.9507189134454
6.3500000000000005,0.9888210252802913,1.0670723920989562,-0.3904809718304324,-0.07825136681866496,-1563.1897338970666,89.79675985131891
6.355,0.9817580394030068,1.0631644177642228,-0.4062559304184459,-0.081406378361216,-6448.157652308369,91.42770296947926
6.36,0.9747327706718724,1.0561300639617026,-0.4062092756018932,-0.08139729328983025,-1563.1897338918257,20.47695057513056
6.365,0.9677585619878952,1.0508542986098126,-0.4147005086946291,-0.08309573662191738,5861.961502100248,-63.12241252161208
6.37,0.960829671056936,1.0416705589231892,-0.403425478062148,-0.08084088786625321,6057.360218837544,-51.34579839406793
6.375,0.9539268051470484,1.0360039961378256,-0.4096063642014405,-0.08207719099077715,-1172.3923004189396,40.142810593551715
6.38,0.9470486040229604,1.0295558384855157,-0.4117560779736688,-0.08250723446255526,-4298.771768206087,103.72651979407344
6.385,0.9402114230820724,1.0246708705670988,-0.4215167402166955,-0.08445944748502643,-2540.1833175790234,108.72610703470363
6.390000000000001,0.9334297123805382,1.018613510348262,-0.4251381703347174,-0.0851837979677239,-1.8437731341691688e-09,93.7906185277094
6.3950000000000005,0.92671614231276,1.0125561501294251,-0.4284201119028861,-0.08584000781666512,-390.797433472045,62.42673297736434
6.4,0.9200817222367064,1.0063033911938517,-0.4303279813042239,-0.08622166895714534,195.39871673758137,-8.072589008918555
6.405,0.9135347534576412,0.999659834824805,-0.429845844473297,-0.08612508136716379,4689.569201679607,-75.02346470872129
6.41,0.9070670603244412,0.9922346835888116,-0.4250591948545154,-0.08516762326437044,3126.379467786781,-53.63866413247794
6.415,0.900659183927706,0.9861773233699748,-0.4268111383003223,-0.08551813944226871,-1172.3923004192284,45.3667012816079
6.42,0.8943107031790337,0.9810969567348212,-0.4331511989129697,-0.08678625355578751,195.39871673814832,141.6405226007145
6.425,0.888035795058822,0.9752349952327212,-0.4352166741994022,-0.08719920017389915,-1172.3923004198177,185.59354366455347
6.43,0.8818580175017657,0.9717178183314612,-0.4485191210752507,-0.08985980082969547,-8597.543536415633,144.60852484911578
6.4350000000000005,0.8758062273735887,0.9670282491297812,-0.45532978058523,-0.09122202175619254,-5275.765351889644,33.61628097994941
6.44,0.8698945968363007,0.9629248760783108,-0.4643707119163143,-0.09303027924201013,8988.340969889337,-50.14324242888608
6.445,0.8641150893968575,0.9529595415247408,-0.4434412914672756,-0.08884445212788328,4103.373051470416,-54.868485331242084
6.45,0.8584540574636207,0.9494423646234808,-0.4541603387244364,-0.09098830715986006,-5861.9615021003965,-53.51814353403739
6.455,0.8529122378861983,0.9420172133874872,-0.4447434981094023,-0.08910497550128893,3517.176901260808,-82.41983822245265
6.46,0.8474815308983933,0.9353736570184404,-0.4386791053454506,-0.08789212612004715,6838.955085784599,-76.74820597230956
6.465,0.8421441546980771,0.9283393032159204,-0.4301941006482364,-0.08619514851784327,-2930.9807510493597,-30.877363791893913
6.47,0.8368945973023962,0.9242359301644504,-0.4359260791801674,-0.08734133286205414,-5471.164068628781,-5.698691559420638
6.4750000000000005,0.8317340916265207,0.9187647660958236,-0.4343724825052805,-0.0870306744693029,-3321.778184525292,-22.76216925420607
6.48,0.8266623793118366,0.91309820331046,-0.4313979863829788,-0.08643582399862337,-195.39871673588186,-64.27276802551768
6.485,0.8216763499799715,0.90782243795857,-0.4299502614275626,-0.08614608797859846,8792.942253151441,-77.30985399149566
6.49,0.8167621147574621,0.8986386982719464,-0.4086035032227587,-0.08187658351448435,1172.3923004200794,-36.03753741416048
6.495,0.8119066569904031,0.8953169200874231,-0.4162725124280506,-0.08341026309702004,-7229.752519257056,-12.66607660653591
6.5,0.8071164937852802,0.8896503573020595,-0.4118910035609379,-0.08253386351677938,4689.569201681311,-32.02171463485183
6.505,0.8023889751204014,0.8824206047828028,-0.3993802255163206,-0.0800316296624014,2344.7846008413335,-26.45442107907226
6.51,0.7977128503186844,0.8789034278815427,-0.4051752780004231,-0.0811905775628583,-7034.353802521737,-8.069051842788213
6.515000000000001,0.7930912826553307,0.8738230612463893,-0.4028815335268791,-0.08073177859105862,-4103.373051471492,-31.02719862381562
6.5200000000000005,0.7885247299365951,0.8687426946112359,-0.4003126642531536,-0.08021796467464082,976.9935836841762,-78.2791132249204
6.525,0.7840055105433495,0.8624899356756623,-0.3916451267882043,-0.0784844251323128,7034.353802520902,-105.69362661613522
6.53,0.7795211054403897,0.855064784439669,-0.3769415243203899,-0.07554367899927938,390.7974334734545,-92.59359871791642
6.535,0.7750533796712327,0.8493982216543056,-0.3709474417972396,-0.0743448419830729,-8988.34096988675,-85.84149713115933
6.54,0.7705962832034513,0.8449040511693621,-0.3707621537577347,-0.07430776796591076,4494.170484943302,-124.0781451643654
6.545,0.7661422964402618,0.834938716615792,-0.3432066306027085,-0.06879642017553023,5666.5627853653705,-144.29576890663637
6.55,0.761664421728649,0.8292721538304285,-0.3372641628714562,-0.0676077321017795,-7229.7525192551475,-132.99192425291437
6.555,0.7571481827052728,0.823605591045065,-0.3315133221715206,-0.06645740833979219,3907.9743347275116,-133.4359493634184
6.5600000000000005,0.7525812252470752,0.8138356552082315,-0.3054990527663423,-0.061254429961156376,7229.752519251171,-93.23647754187905
6.565,0.7479380465420119,0.808169092422868,-0.3003826303552419,-0.06023104588085615,-5080.366635152005,4.523994414549406
6.57,0.7432132578093681,0.8025025296375047,-0.2956741584839646,-0.05928927182813659,-2735.582034311622,72.32630700457759
6.575,0.7384186514729387,0.7958589732684579,-0.2864297270347339,-0.05744032179551917,976.9935836834942,82.92732226039197
6.58,0.7335650434099416,0.7901924104830944,-0.2823652083939874,-0.05662736707315286,586.1961502101817,75.73207721577708
6.585,0.7286623238050571,0.783939651547521,-0.2756152157174105,-0.055277327742463855,-195.3987167357325,62.09185056690379
6.59,0.7237195093710557,0.7778822913286844,-0.2700426499747292,-0.05416278195762869,-4884.9679184152765,21.472095743195496
6.595,0.7187447956155829,0.7729973234102675,-0.2704915097052043,-0.05425252779468459,-2.7756072995543946e-09,-39.07640908421314
6.6000000000000005,0.7137387475432767,0.7653767734575373,-0.2574202548990727,-0.05163802591426059,6252.758935569754,-54.53866712415956
6.605,0.7086875390002582,0.7581470209382805,-0.24652738853484,-0.0494594819380223,-586.1961502097184,-3.199430849474595
6.61,0.7035836815175223,0.7526758568696538,-0.2446918885787851,-0.049092175352131506,-1563.1897338918257,45.54977145659461
6.615,0.6984360152919609,0.7456415030671336,-0.2352592770727105,-0.04720548777517275,2344.784600840014,59.30489924907347
6.62,0.6932511118629419,0.7391933454148236,-0.2289425168993989,-0.04594223355188176,-1367.791017157233,65.545997384649
6.625,0.6880357742621463,0.7339175800629335,-0.2286399868984406,-0.04588180580078716,195.3987167378657,69.45077582515046
6.63,0.6828003434787845,0.7272740236938866,-0.2215990459736272,-0.04447368021510212,1563.1897338947474,68.41729878360074
6.635,0.6775523619081996,0.7216074609085232,-0.2195058895026244,-0.04405509900032367,-4298.771768207793,63.89283054587975
6.640000000000001,0.6723008271408746,0.7171132904235799,-0.2232925105968439,-0.04481246328270527,586.1961502099841,53.683175587762385
6.6450000000000005,0.667054195528903,0.7102743353377963,-0.2153307329736331,-0.043220139808893276,1953.9871673675073,41.10771039364724
6.65,0.6618164556797598,0.7044123738356962,-0.2122094965055283,-0.04259591815593644,-7620.549952730226,3.3801800815084704
6.655,0.6565949582998464,0.7005043995009628,-0.2187770091687716,-0.043909441201116395,781.5948669467683,-60.62666659005616
6.66,0.6513883368058326,0.6911252610976026,-0.1979143425719145,-0.039736924291770004,11919.321720937514,-65.81612355426073
6.665,0.6461780304011103,0.6846771034452925,-0.1917250206938753,-0.03849907304418221,3321.7781845236486,20.616122129127216
6.67,0.6409558438525033,0.6780335470762457,-0.1846181190795966,-0.037077703223742486,-8206.746102939558,86.89011358619794
6.675,0.6357375957091403,0.6747117688917224,-0.1941004268641301,-0.038974173182582006,-6252.758935573238,59.794531745961734
6.68,0.6305395929419009,0.6684590099561489,-0.1888266124147291,-0.03791941701424806,2930.980751047484,15.893604400640157
6.6850000000000005,0.6253605443375219,0.6624016497373121,-0.1844350274562548,-0.03704110539979022,-586.196150213158,6.977306542742284
6.69,0.6201993786057703,0.6561488908017388,-0.1789758897683659,-0.035949512195968425,-2149.3858841029155,-14.336932515130087
6.695,0.6150627698906574,0.650677726733112,-0.1773021756657724,-0.035614956842454526,7620.549952732003,-33.96076368247309
6.7,0.6099421781506563,0.640516993462805,-0.1520995679863919,-0.030574815312148673,781.5948669469091,-13.612975696377134
6.705,0.6048299354360309,0.6373906139950184,-0.1620273641983049,-0.03256067855898748,-4494.170484943943,-6.744994076228892
6.71,0.5997340308128754,0.6291838678920781,-0.1464730909413887,-0.02944983707920279,2344.784600841651,-15.3155316552034
6.715,0.5946484279979459,0.6233219063899781,-0.1425912448191414,-0.02867347839203216,-1172.3923004187122,16.230038532249928
6.72,0.5895681915983513,0.6176553436046146,-0.1396584205813498,-0.028087152006263327,195.3987167330149,55.59798829955731
6.7250000000000005,0.5845029320447463,0.6108163885188312,-0.1307901392331318,-0.026313456474084895,2540.1833175733545,58.59361208713989
6.73,0.5794608905456154,0.6047590282999944,-0.1257137026847413,-0.025298137754378947,-3907.974334732352,40.348282789615
6.735,0.5744490455647336,0.6000694590983143,-0.1273252072208614,-0.025620413533580688,-1367.7910171554565,23.952354119743347
6.74,0.5694707212667568,0.5930351052957942,-0.117045160210234,-0.023564384029037377,586.1961502099002,9.591880921249384
6.745,0.5645271168406965,0.5871731437936941,-0.1124523050798748,-0.022646026952997667,-1367.791017156876,-28.375248597428183
6.75,0.5596216361158941,0.5811157835748574,-0.1066932019694062,-0.021494147458963275,7620.549952730935,-60.130827267032174
6.755,0.554746737753556,0.5727136387551806,-0.0890572051704755,-0.01796690100162457,2930.9807510518494,-7.527984472604189
6.76,0.54988525984443,0.5676332721200271,-0.0879617997707162,-0.01774801227559708,-13091.714021355927,62.79662475654122
6.765000000000001,0.5450477774760445,0.5643114939355037,-0.0955407014341616,-0.019263716459459235,-4298.771768206053,14.393651688779642
6.7700000000000005,0.540254064467891,0.5555185516823535,-0.0755448598044855,-0.015264487214462497,7815.948669466899,-95.58546360302448
6.775,0.53549303263292,0.5488749953133067,-0.0661324808103528,-0.013381962680386716,5275.765351890495,-123.66501195515816
6.78,0.5307424436379677,0.5404728504936299,-0.047874896627727,-0.009730406855662177,586.1961502103223,-56.46267980267915
6.785,0.5259869177605789,0.5342200915580564,0.0007769816977863,-0.008233173797477455,-195.3987167365126,28.302200111982394
6.79,0.521226732342704,0.5277719339057463,0.0007768569355483,-0.00654520156304228,976.9935836832112,60.1215446972985
6.795,0.5164729701792183,0.5209329788199628,0.0007756069659259,-0.004460008640744473,-2344.7846008401584,23.38346594711901
6.8,0.5117352327822119,0.5172204032019662,0.000771156510732,-0.0054851704197542706,2540.1833175764323,-11.109428006085643
6.805,0.5070113114335357,0.5099906506827093,0.0007629955072489,-0.002979339249173596,4103.3730514693125,41.17071211530614
6.8100000000000005,0.5022913284224376,0.5064734737814492,0.0007518660651344,-0.004182145359011624,-5471.164068627622,125.60652402328691
6.815,0.497590832095524,0.5039332904638726,0.0007372117122829,-0.006342458368348569,-3517.176901258632,127.59916032721308
6.82,0.4929361899754982,0.4996345186956658,0.0007185872710097,-0.006698328720167568,390.7974334743071,69.50117021816459
6.825,0.4883371386892082,0.4972897340948257,-0.0440638899494242,-0.008952595405617492,195.39871673644296,32.16555020067557
6.83,0.4837974166017201,0.4931863610433557,-0.0462704365620481,-0.009388944441635627,586.1961502098976,23.21282067761436
6.835,0.4793197323848057,0.4904507790090422,-0.0550076895800714,-0.011131046624236529,-1953.987167365921,17.23043444393153
6.84,0.4749071738513039,0.4873243995412556,-0.06146457923199,-0.012417225689951739,-1953.9871673657817,4.1170748647574555
6.845,0.470561826002994,0.4840026213567321,-0.066607823648924,-0.0134407953537381,1172.3923004185365,-10.012623509134926
6.8500000000000005,0.4662826921586927,0.4800946470219988,-0.0684885387144935,-0.013811954863306053,586.1961502078307,-25.781945648169824
6.855,0.4620675366186372,0.4759912739705287,-0.0690673851716048,-0.013923737351891508,-390.7974334730054,-51.60379032053268
6.86,0.4579139589003791,0.4726694957860053,-0.073241179891793,-0.014755536885626197,1367.7910171575172,-63.79692989654151
6.865,0.4538110822860886,0.4670029330006419,-0.0654322863579767,-0.01319185071455331,-586.1961502099686,-46.88941610119841
6.87,0.4497493702860416,0.4646581483998018,-0.0740222528915852,-0.01490877811376018,390.7974334733835,-35.543036739513724
6.875,0.4457286660754509,0.4584053894642284,-0.0628639425770674,-0.012676723388777456,1758.5884506307584,-36.61270255108285
6.88,0.4417420368995791,0.4554744087131783,-0.0681426051896606,-0.013732371813599209,-781.5948669461914,-26.754744860408266
6.885,0.4377847449499846,0.4505894407947615,-0.0635022614166726,-0.012804695844776892,-586.1961502117188,-10.314409491780111
6.890000000000001,0.4338553460384398,0.4468768651767649,-0.0645836565814803,-0.01302151913832511,-1758.5884506314903,4.589517286755608
6.8950000000000005,0.4299525641648286,0.4427734921252947,-0.0635762233301752,-0.012820927960466133,-976.9935836822933,14.889536501040695
6.9,0.4260789832931333,0.4382793216403513,-0.0604673930546622,-0.01220033834721801,2344.7846008407982,16.017348124963235
6.905,0.422236713237271,0.4331989550051979,-0.0542710542309566,-0.010962241767926872,2735.5820343134,11.493173962193993
6.91,0.41842783820016,0.4287047845202545,-0.0508375919303309,-0.010276946320094515,-1367.7910171566646,3.27682498209478
6.915,0.4146532095154362,0.424210614035311,-0.047233144720229,-0.009557404519874801,-3712.575617996894,-9.41900694876118
6.92,0.410913403933482,0.4208888358507877,-0.049316740980349,-0.009975431917305655,3321.7781845244344,-10.061332517281812
6.925,0.4072053298243062,0.4144406781984775,0.0005668013476388,-0.007235348374171335,1563.1897338948256,4.654134681760624
6.93,0.4035262614861507,0.4111189000139542,0.0005730577006384,-0.007592638527803508,-4103.373051471098,-8.85697765142747
6.9350000000000005,0.399883012831363,0.4072109256792208,0.0005780627830382,-0.007327912847857776,3712.5756179958485,-46.47574060924285
6.94,0.396271064992847,0.4009581667436473,0.000580916689126,-0.004687101750800338,4298.771768206952,-37.92988967638077
6.945,0.3926774015589566,0.3984179834260706,0.0005808994943322,-0.005740581867114014,-2540.1833175763854,14.472576143235784
6.95,0.3891013387129631,0.3941192116578639,0.0005762850991692,-0.005017872944900803,-3712.575617996964,33.313403544428155
6.955,0.3855505661174099,0.3923606232072338,0.0005668427838789,-0.0068100570898239066,390.79743347324063,-5.527592715283561
6.96,0.3820315552226416,0.3880618514390271,0.0005512378128226,-0.006030296216385511,3321.7781845242207,-36.57253935628766
6.965,0.3785358199102673,0.3853262694047136,0.0005307027171536,-0.006790449494446293,-586.1961502094158,-14.804582957318118
6.97,0.3750561869291671,0.3831768835206103,0.0005073736816265,-0.00812069659144321,-976.9935836850132,17.753244946864243
6.9750000000000005,0.371596590398172,0.3806367002030336,-0.044719889689927,-0.009040109804861585,390.7974334718772,25.437864935118952
6.98,0.3681604292495818,0.3788781117524036,-0.0531337252968528,-0.01071768250282179,-1758.5884506293892,21.951532416659816
6.985,0.364750630826072,0.3773149220185102,-0.0623932972377943,-0.012564291192438182,-1758.5884506292648,19.031162063287297
6.99,0.3613697200488219,0.3755563335678801,-0.0705295821446778,-0.0141866135190582,-390.7974334735974,16.696841644617066
6.995,0.3580198927263834,0.3736023464005135,-0.0775331221783918,-0.015582453674130081,-195.39871673686935,12.708693174019743
7.0,0.3547030904889502,0.3714529605164101,-0.083391975671389,-0.016749870027459868,586.196150210395,5.159634767366697
7.005,0.3514210729407508,0.3691081759155701,-0.0880955577892641,-0.01768710297481929,1758.5884506304033,3.9018551161846347
7.01,0.3481732492631407,0.3663725938812567,-0.0906695497507787,-0.01819934461811601,195.39871673631458,19.54664933626168
7.015000000000001,0.344959331103941,0.36441860671389,-0.096978281546136,-0.01945927560994898,-1758.588450630779,36.97194966684785
7.0200000000000005,0.3417840982265089,0.36207382211305,-0.1011343339185544,-0.0202897238865411,-1367.7910171561691,31.33261292747062
7.025,0.3386542138652914,0.3597290375122098,-0.1050594310325118,-0.021074823646918428,-390.7974334726025,7.294512368218335
7.03,0.3355726093287229,0.3567980567611598,-0.1058099282900964,-0.021225447432436872,195.3987167363016,-6.910876741059155
7.035,0.3325370538377288,0.3536716772933732,-0.1053502605906318,-0.021134623455644375,2540.1833175764596,5.593569595206674
7.04,0.3295460770821504,0.3501545003921131,-0.1027113711303256,-0.02060842330996271,390.7974334737373,31.02781803505715
7.045,0.3266009401445123,0.3464419247741163,-0.0988644162635181,-0.019840984629603986,-4689.569201680031,24.14192687179957
7.05,0.3237100950563865,0.3446833363234863,-0.1045132896396577,-0.020973241267099818,1172.3923004197,-29.31839648665067
7.055,0.3208769006036769,0.3384305773879129,-0.0874009387369394,-0.017553676784235972,4103.373051469783,-70.38963969702985
7.0600000000000005,0.3180888051783025,0.3356949953535995,-0.0876495825818606,-0.017606190175296965,-586.1961502102791,-60.98199546537248
7.065,0.3153356168187354,0.3308100274351827,-0.0769760958198096,-0.015474410616447276,-195.3987167360096,-28.359130028534338
7.07,0.3126118178082024,0.3272928505339226,-0.072995234872268,-0.014681032725720189,390.7974334736677,-0.7433617641432164
7.075,0.3099161067942235,0.3229940787657159,-0.0649664535863401,-0.013077971971492408,-586.1961502099331,13.830054031523815
7.08,0.3072507738160572,0.3192815031477191,-0.0597171580556926,-0.012030729331661882,-1172.3923004200794,16.443799575398884
7.085,0.3046176271683765,0.3153735288129857,-0.0533291032757369,-0.010755901644609211,781.5948669469801,10.864532687336009
7.09,0.3020195032558984,0.311074757044779,-0.0448135807615079,-0.009055253788880613,2149.3858841041406,6.572337480031507
7.095,0.2994566217407698,0.3067759852765722,0.0004725147713633,-0.00731936353580237,-2540.1833175770607,6.231229651008306
7.1000000000000005,0.2969288706604128,0.3034542070920488,0.0004815262019702,-0.006525336431635997,-1172.3923004202793,-10.178012727546104
7.105,0.294439662848883,0.2993508340405788,0.0004875851866236,-0.004911171191695762,7425.151235994597,-29.406910774969134
7.11,0.2919851072592524,0.293879669971952,0.0004901320546824,-0.0018945627126995546,1953.9871673673777,-12.020115149377617
7.115,0.2895565724799895,0.2919256828045853,0.0004887190696335,-0.0023691103245958023,-6643.55636904709,7.090086566848598
7.12,0.2871588061416418,0.2897762969204819,0.0004829880422663,-0.0026174907788401036,-195.39871673658445,-16.506398885454487
7.125,0.2847953305189394,0.2864545187359585,0.0004715022613806,-0.001659188217019103,2930.9807510503383,-35.45468321473213
7.13,0.2824570573941478,0.2845005315685919,0.0004554126776801,-0.0020434741744441154,-1367.7910171565927,-16.82531511783587
7.135,0.2801394305668473,0.2827419431179618,0.0004344898918958,-0.0026025125511144886,-976.9935836840735,1.5852345438376574
7.140000000000001,0.2778444063335553,0.2809833546673318,0.0004097005444443,-0.0031389483337765367,781.5948669461286,5.690290825420732
7.1450000000000005,0.2755720473085949,0.2794201649334384,0.0003806677878272,-0.0038481176248434945,1.772377800079994e-10,10.813311335028658
7.15,0.2733224381944089,0.2782477726330184,0.0003516907833735,-0.004925334438609541,-390.79743347320584,10.97582364526086
7.155,0.2710988710350085,0.2772707790493351,0.0003239085404826,-0.006171908014326599,390.79743347356066,6.546043211806705
7.16,0.2689019662880432,0.2762937854656517,0.0002947817871779,-0.007391819177608505,1.4210854715202004e-10,13.460044702143676
7.165,0.2667308775697329,0.2759029880321784,-0.0455936725670212,-0.009172110462445482,-1367.7910171569833,18.173702317163205
7.17,0.2645895366576701,0.2755121905987051,-0.0543744623927057,-0.010922653941034977,-1563.1897338934973,-3.309902000837255
7.175,0.2624815269574703,0.2753167918819684,-0.0639657260553712,-0.012835264924498102,-195.39871673654875,-30.090212930254907
7.18,0.2604033230056067,0.2745351970150217,-0.0704747889557316,-0.014131874009415013,586.1961502100758,-23.624331438236695
7.1850000000000005,0.2583475092962194,0.2739490008648116,-0.0778459910519025,-0.015601491568592196,-195.3987167369924,8.342357298377223
7.19,0.2563132351189224,0.273167405997865,-0.0841290292037142,-0.016854170878942587,-390.797433473508,29.56560253950036
7.195,0.2543052002545428,0.2723858111309183,-0.0902746421512624,-0.018080610876375525,195.3987167369756,31.515861276540804
7.2,0.2523276153549163,0.2712134188304982,-0.0943090351959378,-0.018885803475581886,-781.5948669465891,23.256136829347923
7.205,0.2503841654349796,0.2702364252468149,-0.0991457605964554,-0.019852259811835304,-390.79743347348966,7.558125024046973
7.21,0.2484779795748646,0.2688686342296582,-0.1018355389874868,-0.02039065465479359,1172.3923004200797,-2.30110920114231
7.215,0.2466076609743591,0.2667192483455549,-0.1004349954309938,-0.020111587371195783,-586.1961502098972,1.1721160537092885
7.22,0.2447718859037913,0.2657422547618715,-0.1047212866751173,-0.020970368858080235,195.39871673659084,0.176863853399567
7.225,0.2429733857634802,0.2630066727275582,-0.1000251836135388,-0.020033286964077968,2149.385884102887,-2.8080061570656767
7.23,0.2412105064577498,0.2612480842769281,-0.1000346325362913,-0.02003757781917828,-586.1961502106245,11.76149437318233
7.235,0.239481516666196,0.2592940971095614,-0.0988965908955306,-0.019812580443365424,-1563.1897338930414,26.17960912443266
7.24,0.2377910332305837,0.2575355086589314,-0.0985410213717576,-0.019744475428347674,195.39871673701145,15.157122355163068
7.245,0.2361438151768803,0.2549953253413546,-0.0940607090139471,-0.01885151016447431,-1.7689671949483454e-10,-8.597315063809845
7.25,0.2345396458314171,0.253041338173988,-0.0922957805941791,-0.018501692342570902,586.196150210395,-19.38385864143376
7.255,0.2329754384178879,0.2503057561396745,-0.0864239357223933,-0.017330317721786587,390.79743347340974,-10.338192867657142
7.26,0.2314477469451862,0.2477655728220978,-0.0813460486042308,-0.016317825876911607,-2540.183317577268,-0.1583576678508507
7.265000000000001,0.2299570025305772,0.2458115856547311,-0.0790151922057478,-0.015854583124153915,390.79743347536476,-7.304147318501464
7.27,0.2285049983790233,0.2420990100367344,-0.0676971702862821,-0.013594011657711097,3712.5756179976183,-17.39474425453571
7.275,0.2270883491572808,0.2389726305689477,-0.0591340870665961,-0.01188428141166692,1172.3923004186474,-11.711532128373818
7.28,0.2257040959856097,0.236432447251371,-0.053340590425832,-0.010728351265761299,390.7974334737139,3.232915115466369
7.285,0.2243520835537439,0.2335014665003209,-0.0454335219410899,-0.009149382946576995,-2344.7846008394113,15.011153747046848
7.29,0.2230333282328175,0.2319382767664275,-0.0442004182053664,-0.008904948533610013,-3126.379467787244,13.243034637114363
7.295,0.221751438635082,0.2297888908823242,0.0003342199592265,-0.0080374522472422,3321.778184523473,0.8684737175816224
7.3,0.2205077062743935,0.2262717139810641,0.0003432865162928,-0.005764007706670599,2735.5820343141445,-1.3514076633925072
7.305,0.2192996574359322,0.2247085242471707,0.0003505397619459,-0.005408866811238505,-2344.7846008398187,6.7721298157019305
7.31,0.2181280985840553,0.222754537079804,0.0003563423584683,-0.004626438495748703,-1367.7910171576361,6.168608248189173
7.315,0.2169953885486309,0.220995948629174,0.0003586841160223,-0.004000560080543086,-6.918412509548943e-10,-3.1655818804537432
7.32,0.2159012772916184,0.2190419614618073,0.0003559568827375,-0.0031406841701888955,781.5948669468373,-10.75784116308455
7.325,0.2148448005814267,0.2172833730111773,0.0003503246166137,-0.002438572429750624,2344.7846008404413,-12.03821360817895
7.33,0.2138240768152027,0.2151339871270739,0.0003354673652267,-0.001309910311871193,586.1961502102172,-4.758142480341576
7.335,0.2128371356931563,0.2143523922601272,0.0003166806051251,-0.0015152565669709073,-1563.1897338934614,5.564237943893346
7.34,0.2118844589411999,0.2133753986764439,0.0002947502380519,-0.0014909397352440013,-781.5948669466242,10.223695746809938
7.345,0.2109676357413394,0.2127892025262338,0.0002737554648973,-0.0018215667848943962,-195.3987167365488,9.04174532709007
7.35,0.2100879879075538,0.2122030063760238,0.0002535091668777,-0.0021150184684699813,-4.0665781853022054e-10,6.433860207181681
7.355,0.2092465244217226,0.2118122089425505,0.000232711489134,-0.002565684520827921,195.39871673653215,5.168963403199456
7.36,0.2084437054595914,0.2114214115090771,0.0002103225477791,-0.00297770604948569,-586.1961502095957,4.429188653687987
7.365,0.2076802355945134,0.2114214115090771,0.0001878107553671,-0.003741175914563688,-586.1961502100038,2.180115385250616
7.37,0.2069567805607162,0.2112260127923405,0.0001652006821096,-0.004269232231624287,195.39871673622977,0.32872172319287074
7.375,0.2062731984483654,0.2110306140756039,0.0001425119841756,-0.004757415627238498,-1.7763568394002882e-10,1.1667446731067628
7.38,0.2056293933263133,0.2110306140756039,0.0001220607061645,-0.005401220749290586,1.9662138583953492e-10,2.7401661359004947
7.385,0.2050257417050017,0.2108352153588672,0.0001033993640915,-0.005809473653865499,195.3987167368172,2.5524028457371912
7.390000000000001,0.2044627105010557,0.2108352153588672,8.732013060124893e-05,-0.006372504857811517,-195.39871673674452,0.5009522029695859
7.395,0.2039406055305583,0.2108352153588672,7.330658397698266e-05,-0.0068946098283089174,-195.39871673672715,-1.9361288480512258
7.4,0.2034592844877893,0.2108352153588672,6.094558684557514e-05,-0.007375930871077907,0.0,-3.145291452284397
7.405,0.203018290877238,0.2108352153588672,4.990662930845462e-05,-0.007816924481629212,0.0,-3.029665924095923
7.41,0.202617179157666,0.2108352153588672,3.9925303446763696e-05,-0.008218036201201206,0.0,-3.1188915001225155
7.415,0.2022556524535887,0.2108352153588672,3.194024275741096e-05,-0.008579562905278504,-195.39871673669163,-4.470935719176509
7.42,0.2019333648447617,0.2108352153588672,-0.0444837003763212,-0.008901850514105497,-195.39871673669163,-5.999362617430705
7.425,0.2016495713681102,0.2108352153588672,-0.0459077781984202,-0.009185643990756998,7.105427357601002e-11,-6.3579387753879075
7.43,0.2014033706133572,0.2106398166421305,-0.0461658767395745,-0.009236446028773299,-195.39871673651479,-6.120150482522007
7.435,0.2011940482581851,0.2106398166421305,-0.0472157591962934,-0.009445768383945397,-195.3987167367808,-6.039436499042694
7.44,0.2010208385246771,0.2102490192086571,-0.0461292870813213,-0.009228180683980014,-195.39871673695694,-5.904552100362508
7.445,0.2008829629733308,0.2100536204919205,-0.0458416942024212,-0.009170657518589698,195.39871673672803,-5.793829309036113
7.45,0.2007797291422224,0.2094674243417104,1.5025511581559202e-05,-0.008687695199488005,976.9935836834582,-5.943633422163202
7.455,0.200710410961447,0.2088812281915005,2.007152808920889e-05,-0.008170817230053501,586.1961502100391,-5.0637303515090935
7.46,0.200674248636684,0.2084904307580271,2.5258501127323145e-05,-0.00781618212134308,3.552713678800501e-11,-0.8739504142596957
7.465,0.2006704485891116,0.2080996333245538,3.055823938980906e-05,-0.0074291847354422125,-7.099743015714921e-11,3.91214850978389
7.47,0.2006993332777105,0.2079042346078171,3.4798029999797786e-05,-0.0072049013301065945,195.39871673667596,2.272459951366443
7.475,0.2007622019059102,0.2077088358910804,3.588954282379976e-05,-0.006946633985170203,-195.39871673662057,-5.072698721211225
7.48,0.2008588952138116,0.2077088358910804,3.446243341901233e-05,-0.006849940677268823,-976.9935836833904,-10.518730896211054
7.485,0.2009879433717943,0.2079042346078171,3.102042623119338e-05,-0.0069162912360228035,1.5700152289355174e-10,-11.916557052972934
7.49,0.2011478617462661,0.2077088358910804,2.7116660648943716e-05,-0.006560974144814324,586.1961502101459,-11.996913098002963
7.495,0.2013371542558676,0.2077088358910804,2.2843488351149475e-05,-0.006371681635212817,-586.1961502101815,-12.053764228774924
7.5,0.201554316318021,0.2079042346078171,1.8274790680919584e-05,-0.006349918289796086,-1.0658141036401503e-10,-10.65857718924029
7.505,0.2017978376450321,0.2077088358910804,1.4619832544735666e-05,-0.005910998246048321,586.1961502101617,-5.123994383007712
7.51,0.2020662051648476,0.2077088358910804,1.1695866035788534e-05,-0.005642630726232806,-390.7974334732097,0.408161860007894
7.515000000000001,0.2023593349620986,0.2079042346078171,9.356692828630827e-06,-0.0055448996457184985,-195.39871673646354,-4.368011724862683
7.52,0.2026784042923628,0.2077088358910804,7.485354262904663e-06,-0.005030431598717605,2.297042556165252e-10,-17.6417818704591
7.525,0.2030220543689271,0.2079042346078171,5.9882834103237306e-06,-0.004882180238890005,195.39871673684945,-25.832395542516252
7.53,0.2033865456888419,0.2077088358910804,4.7906267282589845e-06,-0.00432229020223851,586.1961502100567,-22.483652986472386
7.535,0.2037683540836471,0.2077088358910804,3.832501382607187e-06,-0.00394048180743331,-586.1961502102525,-10.685955282774671
7.54,0.2041647969587422,0.2079042346078171,3.06600110608575e-06,-0.0037394376490748893,-781.5948669469086,0.07493105968583791
7.545,0.2045757504532722,0.2079042346078171,2.4528008848686e-06,-0.0033284841545448973,586.1961502101815,-0.19674840050507925
7.55,0.205002472146781,0.2077088358910804,1.96224070789488e-06,-0.002706363744299417,586.1961502101815,-8.942350472907293
7.555,0.205444318408862,0.2077088358910804,1.5697925663159042e-06,-0.0022645174822184255,-8.759570846450515e-11,-16.238175956896576
7.56,0.2058993745045578,0.2077088358910804,1.2558340530527236e-06,-0.001809461386522604,-195.39871673674452,-17.16441590218964
7.565,0.2063651155999437,0.2077088358910804,1.0046672424421788e-06,-0.0013437202911367185,-390.7974334732965,-14.0268562842001
7.57,0.2068392658561158,0.2079042346078171,8.037337939537431e-07,-0.001064968751701284,6.941956937704002e-11,-14.298461448515756
7.575,0.207320977610615,0.2077088358910804,6.429870351629946e-07,-0.0003878582804654196,195.39871673669163,-17.417863997267183
7.58,0.2078081193451706,0.2079042346078171,5.143896281303957e-07,-9.611526264649561e-05,195.39871673672715,-14.582856025562798
7.585,0.2082976059794274,0.2077088358910804,4.115117025043166e-07,0.0005887700883469849,0.0,-8.57929029898284
7.59,0.208788517107725,0.2079042346078171,3.292093620034533e-07,0.0008842824999079069,-390.7974334734543,-7.591522188370787
7.595,0.2092804178503554,0.2079042346078171,2.633674896027627e-07,0.001376183242538298,0.0,-7.020635778189693
7.6,0.2097718798534801,0.2079042346078171,2.106939916822101e-07,0.001867645245662991,195.39871673674452,0.5071390954464413
7.605,0.2102618217012107,0.2079042346078171,1.685551933457681e-07,0.0023575870933935927,0.0,8.456273393590575
7.61,0.2107511869466577,0.2079042346078171,1.3484415467661449e-07,0.002846952338840608,0.0,4.643113425508282
7.615,0.2112423246710885,0.2079042346078171,1.078753237412916e-07,0.003338090063271404,0.0,-5.850347199292242
7.62,0.2117348946606513,0.2079042346078171,8.630025899303327e-08,0.003830660052834195,0.0,-7.614515140055452
7.625,0.2122265698734145,0.2079042346078171,6.904020719442663e-08,0.004322335265597416,0.0,-2.660864892618754
7.63,0.2127171526482616,0.2079042346078171,5.5232165755541296e-08,0.004812918040444508,-195.3987167367106,-1.1688764303837722
7.635,0.2132069427930486,0.2079042346078171,4.418573260443303e-08,0.005302708185231514,-195.39871673674614,-1.5544452154967399
7.640000000000001,0.2136953000445962,0.2079042346078171,3.5348586083546434e-08,0.005791065436779097,586.1961502102344,-2.0837142676913913
7.645,0.2141822745535604,0.2077088358910804,2.8278868866837146e-08,0.0064734386624799856,390.7974334736832,-6.413169284938785
7.65,0.2146677824044393,0.2077088358910804,2.2623095093469722e-08,0.006958946513358877,-586.1961502099898,-12.213823184588374
7.655,0.2151504814406823,0.2079042346078171,1.809847607477577e-08,0.007246246832865205,-195.39871673667673,-12.459870330730903
7.66,0.2156281865585061,0.2077088358910804,1.447878085982062e-08,0.00791935066742569,195.39871673669163,-5.51916032637963
7.665,0.2160993496312296,0.2079042346078171,1.15830246878565e-08,0.008195115023412497,195.39871673672715,4.4392852125343865
7.67,0.2165640526364659,0.2077088358910804,0.0442760929933471,0.008855216745385475,195.39871673669163,14.17608184962015
7.675,0.2170233599648759,0.2079042346078171,0.0455956341984298,0.009119125357058805,-1.4210854715202004e-10,19.85243681090843
7.68,0.2174798199235312,0.2079042346078171,0.0478779325090792,0.009575585315714091,-8.921574590203818e-11,15.761498172750679
7.685,0.2179366885234709,0.2080996333245538,0.0491852807389923,0.009837055198917088,-195.39871673642642,3.6615290886035723
7.69,0.218395340856513,0.2082950320412904,0.0505003977118063,0.010100308815222586,195.39871673697422,-6.74221017074907
7.695,0.2188550968051874,0.2084904307580271,0.0518201128246924,0.010364666047160298,390.79743347313456,-8.846081991044674
7.7,0.2193142769644997,0.2086858294747638,0.0531362130402963,0.010628447489735904,-390.79743347348983,-4.787505286678875
7.705,0.2197718425998545,0.2092720256249738,0.0524896647083685,0.010499816974880699,-195.39871673644302,-0.3449929269551868
7.71,0.2202277821655004,0.2094674243417104,0.053788502186962,0.010760357823790007,586.1961502098972,4.2335738825019416
7.715,0.2206821384021856,0.2100536204919205,0.0531239088869117,0.01062851791026509,195.39871673647855,11.129182300387324
7.72,0.2211355114665881,0.2104444179253938,0.0534313218957841,0.010691093541194296,-781.594866946359,14.251829087824799
7.725,0.2215902177860632,0.2114214115090771,0.0508120629786283,0.010168806276986103,-3.3082869776990265e-11,9.005839356851718
7.73,0.2220485940500633,0.2118122089425505,0.0511425488945389,0.010236385107512791,586.1961502096534,5.33249902975677
7.735,0.2225103325805752,0.2125938038094972,0.0495350403033216,0.009916528771078015,-586.1961502100015,7.300212926397066
7.74,0.2229760357552827,0.2135707973931805,0.0469708565713763,0.009405238362102192,-390.7974334734543,4.2254151458112545
7.745,0.2234478152847512,0.2141569935433906,0.0463914379581836,0.009290821741360589,390.79743347309926,-2.3920543762658895
7.75,0.2239251367951727,0.2151339871270739,0.0438860590244543,0.008791149668098797,390.7974334734186,-1.8320872741741603
7.755,0.2244068913137371,0.2157201832772839,-7.645432980749315e-05,0.008686708036453189,-390.79743347297756,5.026714387985471
7.76,0.2248935051153571,0.2168925755777039,-8.416666048588459e-05,0.008000929537653217,-1367.7910171562214,13.287325916593801
7.765000000000001,0.2253857285802588,0.2176741704446506,-9.033652502859776e-05,0.007711558135608199,-976.9935836836202,16.12256411306368
7.77,0.2258861674302239,0.2184557653115973,-9.41222568307738e-05,0.007430402118626611,195.39871673590972,6.564209949428545
7.775,0.2263976144102327,0.218651164028334,-9.485052260852562e-05,0.007746450381898695,781.5948669469101,-6.003469117494859
7.78,0.2269192463038862,0.2188465627450706,-9.313281556673806e-05,0.008072683558815602,781.5948669470187,-7.923992086307933
7.785,0.2274491130136084,0.2188465627450706,-8.715801060532999e-05,0.00860255026853779,586.1961502099683,-3.5081167288809247
7.79,0.2279867382672264,0.2188465627450706,0.0456231000834704,0.009140175522155791,-195.3987167367982,-2.5110285999476822
7.795,0.2285323003982995,0.2190419614618073,0.0473837218614543,0.009490338936492204,-195.39871673668998,-3.264535408578407
7.8,0.2290851352035156,0.2190419614618073,0.0501568898124083,0.010043173741708294,586.1961502100947,-1.8094405167802172
7.805000000000001,0.2296446655357062,0.2190419614618073,0.0529640369329242,0.010602704073898905,390.7974334731007,-0.7257855282792143
7.81,0.2302111725773453,0.219237360178544,0.0548283250849178,0.010973812398801297,-2.1242385628283955e-10,-0.360733850189046
7.815,0.2307843989853115,0.2194327588952807,0.0567244607630517,0.011351640090030812,-195.39871673649583,2.3698361667714494
7.82,0.2313641246031873,0.219823556328754,0.0576735493028206,0.01154056827443331,-195.39871673651487,5.173819990676279
7.825,0.2319511400132653,0.2202143537622273,0.0586558969603847,0.011736786251037995,-1.7772094906831626e-10,4.076648582973604
7.83,0.2325463611172082,0.2206051511957007,0.0596767212127015,0.01194120992150749,-7.085532160999719e-11,0.6336397419204403
7.835,0.2331500624395583,0.2211913473459107,0.0597620616335451,0.011958715093647598,390.79743347356106,-1.2964979248764337
7.84,0.233761958767991,0.221582144779384,0.0608646575966249,0.012179813988606986,195.39871673662046,-0.9051129747916953
7.845,0.2343817999039324,0.2223637396463307,0.0600512698125602,0.012018060257601715,-781.5948669469633,-0.05352229006962972
7.85,0.2350096210576109,0.2231453345132774,0.0592764056233252,0.011864286544333497,-195.3987167365836,0.16479497734137993
7.855,0.2356454472934129,0.2239269293802241,0.0585404656496224,0.011718517913188814,976.9935836836739,0.09063870820396858
7.86,0.2362892944637779,0.2245131255304341,0.0588218931361814,0.011776168933343795,-1.2238388080731966e-10,0.016670147043384986
7.865,0.236941169402977,0.2256855178308541,0.0562103937592086,0.011255651572122882,-976.9935836836358,0.12589956078575426
7.87,0.2376010696252,0.2266625114145375,0.0546166467353801,0.010938558210662502,586.1961502100041,3.013454290226278
7.875,0.2382689829027718,0.2276395049982208,0.0530623207119367,0.010629477904550988,781.5948669467665,9.914128566919473
7.88,0.2389450724414381,0.2286164985819042,0.0515483605728795,0.010328573859533896,-1172.392300419831,11.338859441419366
7.885,0.2396319012470875,0.2303750870325342,0.0461808602569667,0.009256814214553294,-781.5948669465873,2.3425950677595537
7.890000000000001,0.2403312170410592,0.2311566818994809,0.0457613530594519,0.009174535141578288,-390.797433473986,-5.307166525372757
7.895,0.2410412632953656,0.2327198716333742,-0.0001189622743837,0.00832139166199139,-586.1961502105348,-9.301992101032383
7.9,0.2417618460191309,0.2335014665003209,-0.0001262241349708,0.008260379518810007,390.7974334736018,-14.965557747679693
7.905,0.2424917618810808,0.2342830613672676,-0.0001320336234405,0.0082087005138132,195.398716736874,-14.311398125951367
7.91,0.2432276573835522,0.2350646562342142,-0.0001366812142162,0.008163001149338017,195.3987167365494,-5.643359928768753
7.915,0.2439684314464851,0.2354554536676876,-0.0001392491270048,0.008512977778797504,195.3987167361944,0.13503668974142258
7.92,0.2447143397361972,0.2360416498178977,-0.0001390031375717,0.008672689918299503,-390.7974334734014,-0.010371395051222976
7.925,0.24546562863165,0.236432447251371,0.0450305510348657,0.009033181380279004,195.39871673713685,-0.2628324742205379
7.930000000000001,0.2462220281137557,0.2366278459681076,0.0478430733178729,0.009594182145648111,390.7974334733676,1.229591148545719
7.935,0.2469833430651803,0.2368232446848443,0.0506844200554025,0.010160098380335991,195.39871673633795,-3.0391109052637475
7.94,0.2477504596837533,0.237018643401581,0.0535558724953516,0.010731816282172318,1172.3923004200442,-13.424949826372984
7.945,0.2485228043382248,0.237018643401581,0.0574301864319871,0.011504160936643804,781.594866946697,-13.817292371881011
7.95,0.2492965953352849,0.2374094408350543,0.059356376941175,0.01188715450023059,-976.9935836834228,-0.4362673708868767
7.955,0.2500705875009568,0.238191035702001,0.059327341587805,0.011879551798955779,-781.5948669465533,10.386522016432885
7.96,0.2508466177759785,0.2385818331354743,0.0612583879982857,0.012264784640504206,390.7974334734188,12.070107382378563
7.965,0.2516262562860056,0.239363428002421,0.0612513618160466,0.012262828283584604,976.9935836829962,13.869522675520804
7.97,0.2524109135278506,0.2397542254358944,0.0632205650201282,0.01265668809195622,-1.4438228390645236e-10,20.99321283246143
7.975,0.2532018808007535,0.2409266177363144,0.0613110628926572,0.012275263064439101,-1172.392300419496,22.910947247072148
7.98,0.2540033521135769,0.2419036113199977,0.0604292496267853,0.012099740793579172,4.2388137444504537e-10,12.240944468973566
7.985,0.2548184542580332,0.2428806049036811,0.0596152807415599,0.011937849354352076,1367.7910171565409,4.149839677727044
7.99,0.2556468444804041,0.2438575984873644,0.0588652041042302,0.011789245993039682,390.79743347313433,13.37476197264273
7.995,0.2564882176023133,0.2452253895045211,0.0562263166035462,0.011262828097792166,-1758.5884506299267,27.353529042663155
8.0,0.2573455404680101,0.2469839779551511,0.0517110997798273,0.010361562512859024,-1563.1897338931794,22.31930523109348
8.005,0.2582245455955668,0.2483517689723079,0.0492589090527526,0.009872776623258889,390.79743347332897,0.19900726109425193
8.01,0.2591267936054376,0.2495241612727279,0.0479004284169151,0.00960263233270972,781.5948669466595,-15.368832632347846
8.015,0.2600497575430244,0.2506965535731479,0.0466459290964439,0.009353203969876489,-390.79743347341844,-17.48261649510249
8.02,0.2609908028999477,0.2518689458735679,0.045482158214084,0.009121857026379798,-781.5948669469437,-21.190964920309177
8.025,0.261948484612054,0.253041338173988,0.0444018261807824,0.008907146438066005,1172.3923004199007,-31.78729007967106
8.03,0.2629200857350452,0.253627534324198,0.0463222776114702,0.009292551410847227,1953.987167367131,-32.307337229586004
8.035,0.2638995358377353,0.2546045279078813,0.0463293014599294,0.009295007929853993,-390.7974334724287,-15.773741188739283
8.040000000000001,0.2648828548206509,0.255972318925038,0.0444027342914642,0.008910535895612859,-1563.1897338933281,-1.110918766111471
8.045,0.2658706038828386,0.2573401099421947,-0.00015446094424,0.008530493940643924,-390.79743347381,1.186819389538222
8.05,0.2668633364155753,0.2585125022426147,-0.0001580735503518,0.00835083417296062,-1.4171064321999438e-10,1.8721906173983136
8.055,0.2678605778285979,0.2596848945430347,-0.0001621137950733,0.008175683285563173,-781.5948669466597,6.913199973688318
8.06,0.2688627173392083,0.2608572868434547,-0.0001641958310185,0.008005430495753585,-781.594866946518,9.915783332417206
8.065,0.2698713298656305,0.2616388817104014,-0.0001635611401106,0.00823244815522911,195.3987167364785,11.536713915170768
8.07,0.2708879107915236,0.2622250778606114,-0.0001596029078883,0.00866283293091219,976.9935836833869,23.497992175124192
8.075,0.2719127757772689,0.2624204765773481,0.0473085101569893,0.009492299199920784,781.5948669471218,36.14910433358201
8.08,0.2729504534864363,0.2628112740108214,0.0505562563065028,0.010139179475614934,390.7974334734526,24.770695282967765
8.085,0.2740084135556886,0.2630066727275582,0.0548831893654112,0.011001740828130435,195.3987167361943,6.020467568152355
8.09,0.2750864945282801,0.2633974701610315,0.0583343585775621,0.011689024367248613,-1.0658141036401503e-10,9.650631859550543
8.095,0.2761830138961718,0.2637882675945048,0.0618770697825662,0.012394746301666981,195.3987167370824,17.954543525037124
8.1,0.2773020543846231,0.2641790650279781,0.0655295662837856,0.013122989356644965,2.1307755559973884e-10,6.756706104376207
8.105,0.2784462274305784,0.2647652611781881,0.068327325583744,0.013680966252390292,-195.39871673718875,-16.55811894668429
8.11,0.2796150875989903,0.2653514573283982,0.0712457953719067,0.014263630270592076,586.1961502097618,-29.62011457826145
8.115,0.2808048108650128,0.2659376534786082,0.0742652503890284,0.014867157386404595,5.391314061853336e-10,-14.945743584391181
8.120000000000001,0.2820090360524355,0.2667192483455549,0.0763787073820232,0.015289787706880609,-1172.3923004202566,8.269769524545495
8.125,0.2832291440848967,0.2678916406459749,0.076614079875225,0.015337503438921762,195.39871673612322,9.88342807506399
8.13,0.2844689540013734,0.2682824380794482,0.0808554271968068,0.016186515921925215,390.7974334732057,-2.5082560017965108
8.135,0.2857274968597546,0.2694548303798682,0.0812809075922009,0.0162726664798864,390.79743347292174,-10.917869494271457
8.14,0.2870047248738795,0.2702364252468149,0.08375370525273,0.01676829962706461,2149.385884103608,-0.35205065920294487
8.145,0.2882973609335849,0.2710180201137616,0.0863011662767381,0.017279340819823297,-976.9935836820373,28.686779089392004
8.15,0.2896054308004596,0.2729720072811283,0.083064233662618,0.01663342351933128,-3321.778184523758,36.746476436280076
8.155,0.2909383842557282,0.2747305957317583,0.0809267313169868,0.016207788523969924,1172.392300418279,15.586401122308374
8.16,0.292299758560203,0.2755121905987051,0.0838158662899038,0.01678756796149794,1758.5884506303407,3.92247986948081
8.165000000000001,0.2936873133026214,0.2772707790493351,0.0819505876574027,0.016416534253286263,-1367.7910171563403,3.249352555647249
8.17,0.2951032945542321,0.2790293674999651,0.0802271632694884,0.016073927054267023,-390.79743347359624,-5.392641105786083
8.175,0.2965480705541329,0.2803971585171217,0.0806014771492908,0.01615091203701119,1172.392300420079,-13.182504602369931
8.18,0.2980192881351025,0.2821557469677518,0.0791538336541894,0.01586354116735067,781.5948669465881,-9.28207425634099
8.185,0.2995152633691575,0.2837189367016452,0.0788068295178948,0.015796326667512295,-781.5948669471571,3.3680812751771327
8.19,0.3010345567982118,0.2860637213024852,0.0746683280296196,0.014970835495726587,-1563.1897338935682,11.163978627771158
8.195,0.3025796096734388,0.288017708469852,0.0726136699056118,0.014561901203586802,-195.39871673708217,5.243383943529594
8.2,0.3041524686248352,0.2899716956372186,0.070698889335281,0.014180772987616608,781.5948669467335,-3.4676827961457235
8.205,0.3057522734456045,0.2917302840878486,0.0698965094337626,0.014021989357755893,390.7974334746633,-6.862889874029662
8.21,0.3073782669989168,0.2936842712552153,0.068248621801886,0.013693995743701504,195.39871673697718,-9.4559054981667
8.215,0.3090297870028586,0.295638258422582,0.0667288001756457,0.01339152858027659,1172.3923004193327,-8.049753267691415
8.22,0.3107050890305814,0.2975922455899487,0.0653282356703024,0.013112843440632738,586.1961502091864,3.040748671700328
8.225,0.3124026944397028,0.2999370301907889,0.0620843283463449,0.012465664248913932,-2344.7846008399442,10.867717671311084
8.23,0.314124884966562,0.3028680109418389,0.0560328179732681,0.011256874024723085,-1172.39230042015,6.298944197028021
8.235,0.3158740365048089,0.3052127955426789,0.0530474550987722,0.010661240962130003,1367.7910171562294,5.874814835969843
8.24,0.3176485225245298,0.3071667827100456,0.052144191311319,0.010481739814484192,-390.79743347151845,13.93046600785648
8.245000000000001,0.3194501121423745,0.3102931621778323,0.0455156356222299,0.009156949964542194,195.398716738421,20.55663582899281
8.25,0.3212818765193207,0.3118563519117256,0.0468548236859905,0.009425524607595104,586.1961502099681,28.7369753938912
8.255,0.3231448518184062,0.3147873326627758,-0.0002768976330195,0.008357519155630377,-2149.3858841041765,25.974228489574813
8.26,0.3250455035867639,0.3171321172636158,-0.0002813264176793,0.007913386323148086,-1563.189733893782,0.16290770307901425
8.265,0.3269869925082986,0.3192815031477191,-0.0002848694454071,0.0077054893605795205,390.79743347370277,-24.25717843941382
8.27,0.3289653779553488,0.3208446928816125,-0.0002865537077574,0.008120685073736311,976.9935836834228,-30.42500483737048
8.275,0.3309766971197547,0.3222124838987691,0.0435354653069542,0.008764213220985584,976.9935836828191,-28.76762071011383
8.28,0.3330172424466361,0.3233848761991892,0.0478815934064157,0.0096323662474469,586.1961502098263,-26.991241716146575
8.285,0.3350835406479371,0.3245572684996093,0.0523611640837042,0.010526272148327798,195.39871673775622,-25.41055816848997
8.290000000000001,0.3371723294399163,0.3257296608000292,0.0569569302789677,0.011442668639887132,195.39871673694057,-24.042891348142646
8.295,0.3392805318511298,0.3269020531004493,0.0616516084622368,0.012378478750680488,195.39871673580404,-22.900821389982404
8.3,0.3414052283770196,0.3280744454008694,0.0664279320126907,0.013330782976150202,-195.39871673672775,-21.987540433059735
8.305,0.3435436278379845,0.329442236418026,0.070293966330048,0.014101391419958476,195.39871673694034,-21.292484484619777
8.31,0.3456930384365567,0.330614628718446,0.0751894514994624,0.015078409718110697,586.1961502098975,-20.788822913788263
8.315,0.3478508410680682,0.3319824197356028,0.0791466743543264,0.01586842133246541,-1.1368683772161603e-13,-20.434322565777798
8.32,0.3500144671340428,0.3335456094694961,0.0821534376813729,0.0164688576645467,-586.1961502106075,-20.175718242754606
8.325,0.3521813827184671,0.3351087992033895,0.0851745821075078,0.01707258351507762,-586.1961502099322,-19.49660624724165
8.33,0.3543490801469123,0.3368673876540195,0.0872198388157041,0.017481692492892775,390.7974334745216,-17.958113856835958
8.335,0.3565150770709392,0.3382351786711762,0.0912094876455192,0.018279898399763017,976.993583683105,-16.600920373975686
8.34,0.3586773808689179,0.3399937671218062,0.09322465949897,0.01868361374711175,781.5948669459135,-10.451645081630684
8.345,0.3608339660116262,0.3417523555724363,0.0952107688928953,0.019081610439189933,-195.39871673693926,8.845364100836427
8.35,0.3629827683796857,0.3439017414565396,0.0952013015800068,0.01908102692314606,-2149.3858841029323,20.626422498395762
8.355,0.3651275978954472,0.3464419247741163,0.093216992465132,0.018685673121330904,-1758.5884506302605,-8.517374541554512
8.36,0.3672740880433164,0.348395911941483,0.0941723251231732,0.0188781761018334,1367.7910171561066,-56.26302732372147
8.365,0.3694165991449005,0.3501545003921131,0.0960838922627024,0.019262098752787393,2735.5820343143305,-69.43274466998284
8.370000000000001,0.3715428224852693,0.3517176901260064,0.0988914732430547,0.01982513235926292,390.7974334726808,-45.09181884430389
8.375,0.3736447067326624,0.3542578734435831,0.0966904577710211,0.019386833289079308,-2149.385884104141,-17.90583625677411
8.38,0.375719538960873,0.3566026580444232,0.0953319296511492,0.019116880916449808,-976.9935836829959,-4.896464901449818
8.385,0.3777668288398887,0.3591428413619999,0.0928592992931325,0.018623987477888793,1953.9871673665605,-0.8540942157960956
8.39,0.3797863316338713,0.3609014298126299,0.0941561903178937,0.018884901821241418,586.196150209258,1.3388918544873718
8.395,0.381778069001678,0.36383241056368,0.0894503783685798,0.017945658437998002,-976.9935836836353,6.922576434646999
8.4,0.3837423464100485,0.3665679925979933,0.085585029052556,0.017174353812055232,1563.1897338928927,24.165810460915182
8.405,0.3856797661098846,0.3689127771988334,0.0835399934386565,0.01676698891105116,-1563.1897338920007,43.95665082840012
8.41,0.3875945058658392,0.3726253528168302,0.0745407947618458,0.014969153049009032,-4298.771768203768,33.5774395423269
8.415000000000001,0.3894960859749702,0.3759471310013535,0.0674306387317726,0.01354895497361669,1172.3923004215499,-3.631929180031804
8.42,0.3913867666520719,0.3775103207352469,0.0690596107654922,0.01387644591682502,3517.176901259383,-18.882389910360942
8.425,0.3932606060364758,0.3806367002030336,0.062790124202721,0.012623905833442195,976.9935836825698,0.6813670101738794
8.43,0.3951154968395665,0.3823952886536637,0.0632650568885068,0.012720208185902804,-2930.9807510492733,16.33230682465208
8.435,0.3969544439044916,0.3864986617051337,0.0519365135347358,0.010455782199357888,-195.39871673438256,11.541231261417991
8.44,0.3987813777953332,0.3882572501557637,0.0522731099989567,0.010524127639569503,3907.974334733761,20.639498751934113
8.445,0.4005939318858423,0.3906020347566038,0.0496078528578326,0.00999189712923848,-3517.1769012636482,46.2226662992321
8.45,0.4023959507506334,0.3949008065248106,-0.0003549164599356,0.007495144225822814,-3321.778184525687,39.51495706267924
8.455,0.4041997094792799,0.3968547936921772,-0.0003575433971962,0.007344915787102724,3517.1769012614895,13.932575622138852
8.46,0.4060054383717669,0.3988087808595439,-0.0003596449470046,0.0071966575122229814,-781.5948669485085,16.096394960885256
8.465,0.4078112916418671,0.4019351603273307,-0.0003590258671873,0.005876131314536404,-2344.784600842289,24.537851195775687
8.47,0.4096237732343546,0.4034983500612241,-0.0003562302836695,0.006125423173130529,1367.7910171571611,22.321816271500943
8.475,0.4114447747685646,0.4050615397951174,-0.0003493931775273,0.006383234973447227,195.39871673729544,26.50686159348963
8.48,0.413275493189593,0.4066247295290108,-0.0003370225336215,0.006650763660582204,-390.7974334734545,23.653905467002453
8.485,0.4151224806756441,0.4076017231126941,-0.000320225059505,0.007520757562950009,586.1961502102458,7.588098386780061
8.49,0.4169871050990755,0.4083833179796408,-0.0002998861212198,0.008603787119434714,195.3987167374662,-0.9195209336360222
8.495000000000001,0.4188680632685732,0.4091649128465874,0.0482401882581609,0.009703150421985773,781.5948669469085,-5.422303889718698
8.5,0.4207661970611889,0.4093603115633242,0.0567790722522774,0.011405885497864698,781.5948669466244,-17.878121828332276
8.505,0.4226806030264168,0.4099465077135341,0.0634460390183049,0.01273409531288272,7.105427357598622e-11,-26.673736239006132
8.51,0.4246073467720435,0.4103373051470075,0.071151105371149,0.014270041625035979,390.79743347324103,-24.12451561248642
8.515,0.4265422218273474,0.4107281025804808,0.0788952117934601,0.015814119246866598,976.9935836835648,-18.853667726262955
8.52,0.4284838804954002,0.4113142987306908,0.0856926491930326,0.017169581764709396,781.5948669467664,-1.5051528986018887
8.525,0.4304287951557525,0.4119004948809009,0.0925034917518627,0.018528300274851583,-586.1961502111049,37.64517440977715
8.53,0.4323769445635329,0.4132682858980576,0.0954167833918124,0.019108658665475287,-781.5948669470458,62.18190651578688
8.535,0.4343388178587334,0.4142452794817409,0.1003480813791991,0.020093538376992515,195.39871673754982,41.22583939299385
8.540000000000001,0.436324184150852,0.4156130704988976,0.1034391769781855,0.020711113651954383,1172.392300420507,8.815085736995982
8.545,0.438334471842806,0.4169808615160543,0.1066507852520177,0.021353610326751704,976.9935836834935,11.521205301079803
8.55,0.4403668250967491,0.4185440512499477,0.1089913021328144,0.021822773846801424,-2344.784600841152,33.134745766859965
8.555,0.4424245721937073,0.4212796332842611,0.1055944363909809,0.021144938909446187,-2344.7846008410806,21.976071021826243
8.56,0.4445163886065259,0.4230382217348911,0.1072509728783823,0.02147816687163484,2540.183317576529,-14.672703126238034
8.565,0.446642253657204,0.4247968101855211,0.1090762227402931,0.02184544347168288,1953.9871673671178,-23.647390007843583
8.57,0.4487948507512044,0.4267507973528878,0.1100557652234702,0.02204405339831661,-2930.9807510479786,-8.361124844501092
8.575000000000001,0.4509728435301708,0.4300725755374112,0.1043225819961961,0.020900267992759625,-1563.1897338913514,-14.127674902919395
8.58,0.4531785641407765,0.4316357652713045,0.1075215311005027,0.021542798869472024,586.1961502100394,-45.49825222781724
8.585,0.4554079806877616,0.4341759485888812,0.1059544327044764,0.021232032098880416,-195.39871673679852,-80.85801073939491
8.59,0.4576534011003395,0.4361299357562479,0.1073986869764137,0.021523465344091552,1953.9871673662053,-100.1575823389137
8.595,0.4599021668777494,0.4376931254901413,0.1108139373110373,0.022209041387608097,2149.3858841030046,-81.13455017891953
8.6,0.4621385036191539,0.4400379100909813,0.1102581436279965,0.022100593528172563,-1563.1897338928936,-36.955584369807596
8.605,0.4643552445177952,0.4425780934085581,0.1086277877049651,0.021777151109237114,-2149.3858841044253,-12.667163742321833
8.61,0.4665527371470408,0.4455090741596081,0.104947531713595,0.02104366298743271,1367.7910171552544,-18.23570914849377
8.615,0.4687302580235292,0.4472676626102382,0.1070296412173446,0.021462595413290986,1758.5884506313669,-21.59876662986396
8.620000000000001,0.4708834345202587,0.4503940420780249,0.1021524341017928,0.0204893924422338,-2149.3858841035712,-5.620031545149928
8.625,0.473008971685803,0.4531296241123383,0.0990898054702391,0.019879347573464712,-2540.183317577524,6.5206790964112855
8.63,0.4751089969721762,0.4564514022968616,0.0929699673894894,0.01865759467531458,4103.373051472337,2.015383923747848
8.635,0.4771857654730714,0.458014592030755,0.0955278521926677,0.01917117344231639,4884.967918418322,12.885175935580875
8.64,0.4792359451818904,0.4611409714985418,0.0901353956928683,0.018094973683348614,-5080.366635155972,43.820021923865255
8.645,0.4812626547692581,0.4660259394169585,0.0758337877138226,0.01523671535229959,-7034.353802521965,41.05295020984653
8.65,0.4832771643253369,0.4693477176014819,0.0692868911928948,0.013929446723854988,2344.7846008398037,-6.734851368789641
8.655,0.485283459596287,0.4720832996357954,0.0656320146731146,0.01320015996049162,5666.562785363274,-34.96577124016703
8.66,0.4872737073527256,0.474037286803162,0.0658054132962716,0.013236420549563643,-2149.3858841002834,-16.443417591676294
8.665000000000001,0.48924144510279,0.4785314572881053,0.0531646258444502,0.010709987814684685,-2540.183317573814,0.08372966326082576
8.67,0.4911906084928163,0.4808762418889455,0.0511796207684401,0.010314366603870806,4689.569201678964,1.7632619358926576
8.675,0.4931201678711741,0.4832210264897855,0.0490979754384765,0.009899141381388588,586.1961502079062,19.061581782438736
8.68,0.4950279514752723,0.4873243995412556,-0.0004021468425089,0.0077035519340166725,-4884.967918417042,32.19566641163984
8.685,0.4969213911633758,0.4908415764425156,-0.0004056791417427,0.0060798147208602216,-1563.1897338932497,18.891979397537867
8.69,0.498804797881876,0.4939679559103023,-0.0004085049811298,0.004836841971573691,390.7974334731573,6.007558613637713
8.695,0.5006773106458068,0.496508139227879,-0.0004096154928074,0.004169171417927775,-976.9935836814045,2.4967983677722216
8.700000000000001,0.5025400396920255,0.4992437212621924,-0.0004047531029895,0.003296318429833134,586.196150211318,-6.269943213589009
8.705,0.5043939338770806,0.5006115122793491,-0.0003974127116393,0.0037824215977315667,2149.3858841025767,-12.066377454900696
8.71,0.5062361737040875,0.5021747020132425,-0.0003846394395671,0.00406147169084492,-195.39871673743767,-6.398396017104908
8.715,0.5080649909139838,0.5037378917471359,-0.0003640693834214,0.004327099166847925,-1172.3923004201497,-2.2622223665534023
8.72,0.5098811335406075,0.5049102840475559,-0.0003418625393449,0.004970849493051599,390.79743347366787,-4.711165409502641
8.725,0.5116840833604993,0.5056918789145026,-0.0003194964247557,0.005992204445996685,781.5948669469798,-5.745806008619454
8.73,0.5134726569792191,0.5062780750647126,-0.0002935524142603,0.007194581914506504,-1.4233592082746327e-10,-4.543666568467522
8.735,0.5152465000512174,0.5068642712149226,-0.0002670464067041,0.008382228836294803,195.3987167360895,-4.043528198340688
8.74,0.5170049982139137,0.5070596699316593,0.0494854004499406,0.009945328282254362,781.5948669466277,-5.261669011176089
8.745000000000001,0.5187476973195704,0.507255068648396,0.0572482975499991,0.011492628671174399,390.7974334734592,-9.58030530349832
8.75,0.5204741137164928,0.5074504673651327,0.0649302528744543,0.013023646351360108,195.39871673672712,-16.221477507798937
8.755,0.5221824134965458,0.5076458660818692,0.072519702209354,0.014536547414676582,390.7974334734543,-22.415822231850754
8.76,0.523870423181653,0.5078412647986059,0.0800050125855243,0.016029158383047082,390.79743347317003,-19.9732735471529
8.765,0.5255344271046365,0.5082320622320793,0.0863899996203612,0.017302364872557208,390.79743347324114,-2.504987042258392
8.77,0.5271715107871625,0.5086228596655527,0.0926377446952854,0.01854865112160986,390.79743347345425,21.202515655149057
8.775,0.5287837648702953,0.5094044545324993,0.0968017915202812,0.019379310337796052,-586.1961502103234,39.418607212129785
8.78,0.5303748715459791,0.510186049399446,0.1008556508395541,0.02018882214653306,-1758.5884506294815,39.27048508438078
8.785,0.5319516293091774,0.5115538404166027,0.1019032244705687,0.02039778889257471,390.7974334738075,17.51750698183382
8.790000000000001,0.5335199240653152,0.511944637850076,0.1077894525250401,0.021575286215239187,1758.5884506291975,2.058646079410785
8.795,0.5350772909063671,0.5129216314337594,0.1106880116451383,0.02215565947260778,195.3987167365142,7.747725724271966
8.8,0.5366241858521518,0.514289422450916,0.1115774350753864,0.022334763401235747,586.1961502103237,22.545237780775796
8.805,0.5381628083079439,0.5152664160345994,0.1143784021459527,0.0228963922733445,-781.5948669460557,40.07805798501536
8.81,0.5396954046322135,0.5174158019187027,0.1112841118754744,0.022279602713510815,-2735.582034313683,40.02549003125685
8.815,0.5412307267516886,0.5191743903693328,0.1101560557631555,0.022056336382355823,-9.172341467123808e-10,7.247542343834457
8.82,0.5427736584634856,0.5205421813864896,0.1110189291916254,0.02223147707699602,1953.987167367205,-31.010286493468925
8.825000000000001,0.5443210717276329,0.5219099724036462,0.1119033259112977,0.02241109932398666,2149.385884103792,-38.65580669248425
8.83,0.5458661948883117,0.5236685608542763,0.1108215773698208,0.022197634034035407,390.79743347373824,-8.786223442883069
8.835,0.5474028329492823,0.5254271493049063,0.109699137588315,0.021975683644375965,-2930.980751050622,24.450580677993695
8.84,0.5489343580999994,0.5289443262061664,0.0997561279297053,0.01999003189383297,-586.1961502112466,28.67998558002822
8.845,0.5504672241931944,0.5301167185065864,0.1015443958492006,0.02035050568660801,586.1961502093286,17.61057353896021
8.85,0.5520025986792266,0.5334384966911098,0.092597646041745,0.018564101988116866,-195.3987167369403,10.577679299785748
8.855,0.5535429254449493,0.5353924838584764,0.0905152586618616,0.018150441586472943,1563.1897338929648,11.791772778480727
8.86,0.5550885271995324,0.5377372684593165,0.0865057758135814,0.017351258740215925,-1758.5884506284651,17.671847213655518
8.865,0.5566405143838468,0.5410590466438399,0.0776436655992762,0.015581467740006905,-2149.385884101207,9.68501931573859
8.870000000000001,0.5582039354336957,0.54340383124468,0.0737240233540486,0.014800104189015784,1758.5884506297928,-10.853455987311275
8.875,0.5597776628571004,0.5453578184120467,0.0718113148821887,0.014419844445053731,-195.39871673715356,-27.436151734293944
8.88,0.5613585084010313,0.5482887991630967,0.0650492107252894,0.013069709237934601,1367.7910171582985,-34.09312910804523
8.885,0.562943517408723,0.5500473876137267,0.0641710208537225,0.012896129794996214,4494.1704849442995,-9.607016274202422
8.89,0.5645248099498054,0.55219677349783,0.0613223200131181,0.012328036451975333,-2344.7846008422184,38.34590734662578
8.895,0.5661039849096063,0.5564955452660368,0.047716598510857,0.0096084396435695,-5471.164068628219,51.317107875592576
8.9,0.5676932330637436,0.5596219247338236,-0.000332939835008,0.00807130832992009,-9.094947017729282e-13,23.162587653972217
8.905,0.5692974112670972,0.562357506768137,-0.000338811937422,0.006939904498960203,976.9935836838042,8.490966122765677
8.91,0.5709150948507218,0.5650930888024503,-0.0003435096193533,0.005822006048271433,-1172.3923004180224,24.442617430153838
8.915000000000001,0.5725469590688501,0.5676332721200271,-0.0003449674452343,0.004913686948822993,-1172.3923004198314,33.17071318350454
8.92,0.5741988862768624,0.5695872592873937,-0.0003415330666111,0.004611626989468709,390.7974334720325,6.446167391303348
8.925,0.575877070932294,0.5711504490212871,-0.0003330347645526,0.004726621911006923,1953.9871673673429,-24.837921032131817
8.93,0.5775777780553494,0.5719320438882337,-0.0003193351639138,0.005645734167115668,586.19615021075,-20.487346932044034
8.935,0.5792941930248209,0.5732998349053905,-0.0003014745244108,0.005994358119430387,-1172.3923004206474,-1.061842400034024
8.94,0.5810269322651502,0.5740814297723372,-0.0002756844144885,0.006945502492813005,-195.3987167373333,0.45902635043010775
8.945,0.5827778379994986,0.5746676259225473,-0.0002504516872226,0.008110212076951284,976.9935836838835,-2.0333230809644647
8.950000000000001,0.5845452870638657,0.5748630246392838,0.048189097736323,0.009682262424581811,976.993583683819,9.094427136502247
8.955,0.5863284648826775,0.5750584233560204,0.0561563338863688,0.011270041526657115,586.1961502095419,17.015221848098548
8.96,0.5881308091284135,0.5752538220727572,0.0642183346824282,0.01287698705565632,586.1961502096129,5.809834677067002
8.965,0.5899551681014943,0.5754492207894939,0.0723884049644953,0.014505947312000389,390.7974334737384,-13.250911019753232
8.97,0.5918005136806425,0.5758400182229672,0.0796825110529792,0.015960495457675306,-195.3987167361584,-24.75031244579084
8.975,0.5936637574906259,0.5764262143731771,0.0860848416399344,0.01723754311744885,-195.39871673672707,-26.673490409764796
8.98,0.5955411498095327,0.5770124105233871,0.0925533461540557,0.018528739286145512,-195.39871673772214,-23.774419256598186
8.985,0.5974294827376266,0.577794005390334,0.0980947550766378,0.01963547734729265,-2.0833113012486137e-10,-20.00144186638728
8.99,0.5993260440246745,0.5785756002572806,0.1036734617509571,0.020750443767393878,976.9935836841003,-14.38553937717219
8.995000000000001,0.6012285694232405,0.5793571951242272,0.1092766134287768,0.021871374299013313,586.1961502094726,-3.512572098353374
9.0,0.6031351948842014,0.5805295874246473,0.1129431279677627,0.02260560745955409,-586.1961502101104,10.374191059837937
9.005,0.6050466320080891,0.5820927771585406,0.1146783435870963,0.022953854849548483,-976.9935836829962,18.4312572808673
9.01,0.6069650898160152,0.5834605681756972,0.1174234099969368,0.02350452164031791,-586.1961502103946,11.314268945455915
9.015,0.6088940446832327,0.585414555343064,0.1172881839814897,0.023479489340168747,1172.3923004200783,-1.485959134584128
9.02,0.6108341600773967,0.5863915489267474,0.1220922909426353,0.024442611150649274,-195.39871673580348,-1.728867496098843
9.025,0.6127821217176169,0.5887363335275874,0.1200955239870351,0.02404578819002956,-1172.3923004191554,-5.101550066584053
9.03,0.6147409197092113,0.5904949219782174,0.1210829994903595,0.024245997730993896,1172.3923004200076,-24.288919819994657
9.035,0.6167091342437456,0.5918627129953741,0.124071958996386,0.024846421248371553,586.1961502074818,-34.53331581475706
9.04,0.6186802671613925,0.5945982950296876,0.1202345863090349,0.02408197213170482,195.39871673481343,-21.464759372379305
9.045,0.6206507933417988,0.5959660860468443,0.1232327099625735,0.024684707294954533,-390.79743347117886,5.426879956545467
9.05,0.6226176691181261,0.5992878642313676,0.1164423057119295,0.02332980488675851,-1172.3923004185917,20.218457029272525
9.055,0.6245856342524042,0.6012418513987344,0.1164960312992587,0.02334378285366978,195.39871673630086,6.3194440776470255
9.06,0.6265585524593673,0.6041728321497843,0.111690486861379,0.022385720309582968,390.7974334735971,-13.081992368101208
9.065,0.628533875432591,0.6065176167506244,0.1098286930296763,0.02201625868196655,-586.1961502099678,-18.29867114800399
9.07,0.6305092366291946,0.6094485975016745,0.1050355562230517,0.021060639127520098,-390.79743347494684,-17.01259027505927
9.075,0.632482434889991,0.6121841795359879,0.1012081556484567,0.020298255354003092,1758.588450629133,-15.804181654525543
9.08,0.6344514229564597,0.6145289641368279,0.0993144872913285,0.01992245881963184,1172.392300422495,-14.645938528943802
9.085,0.63641430003433,0.6178507423213512,0.0925059328901818,0.018563557712978795,390.797433474587,-8.072024880905275
9.09,0.6383693072595084,0.6211725205058746,0.0856573885196555,0.017196786753633786,-390.7974334737387,13.854496563823528
9.095,0.6403148249270775,0.6246896974071348,0.0777850403724952,0.015625127519942716,-4494.170484944865,37.434872735958145
9.1,0.6422548175134595,0.6297700640422882,0.0620696282260101,0.012484753471171284,-1367.7910171585813,29.783943928835686
9.105,0.6441978640647982,0.632310247359865,0.0590719607128854,0.011887616704933213,2735.5820343133983,-3.475274474524838
9.11,0.6461453885910491,0.6358274242611249,0.0512129617324607,0.010317964329924156,-195.39871673622895,-26.909229513592738
9.115,0.6480932013914208,0.6393446011623851,0.0433575515437147,0.008748600229035675,-586.1961502103943,-32.82036329921013
9.12,0.6500375452178025,0.6420801831966985,-0.0003923213489065,0.007957362021104086,-586.1961502087357,-31.02625596169733
9.125,0.6519739276774318,0.6455973600979584,-0.0003989689066928,0.006376567579473358,-1172.3923004178105,-24.368888948487665
9.13,0.6538984670304215,0.6479421446987986,-0.0004031367930898,0.00595632233162291,390.79743347327735,-17.531791270364984
9.135,0.6558090166668694,0.6504823280163752,-0.0004041707825434,0.005326688650494238,1172.3923004189419,-13.002356724742341
9.14,0.6577037851399562,0.6522409164670053,-0.0004015474946104,0.005462868672950871,-195.39871673772154,-4.876169344071812
9.145,0.6595809365684635,0.6543903023511087,-0.0003925479052719,0.005190634217354773,-1758.5884506302598,4.399667789556716
9.15,0.6614404971896825,0.6561488908017388,-0.0003738466354813,0.005291606387943681,9.943050827132538e-10,-0.5978941855745461
9.155,0.6632848112128696,0.6571258843854221,-0.0003531348204887,0.006158926827447564,1563.189733893533,-17.937547550701552
9.16,0.6651130028473898,0.6579074792523687,-0.0003285142496708,0.007205523595021135,586.1961502096133,-22.8188962525185
9.165,0.6669200427059025,0.6586890741193153,-0.0003042171536884,0.008230968586587228,390.79743347313536,-5.566517786506395
9.17,0.6687033645655275,0.6590798715527887,0.0478418868654473,0.009623493012738793,195.3987167369072,16.906199564489043
9.175,0.6704638121513101,0.6596660677029987,0.0537429561666557,0.010797744448311386,195.39871673704937,23.597883677536913
9.18,0.6722060158263089,0.6600568651364721,0.0605295878721191,0.012149150689836796,781.5948669466243,16.4116282596188
9.185,0.6739330257486557,0.6602522638532087,0.0682159249377671,0.01368076189544698,-195.39871673715348,11.055192916558724
9.19,0.6756445545134118,0.6610338587201554,0.0728916697363876,0.014610695793256356,195.39871673644313,0.7984385739232707
9.195,0.6773440951261994,0.661229257436892,0.0804332394643018,0.016114837689307437,1172.3923004199366,-11.653143617423389
9.2,0.6790300358197526,0.661815453587102,0.0859486503791448,0.0172145822326506,-586.1961502097586,-1.6302541192122533
9.205,0.6806978187225154,0.6627924471707854,0.0894147973732115,0.01790537155173,-1367.7910171559183,14.303420180394859
9.21,0.6823508066017147,0.6635740420377321,0.0937792224337462,0.018776764563982584,195.3987167371502,4.893221138489444
9.215,0.6839925662834845,0.6643556369046788,0.098084864347447,0.01963692937880568,2149.385884102577,-6.8265232161482885
9.22,0.685621170279477,0.6649418330548889,0.1032973073685317,0.020679337224588146,1563.1897338928227,17.340058066963834
9.225,0.6872332310302448,0.6661142253553088,0.1054925221745127,0.021119005674935964,-1563.1897338928216,57.44845772142319
9.23,0.6888343003298242,0.6680682125226756,0.1037231305593055,0.020766087807148614,-781.5948669460557,66.53799961825109
9.235,0.6904371530208636,0.6696314022565689,0.1039118527248596,0.020805750764294695,976.9935836836353,55.785569754223275
9.24,0.6920476452104776,0.671389990707199,0.1031625471638061,0.02065765450327861,-1953.9871673681248,55.60332686698875
9.245,0.693670870254959,0.6741255727415123,0.09758910217054,0.01954529751344669,-1367.7910171576802,45.31113764995787
9.25,0.6953169904911914,0.6758841611921423,0.097013982583771,0.019432829299049104,1953.9871673677903,13.198263273893986
9.255,0.6969899860593988,0.6776427496427724,0.0965734950401685,0.01934723641662639,1367.7910171560047,-5.224562692215827
9.26,0.6986876473096156,0.6801829329603492,0.0923474157186819,0.018504714349266482,-781.5948669473353,7.299517316995036
9.265,0.7004076986974554,0.6821369201277159,0.0911635111538017,0.018270778569739576,-3907.974334733975,9.623477750438013
9.27,0.702154391103058,0.6856540970289758,0.0822974078220541,0.016500294074082156,-390.7974334747332,-27.423103612705745
9.275,0.7039313076864466,0.6868264893293958,0.0853079343942969,0.0171048183570508,5471.164068627223,-44.09855703315426
9.28,0.705726845349269,0.6883896790632892,0.0864588480050296,0.01733716628597981,-390.79743347146473,1.865351701298053
9.285,0.7075333899227595,0.6913206598143393,0.0808257059704375,0.01621273010842017,-3517.1769012605205,40.15191166118481
9.29,0.7093609114912155,0.693860843131916,0.0772524781475672,0.015500068359299513,2930.980751048082,28.364397350893768
9.295,0.7112158107580955,0.6952286341490728,0.0796800841343695,0.015987176609022713,1953.9871673676316,13.693736761270955
9.3,0.7130967414405595,0.6985504123335962,0.0724671980949575,0.014546329106963296,-1953.9871673655693,16.92139206925505
9.305,0.7150069345898055,0.7014813930846462,0.0673551911028135,0.013525541505159278,-1758.5884506298344,24.758740644728405
9.31,0.7169480289340606,0.7044123738356962,0.062398153722508,0.012535655098364407,-3907.9743347345443,20.37064422865042
9.315,0.7189236828099589,0.708124949453693,0.0537074607349506,0.01079873335626591,-195.3987167387155,-16.061054135577052
9.32,0.7209395327123643,0.7096881391875862,0.0559658941558597,0.011251393524778108,6057.360218836695,-43.448810475725864
9.325,0.7229864260627842,0.7112513289214797,0.0583805183011701,0.011735097141304496,1563.1897338952278,-13.163034251728632
9.33,0.7250551917213351,0.7141823096725297,0.0540663276888175,0.010872882048805432,-3712.575617994807,23.78863077524028
9.335,0.7271517155378064,0.7169178917068433,0.0508685444797204,0.010233823830963162,-1367.7910171555432,13.82257505001688
9.34,0.7292818429267213,0.7194580750244197,0.0488162711405037,0.00982376790230155,1172.39230041951,-11.194044640348196
9.345,0.7314433398657996,0.7214120621917866,0.0498533752021661,0.010031277674013017,-390.7974334747331,-21.157853604450978
9.35,0.7336333089035727,0.7241476442261,0.0471261045417806,0.009485664677472694,-586.1961502107501,-30.48129707153403
9.355,0.7358501050021237,0.7259062326767299,0.0494189283990706,0.009943872325393732,2540.183317578021,-34.60936888885324
9.36,0.7380884317982851,0.7278602198440967,0.050843205197024,0.010228211954188438,2149.3858841044257,-5.405439228667362
9.365,0.7403415296497072,0.7298142070114633,0.0523419717003175,0.010527322638243963,-2930.9807510516175,36.05061196310679
9.37,0.7426126022419697,0.7331359851959867,0.0470910142054255,0.009476617045983016,-3321.7781845243935,33.832905429830575
9.375,0.7449122083693217,0.7352853710800901,0.0478453219546308,0.009626837289231638,1172.3923004205944,-6.661320569348234
9.38,0.7472418708465902,0.7370439595307202,0.0507044074740243,0.01019791131587,1758.5884506291777,-34.70822479455062
9.385,0.7495959740663968,0.7389979466980869,0.0527091102050169,0.010598027368309837,390.7974334733117,-38.009807310148034
9.39,0.7519695762915757,0.7407565351487168,0.055789777372461,0.011213041142858926,2.8393378902283593e-10,-33.55571872930541
9.395,0.7543581185161382,0.7427105223160836,0.0579681814540305,0.011647596200054622,-586.1961502106076,-27.019459235761836
9.4,0.7567577087696169,0.7446645094834503,0.0602006999210631,0.01209319928616659,1.4196461497822918e-10,-15.452076171556524
9.405,0.7591650859998165,0.7464230979340803,0.0634493964079209,0.01274198806573612,195.39871673715365,-4.778006048126425
9.41,0.7615792488214779,0.7481816863847104,0.0667310703342859,0.013397562436767485,390.7974334723175,-1.8480011360113053
9.415,0.76400142444126,0.7501356735520771,0.0690762044131612,0.013865750889182848,781.5948669460147,6.906541098449743
9.42,0.7664294184411108,0.7515034645692338,0.0743805727800708,0.014925953871877007,-976.9935836815514,21.8186605950153
9.425,0.7688652858393337,0.7542390466035471,0.0728858325222016,0.014626239235786542,-195.3987167352808,21.350741195935903
9.43,0.7713151241696139,0.7554114389039671,0.0792761290095692,0.015903685265646783,1.417674866388552e-10,5.84285240762469
9.435,0.7737784888546307,0.7577562235048073,0.0798714825009056,0.016022265349823428,-1172.3923004193682,-21.39746526964546
9.44,0.7762577167481832,0.7597102106721738,0.08250079874803,0.01654750607600941,1563.1897338931067,-42.22437272460542
9.445,0.7787468763395599,0.7606872042558572,0.0900641188794517,0.018059672083702627,390.7974334711803,-22.02415625660602
9.45,0.7812357987115491,0.763227387573434,0.0898098062258787,0.018008411138115132,-1367.7910171577212,12.453971928460312
9.455,0.7837282239213963,0.7645951785905907,0.0954345708488228,0.01913304533080562,976.993583684682,20.20416654815488
9.46,0.7862273459034557,0.7663537670412206,0.0991373632737313,0.019873578862235064,586.1961502096958,10.407075111944597
9.465,0.7887349855720686,0.7681123554918509,0.1028827191778535,0.020622630080217697,-976.9935836843467,-3.770609453113188
9.47,0.7912525624904494,0.7700663426592175,0.1057007477842918,0.021186219831231923,-390.7974334727441,-15.27275604132766
9.475,0.7937775683666884,0.7718249311098475,0.1095317486335986,0.021952637256840934,586.1961502106076,-18.15920044336452
9.48,0.7963076778630782,0.7733881208437408,0.1143654784230907,0.022919557019337455,195.39871673601664,-17.247567281514854
9.485,0.7988406995492149,0.7753421080111076,0.1172599557985474,0.023498591538107294,1367.7910171558117,-10.285048594767407
9.49,0.8013745328208987,0.7769052977450008,0.1221126173127861,0.02446923507589782,781.5948669463403,10.005379129438658
9.495,0.8039071315523663,0.7788592849123676,0.1250040800336873,0.025047846639998705,-3126.3794677852256,21.820268010654043
9.5,0.8064428423153159,0.7819856643801543,0.1220483102699876,0.024457177935161667,-586.1961502084384,-1.1584895932527282
9.505,0.8089868697552728,0.7831580566805743,0.1289033948162283,0.02582881307469853,1563.189733891692,-37.26386505732408
9.51,0.8115344266143406,0.7855028412814143,0.1299136330263801,0.026031585332926266,-781.594866948614,-56.26999680288498
9.515,0.8140787556683393,0.7876522271655179,0.1318843002512345,0.026426528502821456,586.1961502107497,-56.09238503609759
9.52,0.8166120218529155,0.7890200181826744,0.1377072870288034,0.02759200367024106,390.79743347445,-41.028820160138
9.525,0.8191265192947642,0.7915602015002512,0.1375741962427078,0.027566317794513018,-586.1961502098973,-25.446322535317307
9.53,0.8216195356460044,0.7931233912341445,0.1422196002034778,0.02849614441185988,1367.7910171565213,-22.72008323586809
9.535,0.8240891318143871,0.7952727771182478,0.1438165181642715,0.0288163546961393,1172.392300419368,-20.38729648305126
9.54,0.8265315216710722,0.7972267642856145,0.1462540746825492,0.02930475738545779,-976.993583682752,-6.997636581454543
9.545,0.8289438731439722,0.8001577450366647,0.1436562125893141,0.028786128107307518,-1367.7910171553522,3.3965377933478607
9.55,0.8313275926316366,0.8025025296375047,0.143844814141785,0.0288250629941319,-390.79743347378036,-0.07517436176085823
9.555,0.8336837456469381,0.8052381116718181,0.1419405104217407,0.02844563397512001,1563.1897338925378,-1.089557216431487
9.56,0.8360111450654892,0.807582896272658,0.141847857610309,0.028428248792831234,2149.385884103573,19.284046135795222
9.565,0.838308674148923,0.8101230795902348,0.1406277045999395,0.028185594558688187,-3126.379467785646,38.44883184072705
9.57,0.8405810894154142,0.8140310539249681,0.1324432536271737,0.0265500354904461,-3517.1769012609466,14.36820632449107
9.575,0.8428379426960627,0.8169620346760184,0.1290661416100886,0.025875908020044358,3126.3794677846217,-24.80579111901696
9.58,0.8450758745132528,0.8187206231266484,0.131457678710828,0.02635525138660444,1953.9871673686166,-20.31904174358951
9.585,0.8472859194946826,0.8222378000279084,0.124915575006364,0.02504811946677421,-1758.5884506289487,1.6060488876082246
9.59,0.8494706945678855,0.8247779833454851,0.1231333785002445,0.024692711222400354,-1563.1897338941023,-4.835419743188027
9.595,0.8516322855030374,0.8279043628132718,0.1183041614498382,0.023727922689765535,390.79743347416434,-18.208845371107117
9.6,0.8537671556282002,0.8304445461308485,0.116273375977983,0.023322609497351654,2344.784600840868,-14.39020953114418
9.605,0.8558722053013846,0.8323985332982152,0.1170264630590752,0.02347367200316941,-1367.7910171579422,-10.473145148779594
9.61,0.8579470488488257,0.8361111089162119,0.1088360223478998,0.02183593993261379,-2149.385884105278,-20.91519912042469
9.615,0.8599912886801931,0.8380650960835787,0.1092858613811851,0.021926192596614436,1953.9871673661346,-29.538703117283617
9.62,0.8619999010846133,0.8404098806844187,0.1076038609697119,0.021590020400194643,1563.189733894497,-22.68568932845423
9.625,0.8639686204403426,0.8427546652852588,0.1057237733604905,0.02121395515508384,-586.1961502085777,-12.076921572089333
9.63,0.8658961736324464,0.8452948486028355,0.1026608136261917,0.020601325029610873,-781.594866947016,-5.801224447907231
9.635,0.8677815148925044,0.8480304306371489,0.0984109126291999,0.019751084255355544,-195.39871673672704,0.8922846068060153
9.64,0.8696237895707516,0.8501798165212522,0.0968775490591791,0.019443973049499408,-976.9935836834939,2.659031987093357
9.645,0.8714241708122309,0.8531107972723023,0.0912286057983968,0.018313373539928568,195.39871673516356,-5.4739885013079
9.65,0.873183641184136,0.8548693857229324,0.0912374089942619,0.018314255461203688,2149.385884103573,-5.725384671677858
9.655,0.874899247231509,0.8570187716070357,0.0890731748420339,0.01788047562447337,-586.19615020876,10.245106666815985
9.66,0.8765702544840988,0.8595589549246124,0.0847333268619015,0.017011299559486326,-1953.9871673675566,17.866493512315998
9.665,0.8782010187656671,0.8619037395254524,0.0811692013012179,0.016297279240214735,390.7974334725669,5.556889001525491
9.67,0.8797938745773065,0.8636623279760824,0.080347619254468,0.016131546601224067,390.7974334752332,-7.913377095007434
9.675,0.881347351908218,0.8658117138601857,0.0773760417267357,0.015535638048032263,-781.594866946444,-12.869124089745583
9.68,0.8828600583527607,0.8675703023108159,0.0761553042065438,0.015289756041944824,195.39871673516336,-14.425433542727149
9.685,0.8843303332820658,0.8691334920447094,0.0756999685114621,0.015196841237356429,976.9935836833512,-13.475326636581428
9.69,0.8857559366863718,0.8705012830618659,0.0759987214291614,0.015254653624505843,195.3987167370115,-10.698673536069577
9.695,0.887135537453668,0.8720644727957593,0.0750908297014017,0.01507106465790875,-195.39871673715345,-8.597595473248191
9.7,0.8884680342515031,0.8734322638129159,0.0749247014086384,0.01503577043858717,-390.79743347299984,-6.311607264103657
9.705,0.8897522657494887,0.8748000548300726,0.0745186285353548,0.01495221091941612,-781.5948669453524,-4.411069813414798
9.71,0.8909877534526818,0.8761678458472293,0.073867641903426,0.014819907605452487,195.3987167366892,-4.820204162177816
9.715,0.8921742065622639,0.8769494407141761,0.0759026573865777,0.01522476584808774,586.1961502093292,-5.024412789822776
9.72,0.8933106832200934,0.8779264342978594,0.0767109524929534,0.015384248922234,2.844444679794833e-10,-2.661232151695515
9.725,0.8943965396878313,0.8787080291648061,0.0782432646050889,0.015688510523025223,586.1961502101814,0.037376236292658405
9.73,0.8954317991409488,0.879294225315016,0.0804996847258346,0.01613757382593284,390.7974334731699,1.1358281969368988
9.735,0.8964166038940392,0.8800758201819627,0.0815269173611828,0.01634078371207648,-586.1961502103236,1.0607343754999192
9.74,0.8973511385914843,0.8808574150489095,0.0823028633970426,0.016493723542574834,-195.39871673715353,0.17602014025874269
9.745,0.8982355350090845,0.8814436111991195,0.0838051625603517,0.01679192380996497,586.1961502106458,-1.8702331997736223
9.75,0.8990697623060753,0.8820298073493293,0.0850566568750072,0.01703995495674593,195.39871673761766,-6.013353688274776
9.755,0.8998535090531078,0.8826160034995394,0.0860557810433841,0.0172375055535684,-976.9935836842388,-12.793674727511956
9.76,0.9005858000515219,0.8833975983664862,0.085819508807964,0.017188201685035653,-586.1961502106078,-20.958750867948538
9.765,0.9012645126724202,0.8837883957999594,0.087269582750549,0.017476116872460867,781.5948669467666,-29.713970784685074
9.77,0.9018864581530968,0.8839837945166963,0.0894130152942787,0.017902663636400473,195.39871673658513,-39.94042118421419
9.775,0.9024475871161544,0.8843745919501695,0.0902743820812573,0.018072995165984818,-586.1961502094709,-50.95475097604893
9.78,0.9029420226400152,0.8845699906669061,0.0917796337477877,0.018372031973109104,195.39871673672724,-62.59663197284033
9.785,0.9033627919631256,0.8845699906669061,0.0938926846278993,0.01879280129621952,781.5948669464822,-73.16095975227506
9.79,0.9037015387613012,0.8845699906669061,0.0955960823500884,0.0191315480943951,195.39871673672388,-73.47700968999214
9.795,0.9039475305813612,0.8845699906669061,0.0968349225952709,0.019377539914455122,-586.19615021015,-61.765635454523306
9.8,0.9040918455572023,0.8847653893836429,0.0965889091263615,0.019326456173559436,4.2305623305815806e-10,-50.28730497535355
9.805,0.9041283259611712,0.8845699906669061,0.0977569790781765,0.019558335294265095,586.1961502104657,-45.206995037292074
9.81,0.904051177392264,0.8845699906669061,0.0973781757122704,0.019481186725357924,195.39871673672715,-37.3945866104479
9.815,0.9038548907975804,0.8845699906669061,0.0964022943217561,0.0192849001306743,-195.39871673672715,-15.141185790384498
9.82,0.9035343272714492,0.8845699906669061,0.0948039179574227,0.01896433660454311,-390.7974334737385,12.17120548020091
9.825,0.9030898305039784,0.8847653893836429,0.091607993549443,0.01832444112033549,195.3987167363388,21.381713146352524
9.83,0.9025261540089676,0.8845699906669061,0.0897694470685205,0.017956163342061515,3.240074875066057e-12,7.448713025723237
9.835,0.9018453162858447,0.8847653893836429,0.0853905387975795,0.017079926902201836,-586.196150210074,-30.138910451086417
9.84,0.9010480393179652,0.8847653893836429,0.0814059731008682,0.01628264993432227,390.7974334734543,-87.33878503719342
9.845,0.900128796856206,0.8845699906669061,0.0777882096899042,0.015558806189299834,781.5948669470508,-119.67214748026413
9.85,0.8990698442879911,0.8845699906669061,0.0724946111001488,0.014499853621084968,-195.39871673658504,-89.7792008640896
9.855,0.8978529334300246,0.8845699906669061,0.0664109882113716,0.013282942763118477,-781.5948669471929,-31.526919295147536
9.86,0.8964718967715649,0.8847653893836429,0.0585295564562334,0.011706507387922005,-2.842170943040522e-10,4.152624742630451
9.865,0.8949279468064366,0.8845699906669061,0.0517873963109512,0.0103579561395305,586.1961502103236,13.969314106106708
9.87,0.8932226698493917,0.8845699906669061,-1.9075093610383265e-06,0.008652679182485579,1.421085471520261e-10,16.07245966507992
9.875,0.8913579896101844,0.8845699906669061,-1.5260074888306612e-06,0.006787998943278306,-195.39871673676186,4.075943264891976
9.88,0.8893361328355768,0.8845699906669061,-1.220805991064529e-06,0.004766142168670662,-195.39871673672715,-42.116632865943075
9.885,0.8871591343009334,0.8845699906669061,-9.766447928516232e-07,0.002589143634027291,-1.4210854715202609e-10,-87.7048112657559
9.89,0.8848163616733864,0.8845699906669061,-7.813158342812987e-07,0.00024637100648028376,390.7974334731701,-65.23698370827708
9.895,0.8822892642458173,0.8843745919501695,-6.25052667425039e-07,-0.0020853277043522134,-390.797433473028,5.378094546841794
9.9,0.8795756515515541,0.8845699906669061,-5.000421339400313e-07,-0.0049943391153519645,-195.39871673615872,52.133477074536245
9.905,0.8766831424611281,0.8843745919501695,-4.00033707152025e-07,-0.007691449489041435,781.5948669466244,62.84808905917669
9.91,0.873619380564627,0.8841791932334329,-0.0527993833709952,-0.010559812668805901,-586.1961502103236,54.43243965700856
9.915,0.8703929024239403,0.8843745919501695,-0.0699075534928868,-0.013981689526229246,-1367.7910171569858,35.60304630877431
9.92,0.8670103968016638,0.8841791932334329,-0.0858421166884057,-0.01716879643176905,-586.1961502101401,28.901452074169242
9.925,0.8634729765739093,0.8837883957999594,-0.1015733034342347,-0.02031541922605007,-586.1961502099981,29.703071792145465
9.93,0.8597843033089736,0.8832021996497494,-0.1170818469077387,-0.023417896340775846,-195.39871673672724,3.4181785251531664
9.935,0.8559522663631122,0.8820298073493293,-0.1303735459753495,-0.026077540986217174,586.196150209897,-17.330705494772133
9.94,0.8519708031583486,0.8806620163321728,-0.1434309367865478,-0.02869121317382417,390.7974334731699,19.916884012757805
9.945,0.8478341899700726,0.8789034278815427,-0.1553019329348201,-0.031069237911470093,-390.79743347231715,67.74640193981634
9.95,0.8435525656442937,0.8771448394309127,-0.1678983597991029,-0.033592273786619,781.5948669465998,71.7950452962574
9.955,0.8391386642788036,0.8748000548300726,-0.1782220406541917,-0.035661390551269045,-195.3987167384446,66.16780965928331
9.96,0.8345973371687474,0.8722598715124958,-0.1882010359634036,-0.037662534343748444,-2149.385884103667,77.67782411837652
9.965,0.8299374843346011,0.8705012830618659,-0.2026779278396133,-0.04056379872726479,2149.385884103005,95.41281673790962
9.97,0.825171285541372,0.8658117138601857,-0.2030294806454365,-0.04064042831881376,2344.7846008390216,123.27437082561715
9.975,0.8203083279615838,0.8638577266928191,-0.2175410054671831,-0.04354939873123531,-3907.974334732981,131.15728002560945
9.98,0.8153698235789039,0.8599497523580858,-0.2226612431154672,-0.04457992877918193,-2344.7846008388788,84.96591937003797
9.985,0.810374469530577,0.8572141703237723,-0.2339238216738871,-0.04683970079319533,4103.373051469991,44.595580378229414
9.99,0.8053241085613687,0.8507660126714622,-0.2268977619302364,-0.04544190411009352,1172.392300420079,62.40026014666353
9.995,0.8002208749609511,0.8482258293538855,-0.2396753011631035,-0.048004954392934396,-5080.3666351554275,78.07033476156961
10.0,0.7950787360691448,0.8423638678517854,-0.2360391174075727,-0.0472851317826406,-781.5948669507563,36.97739716614157
10.005,0.7899099445128505,0.8380650960835787,-0.2403480581864416,-0.04815515157072825,5275.765351892427,-14.400599630901112
10.01,0.7847117764369935,0.8296629512639019,-0.2242860466594307,-0.04495117482690836,390.7974334781452,-34.74022106232249
10.015,0.7794786555834452,0.8259503756459051,-0.2318481696318673,-0.04647172006245992,-976.9935836815048,-43.19899524972598
10.02,0.774208829065284,0.8179390282597016,-0.2181011817684067,-0.04373019919441756,2930.980751049912,-27.036643837734715
10.025,0.7688922679516712,0.8122724654743383,-0.2163139157918952,-0.043380197522667086,1563.189733892539,35.151175127483896
10.03,0.7635266949587665,0.8062151052555014,-0.2128217230885314,-0.04268841029673498,390.7974334734531,98.85849495461629
10.035,0.7581237449736905,0.799962346319928,-0.2085437727574175,-0.041838601346237514,-3712.5756179965374,107.31092615515517
10.04,0.7527005252925686,0.7960543719851946,-0.2160968750264586,-0.043353846692625986,-2930.9807510529527,60.69033646085845
10.045,0.7472719451444578,0.7894108156161478,-0.2100023441916255,-0.04213887047168996,2735.5820343091623,20.62981351145187
10.05,0.7418376309928435,0.7837442528307843,-0.2088253812387573,-0.041906621837940805,390.7974334736924,26.37364528894145
10.055,0.7363975588004341,0.7776868926119475,-0.2057263652793221,-0.04128933381151334,-781.5948669456293,42.49726483934204
10.06,0.7309586418731066,0.7720203298265842,-0.2045780753273052,-0.041061687953477644,-781.5948669480466,23.13122567628031
10.065,0.7255269595869084,0.7651813747408006,-0.1975336627999075,-0.03965441515389223,-3517.1769012592413,-43.812091561790744
10.07,0.7201060551981949,0.7601010081056472,-0.1992299127441311,-0.03999495290745225,3126.3794677918986,-104.68601213020546
10.075,0.7146832787295567,0.7511126671357603,-0.1813969391790265,-0.03642938840620358,7425.151235994595,-75.5068595050452
10.08,0.7092360588765471,0.7444691107667136,-0.1754111357517524,-0.03523305189016657,-1172.392300424592,18.484337091132332
10.085,0.703761830216247,0.7386071492646135,-0.1734691748650804,-0.03484531904836641,-3126.3794677853607,78.08182088863997
10.09,0.698273146048658,0.7325497890457766,-0.1706231572667046,-0.034276642997118634,586.1961502127399,83.37894758270697
10.095,0.6927810983840744,0.7264924288269399,-0.1677944846217291,-0.03371133044286545,390.797433472885,72.68112405938865
10.1,0.6872953985354162,0.7212166634750498,-0.168842469206602,-0.033921264939633544,-781.5948669469099,62.673245783175204
10.105,0.6818244621806195,0.7153547019729498,-0.1668859931509115,-0.033530239792330274,-2540.183317577169,53.37486304924494
10.11,0.6763754974608811,0.7108605314880063,-0.1716588840695469,-0.034485034027125216,-195.3987167372949,44.79595324511607
10.115,0.6709545948516655,0.7044123738356962,-0.1665217446498028,-0.033457778984030684,2344.7846008421475,36.93800079645459
10.12,0.6655668176881018,0.6989412097670694,-0.1661041187610704,-0.03337439207896764,-976.993583682687,29.794909025865906
10.125,0.6602162923504576,0.6934700456984426,-0.1655003720154234,-0.03325375334798497,-3907.9743347370936,14.026435957247628
10.13,0.6549062972178731,0.6878034829130792,-0.1637170912789424,-0.032897185695206166,-2149.385884103252,-32.88667810882677
10.135,0.6496393495860215,0.6815507239775059,-0.1587876807822639,-0.03191137439148439,3712.575617997815,-97.61185922741747
10.14,0.6444079624861558,0.6735393765913023,-0.1448875961681184,-0.029131414105146414,6057.360218837406,-109.57155767862484
10.145,0.6391908798802485,0.6665050227887822,-0.1357998634792585,-0.027314142908533734,2540.1833175773127,-44.2400013790965
10.15,0.6339742016337209,0.6598614664197354,-0.1286643715020253,-0.025887264786014552,-2149.385884104998,29.3100951412854
10.155,0.62876131167546,0.6543903023511087,-0.1273721198584864,-0.025628990675648722,-4298.771768206933,57.42979333412627
10.16,0.623560774659189,0.6493099357159552,-0.1279722668907058,-0.025749161056766168,-781.5948669430713,54.680163154544516
10.165,0.6183799550667973,0.6430571767803818,-0.1226108561162709,-0.02467722171358444,1563.1897338938868,46.2078473870274
10.17,0.6132251113558944,0.6375860127117551,-0.121027883080831,-0.024360901355860665,-390.79743347736553,39.00493640721368
10.175,0.6081014902174131,0.6317240512096549,-0.1173350842652799,-0.023622560992241803,-4298.771768208144,19.493311973468792
10.18,0.603013419571224,0.6262528871410281,-0.115418739555126,-0.023239467569804106,-3126.3794677866385,-40.18486774399116
10.185,0.5979649220637182,0.6200001282054547,-0.1093967303364155,-0.022035206141736485,7034.3538025225325,-106.90982466727442
10.19,0.5929451926171514,0.6110117872355679,-0.0895542612169499,-0.01806659461841653,7034.353802522957,-91.51288737570421
10.195,0.5879300657379668,0.6047590282999944,-0.0833665717327125,-0.016828962562027594,-2735.5820343123332,-4.1265636316011225
10.2,0.5829135206690093,0.5988970667978942,-0.0791387160453332,-0.015983546128884973,-6057.3602188376135,49.50345134963851
10.205,0.5779054083527833,0.5930351052957942,-0.074870001458462,-0.015129696943010917,-781.5948669511386,36.86119873329253
10.21,0.5729142771631642,0.5871731437936941,-0.0705151248102241,-0.014258866630529887,6838.955085785048,21.68357251762665
10.215,0.567940453359517,0.5787709989740173,-0.0533729396614097,-0.010830545614500253,2149.3858841085466,43.74619216904104
10.22,0.5629843232983532,0.5750584233560204,-0.0595902478223114,-0.01207410005766718,-3517.176901259738,68.79126880896736
10.225,0.558056884330686,0.5688056644204471,-0.0529632767388347,-0.0107487800897611,-1758.5884506306163,67.80934160360863
10.23,0.5531674052667434,0.564702291368977,-0.0568935098060402,-0.011534886102233632,-3126.3794677872083,52.08725367957567
10.235,0.548323492535099,0.5596219247338236,-0.0557121528522009,-0.011298432198724506,-195.39871673807806,31.359853984088716
10.24,0.5435313324099383,0.5543461593819334,-0.0532948567695189,-0.010814826971995095,3126.3794677889846,13.510023498995764
10.245,0.5387923652264356,0.54809340044636,-0.0457276322097696,-0.009301035219924425,-5080.366635150526,-7.569942609854422
10.25,0.5341074645819223,0.5437946286781532,-0.0476608141116174,-0.009687164096230938,-5666.562785366673,-59.9699483596828
10.255,0.5294770124281932,0.5373464710258432,0.000772976353285,-0.007869458597649981,9965.334553573313,-115.92725889176494
10.26,0.5248882318400852,0.527967332622483,0.0007702021804513,-0.0030791007823978145,7815.948669472495,-110.0845802159308
10.265,0.5203174641920154,0.5217145736869095,0.0007668326823523,-0.0013971094948941332,-6448.157652311498,-77.21828387190322
10.27,0.5157577069255354,0.5168296057684928,0.0007606866043771,-0.0010718988429574416,1172.392300416528,-73.70294223769179
10.275,0.5112036359376846,0.5090136570990259,0.000750018942837,0.0021899788386586794,5471.164068624739,-57.99885981297114
10.28,0.5066386715544009,0.5039332904638726,0.000734583854613,0.0027053810905283138,-4884.967918415762,-30.97179419370375
10.285,0.5020618247229631,0.5004161135626125,0.0007153348250417,0.0016457111603506158,-1367.7910171528288,-32.32797866353301
10.29,0.4974731268668689,0.494749550777249,0.0006884340030648,0.0027235760896198724,3712.5756179980567,-9.764506665841061
10.295,0.4928610587536572,0.4910369751592523,0.0006588622266593,0.0018240835944048905,-2930.9807510523874,45.70598026510876
10.3,0.4882287448842742,0.4879105956914656,0.000627153686711,0.0003181491928085922,-2344.7846008387305,50.0940804873373
10.305,0.4835915735231011,0.4845888175069422,0.0005914354162643,-0.0009972439838411007,3907.9743347346853,16.35109349145183
10.31,0.4789512315868851,0.4804854444554721,0.0005571100007471,-0.0015342128685870149,976.99358368186,23.16711533360833
10.315,0.4743034631117822,0.4787268560048421,0.0005238988691733,-0.00442339289305993,-3126.3794677869946,53.628385683740106
10.32,0.4696569380681914,0.476382071404002,0.0004904290049223,-0.006725133335810596,-976.993583682073,66.6064788489983
10.325,0.465019894635034,0.4744280842366353,-0.0465830456936451,-0.00940818960160128,-195.3987167366594,74.82362858870682
10.33,0.460399492713877,0.4724740970692687,-0.0599480417740372,-0.012074604355391705,-1367.791017157979,78.14263681730638
10.335,0.4558074745717039,0.4707155086186386,-0.0741449785604006,-0.014908034046934693,-586.1961502096166,63.83501986243813
10.34,0.4512537191525304,0.4685661227345353,-0.0861941073781668,-0.01731240358200492,195.39871673743755,43.74516017712557
10.345,0.4467443455586124,0.4662213381336952,-0.0970388772574879,-0.019476992575082785,390.797433473668,32.048127778169146
10.35,0.4422834524040141,0.4640719522495918,-0.1086127233812761,-0.02178849984557768,-390.79743347288513,24.766798112027914
10.355,0.4378742527559351,0.4611409714985418,-0.1160145653638075,-0.023266718742606662,-2735.582034313967,-0.37270862300320573
10.36,0.4335207405961064,0.4593823830479117,-0.1289943314282143,-0.025861642451805278,195.3987167352352,-42.706615457675326
10.365,0.429221962961784,0.455083611279705,-0.1289938781341953,-0.025861648317920982,2930.9807510513338,-50.391239999431036
10.37,0.4249652110201841,0.4517618330951816,-0.1336626100207402,-0.0267966220749975,9.263203537557274e-10,-6.872408009321219
10.375,0.4207447695607014,0.4482446561939215,-0.1371682724936231,-0.027499886633220116,-390.7974334762116,32.543014185576766
10.38,0.4165664724362464,0.4441412831424515,-0.1375263134851396,-0.0275748107062051,-781.594866947824,38.11387942465467
10.385,0.412435800144678,0.4406241062411914,-0.1405770764584586,-0.028188306096513405,-2930.980751048633,18.97605384023538
10.39,0.4083570678584819,0.4361299357562479,-0.138477313003488,-0.027772867897766007,-1172.3923004191536,-27.899950775067452
10.395,0.4043331685931385,0.4314403665545679,-0.1351240043938256,-0.027107197961429408,3321.7781845227287,-74.75206134138881
10.4,0.4003559733407293,0.4247968101855211,-0.1217664808690947,-0.024440836844791813,586.1961502083341,-72.0616785839946
10.405,0.3964089749553078,0.419521044833631,-0.1150963208843568,-0.023112069878323205,-4689.5692016831445,-60.580017680336155
10.41,0.3924884368216472,0.4134636846147942,-0.1043830992177362,-0.020975247793147023,-1758.588450633912,-59.858505896968545
10.415,0.3885911575526019,0.4054523372285907,-0.0837848690000258,-0.016861179675988824,1563.1897338896179,-52.92050352465553
