Bicep,Tricep
0.02672593656695559,0.011141319316475032
