Bicep,Tricep
0.008463587871524396,0.009264444731472943
