Bicep,Tricep
0.008051252613003856,0.008410953778673068
