Bicep,Tricep
0.004335730615524864,0.006755690393952481
