Bicep,Tricep
0.0067776965579399336,0.01548561797154697
