Bicep,Tricep
0.009087046660331667,0.008221654322531172
