Bicep,Tricep
0.0058908708945963825,0.020718256585215786
