Bicep,Tricep
0.03494473719748434,0.03372599997929051
