Bicep,Tricep
0.026438866049874905,0.03244218017744926
