Bicep,Tricep
0.021937467721450596,0.003315605936166891
