Bicep,Tricep
0.02222894462253544,0.013955483792748455
