Bicep,Tricep
0.02261900818252088,0.006356622108036098
