Bicep,Tricep
0.011932197209868177,0.0030482698292356994
