Bicep,Tricep
0.013650835184897304,0.008469599513997447
