Bicep,Tricep
0.016743287385358647,0.004735152562874857
