Bicep,Tricep
0.0035007930216209918,0.002045570222264226
