Bicep,Tricep
0.0039378636152736755,0.003275718252767422
