Bicep,Tricep
0.0021278839213592377,0.0030050538031844887
