Bicep,Tricep
0.001335710977847346,0.0019244811989592918
