Bicep,Tricep
0.0015822327724621863,0.0015822466292766053
