Bicep,Tricep
0.0018608087556215935,0.001860949711728457
