Bicep,Tricep
0.0054896973791448995,0.0026306079730736604
