Bicep,Tricep
0.0038565301653884607,0.002132401806345834
