Bicep,Tricep
0.00304822266059024,0.004133714928656159
