Bicep,Tricep
0.003462883758609054,0.002122405831051995
