Bicep,Tricep
0.0019534835251764156,0.0020815912747335803
