Bicep,Tricep
0.0022553685898943415,0.00242587756283318
