t_qd,qd_rad,t_q,q_rad,tau
0.0,[0.00090941],0.0,-0.04044753436449074,9.998999999999999
0.005,[0.00439061],0.005,-0.04044753436449074,10.098989999999999
0.01,[0.01089843],0.01,-0.040642933081227406,10.099989899999999
0.015,[0.01986377],0.015,-0.04044753436449074,10.099999898999998
0.02,[0.0307748],0.02,-0.040642933081227406,10.099999998989999
0.025,[0.04317808],0.025,-0.04044753436449074,-5.049710497241966
0.03,[0.05667197],0.03,-0.040642933081227406,-10.049497104972419
0.035,[0.07090333],0.035,-0.040642933081227406,-10.099494971049722
0.04,[0.0855661],0.04,-0.04044753436449074,-10.099994949710496
0.045,[0.10039537],0.045,-0.04044753436449074,-10.099999949497104
0.05,[0.11516449],0.05,-0.040642933081227406,-10.099999999494969
0.055,[0.12968336],0.055,-0.04044753436449074,-10.099999999994948
0.06,[0.14379521],0.06,-0.040642933081227406,-10.099999999999948
0.065,[0.15737413],0.065,-0.040642933081227406,-10.099999999999998
0.07,[0.1703218],0.07,-0.040642933081227406,-10.099999999999998
0.075,[0.18256292],0.075,-0.04044753436449074,-10.099999999999998
0.08,[0.19404263],0.08,-0.04044753436449074,-5.100499999999999
0.085,[0.20472483],0.085,-0.04044753436449074,-5.050504999999999
0.09,[0.21459027],0.09,-0.040642933081227406,-5.050005049999999
0.095,[0.2236336],0.095,-0.04044753436449074,-5.0500000505
0.1,[0.23186073],0.1,-0.04044753436449074,-5.050000000504999
0.105,[0.23928797],0.105,-0.04044753436449074,-5.050000000005049
0.11,[0.24593984],0.11,-0.040642933081227406,-5.850284894045823
0.115,[0.25184706],0.115,-0.040642933081227406,-3.590852865174463
0.12,[0.25704567],0.12,-0.04044753436449074,-1.7156500616107826
0.125,[0.26157601],0.125,-0.040642933081227406,-0.43649200046480263
0.13,[0.26548144],0.13,-0.040642933081227406,0.5071344971247288
0.135,[0.26880708],0.135,-0.040642933081227406,1.2166875603169027
0.14,[0.27159903],0.14,-0.040252135647754074,1.7785879613339655
0.145,[0.27390387],0.145,-0.039470540780807396,2.221999354783339
0.15,[0.27577304],0.15,-0.03693035746323068,3.922563656597605
0.155,[0.2772717],0.155,-0.03341318056197061,7.382876742604941
0.16,[0.2784742],0.16,-0.02911440879376387,10.072828767426047
0.165,[0.27944566],0.165,-0.02579263060924047,10.099728287674258
0.17,[0.28024095],0.17,-0.022666251141453746,10.09999728287674
0.17500000000000002,[0.28091212],0.17500000000000002,-0.018953675523457014,10.099999972828765
0.18,[0.28151475],0.18,-0.014264106321776927,10.099999999728286
0.185,[0.28210661],0.185,-0.011137726853990204,10.099999999997282
0.19,[0.28273187],0.19,-0.007034353802520129,10.099999999999971
0.195,[0.28342965],0.195,-0.0027355820343133836,10.099999999999998
0.2,[0.28424743],0.2,0.0021493858841033727,10.099999999999998
0.20500000000000002,[0.28522327],0.20500000000000002,0.005471164068626767,5.100499999999999
0.21,[0.28637714],0.21,0.009769935836833513,5.050504999999999
0.215,[0.2877204],0.215,0.013091714021356905,5.050005049999999
0.22,[0.28925028],0.22,0.01680428963935364,6.717853314927126
0.225,[0.29095695],0.225,0.020516865257350376,2.7253210944156634
0.23,[0.29283431],0.23,0.0255972318925038,1.5638853245344229
0.23500000000000001,[0.29487211],0.23500000000000001,0.029309807510500538,-1.258791833428724
0.24,[0.29704638],0.24,0.03243618697828726,-2.871134408712749
0.245,[0.29932346],0.245,0.035757965162810657,-4.239280245119222
0.25,[0.30167188],0.25,0.036539560029757334,-5.2773744619293534
0.255,[0.3040631],0.255,0.03497637029586397,-6.332116288342353
0.26,[0.3064687],0.26,0.032045389544813924,-6.732494112914994
0.265,[0.3088599],0.265,0.0289190100770272,-6.271768187676997
0.27,[0.31121091],0.27,0.025206434459030463,-5.557585410847145
0.275,[0.31350191],0.275,0.0216892575577704,-4.601707656899534
0.28,[0.31571899],0.28,0.017195087072826982,-3.5117608459909597
0.28500000000000003,[0.31785406],0.28500000000000003,0.013482511454830247,-2.150220541220202
0.29,[0.319905],0.29,0.009574537120096843,-0.7079383528906799
0.295,[0.3218754],0.295,0.005861961502100107,0.6439450415386312
0.3,[0.3237705],0.3,0.0029309807510500534,1.5048636301044036
0.305,[0.32559636],0.305,0.00019539871673667023,2.3694035156053728
0.31,[0.32736606],0.31,-0.002344784600840043,3.1123262404071914
0.315,[0.32909937],0.315,-0.0033217781845233945,3.6939094019369323
0.32,[0.33081905],0.32,-0.0015631897338933619,4.107396935619099
0.325,[0.3325577],0.325,0.0019539871673667024,5.029892636390966
0.33,[0.33434906],0.33,0.004689569201680086,4.968332809911661
0.335,[0.33620493],0.335,0.0076205499527301395,4.469405292776322
0.34,[0.33813181],0.34,0.011137726853990204,4.217674568013506
0.34500000000000003,[0.3401546],0.34500000000000003,0.015436498622196948,4.008545829741424
0.35000000000000003,[0.34230719],0.35000000000000003,0.019149074240193686,3.555909708617771
0.355,[0.3446119],0.355,0.022666251141453746,3.1713496264400023
0.36,[0.3470804],0.36,0.02618342804271381,3.0184429373294654
0.365,[0.34973709],0.365,0.030482199810920558,2.697915349832764
0.37,[0.35261767],0.37,0.034194775428917294,2.3524855754167477
0.375,[0.35575634],0.375,0.03771195233017736,1.9664968476709237
0.38,[0.35918523],0.38,0.04103373051470075,1.8608537661551048
0.385,[0.36293378],0.385,0.044550907415960815,1.8793015727601883
0.39,[0.36702802],0.39,0.04826348303395755,1.8981427163757743
0.395,[0.37147344],0.395,0.05138986250174427,1.8647298069649567
0.4,[0.37627415],0.4,0.05568863426995102,1.951931270306251
0.405,[0.38144836],0.405,0.059401209887947753,1.909057141359049
0.41000000000000003,[0.38699145],0.41000000000000003,0.06389538037289116,1.9360018174321616
0.41500000000000004,[0.3928965],0.41500000000000004,0.06741255727415124,1.9643106355747022
0.42,[0.39915338],0.42,0.07073433545867464,1.9327084082440245
0.425,[0.40573149],0.425,0.0742515123599347,1.9721532712674121
0.43,[0.41261744],0.43,0.07718249311098475,2.0078381438043653
0.435,[0.41982797],0.435,0.0820674610294015,2.082477825955597
0.44,[0.4273859],0.44,0.08636623279760824,2.0837334431577124
0.445,[0.43526916],0.445,0.09027420713234166,2.0381303938551074
0.45,[0.44343308],0.45,0.0932051878833917,2.1142141770928786
0.455,[0.45184771],0.455,0.09691776350138845,2.0732343702910727
0.46,[0.46045256],0.46,0.09984874425243849,2.054502414120537
0.465,[0.46918979],0.465,0.1043429147373819,2.1312909616601967
0.47000000000000003,[0.47804772],0.47000000000000003,0.10825088907211532,2.148138520472047
0.47500000000000003,[0.48699948],0.47500000000000003,0.11196346469011205,2.124197640713924
0.48,[0.49599261],0.48,0.1162622364583188,2.15387955511208
0.485,[0.5049936],0.485,0.12036560950978886,2.18156205124427
0.49,[0.51398525],0.49,0.12427358384452228,2.2075802373181324
0.495,[0.52295112],0.495,0.127986159462519,2.232409021209233
0.5,[0.53187538],0.5,0.13169873508051574,2.255278313735464
0.505,[0.54074262],0.505,0.1359975068487225,2.273584873418866
0.51,[0.54952682],0.51,0.13951468374998255,2.258169342870889
0.515,[0.55820437],0.515,0.14361805680145262,2.3219101658219845
0.52,[0.56677628],0.52,0.14733063241944935,2.337899015383738
0.525,[0.57523276],0.525,0.15084780932070943,2.3504566866017558
0.53,[0.58354471],0.53,0.1549511823721795,2.3550084135760727
0.535,[0.59168905],0.535,0.1582729605567029,2.4512170850284583
0.54,[0.59965852],0.54,0.16237633360817297,2.4075386767788443
0.545,[0.60746979],0.545,0.16647970665964307,2.423998584483731
0.55,[0.61513891],0.55,0.17038768099437648,2.4416529178190105
0.555,[0.62266056],0.555,0.17429565532910984,2.510277744005384
0.56,[0.63002176],0.56,0.17781283223036992,2.5084310588161016
0.5650000000000001,[0.63722377],0.5650000000000001,0.18093921169815663,2.511007438132188
0.5700000000000001,[0.64426964],0.5700000000000001,0.18406559116594334,2.591369850637928
0.5750000000000001,[0.65116383],0.5750000000000001,0.18797356550067676,2.5334198910971115
0.58,[0.65792235],0.58,0.19149074240193684,2.602475651898066
0.585,[0.66455037],0.585,0.1950079193031969,2.5967071771509413
0.59,[0.67105427],0.59,0.1989158936379303,2.589069941214856
0.595,[0.67746279],0.595,0.20301926668940037,2.6133968602552526
0.6,[0.68381375],0.6,0.2069272410241338,2.6221737527146143
0.605,[0.69012043],0.605,0.21044441792539384,2.625596190585989
0.61,[0.69636365],0.61,0.2141569935433906,2.695091435743618
0.615,[0.70252977],0.615,0.21767417044465065,2.6635708400213343
0.62,[0.70863323],0.62,0.22216834092959406,2.646136545537164
0.625,[0.71470151],0.625,0.22588091654759082,2.6727330217840337
0.63,[0.7207614],0.63,0.22959349216558755,2.6975364283201326
0.635,[0.72682532],0.635,0.2331106690668476,2.6778123932253224
0.64,[0.73289288],0.64,0.23623704853463434,2.714420733421637
0.645,[0.73897912],0.645,0.24034042158610439,2.7427071351904155
0.65,[0.74512716],0.65,0.24483459207104782,2.8148271835143786
0.655,[0.75139128],0.655,0.24932876255599123,2.8258616805142376
0.66,[0.75782201],0.66,0.2540183317576713,2.8909843216017923
0.665,[0.76446584],0.665,0.25831710352587806,2.894640590989706
0.67,[0.77133108],0.67,0.26183428042713813,2.852787734484625
0.675,[0.77839199],0.675,0.26554685604513484,2.8823280545221404
0.68,[0.78565741],0.68,0.27082262139702495,2.9550516086029672
0.685,[0.79316392],0.685,0.27414439958154835,2.964408240179697
0.6900000000000001,[0.80092082],0.6900000000000001,0.2792247662167018,2.9667821530690337
0.6950000000000001,[0.80889835],0.6950000000000001,0.28215574696775186,2.931405458955427
0.7000000000000001,[0.81705004],0.7000000000000001,0.28586832258574857,2.957935642978918
0.705,[0.82534562],0.705,0.28997169563721864,2.9778622703517383
0.71,[0.83376772],0.71,0.29329347382174203,2.9977851154753616
0.715,[0.84228185],0.715,0.2964198532895288,2.974850854448261
0.72,[0.85085135],0.72,0.3007186250577355,3.0367685007316663
0.725,[0.85945197],0.725,0.3048219981092056,3.0069773206292605
0.73,[0.86804633],0.73,0.30833917501046565,3.0275881553675936
0.735,[0.87660563],0.735,0.31244254806193567,3.071987243609327
0.74,[0.8851113],0.74,0.31556892752972243,3.069356342900661
0.745,[0.89352425],0.745,0.3190861044309825,3.118814563810165
0.75,[0.90180724],0.75,0.3224078826155059,3.167195433724425
0.755,[0.90992763],0.755,0.325338863366556,3.22897289349117
0.76,[0.91784876],0.76,0.3292468377012893,3.24985191453861
0.765,[0.92554568],0.765,0.3335456094694961,3.266564264971084
0.77,[0.9330034],0.77,0.33745358380422946,3.2819204599116603
0.775,[0.94020854],0.775,0.34136155813896296,3.2936543329532353
0.78,[0.94714505],0.78,0.34487873504022304,3.2819992582558806
0.785,[0.95380102],0.785,0.3491775068084297,3.3160732897142076
0.79,[0.96016939],0.79,0.35230388627621645,3.332461859364622
0.795,[0.96624305],0.795,0.3566026580444232,3.35164161538185
0.8,[0.97203113],0.8,0.3603152336624199,3.357883178289206
0.805,[0.97755208],0.805,0.36441860671389,3.3631464131261968
0.81,[0.98282253],0.81,0.3685219797653601,3.3701389292709965
0.8150000000000001,[0.98786328],0.8150000000000001,0.3724299541000935,3.379018347568715
0.8200000000000001,[0.99269143],0.8200000000000001,0.37555633356788015,3.369617894235664
0.8250000000000001,[0.99732051],0.8250000000000001,0.37907351046914023,3.389964208657937
0.8300000000000001,[1.00177539],0.8300000000000001,0.3825906873704003,3.4021111556284866
0.835,[1.0060908],0.835,0.38649866170513375,3.403891087628122
0.84,[1.01030235],0.84,0.3907974334733405,3.3954339022456272
0.845,[1.01444577],0.845,0.3950962052415472,3.3793066905742246
0.85,[1.01855609],0.85,0.40017657187670064,3.3528742462648897
0.855,[1.02267746],0.855,0.4042799449281707,3.3250014907765415
0.86,[1.02687159],0.86,0.40916491284658746,3.356080840465856
0.865,[1.03118113],0.865,0.41248669103111085,3.3139312986424376
0.87,[1.03560913],0.87,0.4156130704988976,3.3232337213328034
0.875,[1.04014595],0.875,0.41932564611689427,3.35938258230812
0.88,[1.04478199],0.88,0.42284282301815435,3.3321114164683974
0.885,[1.04951858],0.885,0.4267507973528878,3.3235649020783895
0.89,[1.054377],0.89,0.43085417040435786,3.3682987548685936
0.895,[1.0593732],0.895,0.4351529421725646,3.3292040951595565
0.9,[1.0644969],0.9,0.4386701190738247,3.3422750076659
0.905,[1.06973766],0.905,0.44218729597508477,3.355021060707543
0.91,[1.07510726],0.91,0.4472676626102382,3.3963430455943207
0.915,[1.08061462],0.915,0.4509802382282349,3.361651557577452
0.92,[1.08624459],0.92,0.4548882125629683,3.376608484939341
0.925,[1.0919727],0.925,0.45820999074749164,3.426186908447073
0.93,[1.09777823],0.93,0.46211796508222514,3.3881543848520668
0.935,[1.10365628],0.935,0.4656351419834852,3.4101369020701386
0.9400000000000001,[1.10961625],0.9400000000000001,0.46915231888474523,3.435841265158017
0.9450000000000001,[1.11565554],0.9450000000000001,0.4726694957860053,3.4334500503603462
0.9500000000000001,[1.1217611],0.9500000000000001,0.47560047653705534,3.4568836002784824
0.9550000000000001,[1.12793706],0.9550000000000001,0.47970384958852547,3.4868505476348144
0.96,[1.13420237],0.96,0.4832210264897855,3.5173006798836077
0.965,[1.14057543],0.965,0.48673820339104557,3.5461045464900587
0.97,[1.14705868],0.97,0.4898645828588323,3.525844614459624
0.975,[1.15364043],0.975,0.4941633546270391,3.5619154856501596
0.98,[1.16032675],0.98,0.49787593024503574,3.5965888123834455
0.985,[1.16712287],0.985,0.5011977084295592,3.577391128686857
0.99,[1.17400197],0.99,0.5045194866140825,3.569419227445585
0.995,[1.18094136],0.995,0.508427460948816,3.6198443043075987
1.0,[1.18797014],1.0,0.512530834000286,3.714702697352411
1.0050000000000001,[1.19512897],1.0050000000000001,0.5164388083350194,3.6811882271104204
1.01,[1.20241926],1.01,0.5205421813864896,3.7158623128785706
1.0150000000000001,[1.2098582],1.0150000000000001,0.5258179467383796,3.7961137922672026
1.02,[1.21750917],1.02,0.5305075159400596,3.8614129393286483
1.025,[1.22544102],1.025,0.5351970851417398,3.9139831952727544
1.03,[1.23369262],1.03,0.5400820530601566,3.9010204491699536
1.035,[1.24225954],1.035,0.5437946286781532,3.9038916115088833
1.04,[1.25110036],1.04,0.5477026030128868,3.8578066177261463
1.045,[1.2601595],1.045,0.5510243811974102,3.891777487403966
1.05,[1.26940351],1.05,0.5549323555321435,3.921863169068368
1.055,[1.27881752],1.055,0.5586449311501402,3.9512774007619336
1.06,[1.28840086],1.06,0.5625529054848736,4.030616777009705
1.065,[1.29814824],1.065,0.5654838862359236,3.993336148593812
1.07,[1.30800291],1.07,0.5691964618539204,3.9722139914639105
1.075,[1.31791128],1.075,0.5740814297723372,4.056482290944126
1.08,[1.32785469],1.08,0.5779894041070706,4.029185928643507
1.085,[1.33779827],1.085,0.5815065810083306,4.062721679070114
1.09,[1.34770647],1.09,0.5844375617593808,4.093465652056022
1.095,[1.35756854],1.095,0.5881501373773773,4.1519943437437785
1.1,[1.36735829],1.1,0.5914719155619009,4.184545281499821
1.105,[1.37702508],1.105,0.5949890924631609,4.220966725783379
1.11,[1.38653268],1.11,0.5985062693644211,4.184929284940282
1.115,[1.39584836],1.115,0.6020234462656809,4.192907642289448
1.12,[1.40493962],1.12,0.6059314206004144,4.2105751774778595
1.125,[1.41377088],1.125,0.6088624013514644,4.239956553604479
1.1300000000000001,[1.42230291],1.1300000000000001,0.6123795782527245,4.262313395671248
1.135,[1.43052742],1.135,0.6170691474544047,4.310183019923465
1.1400000000000001,[1.43844755],1.1400000000000001,0.620977121789138,4.3843766370906545
1.145,[1.44604309],1.145,0.6242988999736614,4.406261825092944
1.1500000000000001,[1.45327952],1.1500000000000001,0.6280114755916582,4.426478357033888
1.155,[1.46013515],1.155,0.6313332537761815,4.429107849782928
1.16,[1.46660759],1.16,0.6352412281109149,4.423223947989573
1.165,[1.47270187],1.165,0.6389538037289116,4.4169961544729555
1.17,[1.47842953],1.17,0.6438387716473285,4.431527493869191
1.175,[1.48380924],1.175,0.6475513472653252,4.428378024811982
1.18,[1.48885981],1.18,0.6510685241665852,4.432571371289443
1.185,[1.49360098],1.185,0.6561488908017388,4.435293232855187
1.19,[1.49805735],1.19,0.6594706689862622,4.451271274656104
1.195,[1.50225814],1.195,0.6635740420377321,4.4661838357306785
1.2,[1.5062368],1.2,0.6665050227887822,4.486385376243074
1.205,[1.51002248],1.205,0.6700221996900422,4.468874977900267
1.21,[1.51363965],1.21,0.6733439778745656,4.494975161062506
1.215,[1.51712294],1.215,0.6764703573423524,4.509117533297535
1.22,[1.5205063],1.22,0.6797921355268758,4.500015661455251
1.225,[1.5238149],1.225,0.6831139137113991,4.510776137070566
1.23,[1.52707365],1.23,0.6868264893293958,4.504115115973517
1.235,[1.53030671],1.235,0.6901482675139192,4.505559601883663
1.24,[1.53354787],1.24,0.6942516405653893,4.480950521589765
1.245,[1.53683869],1.245,0.6983550136168594,4.44309322950926
1.25,[1.54021675],1.25,0.7018721905181196,4.401771506369175
1.2550000000000001,[1.54371531],1.2550000000000001,0.7059755635695895,4.405415221904154
1.26,[1.54735125],1.26,0.7094927404708496,4.448663273490603
1.2650000000000001,[1.55112682],1.2650000000000001,0.7130099173721096,4.397668053172225
1.27,[1.55505499],1.27,0.7165270942733698,4.412876032302182
1.2750000000000001,[1.55915754],1.2750000000000001,0.7204350686081032,4.424627789094893
1.28,[1.56343928],1.28,0.7233660493591532,4.430813541043513
1.285,[1.56789025],1.285,0.7268832262604134,4.421439233968245
1.29,[1.57251231],1.29,0.7304004031616733,4.439415447104126
1.295,[1.57731718],1.295,0.7339175800629335,4.4547669126119525
1.3,[1.58231241],1.3,0.7372393582474569,4.469275682970237
1.305,[1.58748959],1.305,0.7409519338654537,4.440432266884498
1.31,[1.59283905],1.31,0.7458369017838703,4.49743633613086
1.315,[1.59837446],1.315,0.7493540786851303,4.505789305033257
1.32,[1.60410442],1.32,0.7540436478868106,4.508655486461868
1.325,[1.61002038],1.325,0.7579516222215439,4.515505958871589
1.33,[1.61611096],1.33,0.7614687991228039,4.524000553884239
1.335,[1.6223508],1.335,0.764985976024064,4.495847676485672
1.34,[1.62871351],1.34,0.7700663426592175,4.542277569389955
1.345,[1.63518367],1.345,0.7733881208437408,4.519350786290951
1.35,[1.64173376],1.35,0.7774914938952109,4.527775088783026
1.355,[1.64833607],1.355,0.7813994682299443,4.54768159929512
1.36,[1.65497374],1.36,0.7855028412814143,4.5727454636541855
1.365,[1.66162895],1.365,0.788629220749201,4.6052281315593975
1.37,[1.66827506],1.37,0.7917556002169878,4.681451239257794
1.375,[1.67487869],1.375,0.7964451694186679,4.689078972519804
1.3800000000000001,[1.68141838],1.3800000000000001,0.800548542470138,4.701647869871589
1.385,[1.68788255],1.385,0.8036749219379247,4.7207622403484635
1.3900000000000001,[1.6942595],1.3900000000000001,0.8073874975559214,4.7372366541558275
1.395,[1.70053745],1.395,0.8114908706073914,4.750865469043064
1.4000000000000001,[1.70670474],1.4000000000000001,0.8146172500751782,4.7673399867826385
1.405,[1.7127499],1.405,0.8187206231266484,4.7764675702031285
1.41,[1.71865631],1.41,0.8222378000279084,4.768920741923338
1.415,[1.72440916],1.415,0.8267319705128519,4.791277554186555
1.42,[1.7300019],1.42,0.8300537486973752,4.776642194925324
1.425,[1.73542424],1.425,0.8335709255986353,4.784492328572795
1.43,[1.74066805],1.43,0.837283501216632,4.789346172496451
1.435,[1.74573278],1.435,0.8406052794011555,4.794420691452946
1.44,[1.75060968],1.44,0.8433408614354688,4.805070983787319
1.445,[1.75528365],1.445,0.8470534370534655,4.806034927536546
1.45,[1.75975824],1.45,0.8515476075384089,4.826119018353126
1.455,[1.76405285],1.455,0.8556509805898791,4.819073894882193
1.46,[1.76818163],1.46,0.8589727587744024,4.817177643266855
1.465,[1.77214964],1.465,0.8628807331091358,4.783530887216736
1.47,[1.77595896],1.47,0.8665933087271326,4.791329950429806
1.475,[1.77961872],1.475,0.8705012830618659,4.7964343933380995
1.48,[1.78314402],1.48,0.8738230612463893,4.802722041242861
1.485,[1.78654491],1.485,0.8773402381476494,4.772083052405287
1.49,[1.78982686],1.49,0.8812482124823828,4.783571950748263
1.495,[1.7930014],1.495,0.8843745919501695,4.793957430989487
1.5,[1.79608498],1.5,0.888282566284903,4.796734880001987
1.5050000000000001,[1.79909274],1.5050000000000001,0.8921905406196363,4.796735778564281
1.51,[1.80203846],1.51,0.8959031162376331,4.795712545202738
1.5150000000000001,[1.80493447],1.5150000000000001,0.8996156918556298,4.793477497819251
1.52,[1.80778662],1.52,0.9033282674736265,4.757730122894465
1.5250000000000001,[1.81059522],1.5250000000000001,0.90665004565815,4.766084500021857
1.53,[1.81336614],1.53,0.91075341870962,4.767368602930526
1.5350000000000001,[1.81611014],1.5350000000000001,0.9144659943276168,4.768359544382854
1.54,[1.81883713],1.54,0.9177877725121402,4.770439670478061
1.545,[1.82155638],1.545,0.9222819429970835,4.765977844723983
1.55,[1.82427654],1.55,0.9261899173318169,4.763813130370906
1.555,[1.82700552],1.555,0.929120898082867,4.765854056132126
1.56,[1.82974484],1.56,0.9334196698510738,4.728859120238574
1.565,[1.83249039],1.565,0.9371322454690706,4.736461377602061
1.57,[1.83524972],1.57,0.9420172133874872,4.759051182235677
1.575,[1.83803992],1.575,0.9451435928552739,4.754774872731609
1.58,[1.84086383],1.58,0.9482699723230607,4.7234189251390415
1.585,[1.84370674],1.585,0.9519825479410575,4.6903092211718045
1.59,[1.8465607],1.59,0.9560859209925274,4.729057473994855
1.595,[1.84943396],1.595,0.9609708889109442,4.717387272318003
1.6,[1.85233212],1.6,0.9644880658122044,4.7109478008840195
1.605,[1.85525303],1.605,0.9682006414302011,4.702863549960119
1.61,[1.85819328],1.61,0.9719132170481978,4.693952898824221
1.615,[1.861144],1.615,0.9758211913829312,4.653378585750932
1.62,[1.86409196],1.62,0.9799245644344012,4.6504586573090005
1.625,[1.86702924],1.625,0.9836371400523979,4.645977764838494
1.6300000000000001,[1.86995232],1.6300000000000001,0.9871543169536582,4.639856833944617
1.635,[1.87285322],1.635,0.9900852977047081,4.604624842458886
1.6400000000000001,[1.87572057],1.6400000000000001,0.9936024746059682,4.605313923799299
1.645,[1.87854794],1.645,0.9977058476574382,4.599851597106299
1.6500000000000001,[1.88133336],1.6500000000000001,1.0010276258419617,4.596639732565967
1.655,[1.88407516],1.655,1.0051309988934318,4.589404942358249
1.6600000000000001,[1.8867689],1.6600000000000001,1.0082573783612183,4.5563599215638835
1.665,[1.88940822],1.665,1.0113837578290052,4.564701235192897
1.67,[1.89199252],1.67,1.0160733270306852,4.563989733334446
1.675,[1.89453038],1.675,1.020958294949102,4.5930198894934575
1.68,[1.89703485],1.68,1.025061668000572,4.585173415111705
1.685,[1.89951059],1.685,1.0279926487516222,4.550898278740946
1.69,[1.90195485],1.69,1.032291420519829,4.554475085077268
1.695,[1.90437979],1.695,1.0373717871549823,4.610699633428574
1.7,[1.90680113],1.7,1.040498166622769,4.607771922689793
1.705,[1.90921523],1.705,1.0438199448072925,4.597138891273485
1.71,[1.9116203],1.71,1.0475325204252892,4.587762176447764
1.715,[1.91402018],1.715,1.0510496973265493,4.549741121264588
1.72,[1.91640917],1.72,1.0549576716612825,4.515414736839835
1.725,[1.91878864],1.725,1.0602334370131727,4.557701889834414
1.73,[1.92118208],1.73,1.0635552151976961,4.583094204782603
1.735,[1.92361065],1.735,1.0664861959487462,4.553331763516742
1.74,[1.92607112],1.74,1.0696125754165329,4.523226637756244
1.745,[1.92855574],1.745,1.0733251510345296,4.536435192361222
1.75,[1.93107007],1.75,1.0770377266525264,4.544115520013529
1.7550000000000001,[1.93363153],1.7550000000000001,1.0821180932876797,4.560826444280263
1.76,[1.93626148],1.76,1.0864168650558865,4.552167786291151
1.7650000000000001,[1.93897158],1.7650000000000001,1.0899340419571466,4.5478091759087516
1.77,[1.94176482],1.77,1.09384201629188,4.541951826010197
1.7750000000000001,[1.94464267],1.7750000000000001,1.0973591931931401,4.538430648652123
1.78,[1.94759884],1.78,1.1008763700944002,4.513323275323038
1.7850000000000001,[1.9506266],1.7850000000000001,1.1053705405793435,4.530650575594136
1.79,[1.95373113],1.79,1.1086923187638669,4.527989805142686
1.795,[1.95691487],1.795,1.113381887965547,4.518341461028766
1.8,[1.96016584],1.8,1.1168990648668071,4.491721787287785
1.805,[1.9634662],1.805,1.1202208430513305,4.495365374465826
1.81,[1.9668049],1.81,1.1239334186693273,4.494567313918286
1.815,[1.97018165],1.815,1.1286229878710075,4.5063062276004215
1.82,[1.97359426],1.82,1.1321401647722673,4.476089930270667
1.825,[1.9770287],1.825,1.1362435378237374,4.471299910631784
1.83,[1.9804668],1.83,1.1391745185747875,4.440584351390322
1.835,[1.9838925],1.835,1.1424962967593109,4.447930529821056
1.84,[1.98729642],1.84,1.1464042710940443,4.449018091616381
1.845,[1.99067503],1.845,1.1499214479953044,4.449880306772968
1.85,[1.99402068],1.85,1.153047827463091,4.418534959383782
1.855,[1.99732711],1.855,1.1571512005145612,4.456746695779571
1.86,[2.00059867],1.86,1.1612545735660311,4.451264235861911
1.865,[2.0038351],1.865,1.164380953033818,4.418621021331889
1.87,[2.00702779],1.87,1.1688751235187615,4.422679715604185
1.875,[2.01018013],1.875,1.1737600914371782,4.4527326960927125
1.8800000000000001,[2.01330093],1.8800000000000001,1.1768864709049651,4.420389408352105
1.885,[2.01638922],1.885,1.1800128503727516,4.4299822472154275
1.8900000000000001,[2.01943526],1.8900000000000001,1.1831392298405383,4.429680280862707
1.895,[2.02243194],1.895,1.1872426028920084,4.460189041510152
1.9000000000000001,[2.0253902],1.9000000000000001,1.190368982359795,4.458267462743566
1.905,[2.02832029],1.905,1.194081557977792,4.424503363797242
1.9100000000000001,[2.03122685],1.9100000000000001,1.1985757284627352,4.453262246195311
1.915,[2.03412005],1.915,1.2018975066472588,4.422631489867435
1.92,[2.03700344],1.92,1.2052192848317822,4.428710928873218
1.925,[2.03987488],1.925,1.2089318604497787,4.396798407054441
1.93,[2.04273857],1.93,1.2132306322179853,4.434768278035984
1.935,[2.04560984],1.935,1.2169432078359823,4.431769741310359
1.94,[2.04849605],1.94,1.2198741885870323,4.40377135624578
1.945,[2.0513921],1.945,1.223000568054819,4.413170648902823
1.95,[2.0542937],1.95,1.2263223462393424,4.384433404427115
1.955,[2.05719731],1.955,1.2302303205740757,4.396606513915041
1.96,[2.06010584],1.96,1.234333693625546,4.40156601751313
1.965,[2.0630334],1.965,1.2382416679602795,4.4244956007435405
1.97,[2.06599751],1.97,1.2427358384452227,4.41498256049979
1.975,[2.06900069],1.975,1.2458622179130094,4.388144513500728
1.98,[2.07203275],1.98,1.2497701922477427,4.38995875285793
1.985,[2.07509037],1.985,1.2534827678657396,4.39060960873735
1.99,[2.07817031],1.99,1.2569999447669995,4.360257865409604
1.995,[2.08126914],1.995,1.2611033178184698,4.39289618904274
2.0,[2.0843891],2.0,1.2644250960029932,4.363962238580682
2.005,[2.08752577],2.005,1.2675514754707797,4.370720811155521
2.0100000000000002,[2.09067459],2.0100000000000002,1.2718502472389868,4.368613526333156
2.015,[2.09383651],2.015,1.2759536202904564,4.365826672997413
2.02,[2.09700629],2.02,1.2790799997582434,4.335549852927288
2.025,[2.10017355],2.025,1.2827925753762401,4.342299337964827
2.0300000000000002,[2.10333417],2.0300000000000002,1.285918954844027,4.347707333264308
2.035,[2.10648926],2.035,1.2898269291787603,4.34619882407234
2.04,[2.10963891],2.04,1.2937349035134937,4.342439278079082
2.045,[2.11277753],2.045,1.2972520804147536,4.307534207997899
2.05,[2.11589491],2.05,1.3007692573160137,4.3130812540401875
2.055,[2.11898658],2.055,1.3052634278009572,4.309663924157712
2.06,[2.12205293],2.06,1.3089760034189541,4.307266611215037
2.065,[2.12509372],2.065,1.313079376470424,4.301261677721316
2.07,[2.12810829],2.07,1.3162057559382108,4.299118818396682
2.075,[2.13109585],2.075,1.3197229328394708,4.29461647148096
2.08,[2.13405563],2.08,1.3238263058909407,4.287142148645873
2.085,[2.13698707],2.085,1.3271480840754641,4.283443894886525
2.09,[2.13988568],2.09,1.3304698622599875,4.2476894858879515
2.095,[2.14273968],2.095,1.333205444294301,4.221694031657437
2.1,[2.14553959],2.1,1.3363318237620878,4.237048618666667
2.105,[2.14828619],2.105,1.340435196813558,4.241609922477049
2.11,[2.15098479],2.11,1.3445385698650278,4.241884268050442
2.115,[2.15364028],2.115,1.3482511454830246,4.240990117661679
2.12,[2.15625312],2.12,1.3513775249508115,4.207866433547762
2.125,[2.15882004],2.125,1.3554808980022812,4.211537823893112
2.13,[2.16134256],2.13,1.3595842710537516,4.210791062619353
2.1350000000000002,[2.16382616],2.1350000000000002,1.362710650521538,4.211494868235916
2.14,[2.16627172],2.14,1.365837029989325,4.177520470617853
2.145,[2.16867995],2.145,1.3705265991910052,4.20711344123999
2.15,[2.1710553],2.15,1.374239174809002,4.166475191700951
2.1550000000000002,[2.17339777],2.1550000000000002,1.3781471491437352,4.164035355311791
2.16,[2.17571061],2.16,1.3826413196286786,4.183937131151524
2.165,[2.17799998],2.165,1.386158496529939,4.141117067929076
2.17,[2.18026708],2.17,1.3898710721479355,4.162438255105742
2.1750000000000003,[2.18251253],2.1750000000000003,1.3931928503324589,4.120377561315627
2.18,[2.18473019],2.18,1.3969054259504556,4.084006922242792
2.185,[2.18691462],2.185,1.4015949951521356,4.108468082415433
2.19,[2.18907378],2.19,1.4066753617872891,4.1163851834542555
2.195,[2.19121435],2.195,1.4099971399718125,4.0732225061632095
2.2,[2.1933327],2.2,1.4142959117400193,4.06194192694947
2.205,[2.19542598],2.205,1.4182038860747526,4.052892960722946
2.21,[2.19749511],2.21,1.421525664259276,4.046606718636554
2.215,[2.19954118],2.215,1.4262152334609561,4.03357948473374
2.22,[2.2015654],2.22,1.4299278090789527,4.024956816526827
2.225,[2.20356603],2.225,1.432858789830003,3.991645645059117
2.23,[2.20553889],2.23,1.436375966731263,3.9923195679848837
2.235,[2.20748377],2.235,1.4402839410659962,3.9883802951641583
2.24,[2.20940386],2.24,1.4436057192505198,3.985281342229703
2.245,[2.21129912],2.245,1.4465367000015699,3.9541718165879725
2.25,[2.21316679],2.25,1.4498584781860933,3.957196932202879
2.255,[2.21500789],2.255,1.45357105380409,3.9551901590305105
2.2600000000000002,[2.21682656],2.2600000000000002,1.4574790281388232,3.949732187470057
2.265,[2.21862656],2.265,1.4617777999070298,3.9407341023575535
2.27,[2.22040828],2.27,1.4649041793748168,3.907044141379035
2.275,[2.22216906],2.275,1.4688121537095502,3.9055809805143937
2.2800000000000002,[2.22390689],2.2800000000000002,1.4721339318940736,3.8759283220494782
2.285,[2.22562613],2.285,1.477214298529227,3.92587184272379
2.29,[2.22733637],2.29,1.4809268741472237,3.882055341716604
2.295,[2.229037],2.295,1.484248652331747,3.8477202552491514
2.3000000000000003,[2.23072449],2.3000000000000003,1.4883520253832172,3.8720783248689354
2.305,[2.23240453],2.305,1.4922599997179506,3.8596509017035374
2.31,[2.23408204],2.31,1.496754170202894,3.8444356438687772
2.315,[2.23575552],2.315,1.5000759483874173,3.8079859343744924
2.32,[2.23742094],2.32,1.5035931252886776,3.8060864798161274
2.325,[2.23907776],2.325,1.5075010996234108,3.8001023567242607
2.33,[2.24072845],2.33,1.5112136752414076,3.7932140768205858
2.335,[2.2423751],2.335,1.5147308521426677,3.7860632544324777
2.34,[2.24401942],2.34,1.517661832893718,3.780878492411329
2.345,[2.24566003],2.345,1.5209836110782413,3.7460893982972103
2.35,[2.24729291],2.35,1.5239145918292911,3.7477526688528453
2.355,[2.24891741],2.355,1.5284087623142348,3.739093704482264
2.36,[2.25053851],2.36,1.5325121353657045,3.755797898040514
2.365,[2.25215757],2.365,1.535833913550228,3.7475364309014245
2.37,[2.25376753],2.37,1.5387648943012782,3.73519477335069
2.375,[2.25536512],2.375,1.5428682673527483,3.7183375990627954
2.38,[2.25695303],2.38,1.547167039120955,3.7013310850066614
2.3850000000000002,[2.25853354],2.3850000000000002,1.5512704121724252,3.68592816126545
2.39,[2.2601085],2.39,1.5545921903569486,3.674770492921343
2.395,[2.26167679],2.395,1.557718569824735,3.639379464481067
2.4,[2.26323734],2.4,1.5626035377431517,3.653409268378967
2.4050000000000002,[2.26479681],2.4050000000000002,1.5670977082280952,3.658114720311556
2.41,[2.2663606],2.41,1.5717872774297754,3.6082170725624714
2.415,[2.26792528],2.415,1.5754998530477722,3.5958909564394816
2.42,[2.26948764],2.42,1.579212428665769,3.583515535987401
2.4250000000000003,[2.2710472],2.4250000000000003,1.5831204030005024,3.5697516473041455
2.43,[2.27260323],2.43,1.5876145734854459,3.552917482607221
2.435,[2.27415486],2.435,1.5917179465369158,3.537720841406196
2.44,[2.27570104],2.44,1.5950397247214392,3.526283683104604
2.445,[2.27723847],2.445,1.598752300339436,3.490624234914748
2.45,[2.27876195],2.45,1.6026602746741694,3.4829979955560444
2.455,[2.28026929],2.455,1.6059820528586928,3.476501207129089
2.46,[2.28176079],2.46,1.6096946284766893,3.4666017197488985
2.465,[2.2832346],2.465,1.6128210079444762,3.436969834261596
2.47,[2.28468707],2.47,1.616533583562473,3.4319092196146057
2.475,[2.28611734],2.475,1.6202461591804695,3.424537361853702
2.48,[2.28752894],2.48,1.625326525815623,3.429527384854494
2.485,[2.28892693],2.485,1.6292345001503563,3.4120035140551606
2.49,[2.29031354],2.49,1.6329470757683533,3.396420764654907
2.495,[2.29168663],2.495,1.63607345523614,3.364151173893516
2.5,[2.29304246],2.5,1.6397860308541365,3.355974341026369
2.505,[2.29438001],2.505,1.6434986064721333,3.346473562892006
2.5100000000000002,[2.29570051],2.5100000000000002,1.6483835743905502,3.330158656486728
2.515,[2.29700515],2.515,1.6517053525750736,3.3207029211142727
2.52,[2.298295],2.52,1.6561995230600168,3.3050159533818078
2.525,[2.29957111],2.525,1.6593259025278038,3.2956413554155084
2.5300000000000002,[2.30083251],2.5300000000000002,1.663429275579274,3.2613464195896564
2.535,[2.30207662],2.535,1.6665556550470606,3.2574847545930714
2.54,[2.30330144],2.54,1.669877433231584,3.230959370931105
2.545,[2.3045055],2.545,1.6731992114161074,3.228856495977323
2.5500000000000003,[2.30568965],2.5500000000000003,1.6761301921671574,3.2259742768370754
2.555,[2.30685481],2.555,1.6794519703516808,3.199431801325664
2.56,[2.30800191],2.56,1.6841415395533608,3.2095227527265835
2.565,[2.30913372],2.565,1.6872679190211477,3.180163187093512
2.57,[2.31025089],2.57,1.691175893355881,3.1713859044092976
2.575,[2.31135398],2.575,1.6943022728236676,3.164501042143843
2.58,[2.31244536],2.58,1.6986010445918742,3.1504448567592362
2.585,[2.31352526],2.585,1.7015320253429245,3.123400073184265
2.59,[2.31459209],2.59,1.7048538035274479,3.1179916780189183
2.595,[2.31564635],2.595,1.709543372729128,3.1035955912793147
2.6,[2.3166902],2.6,1.7134513470638615,3.09150711614242
2.605,[2.31772548],2.605,1.7173593213985947,3.078328941933823
2.61,[2.31875368],2.61,1.7212672957333282,3.064260416065935
2.615,[2.31977765],2.615,1.7259568649350083,3.0629953068042557
2.62,[2.3207997],2.62,1.7300602379864782,3.0249758232552395
2.625,[2.3218184],2.625,1.7329912187375285,3.0160337797216066
2.63,[2.32283245],2.63,1.7370945917889984,3.0010319650369257
2.6350000000000002,[2.32384235],2.6350000000000002,1.7417841609906786,2.982762281800311
2.64,[2.3248485],2.64,1.745105939175202,2.970841306202374
2.645,[2.32585119],2.645,1.748623116076462,2.9579273294762243
2.65,[2.32685062],2.65,1.7523356916944586,2.9438471597355145
2.6550000000000002,[2.32784675],2.6550000000000002,1.7566344634626654,2.9250502138715815
2.66,[2.32883775],2.66,1.7601516403639255,2.895402384875273
2.665,[2.32982221],2.665,1.764645810848869,2.8990228762959456
2.67,[2.33080072],2.67,1.768162987750129,2.8686757767522453
2.6750000000000003,[2.33177234],2.6750000000000003,1.7718755633681256,2.8584118643887266
2.68,[2.33273626],2.68,1.7759789364195957,2.8447253183468453
2.685,[2.33369331],2.685,1.779300714604119,2.8340048895776655
2.69,[2.33464266],2.69,1.7826224927886425,2.806574126228141
2.695,[2.33558359],2.695,1.7871166632735858,2.8095412229873977
2.7,[2.33651697],2.7,1.7906338401748463,2.7796516121760066
2.705,[2.33744352],2.705,1.7951280106597896,2.779749994006238
2.71,[2.33836513],2.71,1.798840586277786,2.7628111743325534
2.715,[2.33928331],2.715,1.8021623644623095,2.7483474986239886
2.72,[2.34019779],2.72,1.8062657375137796,2.73030725899572
2.725,[2.34110687],2.725,1.809587515698303,2.70178788560732
2.73,[2.34200771],2.73,1.8133000913163,2.6900942065805267
2.735,[2.34289921],2.735,1.8164264707840865,2.680358970119826
2.74,[2.3437805],2.74,1.8199436476853468,2.653914032657297
2.745,[2.34464951],2.745,1.8236562233033433,2.644048425008748
2.75,[2.34550585],2.75,1.8279549950715501,2.6295198641467263
2.755,[2.34635054],2.755,1.8312767732560733,2.6186568397209267
2.7600000000000002,[2.34718323],2.7600000000000002,1.8342077540071235,2.595535106050185
2.765,[2.34800244],2.765,1.8377249309083836,2.5864171245497545
2.77,[2.34880705],2.77,1.8406559116594339,2.5653959851102726
2.775,[2.34959743],2.775,1.8459316770113239,2.5618758103403216
2.7800000000000002,[2.35037526],2.7800000000000002,1.8490580564791106,2.537219438245468
2.785,[2.35114085],2.785,1.8523798346636338,2.5279530332170186
2.79,[2.35189575],2.79,1.8568740051485775,2.5247574905628145
2.795,[2.35264377],2.795,1.8609773782000472,2.505800686999944
2.8000000000000003,[2.35338695],2.8000000000000003,1.8652761499682542,2.486296434301395
2.805,[2.35412468],2.805,1.8685979281527776,2.459294633724369
2.81,[2.35485531],2.81,1.871724307620564,2.450123655017159
2.815,[2.3555787],2.815,1.8752414845218242,2.4380031389323045
2.82,[2.35629476],2.82,1.8785632627063478,2.413541656704967
2.825,[2.35700232],2.825,1.883643629341501,2.396238078241189
2.83,[2.35770165],2.83,1.8875516036762345,2.3832527250200437
2.835,[2.35839417],2.835,1.8916549767277049,2.368268588241877
2.84,[2.35908117],2.84,1.8949767549122283,2.3563704945724475
2.845,[2.35976373],2.845,1.8984939318134881,2.342991696636379
2.85,[2.36044166],2.85,1.9014249125645382,2.319776633603244
2.855,[2.36111475],2.855,1.905528285616008,2.3183262594900005
2.86,[2.36178506],2.86,1.9098270573842149,2.2990652604933164
2.865,[2.3624532],2.865,1.9133442342854752,2.2717690586932764
2.87,[2.36311742],2.87,1.9164706137532617,2.261817930833706
2.875,[2.36377621],2.875,1.9195969932210482,2.239340615255164
2.88,[2.36442831],2.88,1.922723372688835,2.231194513750728
2.8850000000000002,[2.36507471],2.8850000000000002,1.9278037393239886,2.2229880777411006
2.89,[2.36571834],2.89,1.9313209162252487,2.2067853302104217
2.895,[2.36635849],2.895,1.9342518969762987,2.1952836930441433
2.9,[2.36699251],2.9,1.9391368648947156,2.183578480962072
2.9050000000000002,[2.36762022],2.9050000000000002,1.9426540417959755,2.1537460941331728
2.91,[2.36824251],2.91,1.9479298071478657,2.14077617830541
2.915,[2.36886105],2.915,1.9516423827658624,2.121773822460097
2.92,[2.36947725],2.92,1.9547687622336491,2.106505248264287
2.9250000000000003,[2.37009034],2.9250000000000003,1.958285939134909,2.079542387851703
2.93,[2.3706987],2.93,1.962584710903116,2.06282559751853
2.935,[2.37130199],2.935,1.9657110903709027,2.0513164282441045
2.94,[2.37190091],2.94,1.9694236659888995,2.0363041132018864
2.945,[2.37249607],2.945,1.9729408428901594,2.0219080843233566
2.95,[2.37308798],2.95,1.9766534185081563,2.006639332756905
2.955,[2.37367804],2.955,1.980756791559626,1.9995744597696046
2.96,[2.37426746],2.96,1.9842739684608863,1.9716244124248217
2.965,[2.37485438],2.965,1.9872049492119364,1.9500807833564562
2.97,[2.37543627],2.97,1.9905267273964597,1.9399046003397986
2.975,[2.37601293],2.975,1.99404390429772,1.9276459733918563
2.98,[2.3765851],2.98,1.9973656824822434,1.9153455703483646
2.985,[2.37715254],2.985,2.0008828593835033,1.8915297986647286
2.99,[2.37771409],2.99,2.004790833718237,1.877982510956408
2.995,[2.37826877],2.995,2.0077218144692868,1.8583731977575593
3.0,[2.37881576],3.0,2.0108481939370733,1.8493190263227601
3.005,[2.3793552],3.005,2.014756168271807,1.8348911058192547
3.0100000000000002,[2.37988804],3.0100000000000002,2.0188595413232773,1.8181923459380147
3.015,[2.38041502],3.015,2.0227675156580105,1.8016761249158548
3.02,[2.38093666],3.02,2.026480091276007,1.7854039351215962
3.025,[2.38145251],3.025,2.0294110720270573,1.7645636224906796
3.0300000000000002,[2.38196064],3.0300000000000002,2.033123647645054,1.7421537065059682
3.035,[2.38245939],3.035,2.0362500271128408,1.7320428912387449
3.04,[2.38294954],3.04,2.0403534001643107,1.7235559394942639
3.045,[2.38343244],3.045,2.0434797796320976,1.701369849936652
3.0500000000000003,[2.38390788],3.0500000000000003,2.0475831526835675,1.684636607752998
3.055,[2.38437575],3.055,2.0520773231685108,1.6656563291022237
3.06,[2.38483748],3.06,2.056376094936718,1.6550343147013202
3.065,[2.38529511],3.065,2.0604794679881877,1.6353013819126159
3.0700000000000003,[2.38574903],3.0700000000000003,2.0639966448894476,1.6111108722887877
3.075,[2.38619821],3.075,2.0671230243572345,1.5993470633432902
3.08,[2.38664184],3.08,2.070444802541758,1.578322677958347
3.085,[2.38707933],3.085,2.0737665807262813,1.5670888257045215
3.09,[2.38751097],3.09,2.077283757627541,1.5538563602201814
3.095,[2.3879371],3.095,2.0806055358120648,1.5330479160148691
3.1,[2.38835729],3.1,2.083927313996588,1.5217756183870648
3.105,[2.38877199],3.105,2.0878352883313216,1.5065934585149277
3.11,[2.3891823],3.11,2.091547863949318,1.4915992290864224
3.115,[2.38958919],3.115,2.095455838284052,1.4749509980529265
3.12,[2.38999345],3.12,2.098386819035102,1.4627250343369516
3.125,[2.39039503],3.125,2.1015131985028885,1.4419385116862542
3.13,[2.39079317],3.13,2.105811970271095,1.4246699125460112
3.1350000000000002,[2.39118796],3.1350000000000002,2.109524545889092,1.4095364385458407
3.14,[2.39157945],3.14,2.1128463240736153,1.3884470063643009
3.145,[2.39196702],3.145,2.116558899691612,1.3744124130287971
3.15,[2.39235081],3.15,2.1198806778761354,1.3615207966740284
3.1550000000000002,[2.39273098],3.1550000000000002,2.1230070573439224,1.3417236174017566
3.16,[2.39310699],3.16,2.1263288355284455,1.3298517212525693
3.165,[2.39347908],3.165,2.1300414111464425,1.3150282990149196
3.17,[2.3938481],3.17,2.134340182914649,1.2966070844073374
3.1750000000000003,[2.39421541],3.1750000000000003,2.1392251508330657,1.2814816177295867
3.18,[2.39458334],3.18,2.143719321318009,1.2658629546940343
3.185,[2.39495323],3.185,2.1484088905196894,1.234294423522846
3.19,[2.39532429],3.19,2.1519260674209493,1.2182118407303526
3.1950000000000003,[2.39569584],3.1950000000000003,2.1554432443222096,1.2021879290921862
3.2,[2.3960679],3.2,2.159742016090416,1.1822947830921728
3.205,[2.39644044],3.205,2.1638453891418865,1.1634561560281054
3.21,[2.39681341],3.21,2.166971768609673,1.1495439289267562
3.215,[2.39718618],3.215,2.170879742944406,1.1251145115772292
3.22,[2.39755759],3.22,2.1743969198456665,1.1110845806365843
3.225,[2.39792726],3.225,2.1783048941803997,1.0946964332637033
3.23,[2.39829546],3.23,2.1814312736481867,1.0816389518501321
3.235,[2.39866303],3.235,2.18592544413313,1.068196253503224
3.24,[2.39903009],3.24,2.189247222317653,1.0534359397946098
3.245,[2.39939492],3.245,2.1927643992189134,1.0358703607400899
3.25,[2.39975667],3.25,2.1962815761201737,1.0188898401027255
3.255,[2.40011581],3.255,2.200384949171643,0.9989746747619409
3.2600000000000002,[2.40047214],3.2600000000000002,2.2039021260729035,0.9760894535483174
3.265,[2.40082491],3.265,2.2076147016909005,0.9603068814975062
3.27,[2.40117406],3.27,2.2117180747423704,0.9420820653868258
3.275,[2.40152004],3.275,2.215039852926894,0.9271238080402867
3.2800000000000002,[2.40186315],3.2800000000000002,2.218947827261627,0.90914338246577
3.285,[2.40220361],3.285,2.2224650041628875,0.892770040931074
3.29,[2.402541],3.29,2.2259821810641474,0.8706968577255668
3.295,[2.40287443],3.295,2.229890155398881,0.8536767445022924
3.3000000000000003,[2.40320353],3.3000000000000003,2.233211933583404,0.8389113498021407
3.305,[2.40352846],3.305,2.2363383130511907,0.8247692134627109
3.31,[2.40384883],3.31,2.239269293802241,0.8065015157687943
3.315,[2.40416385],3.315,2.2427864707035012,0.7915581091109725
3.3200000000000003,[2.40447289],3.3200000000000003,2.246108248888025,0.7724990039987953
3.325,[2.40477547],3.325,2.2500162232227576,0.7562539855699407
3.33,[2.40507168],3.33,2.2531426026905446,0.7433110728736512
3.335,[2.40536163],3.335,2.2574413744587516,0.7194382365936511
3.34,[2.40564551],3.34,2.262130943660431,0.7040022965550878
3.345,[2.40592438],3.345,2.2656481205616914,0.6876865520787334
3.35,[2.40619918],3.35,2.269556094896425,0.6696593990516667
3.355,[2.40647039],3.355,2.2728778730809482,0.6542590091188272
3.36,[2.40673841],3.36,2.2767858474156815,0.6361478501379406
3.365,[2.40700367],3.365,2.280693821750415,0.6179947006278789
3.37,[2.40726614],3.37,2.2838202012182016,0.5988422623955324
3.375,[2.40752541],3.375,2.287337378119462,0.5839783444711755
3.38,[2.40778211],3.38,2.291049953737459,0.5730002869122461
3.3850000000000002,[2.40803682],3.3850000000000002,2.294762529355455,0.5558379838066836
3.39,[2.40828874],3.39,2.297888908823242,0.5409317798304596
3.395,[2.40853815],3.395,2.302187680591449,0.5252842867427322
3.4,[2.40878625],3.4,2.306095654926182,0.5005458625681871
3.4050000000000002,[2.40903316],3.4050000000000002,2.309417433110706,0.48561971651866453
3.41,[2.40927905],3.41,2.3137162048789124,0.46569369730198035
3.415,[2.40952408],3.415,2.3170379830634356,0.44537761086153743
3.42,[2.40976794],3.42,2.319968963814486,0.43358259888224815
3.4250000000000003,[2.41001041],3.4250000000000003,2.3230953432822723,0.41525125470423696
3.43,[2.41025177],3.43,2.3266125201835326,0.4065062517420755
3.435,[2.41049274],3.435,2.330129697084793,0.385358107174856
3.44,[2.41073392],3.44,2.3348192662864724,0.3694570279203268
3.4450000000000003,[2.41097578],3.4450000000000003,2.337750247037523,0.35035209599446837
3.45,[2.41121818],3.45,2.341462822655519,0.33377613091472697
3.455,[2.41146135],3.455,2.3467385880074096,0.3135074307070116
3.46,[2.41170621],3.46,2.3508419610588795,0.2925968506942177
3.465,[2.41195296],3.465,2.3551407328270866,0.27096808925143767
3.47,[2.41220124],3.47,2.358853308445083,0.25214938243710544
3.475,[2.41245057],3.475,2.3621750866296063,0.2357780749136281
3.48,[2.4127001],3.48,2.3656922635308666,0.21437904147388415
3.485,[2.41294833],3.485,2.368818642998653,0.19638335785678596
3.49,[2.41319395],3.49,2.3723358198999134,0.1811657280924369
3.495,[2.41343654],3.495,2.375657598084437,0.16654350103073537
3.5,[2.41367604],3.5,2.3787839775522235,0.1522584216614056
3.505,[2.41391202],3.505,2.382105755736747,0.13329910772629572
3.5100000000000002,[2.41414383],3.5100000000000002,2.3854275339212703,0.1186264552277834
3.515,[2.41437119],3.515,2.388749312105794,0.10349746667272233
3.52,[2.41459392],3.52,2.3918756915735804,0.08603419354163382
3.525,[2.41481205],3.525,2.3973468556422075,0.06682601532514411
3.5300000000000002,[2.41502618],3.5300000000000002,2.4006686338267307,0.047058460349281815
3.535,[2.41523624],3.535,2.4039904120112543,0.03136414023941723
3.54,[2.41544162],3.54,2.407116791479041,0.014026023345095378
3.545,[2.41564187],3.545,2.409852373513354,0.00237766794917534
3.5500000000000003,[2.41583684],3.5500000000000003,2.4125879555476675,-0.009611481605271215
3.555,[2.41602664],3.555,2.4153235375819806,-0.02188178091583273
3.56,[2.41621114],3.56,2.417668322182821,-0.034515275858640664
3.565,[2.41639006],3.565,2.4204039042171344,-0.045998861148615205
3.5700000000000003,[2.41656317],3.5700000000000003,2.422553290101238,-0.05686535030085816
3.575,[2.41673032],3.575,2.4250934734188143,-0.06676022032544845
3.58,[2.41689164],3.58,2.427047460586181,-0.07353281383263215
3.585,[2.41704749],3.585,2.4290014477535475,-0.08043980768409094
3.59,[2.41719822],3.59,2.4303692387707043,-0.0844584002114918
3.595,[2.41734398],3.595,2.4315416310711244,-0.08966376837213084
3.6,[2.41748476],3.6,2.4327140233715445,-0.0920209378709982
3.605,[2.41762077],3.605,2.433691016955228,-0.09377209749586203
3.61,[2.4177524],3.61,2.4344726118221742,-0.09495740753426608
3.615,[2.41787998],3.615,2.4352542066891214,-0.09606191001924871
3.62,[2.41800378],3.62,2.435840402839331,-0.09645356743786784
3.625,[2.41812404],3.625,2.4360358015560677,-0.09470074194832581
3.63,[2.41824095],3.63,2.4360358015560677,-0.0920171238378232
3.6350000000000002,[2.41835464],3.6350000000000002,2.4360358015560677,-0.08959364160215007
3.64,[2.4184652],3.64,2.4360358015560677,-0.08745850956926932
3.645,[2.41857256],3.645,2.4360358015560677,-0.08665888428154885
3.65,[2.41867653],3.65,2.435840402839331,-0.0831755187858669
3.6550000000000002,[2.41877705],3.6550000000000002,2.4354496054058576,-0.0793120709002211
3.66,[2.41887419],3.66,2.4350588079723847,-0.07558927118468005
3.665,[2.41896783],3.665,2.4344726118221742,-0.07229179525799212
3.67,[2.41905787],3.67,2.4338864156719646,-0.06677306127681418
3.6750000000000003,[2.4191443],3.6750000000000003,2.433104820805018,-0.06221373998787659
3.68,[2.41922704],3.68,2.432518624654808,-0.05817622193513622
3.685,[2.41930602],3.685,2.431932428504598,-0.05421316787362753
3.69,[2.41938126],3.69,2.430955434920914,-0.04828006326365785
3.6950000000000003,[2.41945281],3.6950000000000003,2.4301738400539676,-0.0432807978038496
3.7,[2.41952068],3.7,2.4297830426204947,-0.04098570225630911
3.705,[2.41958489],3.705,2.4286106503200746,-0.03349527924653966
3.71,[2.41964557],3.71,2.4280244541698646,-0.03039548066954608
3.715,[2.4197028],3.715,2.4268520618694445,-0.02384751234934116
3.72,[2.41975666],3.72,2.425875068285761,-0.018033214528196458
3.725,[2.4198073],3.725,2.4250934734188143,-0.014177942622141275
3.73,[2.41985477],3.73,2.4241164798351313,-0.008814444241440586
3.735,[2.41989914],3.735,2.423139486251448,-0.003857484352498634
3.74,[2.41994044],3.74,2.422357891384501,0.0005302293834935057
3.745,[2.4199787],3.745,2.4215762965175545,0.004697284563930031
3.75,[2.42001399],3.75,2.420599302933871,0.009666603450023268
3.755,[2.42004646],3.755,2.4196223093501876,0.014590581875563016
3.7600000000000002,[2.42007622],3.7600000000000002,2.4192315119167143,0.01641590249616492
3.765,[2.42010344],3.765,2.418254518333031,0.02131104946937873
3.77,[2.42012825],3.77,2.4178637208995575,0.022837101620231608
3.775,[2.42015076],3.775,2.417277524749348,0.02535398217918678
3.7800000000000002,[2.42017108],3.7800000000000002,2.416886727315874,0.026863638142168345
3.785,[2.42018934],3.785,2.4164959298824007,0.028195610731406816
3.79,[2.42020564],3.79,2.4161051324489278,0.029323677305819376
3.795,[2.42022008],3.795,2.415909733732191,0.029413595913368163
3.8000000000000003,[2.42023275],3.8000000000000003,2.4155189362987173,0.030688919444930757
3.805,[2.42024374],3.805,2.4155189362987173,0.029829195500085066
3.81,[2.42025314],3.81,2.4153235375819806,0.03006799199885447
3.815,[2.42026054],3.815,2.4151281388652444,0.02492134257161379
3.8200000000000003,[2.42026423],3.8200000000000003,2.4149327401485077,0.016774992297960995
3.825,[2.42025819],3.825,2.4149327401485077,-0.025785566190175902
3.83,[2.42023468],3.83,2.414737341431771,-0.025956032690747703
3.835,[2.42018951],3.835,2.414737341431771,-0.0421228624014776
3.84,[2.42011776],3.84,2.414541942715034,-0.052634384668470376
3.845,[2.42001264],3.845,2.4141511452815605,-0.05929190821925305
3.85,[2.41986877],3.85,2.4139557465648243,-0.06469419398942115
3.855,[2.41968207],3.855,2.413564949131351,-0.06730946044505323
3.86,[2.41945113],3.86,2.413174151697877,-0.05335638792087627
3.865,[2.41917673],3.865,2.412783354264404,-0.059773589711302214
3.87,[2.41885833],3.87,2.412197158114194,-0.06474738778650468
3.875,[2.41849575],3.875,2.411806360680721,-0.05226417072805873
3.88,[2.41809065],3.88,2.4112201645305107,-0.06088336043170393
3.8850000000000002,[2.41764294],3.8850000000000002,2.4102431709468273,-0.06587725565829836
3.89,[2.41715287],3.89,2.409852373513354,-0.05345905479700237
3.895,[2.41662445],3.895,2.409070778646407,-0.043275349709139745
3.9,[2.41606136],3.9,2.4080937850627238,-0.0547842753604197
3.9050000000000002,[2.41546319],3.9050000000000002,2.4077029876292504,-0.06644784358030004
3.91,[2.41482982],3.91,2.406921392762304,-0.05332011626029864
3.915,[2.41416317],3.915,2.4059443991786207,-0.06407645973215803
3.92,[2.41346299],3.92,2.4049674055949377,-0.0724437455434524
3.9250000000000003,[2.41272718],3.9250000000000003,2.4037950132945176,-0.07787092450634098
3.93,[2.41195404],3.93,2.402622620994097,-0.08163361504492282
3.935,[2.41114228],3.935,2.4014502286936774,-0.08455161392458846
3.94,[2.41029101],3.94,2.4000824376765206,-0.08555555451440837
3.9450000000000003,[2.40939979],3.9450000000000003,2.398714646659364,-0.08580531493784907
3.95,[2.40846641],3.95,2.396760659491997,-0.10405163385566765
3.955,[2.40748737],3.955,2.3951974697581035,-0.0952116853662739
3.96,[2.40646488],3.96,2.3940250774576843,-0.06770039209596562
3.9650000000000003,[2.4054081],3.9650000000000003,2.392657286440527,-0.04607811795480813
3.97,[2.40432551],3.97,2.3910940967066336,-0.04999300958896707
3.975,[2.4032228],3.975,2.389726305689477,-0.03105970857938109
3.98,[2.40210368],3.98,2.3877723185221105,-0.051600631608229565
3.985,[2.40097021],3.985,2.3865999262216904,-0.029097530513165867
3.99,[2.39982693],3.99,2.385232135204533,-0.027600708318846513
3.995,[2.39867752],3.995,2.3828873506036934,-0.032492542704810036
4.0,[2.39752335],4.0,2.3813241608698004,-0.019263060464583533
4.005,[2.39636843],4.005,2.379174774985697,-0.0032422185417537034
4.01,[2.39521975],4.01,2.3780023826852767,0.017961743051278595
4.015,[2.39408506],4.015,2.3762437942346466,0.02716563538696406
4.0200000000000005,[2.39297052],4.0200000000000005,2.3746806045007536,0.0362638934975273
4.025,[2.39188091],4.025,2.37311741476686,0.04582064006933397
4.03,[2.39082088],4.03,2.371554225032967,0.05553628801405223
4.035,[2.3897948],4.035,2.3701864340158103,0.06418843570558609
4.04,[2.38880708],4.04,2.36901404171539,0.07594924100329078
4.045,[2.38786197],4.045,2.36784164941497,0.08100496287471841
4.05,[2.3869626],4.05,2.36666925711455,0.08658743570186196
4.055,[2.38611115],4.055,2.3656922635308666,0.09107767073991505
4.0600000000000005,[2.38530953],4.0600000000000005,2.3649106686639203,0.0965907652374777
4.065,[2.38455932],4.065,2.364129073796973,0.09897166675296687
4.07,[2.38386124],4.07,2.3631520802132897,0.10203735320037768
4.075,[2.38321536],4.075,2.36256588406308,0.1041050293393426
4.08,[2.38262143],4.08,2.3621750866296063,0.10456881050740756
4.085,[2.38207867],4.085,2.361784289196133,0.1041553040068656
4.09,[2.38158573],4.09,2.3615888904793962,0.10227452637626944
4.095,[2.38114076],4.095,2.36139349176266,0.10095258209196985
4.1,[2.38074158],4.1,2.3611980930459233,0.09867005826772966
4.105,[2.38038558],4.105,2.3610026943291866,0.09607216020676827
4.11,[2.38006976],4.11,2.3610026943291866,0.09259246907438133
4.115,[2.37979096],4.115,2.3610026943291866,0.08928926997235317
4.12,[2.37954567],4.12,2.3610026943291866,0.083617775064264
4.125,[2.37933022],4.125,2.3610026943291866,0.08278942942185262
4.13,[2.37914123],4.13,2.3610026943291866,0.07841791772314022
4.135,[2.37897504],4.135,2.3610026943291866,0.07393960026354145
4.14,[2.37882763],4.14,2.3610026943291866,0.06923353406025097
4.1450000000000005,[2.37869443],4.1450000000000005,2.3610026943291866,0.05918517745029247
4.15,[2.37857092],4.15,2.3610026943291866,0.06161347828615241
4.155,[2.37845379],4.155,2.3610026943291866,0.05739930936007142
4.16,[2.37833996],4.16,2.3610026943291866,0.054050799505155546
4.165,[2.37822619],4.165,2.3610026943291866,0.0517310625432621
4.17,[2.37810979],4.17,2.3610026943291866,0.0502014731874452
4.175,[2.37798914],4.175,2.3610026943291866,0.054812146026339034
4.18,[2.37786356],4.18,2.3610026943291866,0.053028083090602626
4.1850000000000005,[2.37773227],4.1850000000000005,2.3610026943291866,0.05230227695854759
4.19,[2.37759441],4.19,2.36080729561245,0.05312362479509064
4.195,[2.37744962],4.195,2.3610026943291866,0.05262467963666085
4.2,[2.37729826],4.2,2.3610026943291866,0.0568464465789015
4.205,[2.37714123],4.205,2.3610026943291866,0.056366657508670905
4.21,[2.37697925],4.21,2.3610026943291866,0.05647638774554695
4.215,[2.37681312],4.215,2.3610026943291866,0.05965572953300383
4.22,[2.37664403],4.22,2.3610026943291866,0.05924223070607883
4.225,[2.37647318],4.225,2.3610026943291866,0.061654145592029114
4.23,[2.37630174],4.23,2.3610026943291866,0.06106745647385417
4.235,[2.37613064],4.235,2.3610026943291866,0.060975439960846374
4.24,[2.37596065],4.24,2.3610026943291866,0.0611921269687275
4.245,[2.37579261],4.245,2.3610026943291866,0.06157942892555179
4.25,[2.37562736],4.25,2.3610026943291866,0.062050395836773804
4.255,[2.37546574],4.255,2.3610026943291866,0.0625794331222616
4.26,[2.37530857],4.26,2.3610026943291866,0.06316710011710669
4.265,[2.37515663],4.265,2.3610026943291866,0.0635770698506871
4.2700000000000005,[2.3750106],4.2700000000000005,2.3610026943291866,0.06405006827693543
4.275,[2.37487115],4.275,2.3610026943291866,0.0648105205106275
4.28,[2.37473888],4.28,2.3610026943291866,0.06496317962145726
4.285,[2.37461424],4.285,2.3610026943291866,0.06526448128570238
4.29,[2.37449756],4.29,2.36080729561245,0.06621391521130765
4.295,[2.37438903],4.295,2.3610026943291866,0.06508320929172469
4.3,[2.37428866],4.3,2.3610026943291866,0.06449016679942539
4.305,[2.37419629],4.305,2.3610026943291866,0.0640100851097072
4.3100000000000005,[2.37411153],4.3100000000000005,2.3610026943291866,0.06202741529653357
4.315,[2.37403354],4.315,2.3610026943291866,0.059120349892978936
4.32,[2.37396122],4.32,2.3610026943291866,0.0581720229335572
4.325,[2.37389302],4.325,2.3610026943291866,0.050314656305790725
4.33,[2.37382726],4.33,2.3610026943291866,0.04991054227485366
4.335,[2.37376277],4.335,2.3610026943291866,0.04538582370673707
4.34,[2.37369774],4.34,2.3610026943291866,0.0402812555376341
4.345,[2.37362994],4.345,2.3610026943291866,0.04095514039272715
4.3500000000000005,[2.37355747],4.3500000000000005,2.3610026943291866,0.033861373172784016
4.355,[2.37347761],4.355,2.3610026943291866,0.02650014949064249
4.36,[2.37338686],4.36,2.3610026943291866,0.018568300855991163
4.365,[2.37328149],4.365,2.3610026943291866,0.01040266398816411
4.37,[2.37315764],4.37,2.3610026943291866,0.0019610144032285695
4.375,[2.37301139],4.375,2.3610026943291866,-0.006767492535637468
4.38,[2.37283874],4.38,2.3610026943291866,-0.016026520680375425
4.385,[2.37263712],4.385,2.36080729561245,-0.008992703434308361
4.39,[2.3724053],4.39,2.36080729561245,-0.021990025428292596
4.3950000000000005,[2.3721421],4.3950000000000005,2.36080729561245,-0.016616881356479592
4.4,[2.37184812],4.4,2.3606118968957133,-0.012809021982320973
4.405,[2.3715238],4.405,2.360416498178977,-0.029051433866397906
4.41,[2.37116623],4.41,2.360025700745503,-0.0414380054434745
4.415,[2.37077302],4.415,2.35963490331203,-0.03189103603860861
4.42,[2.3703439],4.42,2.359244105878557,-0.04599371544453018
4.425,[2.3698766],4.425,2.358853308445083,-0.058709332599103506
4.43,[2.36936685],4.43,2.3584625110116098,-0.07120803404005904
4.4350000000000005,[2.36881021],4.4350000000000005,2.3578763148613997,-0.08342488528136546
4.44,[2.36820191],4.44,2.3570947199944534,-0.0950609332969979
4.445,[2.3675339],4.445,2.3561177264107696,-0.13461695458503117
4.45,[2.36679834],4.45,2.35553153026056,-0.11157345295366021
4.455,[2.36599367],4.455,2.3545545366768765,-0.12590388267039335
4.46,[2.36511777],4.46,2.3531867456597197,-0.1370687526120801
4.465,[2.36416138],4.465,2.351818954642563,-0.1786058174734634
4.47,[2.36311228],4.47,2.350646562342143,-0.18068926925087556
4.4750000000000005,[2.36196342],4.4750000000000005,2.348887973891513,-0.18118450195765265
4.48,[2.36072098],4.48,2.347715581591093,-0.18046723586265473
4.485,[2.35939891],4.485,2.3461523918571996,-0.18369314554089233
4.49,[2.35799656],4.49,2.3434168098228865,-0.21038650306235915
4.495,[2.35650067],4.495,2.341267423938783,-0.20334933230698352
4.5,[2.35490924],4.5,2.339313436771416,-0.16809722040932196
4.505,[2.35323005],4.505,2.336968652170576,-0.173406442666121
4.51,[2.3514703],4.51,2.335014665003209,-0.14417253289541976
4.515,[2.34963667],4.515,2.332865279119106,-0.15875338172993902
4.5200000000000005,[2.34773043],4.5200000000000005,2.330325095801529,-0.1681082207737215
4.525,[2.34574811],4.525,2.3273941150504793,-0.17205685052527758
4.53,[2.34368703],4.53,2.3242677355826924,-0.1726749045290451
4.535,[2.34154559],4.535,2.321727552265116,-0.17436442817544268
4.54,[2.33932844],4.54,2.318991970230803,-0.14075017591558014
4.545,[2.33704574],4.545,2.316060989479752,-0.14844323618931093
4.55,[2.33470235],4.55,2.3131300087287023,-0.1514717138538538
4.555,[2.33229886],4.555,2.3096128318274425,-0.1478870695054725
4.5600000000000005,[2.32983758],4.5600000000000005,2.306095654926182,-0.141802868854273
4.565,[2.32732239],4.565,2.3019922818747123,-0.13107159939288504
4.57,[2.32475852],4.57,2.298865902406926,-0.12386285686189684
4.575,[2.32215231],4.575,2.2955441242224017,-0.11460478953641387
4.58,[2.31951101],4.58,2.2918315486044056,-0.10264105417140779
4.585,[2.31685014],4.585,2.288900567853355,-0.10036301425301355
4.59,[2.31418807],4.59,2.2851879922353584,-0.11245168351451977
4.595,[2.31153353],4.595,2.282452410201045,-0.07050024312518957
4.6000000000000005,[2.30889464],4.6000000000000005,2.278935233299785,-0.059084400388495155
4.605,[2.30627946],4.605,2.2752226576817884,-0.04591264856295157
4.61,[2.30369225],4.61,2.271900879497265,-0.033849828721591924
4.615,[2.30113743],4.615,2.2685791013127417,-0.021716048185953494
4.62,[2.2986194],4.62,2.2656481205616914,-0.011748526498538114
4.625,[2.29614499],4.625,2.2627171398106416,0.023382236206823004
4.63,[2.2937201],4.63,2.258418368042435,0.0056541733837275005
4.635,[2.2913467],4.635,2.255682786008121,0.03954702484348902
4.64,[2.28902863],4.64,2.252361007823598,0.04176051243750024
4.6450000000000005,[2.2867685],4.6450000000000005,2.249039229639074,0.04440104768696434
4.65,[2.28456768],4.65,2.2464990463214978,0.07033333315444862
4.655,[2.28242639],4.655,2.243763464287184,0.03599311971428151
4.66,[2.28034107],4.66,2.241614078403081,0.06266712866836462
4.665,[2.27831063],4.665,2.2394646925189776,0.05414358144103821
4.67,[2.276336],4.67,2.236729110484664,0.07823426340958894
4.675,[2.27441712],4.675,2.2343843258838243,0.0658640492426789
4.68,[2.27255019],4.68,2.2324303387164575,0.055104392135943196
4.6850000000000005,[2.27072822],4.6850000000000005,2.2304763515490906,0.0467173724513926
4.69,[2.26894435],4.69,2.228522364381724,0.039840750674866476
4.695,[2.26718869],4.695,2.2259821810641474,0.008046707686720202
4.7,[2.26545188],4.7,2.2244189913302543,0.03667031342538364
4.705,[2.26373138],4.705,2.222660402879624,0.027791927326211996
4.71,[2.26202752],4.71,2.2210972131457307,0.04999315967955661
4.715,[2.26033997],4.715,2.2193386246951006,0.03388847683308033
4.72,[2.25866439],4.72,2.217970833677944,0.0190874950645471
4.7250000000000005,[2.25699655],4.7250000000000005,2.216798441377524,0.038314807081290536
4.73,[2.25533574],4.73,2.2154306503603673,0.017837822042205742
4.735,[2.25367702],4.735,2.2142582580599472,6.199564218095977e-05
4.74,[2.25201192],4.74,2.213281264476264,-0.015814122518758817
4.745,[2.25033644],4.745,2.211913473459107,0.006231135018275958
4.75,[2.24865051],4.75,2.2109364798754236,-0.016689461554573726
4.755,[2.24694949],4.755,2.20995948629174,-0.036247508931931384
4.76,[2.24522473],4.76,2.20878709399132,-0.051845071617751606
4.765,[2.2434679],4.765,2.208005499124374,-0.06970937558487561
4.7700000000000005,[2.24167058],4.7700000000000005,2.2068331068239537,-0.08489974686685203
4.775,[2.23982421],4.775,2.2056607145235336,-0.09963692227522139
4.78,[2.23792024],4.78,2.2042929235063773,-0.112863919758564
4.785,[2.23595574],4.785,2.203120531205957,-0.0912154775144931
4.79,[2.23393292],4.79,2.2015573414720637,-0.11355195442589044
4.795,[2.23184753],4.795,2.200189550454907,-0.13189989086204162
4.8,[2.2296898],4.8,2.198430962004277,-0.14462895326265002
4.805,[2.22745076],4.805,2.19647697483691,-0.15408708895020098
4.8100000000000005,[2.22512864],4.8100000000000005,2.1949137851030165,-0.1349301323839549
4.815,[2.22272774],4.815,2.1927643992189134,-0.15340210195454873
4.82,[2.22025136],4.82,2.19120120948502,-0.1378527432201975
4.825,[2.21770165],4.825,2.188465627450707,-0.1592761482870032
4.83,[2.21507202],4.83,2.1863162415666033,-0.17420171309933416
4.835,[2.21233976],4.835,2.1835806595322897,-0.16754133394047338
4.84,[2.20946615],4.84,2.179868083914293,-0.09480401983117893
4.845,[2.20641506],4.845,2.17771869803019,-0.10228723811167455
4.8500000000000005,[2.20318058],4.8500000000000005,2.175178514712613,-0.16589553680644928
4.855,[2.19977543],4.855,2.171661337811353,-0.147289905182411
4.86,[2.19620041],4.86,2.1687303570603027,-0.12659497940869943
4.865,[2.19244613],4.865,2.1659947750259896,-0.10458190234364094
4.87,[2.18850448],4.87,2.1624775981247297,-0.0811926935015938
4.875,[2.18436912],4.875,2.1589604212234694,-0.09064611395984333
4.88,[2.18003579],4.88,2.1558340417556825,-0.1020651689990142
4.885,[2.1755024],4.885,2.152121466137686,-0.110703456256423
4.89,[2.17076879],4.89,2.1484088905196894,-0.11973744138084086
4.8950000000000005,[2.16583638],4.8950000000000005,2.145673308485376,-0.13432935624041828
4.9,[2.16073112],4.9,2.1425469290175894,-0.1440633344816323
4.905,[2.15549972],4.905,2.139029752116329,-0.15572240260034292
4.91,[2.15014793],4.91,2.1347309803481225,-0.2028775393171224
4.915,[2.14464659],4.915,2.1310184047301255,-0.2030247297256829
4.92,[2.13898418],4.92,2.127892025262339,-0.20923069819271775
4.925,[2.13316456],4.925,2.1243748483610787,-0.21619437248538534
4.93,[2.12720479],4.93,2.1210530701765555,-0.1872108833218507
4.9350000000000005,[2.1211328],4.9350000000000005,2.1175358932752952,-0.20917312654780892
4.94,[2.11496163],4.94,2.1144095138075087,-0.23149662155810313
4.945,[2.10870334],4.945,2.1108923369062484,-0.23978747703694778
4.95,[2.10238081],4.95,2.1073751600049886,-0.24078410753424118
4.955,[2.09600192],4.955,2.1026855908033086,-0.2604182466158929
4.96,[2.08957387],4.96,2.0991684139020483,-0.28851971663062204
4.965,[2.08311521],4.965,2.0956512370007885,-0.2757286594959771
4.97,[2.07664183],4.97,2.092329458816265,-0.3412832798196687
4.9750000000000005,[2.07016698],4.9750000000000005,2.0890076806317412,-0.3017323243495747
4.98,[2.06368905],4.98,2.085099706297008,-0.32992402726333825
4.985,[2.05719369],4.985,2.0813871306790115,-0.3559389789227193
4.99,[2.05066798],4.99,2.077869953777751,-0.38013176053125913
4.995,[2.04410057],4.995,2.0749389730267014,-0.40529333119491157
5.0,[2.03750716],5.0,2.0718125935589145,-0.42269928067294854
5.005,[2.03092644],5.005,2.067513821790708,-0.4392448036640933
5.01,[2.02436547],5.01,2.0636058474559746,-0.4563042384177468
5.015,[2.01780442],5.015,2.0600886705547143,-0.47407989529264166
5.0200000000000005,[2.01123928],5.0200000000000005,2.0567668923701907,-0.4500799419503206
5.025,[2.00466666],5.025,2.051881924451774,-0.5142520468227194
5.03,[1.99805817],5.03,2.0483647475505142,-0.527633996783585
5.035,[1.99138995],5.035,2.0446521719325172,-0.5410244132236706
5.04,[1.98465481],5.04,2.0403534001643107,-0.5528352881538803
5.045,[1.97785995],5.045,2.0372270206965237,-0.5283648527289
5.05,[1.97102467],5.05,2.033123647645054,-0.5549945388076257
5.055,[1.96415236],5.055,2.0286294771601106,-0.5767865542563637
5.0600000000000005,[1.95723289],5.0600000000000005,2.024721502825377,-0.5989899337482167
5.065,[1.95027116],5.065,2.0215951233575904,-0.5798173965205079
5.07,[1.94328474],5.07,2.017882547739594,-0.6127105307381385
5.075,[1.93626213],5.075,2.0131929785379135,-0.6804876805784095
5.08,[1.9291806],5.08,2.0098712003533903,-0.6514222903119722
5.085,[1.92204799],5.085,2.0055724285851833,-0.6752772921217353
5.09,[1.91487144],5.09,2.0018598529671867,-0.6997863863783316
5.095,[1.90764413],5.095,1.99756108119898,-0.719733859110503
5.1000000000000005,[1.90037415],5.1000000000000005,1.99404390429772,-0.6981464846154195
5.105,[1.89306861],5.105,1.9893543350960396,-0.7713213068026739
5.11,[1.88570689],5.11,1.9862279556282532,-0.7914629651524471
5.115,[1.87828539],5.115,1.9825153800102562,-0.7646192868829039
5.12,[1.87082853],5.12,1.978998203108996,-0.7964836541098961
5.125,[1.86334397],5.125,1.9746994313407895,-0.8213311670238979
5.13,[1.8558252],5.13,1.9705960582893192,-0.8443726099606005
5.135,[1.8482675],5.135,1.966688083954586,-0.8662660392567518
5.14,[1.840668],5.14,1.962584710903116,-0.8855846712521791
5.1450000000000005,[1.83302569],5.1450000000000005,1.959067534001856,-0.9065327775495708
5.15,[1.82534134],5.15,1.9559411545340692,-0.9284913295081654
5.155,[1.81763014],5.155,1.9528147750662823,-0.9077277053954269
5.16,[1.80991908],5.16,1.9489068007315489,-0.9374904457259183
5.165,[1.80221899],5.165,1.9444126302466056,-0.960678883300354
5.17,[1.794527],5.17,1.9407000546286088,-0.9846008875252371
5.175,[1.78685392],5.175,1.9369874790106119,-0.965677365308472
5.18,[1.77922193],5.18,1.932884105959142,-0.9960796310034791
5.1850000000000005,[1.77163779],5.1850000000000005,1.9285853341909356,-1.0208075527392146
5.19,[1.76409533],5.19,1.9252635560064117,-1.0466569834894444
5.195,[1.75658997],5.195,1.9221371765386253,-1.0710999730360289
5.2,[1.74913002],5.2,1.9190107970708385,-1.0560736270567268
5.205,[1.74174608],5.205,1.9158844176030516,-1.1446562935023528
5.21,[1.73445165],5.21,1.9117810445515817,-1.1249710394300871
5.215,[1.72722208],5.215,1.907873070216848,-1.143352924288922
5.22,[1.72003596],5.22,1.903965095882115,-1.1610209341633209
5.2250000000000005,[1.71288661],5.2250000000000005,1.9008387164143281,-1.1818028165468435
5.23,[1.70577974],5.23,1.897321539513068,-1.1700867346216366
5.235,[1.69873148],5.235,1.8936089638950713,-1.1895293385999386
5.24,[1.69174345],5.24,1.889700989560338,-1.2128407819434284
5.245,[1.68481631],5.245,1.886183812659078,-1.2570675581295938
5.25,[1.67796151],5.25,1.8828620344745544,-1.2321092762538044
5.255,[1.6711653],5.255,1.8779770665561377,-1.2868305717614423
5.26,[1.66439301],5.26,1.8742644909381412,-1.297522835760908
5.265,[1.65764946],5.265,1.8711381114703542,-1.3155347417558827
5.2700000000000005,[1.65097262],5.2700000000000005,1.8670347384188843,-1.3245694952165432
5.275,[1.64437154],5.275,1.8637129602343607,-1.33770575624977
5.28,[1.63784195],5.28,1.8601957833331009,-1.3313431748938098
5.285,[1.63139073],5.285,1.856483207715104,-1.3362824420294255
5.29,[1.62501174],5.29,1.852184435946897,-1.352901595896829
5.295,[1.61867687],5.295,1.8474948667452171,-1.4019489906045721
5.3,[1.61236196],5.3,1.8435868924104835,-1.3696944049531783
5.305,[1.60606877],5.305,1.8402651142259603,-1.3887646702195913
5.3100000000000005,[1.59980985],5.3100000000000005,1.8371387347581736,-1.4496533783456373
5.315,[1.59359575],5.315,1.8328399629899665,-1.4293100235499934
5.32,[1.58742457],5.32,1.8295181848054431,-1.419089333881693
5.325,[1.58128409],5.325,1.82561021047071,-1.431487742735221
5.33,[1.57516427],5.33,1.8218976348527132,-1.4466749189738028
5.335,[1.5690567],5.335,1.8181850592347166,-1.4609792234780516
5.34,[1.56296457],5.34,1.8148632810501932,-1.527782339508909
5.345,[1.55688975],5.345,1.81036911056525,-1.4985525545061338
5.3500000000000005,[1.55081121],5.3500000000000005,1.806656534947253,-1.5095305884323236
5.355,[1.54472116],5.355,1.8035301554794665,-1.5354666511050006
5.36,[1.53863375],5.36,1.799622181144733,-1.5117682151634004
5.365,[1.53253681],5.365,1.7949326119430529,-1.5672039006281095
5.37,[1.5263955],5.37,1.7910246376083194,-1.5766999139433837
5.375,[1.52020241],5.375,1.787702859423796,-1.5510638567311945
5.38,[1.51397391],5.38,1.7841856825225362,-1.5767853681796207
5.385,[1.50771107],5.385,1.7804731069045392,-1.5996771668199201
5.39,[1.5014144],5.39,1.7771513287200158,-1.5957465324456026
5.3950000000000005,[1.49508341],5.3950000000000005,1.7722663608015992,-1.6489728768131695
5.4,[1.48869183],5.4,1.768162987750129,-1.6628359918359794
5.405,[1.48222998],5.405,1.7650366082823423,-1.6390129293220463
5.41,[1.47571508],5.41,1.761128633947609,-1.6665096785905398
5.415,[1.46914872],5.415,1.7570252608961388,-1.6900092120767443
5.42,[1.46253248],5.42,1.7537034827116156,-1.6712970406393615
5.425,[1.45586762],5.425,1.7490139135099352,-1.7437579616428742
5.43,[1.4491289],5.43,1.7456921353254118,-1.7623884735267987
5.4350000000000005,[1.44230867],5.4350000000000005,1.742565755857625,-1.737808648992368
5.44,[1.43542755],5.44,1.7386577815228919,-1.7668773528878716
5.445,[1.42850325],5.445,1.7353360033383685,-1.7510581255167939
5.45,[1.42155078],5.45,1.732014225153845,-1.7905333393363296
5.455,[1.41458258],5.455,1.728497048252585,-1.7784484359939716
5.46,[1.40762266],5.46,1.7257614662182716,-1.8463979789245324
5.465,[1.40069053],5.465,1.7222442893170116,-1.8285295029117892
5.47,[1.39377384],5.47,1.7181409162655412,-1.8656026697721397
5.4750000000000005,[1.38684722],5.4750000000000005,1.714819138081018,-1.9007611702547496
5.48,[1.37988859],5.48,1.7105203663128112,-1.9265118923784186
5.485,[1.37287919],5.485,1.7068077906948147,-1.9519562686020182
5.49,[1.36580345],5.49,1.702313620209871,-1.971461926207871
5.495,[1.35864877],5.495,1.6989918420253478,-1.9952421271377214
5.5,[1.35141974],5.5,1.6954746651240877,-1.969721142121211
5.505,[1.34413564],5.505,1.6919574882228277,-2.0042007120330854
5.51,[1.33679956],5.51,1.6882449126048311,-2.0331500802508096
5.515,[1.3293873],5.515,1.6837507421198874,-2.1004581648004432
5.5200000000000005,[1.3218804],5.5200000000000005,1.6798427677851542,-2.062677224206613
5.525,[1.31429362],5.525,1.6765209896006308,-2.0887751319447236
5.53,[1.30665538],5.53,1.6733946101328439,-2.069380974897101
5.535,[1.29900468],5.535,1.669877433231584,-2.062276729995025
5.54,[1.29137574],5.54,1.666164857613587,-2.1014161044269177
5.545,[1.2837718],5.545,1.661475288411907,-2.1298814824154797
5.55,[1.27618401],5.55,1.6581535102273839,-2.158787178015719
5.555,[1.26860707],5.555,1.6540501371759135,-2.1795201111394826
5.5600000000000005,[1.26102707],5.5600000000000005,1.649165169257497,-2.232231078132749
5.565,[1.25342321],5.565,1.6450617962060268,-2.2356763085522604
5.57,[1.24580413],5.57,1.6417400180215034,-2.2079884731348076
5.575,[1.23819152],5.575,1.6374412462532968,-2.262507929500098
5.58,[1.23057229],5.58,1.6327516770516164,-2.301543761267068
5.585,[1.22293699],5.585,1.6288437027168832,-2.265181318125706
5.59,[1.21532238],5.59,1.625326525815623,-2.285980831899106
5.595,[1.20775995],5.595,1.6210277540474165,-2.305612773542144
5.6000000000000005,[1.20025449],5.6000000000000005,1.6171197797126828,-2.312513946521384
5.605,[1.19282008],5.605,1.6134072040946863,-2.30946795801872
5.61,[1.1854678],5.61,1.6094992297599529,-2.3303973566420018
5.615,[1.17820606],5.615,1.606372850292166,-2.4159167661210983
5.62,[1.17105153],5.62,1.6030510721076425,-2.409500749076303
5.625,[1.16400674],5.625,1.598752300339436,-2.400980397522274
5.63,[1.15706249],5.63,1.5946489272879658,-2.3998485412563033
5.635,[1.15022079],5.635,1.590936351669969,-2.4876524171239067
5.64,[1.14349315],5.64,1.5870283773352356,-2.4826199302019836
5.6450000000000005,[1.13688851],5.6450000000000005,1.5839019978674491,-2.535475419980387
5.65,[1.13041349],5.65,1.5805802196829255,-2.5364576662477956
5.655,[1.12406294],5.655,1.5764768466314556,-2.5324227415321703
5.66,[1.11782193],5.66,1.5731550684469322,-2.5355802456114067
5.665,[1.11168695],5.665,1.569637891545672,-2.58992492485444
5.67,[1.10566403],5.67,1.5663161133611485,-2.5927839658731546
5.675,[1.09973888],5.675,1.5620173415929417,-2.519229667445543
5.68,[1.09388037],5.68,1.5581093672582085,-2.539394164834953
5.6850000000000005,[1.08807128],5.6850000000000005,1.5549829877904218,-2.5641494425060074
5.69,[1.08231513],5.69,1.5512704121724252,-2.638708268990204
5.695,[1.07662338],5.695,1.5475578365544282,-2.6400417106759884
5.7,[1.07099562],5.7,1.5432590647862214,-2.638254539064434
5.705,[1.0654214],5.705,1.5391556917347513,-2.638525346222618
5.71,[1.05990032],5.71,1.5354431161167548,-2.6808106865603576
5.715,[1.05444051],5.715,1.5317305404987582,-2.681555668912879
5.72,[1.04903892],5.72,1.5284087623142348,-2.6824440038968356
5.7250000000000005,[1.04368302],5.7250000000000005,1.5246961866962379,-2.6821825772119148
5.73,[1.03837082],5.73,1.5207882123615046,-2.716633106443046
5.735,[1.03310019],5.735,1.5172710354602443,-2.665556432933988
5.74,[1.0278597],5.74,1.5141446559924576,-2.7290918427243644
5.745,[1.0226486],5.745,1.5102366816577244,-2.7273417103478166
5.75,[1.01746604],5.75,1.506328707322991,-2.7255491300213315
5.755,[1.01230189],5.755,1.5016391381213108,-2.7213621672242607
5.76,[1.00714749],5.76,1.4977311637865773,-2.722819456563754
5.765,[1.00199564],5.765,1.4928461958681607,-2.721273082166183
5.7700000000000005,[0.99684056],5.7700000000000005,1.4887428228166906,-2.7253892031696285
5.775,[0.99167801],5.775,1.4852256459154307,-2.7340232626411245
5.78,[0.98650519],5.78,1.4820992664476438,-2.7459541868734445
5.785,[0.98132067],5.785,1.4776050959627003,-2.7519258225089507
5.79,[0.9761242],5.79,1.4735017229112304,-2.7602677791471066
5.795,[0.97092493],5.795,1.4701799447267068,-2.8010712325785962
5.8,[0.96573973],5.8,1.466662767825447,-2.806335918111259
5.805,[0.96057487],5.805,1.4631455909241868,-2.811526126202173
5.8100000000000005,[0.95542766],5.8100000000000005,1.4592376165894534,-2.8157907008011
5.815,[0.95030453],5.815,1.45591583840493,-2.833769091548482
5.82,[0.94521936],5.82,1.4520078640701966,-2.840150211303084
5.825,[0.94017575],5.825,1.4482952884522,-2.845456190217651
5.83,[0.93516853],5.83,1.444582712834203,-2.850263595474774
5.835,[0.93020112],5.835,1.4412609346496796,-2.8588211771746064
5.84,[0.92528407],5.84,1.4369621628814728,-2.8648483038496355
5.845,[0.92041792],5.845,1.4334449859802127,-2.8713863438642004
5.8500000000000005,[0.91559471],5.8500000000000005,1.4297324103622162,-2.8757287371143514
5.855,[0.91080718],5.855,1.4258244360274828,-2.8786676793566053
5.86,[0.90605652],5.86,1.422111860409486,-2.883630633547048
5.865,[0.90134296],5.865,1.4176176899245425,-2.874449044480123
5.87,[0.8966499],5.87,1.4142959117400193,-2.8818637463833636
5.875,[0.8919708],5.875,1.410778734838759,-2.9002581246385137
5.88,[0.88731564],5.88,1.4070661592207623,-2.9048512042401935
5.885,[0.88268409],5.885,1.4029627861692924,-2.9053069721133102
5.89,[0.87806699],5.89,1.3986640144010856,-2.9039466476672757
5.8950000000000005,[0.87346422],5.8950000000000005,1.3951468374998257,-2.9135379794379808
5.9,[0.86887507],5.9,1.3912388631650918,-2.8964682234006696
5.905,[0.8642902],5.905,1.386549293963412,-2.9176108432476324
5.91,[0.85970992],5.91,1.3832275157788887,-2.921750131569907
5.915,[0.85513446],5.915,1.3795149401608922,-2.9228454885389423
5.92,[0.85054762],5.92,1.3752161683926851,-2.8775459909105856
5.925,[0.84592805],5.925,1.3703312004742685,-2.8895826490012717
5.93,[0.84127499],5.93,1.366423226139535,-2.9303883263407724
5.9350000000000005,[0.83661311],5.9350000000000005,1.3629060492382747,-2.933938639635101
5.94,[0.83197167],5.94,1.3593888723370147,-2.9258411750723003
5.945,[0.82736713],5.945,1.355090100568808,-2.9411160039130526
5.95,[0.82279708],5.95,1.350986727517338,-2.947476897382022
5.955,[0.81825128],5.955,1.3466879557491311,-2.948547968118527
5.96,[0.81371286],5.96,1.3414121903972414,-2.9148275102270556
5.965,[0.80915937],5.965,1.3369180199122979,-2.921793339641352
5.97,[0.80458799],5.97,1.3337916404445112,-2.952367052313032
5.9750000000000005,[0.80000436],5.9750000000000005,1.3294928686763046,-2.9249364903734385
5.98,[0.79539702],5.98,1.3257802930583074,-2.93441592293903
5.985,[0.79075615],5.985,1.3218723187235741,-2.9409894085511477
5.99,[0.78608147],5.99,1.3181597431055774,-2.9471389193016564
5.995,[0.78138103],5.995,1.3146425662043173,-2.972764357946037
6.0,[0.7766699],6.0,1.3109299905863208,-2.9759596958820804
6.005,[0.77194401],6.005,1.3068266175348506,-2.9360344565793017
6.01,[0.76718318],6.01,1.3023324470499071,-2.9454071715201127
6.015000000000001,[0.76237905],6.015000000000001,1.298815270148647,-2.9572193044614825
6.0200000000000005,[0.75753361],6.0200000000000005,1.2947118970971772,-2.9650017064081746
6.025,[0.7526494],6.025,1.2896315304620236,-2.9676199375460057
6.03,[0.74772177],6.03,1.285332758693817,-2.916820708819454
6.035,[0.74274826],6.035,1.28162018307582,-2.992169177183253
6.04,[0.73774458],6.04,1.2777122087410866,-2.998758361960512
6.045,[0.73272565],6.045,1.2738042344063532,-3.00549531928811
6.05,[0.7276976],6.05,1.2693100639214097,-3.009804295040657
6.055,[0.72267436],6.055,1.2661836844536232,-3.021262090127866
6.0600000000000005,[0.71766916],6.0600000000000005,1.2612987165352065,-3.0190635835068
6.065,[0.71267999],6.065,1.2579769383506831,-3.0307470675935635
6.07,[0.70771311],6.07,1.254459761449423,-3.03448550037787
6.075,[0.70278874],6.075,1.2497701922477427,-3.0373707368322536
6.08,[0.69791758],6.08,1.2462530153464826,-3.044683826765781
6.085,[0.69310858],6.085,1.243126635878696,-3.0325520017883316
6.09,[0.68836939],6.09,1.2382416679602795,-3.054740643094413
6.095,[0.68369355],6.095,1.2345290923422825,-3.0585996299810656
6.1000000000000005,[0.67908158],6.1000000000000005,1.2304257192908123,-3.0407071935503716
6.105,[0.67454608],6.105,1.2263223462393424,-3.048032869167012
6.11,[0.6700846],6.11,1.2210465808874524,-3.060840846437707
6.115,[0.66568184],6.115,1.2175294039861924,-3.0638854222640868
6.12,[0.66133026],6.12,1.2126444360677755,-3.05988759303783
6.125,[0.65702895],6.125,1.2091272591665154,-3.0626264586005996
6.13,[0.65277635],6.13,1.2054146835485189,-3.0645236877784394
6.135,[0.64858277],6.135,1.202288304080732,-3.0697568201067758
6.140000000000001,[0.64446227],6.140000000000001,1.1985757284627352,-3.0765331135647376
6.1450000000000005,[0.64040696],6.1450000000000005,1.1944723554112653,-3.0767042452037514
6.15,[0.63640275],6.15,1.1901735836430585,-3.0745501600802907
6.155,[0.63244293],6.155,1.186265609308325,-3.073916561072241
6.16,[0.62851473],6.16,1.1809898439564348,-3.0663008817286537
6.165,[0.62460677],6.165,1.1778634644886483,-3.0658096280694807
6.17,[0.62072179],6.17,1.1737600914371782,-3.0656089193274694
6.175,[0.6168617],6.175,1.169656718385708,-3.0650433418936296
6.18,[0.61302121],6.18,1.1665303389179214,-3.0691556351069558
6.1850000000000005,[0.60920193],6.1850000000000005,1.1622315671497148,-3.0455320465269056
6.19,[0.60541151],6.19,1.1587143902484545,-3.054993081177261
6.195,[0.6016498],6.195,1.155001814630458,-3.060057088451367
6.2,[0.59790384],6.2,1.1508984415789878,-3.0712660994675463
6.205,[0.59416902],6.205,1.1473812646777275,-3.072455523121676
6.21,[0.59046051],6.21,1.1434732903429943,-3.0707095173594454
6.215,[0.58678495],6.215,1.1391745185747875,-3.0661312106037135
6.22,[0.58313554],6.22,1.1352665442400542,-3.063139013235334
6.2250000000000005,[0.57950703],6.2250000000000005,1.1319447660555308,-3.0626481910450187
6.23,[0.57588987],6.23,1.1280367917207974,-3.0671059368879923
6.235,[0.57227673],6.235,1.1239334186693273,-3.04814400306163
6.24,[0.56867381],6.24,1.1200254443345938,-3.045154927562719
6.245,[0.56508713],6.245,1.1167036661500704,-3.044624645362703
6.25,[0.56151671],6.25,1.1129910905320737,-3.0418465594268698
6.255,[0.5579685],6.255,1.1094739136308136,-3.011179692341065
6.26,[0.55445321],6.26,1.1055659392960802,-3.015556426193887
6.265000000000001,[0.55096963],6.265000000000001,1.1002901739441902,-3.0349133044792174
6.2700000000000005,[0.54750653],6.2700000000000005,1.0950144085923001,-3.020861118715088
6.275,[0.54405987],6.275,1.09149723169104,-3.015819931525768
6.28,[0.54063657],6.28,1.0881754535065165,-2.9832933331618126
6.285,[0.53724747],6.285,1.084267479171783,-2.98616618100832
6.29,[0.53389661],6.29,1.0805549035537865,-2.987936449089847
6.295,[0.53058211],6.295,1.0770377266525264,-2.9891937221977107
6.3,[0.52730209],6.3,1.0729343536010563,-2.9863823739226922
6.305,[0.52405952],6.305,1.0694171766997962,-2.952905034936679
6.3100000000000005,[0.52086144],6.3100000000000005,1.0657046010817994,-2.9608749170483586
6.315,[0.51770854],6.315,1.0616012280303293,-2.9630291362442427
6.32,[0.51459617],6.32,1.0576932536955959,-2.9634758893684685
6.325,[0.51151996],6.325,1.0537852793608626,-2.9623968721433154
6.33,[0.50847577],6.33,1.0498773050261292,-2.96035663639567
6.335,[0.50545954],6.335,1.0463601281248691,-2.959868807544865
6.34,[0.50247218],6.34,1.0432337486570824,-2.9275514602865935
6.345,[0.49952366],6.345,1.0393257743223492,-2.8968949883549664
6.3500000000000005,[0.49662176],6.3500000000000005,1.0361993948545623,-2.9170684799274738
6.355,[0.49375753],6.355,1.0315098256528823,-2.954575441236919
6.36,[0.49091271],6.36,1.0279926487516222,-2.9516595095753724
6.365,[0.48807109],6.365,1.0231076808332054,-2.965440147292394
6.37,[0.48522364],6.37,1.0195905039319453,-2.93050293273048
6.375,[0.48237272],6.375,1.0158779283139485,-2.9289602782573745
6.38,[0.47952543],6.38,1.012165352695952,-2.8936562046145693
6.385,[0.47668772],6.385,1.0082573783612183,-2.9004847424575653
6.390000000000001,[0.47385948],6.390000000000001,1.0045448027432218,-2.9039881535406247
6.3950000000000005,[0.4710356],6.3950000000000005,1.0006368284084883,-2.9036493775354515
6.4,[0.4682119],6.4,0.9967288540737549,-2.901303487899636
6.405,[0.46538998],6.405,0.9934070758892316,-2.8673948452278566
6.41,[0.46257635],6.41,0.9887175066875513,-2.8696510115877696
6.415,[0.45977167],6.415,0.9852003297862914,-2.87336469867984
6.42,[0.45697167],6.42,0.9816831528850313,-2.8746334654485817
6.425,[0.4541729],6.425,0.9783613747005078,-2.8746143347380824
6.43,[0.45137751],6.43,0.9746487990825112,-2.838181869037362
6.4350000000000005,[0.4485924],6.4350000000000005,0.9701546285975677,-2.8406287003413193
6.44,[0.4458141],6.44,0.965269660679151,-2.8658639717386674
6.445,[0.44303059],6.445,0.9615570850611541,-2.8565729128927106
6.45,[0.44023694],6.45,0.9568675158594742,-2.8428445461909915
6.455,[0.43743426],6.455,0.9531549402414774,-2.8344753751428096
6.46,[0.43462408],6.46,0.9492469659067441,-2.825474766076492
6.465,[0.43180824],6.465,0.9449481941385374,-2.814761607484762
6.47,[0.42898889],6.47,0.9410402198038039,-2.8059414203585935
6.4750000000000005,[0.4261727],6.4750000000000005,0.9373276441858072,-2.7666870532063217
6.48,[0.42336586],6.48,0.9334196698510738,-2.7972750514366473
6.485,[0.42056975],6.485,0.9299024929498136,-2.7576858060570455
6.49,[0.41778608],6.49,0.9257991198983436,-2.7835520459729355
6.495,[0.41501687],6.495,0.9226727404305568,-2.7448518023659534
6.5,[0.41227203],6.5,0.9187647660958235,-2.708434221520483
6.505,[0.40956409],6.505,0.9144659943276168,-2.710957410532832
6.51,[0.40689598],6.51,0.9099718238426734,-2.7077497401293185
6.515000000000001,[0.40426641],6.515000000000001,0.9058684507912032,-2.703286856221419
6.5200000000000005,[0.40167445],6.5200000000000005,0.9011788815895231,-2.6938261816906564
6.525,[0.39911926],6.525,0.8974663059715264,-2.6880614381929075
6.53,[0.39659995],6.53,0.8931675342033197,-2.678891440448141
6.535,[0.39411537],6.535,0.8898457560187963,-2.674927351493552
6.54,[0.39166034],6.54,0.8847653893836429,-2.6916653102648747
6.545,[0.38922971],6.545,0.8812482124823828,-2.650241012133559
6.55,[0.38682173],6.55,0.8767540419974394,-2.675412566040676
6.555,[0.38443782],6.555,0.8734322638129159,-2.6710269951071544
6.5600000000000005,[0.38208607],6.5600000000000005,0.869915086911656,-2.6622261844768986
6.565,[0.37976848],6.565,0.8665933087271326,-2.6563016349922917
6.57,[0.37747791],6.57,0.8634669292593458,-2.653657693689321
6.575,[0.37521129],6.575,0.8599497523580858,-2.6160001759317475
6.58,[0.3729692],6.58,0.8558463793066157,-2.6196503305979797
6.585,[0.37074706],6.585,0.8527199998388288,-2.6254586065087238
6.59,[0.36854033],6.59,0.8488120255040955,-2.589328098506089
6.595,[0.36634882],6.595,0.8456856460363087,-2.6024177752532958
6.6000000000000005,[0.36416729],6.6000000000000005,0.8417776717015754,-2.606954408624236
6.605,[0.36199091],6.605,0.8388466909505254,-2.5760070348175494
6.61,[0.35981973],6.61,0.8351341153325286,-2.5872304730674585
6.615,[0.35764891],6.615,0.8310307422810586,-2.5901070298931312
6.62,[0.35546981],6.62,0.8263411730793784,-2.585733661865187
6.625,[0.35327088],6.625,0.8222378000279084,-2.609963365820545
6.63,[0.35104283],6.63,0.818916021843385,-2.569129801971579
6.635,[0.34877887],6.635,0.8130540603412848,-2.6056077378108915
6.640000000000001,[0.34646987],6.640000000000001,0.8095368834400247,-2.5626642959669805
6.6450000000000005,[0.34411795],6.6450000000000005,0.8060197065387646,-2.5525875244968823
6.65,[0.34172646],6.65,0.8011347386203479,-2.5622212097400343
6.655,[0.33929502],6.655,0.7976175617190879,-2.5182236867699346
6.66,[0.33683668],6.66,0.7942957835345645,-2.480129124390539
6.665,[0.33436732],6.665,0.7896062143328845,-2.4771300404551537
6.67,[0.33189288],6.67,0.7862844361483611,-2.4775703115486625
6.675,[0.32941107],6.675,0.782767259247101,-2.5037112335764644
6.68,[0.3269205],6.68,0.7788592849123676,-2.459717390197944
6.6850000000000005,[0.3244319],6.6850000000000005,0.7755375067278442,-2.425481177480781
6.69,[0.32195835],6.69,0.7714341336763741,-2.429028185309333
6.695,[0.3195033],6.695,0.7677215580583774,-2.430520777707885
6.7,[0.3170659],6.7,0.763813583723644,-2.4281134307650265
6.705,[0.31464536],6.705,0.7601010081056472,-2.424616787727456
6.71,[0.31224466],6.71,0.7563884324876504,-2.387696885517
6.715,[0.30986988],6.715,0.7532620530198638,-2.3944786834774887
6.72,[0.30752236],6.72,0.7493540786851303,-2.3933288299395197
6.7250000000000005,[0.30519583],6.7250000000000005,0.744273712049977,-2.4142160230679606
6.73,[0.30288117],6.73,0.7407565351487168,-2.402331345816539
6.735,[0.30057429],6.735,0.7370439595307202,-2.3905961268091835
6.74,[0.29827544],6.74,0.73235439032904,-2.374970173846324
6.745,[0.29598492],6.745,0.7284464159943067,-2.3640140980352355
6.75,[0.29370303],6.75,0.7241476442261,-2.3513017827706943
6.755,[0.29143015],6.755,0.7200442711746298,-2.339900608624987
6.76,[0.28916665],6.76,0.7157454994064231,-2.32789023578678
6.765000000000001,[0.28691295],6.765000000000001,0.7120329237884264,-2.318808113509138
6.7700000000000005,[0.28466945],6.7700000000000005,0.7079295507369562,-2.30783842195887
6.775,[0.28243994],6.775,0.7049985699859063,-2.2726927110198583
6.78,[0.28022762],6.78,0.7006997982176995,-2.2989337637250418
6.785,[0.2780318],6.785,0.6977688174666494,-2.2622384603608685
6.79,[0.27585514],6.79,0.6934700456984426,-2.257043469093088
6.795,[0.27370316],6.795,0.689171273930236,-2.21947912523193
6.8,[0.27158028],6.8,0.6854586983122393,-2.2228615620207197
6.805,[0.26948678],6.805,0.6821369201277159,-2.224211591298786
6.8100000000000005,[0.26742265],6.8100000000000005,0.6784243445097191,-2.190703044136768
6.815,[0.26538773],6.815,0.6741255727415123,-2.2206650088269937
6.82,[0.26337848],6.82,0.6706083958402522,-2.1834135819421534
6.825,[0.2613949],6.825,0.6668958202222556,-2.1822028206927087
6.83,[0.25943687],6.83,0.6633786433209955,-2.1793601268084197
6.835,[0.25750101],6.835,0.6590798715527887,-2.1706194084217976
6.84,[0.25558434],6.84,0.6555626946515287,-2.164324793342724
6.845,[0.25368729],6.845,0.6516547203167954,-2.1264577011135897
6.8500000000000005,[0.25181315],6.8500000000000005,0.6487237395657451,-2.129972851466386
6.855,[0.24996151],6.855,0.6452065626644852,-2.1278645845229414
6.86,[0.24812882],6.86,0.641689385763225,-2.1232938557279555
6.865,[0.24631203],6.865,0.638172208861965,-2.117061062794897
6.87,[0.24451143],6.87,0.6354366268276517,-2.0854388981289222
6.875,[0.24273016],6.875,0.6321148486431284,-2.086727516596586
6.88,[0.2409678],6.88,0.6285976717418682,-2.0840103475525456
6.885,[0.23922384],6.885,0.6254712922740814,-2.0528173061671913
6.890000000000001,[0.23750066],6.890000000000001,0.6213679192226114,-2.0517961864150815
6.8950000000000005,[0.23579723],6.8950000000000005,0.6180461410380881,-2.0509881128718024
6.9,[0.23411251],6.9,0.6147243628535647,-2.0196451063559464
6.905,[0.2324512],6.905,0.6112071859523045,-1.993268556206464
6.91,[0.23081708],6.91,0.6076900090510444,-2.00041828246214
6.915,[0.22920746],6.915,0.6041728321497843,-2.0019687910016835
6.92,[0.22761711],6.92,0.600264857815051,-1.997361437889967
6.925,[0.2260443],6.925,0.5969430796305276,-1.965916366528747
6.93,[0.22449025],6.93,0.5926443078623208,-1.9632265368426811
6.9350000000000005,[0.22295051],6.9350000000000005,0.5879547386606407,-1.9803308560212705
6.94,[0.22141861],6.94,0.584242163042644,-1.9404578025069474
6.945,[0.21989458],6.945,0.5811157835748574,-1.9367537557318097
6.95,[0.21837858],6.95,0.5775986066735972,-1.9298010616841328
6.955,[0.21686561],6.955,0.5729090374719171,-1.940042326003314
6.96,[0.21534905],6.96,0.5691964618539204,-1.9221938223672925
6.965,[0.21382872],6.965,0.566460879819607,-1.8860471404647536
6.97,[0.21230986],6.97,0.5627483042016103,-1.8776875709644834
6.9750000000000005,[0.21079704],6.9750000000000005,0.5590357285836136,-1.8435316597490363
6.98,[0.20929421],6.98,0.5557139503990901,-1.8422191353242428
6.985,[0.20780473],6.985,0.5525875709313035,-1.814615832898741
6.99,[0.20633142],6.99,0.5490703940300434,-1.814747041025319
6.995,[0.20487662],6.995,0.5459440145622566,-1.78881606766466
7.0,[0.20344222],7.0,0.5420360402275233,-1.7878023351861705
7.005,[0.20202745],7.005,0.5385188633262632,-1.7846766202477837
7.01,[0.20062926],7.01,0.5350016864250031,-1.7785842957859974
7.015000000000001,[0.19924738],7.015000000000001,0.5318753069572164,-1.7495451035696874
7.0200000000000005,[0.19788376],7.0200000000000005,0.5281627313392196,-1.7460053503652433
7.025,[0.1965378],7.025,0.5252317505881696,-1.7433941888210034
7.03,[0.19520886],7.03,0.5219099724036462,-1.714533623895275
7.035,[0.19389853],7.035,0.5181973967856495,-1.7111778660380808
7.04,[0.192608],7.04,0.5152664160345994,-1.6865700371233554
7.045,[0.19133813],7.045,0.5109676442663927,-1.6818102475140353
7.05,[0.19008737],7.05,0.5074504673651327,-1.6774718510438866
7.055,[0.18885217],7.055,0.5039332904638726,-1.6705593589344598
7.0600000000000005,[0.18762945],7.0600000000000005,0.4998299174124025,-1.6589746745851492
7.065,[0.18641866],7.065,0.49689893666135243,-1.6306942481660431
7.07,[0.1852213],7.07,0.4931863610433557,-1.625341690743928
7.075,[0.18403654],7.075,0.4894737854253589,-1.6175244731870635
7.08,[0.18286161],7.08,0.4859566085240989,-1.6088244857594745
7.085,[0.18169414],7.085,0.4818532354726288,-1.5958605276875164
7.09,[0.18053221],7.09,0.4781406598546321,-1.583898999945837
7.095,[0.17937621],7.095,0.47462348295337203,-1.5519601417413866
7.1000000000000005,[0.17822849],7.1000000000000005,0.4707155086186386,-1.5439759352553735
7.105,[0.17708721],7.105,0.4668075342839052,-1.553423231257432
7.11,[0.17595083],7.11,0.4638765535328551,-1.5446344342180998
7.115,[0.17482198],7.115,0.45977318048138505,-1.5445622672606796
7.12,[0.17370105],7.12,0.456256003580125,-1.5047571988197406
7.125,[0.17258841],7.125,0.45215263052865495,-1.4882548894485632
7.13,[0.1714845],7.13,0.4478538587604482,-1.4707205398107186
7.135,[0.17038795],7.135,0.4443366818591881,-1.456779675879727
7.140000000000001,[0.1692978],7.140000000000001,0.44042870752445473,-1.4406949233604007
7.1450000000000005,[0.16821344],7.1450000000000005,0.43671613190645797,-1.4253398608730954
7.15,[0.16713618],7.15,0.43398054987214457,-1.3973982792779391
7.155,[0.16606898],7.155,0.42968177810393793,-1.3842333896830434
7.16,[0.1650128],7.16,0.4259692024859411,-1.3722212988799936
7.165,[0.16396698],7.165,0.42186582943447104,-1.3569673907458453
7.17,[0.16293115],7.17,0.41815325381647434,-1.3426650102035536
7.175,[0.16190522],7.175,0.4144406781984775,-1.3276903563242721
7.18,[0.16088932],7.18,0.41072810258048087,-1.312085058350004
7.1850000000000005,[0.15988513],7.1850000000000005,0.4077971218294308,-1.2854713928398842
7.19,[0.15889554],7.19,0.4042799449281707,-1.2750534064015835
7.195,[0.15792173],7.195,0.4013489641771207,-1.2660187874486413
7.2,[0.15696463],7.2,0.3976363885591239,-1.2383640774610325
7.205,[0.15602517],7.205,0.39275142064070717,-1.2349694924682695
7.21,[0.15510168],7.21,0.38825725015576373,-1.2143358378823468
7.215,[0.15419288],7.215,0.3851308706879771,-1.2002329572702704
7.22,[0.15330018],7.22,0.3814182950699803,-1.1712719475835256
7.2250000000000005,[0.15242599],7.2250000000000005,0.3780965168854569,-1.1597579342532163
7.23,[0.15157129],7.23,0.3747747387009336,-1.1469373028186616
7.235,[0.15073689],7.235,0.37145296051641014,-1.1225571919016644
7.24,[0.14992548],7.24,0.36793578361515006,-1.1002074378165156
7.245,[0.14913928],7.245,0.36422320799715335,-1.08899399591791
7.25,[0.14837822],7.25,0.35972903751220986,-1.071615517769194
7.255,[0.1476414],7.255,0.3560164618942132,-1.0561709067761167
7.26,[0.14692816],7.26,0.35171769012600645,-1.0367328864112397
7.265000000000001,[0.1462374],7.265000000000001,0.346637323490853,-1.0199946715519967
7.2700000000000005,[0.14556831],7.2700000000000005,0.34331554530632963,-0.9947296920636234
7.275,[0.14492101],7.275,0.3388213748213862,-0.9800062466653767
7.28,[0.14429564],7.28,0.33589039407033616,-0.9579315511981089
7.285,[0.14369279],7.285,0.3319824197356028,-0.9399130344455413
7.29,[0.14311292],7.29,0.3280744454008694,-0.9218320674483351
7.295,[0.14255618],7.295,0.32475266721634594,-0.9009022069873688
7.3,[0.14202249],7.3,0.3198676992979292,-0.8854674261651411
7.305,[0.14150999],7.305,0.31576432624645917,-0.8720875613055117
7.3100000000000005,[0.14101682],7.3100000000000005,0.3122471493451991,-0.8487760241102943
7.315,[0.14054218],7.315,0.30814377629372897,-0.8365570542072925
7.32,[0.1400851],7.32,0.3042358019589956,-0.8119140479384825
7.325,[0.13964559],7.325,0.3007186250577355,-0.7912550783822953
7.33,[0.13922339],7.33,0.29622445457279206,-0.779094822534042
7.335,[0.13881699],7.335,0.2923164802380587,-0.7555128583447883
7.34,[0.13842547],7.34,0.28821310718658855,-0.7383159076131827
7.345,[0.13804793],7.345,0.2845005315685919,-0.7223602360539892
7.3500000000000005,[0.13768299],7.3500000000000005,0.2809833546673318,-0.706718528575264
7.355,[0.137329],7.355,0.2759029880321784,-0.6877702485900778
7.36,[0.13698461],7.36,0.2729720072811283,-0.6673818412496785
7.365,[0.13664966],7.365,0.2694548303798682,-0.6506592710829273
7.37,[0.13632411],7.37,0.2663284509120815,-0.6354683052273137
7.375,[0.13600761],7.375,0.2632020714442948,-0.6199126968064356
7.38,[0.13570028],7.38,0.2592940971095614,-0.5968194361888922
7.385,[0.13540264],7.385,0.2551907240580913,-0.5773609837221139
7.390000000000001,[0.13511518],7.390000000000001,0.2514781484400946,-0.5560338010738621
7.3950000000000005,[0.13483826],7.3950000000000005,0.24796097153883453,-0.5397977279707906
7.4,[0.13457199],7.4,0.2436621997706278,-0.5190470559089511
7.405,[0.13431623],7.405,0.23936342800242105,-0.4977495779432244
7.41,[0.13407111],7.41,0.23584625110116098,-0.47799397852060227
7.415,[0.133837],7.415,0.23154747933295422,-0.45706867809782953
7.42,[0.13361402],7.42,0.22744410628148415,-0.4367325522966667
7.425,[0.13340211],7.425,0.22334073323001408,-0.41610694415828703
7.43,[0.13320124],7.43,0.2194327588952807,-0.39631913341506786
7.4350000000000005,[0.13301143],7.4350000000000005,0.2155247845605473,-0.3764226812632828
7.44,[0.13283267],7.44,0.21161681022581388,-0.35649333297830893
7.445,[0.13266498],7.445,0.20770883589108044,-0.33654150944306627
7.45,[0.13250837],7.45,0.20419165898982042,-0.3180870094919251
7.455,[0.13236286],7.455,0.20047908337182369,-0.2994313409507032
7.46,[0.13222835],7.46,0.19657110903709027,-0.27975982836198426
7.465,[0.13210464],7.465,0.19129534368520015,-0.2535914416112448
7.47,[0.13199148],7.47,0.18777816678394008,-0.23563025770634194
7.4750000000000005,[0.13188864],7.4750000000000005,0.18347939501573338,-0.2138907818042399
7.48,[0.13179585],7.48,0.18074381298141998,-0.19989319320103738
7.485,[0.13171309],7.485,0.1768358386466866,-0.1770722479399679
7.49,[0.13164114],7.49,0.17234166816174315,-0.1491199766285591
7.495,[0.13158161],7.495,0.16784749767679974,-0.12072627096527025
7.5,[0.13153602],7.5,0.16393952334206632,-0.10082883917711706
7.505,[0.13150547],7.505,0.16042234644080625,-0.07726788783475072
7.51,[0.13149151],7.51,0.1563189733893362,-0.05170178704843962
7.515000000000001,[0.13149592],7.515000000000001,0.15260639777133944,-0.028889833045742948
7.5200000000000005,[0.13152021],7.5200000000000005,0.14869842343660605,-0.005992309813826357
7.525,[0.13156552],7.525,0.14557204396881931,0.012058599924844959
7.53,[0.13163309],7.53,0.1416640696340859,0.03937161045501447
7.535,[0.1317242],7.535,0.1379514940160892,0.05685118427953929
7.54,[0.13183945],7.54,0.13423891839809246,0.07971607427162752
7.545,[0.13197825],7.545,0.13169873508051574,0.08410639462064017
7.55,[0.13213818],7.55,0.12935395047967568,0.08960034773078614
7.555,[0.13231624],7.555,0.126813767162099,0.10236986011113049
7.5600000000000005,[0.13251044],7.5600000000000005,0.12388278641104894,0.11631666964829088
7.565,[0.13271913],7.565,0.12153800181020889,0.12681227269281045
7.57,[0.13294048],7.57,0.11919321720936885,0.13635559261410374
7.575,[0.13317251],7.575,0.11704383132526547,0.14493949066293
7.58,[0.13341315],7.58,0.11489444544116212,0.152949763177888
7.585,[0.13366051],7.585,0.11274505955705873,0.16330711978770288
7.59,[0.1339129],7.59,0.11118186982316537,0.16714314514901782
7.595,[0.13416807],7.595,0.11000947752274534,0.16735355331480267
7.6000000000000005,[0.13442362],7.6000000000000005,0.10864168650558867,0.1734978866605212
7.605,[0.13467751],7.605,0.1076646929219053,0.17313814681166126
7.61,[0.13492751],7.61,0.10688309805495863,0.17282789732887144
7.615,[0.13517115],7.615,0.10610150318801194,0.17156116491038043
7.62,[0.13540608],7.62,0.10571070575453859,0.1702863943517674
7.625,[0.13563037],7.625,0.10512450960432859,0.17050308661161942
7.63,[0.13584252],7.63,0.10492911088759192,0.16921401002277206
7.635,[0.13604134],7.635,0.10473371217085524,0.16738212486128698
7.640000000000001,[0.13622584],7.640000000000001,0.10473371217085524,0.16449283456499894
7.6450000000000005,[0.13639515],7.6450000000000005,0.10492911088759192,0.16083370420235812
7.65,[0.13654868],7.65,0.10492911088759192,0.15958655168877556
7.655,[0.13668606],7.655,0.10512450960432859,0.15550202969312354
7.66,[0.13680661],7.66,0.10551530703780194,0.14765373587601532
7.665,[0.13690927],7.665,0.10610150318801194,0.14156112348055
7.67,[0.13699322],7.67,0.10649230062148528,0.1364092444758302
7.675,[0.13705779],7.675,0.10688309805495863,0.13075088470796722
7.68,[0.13710229],7.68,0.10727389548843196,0.1249250861006315
7.6850000000000005,[0.13712596],7.6850000000000005,0.1076646929219053,0.11879919987019323
7.69,[0.13712851],7.69,0.10825088907211532,0.11734967072271199
7.695,[0.13711014],7.695,0.10883708522232532,0.10891172579908202
7.7,[0.13707103],7.7,0.10942328137253533,0.1072436258769307
7.705,[0.13701136],7.705,0.10981407880600867,0.09869982116198332
7.71,[0.13693062],7.71,0.11059567367295536,0.08878868861788179
7.715,[0.13682771],7.715,0.11118186982316537,0.08025371233696074
7.72,[0.13670077],7.72,0.11215886340684872,0.06138220579502316
7.7250000000000005,[0.13654737],7.7250000000000005,0.11274505955705873,0.05563569458206231
7.73,[0.13636614],7.73,0.11313585699053208,0.05041220959650256
7.735,[0.13615676],7.735,0.11372205314074207,0.04409666088766186
7.74,[0.13591996],7.74,0.1143082492909521,0.047986575757794664
7.745,[0.13565748],7.745,0.11469904672442544,0.039980424463337785
7.75,[0.13536908],7.75,0.11528524287463544,0.021366216890920782
7.755,[0.13505383],7.755,0.1156760403081088,0.028660331968013937
7.76,[0.13471316],7.76,0.11606683774158212,0.02232377364269467
7.765000000000001,[0.13434856],7.765000000000001,0.11645763517505547,0.01671971871118017
7.7700000000000005,[0.13395967],7.7700000000000005,0.1168484326085288,0.0014244923326454675
7.775,[0.13354561],7.775,0.11723923004200215,0.00024983860653332205
7.78,[0.13310707],7.78,0.11743462875873882,-0.0002688917239973084
7.785,[0.13264698],7.785,0.11743462875873882,0.009601749256779903
7.79,[0.13216916],7.79,0.11743462875873882,0.006744475638940214
7.795,[0.1316772],7.795,0.11743462875873882,0.013837190696037664
7.8,[0.13117445],7.8,0.11743462875873882,0.009458357445725485
7.805000000000001,[0.13066243],7.805000000000001,0.11743462875873882,-0.002012077305248525
7.8100000000000005,[0.13014196],7.8100000000000005,0.11743462875873882,0.0068877387561711925
7.815,[0.12961567],7.815,0.11763002747547549,0.004106717796408386
7.82,[0.12908687],7.82,0.11743462875873882,0.011303776983956279
7.825,[0.12855855],7.825,0.11743462875873882,0.008003700017754014
7.83,[0.12803282],7.83,0.11743462875873882,0.005652590544376595
7.835,[0.12751099],7.835,0.11763002747547549,0.003154702238453381
7.84,[0.12699501],7.84,0.11743462875873882,0.009072514581791292
7.845,[0.12648728],7.845,0.11763002747547549,0.0054466099407114174
7.8500000000000005,[0.12598942],7.8500000000000005,0.11743462875873882,0.004629259000556042
7.855,[0.12550241],7.855,0.11743462875873882,0.0035395548538736353
7.86,[0.12502765],7.86,0.11743462875873882,0.007390291520348127
7.865,[0.12456684],7.865,0.11743462875873882,0.005407527484534956
7.87,[0.12412101],7.87,0.11743462875873882,0.004096453621129366
7.875,[0.12369102],7.875,0.11743462875873882,0.006899932023616531
7.88,[0.12327794],7.88,0.11743462875873882,0.005096369936680933
7.885,[0.12288231],7.885,0.11743462875873882,0.003931804255354611
7.890000000000001,[0.12250425],7.890000000000001,0.11743462875873882,0.003214691105208815
7.8950000000000005,[0.12214384],7.8950000000000005,0.11743462875873882,0.0028341130677108643
7.9,[0.12180116],7.9,0.11743462875873882,0.0026757731731619707
7.905,[0.12147622],7.905,0.11743462875873882,0.002706372939697538
7.91,[0.12116888],7.91,0.11743462875873882,0.0013032803573462615
7.915,[0.12087898],7.915,0.11743462875873882,0.003555876219299264
7.92,[0.12060654],7.92,0.11743462875873882,0.0027329862062119674
7.925,[0.12035144],7.925,0.11743462875873882,0.0035979927001987063
7.930000000000001,[0.12011352],7.930000000000001,0.11743462875873882,0.0038900909165917566
7.9350000000000005,[0.11989266],7.9350000000000005,0.11743462875873882,0.005006670743483825
7.94,[0.11968879],7.94,0.11743462875873882,0.005900433283985845
7.945,[0.11950211],7.945,0.11743462875873882,0.009796881061858574
7.95,[0.11933351],7.95,0.11743462875873882,0.015343566926449587
7.955,[0.11918555],7.955,0.11743462875873882,0.03207026230111122
7.96,[0.1190634],7.96,0.11763002747547549,0.049870516684520125
7.965,[0.11897576],7.965,0.11743462875873882,0.08781454525007942
7.97,[0.11893183],7.97,0.11743462875873882,0.08386416989116569
7.9750000000000005,[0.11893773],7.9750000000000005,0.11763002747547549,0.10432574890099107
7.98,[0.11900047],7.98,0.11763002747547549,0.12692688105142286
7.985,[0.11912969],7.985,0.11782542619221216,0.14986105368465039
7.99,[0.11933591],7.99,0.11802082490894884,0.17461577897084768
7.995,[0.11963058],7.995,0.11841162234242215,0.2000427348548795
8.0,[0.12002622],8.0,0.11880241977589551,0.22647241751851974
8.005,[0.12053143],8.005,0.11938861592610552,0.21046260513427908
8.01,[0.12115656],8.01,0.12017021079305219,0.28566324792691206
8.015,[0.12191733],8.015,0.12095180565999888,0.26500147330944973
8.02,[0.12282329],8.02,0.1221241979604189,0.2934205769989367
8.025,[0.12387838],8.025,0.12310119154410225,0.2770146209975162
8.03,[0.12509481],8.03,0.12446898256125893,0.33339736048802204
8.035,[0.12650054],8.035,0.12622757101188897,0.3330861869085001
8.040000000000001,[0.12812244],8.040000000000001,0.12779076074578233,0.3260037373586435
8.045,[0.1299893],8.045,0.1301355453466224,0.22110855478104632
8.05,[0.13213898],8.05,0.1318941337972524,0.2226381529331862
8.055,[0.13459619],8.055,0.13404351968135578,0.23234913338057997
8.06,[0.13737312],8.06,0.13619290556545915,0.2446757896551209
8.065,[0.14046769],8.065,0.13814689273282588,0.252149141170098
8.07,[0.14386484],8.07,0.14068707605040257,0.24270724390182438
8.075,[0.14756281],8.075,0.14303186065124263,0.26541587370659675
8.08,[0.15157092],8.08,0.14518124653534598,0.28728982306687034
8.085,[0.15589474],8.085,0.1485030247198694,0.3018477312898764
8.09,[0.1605225],8.09,0.15123860675418274,0.27404673172302674
8.095,[0.16542734],8.095,0.15416958750523282,0.30126191681278647
8.1,[0.17060951],8.1,0.15788216312322959,0.36443270063686906
8.105,[0.17607856],8.105,0.16120394130775295,0.3265881471775099
8.11,[0.18182476],8.11,0.16511191564248637,0.3867494154918503
8.115,[0.18783548],8.115,0.1682382951102731,0.350895964153704
8.120000000000001,[0.19408299],8.120000000000001,0.17214626944500647,0.3687532343285375
8.125,[0.20053992],8.125,0.17624964249647657,0.38442879966240207
8.13,[0.20719265],8.13,0.17976681939773664,0.4019828608721304
8.135,[0.21401369],8.135,0.18250240143205002,0.38148320238325156
8.14,[0.22096434],8.14,0.1864103757667834,0.4087364194933216
8.145,[0.22802209],8.145,0.18934135651783346,0.4371791422680223
8.15,[0.23516596],8.15,0.19285853341909354,0.41964615759768203
8.155,[0.24236417],8.155,0.1969619064705636,0.4500809020901283
8.16,[0.24960114],8.16,0.20028368465508697,0.4805836702202685
8.165000000000001,[0.25687584],8.165000000000001,0.2043870577065571,0.5052574648835177
8.17,[0.26418816],8.17,0.20927202562497385,0.5254608424814219
8.175,[0.2715534],8.175,0.2133753986764439,0.5948741626438078
8.18,[0.27898707],8.18,0.2166971768609673,0.5670603625808016
8.185,[0.28649305],8.185,0.22138674606264738,0.6434169537048043
8.19,[0.29407807],8.19,0.22509932168064412,0.6139971513415452
8.195,[0.30173528],8.195,0.22881189729864085,0.6501339511334373
8.2,[0.30946193],8.2,0.23193827676642756,0.6885677270605094
8.205,[0.31725707],8.205,0.23526005495095098,0.6708425928529821
8.21,[0.32510605],8.21,0.23858183313547435,0.7206308690128369
8.215,[0.3330151],8.215,0.24327140233715447,0.7595930705595447
8.22,[0.34099088],8.22,0.24639778180494118,0.7447915902386122
8.225,[0.34902384],8.225,0.2506965535731479,0.7950142042080446
8.23,[0.35710704],8.23,0.2538229330409346,0.784978428553122
8.235,[0.36523553],8.235,0.25831710352587806,0.8389468490054615
8.24,[0.3734243],8.24,0.2624204765773481,0.8862993185120599
8.245000000000001,[0.3817044],8.245000000000001,0.2661330521953449,0.9279594578234723
8.25,[0.39011921],8.25,0.27082262139702495,1.018997264583068
8.255,[0.3987205],8.255,0.27414439958154835,1.0338560062382578
8.26,[0.40754558],8.26,0.2786385700664918,1.0996501432741776
8.265,[0.41661739],8.265,0.2827419431179618,1.0943156260045959
8.27,[0.42591395],8.27,0.28567292386901194,1.0484844149504091
8.275,[0.43537664],8.275,0.28938549948700865,1.0731096878017736
8.28,[0.44496646],8.28,0.292707277671532,1.0986553944413937
8.285,[0.45464662],8.285,0.29583365713931875,1.076094715961264
8.290000000000001,[0.46436729],8.290000000000001,0.30032782762426213,1.1109214863316297
8.295,[0.47411346],8.295,0.3044312006757322,1.1924366750388087
8.3,[0.48390044],8.3,0.309316168594149,1.2068513772637954
8.305,[0.49371138],8.305,0.3130287442121457,1.1820933845525212
8.31,[0.50350318],8.31,0.3165459211134058,1.2233837126541827
8.315,[0.51325532],8.315,0.32006309801466587,1.2632695155585438
8.32,[0.52295181],8.32,0.32318947748245264,1.2534078056426203
8.325,[0.53258133],8.325,0.327097451817186,1.3529457326980399
8.33,[0.54215146],8.33,0.33081002743518273,1.332863903476276
8.335,[0.55165526],8.335,0.33413180561970607,1.3804130704531317
8.34,[0.56108978],8.34,0.33764898252096615,1.424457532316026
8.345,[0.57047133],8.345,0.34136155813896296,1.465403196008087
8.35,[0.57981743],8.35,0.3450741337569596,1.5052981527342484
8.355,[0.58912946],8.355,0.34839591194148306,1.4892463145721397
8.36,[0.59841275],8.36,0.35289008242642644,1.5985315516861478
8.365,[0.60771088],8.365,0.35718885419463325,1.6302222321384996
8.370000000000001,[0.61706428],8.370000000000001,0.36090142981262996,1.6654088462448442
8.375,[0.62647338],8.375,0.36441860671389,1.6390607472553496
8.38,[0.6359212],8.38,0.3685219797653601,1.6899587206925788
8.385,[0.64539419],8.385,0.37203915666662013,1.6744401943043208
8.39,[0.65488115],8.39,0.37555633356788015,1.7358580231876641
8.395,[0.66439204],8.395,0.3786827130356669,1.7902764832648428
8.4,[0.67393481],8.4,0.3818090925034536,1.7742937705144954
8.405,[0.68351497],8.405,0.38591246555492376,1.892571659953719
8.41,[0.69315488],8.41,0.3894296424561838,1.8616419521433403
8.415000000000001,[0.70285244],8.415000000000001,0.3937284142243905,1.9051038487144398
8.42,[0.71260301],8.42,0.3974409898423873,1.9451746377633015
8.425,[0.72241833],8.425,0.401153565460384,1.9803553453649936
8.43,[0.73230478],8.43,0.4042799449281707,2.0149489397045324
8.435,[0.74226393],8.435,0.4077971218294308,2.0454202154790595
8.44,[0.7522765],8.44,0.4111189000139542,2.019764806765142
8.445,[0.76230608],8.445,0.4150268743486876,2.0623452167750447
8.45,[0.77233597],8.45,0.419521044833631,2.0963255495342916
8.455,[0.78236607],8.455,0.42284282301815435,2.131710163379667
8.46,[0.79239331],8.46,0.42655539863615116,2.162422095548611
8.465,[0.80241234],8.465,0.43026797425414787,2.190871525746846
8.47,[0.81241574],8.47,0.43417594858888126,2.2163686909550777
8.475,[0.82239409],8.475,0.4382793216403513,2.2392434068388387
8.48,[0.83232245],8.48,0.4417964985416114,2.2183324315302113
8.485,[0.84217642],8.485,0.44668146646002815,2.292393191854909
8.49,[0.85194695],8.49,0.44961244721107824,2.2717126299657315
8.495000000000001,[0.86159892],8.495000000000001,0.45273882667886495,2.264356529183641
8.5,[0.87108845],8.5,0.456256003580125,2.305916631746429
8.505,[0.88040364],8.505,0.46016397791485847,2.339097522924055
8.51,[0.88954653],8.51,0.46407195224959186,2.3673240464825036
8.515,[0.89851829],8.515,0.46778452786758856,2.3927546662634884
8.52,[0.90731934],8.52,0.47188790091905863,2.4131686797979737
8.525,[0.91593887],8.525,0.47462348295337203,2.442152660682336
8.53,[0.92435681],8.53,0.4781406598546321,2.4508450820909813
8.535,[0.93256657],8.535,0.4822440329061022,2.4690431128130097
8.540000000000001,[0.94056319],8.540000000000001,0.48537041237388884,2.5658815615491206
8.545,[0.94834156],8.545,0.490059981575569,2.5038343217805896
8.55,[0.95590667],8.55,0.4935771584768291,2.603661076454106
8.555,[0.96325416],8.555,0.4970943353780891,2.6228177284749066
8.56,[0.9703799],8.56,0.5011977084295592,2.640208010148665
8.565,[0.9772892],8.565,0.5051056827642926,2.6586343777901402
8.57,[0.98399415],8.57,0.5095998532492361,2.6403086572115884
8.575000000000001,[0.99051265],8.575000000000001,0.5129216314337594,2.675903084919313
8.58,[0.99684631],8.58,0.5168296057684928,2.707249466499683
8.585,[1.00299076],8.585,0.5213237762534362,2.706160060335694
8.59,[1.00895165],8.59,0.5244501557212229,2.7281883061457206
8.595,[1.01472957],8.595,0.5283581300559563,2.738758145250015
8.6,[1.02032117],8.6,0.5320707056739531,2.7349790186793648
8.605,[1.02573503],8.605,0.5363694774421598,2.7509145222548823
8.61,[1.03099021],8.61,0.5396912556266832,2.761181497220198
8.615,[1.03610829],8.615,0.5449670209785733,2.7406231423793788
8.620000000000001,[1.04112244],8.620000000000001,0.5488749953133067,2.736421327351282
8.625,[1.0460565],8.625,0.5518059760643568,2.7754410896959185
8.63,[1.05091746],8.63,0.5549323555321435,2.7674214268216364
8.635,[1.05572602],8.635,0.5588403298668769,2.740786365179272
8.64,[1.06051489],8.64,0.562357506768137,2.702531521861698
8.645,[1.06530474],8.645,0.5656792849526604,2.773275325536782
8.65,[1.07010526],8.65,0.5693918605706572,2.7163740176545024
8.655,[1.07492744],8.655,0.5729090374719171,2.779333774938156
8.66,[1.07978344],8.66,0.5770124105233871,2.728132970872888
8.665000000000001,[1.08470081],8.665000000000001,0.5805295874246473,2.761364072704442
8.67,[1.08972065],8.67,0.5844375617593808,2.790910660870416
8.675,[1.09488225],8.675,0.5883455360941141,2.8184559783569596
8.68,[1.10020592],8.68,0.5926443078623208,2.7882431832985217
8.685,[1.10567794],8.685,0.5967476809137909,2.7708016600517187
8.69,[1.1112704],8.69,0.601437250115471,2.759294777628792
8.695,[1.11695931],8.695,0.604954427016731,2.787137467816625
8.700000000000001,[1.12272418],8.700000000000001,0.6088624013514644,2.814097230699171
8.705,[1.12856542],8.705,0.6133565718364078,2.8246913325886847
8.71,[1.13451916],8.71,0.6178507423213512,2.872513627839062
8.715,[1.14061593],8.715,0.621563317939348,2.8543983344799497
8.72,[1.14686294],8.72,0.6266436845745015,2.8987302546150406
8.725,[1.15328292],8.725,0.6303562601924982,2.939614228469088
8.73,[1.15989279],8.73,0.6336780383770215,2.9151794329187135
8.735,[1.16666791],8.735,0.6375860127117551,2.9000862495459767
8.74,[1.1735846],8.74,0.641689385763225,2.9517363536521284
8.745000000000001,[1.18065563],8.745000000000001,0.6455973600979584,2.9926005017628716
8.75,[1.1879057],8.75,0.6498961318661652,3.022914699475466
8.755,[1.19535108],8.755,0.6538041062008986,3.0495889429925027
8.76,[1.20300074],8.76,0.6581028779691054,3.070850684991423
8.765,[1.21087368],8.765,0.6641602381879422,3.134988579389069
8.77,[1.21901294],8.77,0.6686544086728856,3.1886961908487406
8.775,[1.22744856],8.775,0.6729531804410924,3.1796926693981167
8.78,[1.23616766],8.78,0.6762749586256158,3.1841736141354575
8.785,[1.24512276],8.785,0.6797921355268758,3.1438757591776056
8.790000000000001,[1.25425432],8.790000000000001,0.683309312428136,3.1747948329722964
8.795,[1.26352453],8.795,0.6874126854796059,3.202692923495275
8.8,[1.27291457],8.8,0.6911252610976026,3.2321411725035887
8.805,[1.28239133],8.805,0.6946424379988627,3.212147930307387
8.81,[1.29191018],8.81,0.6983550136168594,3.2560037263625468
8.815,[1.30144789],8.815,0.7020675892348561,3.2958121146955146
8.82,[1.31099957],8.82,0.7061709622863263,3.3303170814012097
8.825000000000001,[1.32057574],8.825000000000001,0.7114467276382163,3.4064976128671716
8.83,[1.33021485],8.83,0.716331695556633,3.468811937000881
8.835,[1.33994846],8.835,0.7202396698913666,3.475174867695796
8.84,[1.3497719],8.84,0.7237568467926265,3.4904117508507824
8.845,[1.35968029],8.845,0.7284464159943067,3.555390024581036
8.85,[1.36968376],8.85,0.7327451877625135,3.5617189503176876
8.855,[1.3797747],8.855,0.7362623646637734,3.5785421811880593
8.86,[1.38993043],8.86,0.7397795415650336,3.6005214171432196
8.865,[1.40013094],8.865,0.743687515899767,3.6240065171898905
8.870000000000001,[1.4103434],8.870000000000001,0.747204692801027,3.601693615828247
8.875,[1.42053959],8.875,0.7515034645692338,3.6911322454330633
8.88,[1.43072564],8.88,0.7559976350541772,3.7121336433742624
8.885,[1.4409211],8.885,0.7608826029725938,3.7813055339051567
8.89,[1.4511558],8.89,0.7661583683244839,3.8345302445008462
8.895,[1.46145291],8.895,0.7708479375261642,3.8326503985599114
8.9,[1.47180012],8.9,0.7753421080111076,3.839376751439016
8.905,[1.48217033],8.905,0.7792500823458409,3.8548088766807638
8.91,[1.492539],8.91,0.782767259247101,3.8762680135535295
8.915000000000001,[1.5028841],8.915000000000001,0.7866752335818344,3.898286817405663
8.92,[1.51319955],8.92,0.7911694040667778,3.9640320243757343
8.925,[1.52349265],8.925,0.7956635745517212,3.972717717013905
8.93,[1.5337679],8.93,0.800548542470138,4.0274674888361695
8.935,[1.54402742],8.935,0.8048473142383447,4.032242933020583
8.94,[1.55425862],8.94,0.8085598898563414,4.046063130393095
8.945,[1.56443692],8.945,0.8132494590580216,4.059709025650576
8.950000000000001,[1.57454127],8.950000000000001,0.8173528321094915,4.0791100067944885
8.955,[1.58455387],8.955,0.8214562051609617,4.100471597888407
8.96,[1.59445985],8.96,0.8251687807789585,4.124632830865347
8.965,[1.60424683],8.965,0.8292721538304285,4.147385478583253
8.97,[1.61391675],8.97,0.8337663243153719,4.20809763613276
8.975,[1.62349532],8.975,0.838455893517052,4.255071649575991
8.98,[1.63299193],8.98,0.8421684691350487,4.220636660355986
8.985,[1.64238983],8.985,0.8474442344869388,4.271594620333338
8.99,[1.65168583],8.99,0.8515476075384089,4.279763438753132
8.995000000000001,[1.66087697],8.995000000000001,0.8556509805898791,4.291120206489835
9.0,[1.66994894],9.0,0.859754353641349,4.304850313530883
9.005,[1.67888968],9.005,0.8642485241262925,4.318239366083858
9.01,[1.68768928],9.01,0.8671795048773426,4.339992903188973
9.015,[1.69633967],9.015,0.8716736753622859,4.35435908954363
9.02,[1.7048445],9.02,0.8759724471304927,4.402719444297342
9.025,[1.71321707],9.025,0.8802712188986994,4.407463065299214
9.03,[1.72145841],9.03,0.8841791932334329,4.416750817784033
9.035,[1.72955935],9.035,0.8890641611518495,4.422787949597135
9.040000000000001,[1.7375213],9.040000000000001,0.8935583316367929,4.461268487171431
9.045,[1.74534537],9.045,0.8966847111045797,4.484139004780951
9.05,[1.75302259],9.05,0.900592685439313,4.4807422184894685
9.055,[1.76054512],9.055,0.9048914572075198,4.557747505088526
9.06,[1.7678983],9.06,0.90899483025899,4.5787129812837755
9.065,[1.7750779],9.065,0.91309820331046,4.5441667617249495
9.07,[1.78209749],9.07,0.9183739686623502,4.580033437564426
9.075000000000001,[1.78896162],9.075000000000001,0.9222819429970835,4.610408340437631
9.08,[1.7956679],9.08,0.9269715121987636,4.629553606260019
9.085,[1.80221621],9.085,0.9308794865334971,4.648224780726518
9.09,[1.80860836],9.09,0.9343966634347571,4.666049363420112
9.095,[1.81484778],9.095,0.9390862326364372,4.676004562744983
9.1,[1.82093927],9.1,0.9429942069711705,4.688317412989502
9.105,[1.82688871],9.105,0.9465113838724306,4.70142652545622
9.11,[1.83270292],9.11,0.9506147569239006,4.71065209578912
9.115,[1.8383894],9.115,0.9547181299753709,4.718946442215609
9.120000000000001,[1.84396402],9.120000000000001,0.9588215030268408,4.68931413402892
9.125,[1.84944953],9.125,0.9627294773615743,4.711765141834547
9.13,[1.85485868],9.13,0.9672236478465177,4.724937659393581
9.135,[1.86019554],9.135,0.971131622181251,4.7370253861587726
9.14,[1.86547241],9.14,0.9756257926661944,4.697438749775303
9.145,[1.87070841],9.145,0.9799245644344012,4.722874372404324
9.15,[1.8759125],9.15,0.9840279374858714,4.740333910579017
9.155,[1.88108496],9.155,0.9875451143871313,4.755389467983072
9.16,[1.88623443],9.16,0.9926254810222849,4.709460348421804
9.165000000000001,[1.89137649],9.165000000000001,0.9965334553570182,4.738607850545933
9.17,[1.89651663],9.17,1.000832227125225,4.756186024739087
9.175,[1.90165167],9.175,1.0045448027432218,4.771128105027577
9.18,[1.90677897],9.18,1.0082573783612183,4.783122362848748
9.185,[1.91188842],9.185,1.0113837578290052,4.809672960775276
9.19,[1.91696361],9.19,1.0154871308804754,4.814448371624673
9.195,[1.92199841],9.195,1.0191997064984721,4.820399926723025
9.200000000000001,[1.92698754],9.200000000000001,1.0225214846829955,4.823513507075657
9.205,[1.93192565],9.205,1.0279926487516222,4.8225708910031475
9.21,[1.93682182],9.21,1.032291420519829,4.828012131819844
9.215,[1.94168212],9.215,1.036394793571299,4.8333569478754725
9.22,[1.94650237],9.22,1.040498166622769,4.837243005394051
9.225,[1.951277],9.225,1.044601539674239,4.839185247967196
9.23,[1.95599949],9.23,1.0485095140089724,4.840313962039135
9.235,[1.9606628],9.235,1.0528082857771792,4.838018544427032
9.24,[1.96526521],9.24,1.0567162601119127,4.848584824486267
9.245000000000001,[1.96980468],9.245000000000001,1.060038038296436,4.831526922655075
9.25,[1.97426885],9.25,1.064923006214853,4.826758924790438
9.255,[1.97865307],9.255,1.0682447843993763,4.850195519586236
9.26,[1.9829597],9.26,1.0713711638671628,4.827235131510429
9.265,[1.98718153],9.265,1.0752791382018962,4.830784483668664
9.27,[1.99130857],9.27,1.079577909970103,4.799791024049299
9.275,[1.99533384],9.275,1.0830950868713631,4.8148340733008395
9.28,[1.99925848],9.28,1.0870030612060964,4.824039227524105
9.285,[2.00309051],9.285,1.09032483939062,4.833337957945533
9.290000000000001,[2.00683851],9.290000000000001,1.0942328137253534,4.837754698617344
9.295,[2.01051136],9.295,1.0977499906266135,4.842558337160033
9.3,[2.01412381],9.3,1.1020487623948203,4.861919269309552
9.305,[2.01768956],9.305,1.1053705405793435,4.83840165964876
9.31,[2.02120978],9.31,1.1084969200471304,4.844962514639185
9.315,[2.02468641],9.315,1.1129910905320737,4.84357398096642
9.32,[2.02812191],9.32,1.1165082674333338,4.815690056548037
9.325000000000001,[2.03150735],9.325000000000001,1.1196346469011205,4.79224586735126
9.33,[2.03483603],9.33,1.1229564250856439,4.814690484509172
9.335,[2.03810898],9.335,1.1262782032701673,4.790861546103452
9.34,[2.04132788],9.34,1.1307723737551107,4.807812338720076
9.345,[2.04450094],9.345,1.1350711455233173,4.816730668898574
9.35,[2.04764164],9.35,1.1397607147249975,4.817909432482581
9.355,[2.05076186],9.355,1.144254885209941,4.816616820204265
9.36,[2.05387185],9.36,1.1485536569781476,4.814002796272716
9.365,[2.05698624],9.365,1.1538294223300378,4.820715656711891
9.370000000000001,[2.06012303],9.370000000000001,1.1571512005145612,4.817349652060388
9.375,[2.06329095],9.375,1.1604729786990846,4.813987980539805
9.38,[2.06649066],9.38,1.1645763517505545,4.807102168279996
9.385,[2.06971616],9.385,1.1680935286518146,4.779010490331424
9.39,[2.07296168],9.39,1.1727830978534948,4.799363428453169
9.395,[2.07623317],9.395,1.1763002747547546,4.795360800658928
9.4,[2.07954043],9.4,1.180403647806225,4.801425686965119
9.405,[2.08289064],9.405,1.1847024195744316,4.792825739702492
9.41,[2.08628315],9.41,1.1886103939091652,4.785506362334247
9.415000000000001,[2.08970549],9.415000000000001,1.1925183682438982,4.7544929790224675
9.42,[2.09314101],9.42,1.1958401464284218,4.757882297520185
9.425,[2.09658041],9.425,1.199357323329682,4.75876580015252
9.43,[2.10002055],9.43,1.203460696381152,4.755545650964679
9.435,[2.10345809],9.435,1.2065870758489385,4.756073830009053
9.44,[2.10688456],9.44,1.210495050183672,4.721481099920362
9.445,[2.11028732],9.445,1.213621429651459,4.730584427042402
9.450000000000001,[2.11366521],9.450000000000001,1.2187017962866122,4.753370882934275
9.455,[2.11702663],9.455,1.2222189731878725,4.746680814117247
9.46,[2.12036864],9.46,1.2257361500891324,4.711006980778686
9.465,[2.12367893],9.465,1.2290579282736558,4.714655114400739
9.47,[2.12694715],9.47,1.233552098758599,4.676877598384233
9.475,[2.13016473],9.475,1.2368738769431225,4.687387442521738
9.48,[2.1333292],9.48,1.2400002564109094,4.6943368563075945
9.485,[2.13644319],9.485,1.2439082307456428,4.694118450154667
9.49,[2.13950911],9.49,1.2474254076469027,4.693721331174598
9.495000000000001,[2.14252496],9.495000000000001,1.2509425845481628,4.6587383358566665
9.5,[2.14548504],9.5,1.2552413563163693,4.662117012342672
9.505,[2.14839338],9.505,1.2593447293678397,4.692462278227431
9.51,[2.15125799],9.51,1.2632527037025731,4.651809597119414
9.515,[2.15407349],9.515,1.26637908317036,4.620810094439039
9.52,[2.15683565],9.52,1.26989626007162,4.663219663221739
9.525,[2.15954966],9.525,1.2730226395394069,4.628300011883561
9.53,[2.16221227],9.53,1.2759536202904564,4.600901781878829
9.535,[2.16482115],9.535,1.2804477907754,4.641373121779347
9.540000000000001,[2.16738296],9.540000000000001,1.2837695689599238,4.6060161757659115
9.545,[2.16990373],9.545,1.2884591381616035,4.6363967859266895
9.55,[2.17239275],9.55,1.2927579099298105,4.624561401810873
9.555,[2.17485807],9.555,1.2962750868310704,4.616713859179534
9.56,[2.17730259],9.56,1.2999876624490672,4.608110819458605
9.565,[2.17972879],9.565,1.303700238067064,4.599565022751363
9.57,[2.18213878],9.57,1.3076082124017971,4.590001230665865
9.575000000000001,[2.1845343],9.575000000000001,1.3109299905863208,4.583420393169368
9.58,[2.18690931],9.58,1.3144471674875808,4.577820191189373
9.585,[2.18925499],9.585,1.3187459392557874,4.594107043162962
9.59,[2.1915717],9.59,1.3218723187235741,4.5517809608338435
9.595,[2.19385998],9.595,1.3261710904917812,4.542501886143019
9.6,[2.19612044],9.6,1.3294928686763046,4.537496228040284
9.605,[2.19835748],9.605,1.3334008430110378,4.528963911797278
9.61,[2.20057491],9.61,1.3369180199122979,4.52179909740192
9.615,[2.20277594],9.615,1.3402397980968213,4.515187565731127
9.620000000000001,[2.20496327],9.620000000000001,1.3443431711482912,4.504365912607158
9.625,[2.20713904],9.625,1.3482511454830246,4.494160896278206
9.63,[2.20930495],9.63,1.3525499172512316,4.481823462105353
9.635,[2.21145883],9.635,1.3560670941524915,4.442931822456865
9.64,[2.21359527],9.64,1.3595842710537516,4.443022090216857
9.645,[2.21570976],9.645,1.3625152518048016,4.412316783600347
9.65,[2.21779858],9.65,1.366618624856272,4.4145909708222195
9.655,[2.21986186],9.655,1.3703312004742685,4.412846696779993
9.66,[2.22190301],9.66,1.374239174809002,4.40869962310374
9.665000000000001,[2.22392497],9.665000000000001,1.3781471491437352,4.401925838527596
9.67,[2.22593025],9.67,1.3814689273282585,4.395999896806875
9.675,[2.22792069],9.675,1.384790705512782,4.388774634895881
9.68,[2.22989456],9.68,1.3881124836973056,4.3524296970719085
9.685,[2.23184719],9.685,1.3920204580320388,4.349398069433277
9.69,[2.23377466],9.69,1.3951468374998257,4.318937455044877
9.695,[2.23567372],9.695,1.3994456092680323,4.31779725637702
9.700000000000001,[2.23754754],9.700000000000001,1.404916773336659,4.333482052786915
9.705,[2.23940177],9.705,1.4088247476713924,4.292398460136278
9.71,[2.24123536],9.71,1.4131235194395992,4.284110979569691
9.715,[2.24305016],9.715,1.4183992847914892,4.2948664858551595
9.72,[2.24485327],9.72,1.422111860409486,4.278872148908604
9.725,[2.24664777],9.725,1.4262152334609561,4.261949088985239
9.73,[2.2484334],9.73,1.4305140052291627,4.2451112687147505
9.735,[2.25021252],9.735,1.4348127769973695,4.253423713770615
9.74,[2.25198963],9.74,1.4381345551818931,4.235869920808095
9.745000000000001,[2.25376574],9.745000000000001,1.4424333269500995,4.215754589157167
9.75,[2.2555389],9.75,1.4469274974350432,4.196335412598603
9.755,[2.25730737],9.755,1.4508354717697765,4.181174729789374
9.76,[2.2590696],9.76,1.4545480473877732,4.168041595495589
9.765,[2.26082426],9.765,1.4584560217225064,4.154717670074074
9.77,[2.26256768],9.77,1.4621685973405036,4.117801523377247
9.775,[2.26429427],9.775,1.4658811729585002,4.113474507473875
9.78,[2.26600194],9.78,1.4697891472932336,4.106254205058433
9.785,[2.26769158],9.785,1.4735017229112304,4.098737274309514
9.790000000000001,[2.26936407],9.790000000000001,1.476628102379017,4.0928151183548716
9.795,[2.27102023],9.795,1.4805360767137503,4.082149338709888
9.8,[2.27265837],9.8,1.483662456181537,4.050227873224637
9.805,[2.27427472],9.805,1.4877658292330072,4.044867513322647
9.81,[2.27586871],9.81,1.4916738035677406,4.038094348756051
9.815,[2.27744485],9.815,1.496167974052684,4.049591256479705
9.82,[2.27900463],9.82,1.4990989548037343,4.042920007301977
9.825000000000001,[2.28054223],9.825000000000001,1.503202327855204,4.024380949350523
9.83,[2.28205528],9.83,1.5071103021899377,4.007845838361717
9.835,[2.28354896],9.835,1.5123860675418277,4.007418504174342
9.84,[2.28502997],9.84,1.5166848393100343,3.983760191520133
9.845,[2.28650382],9.845,1.5211790097949778,3.9824867495083582
9.85,[2.28797278],9.85,1.5239145918292911,3.942609362409925
9.855,[2.28943416],9.855,1.528213363597498,3.92561215601592
9.86,[2.29088562],9.86,1.5313397430652846,3.915002960047429
9.865,[2.29232735],9.865,1.5350523186832816,3.90151857855473
9.870000000000001,[2.29375948],9.870000000000001,1.5391556917347513,3.8862277619262326
9.875,[2.29517994],9.875,1.5422820712025382,3.8544719522669233
9.88,[2.29658489],9.88,1.5461900455372717,3.8467845204142446
9.885,[2.29797326],9.885,1.550098019872005,3.8372295163626733
9.89,[2.29934631],9.89,1.553615196773265,3.8281928190376604
9.895,[2.30070512],9.895,1.557718569824735,3.815406033216177
9.9,[2.30205068],9.9,1.5622127403096786,3.7998822685884033
9.905,[2.30338582],9.905,1.5669023095113588,3.802949241353028
9.91,[2.30471291],9.91,1.5706148851293553,3.764444653293907
9.915000000000001,[2.30602995],9.915000000000001,1.574327460747352,3.7532919046394366
9.92,[2.30733525],9.92,1.5780400363653488,3.74194643699391
9.925,[2.30863134],9.925,1.5829250042837657,3.7439847287241523
9.93,[2.30992039],9.93,1.586246782468289,3.708056511981112
9.935,[2.31120033],9.935,1.589373161936076,3.699998359372881
9.94,[2.31246754],9.94,1.5932811362708093,3.667653938594349
9.945,[2.31371906],9.945,1.596798313172069,3.662472362098577
9.950000000000001,[2.31495441],9.950000000000001,1.6009016862235392,3.6525208509552556
9.955,[2.31617524],9.955,1.6050050592750094,3.640779083947504
9.96,[2.31738113],9.96,1.6079360400260594,3.6139795498592946
9.965,[2.31856993],9.965,1.6114532169273195,3.608793316672445
9.97,[2.31974175],9.97,1.615165792545316,3.6003612786413486
9.975,[2.32089862],9.975,1.6186829694465763,3.5910198652148675
9.98,[2.32204231],9.98,1.6225909437813095,3.5786960314022047
9.985,[2.32317254],9.985,1.6261081206825696,3.548587124843007
9.99,[2.32428735],9.99,1.629429898867093,3.5429726731331757
9.995000000000001,[2.32538516],9.995000000000001,1.6331424744850898,3.5153334591729894
10.0,[2.32646482],10.0,1.6366596513863498,3.51067658182593
10.005,[2.3275272],10.005,1.6405676257210835,3.5015613690121703
10.01,[2.3285763],10.01,1.6446709987725534,3.5047655569415674
10.015,[2.32961861],10.015,1.649751365407707,3.4986685344445414
10.02,[2.33065803],10.02,1.6528777448754937,3.4637267458239327
10.025,[2.33169303],10.025,1.6569811179269638,3.4475225604248885
10.03,[2.33272217],10.03,1.6612798896951704,3.4304547425666487
10.035,[2.33374424],10.035,1.664992465313167,3.3994487045991693
10.040000000000001,[2.33475657],10.040000000000001,1.6687050409311641,3.3898295337852202
10.045,[2.33575843],10.045,1.6726130152658973,3.377728683158836
10.05,[2.3367508],10.05,1.6761301921671574,3.366416486843111
10.055,[2.33773445],10.055,1.6794519703516808,3.3553541451186524
10.06,[2.33870853],10.06,1.682969147252941,3.3267979223427626
10.065,[2.33967082],10.065,1.686486324154201,3.318373067906038
10.07,[2.34061948],10.07,1.6898081023387241,3.293625062488398
10.075000000000001,[2.34155448],10.075000000000001,1.6939114753901945,3.299247804974219
10.08,[2.34247867],10.08,1.6980148484416642,3.2827337069990077
10.085,[2.34339584],10.085,1.7030952150768177,3.2755270779776433
10.09,[2.34430765],10.09,1.7062215945446046,3.244331345069679
10.095,[2.34521269],10.095,1.7105203663128112,3.2274163909031395
10.1,[2.34611102],10.1,1.714819138081018,3.2241463588453456
10.105,[2.34700401],10.105,1.7183363149822781,3.192251990909378
10.11,[2.34788881],10.11,1.722048890600275,3.1644718872368216
10.115,[2.34876298],10.115,1.7265430610852182,3.1640964102205946
10.120000000000001,[2.3496296],10.120000000000001,1.730646434136688,3.1598599506509157
10.125,[2.35049126],10.125,1.7347498071881584,3.124850893535983
10.13,[2.35134633],10.13,1.7388531802396283,3.1084446495312203
10.135,[2.35219339],10.135,1.742565755857625,3.0937758657106524
10.14,[2.35303252],10.14,1.7462783314756218,3.0789506328159932
10.145,[2.35386377],10.145,1.7499909070936184,3.063864730253969
10.15,[2.35468719],10.15,1.753508083994879,3.0496579366328866
10.155,[2.35550162],10.155,1.7572206596128757,3.0216824427393143
10.16,[2.35630495],10.16,1.7607378365141355,3.0110326451298204
10.165000000000001,[2.35709662],10.165000000000001,1.7644504121321325,2.9984086334429674
10.17,[2.3578774],10.17,1.768162987750129,2.9848266964385326
10.175,[2.35864799],10.175,1.7724617595183356,2.9678487931411337
10.18,[2.35940905],10.18,1.7773467274367525,2.9472919061654426
10.185,[2.36016224],10.185,1.7818408979216962,2.940474317068689
10.19,[2.36091013],10.19,1.7855534735396927,2.921820837167892
10.195,[2.36165268],10.195,1.7890706504409528,2.8934186157811186
10.200000000000001,[2.36238767],10.200000000000001,1.7925878273422127,2.8807174404120706
10.205,[2.36311328],10.205,1.7964958016769463,2.853921690575798
10.21,[2.36382808],10.21,1.8000129785782062,2.8438374073006556
10.215,[2.36453203],10.215,1.8035301554794665,2.832591068629096
10.22,[2.36522523],10.22,1.806656534947253,2.8105759187507493
10.225,[2.36590785],10.225,1.810759907998723,2.809538672039223
10.23,[2.36658224],10.23,1.8146678823334566,2.7933057829929706
10.235,[2.36725051],10.235,1.8185758566681898,2.7768804375157496
10.24,[2.36791343],10.24,1.8224838310029234,2.7603524274491877
10.245000000000001,[2.36857061],10.245000000000001,1.82561021047071,2.7362538284703755
10.25,[2.36921969],10.25,1.8293227860887067,2.712480997407864
10.255,[2.36985978],10.255,1.8338169565736502,2.710282373822334
10.26,[2.37049235],10.26,1.8377249309083836,2.683155203257756
10.265,[2.37111872],10.265,1.841632905243117,2.68150709773425
10.27,[2.37174106],10.27,1.8459316770113239,2.66203938078378
10.275,[2.37236117],10.275,1.849839651346057,2.6444080286632885
10.28,[2.37297951],10.28,1.8537476256807905,2.6270172469493724
10.285,[2.37359637],10.285,1.8574602012987873,2.610675102542799
10.290000000000001,[2.37421195],10.290000000000001,1.8615635743502574,2.5920393968933757
10.295,[2.3748253],10.295,1.8646899538180441,2.5679805673651663
10.3,[2.37543554],10.3,1.8685979281527776,2.5637369759970974
10.305,[2.37604279],10.305,1.8719197063373008,2.5381416423816323
10.31,[2.37664619],10.31,1.8750460858050875,2.526898792580909
10.315,[2.37724495],10.315,1.8791494588565578,2.510262092311356
10.32,[2.37783844],10.32,1.882666635757818,2.4862381979996098
10.325000000000001,[2.37842523],10.325000000000001,1.8869654075260245,2.470895008548519
10.33,[2.37900504],10.33,1.8900917869938112,2.460280305211354
10.335,[2.37957858],10.335,1.894390558762018,2.4430486915679426
10.34,[2.3801456],10.34,1.8975169382298047,2.421435747506574
10.345,[2.38070419],10.345,1.9008387164143281,2.4013066156367033
10.35,[2.38125367],10.35,1.9045512920323246,2.400036994556082
10.355,[2.38179527],10.355,1.907873070216848,2.37731165953705
10.36,[2.38232923],10.36,1.911585645834845,2.3643681847458278
10.365,[2.38285578],10.365,1.9152982214528416,2.350155054667228
10.370000000000001,[2.38337515],10.370000000000001,1.918619999637365,2.32818352308354
10.375,[2.38388762],10.375,1.9225279739720984,2.3238046018085763
10.38,[2.38439512],10.38,1.9268267457403054,2.3045053263205584
10.385,[2.38489932],10.385,1.9307347200750387,2.2870076675727673
10.39,[2.38539994],10.39,1.9338610995428254,2.2643869001872385
10.395,[2.38589593],10.395,1.9379644725942955,2.248512183205439
10.4,[2.38638721],10.4,1.9410908520620822,2.2366183571892546
10.405,[2.38687452],10.405,1.9444126302466056,2.223148256098583
10.41,[2.38735768],10.41,1.9479298071478657,2.199826501415346
10.415000000000001,[2.38783575],10.415000000000001,1.9516423827658624,2.186181670639291
10.42,[2.38830872],10.42,1.9553549583838592,2.171599089241151
10.425,[2.38877731],10.425,1.9596537301520658,2.1532258443000365
10.43,[2.38924208],10.43,1.9635617044867992,2.1362907364792565
10.435,[2.38970419],10.435,1.9686420711219526,2.121015711139691
10.44,[2.39016526],10.44,1.971963849306476,2.104084494682382
10.445,[2.39062516],10.445,1.9756764249244727,2.077996324547833
10.450000000000001,[2.39108161],10.450000000000001,1.9788028043922596,2.0576053606036337
10.455,[2.39153268],10.455,1.9823199812935197,2.044885988657134
10.46,[2.39197881],10.46,1.9866187530617263,2.0347285091892697
10.465,[2.39242109],10.465,1.989745132529513,2.0127086153529037
10.47,[2.39285903],10.47,1.9930669107140364,1.9992922267240225
10.475,[2.39329159],10.475,1.9965840876152965,1.977420049043878
10.48,[2.39371791],10.48,2.00049206195003,1.962528876802163
10.485,[2.39413796],10.485,2.0045954350015,1.9456855872136096
10.49,[2.39455303],10.49,2.008308010619497,1.9373938665335064
10.495000000000001,[2.39496425],10.495000000000001,2.0118251875207567,1.9134800863027097
10.5,[2.39537128],10.5,2.0163193580057,1.8941721845263095
10.505,[2.39577453],10.505,2.021204325924117,1.8791709354066355
10.51,[2.39617498],10.51,2.0249169015421136,1.8541234551753119
10.515,[2.39657283],10.515,2.0294110720270573,1.8411447165509762
10.52,[2.39696827],10.52,2.033123647645054,1.8163827120585836
10.525,[2.39736087],10.525,2.037031621979787,1.7994571778571138
10.53,[2.3977503],10.53,2.040744197597784,1.7833697752049096
10.535,[2.39813688],10.535,2.0444567732157806,1.7670323949265905
10.540000000000001,[2.39852092],10.540000000000001,2.0483647475505142,1.7497545217430053
10.545,[2.3989027],10.545,2.052468120601984,1.73136026060076
10.55,[2.39928247],10.55,2.056376094936718,1.7138200827849617
10.555,[2.39966044],10.555,2.0604794679881877,1.695179151436694
10.56,[2.40003682],10.56,2.064582841039658,1.6766255671243608
10.565,[2.40041175],10.565,2.0682954166576546,1.659804143449178
10.57,[2.40078534],10.57,2.071617194842178,1.6449103505415532
10.575000000000001,[2.40115769],10.575000000000001,2.0753297704601747,1.6281004092251132
10.58,[2.40152885],10.58,2.0790423460781713,1.6111379699141175
10.585,[2.40189831],10.585,2.082168725545958,1.5907616632018928
10.59,[2.402265],10.59,2.0860766998806914,1.5746630582169776
10.595,[2.40262863],10.595,2.089398478065215,1.5608837608597894
10.6,[2.40298953],10.6,2.0927202562497382,1.546780912610243
10.605,[2.40334795],10.605,2.097214426734682,1.5264148957466948
10.61,[2.40370354],10.61,2.100536204919205,1.5058279061204738
10.615,[2.4040549],10.615,2.1040533818204654,1.4856856524584423
10.620000000000001,[2.40440089],10.620000000000001,2.107961356155198,1.4707872800136268
10.625,[2.40474164],10.625,2.1124555266401424,1.452060350064909
10.63,[2.40507785],10.63,2.116168102258139,1.4364427520319287
10.635,[2.40541013],10.635,2.1198806778761354,1.4201961150873088
10.64,[2.40573898],10.64,2.1233978547773957,1.4045983925265748
10.645,[2.40606481],10.645,2.126719632961919,1.3897532242959194
10.65,[2.40638797],10.65,2.130627607296652,1.3716011108487831
10.655,[2.40670872],10.655,2.134340182914649,1.3543471251179315
10.66,[2.40702728],10.66,2.138638954682856,1.3341131964596784
10.665000000000001,[2.40734379],10.665000000000001,2.1427423277343256,1.3149823069904716
10.67,[2.4076584],10.67,2.1466503020690593,1.2966333812627993
10.675,[2.4079712],10.675,2.1505582764037925,1.2783201370017787
10.68,[2.40828177],10.68,2.154075453305053,1.2569958719065402
10.685,[2.40858979],10.685,2.158569623789996,1.2426839403249461
10.69,[2.40889592],10.69,2.1626729968414664,1.222724327361644
10.695,[2.40920069],10.695,2.166385572459463,1.204916667389417
10.700000000000001,[2.40950359],10.700000000000001,2.17009814807746,1.1823704199571
10.705,[2.40980372],10.705,2.1740061224121927,1.1653845581624185
10.71,[2.41010078],10.71,2.177523299313453,1.149766078232283
10.715,[2.41039499],10.715,2.1810404762147133,1.1339760786285367
10.72,[2.41068697],10.72,2.1843622543992365,1.1236522558508224
10.725,[2.4109768],10.725,2.1874886338670234,1.109661593059283
10.73,[2.41126323],10.73,2.1917874056352304,1.0880987425167026
10.735,[2.41154566],10.735,2.195499981253227,1.0696847742314428
10.74,[2.41182488],10.74,2.2009711453218537,1.0473629154883268
10.745000000000001,[2.41210195],10.745000000000001,2.2050745183733236,1.025833403768146
10.75,[2.41237689],10.75,2.208591695274584,1.0033609412995492
10.755,[2.41264922],10.755,2.212695068326054,0.9880344099274584
10.76,[2.41291887],10.76,2.2164076439440503,0.9650969721866025
10.765,[2.41318539],10.765,2.2205110169955207,0.945833438885833
10.77,[2.41344798],10.77,2.2240281938967805,0.9253868058130941
10.775,[2.41370597],10.775,2.2277407695147775,0.9088450264501977
10.78,[2.41395918],10.78,2.2318441425662474,0.8899088136484824
10.785,[2.41420777],10.785,2.2349705220340343,0.8756460213338472
10.790000000000001,[2.41445193],10.790000000000001,2.239855489952451,0.8524283626051579
10.795,[2.41469211],10.795,2.2447404578708676,0.8324338418923677
10.8,[2.41492925],10.8,2.2496254257892843,0.8109024125611015
10.805,[2.41516409],10.805,2.2539241975574913,0.7881575137999252
10.81,[2.41539679],10.81,2.2586137667591712,0.7667975685239826
10.815,[2.41562712],10.815,2.2627171398106416,0.7420100878355307
10.82,[2.41585431],10.82,2.2662343167119015,0.7245004903420159
10.825000000000001,[2.4160777],10.825000000000001,2.2697514936131618,0.7072017091348172
10.83,[2.41629676],10.83,2.273268670514421,0.6872889442559645
10.835,[2.41651078],10.835,2.2763950499822085,0.6729031430824404
10.84,[2.41671946],10.84,2.2804984230336784,0.6535561815208683
10.845,[2.41692283],10.845,2.2842109986516754,0.6359174801778503
10.85,[2.41712112],10.85,2.2887051691366187,0.6165588646566901
10.855,[2.41731477],10.855,2.2922223460378786,0.598837154459829
10.86,[2.41750369],10.86,2.2957395229391384,0.5789565377865855
10.865,[2.4176872],10.865,2.299061301123662,0.5609293102958952
10.870000000000001,[2.41786475],10.870000000000001,2.302383079308185,0.5453986260122163
10.875,[2.41803627],10.875,2.306681851076392,0.5249381941118849
10.88,[2.41820209],10.88,2.311371420278072,0.5040186435271375
10.885,[2.41836245],10.885,2.314693198462596,0.4854991493814873
10.89,[2.41851725],10.89,2.3184057740805923,0.46716183737149125
10.895,[2.41866635],10.895,2.322313748415326,0.44777014938718523
10.9,[2.41880977],10.9,2.3256355265998496,0.4312261585448763
10.905,[2.41894749],10.905,2.330129697084793,0.408765983755773
10.91,[2.41907937],10.91,2.333451475269316,0.3908488306255822
10.915000000000001,[2.41920526],10.915000000000001,2.3373594496040493,0.37222580427945734
10.92,[2.41932512],10.92,2.3406812277885725,0.3547152740704109
10.925,[2.41943886],10.925,2.344003005973096,0.33811946502988993
10.93,[2.41954638],10.93,2.348887973891513,0.3138364207235195
10.935,[2.41964773],10.935,2.3522097520760363,0.29696818464285313
10.94,[2.4197429],10.94,2.35553153026056,0.2798440338854855
10.945,[2.41983197],10.945,2.36022109946224,0.25734995800135657
10.950000000000001,[2.41991514],10.950000000000001,2.364129073796973,0.23795347639700135
10.955,[2.41999269],10.955,2.3684278455651797,0.21698161599769838
10.96,[2.42006481],10.96,2.3713588263162304,0.20263706820690897
10.965,[2.42013159],10.965,2.3748760032174903,0.1849967420792192
10.97,[2.42019322],10.97,2.3783931801187506,0.1674470350094201
10.975,[2.42025004],10.975,2.383473546753904,0.1426753297401957
10.98,[2.4203024],10.98,2.3865999262216904,0.1265330528055221
10.985,[2.4203506],10.985,2.3899217044062135,0.1100664565320382
10.99,[2.42039494],10.99,2.3940250774576843,0.09042815669499252
10.995000000000001,[2.42043582],10.995000000000001,2.3971514569254704,0.0747121132257113
11.0,[2.42047354],11.0,2.400864032543467,0.05669390894768736
11.005,[2.42050837],11.005,2.4039904120112543,0.0415267475686468
11.01,[2.4205406],11.01,2.4065305953288307,0.02909408855377584
11.015,[2.42057046],11.015,2.4096569747966177,0.014384610599140034
11.02,[2.42059824],11.02,2.412392556830931,0.0017730789280990325
11.025,[2.42062418],11.025,2.4149327401485077,-0.010274899834460546
11.03,[2.42064847],11.03,2.417277524749348,-0.020786726837688067
11.035,[2.42067133],11.035,2.419817708066924,-0.032498104994260577
11.040000000000001,[2.42069294],11.040000000000001,2.421771695234291,-0.04139601330352753
11.045,[2.42071343],11.045,2.423530283684921,-0.04864130407322182
11.05,[2.42073298],11.05,2.4260704670024977,-0.05893121857909516
11.055,[2.42075176],11.055,2.4274382580196545,-0.06447120239266103
11.06,[2.42076985],11.06,2.428806049036811,-0.06930953711895926
11.065,[2.42078728],11.065,2.429978441337231,-0.0730463762486956
11.07,[2.42080411],11.07,2.4307600362041777,-0.07495818506529335
11.075000000000001,[2.42082038],11.075000000000001,2.4315416310711244,-0.07629452792296182
11.08,[2.42083608],11.08,2.431932428504598,-0.0759780119384826
11.085,[2.4208512],11.085,2.432323225938071,-0.07569211524689681
11.09,[2.4208657],11.09,2.432518624654808,-0.07464168592989084
11.095,[2.42087957],11.095,2.432518624654808,-0.07185840933339878
11.1,[2.42089279],11.1,2.432518624654808,-0.06891812227832878
11.105,[2.42090538],11.105,2.432127827221335,-0.06417924862216155
11.11,[2.42091733],11.11,2.431737029787861,-0.059677084531649695
11.115,[2.42092863],11.115,2.431150833637651,-0.05422743888782109
11.120000000000001,[2.42093927],11.120000000000001,2.430564637487441,-0.04919453776921114
11.125,[2.42094922],11.125,2.4301738400539676,-0.045579136254652555
11.13,[2.42095846],11.13,2.4297830426204947,-0.042258699321843514
11.135,[2.42096697],11.135,2.4290014477535475,-0.03722579236858246
11.14,[2.42097473],11.14,2.428415251603338,-0.03316789974531952
11.145,[2.42098176],11.145,2.4276336567363908,-0.02824652822544309
11.15,[2.42098802],11.15,2.426656663152708,-0.02272253418054789
11.155,[2.42099278],11.155,2.4260704670024977,-0.026712828591758025
11.16,[2.42099302],11.16,2.4250934734188143,-0.03775245899496324
11.165000000000001,[2.42098425],11.165000000000001,2.4243118785518676,-0.03724789720447628
11.17,[2.42096096],11.17,2.423139486251448,-0.05761357147436853
11.175,[2.42091707],11.175,2.422162492667764,-0.048643698021124115
11.18,[2.42084961],11.18,2.421185499084081,-0.041357023308460715
11.185,[2.42075706],11.185,2.4202085055003977,-0.04936106880415046
11.19,[2.4206369],11.19,2.4192315119167143,-0.04077842523080871
11.195,[2.42048553],11.195,2.418059119616294,-0.06391504915536123
11.200000000000001,[2.42029687],11.200000000000001,2.4166913285991374,-0.06454371218048362
11.205,[2.42006409],11.205,2.414737341431771,-0.07825069889324295
11.21,[2.41978284],11.21,2.413174151697877,-0.054954255038500904
11.215,[2.41945249],11.215,2.4116109619639845,-0.057341441029783016
11.22,[2.41907164],11.22,2.409852373513354,-0.06273568329787378
11.225,[2.41863566],11.225,2.4080937850627238,-0.07383779643629819
11.23,[2.41814105],11.23,2.406921392762304,-0.06056959458883705
11.235,[2.41758505],11.235,2.4053582030284106,-0.08838335112334306
11.24,[2.41695882],11.24,2.4035996145777805,-0.11869564220531499
11.245000000000001,[2.41624715],11.245000000000001,2.401645627410414,-0.15019028508688306
11.25,[2.41543154],11.25,2.3996916402430477,-0.18125790594257266
11.255,[2.41449755],11.255,2.3975422543589437,-0.1619448610934257
11.26,[2.41344275],11.26,2.395588267191577,-0.15076691902240708
11.265,[2.41226218],11.265,2.3936342800242105,-0.1981543595193833
11.27,[2.41093338],11.27,2.3910940967066336,-0.2191353100425445
11.275,[2.40941451],11.275,2.387967717238847,-0.16870927442318587
11.28,[2.4076434],11.28,2.384450540337587,-0.12624430697976322
11.285,[2.40556233],11.285,2.3813241608698004,-0.1230289845171166
11.290000000000001,[2.40314261],11.290000000000001,2.3783931801187506,-0.12395960433839213
11.295,[2.4003726],11.295,2.375657598084437,-0.1278019750138396
11.3,[2.39724539],11.3,2.3727266173333863,-0.13205103508835955
11.305,[2.39375856],11.305,2.369404839148863,-0.1359782941816937
11.31,[2.38990097],11.31,2.3649106686639203,-0.17764204587042273
11.315,[2.38565389],11.315,2.361784289196133,-0.17508935154778163
11.32,[2.38103048],11.32,2.3586579097283464,-0.13409982633545867
11.325000000000001,[2.37607063],11.325000000000001,2.3557269289772966,-0.15548855166830408
11.33,[2.3707971],11.33,2.351232758492353,-0.16935679025281977
11.335,[2.36520347],11.335,2.3473247841576197,-0.23370576466294563
11.34,[2.35930028],11.34,2.344003005973096,-0.2468756716453686
11.345,[2.35312643],11.345,2.339313436771416,-0.2973742595691696
11.35,[2.3466877],11.35,2.335405462436683,-0.2946422356893581
11.355,[2.33997651],11.355,2.331302089385213,-0.29754065091432935
11.36,[2.33300287],11.36,2.3266125201835326,-0.3029131939142522
11.365,[2.32577728],11.365,2.323290741999009,-0.319093678970376
11.370000000000001,[2.31832602],11.370000000000001,2.319968963814486,-0.287567328774455
11.375,[2.3106887],11.375,2.3170379830634356,-0.32504613386795406
11.38,[2.3028853],11.38,2.3129346100119657,-0.35418487133820337
11.385,[2.29491947],11.385,2.309417433110706,-0.3831140634017637
11.39,[2.28681199],11.39,2.306291053642919,-0.36233322565660014
11.395,[2.27859768],11.395,2.301210687007765,-0.3960693916274482
11.4,[2.27029214],11.4,2.297498111389769,-0.43180220841621747
11.405,[2.26189463],11.405,2.2935901370550353,-0.4632950734504737
11.41,[2.25340574],11.41,2.289877561437039,-0.49347032217843967
11.415000000000001,[2.24482718],11.415000000000001,2.285969587102305,-0.5210460180156409
11.42,[2.23617703],11.42,2.2828432076345186,-0.5009953397385135
11.425,[2.22750228],11.425,2.279521429449995,-0.4937403442637541
11.43,[2.21884353],11.43,2.276199651265472,-0.5458484861930738
11.435,[2.21020551],11.435,2.2726824743642116,-0.5883680640290487
11.44,[2.20156407],11.44,2.268383702596005,-0.6676223994923584
11.445,[2.19290083],11.445,2.264671126978008,-0.6364014863550671
11.450000000000001,[2.18423146],11.450000000000001,2.2601769564930647,-0.6627005838420177
11.455,[2.17555819],11.455,2.2549011911411747,-0.7263117831510415
11.46,[2.16685771],11.46,2.250993216806441,-0.7362175260479272
11.465,[2.15813989],11.465,2.247476039905181,-0.7072325481131039
11.47,[2.14944209],11.47,2.2439588630039213,-0.7355272029457434
11.475,[2.14078487],11.475,2.2402462873859244,-0.7600680497361277
11.48,[2.13218664],11.48,2.2365337117679274,-0.7423956241714418
11.485,[2.1236766],11.485,2.2330165348666675,-0.7761026010132451
11.49,[2.11526811],11.49,2.229499357965407,-0.8054410767455646
11.495000000000001,[2.10694902],11.495000000000001,2.2252005861972006,-0.8666439937916011
11.5,[2.09870871],11.5,2.2218788080126775,-0.8439333038557805
11.505,[2.09057199],11.505,2.217970833677944,-0.8776528193929009
11.51,[2.08255767],11.51,2.212499669609317,-0.8999555076699935
11.515,[2.0746312],11.515,2.207223904257427,-0.9556486445745935
11.52,[2.06674779],11.52,2.2033159299226934,-0.9675164165852345
11.525,[2.05890329],11.525,2.200384949171643,-0.9454582458670432
11.53,[2.05111654],11.53,2.196086177403437,-0.9738622246238056
11.535,[2.04338779],11.535,2.191982804351967,-1.0022052000216712
11.540000000000001,[2.03570129],11.540000000000001,2.1874886338670234,-1.0273682251405114
11.545,[2.02804081],11.545,2.183971456965763,-1.0560767529495192
11.55,[2.02037598],11.55,2.179281887764083,-1.125254610206414
11.555,[2.01267943],11.555,2.17596010957956,-1.092575807614974
11.56,[2.00496995],11.56,2.1726383313950364,-1.0757299187608012
11.565,[1.99727681],11.565,2.1687303570603027,-1.1161962332573552
11.57,[1.98959465],11.57,2.1654085788757795,-1.1545728857936968
11.575000000000001,[1.98191809],11.575000000000001,2.1618914019745197,-1.1385602153986627
11.58,[1.97425651],11.58,2.15837422507326,-1.1826137829091101
11.585,[1.96660224],11.585,2.1544662507385257,-1.2185213051567563
11.59,[1.95893344],11.59,2.1505582764037925,-1.2494639841804567
11.595,[1.95121674],11.595,2.1458687072021125,-1.3223390905078556
11.6,[1.94340965],11.6,2.1417653341506426,-1.3322292131575735
11.605,[1.93549249],11.605,2.1368803662322255,-1.3409355004310266
11.61,[1.92746506],11.61,2.1333631893309657,-1.3588896200531102
11.615,[1.91932857],11.615,2.1292598162794953,-1.3759157058592413
11.620000000000001,[1.91110043],11.620000000000001,2.1263288355284455,-1.3506280161291337
11.625,[1.90281161],11.625,2.1222254624769756,-1.384233789548386
11.63,[1.89447423],11.63,2.118903684292452,-1.4184819232973382
11.635,[1.88608425],11.635,2.1155819061079284,-1.4504497401410033
11.64,[1.87763893],11.64,2.1114785330564585,-1.476624317245118
11.645,[1.86915166],11.645,2.1073751600049886,-1.4523657069305103
11.65,[1.86064934],11.65,2.1030763882367816,-1.4897204234037045
11.655,[1.85214022],11.655,2.0991684139020483,-1.5241292067602774
11.66,[1.84361699],11.66,2.0950650408505784,-1.5534991063841568
11.665000000000001,[1.83508908],11.665000000000001,2.0919386613827915,-1.5365665765597327
11.67,[1.82658008],11.67,2.087639889614585,-1.5738344978640093
11.675,[1.81809617],11.675,2.0837319152798512,-1.6072967203664124
11.68,[1.80962897],11.68,2.0794331435116447,-1.6343778108438818
11.685,[1.80117268],11.685,2.0763067640438577,-1.6639544156726724
11.69,[1.79273752],11.69,2.0731803845760712,-1.646114660575819
11.695,[1.78434701],11.695,2.0690770115246013,-1.680272991892259
11.700000000000001,[1.77600823],11.700000000000001,2.064973638473131,-1.7091954254144612
11.705,[1.76770153],11.705,2.060870265421661,-1.7769912654438484
11.71,[1.75939871],11.71,2.0567668923701907,-1.7868075465173088
11.715,[1.75109041],11.715,2.052663519318721,-1.7989540770277679
11.72,[1.7427827],11.72,2.0483647475505142,-1.8123183283038053
11.725,[1.73448133],11.725,2.044261374499044,-1.8281124358408736
11.73,[1.7262042],11.73,2.0411349950312574,-1.8081763600681167
11.735,[1.71797924],11.735,2.0378132168467338,-1.8416722582219196
11.74,[1.7098173],11.74,2.033709843795264,-1.8679880925932164
11.745000000000001,[1.7017148],11.745000000000001,2.0298018694605307,-1.892735057446771
11.75,[1.6936808],11.75,2.0262846925592704,-1.8769105379055722
11.755,[1.68573473],11.755,2.022376718224537,-1.9103922345075575
11.76,[1.67787988],11.76,2.0190549400400135,-1.9423185112277248
11.765,[1.67010594],11.765,2.014756168271807,-1.9657736633374105
11.77,[1.66241583],11.77,2.0114343900872833,-1.9513092640865224
11.775,[1.65482364],11.775,2.0073310170358134,-1.9824511559682008
11.78,[1.64732846],11.78,2.004400036284763,-2.014739243619232
11.785,[1.63991669],11.785,2.00049206195003,-2.03861149634833
11.790000000000001,[1.63257617],11.790000000000001,1.9969748850487696,-2.0619961849576574
11.795,[1.62529578],11.795,1.9918945184136163,-2.076273292242727
11.8,[1.61806534],11.8,1.9885727402290931,-2.0977742326075597
11.805,[1.61088755],11.805,1.9854463607613064,-2.080168531249006
11.81,[1.60377602],11.81,1.980756791559626,-2.1045934213419035
11.815,[1.59672969],11.815,1.9770442159416295,-2.129821708892669
11.82,[1.58972353],11.82,1.972745444173423,-2.1878773807776177
11.825000000000001,[1.58273621],11.825000000000001,1.9684466724052159,-2.155166687834692
11.83,[1.57577306],11.83,1.9651248942206925,-2.1790672545698992
11.835,[1.56883828],11.835,1.9612169198859593,-2.198755905414605
11.84,[1.56192317],11.84,1.9575043442679625,-2.218031631899378
11.845,[1.5550318],11.845,1.954182566083439,-2.209913964517307
11.85,[1.54819082],11.85,1.9504699904654423,-2.2879931339755286
11.855,[1.541422],11.855,1.9457804212637622,-2.2498612856675027
11.86,[1.53470706],11.86,1.9410908520620822,-2.2856816687631305
11.865,[1.52800563],11.865,1.9367920802938754,-2.297285890571899
11.870000000000001,[1.52128286],11.870000000000001,1.9322979098089321,-2.347859780984664
11.875,[1.51452117],11.875,1.928780732907672,-2.3127207600353414
11.88,[1.50773029],11.88,1.9244819611394652,-2.3278404137371225
11.885,[1.50090736],11.885,1.9205739868047318,-2.382907288385841
11.89,[1.49403906],11.89,1.9166660124699986,-2.347999258007564
11.895,[1.48713906],11.895,1.9133442342854752,-2.3684855855796183
11.9,[1.48022021],11.9,1.9088500638005315,-2.382144693526048
11.905,[1.47328271],11.905,1.9045512920323246,-2.395606169264626
11.91,[1.46632788],11.91,1.8998617228306447,-2.406367565803546
11.915000000000001,[1.45935798],11.915000000000001,1.8959537484959115,-2.4204906910741033
11.92,[1.452376],11.92,1.8926319703113879,-2.4372308890808925
11.925,[1.44539646],11.925,1.888919394693391,-2.448420777875755
11.93,[1.43844329],11.93,1.8850114203586577,-2.4402006223671466
11.935,[1.43152593],11.935,1.8811034460239244,-2.4610163773633538
11.94,[1.42464153],11.94,1.8770000729724543,-2.4786422850580005
11.945,[1.41779861],11.945,1.8740690922214043,-2.546798317255032
11.950000000000001,[1.41101504],11.950000000000001,1.870161117886671,-2.533446388872967
11.955,[1.4042948],11.955,1.8656669474017276,-2.520253286706695
11.96,[1.39762992],11.96,1.8621497705004673,-2.531817480079008
11.965,[1.39101291],11.965,1.8578509987322607,-2.547641305814324
11.97,[1.38443655],11.97,1.8539430243975272,-2.564285885030122
11.975,[1.37789387],11.975,1.8504258474962672,-2.582032820116283
11.98,[1.37138899],11.98,1.8474948667452171,-2.6417414320024397
11.985,[1.36493549],11.985,1.8439776898439573,-2.626121900290488
11.99,[1.3585441],11.99,1.839874316792487,-2.694135424455509
11.995000000000001,[1.35221219],11.995000000000001,1.8357709437410168,-2.641729502973065
12.0,[1.34591521],12.0,1.8314721719728102,-2.6518079385408395
12.005,[1.33963218],12.005,1.8281503937882868,-2.6669619293715963
12.01,[1.33335613],12.01,1.8242424194535536,-2.6791552126825064
12.015,[1.32708102],12.015,1.8205298438355566,-2.6925054694444484
12.02,[1.32081227],12.02,1.8172080656510334,-2.7338508174567053
12.025,[1.31456493],12.025,1.8136908887497734,-2.7162659269436045
12.030000000000001,[1.30834026],12.030000000000001,1.809587515698303,-2.7159362193400396
12.035,[1.30212785],12.035,1.8052887439300964,-2.7314265675934655
12.040000000000001,[1.29591846],12.040000000000001,1.801966965745573,-2.7503230326219494
12.045,[1.28970395],12.045,1.7972773965438928,-2.7614409153906316
12.05,[1.28347719],12.05,1.7931740234924227,-2.7747060576297775
12.055,[1.27724314],12.055,1.7898522453078993,-2.8111708167022704
12.06,[1.27101709],12.06,1.7861396696899028,-2.7890187962414723
12.065,[1.26479002],12.065,1.781645499204959,-2.832205212541913
12.07,[1.25853279],12.07,1.7775421261534892,-2.837296329705667
12.075000000000001,[1.25224375],12.075000000000001,1.7738295505354924,-2.828185019749833
12.08,[1.24594437],12.08,1.7699215762007592,-2.828427626798252
12.085,[1.23963222],12.085,1.7650366082823423,-2.87447677905648
12.09,[1.23329543],12.09,1.761714830097819,-2.8538294968163225
12.095,[1.22694648],12.095,1.7570252608961388,-2.8580582110594626
12.1,[1.22058742],12.1,1.7527264891279322,-2.902359293565905
12.105,[1.21421112],12.105,1.7494047109434088,-2.9059024823039277
12.11,[1.20783331],12.11,1.7453013378919386,-2.9131593580689783
12.115,[1.20146881],12.115,1.741588762273942,-2.927025448292093
12.120000000000001,[1.19513072],12.120000000000001,1.7384623828061552,-3.008617227188037
12.125,[1.18884029],12.125,1.7341636110379486,-3.008275730523897
12.13,[1.18260631],12.13,1.7300602379864782,-3.0107200015892586
12.135,[1.17642708],12.135,1.7261522636517448,-3.0174774573944316
12.14,[1.1703016],12.14,1.7226350867504847,-3.029171803215056
12.145,[1.16422951],12.145,1.7189225111324882,-3.0419563033838286
12.15,[1.1582109],12.15,1.7142329419308078,-3.0506285154280373
12.155000000000001,[1.15224596],12.155000000000001,1.7097387714458647,-3.0600607316986053
12.16,[1.14633458],12.16,1.7054399996776577,-3.0696856174904092
12.165000000000001,[1.14047615],12.165000000000001,1.7009458291927144,-3.0773831658643434
12.17,[1.13466926],12.17,1.6966470574245076,-3.084839863821666
12.175,[1.12891161],12.175,1.6927390830897744,-3.0927730133024918
12.18,[1.1231998],12.18,1.688049513888094,-3.0952531140029254
12.185,[1.11752929],12.185,1.6841415395533608,-3.0999476655111264
12.19,[1.11188505],12.19,1.6794519703516808,-3.0553759969323444
12.195,[1.10625273],12.195,1.6757393947336838,-3.121300460145086
12.200000000000001,[1.10063756],12.200000000000001,1.6718314203989504,-3.119225361440694
12.205,[1.0950426],12.205,1.6679234460642172,-3.1165798219063454
12.21,[1.08945981],12.21,1.6636246742960106,-3.1126727347511984
12.215,[1.08388139],12.215,1.6603028961114872,-3.1145392006369423
12.22,[1.07830006],12.22,1.6556133269098068,-3.110975818316846
12.225,[1.07270928],12.225,1.6517053525750736,-3.1131174622216484
12.23,[1.06710352],12.23,1.6470157833733936,-3.113774517942578
12.235,[1.06147856],12.235,1.6429124103219235,-3.1202008811192767
12.24,[1.05583165],12.24,1.6393952334206634,-3.132476945158607
12.245000000000001,[1.05016161],12.245000000000001,1.635878056519403,-3.1468109706009315
12.25,[1.0444781],12.25,1.6323608796181432,-3.2288730865436683
12.255,[1.03879968],12.255,1.6288437027168832,-3.2285040792466755
12.26,[1.03313308],12.26,1.625326525815623,-3.2297688823649926
12.265,[1.02747486],12.265,1.6210277540474165,-3.2297762974317936
12.27,[1.02183171],12.27,1.6171197797126828,-3.2780502311907127
12.275,[1.01621868],12.275,1.6128210079444762,-3.2755795033035184
12.280000000000001,[1.01063916],12.280000000000001,1.6087176348930061,-3.2734130444150815
12.285,[1.00507762],12.285,1.604614261841536,-3.2071892369457706
12.290000000000001,[0.9995212],12.290000000000001,1.6014878823737493,-3.294795349650648
12.295,[0.99397763],12.295,1.5973845093222792,-3.296232315684361
12.3,[0.98845367],12.3,1.5930857375540726,-3.297609617211486
12.305,[0.98294608],12.305,1.589177763219339,-3.302583094600588
12.31,[0.97745228],12.31,1.5854651876013421,-3.3100606249787146
12.315,[0.97197041],12.315,1.580971017116399,-3.3150529110159805
12.32,[0.96649938],12.32,1.5778446376486122,-3.3282376520954604
12.325000000000001,[0.9610391],12.325000000000001,1.5733504671636689,-3.3359529298786166
12.33,[0.95559046],12.33,1.5688562966787254,-3.344478381353535
12.335,[0.95015536],12.335,1.5645575249105188,-3.354456196174802
12.34,[0.94474453],12.34,1.5610403480092587,-3.3874203409398236
12.345,[0.93937589],12.345,1.556546177524315,-3.3908268349869464
12.35,[0.93405706],12.35,1.5516612096058984,-3.391932370374404
12.355,[0.92879463],12.355,1.5463854442540081,-3.3899365556601246
12.36,[0.92360227],12.36,1.5418912737690649,-3.3965836869360793
12.365,[0.91848419],12.365,1.537006305850648,-3.3986294319761616
12.370000000000001,[0.91343665],12.370000000000001,1.5332937302326515,-3.405411050067961
12.375,[0.90845673],12.375,1.5284087623142348,-3.4059613755397216
12.38,[0.90354212],12.38,1.5245007879795012,-3.4109263151710305
12.385,[0.89869086],12.385,1.5207882123615046,-3.4165358018196983
12.39,[0.89390802],12.39,1.5168802380267712,-3.4071862177924928
12.395,[0.88920434],12.395,1.5131676624087744,-3.4173480135316567
12.4,[0.88458157],12.4,1.5090642893573043,-3.4228501235712367
12.405000000000001,[0.88003365],12.405000000000001,1.5059379098895176,-3.4315481902380847
12.41,[0.87554786],12.41,1.5012483406878376,-3.4326194798932783
12.415000000000001,[0.87110568],12.415000000000001,1.497340366353104,-3.436957240520205
12.42,[0.86669719],12.42,1.4932369933016338,-3.4390213858571985
12.425,[0.86231989],12.425,1.489133620250164,-3.4404907290337112
12.43,[0.85797092],12.43,1.485030247198694,-3.441700799883805
12.435,[0.85364725],12.435,1.481317671580697,-3.444704111809901
12.44,[0.84934572],12.44,1.4781912921129103,-3.4505406145959028
12.445,[0.84506304],12.445,1.4738925203447035,-3.4505388499118665
12.450000000000001,[0.84079577],12.450000000000001,1.469593748576497,-3.45041045364928
12.455,[0.8365404],12.455,1.4658811729585002,-3.453113680548872
12.46,[0.83228634],12.46,1.4613870024735567,-3.4385659486657856
12.465,[0.82801735],12.465,1.45708823070535,-3.4449367602347216
12.47,[0.82371995],12.47,1.4520078640701966,-3.4170712105456036
12.475,[0.81938316],12.475,1.4477090923019897,-3.43232649777227
12.48,[0.81500506],12.48,1.4438011179672565,-3.4421294953768458
12.485,[0.81059138],12.485,1.4400885423492595,-3.4492607486359925
12.49,[0.80614709],12.49,1.4359851692977899,-3.4527760958302594
12.495000000000001,[0.80167648],12.495000000000001,1.4324679923965296,-3.458403539072448
12.5,[0.79719055],12.5,1.427973821911586,-3.455363151359189
12.505,[0.79270588],12.505,1.4246520437270627,-3.464555948279561
12.51,[0.78822895],12.51,1.420939468109066,-3.4698014529004233
12.515,[0.78375759],12.515,1.4166406963408593,-3.4710598944494224
12.52,[0.77928968],12.52,1.4129281207228626,-3.47471065382045
12.525,[0.77482332],12.525,1.4088247476713924,-3.4763050012818346
12.530000000000001,[0.77036431],12.530000000000001,1.405698368203606,-3.4753073631225324
12.535,[0.76593232],12.535,1.4023765900190825,-3.4627802383239814
12.540000000000001,[0.76154383],12.540000000000001,1.3982732169676122,-3.478710072016602
12.545,[0.75720509],12.545,1.3947560400663521,-3.4638975313063978
12.55,[0.75292093],12.55,1.3898710721479355,-3.4774513707740686
12.555,[0.74868759],12.555,1.3857676990964651,-3.486046370587273
12.56,[0.74449412],12.56,1.3824459209119417,-3.493982763949088
12.565,[0.74033092],12.565,1.378342547860472,-3.4958600514570315
12.57,[0.73618965],12.57,1.374629972242475,-3.4985642036224154
12.575000000000001,[0.73206328],12.575000000000001,1.3697450043240584,-3.495023283407703
12.58,[0.72794602],12.58,1.3654462325558518,-3.494143352528985
12.585,[0.72383318],12.585,1.3611474607876448,-3.4932295331404877
12.59,[0.71972098],12.59,1.3572394864529114,-3.494238060933264
12.595,[0.71561329],12.595,1.3535269108349148,-3.484519454674672
12.6,[0.7115203],12.6,1.3502051326503914,-3.49426045141015
12.605,[0.70744322],12.605,1.3457109621654482,-3.4953663258411694
12.61,[0.70337558],12.61,1.3410213929637678,-3.493796086272376
12.615,[0.69931166],12.615,1.3371134186290345,-3.495236304175843
12.620000000000001,[0.69524649],12.620000000000001,1.3326192481440908,-3.4934023892962256
12.625,[0.69117602],12.625,1.3291020712428308,-3.496220586636612
12.63,[0.68709703],12.63,1.324412502041151,-3.4932559133068657
12.635,[0.68300707],12.635,1.3205045277064174,-3.4942480372721003
12.64,[0.67891134],12.64,1.3173781482386306,-3.4876507237956895
12.645,[0.67481424],12.645,1.3119069841700037,-3.4909363547962973
12.65,[0.67070523],12.65,1.308389807268744,-3.494475668319139
12.655000000000001,[0.66657542],12.655000000000001,1.3035048393503272,-3.49105862398601
12.66,[0.66241737],12.66,1.2990106688653837,-3.472081969431756
12.665000000000001,[0.6582179],12.665000000000001,1.2941257009469669,-3.477100598296461
12.67,[0.65397363],12.67,1.2900223278954968,-3.482278980840475
12.675,[0.64968969],12.675,1.2851373599770801,-3.481847302128687
12.68,[0.64537155],12.68,1.2796661959084534,-3.4774989925528486
12.685,[0.64102507],12.685,1.27575822157372,-3.4803511706531123
12.69,[0.63665671],12.69,1.2718502472389868,-3.4828072858879344
12.695,[0.63227368],12.695,1.2679422729042533,-3.484672089111347
12.700000000000001,[0.62789],12.700000000000001,1.26462049471973,-3.472656091188762
12.705,[0.62352515],12.705,1.2607125203849965,-3.477578037586905
12.71,[0.61919032],12.71,1.2569999447669995,-3.4815240443919855
12.715,[0.61488958],12.715,1.253091970432266,-3.4831056947169645
12.72,[0.61062695],12.72,1.2493793948142695,-3.484732338223709
12.725,[0.60640625],12.725,1.245666819196273,-3.4859813141759877
12.73,[0.6022307],12.73,1.241954243578276,-3.4869882819141083
12.735,[0.59810281],12.735,1.237850870526806,-3.486023108705494
12.74,[0.5940243],12.74,1.2341382949088093,-3.48699463024114
12.745000000000001,[0.58999599],12.745000000000001,1.2296441244238658,-3.4842024854336198
12.75,[0.58601227],12.75,1.2239775616385025,-3.4926024603950756
12.755,[0.58206208],12.755,1.2206557834539788,-3.492032828333333
12.76,[0.57813548],12.76,1.215966214252299,-3.495403000307633
12.765,[0.5742238],12.765,1.2114720437673556,-3.489434904536936
12.77,[0.57032536],12.77,1.2075640694326222,-3.485009015464132
12.775,[0.56643918],12.775,1.202874500230942,-3.4878268320000716
12.780000000000001,[0.56255952],12.780000000000001,1.199357323329682,-3.4851947623871538
12.785,[0.55868758],12.785,1.1956447477116852,-3.4802240578540844
12.790000000000001,[0.55483551],12.790000000000001,1.1925183682438982,-3.4538000811469685
12.795,[0.5510189],12.795,1.1884149951924285,-3.454214464675519
12.8,[0.54725072],12.8,1.1850932170079052,-3.4250447110925957
12.805,[0.54354154],12.805,1.1815760401066449,-3.436733096226483
12.81,[0.53989462],12.81,1.1776680657719116,-3.4425330502389726
12.815,[0.53630694],12.815,1.1737600914371782,-3.445556026370173
12.82,[0.53277525],12.82,1.169656718385708,-3.445889666224757
12.825000000000001,[0.52930112],12.825000000000001,1.1663349402011847,-3.4157386973250143
12.83,[0.5258902],12.83,1.1624269658664512,-3.42556872394699
12.835,[0.52254132],12.835,1.1583235928149813,-3.4302507037195458
12.84,[0.51924762],12.84,1.1546110171969846,-3.433627383064428
12.845,[0.51600264],12.845,1.1514846377291978,-3.437752065529843
12.85,[0.51281046],12.85,1.1481628595446745,-3.437151780902171
12.855,[0.50967903],12.855,1.143082492909521,-3.454333142828196
12.86,[0.50659922],12.86,1.1393699172915244,-3.4459348961714364
12.865,[0.50355766],12.865,1.1360481391070005,-3.4401199396624094
12.870000000000001,[0.50054262],12.870000000000001,1.1313585699053208,-3.4491365595736965
12.875,[0.49754382],12.875,1.1276459942873238,-3.4146468430650465
12.88,[0.49456242],12.88,1.1243242161028004,-3.4133172186566587
12.885,[0.49160426],12.885,1.1204162417680672,-3.376686512813859
12.89,[0.48866913],12.89,1.1167036661500704,-3.4126264831448636
12.895,[0.48575173],12.895,1.1131864892488104,-3.376931016809915
12.9,[0.4828526],12.9,1.1090831161973405,-3.3774130395964597
12.905000000000001,[0.47996771],12.905000000000001,1.1038073508454502,-3.3960641512933
12.91,[0.4770844],12.91,1.09970397779398,-3.3836923869651057
12.915000000000001,[0.47419753],12.915000000000001,1.09560060474251,-3.3716545581397184
12.92,[0.47130833],12.92,1.0922788265579866,-3.3639345373594067
12.925,[0.46842297],12.925,1.0887616496567265,-3.32521147334311
12.93,[0.46555168],12.93,1.0858306689056765,-3.329153395797215
12.935,[0.46270339],12.935,1.0821180932876797,-3.2933644733565117
12.94,[0.45988575],12.94,1.0786009163864199,-3.3005553114318817
12.945,[0.45710123],12.945,1.0752791382018962,-3.3039036341701653
12.950000000000001,[0.4543519],12.950000000000001,1.0717619613006362,-3.2696015954122593
12.955,[0.4516437],12.955,1.0682447843993763,-3.276940382303562
12.96,[0.44897756],12.96,1.0651184049315896,-3.2817581141341177
12.965,[0.44635399],12.965,1.0617966267470662,-3.249313941209313
12.97,[0.44377699],12.97,1.0584748485625428,-3.258624386190394
12.975,[0.44124563],12.975,1.0543714755110727,-3.259800279844084
12.98,[0.43875855],12.98,1.0510496973265493,-3.2278705080804895
12.985,[0.43631417],12.985,1.0471417229918158,-3.2670449903445142
12.99,[0.4339068],12.99,1.0432337486570824,-3.2277664121348892
12.995000000000001,[0.43153505],12.995000000000001,1.0393257743223492,-3.229380740927561
13.0,[0.42920124],13.0,1.0360039961378256,-3.1973688715500135
13.005,[0.42690685],13.005,1.032291420519829,-3.205018854685017
13.01,[0.42464884],13.01,1.0283834461850954,-3.207215318585067
13.015,[0.42242033],13.015,1.0240846744168886,-3.204259902383426
13.02,[0.42021111],13.02,1.0199813013654186,-3.2300966794776382
13.025,[0.41801607],13.025,1.0166595231808953,-3.2247788735656413
13.030000000000001,[0.41583828],13.030000000000001,1.012165352695952,-3.2349476971049227
13.035,[0.41366848],13.035,1.0072803847775351,-3.234766162483121
13.040000000000001,[0.41149488],13.040000000000001,1.0035678091595384,-3.186754675796837
13.045,[0.40931924],13.045,0.9994644361080682,-3.1729821148715285
13.05,[0.40714318],13.05,0.9963380566402815,-3.165154554366908
13.055,[0.4049644],13.055,0.9924300823055481,-3.153956803788771
13.06,[0.40278122],13.06,0.9879359118206047,-3.1400302186595557
13.065,[0.40058889],13.065,0.9832463426189246,-3.152379834090395
13.07,[0.39838393],13.07,0.980119963151138,-3.109010079757035
13.075000000000001,[0.39617489],13.075000000000001,0.9769935836833512,-3.0726117436294715
13.08,[0.3939731],13.08,0.9726948119151444,-3.070568815082578
13.085,[0.39178127],13.085,0.9685914388636743,-3.0657498894740893
13.09,[0.38959849],13.09,0.9650742619624143,-3.060970332289661
13.095,[0.38742781],13.095,0.9615570850611541,-3.024305920642823
13.1,[0.38527226],13.1,0.9568675158594742,-3.0484003218963536
13.105,[0.3831314],13.105,0.9525687440912673,-3.0047857457466383
13.11,[0.3810084],13.11,0.9478791748895873,-2.995755518557729
13.115,[0.37890642],13.115,0.9429942069711705,-2.982630875539867
13.120000000000001,[0.37682535],13.120000000000001,0.9377184416192806,-2.966712914737281
13.125,[0.37476536],13.125,0.9332242711343369,-2.9527373221685527
13.13,[0.37272688],13.13,0.9295116955163404,-2.941842375417635
13.135,[0.37071059],13.135,0.9244313288811868,-2.923707468969488
13.14,[0.36871721],13.14,0.9203279558297169,-2.9102636919885945
13.145,[0.36674481],13.145,0.9146613930443533,-2.9134287766582165
13.15,[0.36478917],13.15,0.9111442161430933,-2.8959193172590374
13.155000000000001,[0.36284689],13.155000000000001,0.90606384950794,-2.8960944842006224
13.16,[0.36091522],13.16,0.9015696790229966,-2.870878020058143
13.165000000000001,[0.35899447],13.165000000000001,0.8978571034049997,-2.852486713268499
13.17,[0.35708743],13.17,0.8945353252204764,-2.8389198788894987
13.175,[0.35519632],13.175,0.8904319521690063,-2.8227319180943513
13.18,[0.35332296],13.18,0.8857423829673262,-2.804852911920348
13.185,[0.35146881],13.185,0.881052813765646,-2.7876323212534766
13.19,[0.34963498],13.19,0.8769494407141761,-2.77371843720021
13.195,[0.34782477],13.195,0.8732368650961793,-2.7377196909009855
13.200000000000001,[0.34604567],13.200000000000001,0.8695242894781825,-2.708516597288058
13.205,[0.34430371],13.205,0.8652255177099757,-2.7069533337863496
13.21,[0.34260112],13.21,0.8617083408087157,-2.680653411820312
13.215,[0.34093695],13.215,0.8566279741735624,-2.700510592804623
13.22,[0.33930756],13.22,0.8529153985555658,-2.6673208887864432
13.225,[0.33770949],13.225,0.8488120255040955,-2.686486643307018
13.23,[0.33613708],13.23,0.8449040511693621,-2.6735385212925573
13.235,[0.33458517],13.235,0.840800678117892,-2.6598664501069536
13.24,[0.33305145],13.24,0.8370881024998954,-2.648632526366274
13.245000000000001,[0.33153361],13.245000000000001,0.8333755268818985,-2.63779899353217
13.25,[0.33002684],13.25,0.8296629512639019,-2.65137968966598
13.255,[0.3285242],13.255,0.8261457743626417,-2.6357565561702456
13.26,[0.3270245],13.26,0.8228239961781183,-2.5981552692108716
13.265,[0.3255289],13.265,0.8173528321094915,-2.6086713812019746
13.27,[0.32403293],13.27,0.8140310539249681,-2.596872565205871
13.275,[0.32253253],13.275,0.8103184783069715,-2.584637812113023
13.280000000000001,[0.32102384],13.280000000000001,0.8052381116718181,-2.591889118929403
13.285,[0.31950069],13.285,0.800548542470138,-2.569506814679771
13.290000000000001,[0.31795775],13.290000000000001,0.7950773784015112,-2.570117389675932
13.295,[0.31639051],13.295,0.7901924104830944,-2.5436050368805105
13.3,[0.31479812],13.3,0.7858936387148877,-2.522858024790964
13.305,[0.3131801],13.305,0.7806178733629977,-2.524653264049883
13.31,[0.31153354],13.31,0.7772960951784743,-2.5058887574278477
13.315,[0.30985914],13.315,0.7731927221270041,-2.485981472442489
13.32,[0.30815782],13.32,0.7681123554918509,-2.488497621204223
13.325000000000001,[0.30642521],13.325000000000001,0.762641191423224,-2.4825594488544716
13.33,[0.30466082],13.33,0.7587332170884905,-2.432928884216574
13.335,[0.30287565],13.335,0.7558022363374406,-2.3970993270103085
13.34,[0.30108194],13.34,0.751894262002707,-2.392372297395044
13.345,[0.29928453],13.345,0.7475954902345003,-2.3842617387979805
13.35,[0.29748475],13.35,0.7440783133332403,-2.3787532676878844
13.355,[0.29568653],13.355,0.7405611364319802,-2.3448431352109926
13.36,[0.29389602],13.36,0.7366531620972468,-2.3438374879834334
13.365,[0.29211551],13.365,0.7331359851959867,-2.3418532146766116
13.370000000000001,[0.29034408],13.370000000000001,0.7296188082947267,-2.3376056804291627
13.375,[0.2885809],13.375,0.7249292390930466,-2.3258448720190543
13.38,[0.28682804],13.38,0.7218028596252599,-2.293533816662359
13.385,[0.28508727],13.385,0.7175040878570531,-2.3160468837197348
13.39,[0.28335729],13.39,0.7147685058227398,-2.282739898740144
13.395,[0.28163976],13.395,0.711055930204743,-2.278539431919248
13.4,[0.27993611],13.4,0.7075387533034829,-2.2732718963804492
13.405000000000001,[0.27824482],13.405000000000001,0.7022629879515929,-2.257650032284765
13.41,[0.27656462],13.41,0.6975734187499129,-2.2437167389234385
13.415000000000001,[0.27489445],13.415000000000001,0.6942516405653893,-2.2358857714354543
13.42,[0.27323086],13.42,0.6899528687971827,-2.2469709847264716
13.425,[0.27157102],13.425,0.6856540970289758,-2.2016037395528523
13.43,[0.26991782],13.43,0.6815507239775059,-2.190448781440063
13.435,[0.26827132],13.435,0.6764703573423524,-2.1981177853496052
13.44,[0.26662655],13.44,0.6727577817243556,-2.180802029674345
13.445,[0.26498199],13.445,0.6680682125226756,-2.1601504758205405
13.450000000000001,[0.26334149],13.450000000000001,0.6653326304883622,-2.126139015702154
13.455,[0.26171088],13.455,0.6614246561536288,-2.1185497637335398
13.46,[0.26009018],13.46,0.6559534920850019,-2.1252694142992987
13.465,[0.25847464],13.465,0.651850119033532,-2.1069943235290736
13.47,[0.25686279],13.47,0.6467697523983785,-2.0849430410699656
13.475,[0.25525598],13.475,0.6430571767803818,-2.070736328795347
13.48,[0.25365777],13.48,0.639930797312595,-2.036759076162721
13.485,[0.25207355],13.485,0.6358274242611249,-2.02852668543003
13.49,[0.25050554],13.49,0.6321148486431284,-2.0203785857391985
13.495000000000001,[0.24895332],13.495000000000001,0.6287930704586048,-2.012637198516461
13.5,[0.24741878],13.5,0.6256666909908181,-1.9822533831627762
13.505,[0.24590575],13.505,0.622149514089558,-1.97851366956829
13.51,[0.2444152],13.51,0.6182415397548247,-1.9702308147765009
13.515,[0.24294571],13.515,0.6145289641368279,-1.9609603704203051
13.52,[0.24149818],13.52,0.6108163885188312,-1.9288860848966858
13.525,[0.24007535],13.525,0.6071038129008345,-1.9239714799617662
13.530000000000001,[0.23867731],13.530000000000001,0.6033912372828377,-1.9166833378447596
13.535,[0.23729987],13.535,0.5985062693644211,-1.9223969433763288
13.540000000000001,[0.23593936],13.540000000000001,0.595575288613371,-1.889307757120894
13.545,[0.23459864],13.545,0.5918627129953741,-1.8590003988410606
13.55,[0.23328194],13.55,0.5881501373773773,-1.855162450563672
13.555,[0.23198849],13.555,0.5840467643259073,-1.8470301447346082
13.56,[0.23071531],13.56,0.5805295874246473,-1.8399945355373086
13.565,[0.22945958],13.565,0.5772078092401239,-1.832878243804795
13.57,[0.2282186],13.57,0.5736906323388637,-1.8239981167838897
13.575000000000001,[0.22698977],13.575000000000001,0.5691964618539204,-1.809776435331571
13.58,[0.22577272],13.58,0.5658746836693971,-1.7793526814207055
13.585,[0.22456897],13.585,0.5621621080514002,-1.7745124995402122
13.59,[0.22337534],13.59,0.5570817414162468,-1.7824231319421573
13.595,[0.22218689],13.595,0.5529783683647768,-1.744284541952276
13.6,[0.22100347],13.6,0.5494611914635167,-1.7372433721023322
13.605,[0.21982282],13.605,0.5447716222618366,-1.744335503910369
13.61,[0.21863885],13.61,0.5398866543434199,-1.7215254163037776
13.615,[0.2174466],13.615,0.5346108889915298,-1.7184528986738834
13.620000000000001,[0.21624413],13.620000000000001,0.5310937120902697,-1.6777054850584538
13.625,[0.21503414],13.625,0.527381136472273,-1.66476081109751
13.63,[0.21381916],13.63,0.5232777634208029,-1.649679201974867
13.635,[0.2125995],13.635,0.5189789916525962,-1.6332458658028601
13.64,[0.21137768],13.64,0.5148756186011261,-1.597194686747495
13.645,[0.21015609],13.645,0.5105768468329194,-1.6063937196046552
13.65,[0.20893498],13.65,0.5074504673651327,-1.5739267948856834
13.655000000000001,[0.20771661],13.655000000000001,0.5037378917471359,-1.564484749125483
13.66,[0.20650313],13.66,0.49963451869566583,-1.5517453287953178
13.665000000000001,[0.20529455],13.665000000000001,0.49553114564419576,-1.53792763841332
13.67,[0.20408923],13.67,0.491232373875989,-1.540832706213821
13.675,[0.20288598],13.675,0.48751979825799224,-1.5038860371758258
13.68,[0.20168752],13.68,0.48380722263999554,-1.4920284105097117
13.685,[0.20049626],13.685,0.4795084508717888,-1.4768098567197783
13.69,[0.19931248],13.69,0.4750142803868453,-1.4602616015969008
13.695,[0.19813639],13.695,0.47149710348558527,-1.4484887382741776
13.700000000000001,[0.19696809],13.700000000000001,0.4673937304341152,-1.4338825408683373
13.705,[0.19580752],13.705,0.46368115481611855,-1.4212945444474958
13.71,[0.19465626],13.71,0.4605547753483318,-1.3931442413891681
13.715,[0.19351719],13.715,0.4560606048633884,-1.3823124257780894
13.72,[0.19238895],13.72,0.45176183309518164,-1.3898592690439568
13.725,[0.19126655],13.725,0.4472676626102382,-1.3713269213368386
13.73,[0.19014914],13.73,0.4437504857089781,-1.3388497993205755
13.735,[0.18903947],13.735,0.44003791009098137,-1.330880993500321
13.74,[0.18793966],13.74,0.437302328056668,-1.3071542725203416
13.745000000000001,[0.18684944],13.745000000000001,0.4333943537219346,-1.3215110489130568
13.75,[0.18576468],13.75,0.4294863793872012,-1.308288512470604
13.755,[0.18468168],13.755,0.4251876076189945,-1.2927114110456108
13.76,[0.183601],13.76,0.42186582943447104,-1.2621374801410243
13.765,[0.18252299],13.765,0.4179578550997376,-1.274251870583433
13.77,[0.18144594],13.77,0.4134636846147942,-1.2363550932173402
13.775,[0.18036832],13.775,0.4081879192629041,-1.2403692997689104
13.780000000000001,[0.17928877],13.780000000000001,0.40486614107838076,-1.2070958448605895
13.785,[0.17820804],13.785,0.4003719705934373,-1.1944990116509333
13.790000000000001,[0.17712482],13.790000000000001,0.3950962052415472,-1.1968324781182877
13.795,[0.17603412],13.795,0.39099283219007713,-1.178197965941298
13.8,[0.17493573],13.8,0.38747565528881706,-1.1433353260133134
13.805,[0.17383347],13.805,0.38356768095408367,-1.1331091464153613
13.81,[0.17272682],13.81,0.37887811175240366,-1.1375520981249418
13.815,[0.17161353],13.815,0.3757517322846169,-1.1036191724049453
13.82,[0.17049569],13.82,0.3724299541000935,-1.0950575348721772
13.825000000000001,[0.16937521],13.825000000000001,0.3685219797653601,-1.0827866104042236
13.83,[0.16825381],13.83,0.36480940414736335,-1.0511091658406122
13.835,[0.16713677],13.835,0.36148762596283995,-1.0264835502826828
13.84,[0.16602489],13.84,0.35543026574400316,-1.0503147509680717
13.845,[0.16491151],13.845,0.35249928499295313,-1.0363871083190817
13.85,[0.16379482],13.85,0.3487867093749564,-1.0006887134747102
13.855,[0.16267899],13.855,0.34526953247369635,-0.9909073175207628
13.86,[0.16156764],13.86,0.3419477542891729,-0.9625494668338659
13.865,[0.16046389],13.865,0.33862597610464956,-0.9572404804563827
13.870000000000001,[0.15936701],13.870000000000001,0.3347180017699161,-0.9646395099974951
13.875,[0.15827639],13.875,0.33178702101886604,-0.9557286884471008
13.88,[0.15719506],13.88,0.32748824925065934,-0.9531896554967487
13.885,[0.15612397],13.885,0.3239710723493993,-0.915528724831808
13.89,[0.1550623],13.89,0.3194769018644558,-0.9134768112829309
13.895,[0.15400791],13.895,0.3163505223966691,-0.8964782478736755
13.9,[0.15295908],13.9,0.31185635191172567,-0.8741876336260863
13.905000000000001,[0.15191766],13.905000000000001,0.30833917501046565,-0.8414920762875358
13.91,[0.15088681],13.91,0.3042358019589956,-0.8275765481892073
13.915000000000001,[0.14986767],13.915000000000001,0.3005232263409988,-0.8147539836790579
13.92,[0.14885973],13.92,0.29622445457279206,-0.7982428539845935
13.925,[0.14786259],13.925,0.2923164802380587,-0.7831082935719306
13.93,[0.14687597],13.93,0.28860390462006197,-0.7683849762624485
13.935,[0.14590108],13.935,0.2846959302853286,-0.7376125044708607
13.94,[0.14494033],13.94,0.28059255723385845,-0.7253024906968378
13.945,[0.14399435],13.945,0.27668458289912506,-0.7124850284838057
13.950000000000001,[0.14306223],13.950000000000001,0.2729720072811283,-0.6994534396691044
13.955,[0.14214322],13.955,0.2694548303798682,-0.6865589155437875
13.96,[0.14123669],13.96,0.26554685604513484,-0.6711738497223178
13.965,[0.14034215],13.965,0.26163888171040145,-0.6553278394133624
13.97,[0.13945917],13.97,0.2573401099421947,-0.6372542081751099
13.975,[0.13858744],13.975,0.253627534324198,-0.621812674111834
13.98,[0.13772673],13.98,0.24991495870620126,-0.6062323226656448
13.985,[0.13687687],13.985,0.2450299907877845,-0.584689695309131
13.99,[0.13603777],13.99,0.24151281388652443,-0.5696795386828035
13.995000000000001,[0.13521054],13.995000000000001,0.23760483955179101,-0.5404906343356795
14.0,[0.13439836],14.0,0.2344784600840043,-0.5189031688967045
14.005,[0.13360387],14.005,0.23096128318274423,-0.5100846247671988
14.01,[0.13282591],14.01,0.22588091654759082,-0.5029906049337278
14.015,[0.13206138],14.015,0.22177754349612072,-0.48398859439887665
14.02,[0.13130885],14.02,0.21786956916138733,-0.4655963952743399
14.025,[0.13056828],14.025,0.2145477909768639,-0.4500963861453704
14.030000000000001,[0.12983978],14.030000000000001,0.21044441792539384,-0.43092421116196983
14.035,[0.12912353],14.035,0.20653644359066042,-0.4124722836558457
14.040000000000001,[0.12841983],14.040000000000001,0.20184687438898036,-0.39003454845391006
14.045,[0.12772987],14.045,0.19911129235466699,-0.36833626609413733
14.05,[0.12705476],14.05,0.1942263244362502,-0.35607078526758673
14.055,[0.12639467],14.055,0.1905137488182535,-0.32942271737162837
14.06,[0.12575054],14.06,0.18699657191699343,-0.31451195330312043
14.065,[0.12512324],14.065,0.18387019244920672,-0.3008918360801792
14.07,[0.12451349],14.07,0.18074381298141998,-0.2797378716628984
14.075000000000001,[0.12392252],14.075000000000001,0.1772266360801599,-0.2656335741895166
14.08,[0.12335131],14.08,0.17370945917889985,-0.24412207558114657
14.085,[0.12280118],14.085,0.17038768099437648,-0.22525757682198905
14.09,[0.12227256],14.09,0.165307314359223,-0.21080048968381004
14.095,[0.12176458],14.095,0.16237633360817297,-0.1919613045844772
14.1,[0.1212765],14.1,0.15768676440649287,-0.17656405082935364
14.105,[0.1208077],14.105,0.1543649862219695,-0.15523796966982983
14.11,[0.12035805],14.11,0.1504570118872361,-0.13745033826335284
14.115,[0.11992743],14.115,0.14674443626923936,-0.1201157247384113
14.120000000000001,[0.11951527],14.120000000000001,0.14342265808471594,-0.1043072301657389
14.125,[0.11912102],14.125,0.13971008246671923,-0.08630491608305844
14.13,[0.11874455],14.13,0.1365837029989325,-0.0674445648540553
14.135,[0.11838598],14.135,0.13306652609767244,-0.05130270004055849
14.14,[0.11804478],14.14,0.128572355612729,-0.03274092657321273
14.145,[0.11772011],14.145,0.1252505774282056,-0.012748792352635303
14.15,[0.11741181],14.15,0.1221241979604189,0.00234165157508774
14.155000000000001,[0.11711974],14.155000000000001,0.11841162234242215,0.020662546359784012
14.16,[0.11684368],14.16,0.11528524287463544,0.03817440714847627
14.165000000000001,[0.11658357],14.165000000000001,0.11118186982316537,0.05775849356735753
14.17,[0.11633913],14.17,0.10825088907211532,0.07171921672068357
14.175,[0.11611],14.175,0.10571070575453859,0.08507580147405638
14.18,[0.11589597],14.18,0.10258432628675188,0.09947934493349785
14.185,[0.11569665],14.185,0.09945794681896515,0.11388947456287572
14.19,[0.1155115],14.19,0.09691776350138845,0.12523811263419718
14.195,[0.11534005],14.195,0.09437758018381173,0.1366932309115011
14.200000000000001,[0.1151818],14.200000000000001,0.09242359301644502,0.14515147483030127
14.205,[0.11503631],14.205,0.09066500456581499,0.1524017369955401
14.21,[0.11490312],14.21,0.08832021996497495,0.16226117688980313
14.215,[0.11478177],14.215,0.08617083408087158,0.1711794545146206
14.22,[0.11467181],14.22,0.08460764434697822,0.17703850548327463
14.225,[0.11457276],14.225,0.08304445461308485,0.18271608976274564
14.23,[0.11448416],14.23,0.0820674610294015,0.18585800248273893
14.235,[0.11440556],14.235,0.0806996700122448,0.19135155638810697
14.24,[0.11433673],14.24,0.08011347386203481,0.19400496993941752
14.245000000000001,[0.11427841],14.245000000000001,0.07913648027835145,0.20648728377598152
14.25,[0.11423273],14.25,0.07874568284487811,0.2125381194506742
14.255,[0.11420212],14.255,0.07855028412814144,0.2174296282585167
14.26,[0.11418815],14.26,0.07855028412814144,0.21433726854845747
14.265,[0.11419175],14.265,0.07835488541140477,0.21941307002188845
14.27,[0.11421426],14.27,0.07855028412814144,0.22138945502211313
14.275,[0.1142567],14.275,0.07855028412814144,0.2165321545606951
14.280000000000001,[0.11431962],14.280000000000001,0.07894108156161479,0.2228325063746125
14.285,[0.11440361],14.285,0.07913648027835145,0.21393470230358844
14.290000000000001,[0.11450773],14.290000000000001,0.07952727771182479,0.20858378756849646
14.295,[0.11462956],14.295,0.08011347386203481,0.19752039367008875
14.3,[0.11476564],14.3,0.0806996700122448,0.18451284980508237
14.305,[0.1149117],14.305,0.08128586616245481,0.17614821218625748
14.31,[0.11506395],14.31,0.0820674610294015,0.16856162735847904
14.315,[0.11521924],14.315,0.08284905589634818,0.16145695607899443
14.32,[0.11537471],14.32,0.08363065076329486,0.15472648776876724
14.325000000000001,[0.11552774],14.325000000000001,0.08441224563024154,0.14814631336543188
14.33,[0.11567587],14.33,0.08519384049718824,0.14132571277727932
14.335,[0.11581677],14.335,0.08636623279760824,0.1325755966598097
14.34,[0.11594823],14.34,0.08695242894781824,0.126617877269939
14.345,[0.11606872],14.345,0.08773402381476494,0.12274092079464748
14.35,[0.11617737],14.35,0.08871101739844828,0.1149470864435939
14.355,[0.11627284],14.355,0.08949261226539497,0.10789887560105556
14.36,[0.11635335],14.36,0.09046960584907832,0.09971512022665212
14.365,[0.11641671],14.365,0.09144659943276168,0.08643529430279934
14.370000000000001,[0.11646039],14.370000000000001,0.09242359301644502,0.0790749599667502
14.375,[0.11648246],14.375,0.09340058660012837,0.07139635222828375
14.38,[0.11648161],14.38,0.09418218146707506,0.0644191490827085
14.385,[0.11645662],14.385,0.09496377633402173,0.05725749357079161
14.39,[0.11640645],14.39,0.09554997248423175,0.050974964524204545
14.395,[0.11633019],14.395,0.09633156735117841,0.04382390232428074
14.4,[0.11622786],14.4,0.09691776350138845,0.046074992232294956
14.405000000000001,[0.11610035],14.405000000000001,0.09750395965159846,0.037767082667541516
14.41,[0.11594854],14.41,0.09809015580180845,0.03902542575316425
14.415000000000001,[0.11577337],14.415000000000001,0.0984809532352818,0.030657626848292964
14.42,[0.11557496],14.42,0.09906714938549181,0.02232207609044677
14.425,[0.1153527],14.425,0.0996533455357018,0.01477922616143541
14.43,[0.11510709],14.43,0.10004414296917516,0.018524081302303663
14.435,[0.11483959],14.435,0.10023954168591184,0.011435811089142843
14.44,[0.11455073],14.44,0.10063033911938518,0.004292247049503465
14.445,[0.11424111],14.445,0.1010211365528585,0.008284899052020588
14.450000000000001,[0.11391236],14.450000000000001,0.10121653526959519,0.0006515422981266201
14.455,[0.11356506],14.455,0.10121653526959519,-0.004760375928637664
14.46,[0.1131989],14.46,0.10141193398633185,-0.01018312951334958
14.465,[0.11281374],14.465,0.10141193398633185,-0.013995332125745387
14.47,[0.11241063],14.47,0.10141193398633185,-0.00649537191294599
14.475,[0.11199163],14.475,0.10121653526959519,-0.01148135077576085
14.48,[0.11155766],14.48,0.10121653526959519,-0.0162462666404735
14.485,[0.11110869],14.485,0.1010211365528585,-0.01910022440934384
14.49,[0.1106459],14.49,0.10082573783612185,-0.01053109518361327
14.495000000000001,[0.11017149],14.495000000000001,0.10082573783612185,-0.01634659392117
14.5,[0.10968657],14.5,0.10043494040264851,-0.01880040249807249
14.505,[0.10919038],14.505,0.10004414296917516,-0.030117794983161715
14.51,[0.10868259],14.51,0.0996533455357018,-0.017699197404695496
14.515,[0.10816512],14.515,0.09945794681896515,-0.019265794214316827
14.52,[0.1076399],14.52,0.09887175066875514,-0.018377504292567317
14.525,[0.10710798],14.525,0.0984809532352818,-0.01795794293792185
14.530000000000001,[0.10657054],14.530000000000001,0.09789475708507178,-0.015963386219711086
14.535,[0.10602893],14.535,0.09750395965159846,-0.014761701776399728
14.540000000000001,[0.10548456],14.540000000000001,0.0971131622181251,-0.013384396434853972
14.545,[0.10493893],14.545,0.09672236478465177,-0.011951841421045516
14.55,[0.10439422],14.55,0.09633156735117841,-0.0029739236002354658
14.555,[0.10385317],14.555,0.09574537120096842,-0.0030363267198737338
14.56,[0.10331816],14.56,0.09535457376749508,0.0037087754754951516
14.565,[0.10279126],14.565,0.09476837761728506,0.0027165890602533576
14.57,[0.10227365],14.57,0.09437758018381173,0.0016523891574022646
14.575000000000001,[0.10176573],14.575000000000001,0.09398678275033838,0.001308689545542117
14.58,[0.10126849],14.58,0.09379138403360171,0.006516335291239852
14.585,[0.10078333],14.585,0.09359598531686505,0.0038809117243616114
14.59,[0.10031089],14.59,0.0932051878833917,0.0029391492774666446
14.595,[0.09985114],14.595,0.0932051878833917,0.0006771018271236103
14.6,[0.09940456],14.6,0.09300978916665503,0.004800581616332837
14.605,[0.098972],14.605,0.09300978916665503,0.0014578495680638705
14.61,[0.09855366],14.61,0.09281439044991838,-0.00032128615541188746
14.615,[0.0981492],14.615,0.09281439044991838,-0.0025650122388924017
14.620000000000001,[0.09775832],14.620000000000001,0.09261899173318171,-0.003343132786521129
14.625,[0.09738076],14.625,0.09261899173318171,-0.004870335396854678
14.63,[0.09701594],14.63,0.09261899173318171,-0.00974308480421424
14.635,[0.09666339],14.635,0.09242359301644502,-0.00458222547552283
14.64,[0.09632341],14.64,0.09242359301644502,-0.005434148746505779
14.645,[0.09599629],14.645,0.09222819429970835,-0.0049818912362437785
14.65,[0.09568194],14.65,0.09222819429970835,-0.005230717555325743
14.655000000000001,[0.09538029],14.655000000000001,0.09222819429970835,-0.005332709460017852
14.66,[0.09509153],14.66,0.09203279558297167,-0.0018917307668902198
14.665000000000001,[0.0948158],14.665000000000001,0.09183739686623502,-0.00391845419302889
14.67,[0.09455317],14.67,0.09183739686623502,-0.005072488124636955
14.675,[0.09430385],14.675,0.09164199814949833,-0.005389124960312543
14.68,[0.09406763],14.68,0.09164199814949833,-0.004123255613508587
14.685,[0.09384398],14.685,0.09164199814949833,-0.0044368159917899845
14.69,[0.09363253],14.69,0.09144659943276168,-0.0020334451384504946
14.695,[0.09343321],14.695,0.09144659943276168,4.904375158282284e-05
14.700000000000001,[0.09324606],14.700000000000001,0.09125120071602501,0.00041156924777965257
14.705,[0.09307095],14.705,0.09144659943276168,0.0008298896929090446
14.71,[0.09290777],14.71,0.09144659943276168,0.001076950498260141
14.715,[0.09275641],14.715,0.09144659943276168,0.0012056731781113729
14.72,[0.09261667],14.72,0.09144659943276168,0.0017867146376333708
14.725,[0.09248836],14.725,0.09144659943276168,0.001708613724174182
14.73,[0.0923712],14.73,0.09144659943276168,0.0018621145157738464
14.735,[0.09226563],14.735,0.09144659943276168,0.010140952531689035
14.74,[0.09217482],14.74,0.09144659943276168,0.03173628473582898
14.745000000000001,[0.09210617],14.745000000000001,0.09144659943276168,0.06088141569232049
14.75,[0.09207084],14.75,0.09144659943276168,0.09403907530197059
14.755,[0.09207962],14.755,0.09144659943276168,0.09711955112963808
14.76,[0.09213873],14.76,0.09144659943276168,0.10209290164985882
14.765,[0.09225518],14.765,0.09144659943276168,0.14505568085037635
14.77,[0.09244294],14.77,0.09164199814949833,0.18297386940539956
14.775,[0.0927195],14.775,0.09183739686623502,0.21625306436309902
14.780000000000001,[0.09310201],14.780000000000001,0.09222819429970835,0.24400769537579328
14.785,[0.09360163],14.785,0.09261899173318171,0.2267482000935397
14.790000000000001,[0.09422373],14.790000000000001,0.09300978916665503,0.2596752029270468
14.795,[0.09497853],14.795,0.09379138403360171,0.2840204765094695
14.8,[0.09588057],14.8,0.09476837761728506,0.3020204349873997
14.805,[0.09693662],14.805,0.09554997248423175,0.2816347107217378
14.81,[0.09814654],14.81,0.09691776350138845,0.3053789601926073
14.815,[0.0995168],14.815,0.09769935836833513,0.3246783065419288
14.82,[0.1010599],14.82,0.09945794681896515,0.3333658860937305
14.825000000000001,[0.10278735],14.825000000000001,0.10082573783612185,0.3399219164677792
14.83,[0.10470169],14.83,0.10277972500348855,0.3276637642500189
14.835,[0.10679757],14.835,0.10473371217085524,0.3381470137565799
14.84,[0.10907944],14.84,0.10727389548843196,0.3346575490733803
14.845,[0.11157084],14.845,0.11020487623948202,0.25265187749656515
14.85,[0.11429377],14.85,0.11274505955705873,0.31290704844800626
14.855,[0.11724911],14.855,0.11489444544116212,0.2824277722091621
14.86,[0.12042854],14.86,0.11763002747547549,0.3212823337298615
14.865,[0.12382569],14.865,0.12056100822652555,0.2706659471370763
14.870000000000001,[0.12744924],14.870000000000001,0.12388278641104894,0.24138010144644367
14.875,[0.13132135],14.875,0.12700916587883565,0.26685298273925745
14.88,[0.13544923],14.88,0.12974474791314905,0.245600393273099
14.885,[0.1398421],14.885,0.13345732353114578,0.3318347758095372
14.89,[0.14454025],14.89,0.13677910171566918,0.3535957615765672
14.895,[0.14956277],14.895,0.14010087990019257,0.3204608045687566
14.9,[0.15489492],14.9,0.14361805680145262,0.358562706063815
14.905000000000001,[0.16054169],14.905000000000001,0.14752603113618606,0.39279675519626495
14.91,[0.16650645],14.91,0.15123860675418274,0.3642062223987508
14.915000000000001,[0.17277393],14.915000000000001,0.15456038493870616,0.4147941035146133
14.92,[0.17937002],14.92,0.15905455542364957,0.520965158375324
14.925,[0.18635581],14.925,0.163548725908593,0.5400737016376659
14.93,[0.19374213],14.93,0.16726130152658972,0.4962358320238714
14.935,[0.20149564],14.935,0.1705830797111131,0.5442638850520021
14.94,[0.20960625],14.94,0.17468645276258318,0.5846108660324145
14.945,[0.21808312],14.945,0.17839902838057992,0.623315846735417
14.950000000000001,[0.22692995],14.950000000000001,0.18152540784836665,0.6617101265890544
14.955,[0.23612347],14.955,0.18426098988268005,0.6301250135517593
14.96,[0.24561687],14.96,0.18777816678394008,0.6819443172880469
14.965,[0.25536493],14.965,0.1909045462517268,0.6613655636696527
14.97,[0.26532349],14.97,0.19461712186972355,0.717725760797473
14.975,[0.27546801],14.975,0.19793890005424694,0.7641151351779907
14.98,[0.28575326],14.98,0.20126067823877036,0.7990858298751485
14.985,[0.2960978],14.985,0.20458245642329373,0.8365330048920175
14.99,[0.30646401],14.99,0.20829503204129046,0.8648594600067724
14.995000000000001,[0.31684974],14.995000000000001,0.21220300637602388,0.8874390202591281
15.0,[0.32725964],15.0,0.21689257557770397,0.9505088719119927
15.005,[0.33768996],15.005,0.22021435376222737,0.9097159957749945
15.01,[0.34810133],15.01,0.2239269293802241,0.9305545140221747
15.015,[0.35845367],15.015,0.22744410628148415,0.9503251694693353
15.02,[0.36872123],15.02,0.2303750870325342,0.9712918000340384
15.025,[0.37888668],15.025,0.23486925751747764,1.0167489297493273
15.030000000000001,[0.38893018],15.030000000000001,0.23799563698526438,0.9913896273528773
15.035,[0.39881002],15.035,0.24190361131999777,1.0072823142796552
15.040000000000001,[0.40847883],15.040000000000001,0.2456161869379945,1.0859433292689062
15.045,[0.41789629],15.045,0.24893796512251787,1.1229018031576934
15.05,[0.42703637],15.05,0.2520643445903046,1.1621503542938392
15.055,[0.43589243],15.055,0.2567539137919847,1.1532968688708511
15.06,[0.44445909],15.06,0.2600756919765081,1.2271352292782272
15.065,[0.4527122],15.065,0.26359286887776817,1.2452641619082625
15.07,[0.46062699],15.07,0.2671100457790282,1.2694738963771306
15.075000000000001,[0.46819981],15.075000000000001,0.27062722268028827,1.2909262436438145
15.08,[0.47543841],15.08,0.27375360214807504,1.3123369202370934
15.085,[0.48235389],15.085,0.2780523739162818,1.3263276907032227
15.09,[0.48895362],15.09,0.28137415210080513,1.3247825682468322
15.095,[0.49524889],15.095,0.28645451873595856,1.3508599955257123
15.1,[0.50126827],15.1,0.28997169563721864,1.3635210090814633
15.105,[0.50702624],15.105,0.29329347382174203,1.3757475987134582
15.11,[0.51251805],15.11,0.2970060494397388,1.384238832358021
15.115,[0.51776684],15.115,0.30130482120794555,1.3630705314836182
15.120000000000001,[0.52281951],15.120000000000001,0.3044312006757322,1.3781553782558944
15.125,[0.5277041],15.125,0.3075575801435189,1.4075341021501508
15.13,[0.53242366],15.13,0.31087935832804237,1.407339575336913
15.135,[0.53698386],15.135,0.31498273137951244,1.416655773643154
15.14,[0.54140952],15.14,0.31830450956403583,1.4209716270154666
15.145,[0.54572492],15.145,0.32143088903182254,1.426077237245716
15.15,[0.54995574],15.15,0.32612045823350266,1.3843146086736324
15.155000000000001,[0.55413737],15.155000000000001,0.32944223641802606,1.423903727081696
15.16,[0.55829396],15.16,0.3327640146025494,1.4043379008496522
15.165000000000001,[0.56245095],15.165000000000001,0.3360857927870728,1.3700312680907225
15.17,[0.56664408],15.17,0.33960296968833287,1.3463625300854984
15.175,[0.57090686],15.175,0.34429253889001293,1.3569930066679627
15.18,[0.57526964],15.18,0.3480051145080097,1.37107018616016
15.185,[0.57975888],15.185,0.35269468370968976,1.3788128282684884
15.19,[0.58439672],15.19,0.3558210631774765,1.3931680783870792
15.195,[0.58920087],15.195,0.35894744264526324,1.4068525043752949
15.200000000000001,[0.59417211],15.200000000000001,0.3616830246795766,1.380133793779449
15.205,[0.59929694],15.205,0.3655909990143101,1.4024874090392097
15.21,[0.60456278],15.21,0.36871737848209674,1.3940385093718435
15.215,[0.60995853],15.215,0.37203915666662013,1.4171059588108963
15.22,[0.61548873],15.22,0.37614252971809026,1.4443730838497946
15.225,[0.62117227],15.225,0.37926890918587697,1.4750701705975797
15.23,[0.62702766],15.23,0.3829814848038737,1.5025451391128883
15.235,[0.63305732],15.235,0.3861078642716604,1.4804547518345303
15.24,[0.63924937],15.24,0.3892342437394471,1.5237295445224315
15.245000000000001,[0.64561069],15.245000000000001,0.3939238129411272,1.5552673374080124
15.25,[0.6521469],15.25,0.3978317872758606,1.5312001455944404
15.255,[0.658846],15.255,0.4013489641771207,1.576388346178785
15.26,[0.6657136],15.26,0.4046707423616441,1.6158143482109888
15.265,[0.67278658],15.265,0.4093603115633242,1.6992778961000399
15.27,[0.68009394],15.27,0.41268208974784754,1.6580990217371112
15.275,[0.68762362],15.275,0.4165900640825809,1.6887599419943682
15.280000000000001,[0.69534595],15.280000000000001,0.420107240983841,1.6630618402766615
15.285,[0.70325083],15.285,0.42401521531857445,1.7632713201019368
15.290000000000001,[0.71136209],15.290000000000001,0.4281185883700445,1.7844187281168942
15.295,[0.71969765],15.295,0.43163576527130454,1.8089724896431842
15.3,[0.7282357],15.3,0.4353483408893013,1.7766478718646959
15.305,[0.73693817],15.305,0.43847472035708807,1.8216032368120738
15.31,[0.74577091],15.31,0.44238269469182145,1.801713547069855
15.315,[0.75470342],15.315,0.44589987159308153,1.854379003235493
15.32,[0.76372613],15.32,0.4498078459278149,1.898456155416056
15.325000000000001,[0.77284709],15.325000000000001,0.453325022829075,1.939381896185131
15.33,[0.78205449],15.33,0.45645140229686165,1.9215047444693611
15.335,[0.79133719],15.335,0.46035937663159504,2.0285977357075082
15.34,[0.8007021],15.34,0.46407195224959186,1.999478908377939
15.345,[0.81013645],15.345,0.46778452786758856,2.0436274047565854
15.35,[0.81962809],15.35,0.47110630605211196,2.0853371095302946
15.355,[0.82918259],15.355,0.4748188816701087,2.1211701174017072
15.36,[0.83880275],15.36,0.4787268560048421,2.153479210248027
15.365,[0.84848886],15.365,0.48165783675589213,2.188485440502663
15.370000000000001,[0.85822232],15.370000000000001,0.4855658110906255,2.162798051757375
15.375,[0.8679687],15.375,0.48927838670862234,2.2070044273641614
15.38,[0.87771322],15.38,0.49279556360988236,2.2461456674186713
15.385,[0.8874572],15.385,0.49611734179440575,2.2809822596478315
15.39,[0.89718344],15.39,0.4992437212621924,2.2635264064850413
15.395,[0.90684483],15.395,0.5023701007299791,2.2595349491102885
15.4,[0.91641414],15.4,0.507255068648396,2.3502382266209625
15.405000000000001,[0.92589629],15.405000000000001,0.5103814481161826,2.333305883507514
15.41,[0.93529182],15.41,0.5140940237341795,2.411396992052347
15.415000000000001,[0.94459743],15.415000000000001,0.5178065993521761,2.386142401140477
15.42,[0.95379485],15.42,0.5219099724036462,2.4115572456574355
15.425,[0.96286486],15.425,0.5260133454551164,2.432348397966711
15.43,[0.97178991],15.43,0.5287489274894297,2.423125561121443
15.435,[0.98055167],15.435,0.5332430979743731,2.477893174295353
15.44,[0.98915252],15.44,0.5369556735923698,2.488660188612909
15.445,[0.99758283],15.445,0.5408636479271033,2.5474689160094024
15.450000000000001,[1.00582149],15.450000000000001,0.5453578184120467,2.5121754010224464
15.455,[1.01385856],15.455,0.5484841978798334,2.617339535001437
15.46,[1.02167738],15.46,0.5531737670815134,2.638302902593191
15.465,[1.02927037],15.465,0.5574725388497203,2.6269496837618336
15.47,[1.03664603],15.47,0.5613805131844536,2.6666637422157184
15.475,[1.04379766],15.475,0.5648976900857137,2.70087259124068
15.48,[1.0507066],15.48,0.5690010631371838,2.7142558042653193
15.485000000000001,[1.05736507],15.485000000000001,0.5727136387551806,2.7275268712245158
15.49,[1.06377483],15.49,0.576035416939704,2.741115758808013
15.495000000000001,[1.06993369],15.495000000000001,0.5793571951242272,2.732083954135571
15.5,[1.07584305],15.5,0.5838513656091707,2.7640597495949457
15.505,[1.08151385],15.505,0.5867823463602206,2.757263114209413
15.51,[1.08695978],15.51,0.5912765168451641,2.784859554690622
15.515,[1.09219014],15.515,0.5951844911798975,2.7915771142681547
15.52,[1.09721055],15.52,0.600264857815051,2.7851544827582257
15.525,[1.1020442],15.525,0.6039774334330478,2.7933745324006143
15.530000000000001,[1.10673011],15.530000000000001,0.6080808064845178,2.763235608950652
15.535,[1.1112991],15.535,0.6115979833857779,2.8041574168259267
15.540000000000001,[1.11576599],15.540000000000001,0.6155059577205113,2.804005802475079
15.545,[1.12014772],15.545,0.618632337188298,2.8042446844433284
15.55,[1.1244525],15.55,0.6219541153728214,2.809148397658464
15.555,[1.12868171],15.555,0.6264482858577648,2.727631305820745
15.56,[1.13287681],15.56,0.6305516589092349,2.746881628723419
15.565,[1.13708467],15.565,0.6342642345272317,2.7571766014982138
15.57,[1.1413284],15.57,0.6379768101452282,2.7502375030539494
15.575000000000001,[1.14562881],15.575000000000001,0.641103189613015,2.7661167664221242
15.58,[1.14998303],15.58,0.6444249677975383,2.8217587994761617
15.585,[1.15437851],15.585,0.6479421446987986,2.8023405403753228
15.59,[1.1588255],15.59,0.6510685241665852,2.7816720608960446
15.595,[1.16334316],15.595,0.6549764985013187,2.758900517544014
15.6,[1.16793671],15.6,0.6584936754025786,2.830998950661657
15.605,[1.17259946],15.605,0.661815453587102,2.807649164561963
15.610000000000001,[1.17733623],15.610000000000001,0.6655280292050988,2.7806373507697164
15.615,[1.18216152],15.615,0.6692406048230957,2.774996879316096
15.620000000000001,[1.18708709],15.620000000000001,0.6729531804410924,2.7874457051852524
15.625,[1.1921221],15.625,0.6772519522092991,2.796071105856903
15.63,[1.19726211],15.63,0.6805737303938224,2.840153592579646
15.635,[1.20250214],15.635,0.6854586983122393,2.8243233101235683
15.64,[1.20785885],15.64,0.6899528687971827,2.8264125394700335
15.645,[1.21333339],15.645,0.693274646981706,2.8312986174565924
15.65,[1.2189131],15.65,0.6985504123335962,2.844358558407216
15.655000000000001,[1.22460619],15.655000000000001,0.7026537853850661,2.845444981807075
15.66,[1.23041611],15.66,0.7065617597197996,2.8480059166357834
15.665000000000001,[1.23633097],15.665000000000001,0.7098835379043231,2.8538583488532154
15.67,[1.2423273],15.67,0.7132053160888464,2.9130966431234877
15.675,[1.24838149],15.675,0.7178948852905265,2.8694219914209826
15.68,[1.25448017],15.68,0.7212166634750498,2.9445314687136963
15.685,[1.26060031],15.685,0.7241476442261,2.9605154321329477
15.69,[1.26671113],15.69,0.7280556185608333,2.9993471658724076
15.695,[1.27278525],15.695,0.7321589916123035,3.007332739276578
15.700000000000001,[1.27880646],15.700000000000001,0.7362623646637734,3.0154759713270716
15.705,[1.28476847],15.705,0.7393887441315602,3.0289777621479796
15.71,[1.29067375],15.71,0.7434921171830302,3.001363922309219
15.715,[1.29651719],15.715,0.7468138953675537,3.0135700056430736
15.72,[1.30227229],15.72,0.7505264709855504,3.0347181909222085
15.725,[1.30792707],15.725,0.7544344453202838,3.046925184985388
15.73,[1.31349081],15.73,0.7583424196550171,3.0533785773531235
15.735000000000001,[1.31897547],15.735000000000001,0.7622503939897506,3.0546676056686026
15.74,[1.32439557],15.74,0.7655721721742741,3.0538090976919965
15.745000000000001,[1.32976763],15.745000000000001,0.7694801465090074,3.0454352882327287
15.75,[1.3351094],15.75,0.7735835195604776,3.0324317107181824
15.755,[1.34044977],15.755,0.7776868926119475,3.056391783708373
15.76,[1.34581531],15.76,0.7813994682299443,3.0418512286122508
15.765,[1.35120811],15.765,0.7855028412814143,3.038528399599923
15.77,[1.35663037],15.77,0.7882384233157278,3.057421257730231
15.775,[1.3620945],15.775,0.7925371950839345,3.066979849771491
15.780000000000001,[1.36761007],15.780000000000001,0.7964451694186679,3.0768655255395605
15.785,[1.37317312],15.785,0.8001577450366647,3.1259285457505803
15.790000000000001,[1.37877866],15.790000000000001,0.8044565168048715,3.1032898640243847
15.795,[1.38443163],15.795,0.807582896272658,3.1308269605521106
15.8,[1.39012406],15.8,0.8114908706073914,3.1235803379402296
15.805,[1.39585684],15.805,0.815985041092335,3.132942888260574
15.81,[1.4016387],15.81,0.8193068192768583,3.160839198537225
15.815,[1.40745464],15.815,0.8228239961781183,3.1706934217132976
15.82,[1.41328007],15.82,0.8259503756459051,3.2359393315234932
15.825000000000001,[1.41910085],15.825000000000001,0.8310307422810586,3.1812333389010026
15.83,[1.42491155],15.83,0.8345479191823186,3.2517066301474435
15.835,[1.43069675],15.835,0.8376742986501053,3.2648572769219517
15.84,[1.43643299],15.84,0.8411914755513653,3.281458243954751
15.845,[1.44209917],15.845,0.8449040511693621,3.2925496309303988
15.85,[1.44768334],15.85,0.8480304306371489,3.30501791156759
15.855,[1.4531811],15.855,0.8527199998388288,3.3087359397165494
15.860000000000001,[1.4585808],15.860000000000001,0.8560417780233522,3.301275726360349
15.865,[1.46386533],15.865,0.859754353641349,3.3117199787981972
15.870000000000001,[1.46903131],15.870000000000001,0.8644439228430292,3.3279446478733963
15.875,[1.47408656],15.875,0.8687426946112359,3.326655033706096
15.88,[1.47903073],15.88,0.8720644727957593,3.3274715219669
15.885,[1.48385704],15.885,0.8761678458472293,3.3227475181617074
15.89,[1.48855495],15.89,0.879294225315016,3.295588664469534
15.895,[1.49311134],15.895,0.8830068009330129,3.2993086182917137
15.9,[1.49752074],15.9,0.8863285791175362,3.30351062373602
15.905000000000001,[1.50178452],15.905000000000001,0.8904319521690063,3.303187243185047
15.91,[1.50590112],15.91,0.8933629329200563,3.2760618512565913
15.915000000000001,[1.50986687],15.915000000000001,0.8966847111045797,3.290351795910795
15.92,[1.51368579],15.92,0.8998110905723665,3.3036302373245268
15.925,[1.51736879],15.925,0.9037190649070999,3.3118864366271805
15.93,[1.52092843],15.93,0.9070408430916233,3.3223950534865043
15.935,[1.52437336],15.935,0.9105580199928834,3.2946027317676485
15.94,[1.52770887],15.94,0.9148567917610901,3.3115419852942467
15.945,[1.53094844],15.945,0.91896016481256,3.3256874857060517
15.950000000000001,[1.53411306],15.950000000000001,0.9226727404305568,3.3384356976711467
15.955,[1.53722504],15.955,0.926776113482027,3.345815158143012
15.96,[1.54030772],15.96,0.9304886891000236,3.351357173985911
15.965,[1.54338504],15.965,0.9340058660012838,3.3537653643290537
15.97,[1.54647253],15.97,0.9373276441858072,3.342135904678364
15.975,[1.54957769],15.975,0.9410402198038039,3.349060093620377
15.98,[1.55270828],15.98,0.9443619979883273,3.3385078946046582
15.985000000000001,[1.55587191],15.985000000000001,0.9482699723230607,3.3450320095680324
15.99,[1.55907574],15.99,0.9512009530741107,3.3390381783418004
15.995000000000001,[1.56232606],15.995000000000001,0.9551089274088441,3.343540984297962
16.0,[1.56564653],16.0,0.9601892940439976,3.2861671625747353
16.005,[1.56907488],16.005,0.9640972683787309,3.281913195540674
16.01,[1.57264125],16.01,0.9687868375804112,3.2378750433482826
16.015,[1.57635957],16.015,0.9723040144816711,3.2968948763567645
