time,qd,q,tau,position_error,jerk,jerk_d
0.0,0.00065282,-0.0001953987167366,9.999,0.0008482187167366001,390.7974334732,3571.9800000000077
0.005,0.0031548,0.0,10.09899,0.0031548,781.5948669464,2814.310000000003
0.01,0.00784076,-0.0001953987167366,10.0999899,0.0080361587167366,976.9935836830001,-411.65000000000964
0.015,0.01431271,-0.0001953987167366,10.099999898999998,0.0145081087167366,-4.7891724579833544e-15,-2731.9800000000014
0.02,0.02221097,-0.0001953987167366,10.09999999899,0.0224063687167366,781.5948669467987,-2442.1099999999906
0.025,0.03121292,0.0,3.022937232014957,0.03121292,4103.37305147,-2165.2800000000066
0.03,0.04103147,-0.0001953987167366,-9.968770627679849,0.0412268687167366,2149.385884103507,-1903.1499999999967
0.035,0.05141332,0.0013677910171566,-10.098687706276795,0.050045528982843396,-4298.771768206603,-1656.899999999993
0.04,0.06213698,0.0039079743347334,-10.099986877062769,0.0582290056652666,-4298.771768206807,-1427.139999999998
0.045,0.07301076,0.0060573602188367,-10.099999868770626,0.0669533997811633,-195.39871673679454,-1213.7499999999932
0.05,0.0838706,0.0078159486694668,-10.099999998687704,0.0760546513305332,-2.0168045011814684e-10,-1016.6000000000505
0.055,0.0945781,0.0097699358368335,-10.099999999986876,0.0848081641631665,-586.1961502099117,-836.6000000000331
0.06,0.10501858,0.0113331255707268,-10.099999999999868,0.0936854544292732,390.79743347360306,-674.5999999999299
0.065,0.11509874,0.0125055178711468,-10.099999999999998,0.1025932221288532,195.3987167367079,-529.8999999999605
0.07,0.12474432,0.0138733088883035,-10.099999999999998,0.1108710111116965,195.39871673660156,-401.1200000000799
0.075,0.13389808,0.0146549037552502,-10.099999999999998,0.11924317624474981,-1953.9871673668988,-287.43999999999005
0.08,0.14251792,0.0156318973389336,-5.100499999999999,0.12688602266106638,-7229.752519257001,-188.27999999988606
0.085,0.150575,0.0164134922058803,-5.050504999999999,0.13416150779411967,-3517.176901259881,-102.39000000004216
0.09,0.15805194,0.0146549037552502,-5.050005049999999,0.1433970362447498,7034.353802520388,-27.850000000098134
0.095,0.16494122,0.0105515307037801,-5.0500000505,0.1543896892962199,6643.556369046782,36.59000000002516
0.1,0.17124399,0.0074251512359934,-5.050000000504999,0.1638188387640066,390.79743347331635,90.83000000005404
0.105,0.17696889,0.00410337305147,-5.050000000005049,0.17286551694853,586.1961502100063,134.87999999999147
0.11,0.18213066,0.00058619615021,-5.927985529556803,0.18154446384979,2149.3858841031774,169.98999999998568
0.115,0.18674884,-0.0025401833175767,-4.153706935502443,0.1892890233175767,586.1961502098048,197.32999999998242
0.12,0.19084683,-0.00527576535189,-2.797761881984266,0.19612259535189,-2149.3858841031783,217.06999999999493
0.125,0.19445106,-0.0072297525192568,-1.8550345127589407,0.20168081251925682,-1953.9871673665039,230.26000000005365
0.13,0.19758983,-0.0095745371200968,-1.2299175191642393,0.20716436712009678,390.79743347317157,238.80000000001814
0.135,0.20029262,-0.0121147204376735,-0.8228218343050355,0.2124073404376735,976.9935836832877,242.79999999993493
0.14,0.20258992,-0.0142641063217769,-0.4649534951724796,0.21685402632177692,1367.7910171568442,242.50999999995543
0.145,0.20451232,-0.0168042896393536,-0.3832921121150733,0.2213166096393536,586.1961502101263,239.58000000004313
0.15,0.2060899,-0.018367479373247,-0.2087310827204305,0.224457379373247,-1367.7910171568146,233.70000000003893
0.155,0.20735267,-0.0199306691071403,-0.1057790644956958,0.2272833391071403,-976.9935836835037,225.860000000004
0.16,0.20832935,-0.021298460124297,-0.1456128341282219,0.229627810124297,586.1961502101819,219.81000000003746
0.165,0.20904737,-0.0228616498581904,-0.0620743870730549,0.2319090198581904,781.5948669467865,214.63999999994383
0.17,0.20953413,-0.0240340421586104,0.1354674324226878,0.23356817215861042,-1.77351466845721e-10,206.06999999990944
0.175,0.20981623,-0.0250110357422937,0.3260717467397643,0.23482726574229368,-390.79743347338183,193.2700000000433
0.18,0.20991888,-0.0257926306092404,0.4899741209890884,0.2357115106092404,195.39871673668517,178.81000000002905
0.185,0.20986532,-0.0263788267594504,0.7448181692868423,0.23624414675945038,1367.791017156585,165.86000000000178
0.19,0.20967687,-0.0269650229096604,0.8286991744532608,0.2366418929096604,976.9935836835036,155.51000000005598
0.195,0.20937345,-0.0267696241929238,0.9251575309393404,0.2361430741929238,-390.7974334730857,145.60999999996847
0.2,0.20897396,-0.0261834280427138,1.0107933635112742,0.2351573880427138,-1.964508555829525e-10,133.4599999999134
0.205,0.20849613,-0.0252064344590304,1.0930139140994637,0.2337025644590304,1172.3923004197784,119.72000000003743
0.21,0.20795576,-0.0238386434418737,1.1696833095764272,0.2317944034418737,976.9935836835934,107.13000000002717
0.215,0.20736682,-0.0216892575577704,1.232730117000186,0.2290560775577704,-390.79743347319436,96.53000000003661
0.22,0.20674199,-0.0187582768067203,1.2795589150459794,0.22550026680672028,-1367.7910171569717,87.12000000006245
0.225,0.20609265,-0.0152410999054602,1.2453275602354308,0.22133374990546018,-2540.183317576772,77.5599999999341
0.23,0.20542918,-0.0113331255707268,1.280040539237924,0.2167623055707268,-2149.385884103247,67.08999999990112
0.235,0.20476074,-0.0072297525192568,1.258505498134984,0.2119904925192568,1367.7910171565434,57.460000000020585
0.24,0.20409489,-0.00410337305147,1.2547784802557198,0.20819826305147,390.7974334734302,50.220000000073874
0.245,0.20343818,0.0001953987167366,1.2461934041956593,0.2032427812832634,-2930.9807510497694,43.83999999998163
0.25,0.20279658,0.0042987717682067,1.2540901992731115,0.1984978082317933,781.5948669465974,36.5999999999644
0.255,0.20217519,0.0074251512359934,1.2122461771600577,0.1947500387640066,2540.1833175765964,29.04000000000886
0.26,0.20157809,0.0109423281372535,1.2052620122212376,0.1906357618627465,-1563.1897338932959,22.410000000050246
0.265,0.20100837,0.0152410999054602,1.177254773825072,0.1857672700945398,-781.5948669467936,16.900000000035377
0.27,0.20046846,0.018367479373247,1.1448165768780303,0.18210098062675298,1563.1897338933372,12.129999999928032
0.275,0.19996013,0.0220800549912437,1.088432269033367,0.1778800750087563,2.2879476091475208e-10,7.969999999951227
0.28,0.19948459,0.0257926306092404,1.041877723818071,0.1736919593907596,-781.5948669467836,4.240000000060661
0.285,0.1990426,0.0295052062272372,1.004230638748994,0.16953739377276278,586.1961502098286,0.7500000000596287
0.29,0.19863445,0.0332177818452339,0.964592613578482,0.16541666815476608,1367.7910171567478,-2.4700000000530338
0.295,0.19826002,0.036734958746494,0.927527132459892,0.16152506125350602,-390.7974334733762,-5.26000000007798
0.3,0.19791879,0.0412291292314374,0.882520785237893,0.1566896607685626,-195.3987167367029,-7.429999999963769
0.305,0.19760992,0.0451371035661708,0.8425153097539573,0.1524728164338292,390.7974334734999,-8.749999999935284
0.31,0.19733235,0.0494358753343775,0.7984166092801654,0.1478964746656225,-2930.9807510499004,-8.699999999990368
0.315,0.19708487,0.0545162419695309,0.7588913836138482,0.1425686280304691,-2735.58203431349,-7.360000000069391
0.32,0.19686638,0.0582288175875277,0.7424076007332382,0.1386375624124723,976.9935836832024,-6.5100000000484215
0.325,0.19667617,0.0619413932055244,0.7389508466461058,0.1347347767944756,2344.7846008400074,-7.41999999991809
0.33,0.19651352,0.0648723739565745,0.7265761036437218,0.1316411460434255,781.5948669468299,-8.66999999995953
0.335,0.19637731,0.0683895508578345,0.7057556575686328,0.12798775914216548,-1172.3923004198948,-8.860000000047748
0.34,0.19626635,0.0717113290423579,0.692648820524933,0.1245550209576421,-195.3987167368538,-8.480000000012382
0.345,0.19617962,0.074642309793408,0.6608807597498494,0.121537310206592,1367.7910171566737,-8.08999999996783
0.35,0.19611601,0.077573290544458,0.6319052732221637,0.11854271945554201,2344.7846008401316,-8.03000000001272
0.355,0.19607462,0.0805042712955081,0.60758185374362,0.1155703487044919,1367.7910171565936,-8.020000000072955
0.36,0.19605441,0.0838260494800315,0.5731421099994398,0.11222836051996851,-3126.379467786704,-7.319999999957346
0.365,0.19605428,0.0883202199649749,0.5432049133213501,0.1077340600350251,-3517.1769012600535,-7.549999999909559
0.37,0.19607353,0.091837396866235,0.5131573361095445,0.104236133133765,1172.3923004200249,-10.600000000025034
0.375,0.19611128,0.0949637763340217,0.4828593031243556,0.1011475036659783,2930.980751050156,-14.640000000056808
0.38,0.19616582,0.0980901558018084,0.460449271775269,0.0980756641981916,976.9935836832551,-17.130000000022918
0.385,0.19623502,0.1016073327030685,0.4418706309490796,0.09462768729693151,-1172.392300420062,-18.269999999986858
0.39,0.19631664,0.1055153070378019,0.4203785919951134,0.09080133296219808,-1953.9871673665614,-19.119999999972457
0.395,0.19640837,0.1092278826557986,0.3994960548973919,0.0871804873442014,195.39871673666323,-19.48999999996202
0.4,0.19650772,0.1129404582737954,0.3786800569667263,0.0835672617262046,2540.18331757674,-18.730000000033357
0.405,0.19661221,0.1158714390248454,0.3623902245083524,0.08074077097515461,-976.9935836834267,-16.890000000060464
0.41,0.19671957,0.1205610082265255,0.337875187801087,0.0761585617734745,-2149.3858841036467,-14.45999999990745
0.415,0.19682781,0.1240781851277856,0.3199810105330939,0.0727496248722144,1172.3923004200292,-11.970000000012282
0.42,0.1969353,0.127399963312309,0.3033936815483215,0.06953533668769102,-781.5948669464112,-9.770000000131054
0.425,0.19704071,0.1316987350805157,0.282044787161378,0.06534197491948432,-976.9935836833431,-7.869999999918747
0.43,0.19714294,0.1346297158315658,0.2678289810269022,0.06251322416843419,3126.379467786448,-6.239999999912953
0.435,0.19724114,0.1379514940160892,0.251532920897383,0.059289645983910816,1758.5884506300204,-4.910000000037957
0.44,0.19733462,0.1412732722006126,0.2352561335051189,0.0560613477993874,-3517.1769012597797,-3.8100000000085252
0.445,0.19742286,0.1459628414022926,0.2120329979289224,0.05146001859770741,-2735.582034313383,-2.759999999994964
0.45,0.19750543,0.1490892208700794,0.196623448826175,0.04841620912992062,2540.183317576507,-1.6800000000216642
0.455,0.19758206,0.1522156003378661,0.1812883451577095,0.0453664596621339,2344.7846008400893,-0.7200000000295859
0.46,0.19765261,0.1553419798056528,0.1660565912051423,0.04231063019434719,-781.5948669465897,0.020000000020448994
0.465,0.19771706,0.1592499541403862,0.1468231367352007,0.0384671058596138,195.39871673664345,0.6100000000229606
0.47,0.19777544,0.1623763336081729,0.1314243774745837,0.035399106391827084,195.39871673677476,1.099999999922936
0.475,0.19782788,0.1662843079429063,0.1123328335164201,0.03154357205709371,-2930.9807510500245,1.5300000000097143
0.48,0.19787453,0.1703876809943764,0.0921979358096752,0.027486849005623593,-1953.9871673669556,1.9300000001365518
0.485,0.19791562,0.1735140604621632,0.0771000469339468,0.024401559537836792,1563.1897338932854,2.299999999983978
0.49,0.19795141,0.1764450412132132,0.0630268870893352,0.0215063687867868,2930.980751050281,2.599999999901563
0.495,0.19798221,0.1789852245307899,0.0508864994291541,0.01899698546921008,1172.392300420098,2.7199999999893834
0.5,0.19800838,0.1821116039985766,0.0359185345317479,0.01589677600142342,-2540.1833175768434,2.690000000029606
0.505,0.19803025,0.1856287808998367,0.0192351294983674,0.012401469100163293,-2149.3858841032634,2.6799999999838047
0.51,0.19804816,0.1885597616508867,0.0055624057590223,0.009488398349113303,1172.3923004200974,2.7299999999996754
0.515,0.19806243,0.1909045462517268,-0.0053027940204705,0.007157883748273225,390.79743347304577,2.72000000006045
0.52,0.19807343,0.1936401282860402,-0.0179528469401367,0.0044333017139598085,-1367.791017156674,2.629999999967932
0.525,0.19808148,0.1959849128868802,-0.0286449970663567,0.0020965671131198127,976.993583683628,2.549999999956748
0.53,0.19808691,0.1977435013375102,-0.0363823931431636,0.0003434086624898025,2930.980751050067,2.4500000000315882
0.535,0.19809003,0.1995020897881403,-0.0439668770167333,-0.0014120597881402963,-1.0658141036401494e-10,2.290000000044752
0.54,0.19809115,0.2018468743889803,-0.0541452499557026,-0.0037557243889803082,-3517.176901260293,2.1300000000579153
0.545,0.19809053,0.2043870577065571,-0.0649425916379647,-0.006296527706557115,-1758.5884506301113,1.979999999939249
0.55,0.19808844,0.2059502474404504,-0.0709422682450515,-0.007861807440450397,1758.5884506302532,1.8399999999019165
0.555,0.19808511,0.2071226397408704,-0.0748550583026757,-0.009037529740870381,1758.588450630218,1.7300000000375322
0.56,0.19808076,0.2082950320412904,-0.0787024899065952,-0.010214272041290412,-195.39871673661173,1.5800000000254464
0.5650000000000001,0.19807561,0.2094674243417104,-0.0821920349535154,-0.011391814341710382,-1367.7910171568874,1.3899999999722443
0.5700000000000001,0.19806984,0.2106398166421305,-0.0855045891940747,-0.012569976642130498,-390.7974334734348,1.2399999999956797
0.5750000000000001,0.19806361,0.2112260127923405,-0.0863185757812116,-0.013162402792340488,976.9935836834609,1.1100000000396875
0.58,0.19805707,0.2116168102258138,-0.0861838651286787,-0.013559740225813799,586.1961502099239,0.9800000000481828
0.585,0.19805035,0.2120076076592872,-0.0857279752941792,-0.013957257659287209,-195.39871673664294,0.8499999999855948
0.59,0.19804356,0.2122030063760238,-0.0844732510291264,-0.014159446376023788,-195.39871673657638,0.7099999999482514
0.595,0.19803681,0.2123984050927605,-0.0833334652917011,-0.014361595092760499,390.7974334734014,0.5999999999772849
0.6,0.19803016,0.2122030063760238,-0.0804488089815101,-0.014172846376023784,390.7974334734725,0.4600000000465339
0.605,0.1980237,0.2122030063760238,-0.0786233778570002,-0.014179306376023798,-195.39871673696717,0.20000000002795404
0.61,0.19801747,0.2120076076592872,-0.0759765410386486,-0.013990137659287194,-195.39871673682507,-0.18000000004292482
0.615,0.19801148,0.2118122089425505,-0.0736362835130351,-0.013800728942550522,195.39871673707376,-0.6600000000389609
0.62,0.19800569,0.2114214115090771,-0.0704638885699893,-0.013415721509077078,195.3987167366119,-1.129999999989193
0.625,0.19799997,0.2110306140756039,-0.0677212753542324,-0.013030644075603892,-195.39871673703823,-1.5899999999291454
0.63,0.19799416,0.2106398166421305,-0.0647480193075888,-0.012645656642130493,-195.39871673657638,-2.040000000000927
0.635,0.19798804,0.2100536204919205,-0.0623330083284875,-0.012065580491920497,195.39871673703823,-2.200000000094345
0.64,0.19798129,0.2094674243417104,-0.058353117490589,-0.011486134341710391,586.1961502100489,-2.069999999960708
0.645,0.19797365,0.2086858294747638,-0.0544235261700537,-0.0107121794747638,390.79743347301064,-1.8299999998916365
0.65,0.19796488,0.2080996333245538,-0.0512299547888239,-0.010134753324553797,-195.39871673682507,-1.3900000000433002
0.655,0.19795473,0.2075134371743438,-0.0471664871517829,-0.009558707174343817,-586.1961502099068,-1.0000000001042526
0.66,0.1979431,0.2069272410241338,-0.044170573565038,-0.00898414102413378,-586.1961502098004,-1.1699999999947854
0.665,0.19792989,0.2063410448739237,-0.040360157981556,-0.008411154873923715,390.7974334733659,-1.7499999999515028
0.67,0.19791495,0.2053640512902404,-0.0365767824509573,-0.007449101290240401,781.594866946519,-1.960000000025274
0.675,0.19789796,0.2045824564232937,-0.0325680426083268,-0.00668449642329369,195.39871673668296,-1.4499999999628734
0.68,0.19787868,0.203800861556347,-0.0286200742921471,-0.005922181556346995,1.7746515368344262e-10,-0.6199999999267831
0.685,0.19785698,0.2030192666894003,-0.0247115586205828,-0.005162286689400303,-390.79743347325933,-0.1000000000672685
0.6900000000000001,0.19783284,0.2024330705391903,-0.0207400182506234,-0.0046002305391902865,-390.7974334736146,-0.3500000000400405
0.6950000000000001,0.19780633,0.2016514756722437,-0.0176162823962188,-0.0038451456722436994,390.79743347312376,-0.9899999999875053
0.7000000000000001,0.19777733,0.200869880805297,-0.0149022067623298,-0.0030925508052969952,781.5948669468847,-1.3600000000125991
0.705,0.19774566,0.2000882859383503,-0.0106201742226791,-0.002342625938350301,1.1735323823813815e-10,-1.6599999999299406
0.71,0.19771116,0.1995020897881403,-0.0098534271112706,-0.0017909297881402997,-976.9935836833813,-2.470000000016501
0.715,0.19767361,0.1991112923546669,-0.0075292660461798,-0.0014376823546669026,-195.39871673650532,-4.0000000000972555
0.72,0.19763267,0.1983296974877202,-0.0063862846013748,-0.0006970274877201865,390.7974334733304,-5.629999999925412
0.725,0.19758771,0.1977435013375102,-0.0062073743298105,-0.0001557913375102027,-195.39871673689612,-6.24999999995876
0.73,0.19753786,0.1971573051873002,-0.0055647697097916,0.0003805548126998015,195.398716736754,-5.9000000000963695
0.735,0.19748233,0.1963757103203535,-0.0034792353268153,0.0011066196796465089,586.1961502101555,-5.429999999968523
0.74,0.19742048,0.1957895141701435,-0.0021045976105742,0.001630965829856501,195.3987167364698,-4.099999999951361
0.745,0.19735157,0.1952033180199335,-0.0032773419693479,0.00214825198006649,-195.39871673678954,-1.0500000000490672
0.75,0.1972751,0.1948125205864602,0.0016524456227372,0.002462579413539806,-195.39871673639874,1.7500000000225668
0.755,0.19719133,0.1944217231529868,0.0026655061392959,0.0027696068470131896,195.39871673678954,2.8500000000164505
0.76,0.19710067,0.1940309257195135,0.0039203962749981,0.0030697442804865083,-2.842170943040401e-10,4.169999999987791
0.765,0.19700336,0.1938355270027769,0.004472293713337,0.003167832997223091,-195.39871673678954,6.409999999981125
0.77,0.19690004,0.1936401282860402,0.0075242642038523,0.003259911713959812,1.0658141036401503e-10,6.959999999978066
0.775,0.19679183,0.1934447295693035,0.0096455222423355,0.003347100430696498,-195.39871673664743,5.24000000005746
0.78,0.19667962,0.1934447295693035,0.0055895062453058,0.0032348904306964965,7.105427357601002e-11,4.519999999992349
0.785,0.1965637,0.1932493308525668,0.0059659527495236,0.003314369147433216,195.398716736754,6.029999999981278
0.79,0.19644465,0.1932493308525668,0.0073128453173863,0.0031953191474332066,-195.39871673671848,7.350000000023676
0.795,0.19632349,0.1932493308525668,0.0062676340523985,0.0030741591474331975,-195.39871673671848,7.239999999946172
0.8,0.19620116,0.1932493308525668,0.0069914076618258,0.0029518291474332214,0.0,6.26000000000459
0.805,0.19607855,0.1932493308525668,0.005954975796713,0.0028292191474331985,0.0,4.970000000028558
0.81,0.19595639,0.1932493308525668,0.005306650862397,0.002707059147433216,0.0,4.309999999989596
0.8150000000000001,0.19583514,0.1932493308525668,0.0040761376758314,0.002585809147433199,0.0,4.840000000036989
0.8200000000000001,0.19571531,0.1932493308525668,0.0045116391709176,0.0024659791474332116,-195.3987167366119,5.930000000020591
0.8250000000000001,0.19559757,0.1932493308525668,0.0050888967459829,0.0023482391474332065,-2.6849690615878125e-11,6.709999999934485
0.8300000000000001,0.19548276,0.1932493308525668,0.0061456401133287,0.0022334291474332135,586.1961502098509,7.0599999999746075
0.835,0.19537177,0.1930539321358302,0.0079547363624128,0.0023178378641698083,7.973171974813977e-11,8.940000000059309
0.84,0.19526545,0.1932493308525668,0.0078861593075572,0.002016119147433215,-586.19615020984,16.649999999991184
0.845,0.1951648,0.1932493308525668,0.0113629016460775,0.0019154691474332075,-3.552713678800495e-11,32.07999999997208
0.85,0.19507232,0.1932493308525668,0.0260614695632113,0.0018229891474332016,195.3987167366119,50.270000000018804
0.855,0.19499331,0.1932493308525668,0.0450726583410737,0.0017439791474332111,0.0,66.39000000003381
0.86,0.19493545,0.1932493308525668,0.065427879490094,0.0016861191474332182,0.0,80.17999999999846
0.865,0.19490757,0.1932493308525668,0.0857600844160746,0.0016582391474332103,195.39871673671848,86.70999999996081
0.87,0.19492123,0.1932493308525668,0.1281495856129897,0.001671899147433209,390.79743347340144,85.11999999996067
0.875,0.19498776,0.1932493308525668,0.1181852207202493,0.001738429147433218,-7.105427357601002e-11,82.76999999996079
0.88,0.19511637,0.1934447295693035,0.1645515946730745,0.0016716404306965083,-2.1316282072803006e-10,71.10000000007926
0.885,0.195319,0.1936401282860402,0.1779933904516097,0.0016788717139598064,390.79743347329486,48.11000000010773
0.89,0.19560364,0.1938355270027769,0.1615980684006391,0.001768112997223098,-195.3987167363632,41.82999999994041
0.895,0.19597239,0.1944217231529868,0.1828719909800004,0.001550666847013188,-195.39871673654085,60.05999999992173
0.9,0.19643115,0.1948125205864602,0.2053309170263934,0.001618629413539796,-195.39871673696717,74.21000000000782
0.905,0.19698976,0.1953987167366702,0.2280702128480985,0.0015910432633298166,-586.1961502101199,71.08000000002329
0.91,0.19765896,0.1961803116036169,0.2509775417281094,0.001478648396383092,1172.392300420382,74.52000000000652
0.915,0.19844532,0.1963757103203535,0.236170123931608,0.0020696096796465058,1172.3923004200979,100.72999999998433
0.92,0.19935815,0.1973527039040369,0.310818460621874,0.0020054460959631204,-1172.392300420453,130.30000000000553
0.925,0.20041359,0.198525096204457,0.2910185745678593,0.0018884937955430114,-586.196150209978,137.70000000008008
0.93,0.20162945,0.1995020897881403,0.3420129219545558,0.0021273602118596913,586.1961502103351,110.4900000000423
0.935,0.20302487,0.2006744820885603,0.3326365671660403,0.002350387911439683,195.3987167365051,64.38999999990483
0.94,0.20461056,0.202042273105717,0.3441939765256065,0.002568286894282984,195.39871673653704,46.64999999987765
0.945,0.20638965,0.2034100641228737,0.3399944046380951,0.002979585877126295,-390.7974334732256,74.30999999996027
0.95,0.20836587,0.2051686525735037,0.3441314867748917,0.0031972174264963127,-586.196150210049,94.24000000013416
0.955,0.21055458,0.2069272410241338,0.3218754696598028,0.003627338975866201,586.1961502100487,81.43000000011114
0.96,0.21296969,0.2084904307580271,0.3450828221707648,0.004479259241972899,390.79743347340104,99.29999999989991
0.965,0.2156139,0.2106398166421305,0.302642675388173,0.004974083357869502,-195.3987167367187,165.24999999997897
0.97,0.21850345,0.2125938038094972,0.2506351216090735,0.005909646190502799,-195.39871673664754,214.57000000008702
0.975,0.22166691,0.2149385884103372,0.2784402140000892,0.0067283215896628,-586.1961502100486,208.81999999993081
0.98,0.2251324,0.2172833730111773,0.3079469331244886,0.0078490269888227,-195.39871673664692,160.85999999994192
0.985,0.22892818,0.2196281576120173,0.3395284562200074,0.00930002238798272,195.3987167366476,118.77000000005455
0.99,0.23306536,0.2219729422128574,0.3152925605161835,0.011092417787142594,390.797433473259,69.26000000014187
0.995,0.23755857,0.2245131255304341,0.425768587894359,0.013045444469565903,586.1961502102263,-21.40000000002692
1.0,0.2424211,0.2268579101312741,0.4389298583998485,0.015563189868725902,586.1961502100958,-17.830000000282325
1.005,0.24762734,0.2299842895990608,0.4703383020579636,0.017643050400939192,976.9935836830425,145.98000000004913
1.01,0.25317822,0.2325244729166376,0.5079337519166349,0.0206537470833624,-390.7974334734363,285.47000000017397
1.015,0.25911666,0.2366278459681076,0.5402694483887008,0.0224888140318924,-1758.5884506297916,299.6899999999048
1.02,0.2654827,0.239949624152631,0.577673045772277,0.025533075847369024,-1953.987167366794,233.62999999999965
1.025,0.272312,0.2440529972041011,0.6114966676216615,0.028259002795898908,-976.9935836835573,85.60000000013338
1.03,0.27963423,0.2473747753886245,0.6480905408426221,0.03225945461137547,2344.7846008402657,-82.77000000007047
1.035,0.28744699,0.2503057561396745,0.6042123746853818,0.03714123386032553,1758.5884506301472,-119.33000000009474
1.04,0.29571841,0.2538229330409346,0.6588012422601441,0.04189547695906537,-1367.7910171568867,-41.32999999992035
1.045,0.30443886,0.257730907375668,0.7025985787716901,0.04670795262433197,-586.1961502099425,-31.519999999967695
1.05,0.31361591,0.2610526855601914,0.74222470635754,0.0525632244398086,1.7843149180407636e-10,-167.19000000005485
1.055,0.32324628,0.2649606598949248,0.7747350706913042,0.05828562010507521,-2.4931523512350395e-10,-326.949999999968
1.06,0.33329521,0.2684778367961849,0.7336005416406405,0.06481737320381509,586.196150209728,-367.95999999992137
1.065,0.34370206,0.271995013697445,0.7866082840033639,0.07170704630255498,-976.9935836830948,-331.6700000001622
1.07,0.35442936,0.276098386748915,0.828879502647758,0.07833097325108501,-976.9935836830593,-302.5000000001618
1.075,0.36543824,0.2794201649334384,0.8018148439558616,0.08601807506656162,781.594866946519,-277.4799999998154
1.08,0.37668669,0.2829373418346985,0.9239719548058638,0.0937493481653015,976.9935836833074,-291.11999999983686
1.085,0.38815232,0.2862591200192219,0.8898575143857639,0.10189319998077812,390.7974334735783,-321.22000000014964
1.09,0.39978972,0.2897762969204819,0.937617467389625,0.11001342307951811,-781.5948669469434,-303.6500000001029
1.095,0.41155318,0.2934888725384787,0.9796601233116798,0.1180643074615213,-1172.392300420416,-315.9899999998555
1.1,0.42341723,0.2970060494397388,1.0183365795507315,0.12641118056026118,195.39871673707322,-376.09999999993505
1.105,0.43533717,0.3003278276242621,0.9992826659721984,0.13500934237573792,976.9935836838406,-369.2499999999666
1.11,0.44725323,0.3034542070920488,1.0529169537237004,0.1437990229079512,976.9935836831656,-319.1100000000081
1.115,0.45912819,0.3069713839933089,1.098322445167392,0.15215680600669107,586.1961502097287,-319.3999999995601
1.12,0.47092847,0.3100977634610957,1.0892790568531705,0.1608307065389043,-1367.7910171568894,-316.5799999999495
1.125,0.48260713,0.3143965352293024,1.1381956415631256,0.1682105947706976,-1172.3923004200878,-232.7200000011253
1.13,0.49412355,0.3175229146970891,1.1371103767023565,0.17660063530291092,781.5948669470008,-127.70999999999788
1.135,0.50545741,0.3212354903150858,1.2386058138945493,0.1842219196849142,976.9935836833444,-96.90999999939754
1.14,0.51660575,0.3245572684996093,1.225974164926922,0.19204848150039067,586.1961502096588,-102.9400000001574
1.145,0.52755132,0.328269844117606,1.2685745736240877,0.19928147588239403,-976.9935836834522,-79.09999999995046
1.15,0.53827816,0.3321778184523394,1.3041798553259143,0.20610034154766055,-1953.9871673664748,-90.30999999992969
1.155,0.54878592,0.3360857927870728,1.3355479756256032,0.21270012721292725,5.696279004041571e-10,-169.1999999999913
1.16,0.55906168,0.3394075709715961,1.3267191411372945,0.21965410902840393,2344.784600839984,-190.19000000007043
1.165,0.5690709,0.3427293491561196,1.3666416227660267,0.22634155084388047,2149.385884102695,-88.37000000021021
1.17,0.57878711,0.3462465260573797,1.3790015985155717,0.23254058394262034,-586.1961502100849,13.94000000025676
1.175,0.58821607,0.3505452978255864,1.4174300144068364,0.23767077217441357,-2344.7846008396277,39.820000000077016
1.18,0.59736608,0.3548440695937931,1.4467721441870165,0.2425220104062069,-781.5948669465191,74.75999999975738
1.185,0.60623537,0.3589474426452632,1.4524778528421696,0.24728792735473687,1367.7910171563915,167.03000000028078
1.19,0.61483841,0.3628554169799967,1.4889895307857792,0.25198299302000327,-390.7974334733659,257.91000000005056
1.195,0.62320356,0.3671541887482034,1.5193442183510666,0.2560493712517966,-2149.385884103052,283.4399999996855
1.2,0.63137113,0.3716483592331467,1.5869608444739445,0.2597227707668533,1563.1897338930376,251.17999999999154
1.205,0.63937855,0.3747747387009336,1.5636531601051946,0.2646038112990664,2540.18331757663,241.72000000014322
1.21,0.64724768,0.3790735104691402,1.631178605368588,0.2681741695308598,-2149.3858841029087,259.0300000001373
1.215,0.65501152,0.383372282237347,1.6411007359350245,0.271639237762653,-2735.582034313632,198.5599999997587
1.22,0.66270978,0.3876710540055538,1.6890537801468095,0.27503872599444623,1367.7910171563183,51.73999999982547
1.225,0.6703615,0.3907974334733405,1.6526134958143697,0.27956406652665955,2930.980751050279,-55.9399999995957
1.23,0.67795599,0.3947054078080739,1.663968220290018,0.28325058219192606,1367.7910171569588,-61.409999999853795
1.235,0.68548023,0.3984179834260706,1.6738785527118123,0.2870622465739294,-976.9935836834495,-22.150000000350758
1.24,0.69293037,0.4031075526277507,1.675973674183769,0.2898228173722493,-2344.784600840054,-6.579999999732195
1.245,0.7003063,0.4076017231126941,1.704421774016888,0.29270457688730595,-1758.5884506301688,-43.18999999967582
1.25,0.70761077,0.4119004948809009,1.6963591812849954,0.29571027511909903,-976.9935836834799,-103.63000000083042
1.255,0.71483313,0.4160038679323709,1.7228087776424452,0.29882926206762916,1758.5884506302582,-123.48000000016577
1.26,0.721954,0.4193256461168942,1.7761812299656932,0.30262835388310577,2930.980751049782,-89.94999999955996
1.265,0.72895709,0.4226474243014178,1.8136087719053688,0.3063096656985822,-1172.3923004200979,-63.95000000012203
1.27,0.73583658,0.4271415947863611,1.7930120790132833,0.30869498521363886,-1953.9871673662597,-91.83999999962515
1.275,0.74258823,0.4304633729708845,1.8648219417617744,0.31212485702911547,390.7974334735066,-135.32999999980916
1.28,0.74919456,0.4341759485888812,1.8812884648864023,0.31501861141111875,976.9935836833063,-126.82000000054666
1.285,0.75563471,0.4374977267734046,1.8914635507624735,0.31813698322659545,1367.7910171563199,-55.150000000167324
1.29,0.76189261,0.4408195049579281,1.9088398312927488,0.32107310504207187,-390.7974334736491,13.010000000265109
1.295,0.76796971,0.4447274792926615,1.9214962938828384,0.32324223070733854,-1758.5884506297562,9.85000000014179
1.3,0.77387558,0.4484400549106582,1.9281876662488733,0.3254355250893418,-195.39871673643512,-32.80000000003804
1.305,0.77960624,0.4517618330951816,1.941276448143848,0.3278444069048184,195.39871673643563,-41.40000000020939
1.31,0.78515332,0.4552790099964417,1.929457448643116,0.3298743100035583,195.39871673664803,-8.320000000026539
1.315,0.7905115,0.4584053894642284,1.94834176785335,0.33210611053577166,1563.1897338934627,20.900000000240198
1.32,0.79568443,0.4615317689320151,1.962857125159564,0.3341526610679849,1563.1897338933932,27.510000000035006
1.325,0.80067717,0.4648535471165385,1.9459540797714037,0.33582362288346157,-586.1961502097278,46.06000000009578
1.33,0.80548981,0.4687615214512718,1.96220553675262,0.33672828854872816,-2149.3858841034066,80.91000000007466
1.335,0.81013076,0.4726694957860053,1.973245230379009,0.33746126421399464,-390.79743347379406,91.90999999972871
1.34,0.81461552,0.476382071404002,1.9818419763508712,0.338233448595998,1367.7910171566027,88.25000000001626
1.345,0.81895318,0.4797038495885254,1.9616650631758208,0.33924933041147454,-1367.7910171563174,96.41999999999445
1.35,0.82315347,0.4840026213567321,1.9965458226652943,0.33915084864326794,-1758.58845063004,95.94999999961794
1.355,0.82723268,0.4873243995412556,1.9775946362899128,0.33990828045874444,2540.183317576487,88.93000000000478
1.36,0.83120008,0.4902553802923056,1.9908754783308265,0.3409446997076944,2344.7846008402666,102.39000000041096
1.365,0.83506521,0.4937725571935656,1.9983133151444104,0.3412926528064344,-976.9935836830945,121.73000000032596
1.37,0.83884428,0.4976805315282991,2.002005593245708,0.3411637484717009,-1367.7910171568296,113.50999999990205
1.375,0.84255316,0.5013931071462958,2.00573587950983,0.3411600528537042,-976.9935836837301,58.839999999663746
1.38,0.8462078,0.5053010814810293,2.007617817445055,0.3409067185189707,-195.3987167367222,-2.010000000178053
1.385,0.84981004,0.5088182583822893,2.0079972681116764,0.3409917816177107,2149.385884103548,17.56000000000202
1.39,0.85334948,0.5121400365668127,2.0116622702159326,0.34120944343318726,3321.778184523218,115.91000000023985
1.395,0.85683384,0.5158526121848095,2.0120726015868184,0.34098122781519047,-586.196150210085,213.27000000013652
1.4,0.86028688,0.5203467826697529,2.0067657943187243,0.3399400973302471,-6057.360218836354,262.1799999998594
1.405,0.86374047,0.5258179467383796,1.9603976127475329,0.3379225232616204,-3126.3794677864303,234.83000000012976
1.41,0.86723327,0.5293351236396396,1.960412172865756,0.3378981463603603,3712.575617996514,144.91000000020983
1.415,0.87079211,0.532656901824163,1.9586044547429575,0.338135208175837,3321.7781845230784,79.90999999961386
1.42,0.87442348,0.5359786800086865,1.9958588881636568,0.3384447999913135,-781.5948669468734,72.63999999963573
1.425,0.87813367,0.5400820530601566,1.9228526354446944,0.3380516169398434,-1172.3923004198134,63.00000000038682
1.43,0.88193742,0.5435992299614166,1.9853776407706016,0.33833819003858334,195.3987167371448,47.54000000033898
1.435,0.88583779,0.5473118055794133,1.971535044797691,0.3385259844205867,195.39871673650532,56.26999999975516
1.44,0.88983809,0.5510243811974102,1.9532964255632508,0.3388137088025899,195.39871673615005,43.1099999995875
1.445,0.89395201,0.5545415580986702,1.9314009849489449,0.3394104519013298,-781.5948669465898,1.3400000000279988
1.45,0.89818176,0.5584495324334036,1.9880474384837832,0.3397322275665965,-976.9935836830952,7.730000000519738
1.455,0.90251944,0.5619667093346636,1.9593785921843216,0.3405527306653363,2344.784600840053,63.770000000145785
1.46,0.90696977,0.5650930888024503,1.9260427563463531,0.34187668119754966,2735.5820343134897,96.16999999977321
1.465,0.91154781,0.5686102657037104,1.9290667389311555,0.34293754429628953,-1953.9871673667578,86.13999999980223
1.47,0.91626589,0.5732998349053905,1.9375235746153987,0.34296605509460953,-2735.582034313632,73.62000000000671
1.475,0.92113329,0.5772078092401239,1.9483999773004328,0.34392548075987606,-7.190692485892214e-11,82.11000000017088
1.48,0.92615626,0.5811157835748574,1.958264164976453,0.3450404764251426,390.7974334734362,62.8699999997192
1.485,0.9313495,0.5850237579095907,2.0053115697823416,0.34632574209040934,1367.791017156888,-14.320000000224582
1.49,0.93672299,0.5885409348108508,1.9672001191764676,0.34818205518914924,781.5948669470167,-59.86999999933721
1.495,0.94225931,0.5924489091455841,1.9785697930262696,0.34981040085441584,-2735.582034313697,-64.35999999978355
1.5,0.94795176,0.5969430796305276,2.02259482173834,0.3510086803694724,-1367.791017157193,-145.92000000078423
1.505,0.95380285,0.600264857815051,1.987895174358537,0.35353799218494897,3126.379467787082,-251.1799999999352
1.51,0.95977821,0.6035866359995743,2.0436710046520385,0.35619157400042567,1953.9871673667594,-244.8099999993753
1.515,0.9658342,0.6071038129008345,2.0352143837558323,0.3587303870991655,-2344.7846008402657,-188.3500000003827
1.52,0.97195116,0.6115979833857779,2.0386422089640472,0.36035317661422217,-1367.7910171564615,-163.35000000026366
1.525,0.97810855,0.6149197615703013,2.1127357042754995,0.3631887884296987,1563.1897338933197,-136.24999999947755
1.53,0.98428226,0.618632337188298,2.0759823521918426,0.36564992281170194,-3.553850547177717e-10,-121.3900000001901
1.535,0.99046255,0.6223449128062948,2.1163259435977158,0.36811763719370527,-1563.1897338933218,-159.98000000038797
1.54,0.99663526,0.6262528871410281,2.1471006698051345,0.3703823728589719,-195.39871673629295,-217.97999999989722
1.545,1.00277481,0.6293792666088148,2.171995850716988,0.3733955433911852,1367.7910171566036,-249.74000000000083
1.55,1.00885018,0.6328964435100749,2.1778326874117786,0.37595373648992514,2540.1833175766305,-238.7799999996791
1.555,1.01482735,0.6358274242611249,2.189628450947608,0.3789999257388751,390.7974334735786,-186.06999999988858
1.56,1.02067728,0.639930797312595,2.1690558321425346,0.38074648268740496,-2735.58203431342,-118.39000000023236
1.565,1.02638139,0.6442295690808018,2.203251465065628,0.3821518209191983,-976.9935836833789,-67.43999999969151
1.57,1.03193049,0.6477467459820617,2.1831823215446486,0.3841837440179382,-195.39871673693142,-47.849999999982515
1.575,1.03731854,0.651850119033532,2.217982146455794,0.38546842096646805,195.3987167365766,-55.75000000035811
1.58,1.04254237,0.6553672959347919,2.1959003944836297,0.3871750740652081,2540.18331757734,-45.65000000013458
1.585,1.04759095,0.6584936754025786,2.1756401650178288,0.3890972745974214,-586.1961502100138,10.57000000002813
1.59,1.05245717,0.662987845887522,2.2228278339534238,0.38946932411247803,-2149.385884104044,47.45000000013829
1.595,1.05715297,0.6667004215055189,2.227733790377935,0.3904525484944811,1563.1897338933218,30.089999999774705
1.6,1.06168546,0.6700221996900422,2.202343365332493,0.3916632603099579,390.79743347372084,23.250000000276373
1.605,1.06605205,0.674320971458249,2.211135082181253,0.39173107854175093,-1172.3923004201679,50.75000000047737
1.61,1.07025733,0.6780335470762457,2.2178788023180145,0.39222378292375426,1563.1897338933213,74.37999999950637
1.615,1.07431144,0.6817461226942425,2.220484063542646,0.3925653173057575,976.9935836840169,86.77999999974827
1.62,1.07822353,0.6858494957457124,2.217412048371445,0.39237403425428763,-2149.3858841036545,91.21000000020683
1.625,1.08200552,0.6905390649473927,2.231711293823742,0.39146645505260735,-1367.791017157459,67.0200000000421
1.63,1.08567084,0.694447039282126,2.216025423040204,0.3912238007178739,2.845581548172049e-10,15.540000000140594
1.635,1.0892255,0.6985504123335962,2.1981894098324046,0.3906750876664038,-976.993583683166,-24.10000000011695
1.64,1.09266628,0.7024583866683295,2.154587823205258,0.3902078933316705,-195.39871673671757,-27.70000000026471
1.645,1.09598692,0.7057801648528529,2.1483329624159846,0.3902067551471472,3517.1769012603645,-13.179999999835388
1.65,1.09918575,0.7089065443206396,2.1411661822359407,0.39027920567936036,4298.771768206527,4.399999999974398
1.655,1.10226208,0.7120329237884264,2.1065438071755715,0.3902291562115736,-1172.392300420312,34.85999999995158
1.66,1.10521607,0.7173086891403164,2.1243038460719865,0.38790738085968357,-4689.569201679681,69.15000000034865
1.665,1.10805538,0.7216074609085232,2.113423981556103,0.3864479190914767,-3126.3794677865,77.11999999983766
1.67,1.1107921,0.7264924288269399,2.1310478548788505,0.3842996711730602,195.3987167362934,55.39999999953619
1.675,1.11343597,0.7298142070114633,2.0932731678714016,0.3836217629885368,2149.385884103051,32.2700000002381
1.68,1.11599096,0.7333313839127235,2.095995286152038,0.3826595760872765,586.1961502101543,32.98000000071994
1.685,1.11845925,0.7368485608139834,2.0654188604934287,0.3816106891860165,976.9935836835916,66.03999999995801
1.69,1.12084492,0.7399749402817702,2.0821370709388884,0.38086997971822967,1563.1897338937488,118.95999999950399
1.695,1.1231582,0.7432967184662935,2.0969294161316574,0.37986148153370647,-1758.5884506303246,143.20999999995408
1.7,1.12542002,0.7474000915177638,2.142620690702264,0.3780199284822362,-1172.3923004208796,105.70999999970351
1.705,1.12765178,0.7507218697022872,2.10934133318788,0.37692991029771294,2344.784600840623,62.6700000000812
1.71,1.12985947,0.7538482491700736,2.083551787806277,0.37601122082992633,586.1961502107249,81.68000000054514
1.715,1.1320457,0.7579516222215439,2.105845726018917,0.37409407777845605,-1953.9871673671864,127.35999999961288
1.72,1.13422594,0.7616641978395406,2.122711864285064,0.37256174216045945,-1563.1897338936074,128.77999999972178
1.725,1.13642164,0.7655721721742741,2.1324538103366053,0.3708494678257259,1.4301804185379297e-10,106.02000000062576
1.73,1.13864679,0.7688939503587974,2.1056211828920484,0.36975283964120254,2930.980751049926,134.0500000002007
1.735,1.14090838,0.7720203298265842,2.125401045849253,0.36888805017341575,2149.3858841031924,189.42999999978773
1.74,1.14322804,0.7755375067278442,2.1459993806879245,0.36769053327215573,-3321.7781845230775,158.8699999999221
1.745,1.14563997,0.7802270759295242,2.1344340945694062,0.3654128940704757,-2149.385884102951,47.949999999596685
1.75,1.14815912,0.7837442528307843,2.1236244168880885,0.3644148671692158,2344.7846008398005,-1.560000000325374
1.755,1.15077528,0.786870632298571,2.105885342210075,0.36390464770142894,-586.1961502100296,39.460000000408286
1.76,1.15348798,0.7913648027835144,2.114659108398808,0.36212317721648557,-781.5948669461629,63.14000000045854
1.765,1.15631275,0.7942957835345645,2.115408833416692,0.36201696646543535,2149.3858841036194,50.21999999982563
1.77,1.15925408,0.7978129604358245,2.114622911756774,0.36144111956417546,-976.993583684019,45.8500000000584
1.775,1.16231552,0.8017209347705582,2.1071371184504786,0.36059458522944177,-1758.5884506306088,21.090000000327564
1.78,1.16550764,0.8052381116718181,2.100241014906895,0.3602695283281818,2735.5820343140585,-20.020000000754067
1.785,1.16882944,0.808169092422868,2.1103400289265606,0.36066034757713206,1953.9871673673267,-5.190000000681664
1.79,1.17226975,0.8118816680408648,2.108230860225947,0.3603880819591353,-3126.3794677869273,31.450000000886632
1.795,1.17583449,0.8163758385258082,2.0590634838854114,0.35945865147419176,-1758.588450630466,-0.009999999404556092
1.8,1.17953522,0.8196976167103317,2.103096472551575,0.3598376032896683,1563.1897338930387,-55.750000000357886
1.805,1.18336212,0.8232147936115918,2.101756439624067,0.3601473263884082,195.39871673686048,-71.70000000016472
1.81,1.18730404,0.8269273692295884,2.101287783028304,0.36037667077041147,4.2439296521479264e-10,-94.57000000026125
1.815,1.19135658,0.8302491474141118,2.105856548668291,0.3611074325858883,390.79743347343646,-147.8699999998397
1.82,1.19550451,0.8337663243153719,2.11401753926849,0.361738185684628,-976.9935836835923,-185.379999999782
1.825,1.1997233,0.8374788999333687,2.117416010775299,0.3622444000666314,-390.79743347372096,-192.62000000040433
1.83,1.20398876,0.8406052794011555,2.104947005915254,0.3633834805988446,1758.5884506301827,-185.00999999972078
1.835,1.2082769,0.8439270575856788,2.111763940294616,0.3643498424143212,1758.5884506304674,-158.61999999955788
1.84,1.21256417,0.8470534370534655,2.0878757777466483,0.3655107329465346,-1563.189733893606,-121.4300000003723
1.845,1.21683237,0.8513522088216723,2.11263014038648,0.3654801611783278,-2540.1833175771985,-115.77000000059395
1.85,1.22107212,0.8548693857229324,2.103998973478646,0.36620273427706773,586.196150210298,-144.9599999997992
1.855,1.22526828,0.8581911639074556,2.0682189398235886,0.36707711609254445,1758.5884506306088,-154.9799999993697
1.86,1.22939684,0.861512942091979,2.063484797924535,0.3678838979080209,586.1961502098712,-134.460000000302
1.865,1.23343967,0.8650301189932391,2.0535693713543792,0.368409551006761,976.9935836831661,-121.55000000007004
1.87,1.23738335,0.8687426946112359,2.0379143114847,0.3686406553887641,390.7974334730965,-120.47999999965799
1.875,1.24121208,0.8724552702292327,1.9974965498844257,0.3687568097707672,-3712.575617997015,-113.29000000046068
1.88,1.2449101,0.877535636864386,1.9915057860290375,0.36737446313561406,-2344.7846008397273,-104.40000000015891
1.885,1.24846503,0.8808574150489095,1.9516231100224968,0.3676076149510905,3126.379467786786,-97.55999999967503
1.89,1.2518638,0.8841791932334329,1.9300937090391728,0.3676846067665671,1563.1897338927527,-84.58000000004552
1.895,1.25509412,0.8878917688514296,1.9054113791620184,0.36720235114857047,-1953.987167366759,-67.10999999995659
1.9,1.25814689,0.8917997431861631,1.880005426362917,0.36634714681383684,586.1961502104407,-50.93999999985317
1.905,1.26101477,0.8951215213706863,1.8588439018094067,0.3658932486293137,1953.9871673669008,-34.47000000022581
1.91,1.26369226,0.8984432995552097,1.836662737968036,0.36524896044479027,-2149.385884103335,-16.15000000001146
1.915,1.26617604,0.9031328687568898,1.8151954622431412,0.36304317124311014,-976.9935836835932,1.57000000015762
1.92,1.26846544,0.90606384950794,1.800281203901951,0.36240159049206,2344.784600840053,16.87999999987369
1.925,1.27056178,0.9097764251259366,1.782686085717085,0.3607853548740634,390.7974334737203,30.650000000064892
1.93,1.272468,0.91368439946067,1.7658971962738876,0.3587836005393299,-976.9935836837354,43.16000000016993
1.935,1.27418887,0.9173969750786668,1.7503991414670346,0.3567918949213331,-2344.7846008406204,53.49999999992838
1.94,1.27573059,0.9216957468468736,1.7320405783360036,0.3540348431531264,-1758.5884506293291,61.819999999955144
1.945,1.27710047,0.9250175250313968,1.7181862914092294,0.35208294496860315,2540.183317577482,68.49999999985823
1.95,1.27830671,0.9277531070657102,1.7081992074025798,0.35055360293428983,2930.9807510493565,72.29999999964275
1.955,1.2793584,0.9308794865334972,1.6958613026339953,0.34847891346650284,-7.100879884092137e-10,71.67000000023893
1.96,1.28026486,0.9343966634347572,1.6780998907400455,0.3458681965652427,-781.5948669463064,67.88000000057104
1.965,1.28103496,0.9379138403360172,1.6578195328213994,0.34312111966398273,-586.1961502097297,64.48999999989269
1.97,1.28167671,0.941626415954014,1.6342023818529168,0.34005029404598597,-1172.3923004198837,62.539999999699944
1.975,1.28219803,0.9453389915720106,1.617029584485231,0.33685903842798937,-390.7974334734364,59.91999999963565
1.98,1.28260675,0.9488561684732708,1.5904826971789694,0.3337505815267292,1563.1897338926117,54.480000000012126
1.985,1.28291015,0.9519825479410576,1.5757217030861994,0.33092760205894234,1367.7910171568876,44.90000000089361
1.99,1.2831149,0.9556951235590542,1.5444135270271535,0.3274197764409458,195.39871673771347,32.88999999995207
1.995,1.2832258,0.9594076991770508,1.513242626580498,0.32381810082294926,-976.993583683503,23.409999999152205
2.0,1.28324606,0.963511072228521,1.4819519389531532,0.319734987771479,-2735.5820343143096,23.87000000054917
2.005,1.28317787,0.9678098439967278,1.4409390380055964,0.3153680260032723,-390.7974334734673,40.81000000043366
2.01,1.28302364,0.9713270208979876,1.4278965426582324,0.3116966191020123,4103.373051470362,67.07999999919292
2.015,1.28279023,0.9744534003657744,1.427997353187477,0.3083368296342256,1953.987167366744,87.45999999972537
2.02,1.28248845,0.9787521721339812,1.4149904104053508,0.30373627786601876,-4103.373051470383,100.0900000005245
2.025,1.28212996,0.9834417413356612,1.4050672809764555,0.2986882186643388,-3517.1769012607137,109.75000000002679
2.03,1.28172795,0.987740513103868,1.4067565258458132,0.29398743689613205,2344.784600839871,114.6399999993315
2.035,1.28129715,0.990671493854918,1.403157402878269,0.29062565614508207,2930.9807510500677,114.24000000019147
2.04,1.28085189,0.9947748669063884,1.4014368598206766,0.2860770230936117,-195.39871673650265,110.12000000079003
2.045,1.28040644,0.9984874425243848,1.3979903755313676,0.2819189974756151,195.39871673660787,101.44000000010814
2.05,1.27997451,1.0027862142925916,1.3878695723469534,0.2771882957074083,-7.293579074030276e-10,89.29999999963506
2.055,1.27956795,1.0066941886273253,1.3753326908040264,0.2728737613726746,-4103.373051470056,73.13999999965954
2.06,1.27919725,1.0119699539792153,1.3612889920803362,0.26722729602078465,-2540.183317575874,49.12000000019336
2.065,1.27887098,1.0152917321637385,1.3397324723322328,0.2635792478362615,3712.5756179963255,22.940000000338642
2.07,1.27859325,1.0182227129147887,1.3118426818314628,0.2603705370852112,2735.582034313262,6.229999999468163
2.075,1.27836465,1.0217398898160488,1.2921894246778192,0.2566247601839513,-1563.1897338926462,-2.4100000003016646
2.08,1.27818545,1.0252570667173089,1.2727320418512635,0.2529283832826912,-1367.791017157011,-10.959999999178905
2.085,1.27805519,1.028774243618569,1.2463227436786226,0.24928094638143095,1563.189733892577,-16.569999999952984
2.09,1.27797144,1.0315098256528823,1.2265128033106625,0.24646161434711766,1953.987167367201,-14.04000000094021
2.095,1.27793164,1.0350270025541424,1.2129916057850905,0.24290463744585766,-390.797433473012,-8.299999999642466
2.1,1.27793465,1.0385441794554024,1.19939999357476,0.2393904705445975,-1953.9871673668981,-6.979999998996419
2.105,1.27797996,1.0424521537901357,1.1837057104056352,0.23552780620986424,-781.5948669464259,-11.890000000683045
2.11,1.27806678,1.0459693306913955,1.168983052487932,0.23209744930860454,1563.1897338936424,-19.620000000777367
2.115,1.27819317,1.0490957101591825,1.1465564351272652,0.22909745984081753,586.1961502098006,-25.399999999387347
2.12,1.27835594,1.053003684493916,1.129772046458516,0.22535225550608406,-1367.7910171569117,-27.009999999870388
2.125,1.27855165,1.056520861395176,1.1062382099788337,0.22203078860482406,-2.8279600883251987e-10,-24.149999999850564
2.13,1.27877673,1.0602334370131727,1.0908776623426395,0.21854329298682718,1758.5884506287873,-17.549999999748962
2.135,1.27902839,1.0633598164809597,1.0789731879018378,0.21566857351904023,-586.1961502099102,-10.490000000520723
2.14,1.279305,1.0676585882491665,1.06335437165541,0.21164641175083343,-1953.9871673640464,-4.280000000132034
2.145,1.27960584,1.0713711638671628,1.053965327608932,0.2082346761328373,781.5948669464615,6.100000000093658
2.15,1.27993026,1.0746929420516864,1.0355186233457203,0.20523731794831357,1367.7910171537796,23.139999999978627
2.155,1.28027972,1.07860091638642,1.0538598701376087,0.20167880361357993,-390.7974334720162,41.180000000190034
2.16,1.28065861,1.0821180932876795,1.0330460499679528,0.19854051671232043,-1758.588450627491,55.510000000260504
2.165,1.28107317,1.0864168650558863,1.063391555718978,0.19465630494411368,195.3987167352124,66.19999999969366
2.17,1.28153123,1.0895432445236732,1.0398504355742355,0.19198798547632667,1758.5884506292664,69.9499999995983
2.1750000000000003,1.2820417,1.093060421424933,1.0830295710533524,0.18898127857506686,-586.1961502094018,63.570000000094126
2.18,1.28261432,1.0971637944764034,1.0488454748645588,0.18545052552359653,-976.9935836837699,55.29000000053702
2.185,1.28325526,1.1002901739441902,1.0620530112842166,0.18296508605580986,-195.3987167365837,47.620000000849586
2.19,1.28397145,1.10439354699566,1.068313552381697,0.17957790300433984,1172.3923004195124,33.08999999886504
2.195,1.28476914,1.1071291290299736,1.0402468574092512,0.17764001097002646,2930.980751049835,23.099999998506348
2.2,1.28565024,1.111037103364707,1.053558814000804,0.174613136635293,1758.5884506314778,44.63000000130819
2.205,1.28661643,1.1147496789827036,1.0222017094781803,0.17186675101729643,-1953.9871673669159,99.27000000120319
2.21,1.28767379,1.1200254443345938,1.0689778275333872,0.1676483456654061,-4689.5692016815865,134.94999999918844
2.215,1.28884176,1.1249104122530105,1.090907262669211,0.16393134774698948,-2344.784600839431,105.22999999947314
2.22,1.29014137,1.129404582737954,1.0738582238931789,0.160736787262046,1758.5884506312907,43.550000000629666
2.225,1.29158008,1.132921759639214,1.0631913959632855,0.15865832036078586,1563.1897338919578,-1.1300000002496517
2.23,1.29315821,1.1368297339739477,1.0523481544912672,0.15632847602605238,-781.5948669478498,-35.66000000037104
2.235,1.29487494,1.1405423095919442,1.044015646229285,0.15433263040805567,1.5095338312676176e-09,-64.72999999945165
2.24,1.29672318,1.1438640877764674,1.006558106257815,0.15285909222353267,1758.5884506311409,-67.41999999972057
2.245,1.29869068,1.1469904672442544,1.013840511383479,0.15170021275574563,976.9935836824113,-59.000000000516025
2.25,1.30077155,1.1505076441455144,1.0166866216304882,0.15026390585448568,-195.39871673758125,-62.3700000002741
2.255,1.30295988,1.1540248210467745,0.9827346046786872,0.14893505895322545,-195.3987167373113,-53.14999999940869
2.26,1.30524432,1.1577373966647713,0.9934206656636408,0.14750692333522863,-781.5948669460048,-28.62000000023488
2.265,1.30762017,1.1614499722827678,0.998867815530856,0.14617019771723228,-1367.7910171551466,-25.590000000178236
2.27,1.31008834,1.1653579466175013,0.9997590249253326,0.14473039338249882,1172.3923004194214,-34.8199999998954
2.275,1.31264293,1.168484326085288,0.9696364818232612,0.14415860391471202,2344.784600838905,-31.50000000063352
2.28,1.31527802,1.172001502986548,1.0078872045599208,0.143276517013452,-976.9935836821656,-34.749999999249894
2.285,1.31799334,1.1763002747547546,0.9730269525856132,0.14169306524524528,-1953.9871673658295,-42.909999999368665
2.29,1.32078186,1.1800128503727516,0.9775890579921244,0.14076900962724848,390.7974334720178,-25.400000001521562
2.295,1.32363665,1.183920824707485,0.9785835724526656,0.13971582529251503,586.196150209745,8.370000000169739
2.3000000000000003,1.32655695,1.1874380016087451,0.979838140609952,0.13911894839125494,-1758.5884506292484,14.320000001940684
2.305,1.32954746,1.191736773376952,0.9936347786182868,0.13781068662304796,-390.79743347295573,-27.720000000488085
2.31,1.33261166,1.1948631528447384,0.9714640514700864,0.13774850715526155,2930.9807510496266,-81.00000000127167
2.315,1.33574009,1.1979895323125254,0.9760743787250225,0.13775055768747468,1367.791017155502,-95.85000000044835
2.32,1.33891827,1.2018975066472588,0.9461991692103,0.13702076335274116,-1367.7910171560513,-65.85999999999558
2.325,1.34213354,1.2056100822652551,0.9569857683443928,0.13652345773474495,-2540.183317574668,-28.349999998333686
2.33,1.34538093,1.209908854033462,0.9602072492246132,0.13547207596653799,-390.7974334731007,-27.489999999652653
2.335,1.34866195,1.213230632217985,0.965083364934814,0.135431317782015,2735.5820343110363,-51.86000000208364
2.34,1.35197129,1.2163570116857725,0.9397815520789248,0.13561427831422757,976.9935836828856,-49.17999999975688
2.345,1.35529783,1.2204603847372424,0.9480744341771836,0.13483744526275765,-976.993583681427,-17.769999998048483
2.35,1.35863749,1.2239775616385025,0.9540412889860374,0.13465992836149754,-1367.7910171569017,-3.9800000007475376
2.355,1.361992,1.2282763334067093,0.9529332448519504,0.13371566659329082,-1172.3923004209391,-27.650000001529538
2.36,1.36536176,1.2317935103079691,0.9535168320605704,0.13356824969203096,781.5948669469449,-58.489999999267724
2.365,1.36874048,1.2353106872092292,0.9238208405614196,0.13342979279077083,1563.1897338938618,-55.04999999885629
2.37,1.37211645,1.2386324653937526,0.9330057226499896,0.13348398460624744,-195.39871673619294,-22.49000000062912
2.375,1.37548478,1.2423450410117491,0.936607204808516,0.13313973898825093,-1758.588450629974,-4.130000000657308
2.38,1.37884651,1.246057616629746,0.9381493155971036,0.13278889337025412,195.39871673548808,-19.730000000204903
2.385,1.38220241,1.2491839960975328,0.9415785746870876,0.13301841390246727,2149.3858841024366,-42.11999999967004
2.39,1.38554781,1.2523103755653198,0.913068549382467,0.13323743443468028,1172.3923004207693,-32.26999999867874
2.395,1.38887364,1.2560229511833163,0.9231937505000548,0.1328506888166836,781.5948669473979,4.179999999678415
2.4,1.39217823,1.2595401280845764,0.9306404610626664,0.1326381019154237,586.196150209413,35.139999998536844
2.405,1.3954662,1.2640342985695197,0.9306218609971916,0.13143190143048034,-2149.3858841040133,55.470000000355704
2.41,1.39874195,1.2685284690544634,0.928720097745313,0.13021348094553664,-4689.569201679088,54.76000000129275
2.415,1.40201523,1.2738042344063532,0.9417931446579668,0.1282109955936468,-976.9935836826116,19.2299999991978
2.42,1.40529444,1.2771260125908763,0.9156157630849632,0.1281684274091237,3126.3794677860124,-11.430000000985533
2.4250000000000003,1.40857549,1.2806431894921368,0.9183076155206604,0.1279323005078632,781.5948669467954,-9.279999999023978
2.43,1.41185493,1.2843557651101334,0.9189488115896834,0.12749916488986668,-390.79743347282357,-12.799999999514274
2.435,1.41513555,1.287677543294657,0.9206337620319628,0.12745800670534302,586.1961502090435,-37.5700000003584
2.44,1.41841414,1.2909993214791804,0.8919190673944356,0.1274148185208197,-5.769607014372014e-10,-51.740000000389976
2.445,1.42168261,1.2945164983804405,0.9025700498315378,0.12716611161955949,390.79743347452165,-39.60000000006279
2.45,1.4249345,1.297642877848227,0.8768060056920849,0.12729162215177303,1172.3923004200342,-4.66999999958162
2.455,1.42816493,1.3011600547494877,0.8942683767557564,0.1270048752505124,586.1961502094528,37.850000000217065
2.46,1.43137641,1.3046772316507471,0.9057249230002572,0.12669917834925282,-195.3987167371862,62.68999999946621
2.465,1.43457784,1.3087806047022177,0.9102580188890304,0.1257972352977823,-781.5948669471849,65.69999999953788
2.47,1.43777772,1.312688579036951,0.913099412415972,0.12508914096304902,-1953.9871673652315,54.76000000072582
2.475,1.44098403,1.317182749521894,0.9113107321352788,0.12380128047810612,-1172.3923004197327,24.780000000818877
2.48,1.44420413,1.320895325139891,0.9121660476977308,0.12330880486010898,976.9935836818157,-8.530000000632931
2.485,1.44743826,1.324412502041151,0.8870074671605241,0.12302575795884896,781.5948669472535,-6.2000000011192995
2.49,1.45068042,1.3281250776591476,0.8964816859535543,0.12255534234085252,1.394113269270747e-09,19.970000000740242
2.495,1.453932,1.331446855843671,0.9033079202022856,0.12248514415632905,586.1961502094442,15.480000000994536
2.5,1.45720039,1.335159431461668,0.9053187315941488,0.12204095853833197,1367.7910171560945,-7.8500000006444495
2.505,1.46048522,1.3382858109294544,0.8822521200805223,0.1221994090705456,-586.1961502104759,17.709999999052094
2.51,1.46377952,1.3425845826976612,0.8891320415515995,0.12119493730233866,-2149.385884103435,78.76000000037914
2.515,1.46709007,1.346297158315658,0.910013564787899,0.12079291168434203,1172.3923004218448,92.57000000076455
2.52,1.47043552,1.3498143352169178,0.9088332888823476,0.12062118478308226,1953.9871673671773,52.69999999939725
2.525,1.47382531,1.353331512118178,0.9079177188189396,0.12049379788182213,-2344.7846008417146,11.529999999591467
2.53,1.47726096,1.3580210813198583,0.9015452147502824,0.11923987868014163,-1953.987167367548,-24.96999999920928
2.535,1.48074364,1.3613428595043815,0.90230111208214,0.11940078049561853,1367.7910171573592,-56.8499999997084
2.54,1.48426737,1.3648600364056418,0.8843887098377297,0.11940733359435818,586.1961502098947,-50.910000000778794
2.545,1.48782009,1.3683772133069014,0.8919284481938303,0.11944287669309861,-390.79743347260217,-19.64999999985018
2.5500000000000003,1.4913979,1.3716989914914248,0.8974604629955946,0.11969890850857512,1172.39230042068,-20.489999999140608
2.555,1.49500375,1.3750207696759482,0.9011877536021072,0.11998298032405175,1367.7910171560775,-54.9400000002689
2.56,1.4986329,1.3781471491437352,0.8826532516061306,0.1204857508562649,-1172.3923004197923,-77.39000000100611
2.565,1.50227413,1.3824459209119415,0.8887223032984184,0.11982820908805847,-781.5948669478554,-69.9600000004353
2.57,1.50591743,1.385572300379729,0.8674286476986474,0.12034512962027111,586.1961502093992,-38.34999999895771
2.575,1.50955384,1.389480274714462,0.8800683805985849,0.12007356528553803,-976.993583682304,0.07000000067603196
2.58,1.51318153,1.3931928503324589,0.8870176952172255,0.11998867966754112,3.808509063674137e-10,12.85999999936421
2.585,1.51680453,1.3967100272337187,0.8910845433120426,0.1200945027662812,1953.9871673672199,-13.230000000985171
2.59,1.52042527,1.400031805418242,0.8940193611086727,0.12039346458175815,390.79743347292805,-46.439999999847046
2.595,1.52403906,1.4041351784697125,0.8647492610866457,0.11990388153028753,-1367.7910171574226,-43.60999999818402
2.6,1.52763542,1.408043152804446,0.872056133002289,0.11959226719555405,-1953.9871673663388,-16.48000000017369
2.605,1.53121099,1.4121465258559158,0.874485097433595,0.11906446414408411,-390.79743347358385,-10.320000002076526
2.61,1.53476837,1.4158591014739124,0.8762552797574956,0.11890926852608774,2930.980751049624,-17.12999999966445
2.615,1.53830384,1.4187900822249626,0.850304111298305,0.11951375777503737,1758.5884506305129,-6.499999998374335
2.62,1.5418138,1.4230888539931694,0.8828727021805602,0.11872494600683048,-1758.5884506297978,7.599999999853125
2.625,1.54530048,1.4269968283279029,0.851029357937968,0.11830365167209722,-2149.3858841035735,7.519999999205297
2.63,1.54876521,1.431490998812846,0.8760854678652592,0.11727421118715409,-781.5948669471662,1.299999999280061
2.635,1.55220851,1.4350081757141062,0.8444339525343002,0.11720033428589383,586.1961502102968,-8.619999999550629
2.64,1.55563012,1.4389161500488394,0.8699130605424374,0.11671396995116057,1367.7910171571611,-25.659999998599687
2.645,1.55902923,1.4420425295166264,0.838457039413125,0.11698670048337356,976.9935836823047,-33.45999999993764
2.65,1.56239991,1.4459505038513598,0.8381858100353392,0.11644940614864008,-1.4210854715202004e-11,-18.48000000165554
2.655,1.56573698,1.4494676807526197,0.8386103874737915,0.11626929924738039,-781.5948669460296,-3.8300000008406414
2.66,1.56904112,1.45357105380409,0.8354906411079797,0.11547006619591005,-586.1961502102301,-14.209999997952849
2.665,1.57231328,1.4572836294220868,0.8341310360331232,0.11502965057791315,-195.39871673730565,-31.11999999987202
2.67,1.57554992,1.4609962050400835,0.7998540449950721,0.11455371495991651,-195.39871673593873,-19.100000001224174
2.6750000000000003,1.57874392,1.4649041793748168,0.8082381171216154,0.1138397406251832,1367.7910171577723,17.380000001019596
2.68,1.58189519,1.4680305588426037,0.8177304222457821,0.11386463115739631,976.993583682839,44.740000000155334
2.685,1.5850098,1.4721339318940736,0.8205453595777853,0.11287586810592631,-1563.189733893248,48.23999999899972
2.69,1.58809431,1.4760419062288068,0.8232671158061,0.11205240377119319,-1563.189733894324,29.409999999365425
2.695,1.59115566,1.4799498805635405,0.825038256074305,0.1112057794364596,-195.39871673769733,1.3600000008335513
2.7,1.59419552,1.4834670574648006,0.7942213393363415,0.11072846253519941,1172.3923004220237,-12.759999999052724
2.705,1.59721091,1.4867888356493235,0.808694682380323,0.11042207435067652,1953.987167367487,2.1399999991416934
2.71,1.60020018,1.4901106138338471,0.7817833897744133,0.11008956616615295,195.3987167355364,47.51999999911364
2.715,1.60316279,1.493823189451844,0.7994822437772056,0.10933960054815617,-2149.385884103683,82.75000000026054
2.72,1.60611043,1.497926562503314,0.8335148666546845,0.10818386749668596,-390.7974334730328,61.29000000100478
2.725,1.60905882,1.5012483406878376,0.8038013981241655,0.10781047931216237,1367.7910171566375,19.440000000372198
2.73,1.61200902,1.5047655175890975,0.8065304668460129,0.10724350241090241,-6.011191544530576e-10,6.619999998918899
2.735,1.61496029,1.508673491923831,0.8026109310124869,0.10628679807616903,390.7974334733332,2.41999999957421
2.74,1.61791539,1.5119952701083543,0.7974361061536184,0.10592011989164574,781.5948669482585,-16.14999999873279
2.745,1.62087382,1.5160986431598242,0.7847942267192913,0.10477517684017568,-195.39871673601533,-40.359999999850665
2.75,1.62383196,1.5200066174945577,0.7693123213315377,0.10382534250544229,-1367.791017158654,-63.24000000063556
2.755,1.62678326,1.5243053892627647,0.7476436051278283,0.10247787073723535,-1758.58845063127,-84.39000000009396
2.76,1.62971837,1.5286041610309713,0.7213190267110944,0.10111420896902867,1172.3923004212998,-102.43999999999623
2.765,1.63262537,1.5319259392154947,0.695024990745238,0.10069943078450527,976.9935836838079,-116.10999999988744
2.77,1.63549023,1.5360293122669648,0.6614687174879939,0.09946091773303523,-1758.58845063103,-124.85999999996534
2.775,1.63829771,1.540132685318435,0.6270696830351071,0.09816502468156507,781.5948669462283,-123.9000000000919
2.78,1.64103143,1.5432590647862214,0.5871383702414035,0.09777236521377852,1953.9871673669338,-105.89000000008775
2.785,1.64367542,1.547167039120955,0.5653023182886102,0.09650838087904501,-586.1961502091355,-74.23999999959415
2.79,1.64621807,1.5510750134556883,0.5486980251942409,0.09514305654431165,-1367.791017156764,-40.800000000441514
2.795,1.64865261,1.5549829877904218,0.5378675403614808,0.09366962220957831,-1172.3923004205446,-13.110000000135472
2.8000000000000003,1.65097591,1.5588909621251552,0.5322063480138052,0.09208494787484489,8.786855687503703e-10,5.170000000854259
2.805,1.65318848,1.5622127403096786,0.5333116343326976,0.09097573969032147,2344.7846008401057,21.35999999948598
2.81,1.65529184,1.565534518494202,0.5137358402325387,0.08975732150579807,2149.3858841027177,53.419999999848926
2.815,1.6572882,1.5688562966787254,0.5236085210883353,0.0884319033212746,-1953.9871673676648,91.34000000018915
2.82,1.65918722,1.5733504671636689,0.5546862208294651,0.08583675283633108,-2344.784600840088,98.69999999950977
2.825,1.66100519,1.5770630427816656,0.5553805711143174,0.08394214721833437,976.9935836856351,76.34000000051333
2.83,1.66275339,1.5803848209661888,0.5275919644996692,0.08236856903381118,195.39871673698167,56.169999999997856
2.835,1.66443815,1.584488194017659,0.5346854468946084,0.07994995598234111,586.1961502070269,50.10999999940324
2.84,1.66606669,1.587614573485446,0.5110132962570759,0.07845211651455397,2735.582034313091,73.89000000046735
2.845,1.66764325,1.5913271491034424,0.4896260386604399,0.0763161008965576,-976.993583680198,134.1300000001359
2.85,1.66917723,1.595625920871649,0.5443501899007992,0.07355130912835106,-4298.771768207031,170.49999999983186
2.855,1.67069438,1.6003154900733294,0.5813951983900614,0.07037888992667063,-586.1961502132343,141.6700000001482
2.86,1.67221914,1.6034418695411163,0.5445936687876222,0.0687772704588836,2344.7846008397764,104.51000000017258
2.865,1.67376204,1.6071544451591129,0.5526487005084647,0.06660759484088707,781.5948669479753,104.25000000026871
2.87,1.67533409,1.6104762233436365,0.5604019575613811,0.0648578666563635,-976.9935836826146,107.55999999958854
2.875,1.67695074,1.6141887989616328,0.5637705558559049,0.0627619410383673,-195.39871673601672,80.64999999959707
2.88,1.67862633,1.617510577146156,0.5666583540002881,0.06111575285384396,1953.9871673658004,43.84999999983907
2.885,1.68036804,1.6204415578972062,0.5337247760617537,0.05992648210279383,976.9935836832517,37.84000000023133
2.89,1.68217651,1.6243495322319397,0.542509915156696,0.05782697776806023,-976.9935836819961,59.160000000999446
2.895,1.68405779,1.6278667091331998,0.5478086144005397,0.05619108086680025,-1563.1897338945982,64.35999999980947
2.9,1.68602247,1.63197008218467,0.5465590286105608,0.05405238781532984,-390.79743347470225,32.479999998700066
2.905,1.68807915,1.63548725908593,0.5459387384215922,0.05259189091407013,1563.189733894494,-13.639999999967301
2.91,1.69022857,1.6388090372704534,0.5137962714367498,0.05141953272954658,2.2154722500999924e-10,-41.90999999904972
2.915,1.6924646,1.6429124103219237,0.51936593075902,0.0495521896780764,-1563.1897338945628,-42.30000000063416
2.92,1.69478117,1.6464295872231836,0.4884433474803219,0.04835158277681639,-781.5948669460308,-18.09000000038492
2.9250000000000003,1.69717223,1.65014216284118,0.5011706676586237,0.047030067158819966,781.5948669483627,15.380000001256974
2.93,1.69963797,1.6532685423089668,0.5100743911135939,0.04636942769103314,1367.7910171563547,26.11000000031595
2.935,1.70218395,1.6563949217767535,0.515120727309409,0.045789028223246486,-390.7974334748756,-7.770000000277264
2.94,1.70481435,1.6601074973947505,0.51525780326764,0.044706852605249425,-390.7974334743413,-74.00000000076204
2.945,1.70752587,1.6630384781458003,0.489987190031402,0.0444873918541997,1953.9871673676828,-116.59000000066757
2.95,1.71030254,1.6665556550470606,0.4639427208324904,0.043746884952939435,1367.7910171584697,-80.32999999896916
2.955,1.71312399,1.669682034514847,0.4447875758097276,0.04344195548515284,-2735.5820343139285,3.8400000002639842
2.96,1.71598595,1.674567002433264,0.4995963817509907,0.04141894756673614,-2344.7846008425076,56.58999999922449
2.965,1.71889798,1.6776933819010509,0.4769589069814542,0.04120459809894905,1563.1897338933404,54.82000000028063
2.97,1.72186842,1.6814059575190474,0.5077801380567848,0.04046246248095264,3321.7781845256222,31.560000000477487
2.975,1.72490443,1.6847277357035708,0.4900736605374398,0.04017669429642923,1953.9871673664381,37.53999999987778
2.98,1.72800477,1.6886357100383045,0.4943803570749743,0.039369059961695596,-3517.176901261464,74.88999999934424
2.985,1.7311749,1.694106874106931,0.4913756226090254,0.03706802589306912,-4103.373051469623,74.98999999994288
2.99,1.73443254,1.698210247158401,0.4879893714067971,0.036222292841598946,1367.7910171580572,28.380000001120948
2.995,1.73778428,1.702313620209871,0.4846350308201909,0.03547065979012909,3517.176901259789,3.9499999997063355
3.0,1.74122672,1.706026195827868,0.48332523857517,0.03520052417213204,195.3987167357325,6.499999998935493
3.005,1.74476095,1.710715765029548,0.4712895919485676,0.03404518497045217,-3517.1769012609925,-19.739999999911106
3.01,1.74839126,1.7156007329479648,0.470551874493274,0.03279052705203522,-1563.1897338930182,-74.97999999914379
3.015,1.75211141,1.719508707282698,0.4700571700508303,0.032602702717301923,586.1961502115703,-118.95999999949404
3.02,1.75590642,1.7234166816174314,0.4667984895566184,0.032489738382568634,195.39871673589732,-144.6800000007786
3.025,1.75976068,1.7271292572354282,0.46276387854929,0.03263142276457187,1367.7910171552164,-147.0700000010143
3.03,1.76365324,1.7300602379864782,0.4388909226633003,0.03359300201352178,1563.1897338940908,-120.09999999947385
3.035,1.76756408,1.7337728136044748,0.4613021807423866,0.03379126639552532,390.7974334745635,-112.71999999877364
3.04,1.77148465,1.7368991930722617,0.4571818126485665,0.0345854569277384,-781.5948669476907,-152.08000000085673
3.045,1.77540151,1.7410025661237318,0.4212594383171364,0.034398943876268184,-390.79743347374733,-173.30000000015048
3.0500000000000003,1.77928793,1.7443243443082552,0.3908549887013353,0.034963585691744736,586.196150211639,-132.47999999862924
3.055,1.78312089,1.7480369199262518,0.3996473977379322,0.035083970073748194,-390.7974334738155,-73.97000000083423
3.06,1.78688978,1.7519448942609854,0.4022445604907752,0.034944885739014664,-586.1961502120008,-46.710000001140884
3.065,1.79058974,1.7554620711622455,0.4030242891560076,0.03512766883775442,-390.79743347311114,-52.70999999935185
3.0700000000000003,1.79421623,1.759370045496979,0.3990570498174452,0.034846184503021016,195.39871673862578,-64.75999999937034
3.075,1.79776135,1.7626918236815023,0.3654064151341959,0.03506952631849769,390.7974334731632,-54.54999999985091
3.08,1.80121457,1.7662090005827624,0.3695066513676701,0.035005569417237536,-781.5948669480445,-26.119999999708057
3.085,1.80457096,1.7699215762007592,0.3681303344366287,0.03464938379924076,-2.913225216616411e-10,-8.35000000135318
3.09,1.80783025,1.772852556951809,0.3679679360304205,0.034977693048191094,2149.385884104585,-9.330000000869916
3.095,1.81099245,1.776369733853069,0.36350353288993,0.03462271614693102,1953.987167368224,-7.78999999825561
3.1,1.81405492,1.779300714604119,0.332290067687589,0.03475420539588092,-1953.9871673684677,5.970000000258722
3.105,1.81701649,1.7841856825225362,0.3590257895749095,0.03283080747746392,-1953.9871673696898,16.129999998799974
3.11,1.81988079,1.7875074607070596,0.3245554725788568,0.032373329292940456,390.79743347474516,19.200000000142154
3.115,1.82264905,1.7914154350417928,0.3263461355327411,0.031233614958207312,-586.1961502070785,21.660000000718696
3.12,1.82532399,1.7955188080932627,0.3256354950926944,0.02980518190673731,1563.1897338925432,22.940000000330713
3.125,1.82790933,1.798449788844313,0.2970887629042441,0.029459541155687052,1953.9871673652829,33.74000000008198
3.13,1.83040618,1.8027485606125195,0.3015876102722092,0.02765761938748046,-2149.3858841031824,52.399999998742146
3.135,1.83282027,1.8068519336639897,0.3030584129717505,0.025968336336010367,-3321.7781845229465,53.23999999946034
3.14,1.8351611,1.8111507054321965,0.3003796533515193,0.024010394567803628,7.077005648170598e-10,43.25000000163632
3.145,1.83743427,1.81447248361672,0.2681000302171797,0.022961786383279836,3126.379467786739,60.60000000018334
3.15,1.83964199,1.81740346436777,0.2784054546501719,0.022238525632230166,781.5948669458418,94.10999999887281
3.155,1.84179458,1.8213114387025036,0.3123952773851462,0.0204831412974964,-1563.1897338937392,85.73000000013376
3.16,1.84390945,1.8246332168870267,0.3078309161705208,0.019276233112973218,1.4541605520097966e-09,37.62000000079165
3.165,1.84599531,1.8281503937882868,0.2701420430201221,0.017844916211713135,781.5948669463079,20.45999999950085
3.17,1.84804921,1.8312767732560733,0.2421681870373561,0.01677243674392681,-586.1961502110908,43.65999999948028
3.1750000000000003,1.85007408,1.8349893488740705,0.2922934252156245,0.015084731125929451,195.39871673842654,44.23000000059068
3.18,1.85208173,1.8381157283418568,0.2589499416421382,0.013966001658143323,1758.5884506298603,19.1200000003239
3.185,1.85407455,1.841242107809644,0.2321481849673409,0.012832442190356064,-586.1961502116825,14.65999999936929
3.19,1.85605124,1.8453454808611136,0.2476605319476364,0.010705759138886384,-390.7974334721206,36.53999999954816
3.1950000000000003,1.85801584,1.848667259045637,0.2204175639109437,0.009348580954362973,781.594866948413,73.49000000090156
3.2,1.8599724,1.8523798346636335,0.2383027336353528,0.00759256533636643,-2344.784600840828,99.1100000004529
3.205,1.86193449,1.8568740051485773,0.2783723367337823,0.005060484851422853,-586.1961502120278,80.91999999948486
3.21,1.8639187,1.860000384616364,0.2416930110073914,0.003918315383635962,2149.3858841022475,44.79999999943753
3.215,1.86592961,1.8635175615176245,0.2466025348268772,0.0024120484823755284,-195.39871673469,22.140000000086502
3.22,1.86797106,1.867620934569094,0.2452520532622612,0.0003501254309059565,-195.39871673484646,6.160000000652701
3.225,1.870046,1.8707473140368809,0.2105734430527447,-0.0007013140368807846,195.39871673482017,5.989999999946747
3.23,1.87215162,1.8750460858050877,0.2150681767528167,-0.002894465805087787,-586.1961502114679,19.449999999205104
3.235,1.87428982,1.8783678639896109,0.2189075005900949,-0.004078043989610869,-586.1961502088864,10.73000000018746
3.24,1.87646637,1.882471237041081,0.2151347495451634,-0.006004867041081052,-195.39871673537894,-16.669999999118858
3.245,1.87868052,1.8857930152256044,0.178591644546924,-0.0071124952256043095,1367.79101715669,-17.08000000063913
3.25,1.88092604,1.8893101921268645,0.1846885456762654,-0.008384152126864386,390.7974334737373,14.389999999764598
3.255,1.88320143,1.8928273690281243,0.1858889000401071,-0.009625939028124364,-1367.7910171575413,30.520000000245716
3.26,1.88551355,1.896930742079595,0.2085488007624668,-0.011417192079594907,390.7974334721785,10.729999999619224
3.265,1.88786694,1.8998617228306447,0.1694022968540976,-0.01199478283064459,390.7974334736082,-19.749999999015074
3.27,1.89025942,1.903965095882115,0.1903310632169086,-0.01370567588211502,-781.5948669474931,-44.38999999933296
3.275,1.89268778,1.9072868740666384,0.1485129468546519,-0.014599094066638507,781.5948669474348,-60.030000001635955
3.28,1.8951439,1.910804050967898,0.1433883702327188,-0.015660150967897968,1172.3923004220492,-67.50000000068145
3.285,1.89761956,1.914321227869158,0.1366027756599598,-0.016701667869157832,-586.1961502109104,-75.57999999846687
3.29,1.90010696,1.918229202203892,0.0956836439420588,-0.018122242203892025,-1563.1897338960207,-80.49000000027632
3.295,1.90259478,1.9221371765386253,0.0948384626849317,-0.019542396538625217,-781.594866946057,-71.40000000049353
3.3000000000000003,1.90507302,1.9256543534398851,0.0610386614100846,-0.02058133343988522,390.79743347656284,-47.57999999896153
3.305,1.90753295,1.9291715303411447,0.0671776810957457,-0.021638580341144742,976.9935836837443,-19.25000000057051
3.31,1.90997068,1.932297909808932,0.0711089215063762,-0.02232722980893187,-195.39871673902866,-5.2200000010267615
3.315,1.91238649,1.935815086710192,0.0702470441967652,-0.02342859671019193,-586.1961502125375,-10.42999999924271
3.3200000000000003,1.91478069,1.939136864894716,0.0686656725323974,-0.024356174894716087,1172.3923004216877,-14.179999998594354
3.325,1.91715018,1.941872446929029,0.037868268022704,-0.024722266929029013,-390.79743347044894,-6.2500000007078285
3.33,1.91949262,1.9455850225470253,0.0725868676544892,-0.026092402547025273,-781.5948669486143,-2.660000000958064
3.335,1.92180984,1.948516003298076,0.0380317887086595,-0.026706163298075847,1758.5884506281382,-6.300000000005355
3.34,1.92410022,1.9512515853323888,0.0442451585553357,-0.027151365332388933,-195.39871673469818,-9.070000000401691
3.345,1.92636281,1.9549641609503856,0.0433820826957208,-0.028601350950385518,-1563.1897338922317,-10.929999999126295
3.35,1.92859719,1.957895141701436,0.0131618611005862,-0.02929795170143601,-195.39871673738514,-4.919999999236168
3.355,1.93080002,1.9610215211692223,0.0223947774259186,-0.030221501169222398,-195.3987167371522,3.799999998938901
3.36,1.9329726,1.9639525019202728,0.0290512246111499,-0.03097990192027278,390.7974334736768,4.189999999658099
3.365,1.93511655,1.9664926852378493,0.0022577493763904,-0.03137613523784921,390.7974334736513,8.360000001055909
3.37,1.93723025,1.9692282672721628,0.0154399586081267,-0.03199801727216278,-781.5948669480699,15.089999999982567
3.375,1.93931659,1.9717684505897397,0.0252070745441795,-0.0324518605897397,-586.1961502097562,9.239999999693737
3.38,1.9413785,1.9741132351905792,-0.0004414043002434,-0.032734735190579345,781.5948669474341,0.2599999993485369
3.385,1.94341523,1.976067222357946,0.0169045464608639,-0.032651992357946025,1172.3923004191822,3.309999999320624
3.39,1.94542659,1.978021209525313,-0.0044855332102416,-0.03259461952531284,390.7974334745819,20.160000001392447
3.395,1.94741273,1.980170595409416,0.0139214217496769,-0.032757865409416054,3.112177182629239e-10,40.95000000091618
3.4,1.94937783,1.982124582576783,0.0270916385207493,-0.032746752576783056,-781.5948669485347,49.859999999174306
3.405,1.95132925,1.984469367177623,0.0343938099939572,-0.03314011717762311,-1172.3923004197168,45.029999999430075
3.41,1.95327317,1.9864233543449896,0.040415590798445,-0.03315018434498973,1.4117631508270279e-09,36.27000000022797
3.415,1.95521465,1.98818194279562,0.045174779412559,-0.03296729279561994,586.196150209144,28.399999999919494
3.42,1.95715764,1.989745132529513,0.0494798643644315,-0.032587492529513096,195.398716736042,21.84000000028068
3.4250000000000003,1.9591052,1.9913083222634065,0.0529136194784824,-0.03220312226340649,195.3987167379968,13.150000000336949
3.43,1.96105964,1.992676113280563,0.0572407490485544,-0.03161647328056305,781.5948669463232,-0.8400000004364649
3.435,1.96302274,1.99404390429772,0.0610269265841097,-0.03102116429772006,781.5948669457632,-5.170000000306029
3.44,1.96499232,1.9954116953148764,0.034542712181005,-0.030419375314876484,-390.7974334725502,16.46999999991028
3.4450000000000003,1.96696643,1.9971702837655063,0.0753124978992295,-0.030203853765506272,-586.1961502093843,45.81000000030282
3.45,1.96895051,1.9987334734994,0.0763830833255873,-0.029782963499400017,6.036060540282179e-10,49.23000000019647
3.455,1.97095274,2.000296663233293,0.1049145817757627,-0.029343923233292823,-390.7974334731703,15.959999999780536
3.46,1.97298002,2.0020552516839234,0.0987947268497728,-0.02907523168392334,-195.39871673886742,-30.51000000027878
3.465,1.9750309,2.00342304270108,0.0674482761439686,-0.02839214270108026,976.993583681719,-55.41999999963191
3.47,1.97709681,2.0049862324349736,0.0747242871681808,-0.02788942243497372,781.5948669488029,-50.73999999922047
3.475,1.9791704,2.00635402345213,0.0505210210929924,-0.02718362345212988,-781.5948669446608,-27.939999999941165
3.48,1.98124546,2.008503409336233,0.062877213174002,-0.027257949336233045,-781.5948669486228,-0.9400000010380634
3.485,1.9833205,2.0098712003533903,0.0756144532784752,-0.026550700353390244,-390.79743347428075,14.579999998998362
3.49,1.98539803,2.0118251875207567,0.0828199315970067,-0.02642715752075664,-390.7974334708359,16.500000000690072
3.495,1.98748026,2.013192978537913,0.0910596920587472,-0.025712718537912904,781.5948669460819,14.200000000814175
3.5,1.9895691,2.0145607695550702,0.0980445075878569,-0.02499166955507026,1367.791017154675,12.150000000019904
3.505,1.99166618,2.015928560572227,0.1044423416544057,-0.02426238057222707,390.79743347404894,10.59999999966928
3.51,1.99377287,2.01749175030612,0.1094168493807598,-0.023718880306120127,-781.5948669459868,9.610000000177436
3.515,1.99589041,2.019445737473487,0.1123185433318527,-0.023555327473486987,-195.3987167365164,9.04000000048319
3.52,1.99801994,2.0210089272073803,0.1169383185473069,-0.022988987207380296,390.7974334740222,12.729999998842615
3.525,2.00016256,2.0229629143747467,0.1198270524408674,-0.02280035437474659,-976.9935836836988,23.8599999988734
3.53,2.00231935,2.0249169015421136,0.1227702417656353,-0.022597551542113514,-976.9935836843113,25.140000001609017
3.535,2.00449536,2.0268708887094804,0.1539543470763979,-0.022375528709480452,781.5948669477175,-1.9699999981508967
3.54,2.00669496,2.028238679726637,0.1229329218964847,-0.021543719726637267,1172.392300418821,-32.85000000147206
3.545,2.00891395,2.030192666894004,0.1287886213355875,-0.021278716894003846,586.196150209143,-30.210000001038075
3.5500000000000003,2.0111448,2.031755856627897,0.1028914705186656,-0.020611056627897195,-586.1961502069307,-2.8799999992628784
3.555,2.01338548,2.034100641228737,0.1483583749313806,-0.020715161228736623,-1367.791017156913,16.969999999791348
3.56,2.01563866,2.036054628396104,0.118616088088347,-0.020415968396104045,-390.79743347684735,17.529999999224458
3.565,2.01790707,2.038008615563471,0.1629671780576848,-0.02010154556347077,976.9935836840182,4.900000000415531
3.5700000000000003,2.02019351,2.0397672040141006,0.1335977765620128,-0.019573694014100695,1367.7910171599783,2.980000001573785
3.575,2.02249625,2.0415257924647303,0.146389995833457,-0.01902954246473021,-586.1961502109435,28.049999999670547
3.58,2.02481425,2.043870577065571,0.1541660941324432,-0.019056327065571033,-1758.5884506315392,39.07999999882048
3.585,2.027156,2.046019962949674,0.1899584379560095,-0.01886396294967385,1172.3923004201988,1.5399999995203757
3.59,2.02952893,2.047778551400304,0.1600519467348954,-0.01824962140030406,2540.183317576302,-25.45999999910474
3.595,2.0319254,2.049732538567671,0.1338206523973619,-0.01780713856767102,-1172.3923004198211,7.980000001174076
3.6,2.03433909,2.052663519318721,0.1804057641835283,-0.018324429318720803,-2930.9807510497817,40.13999999927492
3.605,2.03677899,2.0552037026362977,0.1816173271205039,-0.018424712636297524,-195.39871673660147,13.829999998901187
3.61,2.03925271,2.0573530885204008,0.1842885841158971,-0.018100378520400806,1758.5884506297634,-28.440000000390782
3.615,2.04175691,2.0595024744045043,0.1547959519074267,-0.017745564404504144,1953.9871673666328,-26.069999998691245
3.62,2.04428362,2.061651860288608,0.1672780868512954,-0.01736824028860795,8.270717444247566e-10,14.210000000793897
3.625,2.04683072,2.064387442322921,0.1735073052945931,-0.017556722322920937,-2735.582034313043,28.16999999879559
3.63,2.04940575,2.067513821790708,0.2017078614091222,-0.018108071790707836,-1563.1897338946778,-18.830000000778256
3.635,2.05201463,2.069858606391548,0.1700035212444362,-0.01784397639154811,1172.3923004188537,-68.41999999921046
3.64,2.05464727,2.0722033909923883,0.1412086310251439,-0.017556120992388458,1563.189733893721,-56.99999999904663
3.645,2.05728981,2.0743527768764918,0.1570482336351223,-0.017062966876491892,390.79743347370464,-13.769999999904606
3.65,2.05993976,2.076892960194068,0.1659446361487116,-0.01695320019406843,-586.196150209754,7.329999999397941
3.655,2.06259926,2.0794331435116447,0.1709043602254782,-0.01683388351164483,-586.1961502091868,-0.07000000096218173
3.66,2.06526945,2.081973326829221,0.1733196925788336,-0.01670387682922092,1.4550847134729385e-09,-25.979999999776943
3.665,2.06795031,2.084513510146798,0.1728984515960813,-0.016563200146797907,390.7974334723262,-57.5999999995245
3.67,2.07063627,2.086858294747638,0.1402640633118999,-0.01622202474763812,-3.1256774946087473e-09,-75.55000000024582
3.675,2.07331698,2.089593876781952,0.1440271883641921,-0.01627689678195221,-195.39871673630958,-74.28000000032652
3.68,2.07598262,2.0919386613827915,0.1136098121214572,-0.015956041382791497,195.39871673915104,-59.8899999997157
3.685,2.07862372,2.094674243417105,0.1177226658788226,-0.01605052341710511,586.1961502103245,-43.24999999937964
3.69,2.08123422,2.097019028017945,0.1166703024001801,-0.015784808017945018,781.5948669454283,-36.4700000000021
3.695,2.08381064,2.099950008768995,0.107250468604292,-0.016139368768995244,-195.39871673714538,-38.10000000014966
3.7,2.08634782,2.1026855908033086,0.0945381416073157,-0.016337770803308782,-2149.3858841020838,-46.00000000011465
3.705,2.08884127,2.1062027677045685,0.0938779608801437,-0.017361497704568407,-1953.987167366616,-62.38999999966089
3.71,2.09128532,2.1087429510221454,0.0535372990400165,-0.01745763102214548,781.594866944869,-74.4100000005568
3.715,2.09366961,2.1112831343397223,0.0385406788850295,-0.017613524339722186,2149.3858841034844,-72.94000000085825
3.72,2.09598433,2.1132371215070886,0.0265852834086735,-0.017252791507088805,781.5948669479568,-65.40999999857985
3.725,2.09822125,2.115972703541402,-0.0026606318314697,-0.017751453541402284,-781.5948669466142,-53.159999999095646
3.73,2.10037191,2.118317488142242,-0.0105513292539354,-0.01794557814224218,-1367.7910171579883,-37.05000000165347
3.735,2.10243078,2.1210530701765555,-0.0204411892854634,-0.018622290176555367,-976.9935836828486,-26.77000000060832
3.74,2.1043949,2.1232024560606586,-0.028643463737618,-0.018807556060658648,195.3987167396591,-22.01999999842377
3.745,2.10626115,2.125156443228025,-0.0462307235753436,-0.01889529322802508,1172.392300418003,-11.750000000477712
3.75,2.10802653,2.126915031678656,-0.0483805146154013,-0.018888501678655967,976.9935836809354,6.7099999989751495
3.755,2.10969034,2.128478221412549,-0.0495620328838191,-0.018787881412548835,-1367.7910171545263,24.540000000588122
3.76,2.11125505,2.130627607296652,-0.0426365067021089,-0.019372557296652104,-1563.1897338940237,34.58000000053295
3.765,2.11272506,2.1319953983138094,-0.0429291086553669,-0.019270338313809532,781.5948669459431,38.3700000003106
3.77,2.114105,2.1329723918974923,-0.0385736326616354,-0.018867391897492425,586.1961502115972,39.649999999639135
3.775,2.11539989,2.1341447841979124,-0.0326875737468383,-0.018744894197912476,195.39871673599947,40.64999999884816
3.78,2.11661475,2.1347309803481225,-0.0374326791190749,-0.018116230348122375,586.1961502088848,43.919999999969946
3.785,2.11775448,2.135512575215069,-0.0233812406670548,-0.017758095215069325,195.39871673799732,49.39000000176665
3.79,2.11882495,2.136098771365279,-0.0267898961707801,-0.017273821365278774,1.7141701391665265e-09,54.4400000001024
3.795,2.11983275,2.136684967515489,-0.008178371513274,-0.01685221751548882,-195.39871673770443,60.19999999865448
3.8,2.12078499,2.137271163665699,-0.0117645318216384,-0.01648617366569871,-195.39871673913447,68.64000000008102
3.805,2.12168914,2.1376619610991727,0.0099056392783946,-0.01597282109917275,8.351435099029914e-10,72.56000000068467
3.81,2.12255507,2.1380527585326456,0.0292422258799165,-0.015497688532645437,195.3987167391259,70.430000000096
3.815,2.12339229,2.1382481572493823,0.023223992849241,-0.01485586724938237,390.7974334726017,78.07999999926405
3.82,2.12420775,2.138443555966119,0.0445879856781899,-0.014235805966118953,390.7974334708876,94.57999999966728
3.825,2.12501263,2.138638954682856,0.0844195156382238,-0.013626324682856072,390.79743347400535,92.9700000014569
3.83,2.12582111,2.1388343533995924,0.0894808375675299,-0.013013243399592422,1.6967192095762584e-09,61.40000000044761
3.835,2.12664474,2.1392251508330657,0.1124237783873205,-0.012580410833065603,-390.79743347430684,22.00999999786088
3.84,2.12748812,2.139615948266539,0.1157078877268526,-0.01212782826653891,-5.945821612840518e-10,1.7299999990398476
3.845,2.12835002,2.1400067457000125,0.1286454735089467,-0.011656725700012416,390.79743347343685,-1.7099999979535454
3.85,2.12923079,2.140397543133486,0.0984246192737347,-0.01116675313348603,2.758042683126405e-10,-2.0099999989011224
3.855,2.1301302,2.140983739283696,0.0949086939998352,-0.010853539283695923,-390.79743347174883,-1.740000001294149
3.86,2.13104741,2.141569935433905,0.0921995327861253,-0.010522525433905194,195.39871673568885,-6.2800000006320715
3.865,2.13198327,2.142156131584116,0.0905728409938831,-0.0101728615841159,195.3987167359556,-14.749999999136769
3.87,2.13293624,2.1427423277343256,0.0703232145364737,-0.009806087734325786,-976.99358368209,-14.889999999920143
3.875,2.13390295,2.143719321318009,0.0747307840874379,-0.009816371318009054,-195.39871673800604,-10.13000000057275
3.88,2.13488253,2.144110118751483,0.0817794909925518,-0.009227588751482774,1367.791017156061,-6.30999999998685
3.885,2.13587435,2.1446963149016924,0.0663900085120071,-0.008821964901692514,390.79743347434135,10.460000000304518
3.89,2.13687615,2.145477909768639,0.0784766080816945,-0.008601759768639194,-976.9935836831489,37.60000000000039
3.895,2.13789116,2.1464549033523226,0.1129012569081181,-0.008563743352322462,-390.79743347340195,47.929999999784165
3.9,2.13892756,2.1472364982192693,0.1184212452828347,-0.008308938219269368,390.797433473179,35.30000000040093
3.905,2.13999098,2.148018093086216,0.12519604995141,-0.008027113086216175,390.79743347345425,17.349999999959877
3.91,2.14108469,2.148995086669899,0.1319918973498275,-0.007910396669899011,195.39871673655003,9.789999999730412
3.915,2.14220911,2.149776681536846,0.1117312676300964,-0.007567571536846174,-586.1961502097726,14.0400000003701
3.92,2.14336489,2.1511444725540025,0.1509655803702799,-0.007779582554002573,-195.3987167372136,13.289999999125541
3.925,2.14455534,2.1519260674209493,0.1261817481218826,-0.00737072742094913,586.19615020941,-7.710000000718992
3.93,2.1457822,2.1530984597213694,0.156058746349297,-0.007316259721369178,1.7306263089267304e-09,-40.76999999795832
3.935,2.14704296,2.154270852021789,0.1562775897713827,-0.007227892021789195,-195.39871673653295,-61.68999999914166
3.94,2.14832891,2.1554432443222096,0.146778016619661,-0.007114334322209537,-195.39871673828975,-60.35000000167927
3.945,2.1496312,2.156811035339366,0.1136688013911516,-0.0071798353393659475,-195.3987167365938,-51.41000000066019
3.95,2.15094333,2.157983427639786,0.1069193822630703,-0.007040097639785969,195.3987167380145,-50.17999999950017
3.955,2.15225971,2.159351218656943,0.0941726013695172,-0.007091508656942747,586.19615021004,-56.109999999876464
3.96,2.15357405,2.160523610957363,0.0671023147182806,-0.006949560957362877,-1.6619594589428743e-09,-61.93000000024317
3.965,2.15487831,2.1620868006912564,0.0623989636464701,-0.007208490691256397,-1172.3923004205526,-67.09000000000384
3.97,2.15616496,2.16364999042515,0.0345062712838995,-0.007485030425149919,-586.1961502082648,-72.47999999919367
3.975,2.15742507,2.165017781442306,0.0165309788827786,-0.007592711442306221,586.196150211168,-74.51999999916038
3.98,2.15864897,2.1661901737427263,-0.0015022274678523,-0.007541203742726488,-195.39871673792737,-73.27000000144906
3.985,2.15982751,2.167557964759883,-0.0208076612551116,-0.007730454759883099,-781.5948669474079,-71.3200000012551
3.99,2.16095156,2.1687303570603027,-0.0388425860190759,-0.007778797060302711,390.79743347428075,-76.42999999832278
3.995,2.16201236,2.16951195192725,-0.0539580616569143,-0.007499591927250027,781.5948669474078,-114.26999999970661
4.0,2.16300141,2.170488945510933,-0.0733284457792469,-0.00748753551093273,-195.39871673715396,-202.2200000010427
4.005,2.16390319,2.17127054037788,-0.1651136427948515,-0.007367350377879944,-976.9935836849149,-308.7900000000008
4.01,2.16468425,2.1722475339615634,-0.2796491350622479,-0.007563283961563361,-586.1961502099871,-373.13999999944554
4.015,2.16529778,2.1726383313950364,-0.3426319210721223,-0.007340551395036421,1.4733814168721437e-09,-345.3599999993704
4.0200000000000005,2.16569129,2.1730291288285097,-0.3821108063700329,-0.007337838828509913,8.003553375601768e-10,-226.0200000004163
4.025,2.16582299,2.1730291288285097,-0.3741950382724992,-0.007206138828509623,-195.39871673748962,-87.29000000025076
4.03,2.16567717,2.172833730111773,-0.3786876292986685,-0.007156560111773125,-195.39871673829043,0.05999999956429747
4.035,2.1652528,2.1724429326783,-0.3653031174887145,-0.007190132678299932,390.7974334743068,31.539999999098654
4.04,2.1645546,2.1714659390946163,-0.3693587859165987,-0.0069113390946160536,195.39871673772245,47.490000001177805
4.045,2.16358727,2.17068434422767,-0.3680810666570541,-0.0070970742276701415,-8.526512829121202e-10,100.27000000122109
4.05,2.16235512,2.169316553210513,-0.3668386548259451,-0.006961433210513235,586.1961502097895,206.7799999998217
4.055,2.16087389,2.1679487621933564,-0.3349948187440906,-0.007074872193356452,586.1961502095057,319.7499999993695
4.0600000000000005,2.159179,2.166385572459463,-0.2736415912318351,-0.00720657245946299,-976.993583682832,390.1899999987513
4.065,2.15731944,2.164822382725569,-0.2049368146625409,-0.00750294272556884,-1172.3923004187097,426.5100000002908
4.07,2.15534599,2.163259192991676,-0.1398593035051021,-0.007913202991676194,2344.784600838736,440.53000000078146
4.075,2.15331411,2.160328212240626,-0.0010437970927275,-0.007014102240626041,1758.5884506289813,404.1599999999506
4.08,2.1512826,2.1587650225067327,0.0359571431765564,-0.0074824225067327,-1172.392300418941,314.82000000012425
4.085,2.14929843,2.156811035339366,0.0630229430347043,-0.00751260533936593,976.993583684346,219.9299999995316
4.09,2.14739299,2.1546616494552624,0.0558121229597392,-0.0072686594552622275,1563.1897338929637,155.14000000053488
4.095,2.14558722,2.1530984597213694,0.0552105138175954,-0.007511239721369467,-976.9935836840273,117.49000000118099
4.1,2.14389709,2.1519260674209493,0.0618969511832498,-0.008028977420949435,-1367.7910171563617,92.77999999904716
4.105,2.14233562,2.150753675120529,0.0533015554057452,-0.008418055120529289,6.727987056365237e-10,77.20999999837613
4.11,2.14091239,2.149581282820109,0.066167974327042,-0.008668892820109075,976.9935836826412,68.08000000011498
4.115,2.13963641,2.1484088905196894,0.0783651688490795,-0.008772480519689374,586.1961502097549,56.96000000114316
4.12,2.1385161,2.1476272956527427,0.0876061184267397,-0.009111195652742765,-390.79743347288615,39.01000000013448
4.125,2.13755767,2.1470410995025326,0.0950923974286044,-0.009483429502532559,-976.9935836846305,13.649999999643569
4.13,2.13676518,2.1466503020690597,0.1011356206219793,-0.009885122069059893,-390.79743347317003,-16.44999999968013
4.135,2.13613841,2.146259504635586,0.083285879948606,-0.010121094635585859,781.5948669482603,-45.84999999940089
4.14,2.13567328,2.145673308485376,0.0953448773304022,-0.010000028485376067,-1.9741719370358624e-10,-62.34000000039782
4.1450000000000005,2.13536218,2.145673308485376,0.0923781451875781,-0.010311128485375853,-586.196150210098,-50.84000000090418
4.15,2.13519455,2.145477909768639,0.1006267816126219,-0.010283359768639144,390.79743347386,-29.389999999641077
4.155,2.13516664,2.1452825110519025,0.1298843062815952,-0.01011587105190248,-2.842170943040401e-10,-32.13999999957332
4.16,2.13527815,2.145477909768639,0.1036549355206933,-0.010199759768639183,-586.1961502106078,-48.40000000030136
4.165,2.1355224,2.145477909768639,0.108606023305326,-0.009955509768639015,195.39871673686926,-54.96000000050799
4.17,2.13589194,2.145673308485376,0.111762145883884,-0.009781368485375808,586.1961502103236,-62.22000000065265
4.175,2.13638106,2.145673308485376,0.1149044180461512,-0.009292248485375687,-390.79743347338496,-74.41999999915765
4.18,2.13698096,2.146259504635586,0.0923906913829803,-0.009278544635586083,-390.7974334731874,-74.3799999984036
4.1850000000000005,2.1376804,2.1464549033523226,0.1010526544996981,-0.008774503352322771,586.1961502102369,-61.25000000050488
4.19,2.13847079,2.146845700785796,0.1076463274543264,-0.008374910785795997,-195.39871673695606,-50.39000000092619
4.195,2.13934604,2.147431896936006,0.1126257009150561,-0.008085856936006053,-781.5948669477614,-46.04000000000718
4.2,2.14030018,2.148018093086216,0.1179168832914243,-0.007717913086215944,195.39871673601672,-43.00999999998311
4.205,2.14132759,2.1484088905196894,0.1245724264428223,-0.007081300519689471,586.1961502114606,-41.909999999633555
4.21,2.14242309,2.148995086669899,0.1308518420223568,-0.0065719966698991605,195.39871673800602,-48.27999999975137
4.215,2.14358204,2.149581282820109,0.1376337504369504,-0.0059992428201089965,-8.52423909236677e-10,-56.110000000162444
4.22,2.14479761,2.150362877687056,0.1173909708191755,-0.005565267687055897,195.3987167359299,-49.31000000086098
4.225,2.14606111,2.1511444725540025,0.1306670487616827,-0.005083362554002324,-195.3987167363009,-30.140000000658233
4.23,2.14736763,2.152121466137686,0.1409662113754929,-0.004753836137685763,-976.9935836833547,-16.779999998545577
4.235,2.14871549,2.153293858438106,0.1483046316948571,-0.004578368438106217,-4.46931380793103e-10,-13.9699999991048
4.24,2.15010301,2.154075453305053,0.1558538586259556,-0.003972443305052753,1172.3923004200783,-17.53000000121682
4.245,2.1515284,2.155052446888736,0.1613655237839387,-0.0035240468887360876,195.3987167374374,-29.20000000045873
4.25,2.15298978,2.156224839189156,0.164831963100765,-0.0032350591891558977,-976.9935836832088,-44.58999999940427
4.255,2.15448231,2.1575926302063126,0.1398491271205393,-0.0031103202063125224,-195.3987167374374,-48.76999999965183
4.26,2.15599874,2.1587650225067327,0.1503511124436451,-0.002766282506732942,586.1961502100737,-35.01000000057499
4.265,2.15753263,2.159937414807153,0.1308867249833014,-0.0024047848071528932,-390.79743347301417,-20.32000000071399
4.2700000000000005,2.15908112,2.1615006045410463,0.169699932931473,-0.002419484541046124,-586.1961502104864,-27.48999999937042
4.275,2.16064435,2.1626729968414664,0.14520349301188,-0.0020286468414663084,8.704148513061227e-10,-44.69999999912086
4.28,2.1622166,2.1640407878586227,0.1262198277815101,-0.0018241878586229276,195.39871673829046,-45.01000000004954
4.285,2.16378998,2.165213180159043,0.1411204433065091,-0.0014232001590430698,390.79743347260114,-31.2299999998817
4.29,2.16536048,2.166385572459463,0.1242915664916771,-0.0010250924594630284,-2.5579538487364153e-09,-17.069999999819892
4.295,2.16692451,2.16775336347662,0.1382943758861307,-0.000828853476620317,390.79743347260217,-8.16000000128287
4.3,2.16848153,2.16892575577704,0.1481706326548391,-0.00044422577703961963,586.1961502120811,-3.8700000013108955
4.305,2.17003087,2.170293546794196,0.1278820759491662,-0.000262676794196004,-390.7974334721961,-0.4599999988360288
4.3100000000000005,2.17157159,2.1720521352448263,0.1607200446211988,-0.00048054524482621375,390.797433473007,-2.4799999980051837
4.315,2.17310519,2.173419926261983,0.13576717016343,-0.00031473626198330606,586.1961502111584,-7.010000000778906
4.32,2.1746302,2.175373913429349,0.1381264225834018,-0.000743713429348869,-1367.7910171566637,-3.680000001509221
4.325,2.17614499,2.177523299313453,0.1368225960529968,-0.0013783093134529523,-976.9935836857671,1.5700000005839883
4.33,2.17765035,2.17947728648082,0.1347329655463779,-0.0018269364808198851,390.7974334728861,0.9300000002099509
4.335,2.17914659,2.18123587493145,0.1321325966510347,-0.0020892849314497752,195.39871673772203,-2.300000000445884
4.34,2.18063361,2.183385260815553,0.1264926734445633,-0.002751650815552953,781.5948669464863,-5.189999999114043
4.345,2.18211092,2.1849484505494465,0.1227254101815994,-0.0028375305494465763,6.948925593030121e-11,-9.479999999650964
4.3500000000000005,2.18357768,2.1872932351502867,0.114743352904294,-0.0037155551502867645,-1758.5884506287214,-18.460000001429762
4.355,2.18503279,2.18944262103439,0.1072939454004854,-0.004409831034389633,-195.39871673637697,-27.279999999910004
4.36,2.18647308,2.19120120948502,0.0821808371423825,-0.004728129485020105,1367.7910171560945,-24.409999998625928
4.365,2.18789374,2.19295979793565,0.0828335239768984,-0.005066057935650292,390.79743347373875,-12.020000000063902
4.37,2.18929253,2.1949137851030165,0.0805733253098606,-0.005621255103016587,-390.7974334740222,-3.4900000005681875
4.375,2.19066936,2.1968677722703838,0.0768391575639957,-0.0061984122703839795,-5.684341886080801e-10,-2.1500000002565116
4.38,2.19202401,2.19882175943775,0.0720667985003406,-0.0067977494377502445,195.3987167371536,-2.9800000004340177
4.385,2.19335616,2.200775746605117,0.0666039370263584,-0.00741958660511699,-390.7974334739704,-3.560000000382587
4.39,2.19466537,2.2029251324892205,0.0595305100000923,-0.008259762489220446,-390.7974334731524,-3.71999999941022
4.3950000000000005,2.19595116,2.204879119656587,0.0533799672587739,-0.008927959656586992,-195.3987167352333,-4.859999998538342
4.4,2.19721305,2.2068331068239537,0.0470024613965321,-0.009620056823953949,-390.79743347236945,-9.589999999670553
4.405,2.19845064,2.20878709399132,0.0409856478683174,-0.010336453991320216,195.39871673544755,-14.010000001861243
4.41,2.19966219,2.210350283725214,0.0215803092529372,-0.010688093725213843,390.79743347089584,-8.950000001278198
4.415,2.20084501,2.212108872175844,0.0223318094725422,-0.011263862175844075,-195.39871673630094,4.130000001226094
4.42,2.20199878,2.213672061909737,0.0235401478658339,-0.011673281909737376,1.9895196601282805e-09,13.18000000083039
4.425,2.20312532,2.2152352516436307,0.0250240319439427,-0.012109931643630834,195.39871673748968,12.089999999611138
4.43,2.20422695,2.216603042660787,0.0276656539431681,-0.012376092660787208,-1.084998757505673e-09,6.560000000783376
4.4350000000000005,2.20530475,2.218166232394681,0.0113428890901002,-0.0128614823946811,390.79743347230044,5.0500000003156345
4.44,2.20635879,2.219338624695101,0.0208208174731949,-0.012979834695101111,195.39871673795437,10.599999998524936
4.445,2.20738986,2.220901814428994,0.0074586013004238,-0.013511954428993889,-390.7974334731703,23.079999999710097
4.45,2.20839935,2.222269605446151,0.0195062410832953,-0.013870255446150725,-195.3987167388589,35.65000000094335
4.455,2.20939125,2.223637396463308,0.0295861912296792,-0.01424614646330813,195.39871673658516,37.88999999983576
4.46,2.21037171,2.225005187480464,0.038009578375323,-0.014633477480463952,390.79743347544405,35.419999999250294
4.465,2.21134457,2.226177579780884,0.0228187907146572,-0.014833009780883977,-390.7974334724974,36.510000000475245
4.47,2.21231376,2.227740769514777,0.0567810630808972,-0.015427009514777268,-390.7974334742898,33.57000000079171
4.4750000000000005,2.21328524,2.2289131618151976,0.0367238506063899,-0.015627921815197787,586.1961502096333,27.929999999401268
4.48,2.21426201,2.2300855541156173,0.0458955570416459,-0.01582354411561715,195.39871673646365,29.269999999998845
4.485,2.21524683,2.231453345132774,0.0518226748864516,-0.016206515132774157,-390.7974334734538,31.70000000068424
4.49,2.21624439,2.232625737433194,0.0567067993387361,-0.016381347433194193,-195.39871673573214,28.18999999931389
4.495,2.21725861,2.2339935284503505,0.0591352661364366,-0.016734918450350467,195.3987167365848,17.439999999454173
4.5,2.2182926,2.2349705220340343,0.0625075576705089,-0.01667792203403451,-8.530207651347155e-10,-8.639999999502209
4.505,2.21934877,2.2363383130511907,0.0627211132136666,-0.016989543051190825,195.39871673573214,-40.24999999956173
4.51,2.22042408,2.2373153066348745,0.063457403091072,-0.016891226634874634,586.1961502100742,-38.910000000106265
4.515,2.22150867,2.238487698935294,0.0408134829406894,-0.016979028935294238,-390.7974334713082,-0.8900000006013755
4.5200000000000005,2.22259858,2.239855489952451,0.0690342482278916,-0.017256909952450883,-390.7974334730312,25.44999999998104
4.525,2.2236994,2.241027882252871,0.0658257501272758,-0.01732848225287098,586.1961502086352,18.930000000810715
4.53,2.22481521,2.242200274553291,0.061178785801718,-0.01738506455329114,-195.39871673601635,4.249999999785551
4.535,2.22594641,2.2435680655704475,0.0572206187939206,-0.01762165557044737,-976.9935836826407,-5.320000000779615
4.54,2.2270929,2.2449358565876043,0.0527208087040655,-0.017842956587604153,-1.4214549537427956e-09,-15.469999999595863
4.545,2.22825395,2.245912850171288,0.0498030408448327,-0.017658900171288128,586.1961502100393,-22.459999999853984
4.55,2.22942633,2.247085242471708,0.0263232167193939,-0.01765891247170792,195.3987167371536,-22.120000000429243
4.555,2.23060655,2.2480622360553912,0.0477802521714998,-0.017455686055391162,390.797433472248,-21.39999999940428
4.5600000000000005,2.23179304,2.249234628355812,0.0237774858236868,-0.017441588355811888,390.79743347505536,-19.429999999542943
4.565,2.23298209,2.2502116219394943,0.0248773259958626,-0.01722953193949417,-781.5948669452378,-15.660000000251252
4.57,2.23417163,2.251774811673388,0.0383072574802432,-0.017603181673388146,-586.1961502134495,-20.130000000336498
4.575,2.23536114,2.252751805257072,0.0158055421748003,-0.01739066525707189,781.594866945203,-25.520000000370235
4.58,2.23654644,2.2539241975574917,0.0145176413100933,-0.017377757557491602,3.1260185551218456e-09,-18.489999999929587
4.585,2.23772357,2.2550965898579114,0.0128290105499239,-0.017373019857911398,-1367.7910171558106,-11.3500000003351
4.59,2.23889195,2.256464380875068,0.024754373944828,-0.01757243087506799,-195.39871673896263,-17.799999999959965
4.595,2.24005089,2.257245975742015,0.0053442193219924,-0.017195085742014893,1367.7910171564727,-28.25999999856092
4.6000000000000005,2.24119681,2.258027570608961,0.0066187925588679,-0.01683076060896127,586.1961502110544,-27.72000000021947
4.605,2.2423253,2.2590045641926446,-0.0078344914188353,-0.01667926419264454,-781.5948669468738,-14.040000001505902
4.61,2.24343276,2.259981557776328,-0.003556253496733,-0.016548797776327895,-976.9935836832091,-1.9899999995236044
4.615,2.24451908,2.260958551360011,0.0141118194460737,-0.016439471360011115,-195.3987167357327,-6.479999999555872
4.62,2.24558576,2.261544747510221,-2.131618457843374e-05,-0.015958987510221068,390.7974334734542,-16.680000000236106
4.625,2.24663024,2.262130943660431,-0.0095566957483412,-0.015500703660431103,390.797433471465,-13.739999999132323
4.63,2.24764933,2.262521741093905,0.0006680748734697,-0.014872411093905136,195.39871673544818,1.939999999649487
4.635,2.2486421,2.2629125385273783,-0.0056557199143333,-0.014270438527378193,-390.79743347137804,19.999999998680877
4.64,2.24960973,2.263303335960851,0.0221114788401986,-0.01369360596085123,-195.39871673571506,29.670000000413935
4.6450000000000005,2.2505566,2.2634987346775883,0.0294742838490674,-0.012942134677588424,781.5948669451165,27.53000000097147
4.65,2.25148696,2.2634987346775883,0.0374786428805198,-0.012011774677588516,586.1961502099352,20.780000000109048
4.655,2.25240341,2.263694133394325,0.044251631861122,-0.01129072339432513,-195.3987167360166,12.639999999920363
4.66,2.25330855,2.2638895321110617,0.0507143833484345,-0.010580982111061843,-195.39871673715348,4.940000000033358
4.665,2.25420331,2.2640849308277984,0.0399766909860208,-0.009881620827798532,390.79743347402274,5.379999998922116
4.67,2.25508714,2.2642803295445346,0.050071107927699,-0.009193189544534519,390.7974334737385,11.009999999488208
4.675,2.25596124,2.2644757282612717,0.0579399517180942,-0.008514488261271769,-586.1961502116926,8.670000001419538
4.68,2.25682811,2.265061924411482,0.0613805052012112,-0.008233814411481966,-390.7974334737733,-0.4999999993027302
4.6850000000000005,2.25768821,2.2652573231282185,0.0498075591306987,-0.007569113128218508,390.79743347450443,-3.450000000671082
4.69,2.25854013,2.2656481205616914,0.055379526670942,-0.007107990561691313,7.832845483335571e-10,0.39999999898726557
4.695,2.25938372,2.2660389179951648,0.0582185542679545,-0.0066551979951645635,-195.3987167360166,1.1699999996040127
4.7,2.26021975,2.2664297154286377,0.0584536425435541,-0.006209965428637609,-1.1368683772161845e-09,-4.249999999217472
4.705,2.26104817,2.2668205128621115,0.0568324944665658,-0.005772342862111479,195.3987167354481,-12.409999999079613
4.71,2.26186814,2.267211310295585,0.0535537002430473,-0.005343170295585065,390.79743347430696,-17.780000000301243
4.715,2.26267731,2.267602107729058,0.0404418407629584,-0.00492479772905785,3.0163960218487773e-10,-17.70000000049665
4.72,2.26347289,2.2681883038792683,0.0457109015933085,-0.004715413879268215,-390.79743347370385,-18.50999999987176
4.7250000000000005,2.26425336,2.268774500029478,0.0384500563414954,-0.004521140029477788,-195.3987167365503,-23.480000000125756
4.73,2.2650163,2.2693606961796884,0.0256590550371189,-0.004344396179688292,-390.79743347288587,-25.699999999921644
4.735,2.26575781,2.269946892329898,0.0211122628404229,-0.004189082329897786,-390.7974334737385,-23.139999999842644
4.74,2.26647489,2.2705330884801085,0.016641024144465,-0.004058198480108466,586.1961502089024,-19.870000000424497
4.745,2.26716496,2.270728487196845,0.0104283072129304,-0.003563527196845051,586.1961502108919,-15.690000000177648
4.75,2.26782552,2.2713146833470548,0.0082326525559761,-0.0034891633470546246,-195.3987167354481,-9.879999999214235
4.755,2.26845494,2.271705480780528,0.007283995776595,-0.0032505407805283326,-195.39871673772183,-4.669999999578167
4.76,2.2690525,2.272291676930738,0.0055028572830754,-0.0032391769307382745,-1.7053025658242768e-09,-0.9000000005587196
4.765,2.26961787,2.272682474364212,0.0049908124458968,-0.0030646043642121867,1.1368683772156797e-09,2.28999999934517
4.7700000000000005,2.27015116,2.273268670514421,0.0037928332292049,-0.003117510514420996,1.9895196601278934e-09,5.630000000269618
4.775,2.27065285,2.273659467947895,0.0036626430569504,-0.0030066179478951405,-195.39871673630074,9.780000000876441
4.78,2.27112379,2.2742456640981046,0.0030072881486752,-0.0031218740981047155,-195.39871673800604,13.909999999839798
4.785,2.27156551,2.2746364615315784,0.0073232524603101,-0.0030709515315785474,195.39871673431122,15.449999999078187
4.79,2.27198017,2.275027258965052,0.0072237732028293,-0.003047088965052236,1.136783112087869e-09,13.859999999681818
4.795,2.27236976,2.2754180563985247,0.007568036423585,-0.0030482963985245526,-390.7974334714648,11.900000000935648
4.8,2.27273575,2.2758088538319985,0.0038000635107584,-0.003073103831998658,195.3987167350945,12.260000000033415
4.805,2.27307946,2.276004252548735,0.00692537868731,-0.0029247925487352333,781.5948669456676,15.339999999361538
4.8100000000000005,2.27340243,2.276199651265472,0.0048228014619209,-0.002797221265471883,1.3517018851866957e-09,18.200000000937834
4.815,2.27370687,2.276590448698945,0.0134883403819912,-0.0028835786989449552,-781.5948669460213,16.99000000001459
4.82,2.27399555,2.276981246132418,0.0092768487119528,-0.0029856961324181697,-5.684341886080922e-10,15.00999999905229
4.825,2.27427019,2.277176644849155,0.0073074433476298,-0.0029064548491546383,586.1961502103236,19.370000000549993
4.83,2.2745321,2.2773720435658915,0.0123300167701623,-0.0028399435658914562,0.0,27.589999999976342
4.835,2.27478443,2.277762840999365,0.0228318160882884,-0.002978410999364911,-195.39871673715348,31.05999999888937
4.84,2.27503145,2.2779582397161016,0.025045372734083,-0.0029267897161013856,-195.39871673596454,26.800000001116903
4.845,2.27527718,2.278349037149575,0.0337337115803098,-0.0030718571495751412,-5.683982055641897e-10,18.400000001292316
4.8500000000000005,2.27552466,2.278544435866312,0.0261069529984375,-0.003019775866312191,390.797433471378,11.779999998680408
4.855,2.27577524,2.2787398345830487,0.0285191390624688,-0.002964594583048541,1.3516299190996795e-09,8.299999999224903
4.86,2.27603013,2.2791306320165217,0.0297627218908393,-0.003100502016521567,1.9895196601282805e-09,4.850000000544888
4.865,2.27629039,2.2793260307332583,0.0235874176838898,-0.003035640733258127,-1.9895196601283227e-09,1.600000000223769
4.87,2.27655616,2.279716828166732,0.0262943797261645,-0.0031606681667319947,-390.79743347430696,0.9599999998499875
4.875,2.27682748,2.280107625600205,0.0202110820320015,-0.0032801456002049534,195.39871673857456,4.099999999596182
4.88,2.27710435,2.2803030243169418,0.0247422117639292,-0.003198674316941652,390.7974334734543,10.230000000320189
4.885,2.27738747,2.280693821750415,0.0272503178926024,-0.0033063517504152706,-390.79743347425494,14.36000000125754
4.89,2.2776788,2.2810846191838885,0.0366872987511076,-0.003405819183888603,-390.79743347315275,11.779999999813157
4.8950000000000005,2.27798059,2.281475416617362,0.0351168063916947,-0.0034948266173620013,586.1961502094708,5.039999998363065
4.9,2.27829387,2.2816708153340985,0.0348445217959598,-0.00337694533409838,586.1961502102715,0.6200000001437829
4.905,2.27861862,2.282061612767572,0.0337419509994074,-0.003442992767571873,-586.1961502080496,1.1500000007913798
4.91,2.2789546,2.282647808917781,0.0320353683878487,-0.0036932089177810212,-586.1961502114602,2.229999999485834
4.915,2.27930218,2.2830386063512558,0.0388388241695056,-0.003736426351255595,390.79743347231727,-2.010000000041188
4.92,2.27966214,2.2834294037847283,0.0358888781967764,-0.0037672637847281365,195.3987167388587,-8.539999999471085
4.925,2.2800335,2.2838202012182016,0.025748474827675,-0.0037867012182015714,-586.1961502114257,-10.490000000234858
4.93,2.28041448,2.284406397368412,0.0322180323317922,-0.003991917368411979,-1.2063407813922194e-09,-9.150000000491278
4.9350000000000005,2.28080404,2.2846017960851484,0.0239019880751514,-0.0037977560851483183,586.1961502119075,-9.209999999481457
4.94,2.28120113,2.2849925935186217,0.031261989253325,-0.003791463518621807,195.39871673623136,-10.539999999250195
4.945,2.28160465,2.2853833909520955,0.0221278113730977,-0.0037787409520957382,-8.527365480404114e-10,-9.08000000038129
4.95,2.28201288,2.2857741883855685,0.0223627822382116,-0.0037613083855685403,-390.79743347373835,-4.580000000373827
4.955,2.28242479,2.286360384535779,0.0282656534563807,-0.0039355945357790745,-390.79743347345413,-3.250000000036904
4.96,2.28284065,2.286751181969252,0.0259514543022616,-0.003910531969252062,390.7974334748752,-6.5500000002319645
4.965,2.28325988,2.287141979402725,0.0240712564223974,-0.003882099402724659,390.79743347347164,-9.199999999509973
4.97,2.28368119,2.2875327768361986,0.0224692192505726,-0.003851586836198795,-586.1961502104863,-9.809999999674645
4.9750000000000005,2.28410337,2.2881189729864087,0.0202169602112243,-0.004015602986408684,-390.7974334732981,-10.460000000307183
4.98,2.2845253,2.288509770419882,0.0190547185483518,-0.003984470419882147,781.5948669460906,-9.540000000640728
4.985,2.28494545,2.2887051691366187,0.0132009800847551,-0.0037597191366187666,1.136783112087869e-09,-5.650000000230313
4.99,2.28536252,2.2892913652868283,0.0196097245719889,-0.003928845286828242,-781.5948669457716,-3.7799999989831896
4.995,2.28577658,2.289682162720302,0.0189142130345158,-0.003905582720302281,390.7974334714648,-5.369999999800548
5.0,2.2861872,2.289877561437039,0.0134585912173569,-0.003690361437038714,781.5948669454874,-3.870000000745394
5.005,2.28659298,2.290268358870512,0.0150635829005959,-0.0036753788705121693,-195.39871673544818,-0.07000000067601064
5.01,2.28699397,2.290659156303985,0.0225055553716539,-0.0036651863039849353,-781.5948669448844,-0.7600000000686755
5.015,2.28739078,2.291245352454195,0.0142169674122642,-0.003854572454195182,-6.947240417522729e-11,-4.009999998684275
5.0200000000000005,2.28778276,2.291440751170932,0.0154399773239669,-0.003657991170932018,390.7974334710418,-5.619999999170883
5.025,2.28816922,2.2918315486044056,0.0151482062564937,-0.00366232860440574,-195.39871673722286,-6.790000000764586
5.03,2.28854956,2.2922223460378786,0.0090962894619365,-0.0036727860378786836,1.9895196601283227e-09,-7.780000001105577
5.035,2.28892268,2.2924177447546152,0.0104702003496343,-0.0034950647546150293,195.39871673686926,-7.170000000087711
5.04,2.28928758,2.2928085421880886,0.0056029702591662,-0.0035209621880887276,195.39871673544818,-5.019999998978818
5.045,2.28964338,2.2930039409048253,0.0071459111638124,-0.0033605609048255047,195.39871673658504,-2.989999999840684
5.05,2.28998965,2.2933947383382987,0.0066684388877475,-0.0034050883382987784,-195.39871673686926,-3.2400000003425475
5.055,2.2903263,2.293785535771772,0.0053147988940734,-0.0034592357717722066,-390.7974334737212,-5.00999999956835
5.0600000000000005,2.29065278,2.2941763332052454,0.0004746772012833,-0.0035235532052455554,-390.7974334717143,-5.17000000059295
5.065,2.2909682,2.2945671306387183,-0.0007056411698058,-0.0035989306387183007,1.7226398085767869e-09,-3.340000000950276
5.07,2.29127196,2.294762529355455,-0.0014771514063031,-0.0034905693554549977,195.39871673544818,-2.15999999937835
5.075,2.29156391,2.294957928072192,-0.0004458595110376,-0.0033940180721923063,-195.39871673857456,-2.839999998798305
5.08,2.29184385,2.295153326788929,-0.0037954382288132,-0.003309476788929011,0.0,-3.559999999538455
5.085,2.29211127,2.295153326788929,-0.0035318837145047,-0.003042056788928882,390.79743347402274,-2.340000001197545
5.09,2.29236561,2.295153326788929,-0.0047047821071138,-0.0027877167889287513,195.39871673686926,0.11999999856460875
5.095,2.29260672,2.295153326788929,-0.0016127315637202,-0.002546606788928596,-195.39871673683456,1.6100000010554183
5.1000000000000005,2.2928349,2.295153326788929,-0.0008707913786168,-0.0023184267889289067,-195.39871673681722,2.080000000996783
5.105,2.29305038,2.295153326788929,-0.0016383291691596,-0.002102946788928861,390.79743347375586,3.0499999991163236
5.11,2.29325333,2.294957928072192,0.0023361331214965,-0.0017045980721919207,390.7974334737385,4.0100000001076666
5.115,2.29344433,2.294957928072192,0.0030612185206685,-0.0015135980721923126,-195.39871673686926,3.840000000252658
5.12,2.29362395,2.294957928072192,0.003944371296968,-0.0013339780721919325,0.0,3.829999999709514
5.125,2.29379258,2.294957928072192,0.0032570908475206,-0.0011653480721922627,0.0,5.880000000502406
5.13,2.2939506,2.294957928072192,0.0048926528458054,-0.0010073280721920597,-586.1961502103236,9.229999999718451
5.135,2.29409896,2.295153326788929,0.0080698888270138,-0.0010543667889288955,-6.941956937700215e-11,11.049999999388643
5.14,2.29423916,2.294957928072192,0.0109820330616233,-0.0007187680721920664,586.19615020997,9.900000000586537
5.1450000000000005,2.2943727,2.294957928072192,0.0131148376777767,-0.0005852280721923009,-1.2924697071141057e-26,7.329999999965143
5.15,2.29450068,2.294957928072192,0.0121793334471155,-0.0004572480721920513,-195.39871673653298,6.479999999837954
5.155,2.2946237,2.294957928072192,0.0118001909332548,-0.00033422807219229966,0.0,8.740000000671396
5.16,2.29474249,2.294957928072192,0.0155360518749928,-0.00021543807219215338,0.0,11.549999999545403
5.165,2.29485844,2.294957928072192,0.0189295019834168,-9.948807219206657e-05,195.39871673686926,11.539999999570696
5.17,2.29497333,2.294957928072192,0.0221572755023387,1.540192780780103e-05,0.0,9.690000000546679
5.175,2.29508847,2.294957928072192,0.0206610368911509,0.00013054192780792562,-586.1961502102888,9.640000000102972
5.18,2.29520474,2.295153326788929,0.0236116318960739,5.14132110711607e-05,-6.941956937710931e-11,11.469999999461123
5.1850000000000005,2.29532348,2.294957928072192,0.0282228759103784,0.00036555192780785006,781.5948669468046,11.899999999514792
5.19,2.29544636,2.294957928072192,0.0314013992514439,0.0004884319278080085,-6.941956937700215e-11,9.250000000521492
5.195,2.29557494,2.294957928072192,0.0342928023417238,0.0006170119278077202,-586.1961502103236,6.300000000578844
5.2,2.29571009,2.295153326788929,0.0303718951344231,0.0005567632110712317,195.39871673686926,7.080000000030722
5.205,2.2958521,2.294957928072192,0.0351546408371917,0.0008941719278077187,195.39871673686926,9.51999999983897
5.21,2.29600223,2.295153326788929,0.0432953253674054,0.000848903211071228,-195.3987167374377,9.459999999706199
5.215,2.29616204,2.295153326788929,0.0385248451439754,0.0010087132110712105,6.941956937690118e-11,8.459999999952664
5.22,2.2963323,2.295153326788929,0.0476997197437404,0.0011789732110711881,-195.39871673562828,7.479999999868696
5.2250000000000005,2.29651422,2.295348725505665,0.0477770986883448,0.0011654944943351175,390.7974334729206,4.150000000042134
5.23,2.29670876,2.295153326788929,0.0501159733878564,0.001555433211071211,390.7974334728338,-1.219999999757725
5.235,2.29691612,2.295348725505665,0.0504317670458709,0.0015673944943350726,-781.5948669457717,-5.429999999933145
5.24,2.29713576,2.2955441242224017,0.0443682477554407,0.0015916357775984658,-195.39871673658504,-6.200000000262975
5.245,2.29736652,2.2955441242224017,0.0476147649420295,0.0018223957775984623,781.5948669463402,-5.150000000355902
5.25,2.29760787,2.2955441242224017,0.0503565179132563,0.0020637457775984913,195.3987167374377,-4.22999999955227
5.255,2.29785922,2.2957395229391384,0.0451080388167639,0.0021196970608614585,-586.1961502097552,-3.369999999165593
5.26,2.29811994,2.295934921655875,0.0544599973912024,0.0021850183441247673,-390.7974334746085,-3.780000000406943
5.265,2.29838999,2.296130320372612,0.0481581895599821,0.0022596696273877726,390.7974334725149,-4.570000000970225
5.2700000000000005,2.2986686,2.296130320372612,0.0513850918933402,0.0025382796273878405,390.79743347308334,-3.1999999998757325
5.275,2.29895505,2.296325719089349,0.0531742459646896,0.0026293309106510954,-195.39871673688663,-1.9199999996969588
5.28,2.29924928,2.2965211178060856,0.0548511010236428,0.002728162193914585,-195.39871673544818,-3.899999999532696
5.285,2.2995512,2.296716516522822,0.0563541730303414,0.0028346834771779683,1.4210854715202306e-09,-6.799999999600871
5.29,2.29986006,2.2969119152395585,0.0507476155198418,0.0029481447604413624,-2.842170943040461e-10,-6.080000000850156
5.295,2.30017454,2.297107313956295,0.0539346726746485,0.003067226043704796,-1.1368683772161845e-09,-3.010000000358623
5.3,2.30049414,2.2973027126730323,0.0563375884164806,0.003191427326967755,195.3987167353961,-2.4299999989823107
5.305,2.30081899,2.297498111389769,0.0581907083782072,0.003320878610230782,195.39871673683453,-3.269999999987796
5.3100000000000005,2.30114851,2.2976935101065057,0.0529217429980448,0.0034549998934942927,-586.1961502080499,-2.7500000010132872
5.315,2.30148212,2.2980843075399786,0.0620033628018164,0.0033978124600215764,-390.797433473118,-3.0399999997129363
5.32,2.3018199,2.2982797062567157,0.0554733402302616,0.0035401937432841812,781.5948669452033,-4.099999999312052
5.325,2.30216118,2.2982797062567157,0.0585877313274167,0.0038814737432844026,195.3987167360166,-3.840000000536829
5.33,2.30250527,2.298670503690189,0.0591788091157859,0.003834766309811055,-390.7974334731701,-4.190000000790129
5.335,2.30285207,2.298865902406926,0.0601257196677877,0.003986167593074352,195.3987167374377,-5.139999999528587
5.34,2.30320078,2.299061301123662,0.0546636413825099,0.004139478876338032,-195.39871673624876,-4.779999999300623
5.345,2.3035506,2.2994520985571354,0.0618365384365567,0.0040985014428644995,-390.7974334737212,-5.020000000115461
5.3500000000000005,2.30390129,2.299647497273872,0.055406034372762,0.004253792726128136,390.79743347343697,-5.880000000217557
5.355,2.30425199,2.2998428959906088,0.0566803107935102,0.004409094009391268,390.7974334745391,-4.9400000006015246
5.36,2.30460178,2.300038294707345,0.0575353426471445,0.004563485292655045,-195.39871673686926,-3.4699999994816397
5.365,2.30495036,2.300429092140819,0.056945883908082,0.004521267859181055,-195.39871673857456,-3.1099999989693705
5.37,2.30529731,2.3006244908575555,0.0571664263974412,0.004672819142444329,-195.39871673715348,-3.060000000516604
5.375,2.30564224,2.301015288291029,0.0565337301967752,0.004626951708971205,-195.39871673516396,-3.280000000245467
5.38,2.30598477,2.301210687007765,0.0567170471365747,0.004774082992234696,390.7974334748754,-5.1800000005644655
5.385,2.30632457,2.301406085724502,0.0567763313837654,0.004918484275498347,390.797433472619,-8.010000000522759
5.39,2.30666088,2.301601484441239,0.0520204322580967,0.005059395558761004,-390.7974334753571,-7.069999998916822
5.3950000000000005,2.30699217,2.3019922818747123,0.0478142699753669,0.0049998881252877325,-195.39871673676515,-0.8399999998700807
5.4,2.30731763,2.302187680591449,0.0555039542139662,0.005129949408551049,390.7974334757454,4.629999999393075
5.405,2.30763797,2.302383079308185,0.0561012659849409,0.00525489069181484,-195.39871673630083,4.100000000448919
5.41,2.30795418,2.302773876741659,0.0599938365622553,0.005180303258340846,-390.7974334762965,-0.34999999968477624
5.415,2.3082666,2.302969275458396,0.0541330039149987,0.0052973245416039205,195.3987167360166,-3.200000000447446
5.42,2.30857463,2.3031646741751324,0.0542852012143828,0.005409955824867474,2.2737367544323206e-09,-2.5900000005664516
5.425,2.30887771,2.3033600728918686,0.0544375393359857,0.005517637108131357,1.6358914223247104e-09,-1.2599999996590476
5.43,2.30917578,2.3035554716086053,0.0543557769161101,0.005620308391394602,586.196150209918,-1.0399999993618145
5.4350000000000005,2.30946871,2.3035554716086053,0.0552131716224774,0.005913238391394682,-1.7747305610787715e-09,-1.7100000005162883
5.44,2.30975637,2.303946269042079,0.0539148397948349,0.005810100957921005,-586.1961502117099,-3.370000000020106
5.445,2.31003856,2.304141667758816,0.0532056777189932,0.005896892241184393,0.0,-5.379999999206866
5.45,2.31031469,2.3043370664755525,0.0490361757866341,0.005977623524447306,195.39871673829035,-6.290000000604181
5.455,2.31058389,2.3045324651922887,0.048934633376956,0.006051424807711481,1.1368683772161845e-09,-5.740000000855826
5.46,2.31084536,2.3047278639090254,0.0457956073458408,0.006117496090974672,-5.684341886080922e-10,-4.279999999425943
5.465,2.31109841,2.304923262625762,0.0458547046054589,0.006175147374237966,-195.39871673766984,-2.7399999993318005
5.47,2.31134264,2.3051186613424988,0.0452978974022421,0.006223978657501128,-195.39871673683456,-2.080000000429685
5.4750000000000005,2.31157784,2.3053140600592354,0.0444627310539971,0.006263779940764547,390.7974334737212,-2.490000000253623
5.48,2.31180379,2.3053140600592354,0.0444124250418372,0.006489729940764466,195.39871673653298,-2.899999999218366
5.485,2.3120201,2.305509458775972,0.0417921767805695,0.006510641224027669,-390.79743347260165,-1.9800000006853224
5.49,2.31222632,2.3057048574927084,0.0415106706072032,0.0065214625072917976,8.526512829121384e-10,0.2699999987498032
5.495,2.31242229,2.3057048574927084,0.0421085793387929,0.006717432507291843,195.39871673630083,2.3300000017912765
5.5,2.31260825,2.305900256209445,0.0435597345753815,0.006707993790554756,195.39871673630083,2.900000000920649
5.505,2.31278468,2.305900256209445,0.0441922098146315,0.006884423790554983,-5.684341886080922e-10,2.939999997977445
5.51,2.31295191,2.306095654926182,0.0424405505271578,0.0068562550738180406,-586.196150210573,4.4699999998015585
5.515,2.31311017,2.306291053642919,0.0432623299004205,0.00681911635708099,-195.39871673661978,6.720000001225976
5.5200000000000005,2.31326024,2.306291053642919,0.047670815328002,0.006969186357081103,390.7974334736691,7.50999999979447
5.525,2.31340323,2.306291053642919,0.0468709354338595,0.007112176357081168,390.79743347340224,7.389999999529344
5.53,2.31353996,2.306291053642919,0.0493645359354566,0.007248906357081086,195.39871673658504,7.380000000694345
5.535,2.31367137,2.306291053642919,0.051958230331338,0.007380316357080918,-390.7974334731701,7.270000000119413
5.54,2.31379846,2.3064864523596555,0.0502608400064793,0.007312007640344564,-390.7974334731701,7.909999999356323
5.545,2.31392197,2.3064864523596555,0.0532843220526797,0.007435517640344447,195.39871673658504,9.090000000356174
5.55,2.31404301,2.3064864523596555,0.0560870221639458,0.007556557640344241,195.39871673658504,8.529999999496068
5.555,2.31416294,2.3064864523596555,0.0585631446544956,0.007676487640344565,0.0,6.599999999536917
5.5600000000000005,2.3142827,2.3064864523596555,0.0568868550593096,0.007796247640344589,0.0,6.210000001374269
5.565,2.31440281,2.3064864523596555,0.0597690133825922,0.007916357640344263,0.0,7.079999999746374
5.57,2.31452413,2.3064864523596555,0.0621671071035872,0.008037677640344576,0.0,6.189999998867045
5.575,2.31464779,2.3064864523596555,0.064514364807393,0.008161337640344435,0.0,3.890000000694899
5.58,2.31477438,2.3064864523596555,0.0622479038725052,0.00828792764034425,0.0,3.250000000889644
5.585,2.31490407,2.3064864523596555,0.0650483674588267,0.008417617640344321,0.0,4.289999999400786
5.59,2.31503734,2.3064864523596555,0.0671687354375513,0.008550887640344396,0.0,4.569999999260428
5.595,2.3151749,2.3064864523596555,0.0688267626940623,0.008688447640344599,0.0,3.390000000818471
5.6000000000000005,2.3153173,2.3064864523596555,0.06999464119922,0.008830847640344253,0.0,1.3899999999028054
5.605,2.31546485,2.3064864523596555,0.0708785510453745,0.008978397640344582,195.39871673630083,-1.070000000707406
5.61,2.31561765,2.3064864523596555,0.0712764136261615,0.009131197640344535,0.0,-2.869999999006872
5.615,2.31577531,2.3064864523596555,0.0681829307130242,0.009288857640344261,-586.1961502089025,-3.390000000251918
5.62,2.31593732,2.306681851076392,0.0718175212753505,0.009255468923608401,0.0,-4.270000001156541
5.625,2.31610341,2.3064864523596555,0.0693551585080803,0.009616957640344648,586.1961502089025,-5.759999999384291
5.63,2.31627292,2.3064864523596555,0.0702543007529932,0.009786467640344299,0.0,-5.679999999302052
5.635,2.31644488,2.3064864523596555,0.0679497496345225,0.009958427640344603,-195.39871673630083,-4.25000000007061
5.64,2.31661869,2.3064864523596555,0.0726546918472643,0.010132237640344322,0.0,-3.7300000002464175
5.6450000000000005,2.31679404,2.3064864523596555,0.0700670867674633,0.010307587640344451,0.0,-3.5700000003651664
5.65,2.31697038,2.3064864523596555,0.071380648491436,0.010483927640344337,0.0,-2.060000000198636
5.655,2.31714716,2.3064864523596555,0.0725445021604222,0.010660707640344658,0.0,-1.1799999990103314
5.66,2.31732442,2.3064864523596555,0.0763749836644094,0.010837967640344282,0.0,-3.2899999993675246
5.665,2.31750218,2.3064864523596555,0.0736344755219952,0.01101572764034442,0.0,-5.570000001569339
5.67,2.31767963,2.3064864523596555,0.0717533689588209,0.011193177640344665,0.0,-4.400000000828413
5.675,2.31785581,2.3064864523596555,0.0736224675235057,0.011369357640344635,0.0,-1.8299999987897166
5.68,2.31803044,2.3064864523596555,0.0753693885936165,0.011543987640344255,0.0,-1.6899999994272807
5.6850000000000005,2.31820365,2.3064864523596555,0.0770015412815975,0.011717197640344512,0.0,-2.3000000004463095
5.69,2.31837502,2.3064864523596555,0.0778661469120727,0.011888567640344405,0.0,0.05999999984807225
5.695,2.31854401,2.3064864523596555,0.0825158351161026,0.012057557640344552,0.0,3.1900000001884763
5.7,2.31871107,2.3064864523596555,0.0832020838522278,0.012224617640344437,0.0,2.650000000414922
5.705,2.31887695,2.3064864523596555,0.0841025567432369,0.012390497640344389,0.0,-0.5200000001082676
5.71,2.31904178,2.3064864523596555,0.0817461622870904,0.012555327640344505,0.0,-1.840000000470483
5.715,2.31920512,2.3064864523596555,0.0802863092923885,0.01271866764034435,0.0,0.2799999998618192
5.72,2.31936663,2.3064864523596555,0.0829793878815102,0.012880177640344659,0.0,3.189999999904309
5.7250000000000005,2.31952668,2.3064864523596555,0.0851509566273942,0.013040227640344515,0.0,4.540000000190058
5.73,2.3196859,2.3064864523596555,0.0867376876658239,0.01319944764034453,0.0,4.7700000001779
5.735,2.31984482,2.3064864523596555,0.0881009250122039,0.013358367640344593,0.0,4.109999999855194
5.74,2.32000413,2.3064864523596555,0.0920429147818016,0.013517677640344505,0.0,2.5400000001242526
5.745,2.32016431,2.3064864523596555,0.0887892808871851,0.01367785764034446,0.0,1.1400000002482336
5.75,2.32032543,2.3064864523596555,0.0924865415970636,0.013838977640344474,0.0,-0.22000000058142666
5.755,2.32048769,2.3064864523596555,0.0921226285476477,0.014001237640344666,0.0,-1.4900000002171825
5.76,2.32065094,2.3064864523596555,0.0893437260173652,0.014164487640344614,0.0,-1.229999999168578
5.765,2.32081474,2.3064864523596555,0.0930225542320922,0.014328287640344328,0.0,-0.7900000002793954
5.7700000000000005,2.32097917,2.3064864523596555,0.0929395928044124,0.014492717640344654,0.0,-2.4700000003007556
5.775,2.32114423,2.3064864523596555,0.0928136504249447,0.01465777764034426,0.0,-4.54999999959674
5.78,2.32130933,2.3064864523596555,0.0903136052906681,0.014822877640344512,0.0,-4.2000000001964475
5.785,2.32147369,2.3064864523596555,0.0912421298040234,0.014987237640344375,0.0,-1.709999999377568
5.79,2.32163687,2.3064864523596555,0.0921316487060992,0.015150417640344305,0.0,0.3700000002027166
5.795,2.32179892,2.3064864523596555,0.0951661393972845,0.01531246764034444,0.0,0.09999999889487476
5.8,2.32196008,2.3064864523596555,0.0950300464508207,0.015473627640344656,0.0,-1.970000000425729
5.805,2.32212029,2.3064864523596555,0.0951381981174041,0.015633837640344428,0.0,-3.4499999998153337
5.8100000000000005,2.32227906,2.3064864523596555,0.0932055286756625,0.015792607640344514,0.0,-2.5699999991960967
5.815,2.32243583,2.3064864523596555,0.0943929967729675,0.01594937764034432,0.0,0.010000000258436614
5.82,2.32259036,2.3064864523596555,0.0956156826350538,0.016103907640344417,0.0,1.639999998985866
5.825,2.32274297,2.3064864523596555,0.0992757486395071,0.016256517640344637,0.0,1.0699999998564866
5.83,2.32289399,2.3064864523596555,0.0973737683829622,0.016407537640344305,0.0,0.040000001035878974
5.835,2.32304335,2.3064864523596555,0.0987177893639269,0.016556897640344292,0.0,-0.5599999997230611
5.84,2.32319102,2.3064864523596555,0.0999666780630109,0.016704567640344337,0.0,-1.6200000001723405
5.845,2.32333701,2.3064864523596555,0.0984402568089674,0.016850557640344377,0.0,-1.829999999926338
5.8500000000000005,2.32348089,2.3064864523596555,0.0976216874188873,0.016994437640344362,0.0,0.7799999991669866
5.855,2.32362233,2.3064864523596555,0.0998171140069205,0.01713587764034452,0.0,4.069999999671168
5.86,2.32376177,2.3064864523596555,0.1041195951322169,0.0172753176403444,0.0,4.800000000955387
5.865,2.32390009,2.3064864523596555,0.1046186480162137,0.017413637640344426,0.0,3.6899999994945873
5.87,2.32403773,2.3064864523596555,0.1051449651809125,0.017551277640344587,0.0,2.5699999989115976
5.875,2.32417509,2.3064864523596555,0.1080771954020684,0.017688637640344673,195.39871673630083,1.7300000013165486
5.88,2.32431246,2.3064864523596555,0.1054968237880569,0.017826007640344255,195.39871673630083,1.560000001177364
5.885,2.3244499,2.3064864523596555,0.1089405097485885,0.0179634476403443,-586.1961502087984,1.109999999186974
5.89,2.32458769,2.306681851076392,0.1081217687256633,0.017905838923608197,-390.7974334725843,-1.5100000004506842
5.8950000000000005,2.32472608,2.306681851076392,0.108163313382934,0.01804422892360824,781.5948669450993,-4.429999999899613
5.9,2.32486453,2.3064864523596555,0.1098162579579856,0.018378077640344603,195.39871673617935,-3.800000000637641
5.905,2.32500212,2.306681851076392,0.1091443637464598,0.018320268923608385,-586.1961502089025,-0.08000000036649979
5.91,2.32513855,2.306681851076392,0.1094719458399535,0.01845669892360835,0.0,2.7900000009140653
5.915,2.32527422,2.306681851076392,0.1122502602945217,0.01859236892360805,195.39871673630083,2.870000000427958
5.92,2.32540967,2.306681851076392,0.1120194826356157,0.018727818923608197,0.0,1.289999999585306
5.925,2.32554517,2.306681851076392,0.1121902462073311,0.01886331892360804,0.0,-0.47999999992486186
5.93,2.32568076,2.306681851076392,0.1126165546729251,0.018998908923608226,0.0,-1.4999999996233324
5.9350000000000005,2.32581626,2.306681851076392,0.1106148540931675,0.01913440892360807,0.0,-0.9500000004436318
5.94,2.32595134,2.306681851076392,0.1121061902418502,0.019269488923608247,0.0,0.6399999992368204
5.945,2.32608599,2.306681851076392,0.1134199008400253,0.01940413892360837,0.0,1.6700000006154259
5.95,2.32622046,2.306681851076392,0.1146091652836229,0.01953860892360826,0.0,1.4500000008866063
5.955,2.326355,2.306681851076392,0.1156188653770988,0.019673148923608164,0.0,0.1699999995707949
5.96,2.32648979,2.306681851076392,0.1164690587806273,0.019807938923608326,0.0,-1.4400000011960707
5.965,2.32662474,2.306681851076392,0.1145672242078874,0.019942888923608404,0.0,-2.3400000000604546
5.97,2.3267595,2.306681851076392,0.1160335040209812,0.020077648923608304,0.0,-2.2499999982980947
5.9750000000000005,2.32689377,2.306681851076392,0.1145347843781115,0.020211918923608074,0.0,-1.2299999994525934
5.98,2.32702725,2.306681851076392,0.1159992423059948,0.020345398923608204,0.0,0.1299999982504767
5.985,2.32715984,2.306681851076392,0.1170395433644385,0.020477988923608414,0.0,-0.26000000076465435
5.99,2.32729181,2.306681851076392,0.119506702505623,0.020609958923608396,0.0,-2.6599999989685443
5.995,2.32742308,2.306681851076392,0.1201811463485572,0.02074122892360819,0.0,-4.089999999621472
6.0,2.32755292,2.306681851076392,0.1193171340033074,0.020871068923608238,0.0,-4.1100000001395
6.005,2.32768083,2.306681851076392,0.1193066077745077,0.020998978923608025,0.0,-5.359999999824242
6.01,2.32780649,2.306681851076392,0.1159850759444373,0.021124638923608163,0.0,-7.589999999877929
6.015000000000001,2.32792898,2.306681851076392,0.113236327677645,0.021247128923608027,0.0,-8.740000000672158
6.0200000000000005,2.32804716,2.306681851076392,0.1113151941154504,0.021365308923608328,0.0,-9.220000000597548
6.025,2.32815994,2.306681851076392,0.1091843862506998,0.02147808892360814,0.0,-10.859999998729538
6.03,2.32826619,2.306681851076392,0.1067154066909051,0.021584338923608115,0.0,-16.119999998807746
6.035,2.32836449,2.306681851076392,0.1022325174354035,0.021682638923608,0.0,-27.84000000105044
6.04,2.32845272,2.306681851076392,0.094645756787103,0.021770868923608244,0.0,-43.02000000166303
6.045,2.32852651,2.306681851076392,0.0717815248544533,0.021844658923608318,0.0,-50.25999999986867
6.05,2.32857891,2.306681851076392,0.0571227194085358,0.02189705892360827,0.0,-43.30999999892863
6.055,2.32860298,2.306681851076392,0.0474175462721921,0.02192112892360809,0.0,-35.04999999988621
6.0600000000000005,2.3285945,2.306681851076392,0.0514180270462618,0.021912648923608113,0.0,-41.43000000000336
6.065,2.32855059,2.306681851076392,0.0350686738945777,0.021868738923608078,0.0,-51.289999999553146
6.07,2.32846444,2.306681851076392,-0.001409740700687,0.02178258892360807,0.0,-44.70000000026363
6.075,2.32832791,2.306681851076392,0.0094060723477,0.02164605892360827,0.0,-31.140000000676935
6.08,2.32813744,2.306681851076392,-0.0037069666355302,0.021455588923608104,-195.39871673630083,-24.93999999984564
6.085,2.32789024,2.306681851076392,-0.0143698437827502,0.0212083889236081,-195.39871673630083,-17.41999999950471
6.09,2.32758236,2.306681851076392,-0.0246800721723453,0.020900508923608285,195.3987167360166,-8.280000000104877
6.095,2.32721264,2.3064864523596555,-0.0119847429344196,0.020726187640344396,-5.1636561693158e-10,-15.080000000840613
6.1000000000000005,2.32678178,2.3064864523596555,-0.0324034785975709,0.020295327640344585,-390.79743347370385,-38.74999999995964
6.105,2.32628683,2.306291053642919,-0.055154842477386,0.019995776357081052,-390.79743347343685,-62.32999999869111
6.11,2.32572062,2.306095654926182,-0.0812678173104864,0.019624965073817613,195.39871673829035,-72.72000000000685
6.115,2.32507406,2.3057048574927084,-0.1083873101277005,0.019369202507291572,781.5948669474769,-62.240000001170586
6.12,2.32433655,2.3051186613424988,-0.1334322449739591,0.01921788865750118,-195.39871673800613,-42.349999999943805
6.125,2.32350161,2.304923262625762,-0.1181063561657521,0.018578347374238025,-781.5948669471927,-41.60999999925451
6.13,2.32256733,2.3043370664755525,-0.1490200971317328,0.018230263524447565,8.872689249983523e-10,-56.759999999899264
6.135,2.32152713,2.303750870325342,-0.172129713196588,0.017776259674658235,195.3987167355001,-51.540000000287534
6.140000000000001,2.32037135,2.302969275458396,-0.1859151048545907,0.017402074541603696,-195.39871673834227,-15.030000001029066
6.1450000000000005,2.31909386,2.302187680591449,-0.1926083623951789,0.016906179408551214,-195.39871673406162,22.20999999987481
6.15,2.31769707,2.301210687007765,-0.1629610302203221,0.016486382992234816,586.196150212313,41.33000000138213
6.155,2.31618677,2.300038294707345,-0.1986643768585903,0.01614847529265484,586.1961502080497,63.66000000042783
6.16,2.3145667,2.298865902406926,-0.1643127573870808,0.01570079759307408,-781.5948669483297,97.58999999946093
6.165,2.31284719,2.297888908823242,-0.1656891824818125,0.014958281176757904,-1367.7910171566634,118.3799999992683
6.17,2.3110439,2.2965211178060856,-0.1332395681741921,0.014522782193914452,2.845581548172049e-10,115.42000000020386
6.175,2.30917271,2.294957928072192,-0.1334648613768655,0.014214781927807785,2344.7846008407496,105.8800000009947
6.18,2.30724705,2.2928085421880886,-0.1236349772443951,0.01443850781191136,1563.1897338940316,108.93999999980086
6.1850000000000005,2.30527875,2.291245352454195,-0.1106747634828629,0.014033397545804682,-1563.1897338933422,125.89999999902071
6.19,2.30328203,2.290072960153775,-0.0945841648788923,0.013209069846225052,-1367.7910171575231,141.9399999997397
6.195,2.30127425,2.2883143717031453,-0.0593537026111711,0.012959878296854743,586.196150209187,144.92000000047395
6.2,2.29927474,2.286751181969252,-0.0418062389911456,0.012523558030748116,976.9935836843467,139.20000000042035
6.205,2.29730115,2.284797194801885,-0.0206801054334175,0.01250395519811498,-390.7974334717485,135.50999999978904
6.21,2.2953701,2.2834294037847283,0.0065450257569226,0.011940696215271718,-586.1961502106082,133.71999999976086
6.215,2.29349865,2.2816708153340985,0.0296252211400471,0.011827834665901538,1367.791017154552,127.05000000093122
6.22,2.29170362,2.279716828166732,0.0622557111047339,0.011986791833267674,781.5948669475295,113.79000000029913
6.2250000000000005,2.29000047,2.278349037149575,0.0755713450989646,0.011651432850424914,-1172.3923004185012,95.1499999985432
6.23,2.28840235,2.276981246132418,0.0982928853904052,0.011421103867581994,-195.39871673841867,67.54999999945
6.235,2.2869204,2.275613455115262,0.110397415373928,0.011306944884738268,1172.3923004192263,30.050000000870625
6.24,2.28556144,2.2740502653813683,0.1021505350988238,0.011511174618631603,-195.3987167340268,-5.549999999630131
6.245,2.28432599,2.273268670514421,0.0992920157124216,0.011057319485578976,-586.1961502083344,-28.85000000048973
6.25,2.28321094,2.272096278214001,0.0903027301668813,0.011114661785998958,586.1961502089024,-44.689999999720555
6.255,2.28221169,2.271119284630318,0.0820499705773392,0.011092405369681924,-1.7399202079104725e-09,-67.25999999904303
6.26,2.281322,2.2705330884801085,0.0678726922395027,0.010788911519891364,-586.1961502109268,-113.64000000045576
6.265000000000001,2.28053281,2.2697514936131618,0.0464701581735369,0.010781316386838213,-390.7974334733848,-190.85000000100405
6.2700000000000005,2.27982736,2.2693606961796884,-0.0248671619586217,0.010466663820311695,3.3645619623712264e-10,-281.6499999999887
6.275,2.27917571,2.2685791013127417,-0.1074852692868416,0.010596608687258424,8.526512829121384e-10,-362.34999999978015
6.28,2.27853617,2.2681883038792683,-0.1901966760367958,0.010347866120731908,-586.196150209471,-426.94000000013375
6.285,2.27785874,2.267602107729058,-0.2555710867877089,0.010256632270942312,-1172.3923004206472,-478.69999999991006
6.29,2.27708608,2.267015911578848,-0.2799745610185952,0.010070168421151937,-1172.3923004197945,-516.4599999995055
6.295,2.27615496,2.266234316711901,-0.2362796840488822,0.00992064328809894,781.594866947193,-537.3799999992689
6.3,2.27499839,2.264671126978008,-0.1825881687850624,0.01032726302199194,1758.5884506298514,-541.0900000002662
6.305,2.27354791,2.263303335960851,-0.2214149118099631,0.010244574039148802,1.7342927094432525e-10,-507.52000000144267
6.3100000000000005,2.27173572,2.2619355449436944,-0.2617162291401159,0.009800175056305704,-1367.7910171577312,-396.98999999968123
6.315,2.2694965,2.260567753926538,-0.3019009265721505,0.008928746073461724,-781.5948669468737,-257.25999999920555
6.32,2.26679055,2.258809165475908,-0.2698049690787736,0.007981384524092139,586.1961502111758,-216.37000000084504
6.325,2.26360374,2.2566597795918044,-0.3183793469965981,0.006943960408195782,976.993583682925,-243.9199999997861
6.33,2.25990562,2.2545103937077013,-0.3605023945293985,0.005395226292298716,586.1961502100396,-168.7099999992456
6.335,2.25565326,2.252165609106861,-0.3953231250629143,0.0034876508931387384,-586.1961502080494,-12.489999999730117
6.34,2.25083701,2.2500162232227576,-0.3557280095684624,0.0008207867772425104,-1367.7910171571455,37.770000000905384
6.345,2.24547635,2.247671438621918,-0.4052429980756827,-0.0021950886219177512,-3.1960780688677914e-09,-22.45000000081245
6.3500000000000005,2.23957223,2.244740457870868,-0.4449480220263098,-0.005168227870868236,781.5948669475354,-22.300000002436263
6.355,2.23311078,2.2418094771198174,-0.4786194292295317,-0.0086986971198173,1.8502532839193009e-09,114.32999999934964
6.36,2.22608883,2.238683097652031,-0.5069869679255,-0.012594267652030755,-586.1961502128804,257.1500000019098
6.365,2.21853425,2.235361319467508,-0.4626031103560674,-0.016827069467508338,-195.39871673715209,234.91000000150234
6.37,2.21050114,2.2318441425662474,-0.5054247835108115,-0.02134300256624755,1172.3923004240569,153.98999999889384
6.375,2.20200391,2.227740769514777,-0.6032309626044375,-0.02573685951477689,1367.7910171572314,248.8500000006975
6.38,2.19304407,2.2240281938967805,-0.5485468806878392,-0.030984123896780513,586.1961502071108,449.36000000245235
6.385,2.18367375,2.2201202195620477,-0.5770125538257831,-0.03644646956204767,-1172.3923004201893,522.6899999969239
6.390000000000001,2.17396647,2.216603042660787,-0.5455183651689086,-0.04263657266078713,-1953.9871673657353,408.8099999960242
6.3950000000000005,2.16399313,2.213085865759527,-0.5869561078725404,-0.049092735759526995,1172.3923004197184,253.00000000260604
6.4,2.15379103,2.208396296557847,-0.664292164234219,-0.054605266557847365,2540.183317577311,255.34000000221772
6.405,2.14337086,2.20468372093985,-0.6720825570624462,-0.06131286093985011,976.9935836840612,421.3099999984341
6.41,2.13277075,2.2005803478883803,-0.6783920033252483,-0.06780959788838015,-976.9935836843481,571.3800000001138
6.415,2.12206228,2.197453968420594,-0.651714624197983,-0.07539168842059363,-1758.5884506304017,604.3100000011052
6.42,2.11132694,2.19413219023607,-0.6785294966986175,-0.0828052502360701,-195.39871673487843,550.6600000015542
6.425,2.10063877,2.190419614618073,-0.6662024114302451,-0.08978084461807301,-586.1961502089966,451.15000000118175
6.43,2.09006391,2.1872932351502867,-0.7017731881936318,-0.0972293251502867,-390.79743347487414,339.4399999961515
6.4350000000000005,2.07965099,2.183385260815553,-0.7294254444956423,-0.10373427081555286,2149.385884101659,258.5999999971567
6.44,2.06943281,2.17947728648082,-0.7611515444097731,-0.11004447648081994,976.9935836832483,221.51000000185286
6.445,2.05943838,2.17596010957956,-0.8146104909279871,-0.11652172957955997,-1758.5884506292634,216.74000000104638
6.45,2.04969224,2.172833730111773,-0.8656430198561608,-0.12314149011177289,-1367.7910171563774,212.54000000056578
6.455,2.04022245,2.1691211544937765,-0.9457126734876592,-0.1288987044937766,-586.1961502091883,151.87000000055127
6.46,2.03105894,2.165603977592516,-0.9719821124606276,-0.13454503759251635,195.3987167371522,37.33000000068
6.465,2.02221574,2.1615006045410463,-0.9939821296628732,-0.13928486454104627,2149.3858841016763,-37.59999999897241
6.47,2.01368478,2.15720183277284,-0.9689611969848606,-0.14351705277284,1758.5884506286097,-19.270000002334882
6.4750000000000005,2.00545558,2.153293858438106,-1.0413748421339586,-0.14783827843810604,-390.79743347251554,29.619999997232753
6.48,1.99753216,2.149776681536846,-1.0628548382997338,-0.1522445215368462,-586.1961502087281,31.12000000168723
6.485,1.9899227,2.146259504635586,-1.0859229846006668,-0.15633680463558597,-781.5948669466234,-22.419999998249295
6.49,1.9826307,2.1429377264510627,-1.1079606778204396,-0.16030702645106265,-1367.7910171572314,-82.01000000099316
6.495,1.97564822,2.139811346983276,-1.127489111412261,-0.16416312698327573,195.39871673630094,-92.5600000005054
6.5,1.96895798,2.1359033726485426,-1.1413394453079726,-0.16694539264854247,586.1961502103225,-67.37999999785848
6.505,1.96255013,2.132581594464019,-1.147377408003694,-0.17003146446401907,-195.39871673553498,-62.46999999840864
6.51,1.95642144,2.1288690188460224,-1.1633855745007469,-0.17244757884602246,-781.5948669460045,-73.86000000261538
6.515000000000001,1.95056105,2.125156443228025,-1.1742404051254884,-0.1745953932280251,-1172.3923004215244,-73.56000000261952
6.5200000000000005,1.94495861,2.1216392663267656,-1.1602369837644355,-0.17668065632676555,1172.3923004176777,-70.33999999910066
6.525,1.93960712,2.116754298408349,-1.1817953832982098,-0.17714717840834893,2149.385884104142,-64.20999999847083
6.53,1.93449593,2.113041722790352,-1.155065659861633,-0.178545792790352,976.9935836871875,-43.51999999983127
6.535,1.929618,2.108547552305408,-1.1674886321985185,-0.17892955230540775,-586.1961502100397,-15.100000000529917
6.54,1.92496919,2.105225774120885,-1.1297760578674263,-0.18025658412088497,-1367.7910171592196,6.649999999695069
6.545,1.92055017,2.1015131985028885,-1.1137425989227314,-0.18096302850288848,8.526512829121202e-10,16.940000001284602
6.55,1.91636329,2.097605224168155,-1.0898591344164776,-0.18124193416815482,2.6574298317427747e-10,21.480000001105736
6.555,1.91241028,2.094283445983632,-1.048641979951082,-0.18187316598363212,-586.1961502111947,19.129999997944424
6.5600000000000005,1.90869517,2.0901800729321613,-1.0236366516581603,-0.18148490293216124,-976.9935836832101,8.689999998607732
6.565,1.90521981,2.086858294747638,-0.9981503482620826,-0.18163848474763822,1367.791017156983,0.9000000015071237
6.57,1.90198396,2.082364124262695,-0.9680296363918676,-0.180380164262695,3321.7781845227987,-0.489999999047086
6.575,1.89898745,2.078260751211225,-0.9317663954998144,-0.1792733012112251,-1758.5884506304003,-3.5900000008838333
6.58,1.89623056,2.0755251691769114,-0.904378742942316,-0.17929460917691142,-3712.5756179956834,-12.800000000653313
6.585,1.89371271,2.0718125935589145,-0.8790957935691782,-0.17809988355891448,1172.3923004220674,-25.07999999892388
6.59,1.89143138,2.067904619224181,-0.8511457501146358,-0.1764732392241808,3126.3794677866426,-38.58999999928312
6.595,1.88938279,2.063801246172711,-0.8238955291275796,-0.1744184561727109,-1172.3923004222552,-54.00000000101659
6.6000000000000005,1.88756134,2.0606748667049244,-0.8106451265509509,-0.17311352670492441,-2930.9807510497694,-69.98000000087279
6.605,1.8859591,2.0573530885204008,-0.7930815384225195,-0.17139398852040078,1758.5884506313168,-85.3999999997452
6.61,1.88456644,2.052663519318721,-0.7746419912746995,-0.16809707931872087,2149.385884102434,-99.08999999936896
6.615,1.88337166,2.0495371398509343,-0.7685132185390754,-0.16616547985093444,-195.39871673629943,-107.8100000000909
6.62,1.88236128,2.0456291655162007,-0.753642837170858,-0.16326788551620064,-781.5948669449181,-110.4500000002464
6.625,1.88152138,2.0425027860484137,-0.7443660719694882,-0.16098140604841382,-1758.5884506298335,-109.3299999996633
6.63,1.88083805,2.0393764065806272,-0.7308026158669811,-0.15853835658062732,-9.222844710166297e-10,-107.18000000001712
6.635,1.88029781,2.035468432245894,-0.7129775594269305,-0.15517062224589395,976.9935836823744,-104.72999999994568
6.640000000000001,1.87988742,2.0321466540613704,-0.70061857041566,-0.15225923406137043,-390.79743347370237,-100.41000000024849
6.6450000000000005,1.87959377,2.028434078443374,-0.6817309921983475,-0.14884030844337381,-195.3987167359485,-94.30000000061563
6.65,1.87940466,2.0249169015421136,-0.6633655888522021,-0.1455122415421135,586.1961502103225,-88.9299999994401
6.655,1.87930885,2.0210089272073803,-0.6424940510367819,-0.14170007720738043,-976.9935836832099,-83.85999999916658
6.66,1.87929547,2.01749175030612,-0.6270805982575816,-0.13819628030612008,-1367.7910171566643,-76.21000000000649
6.665,1.87935412,2.0137791746881235,-0.6053207942525425,-0.1344250546881236,1563.189733892681,-67.49000000042142
6.67,1.87947599,2.008894206769707,-0.5732792752806978,-0.12941821676970688,1367.7910171572328,-61.0100000005813
6.675,1.87965337,2.0053770298684466,-0.5585997552576787,-0.12572365986844658,976.9935836848342,-56.199999999947835
6.68,1.87987873,2.0006874606667666,-0.5273153683650006,-0.12080873066676667,1172.3923004189655,-53.19999999956153
6.6850000000000005,1.88014559,1.9971702837655063,-0.5084019287001095,-0.1170246937655064,-976.9935836857735,-52.66000000061352
6.69,1.88044749,1.9938485055809836,-0.4948001287612674,-0.11340101558098348,-2344.7846008395077,-51.11999999995646
6.695,1.88077758,1.9903313286797228,-0.4747866396793455,-0.1095537486797229,-2149.3858841024353,-46.27999999883255
6.7,1.88112961,1.9874003479286733,-0.4622959883733084,-0.10627073792867336,2149.3858841038546,-40.84000000034569
6.705,1.88149822,1.982515380010256,-0.4318116568730162,-0.10101716001025585,3712.575617997957,-38.140000000625406
6.71,1.88187881,1.9791936018257328,-0.4181611184547171,-0.09731479182573288,-1172.3923004195094,-37.949999999683925
6.715,1.88226667,1.9758718236412092,-0.4016318646325826,-0.09360515364120925,-2735.582034313543,-37.940000000559515
6.72,1.88265695,1.9729408428901596,-0.389770508705103,-0.09028389289015948,195.3987167344222,-37.44000000011499
6.7250000000000005,1.88304498,1.9692282672721628,-0.3735686413099701,-0.08618328727216285,586.1961502076875,-37.89999999924107
6.73,1.88342609,1.9659064890876397,-0.3613976970486392,-0.08248039908763971,-1367.7910171553983,-45.63999999988066
6.735,1.88379571,1.9627801096198525,-0.3485276395309674,-0.07898439961985249,195.39871673885747,-73.67999999985693
6.74,1.88414833,1.9586767365683824,-0.3454520651427916,-0.07452840656838244,1953.987167366417,-122.80000000033016
6.745,1.88447322,1.9551595596671223,-0.3770592490743727,-0.07068633966712223,586.1961502083329,-169.09000000027422
6.75,1.88474999,1.951446984049126,-0.4283502450021837,-0.06669699404912599,-586.1961502091856,-206.99999999977513
6.755,1.88495471,1.948320604581339,-0.4299381525660173,-0.06336589458133912,-781.5948669448655,-256.2799999997818
6.76,1.88506198,1.944803427680079,-0.5019873777685365,-0.05974144768007905,-976.9935836850765,-296.8299999997081
6.765000000000001,1.88503318,1.9416770482122925,-0.5606325784892998,-0.0566438682122925,-195.39871673786647,-314.06000000094207
6.7700000000000005,1.88482802,1.9379644725942955,-0.5445905226766281,-0.05313645259429545,976.9935836846296,-359.4200000009738
6.775,1.8844118,1.9342518969762987,-0.554659998443011,-0.04984009697629865,781.594866946622,-421.5299999990134
6.78,1.88373405,1.9307347200750389,-0.4718056831931708,-0.04700067007503894,-390.79743347402297,-399.08999999882417
6.785,1.88273115,1.927022144457042,-0.4598383173412044,-0.04429099445704199,-2149.3858841027177,-324.06000000038557
6.79,1.88135854,1.9238957649892552,-0.4309499146512326,-0.04253722498925527,1.7053025658242404e-09,-340.28000000093107
6.795,1.87959214,1.919596993221048,-0.4627030428156842,-0.040004853221047965,2930.9807510507653,-376.36999999934324
6.8,1.87737743,1.9152982214528416,-0.5452938656153574,-0.03792079145284166,-1.014655026665423e-09,-242.8299999989481
6.805,1.87465449,1.9119764432683184,-0.4913371693382103,-0.03732195326831844,-1953.9871673683049,-22.060000001263234
6.8100000000000005,1.87141435,1.907873070216848,-0.5061270154942923,-0.03645872021684804,-390.79743347453996,64.23999999906164
6.815,1.86767537,1.9041604945988515,-0.4615460969514157,-0.03648512459885156,781.5948669474078,20.160000000646278
6.82,1.86344724,1.899666324113908,-0.5302172993440205,-0.03621908411390806,781.59486694833,29.859999999643378
6.825,1.85871902,1.8957583497791743,-0.523276472001885,-0.037039329779174235,1172.392300420362,160.55999999992332
6.83,1.85349626,1.891459578010968,-0.5122755800620079,-0.03796331801096797,781.5948669460564,305.5000000009195
6.835,1.8478153,1.8875516036762343,-0.5024496401185446,-0.039736303676234375,-1758.5884506306845,393.30000000122277
6.84,1.84172197,1.884425224208448,-0.496362875716,-0.042703254208448005,-586.1961502091458,446.5000000008554
6.845,1.83526971,1.8803218511569777,-0.4857210622591265,-0.045052141156977754,1758.5884506303896,491.00999999731266
6.8500000000000005,1.82851767,1.8768046742557176,-0.478633025773,-0.048287004255717525,-1.7399770513293333e-09,544.3299999977953
6.855,1.82152875,1.8734828960711944,-0.4734387948380169,-0.05195414607119453,-2344.7846008411193,598.8200000017812
6.86,1.81437437,1.870356516603408,-0.5705434583402169,-0.055982146603408056,-2344.784600839873,598.6100000010011
6.865,1.80713675,1.8670347384188843,-0.6054078287671782,-0.059897988418884385,-195.39871673544963,516.4100000002034
6.87,1.79989089,1.8627359666506773,-0.6177770865159398,-0.0628450766506774,1953.9871673675552,410.44999999998333
6.875,1.79269232,1.8586325935992072,-0.6257642950119361,-0.06594027359920718,3321.77818452422,352.3900000001977
6.88,1.78558364,1.8537476256807903,-0.6368863159401015,-0.0681639856807903,-390.7974334728648,343.20000000144137
6.885,1.77860591,1.8502304487795305,-0.6129237377911081,-0.07162453877953046,-4298.771768207836,328.3999999984338
6.890000000000001,1.77180501,1.8467132718782704,-0.603604820813769,-0.07490826187827038,1563.189733893777,286.7499999974275
6.8950000000000005,1.76522072,1.84143750652638,-0.5957346386092919,-0.07621678652637986,4103.373051470144,251.0000000007334
6.9,1.7588834,1.8373341334749105,-0.5669976746411407,-0.0784507334749105,-1563.1897338946706,230.43000000144434
6.905,1.7528235,1.8338169565736504,-0.5305846887120623,-0.08099345657365031,-1953.9871673675568,200.88000000072975
6.91,1.74706981,1.8297135835221805,-0.5062733862593837,-0.08264377352218055,1.9895196601282805e-09,160.46999999958507
6.915,1.74164468,1.8258056091874464,-0.479990788223151,-0.08416092918744633,586.1961502128819,124.53999999906523
6.92,1.73656512,1.8218976348527127,-0.4516521480651515,-0.08533251485271265,2344.7846008395886,94.7300000009966
6.925,1.73184473,1.81740346436777,-0.4187045478069515,-0.08555873436776995,-390.7974334753815,62.520000001181415
6.93,1.72749387,1.81447248361672,-0.3922601778704129,-0.0869786136167201,-3712.57561799804,24.70999999830542
6.9350000000000005,1.72351838,1.81095530671546,-0.3793830463751649,-0.08743692671546,-781.5948669464161,-15.190000001307453
6.94,1.71991858,1.8070473323807263,-0.3570235643522339,-0.08712875238072626,3126.379467788295,-55.31999999861455
6.945,1.71669034,1.8027485606125195,-0.3446536841693552,-0.08605822061251955,1953.9871673675552,-92.62999999947806
6.95,1.71382406,1.798840586277786,-0.343319140880848,-0.085016526277786,-2540.1833175778775,-120.29000000098176
6.955,1.71130529,1.7959096055267365,-0.3366601400225112,-0.08460431552673642,-1563.1897338938152,-139.36000000030117
6.96,1.70911768,1.7918062324752662,-0.3262219948093014,-0.08268855247526607,1563.1897338949534,-157.51999999907412
6.965,1.70724294,1.7878982581405327,-0.319772213507757,-0.08065531814053273,1.169553343061125e-09,-175.94999999895776
6.97,1.70566008,1.7843810812392726,-0.3178671904390859,-0.07872100123927273,-390.7974334752651,-190.240000000387
6.9750000000000005,1.70434577,1.7802777081878027,-0.3145971762705222,-0.07593193818780275,-195.39871673933334,-200.37000000134628
6.98,1.70327531,1.776565132569806,-0.3097249170013502,-0.07328982256980598,195.3987167376538,-211.760000000452
6.985,1.70242354,1.7726571582350723,-0.3058331225431956,-0.07023361823507224,1953.9871673689763,-222.8899999988796
6.99,1.701763,1.768162987750129,-0.3197741438529685,-0.06639998775012912,-781.5948669466247,-225.64999999930058
6.995,1.70126449,1.7652320069990788,-0.3139168166100403,-0.06396751699907877,-2540.183317578446,-221.40000000093556
7.0,1.70090026,1.761128633947609,-0.3188002956036215,-0.06022837394760905,-195.39871673658524,-217.3600000000513
7.005,1.70064297,1.7572206596128757,-0.3192006206118661,-0.05657768961287557,976.9935836850417,-215.10999999920435
7.01,1.70046569,1.7529218878446686,-0.3141756099932184,-0.052456197844668706,1953.9871673652192,-206.7000000008179
7.015000000000001,1.70034162,1.7484277173597254,-0.3278227157756488,-0.048086097359725244,390.7974334720227,-178.52000000059576
7.0200000000000005,1.70024418,1.7445197430249917,-0.3154775493514458,-0.04427556302499158,-3126.379467785895,-140.72999999909734
7.025,1.70015374,1.7408071674069951,-0.2801949371767925,-0.04065342740699518,-586.1961502103239,-124.95999999970843
7.03,1.70005721,1.736312996922052,-0.2701073004043916,-0.03625578692205211,4494.170484944015,-127.66000000028134
7.035,1.6999386,1.7312326302868983,-0.2785393278884566,-0.031294030286898256,2344.7846008404413,-114.00000000037869
7.04,1.69977982,1.7277154533856385,-0.2613146756847076,-0.027935633385638425,-3126.3794677879177,-79.2900000001884
7.045,1.69956854,1.7241982764843784,-0.2423692219909071,-0.024629736484378384,-4884.967918415763,-47.699999999226435
7.05,1.69929801,1.7210718970165917,-0.2236327713243857,-0.021773887016591775,-781.5948669458189,-30.79999999980552
7.055,1.69896427,1.7165777265316482,-0.1972172658136617,-0.01761345653164814,5471.16406862378,-17.710000000737836
7.0600000000000005,1.69856408,1.7114973598964949,-0.184800314216654,-0.012933279896494954,3126.37946778515,7.309999999711977
7.065,1.69809499,1.707589385561761,-0.154027633293894,-0.009494395561761015,-2735.5820343116375,38.18000000050026
7.07,1.69756032,1.7044630060939745,-0.1131502909532421,-0.006902686093974486,-976.9935836832115,54.710000000570744
7.075,1.69696801,1.7003596330425044,-0.0892967412183065,-0.003391623042504399,-586.1961502117464,56.929999999513456
7.08,1.69632491,1.697233253574718,-0.0696208871764516,-0.0009083435747181401,-3321.77818452365,55.11999999953591
7.085,1.69563804,1.6939114753901945,-0.036905686978665,0.0017265646098054699,1172.3923004223532,49.61000000065708
7.09,1.69491478,1.689221906188514,-0.0262726416698388,0.005692873811485866,5275.765351891248,45.65000000014558
7.095,1.6941602,1.6849231344203075,-0.0013096069732548,0.009237065579692505,1563.189733891647,50.60999999955733
7.1000000000000005,1.69337954,1.681601356235784,0.0178627559840443,0.01177818376421591,-2149.385884105233,57.01000000015241
7.105,1.69258014,1.678670375484734,0.0437363199396261,0.013909764515265932,-1563.189733892367,54.99999999954525
7.11,1.6917698,1.6759347934504207,0.0555065757869877,0.015835006549579367,195.39871673828975,48.12999999927815
7.115,1.69095487,1.6730038126993705,0.0690373055436881,0.017951057300629625,-976.9935836837783,44.77000000093969
7.12,1.69014056,1.6706590280985305,0.0805734088292624,0.019481531901469396,-1172.3923004206463,44.44000000091967
7.125,1.68933252,1.6681188447809538,0.0994078719296467,0.021213675219046157,2344.7846008410106,41.439999999399106
7.13,1.68853659,1.6647970665964305,0.1131422809034563,0.02373952340356955,1953.987167367271,36.409999999584095
7.135,1.68775753,1.6628430794290636,0.1215773278654444,0.02491445057093644,-976.9935836842255,34.109999999989256
7.140000000000001,1.68699933,1.6606936935449603,0.1328626802964823,0.026305636455039583,-1367.7910171576452,34.190000000088034
7.1450000000000005,1.68626631,1.659130503811067,0.1439262187031335,0.027135806188932854,-781.5948669462703,33.02000000076964
7.15,1.68556289,1.657371915360437,0.1537248203612909,0.028190974639562993,586.1961502111773,30.010000000119334
7.155,1.68489305,1.6556133269098068,0.1636390069353688,0.02927972309019311,1172.3923004203632,26.149999998780203
7.16,1.68426029,1.6540501371759135,0.1725899840182733,0.030210152824086567,-195.39871673772245,20.819999999731323
7.165,1.68366776,1.6528777448754937,0.1793470814670078,0.03079001512450641,-1172.3923004206474,14.480000000958825
7.17,1.68311768,1.6519007512918102,0.1797197876000545,0.031216928708189817,-195.39871673573248,9.689999999978312
7.175,1.68261126,1.65072835899139,0.1854730771247295,0.03188290100861013,1172.392300420189,6.10999999962138
7.18,1.68214954,1.649751365407707,0.1904010658032353,0.032398174592292994,976.993583683071,0.6800000002568254
7.1850000000000005,1.68173324,1.64896977054076,0.1911229028911225,0.032763469459240024,-586.1961502097028,-6.319999999943889
7.19,1.68136198,1.6487743718240233,0.1867806477088086,0.03258760817597661,-1172.3923004202068,-11.810000000293797
7.195,1.68103438,1.6485789731072868,0.1845076347347665,0.0324554068927132,-195.3987167371534,-14.830000000075188
7.2,1.68074868,1.6483835743905502,0.1810917307495681,0.03236510560944983,195.39871673658504,-16.449999999679903
7.205,1.68050287,1.6483835743905502,0.1787958815238022,0.032119295609449816,0.0,-17.299999999807625
7.21,1.68029481,1.6483835743905502,0.1749790283888576,0.03191123560944975,-195.39871673658504,-17.36000000022463
7.215,1.68012226,1.6485789731072868,0.1725438459574069,0.03154328689271324,5.684341886080801e-10,-16.930000000173337
7.22,1.67998307,1.6487743718240233,0.1702041475398145,0.031208698175976712,390.7974334737213,-16.86999999976595
7.225,1.67987519,1.64896977054076,0.1679792334390537,0.03090541945923997,-390.79743347391866,-17.739999999842354
7.23,1.67979653,1.6495559666909705,0.1637919466668533,0.030240563309029467,-781.5948669470366,-18.880000000070723
7.235,1.67974479,1.6499467641244434,0.158985593132265,0.029798025875556577,195.39871673693864,-19.110000000343433
7.24,1.67971745,1.650337561557917,0.1564341068383592,0.029379888442083057,586.1961502106077,-18.670000000327846
7.245,1.67971218,1.65072835899139,0.1538816575987349,0.02898382100861019,2.844160462700529e-10,-18.399999999588417
7.25,1.67972672,1.6513145551416004,0.1485836760389431,0.02841216485839948,-390.79743347402274,-17.80999999965691
7.255,1.67975869,1.6519007512918102,0.1453350911535763,0.027857938708189867,195.39871673648085,-16.610000000416882
7.26,1.67980594,1.6524869474420203,0.1419230102853579,0.02731899255797976,390.7974334736343,-15.58000000017114
7.265000000000001,1.67986651,1.6530731435922303,0.1383506365573562,0.026793366407769748,-781.5948669469433,-14.949999999766739
7.27,1.6799385,1.6540501371759135,0.1329099243219328,0.025888362824086464,-586.1961502106946,-14.339999999893354
7.275,1.68002006,1.6546363333261238,0.1295132024665977,0.025383726673876117,586.1961502098831,-13.639999999953172
7.28,1.68010945,1.6552225294763336,0.1260945619425579,0.024886920523666367,1.015564521367196e-09,-12.930000000037001
7.285,1.680205,1.65600412434328,0.1217068499086058,0.024200875656720022,-195.39871673658496,-12.299999999641463
7.29,1.68030515,1.6565903204934902,0.1182977580146741,0.023714829506509716,586.1961502089024,-11.619999999937194
7.295,1.6804084,1.6571765166437002,0.1142601977165504,0.023231883356299665,2.842170943040461e-10,-10.52000000072484
7.3,1.6805133,1.657958111510647,0.1103927148342734,0.022555188489353117,-781.5948669463402,-9.120000000280386
7.305,1.68061864,1.6587397063775935,0.1065201308654056,0.02187893362240656,-6.378897410286436e-10,-7.909999999923869
7.31,1.68072338,1.6593259025278038,0.1036348490021266,0.021397477472196336,586.1961502105383,-6.969999999738892
7.315,1.6808266,1.6599120986780134,0.100755142586252,0.02091450132198669,-390.79743347320476,-6.119999999328263
7.32,1.68092748,1.6606936935449603,0.0968648841036069,0.020233786455039704,-390.7974334736863,-5.290000000003015
7.325,1.68102531,1.6612798896951704,0.0939219284107578,0.01974542030482973,586.1961502106079,-4.470000000651636
7.33,1.68111948,1.6616706871286435,0.0920591210972339,0.01944879287135648,-2.844160462700529e-10,-3.660000000138721
7.335,1.68120948,1.6624522819955905,0.0883842097201127,0.018757198004409448,-195.39871673772203,-2.899999999783738
7.34,1.68129491,1.6628430794290636,0.0865582632208452,0.018451830570936467,390.7974334731703,-2.1999999998457263
7.345,1.68137545,1.663429275579274,0.0838732986393485,0.017946174420726102,-195.39871673596448,-1.5399999998048877
7.35,1.68145087,1.6640154717294835,0.0812330783088969,0.017435398270516433,-586.1961502091348,-0.9199999999491091
7.355,1.68152102,1.6646016678796938,0.0786232586404394,0.016919352120306153,5.85799853070057e-10,-0.3700000002045485
7.36,1.68158582,1.664992465313167,0.0769914904566571,0.016593354686833095,195.39871673598188,0.08000000008037489
7.365,1.68164527,1.6653832627466405,0.0752840010400285,0.016262007253359467,-1.4211707366484916e-09,0.49999999987452526
7.37,1.68169939,1.665774060180114,0.0736519748811143,0.015925329819885814,195.39871673686926,0.869999999224575
7.375,1.68174828,1.6659694588968506,0.0731030398472881,0.015778821103149543,195.39871673715348,1.0500000001912184
7.38,1.68179208,1.6663602563303237,0.0715124924170134,0.015431823669676215,2.842170943040461e-10,1.110000000894054
7.385,1.68183092,1.6665556550470606,0.0706670266222539,0.015275264952939294,-390.7974334717838,1.2499999999705018
7.390000000000001,1.68186494,1.6669464524805335,0.0689932715448945,0.014918487519466561,-390.79743347430696,1.5399999998049871
7.395,1.6818943,1.6671418511972709,0.068550667065594,0.014752448802729079,390.7974334708964,1.849999999878147
7.4,1.68191922,1.6671418511972709,0.069168701050415,0.014777368802729063,390.7974334743417,1.919999999700016
7.405,1.68193996,1.6673372499140071,0.0685499670625105,0.014602710085992898,1.4210854715202306e-09,1.5200000004241083
7.41,1.68195677,1.6673372499140071,0.0689185954302299,0.014619520085992876,-195.39871673686926,0.14000000049918526
7.415,1.68196982,1.6675326486307438,0.0673364071776347,0.014437171369256152,-195.39871673686926,-4.000000000417177
7.42,1.68197911,1.6675326486307438,0.0667974812682914,0.014446461369256314,195.39871673658504,-11.370000000568355
7.425,1.68198402,1.6675326486307438,0.0608021145858755,0.014451371369256227,195.39871673658504,-17.94999999987189
7.43,1.68198224,1.6675326486307438,0.0475735984920374,0.014449591369256165,0.0,-29.079999999617673
7.435,1.68197119,1.6675326486307438,0.047728636118673,0.014438541369256264,0.0,-65.95000000031641
7.44,1.68194821,1.6675326486307438,0.0246018829513554,0.014415561369256258,-195.3987167366024,-123.90000000011258
7.445,1.68190225,1.6675326486307438,-0.0441857240658759,0.014369601369256246,-195.39871673658504,-169.74999999946385
7.45,1.68181107,1.6675326486307438,-0.0964364898668269,0.014278421369256167,-5.684341886080801e-10,-209.06000000025855
7.455,1.6816533,1.6673372499140071,-0.1020942474360217,0.014316050085992904,-586.1961502103236,-282.2500000002159
7.46,1.68140107,1.6673372499140071,-0.229509959263253,0.014063820085992829,-781.5948669454875,-417.7099999998467
7.465,1.68101528,1.6669464524805335,-0.2264513745221417,0.014068827519466476,195.39871673715334,-577.2700000003073
7.47,1.68043596,1.6663602563303237,-0.1586026861388385,0.014075703669676365,781.5948669451859,-616.8699999996576
7.475,1.67957048,1.6655786614633772,-0.1850389460978146,0.013991818536622791,195.39871673635287,-467.69999999939137
7.48,1.67833847,1.6647970665964305,-0.2177070180252398,0.013541403403569463,-781.5948669451858,-293.8300000003651
7.485,1.67670203,1.6640154717294835,-0.1942034193351401,0.012686558270516457,-586.1961502102889,-270.690000000543
7.49,1.6746409,1.6628430794290636,-0.2433980703776515,0.011797820570936368,390.7974334720327,-352.72999999990907
7.495,1.6721161,1.661475288411907,-0.290642944265208,0.010640811588092935,586.196150210892,-399.6200000000449
7.5,1.66907256,1.6599120986780134,-0.335583317730735,0.009160461321986668,195.39871673800616,-352.7499999990059
7.505,1.66545996,1.6583489089441203,-0.3796798379793625,0.007111051055879614,-195.3987167376353,-208.56999999956906
7.51,1.66123383,1.6565903204934902,-0.4223626029941232,0.004643509506509824,-781.5948669480449,-47.69000000210053
7.515000000000001,1.65638086,1.6548317320428605,-0.3838684596649074,0.0015491279571395733,-1172.3923004186754,-22.069999999355787
7.52,1.65091614,1.6526823461587568,-0.4452105598258551,-0.0017662061587566669,-781.5948669458833,-115.78999999874623
7.525,1.64483111,1.65014216284118,-0.4993707059227724,-0.005311052841180164,976.9935836818755,-166.1000000021354
7.53,1.63809742,1.6470157833733936,-0.5464519123884559,-0.008918363373393579,2735.582034313155,-128.68000000048414
7.535,1.63069492,1.6434986064721333,-0.5890145413097138,-0.012803686472133258,195.3987167374379,-35.70999999823334
7.54,1.62261157,1.6405676257210835,-0.6330129829696362,-0.017956055721083608,-2540.1833175767424,136.07000000007747
7.545,1.61384361,1.6376366449700333,-0.6751347616919693,-0.023793034970033267,976.9935836837783,347.64999999909105
7.55,1.60442288,1.6335332719185631,-0.6211187767166494,-0.029110391918563128,2149.3858841041406,458.0500000025936
7.555,1.59441325,1.6300160950173033,-0.6803746911620251,-0.035602845017303375,-1953.9871673664938,383.3100000024526
7.56,1.583879,1.6268897155495166,-0.6485352397688257,-0.04301071554951652,-586.1961502113834,232.65999999569408
7.565,1.57286189,1.6227863424980462,-0.7901207833560113,-0.04992445249804622,2344.7846008385336,258.2199999959089
7.57,1.56136324,1.6186829694465763,-0.8118781227087326,-0.05731972944657637,-3.311129148642067e-10,478.26000000170166
7.575,1.54942219,1.615361191262053,-0.7650700779070786,-0.06593900126205288,-195.39871673601817,605.1100000022118
7.58,1.53713382,1.6112578182105828,-0.8045907421170811,-0.0741239982105828,781.5948669471918,556.9900000006332
7.585,1.52457241,1.6077406413093227,-0.8379125925016809,-0.08316823130932272,-586.1961502100382,541.3899999999446
7.59,1.51179585,1.6044188631247993,-0.8653838804190955,-0.09262301312479937,-586.1961502086172,652.8300000016682
7.595,1.49886954,1.6007062875068023,-0.8867366687420077,-0.10183674750680227,7.830180948076471e-10,747.240000002289
7.6,1.48589072,1.5975799080390158,-0.9356151599180448,-0.11168918803901584,586.1961502070243,688.789999995797
7.605,1.47296641,1.5936719337042826,-0.9938755309338686,-0.12070552370428267,-586.1961502119342,566.51999999532
7.61,1.46016567,1.5907409529532324,-0.961379354863934,-0.13057528295323229,-1563.18973389181,493.93000000212254
7.615,1.44755181,1.5872237760519723,-0.9800814997529016,-0.1396719660519723,1172.3923004209291,446.8100000022654
7.62,1.43518722,1.5833158017172388,-0.9952045688337744,-0.14812858171723886,-2.856950231944211e-10,414.06000000053245
7.625,1.42311967,1.579798624815979,-1.0106258863167683,-0.15667895481597904,-2930.9807510499113,385.9600000021287
7.63,1.41140218,1.5764768466314556,-1.1007483905321092,-0.16507466663145554,1758.5884506299171,321.5999999993312
7.635,1.40008405,1.571396479996302,-1.1267546971272238,-0.17131242999630203,4884.967918415647,255.91999999592554
7.640000000000001,1.38919651,1.567293106944832,-1.1922949609016391,-0.17809659694483182,-976.9935836835574,231.29000000197198
7.645,1.37876655,1.5637759300435718,-1.230805259749089,-0.18500938004357192,-3907.974334732605,202.25000000191858
7.65,1.36882613,1.5606495505757851,-1.2379881963513608,-0.19182342057578516,586.1961502086083,136.329999996864
7.655,1.35939846,1.5559599813741052,-1.2690228787613178,-0.1965615213741052,1758.5884506298232,65.9700000001676
7.66,1.35049329,1.5526382031895818,-1.2589665422051537,-0.20214491318958183,195.398716738289,7.480000001296958
7.665,1.34211611,1.5485348301381114,-1.2761199529496967,-0.20641872013811136,390.7974334723162,-43.969999999828815
7.67,1.33426396,1.5450176532368518,-1.296847259290688,-0.2107536932368519,-1367.7910171586511,-89.72000000028879
7.675,1.32692698,1.5416958750523284,-1.2840549214023829,-0.21476889505232832,-1563.1897338921099,-141.51999999939767
7.68,1.32009417,1.5381786981510683,-1.3104501786792195,-0.21808452815106838,781.5948669488986,-176.3799999982234
7.685,1.31374135,1.534075325099598,-1.3554397883055316,-0.22033397509959807,781.5948669455546,-167.25000000165664
7.69,1.3078424,1.530558148198338,-1.367679461084937,-0.22271574819833795,781.5948669449862,-160.83000000248762
7.695,1.30238284,1.526454775146868,-1.3661225086393467,-0.22407193514686807,-195.39871673573109,-190.70999999924516
7.7,1.2973414,1.5229375982456077,-1.3669535470653764,-0.22559619824560762,-2344.7846008395873,-236.2899999988706
7.705,1.29269062,1.5196158200610843,-1.3388440230824483,-0.2269252000610844,195.39871673601672,-290.93000000018674
7.71,1.28840046,1.515121649576141,-1.3844508619837708,-0.22672118957614096,1953.9871673669868,-340.229999999636
7.715,1.2844284,1.5112136752414076,-1.395188099142079,-0.22678527524140768,781.5948669477602,-365.5799999985895
7.72,1.28072865,1.5073057009066742,-1.4102419604589491,-0.22657705090667424,586.1961502109775,-385.450000000051
7.725,1.27725595,1.503202327855204,-1.4246000850591076,-0.225946377855204,-2540.1833175778547,-414.7400000019683
7.73,1.27396039,1.5002713471041542,-1.4378944883958285,-0.22631095710415416,-1953.9871673682633,-430.62000000099306
7.735,1.27078782,1.496167974052684,-1.4289715727210028,-0.22538015405268408,3712.5756179981117,-413.77999999918944
7.74,1.26768094,1.491478404851004,-1.3920874122834368,-0.22379746485100394,2149.385884105276,-388.11999999923523
7.745,1.26459339,1.4881566266664803,-1.4158710315966123,-0.22356323666648037,-2149.385884103288,-344.87000000014257
7.75,1.26147652,1.4846394497652204,-1.3572777900151554,-0.22316292976522045,-2149.385884103286,-263.4099999996066
7.755,1.25828454,1.481317671580697,-1.3560509472948468,-0.22303313158069704,-1172.3923004211294,-263.0899999996372
7.76,1.25500226,1.4776050959627005,-1.3733906235873252,-0.22260283596270058,1172.392300417839,-408.1300000011508
7.765000000000001,1.25159786,1.4735017229112304,-1.3899102516661452,-0.22190386291123043,2735.5820343154464,-476.0099999996238
7.77,1.24799507,1.4692029511430236,-1.4613254488168863,-0.2212078811430236,1.8619061847857665e-09,-301.7899999992459
7.775,1.24412522,1.4658811729585002,-1.4114166919478472,-0.22175595295850026,-1758.5884506324846,-98.24000000138255
7.78,1.23997894,1.4621685973405036,-1.3768611852045909,-0.22218965734050355,-781.5948669461501,-124.82000000030212
7.785,1.23556483,1.4584560217225064,-1.415201510358541,-0.2228911917225065,1.7038814803527202e-09,-319.98999999929197
7.79,1.23085563,1.45474344610451,-1.448403668194001,-0.22388781610450992,2149.3858841030033,-427.84999999854494
7.795,1.22579187,1.4504446743363033,-1.5378439193979505,-0.2246528043363034,1367.7910171557535,-287.6599999997643
7.8,1.22030515,1.4469274974350432,-1.5484103823913915,-0.22662234743504328,-3712.5756179968093,-46.900000002675824
7.805000000000001,1.21437849,1.443996516683993,-1.5001960961614873,-0.2296180266839929,-2149.3858841006163,8.130000000777727
7.81,1.20803984,1.4400885423492595,-1.53263846388504,-0.23204870234925945,2930.9807510501964,-55.70999999845799
7.815,1.20127779,1.4353989731475796,-1.6239720804380522,-0.23412118314757957,1367.7910171540823,13.14999999792417
7.82,1.19406783,1.4320771949630564,-1.5704850860801711,-0.23800936496305636,-195.3987167367302,132.65999999958058
7.825,1.18643406,1.427583024478113,-1.5993017638493283,-0.24114896447811285,390.7974334743071,136.1500000011547
7.83,1.17840227,1.4242612462935895,-1.6323131167322755,-0.24585897629358944,-1.3642420526593924e-12,120.63000000012175
7.835,1.16997996,1.420353271958856,-1.6610150676242892,-0.25037331195885604,-195.39871673573384,206.91999999969403
7.84,1.16117931,1.4170314937743325,-1.691421151451955,-0.2558521837743324,-1172.3923004186554,318.75000000214413
7.845,1.15203612,1.413709715589809,-1.657655663612124,-0.26167359558980907,-1563.189733893642,313.4400000024141
7.85,1.14260587,1.4101925386885492,-1.7051768385854822,-0.2675866686885493,-781.5948669481738,208.1199999960313
7.855,1.13292129,1.4064799630705522,-1.7470632040503458,-0.27355867307055215,1367.7910171558278,135.38999999587122
7.86,1.12299539,1.4021811913023456,-1.7825873821563505,-0.2791858013023456,2540.18331757687,130.23000000208924
7.865,1.11284359,1.3978824195341388,-1.8158736631423649,-0.28503882953413884,195.3987167374378,162.0500000019922
7.87,1.10248326,1.3943652426328788,-1.8516090816293425,-0.2918819826328787,-1172.392300419795,241.22999999975661
7.875,1.09193325,1.3904572682981455,-1.8846229653440505,-0.29852401829814545,-586.1961502094713,340.3100000019906
7.88,1.08123153,1.3869400913968852,-1.859663231213236,-0.3057085613968853,195.39871673674716,381.79000000001474
7.885,1.0704315,1.383032117062152,-1.9097180418785968,-0.31260061706215203,390.79743347214344,356.33999999605516
7.890000000000001,1.05958051,1.3793195414441553,-1.8970888559369607,-0.3197390314441553,-781.5948669464265,311.64000000200826
7.895,1.04872013,1.3758023645428952,-1.957228658958508,-0.3270822345428952,-781.5948669468911,252.4400000022626
7.9,1.03788654,1.371894390208162,-1.9500803105839977,-0.33400785020816204,586.196150208601,164.75999999656767
7.905,1.02711078,1.3679864158734285,-2.0115690119611496,-0.3408756358734286,976.9935836842601,106.06999999923741
7.91,1.01640206,1.3638830428219582,-2.0627971281214585,-0.34748098282195805,390.7974334743072,124.16000000115997
7.915,1.00576821,1.3601704672039616,-2.0529240000381663,-0.35440225720396157,195.39871673686793,154.73000000256764
7.92,0.99523314,1.3562624928692282,-2.109807230725421,-0.3610293528692282,390.7974334733835,143.640000000528
7.925,0.98481658,1.352745315967968,-2.1051591386569104,-0.36792873596796805,-586.1961502112266,115.07999999594495
7.930000000000001,0.97453451,1.3492281390667082,-2.165494822444163,-0.3746936290667082,-1953.9871673666312,73.37000000153466
7.935,0.96439953,1.3461017595989213,-2.164199526619324,-0.3817022295989213,-1172.3923004197597,-11.189999997941527
7.94,0.95442125,1.342193785264188,-2.222229795596389,-0.3877725352641881,1172.3923004191902,-98.20000000331834
7.945,0.94459043,1.3382858109294544,-2.270557333233116,-0.39369538092945444,1758.5884506302284,-89.0700000001649
7.95,0.93488217,1.3339870391612478,-2.3095020183251256,-0.3991048691612479,-390.7974334726019,-14.729999998621963
7.955,0.92529108,1.3304698622599875,-2.2947950251146207,-0.4051787822599875,-1367.7910171566646,-13.489999999763143
7.96,0.9158282,1.3263664892085176,-2.3409819914912298,-0.41053828920851765,195.39871673630094,-87.48999999952406
7.965,0.90648675,1.3222631161570475,-2.37939877687895,-0.4157763661570475,976.9935836837784,-125.96999999858252
7.97,0.89724585,1.3179643443888407,-2.409779310834917,-0.4207184943888407,390.79743347404,-101.49999999871045
7.975,0.88808995,1.3138609713373708,-2.4353239895638907,-0.42577102133737077,-195.39871673710152,-57.12000000317806
7.98,0.87900915,1.3097575982859004,-2.4561463861507,-0.4307484482859004,586.1961502095756,-2.9200000031094078
7.985,0.86999918,1.3056542252344303,-2.4731891868361178,-0.4356550452344303,1172.3923004197936,79.16000000153815
7.99,0.86106098,1.3015508521829606,-2.4874647234527223,-0.44048987218296065,-976.9935836829258,157.16000000310595
7.995,0.85221152,1.2982290739984372,-2.4653617970944497,-0.44601755399843723,-1953.9871673669868,169.61000000018566
8.0,0.8434805,1.2945164983804405,-2.4909387020691054,-0.4510359983804405,-781.594866947685,137.94999999704123
8.005,0.83488413,1.290608524045707,-2.510785485123607,-0.4557243940457071,390.79743347487897,98.75999999981912
8.01,0.82643732,1.2867005497109734,-2.546837404056681,-0.46026322971097333,2344.7846008402994,32.320000001393055
8.015,0.81815496,1.2820109805092936,-2.548708344951902,-0.46385602050929364,1172.3923004178055,-13.599999999770603
8.02,0.8100302,1.2784938036080336,-2.5631209433613003,-0.4684636036080335,-1367.7910171572316,27.229999999888605
8.025,0.80205633,1.2747812279900368,-2.5786346186688784,-0.4727248979900368,-781.5948669439242,85.30000000235259
8.03,0.79424554,1.2710686523720398,-2.659205208214983,-0.4768231123720398,-586.1961502083024,62.250000000313435
8.035,0.78661547,1.2675514754707795,-2.6658720213841427,-0.4809360054707795,-390.79743347651146,-7.710000005259872
8.040000000000001,0.77916864,1.2636435011360465,-2.670792833684803,-0.48447486113604654,195.39871673555507,-38.02000000008559
8.045,0.77189463,1.2597355268013128,-2.676096561450592,-0.4878408968013128,586.1961502111758,-44.81999999711445
8.05,0.76479179,1.2558275524665796,-2.748515237348427,-0.49103576246657965,1367.791017156664,-70.36000000014053
8.055,0.75785579,1.2515287806983728,-2.6820916986715253,-0.4936729906983728,390.797433473881,-70.40000000018154
8.06,0.75107017,1.2482070025138494,-2.7607667159092792,-0.49713683251384944,-1563.1897338932488,-18.469999999839274
8.065,0.74442859,1.244299028179116,-2.7534236353023545,-0.49987043817911603,-2149.38588410343,47.23000000012837
8.07,0.73793338,1.2411726487113293,-2.813262019360824,-0.5032392687113293,781.5948669486128,82.98000000210027
8.075,0.73159456,1.2364830795096493,-2.831401449539292,-0.5048885195096493,1758.5884506302805,40.02999999986321
8.08,0.72542865,1.232575105174916,-2.8403766061348663,-0.5071464551749161,-195.39871673906433,-69.69000000452945
8.085,0.71943668,1.228862529556919,-2.848878276023345,-0.509425849556919,1172.3923004208818,-140.63999999978375
8.09,0.71359601,1.2241729603552391,-2.832864191101505,-0.5105769503552392,2.4156968103436157e-09,-136.14999999760397
8.095,0.70788526,1.221241979604189,-2.870268358258355,-0.5133567196041889,-1563.1897338932495,-130.6600000002391
8.1,0.70229482,1.217138606552719,-2.856698300513996,-0.514843786552719,-390.7974334738808,-144.78999999980817
8.105,0.69680415,1.213621429651459,-2.8381927905005546,-0.516817279651459,-976.9935836816462,-154.25999999806695
8.11,0.69139442,1.209908854033462,-2.888711527143365,-0.518514434033462,390.7974334730346,-159.83000000036319
8.115,0.68604856,1.2056100822652551,-2.81622389873881,-0.5195615222652551,1563.1897338902704,-140.4200000038764
8.120000000000001,0.68074055,1.2015067092137852,-2.8700888807912066,-0.5207661592137852,-195.39871673700472,-110.63999999986653
8.125,0.67545866,1.1975987348790518,-2.849541806533501,-0.5221400748790518,-390.7974334730287,-115.1699999978525
8.13,0.67019279,1.193495361827582,-2.8316269521919253,-0.5233025718275821,586.1961502103236,-116.96000000001013
8.135,0.66492381,1.1893919887761115,-2.831205106325165,-0.5244681787761115,-195.3987167351637,-63.64000000005131
8.14,0.65963597,1.1854840144413783,-2.841381730252676,-0.5258480444413783,-390.79743347331186,14.269999999924003
8.145,0.65432705,1.1815760401066449,-2.9111556345329586,-0.5272489901066448,1172.3923004185156,58.959999999718605
8.15,0.64900645,1.1772772683384385,-2.8932683170240616,-0.5282708183384385,4.256196577883529e-10,53.990000001963324
8.155,0.64368265,1.1737600914371782,-2.947039185030336,-0.5300774414371782,-1953.9871673657449,8.170000000339606
8.16,0.63836319,1.1700475158191814,-2.9346972341212405,-0.5316843258191815,-390.797433475511,-49.93000000368469
8.165000000000001,0.6330446,1.1659441427677113,-2.9201039963037387,-0.5328995427677113,1367.7910171565632,-66.5700000003236
8.17,0.62771436,1.1618407697162412,-2.91072912237063,-0.5341264097162411,781.5948669480465,-18.869999998116562
8.175,0.62236297,1.1577373966647713,-2.9068244878269507,-0.5353744266647713,-781.5948669470517,41.400000000354176
8.18,0.61699339,1.1540248210467745,-2.9771113841836003,-0.5370314310467745,195.3987167364421,42.34999999980133
8.185,0.61161889,1.1499214479953044,-2.9685589059662685,-0.5383025579953044,1367.7910171562373,-6.1000000002322565
8.19,0.60624168,1.1458180749438345,-2.9619907131472267,-0.5395763949438345,-1758.5884506299753,-36.389999999714206
8.195,0.60085471,1.1426916954760478,-2.964645346765572,-0.5418369854760477,-1563.1897338908325,-22.409999997918973
8.2,0.59545313,1.1385883224245774,-2.9666876485404146,-0.5431351924245774,2149.3858841033275,17.91999999973713
8.205,0.59003404,1.1342895506563708,-2.9712416947423805,-0.5442555106563708,781.5948669434918,42.43999999594811
8.21,0.58460533,1.1307723737551107,-3.03044261626775,-0.5461670437551107,-976.9935836829661,43.190000000155585
8.215,0.5791748,1.1268643994203773,-2.9691399557460856,-0.5476895994203773,-586.1961502086187,77.85000000204636
8.22,0.57374072,1.1231518238023808,-3.042495073627065,-0.5494111038023808,-1563.1897338938188,124.11000000000554
8.225,0.56832018,1.1194392481843838,-3.062636870456896,-0.5511190681843838,-1172.3923004197954,82.29999999997874
8.23,0.56293715,1.115140476416177,-3.065968353356733,-0.552203326416177,2149.3858841055635,-23.87999999832944
8.235,0.55759429,1.110450907214497,-3.064233109894343,-0.552856617214497,3517.176901259602,-69.00999999986514
8.24,0.55227692,1.1055659392960802,-3.011336004346865,-0.5532890192960802,390.79743346981957,-11.480000003558274
8.245000000000001,0.54697325,1.1020487623948203,-3.075804283630749,-0.5550755123948203,-1563.1897338927638,70.49999999980112
8.25,0.54169102,1.09794538934335,-3.079392946221128,-0.5562543693433499,-586.196150207906,95.75000000190418
8.255,0.53644558,1.0946236111588266,-3.097375120657936,-0.5581780311588266,586.1961502106096,65.3700000001609
8.26,0.53124995,1.0907156368240931,-3.1043339319740686,-0.5594656868240931,-390.7974334727443,38.359999999855916
8.265,0.52610703,1.0875892573563064,-3.112885274548669,-0.5614822273563064,-2735.582034314606,31.93999999986349
8.27,0.52101908,1.08446287788852,-3.1201507669763475,-0.56344379788852,-195.39871673814756,-4.0299999999145655
8.275,0.51599596,1.0805549035537865,-3.129692447689917,-0.5645589435537864,2344.7846008422885,-49.66999999815985
8.28,0.51103035,1.0764515305023163,-3.117842424685811,-0.5654211805023164,-586.196150208483,-32.20000000002716
8.285,0.50610834,1.0733251510345296,-3.1429879354839074,-0.5672168110345296,-781.5948669491845,8.69999999643349
8.290000000000001,0.50123409,1.0690263792663228,-3.1462719508095263,-0.5677922892663229,976.9935836827838,13.49000000007922
8.295,0.49641197,1.065313803648326,-3.151765342413204,-0.568901833648326,195.39871673729505,22.770000001772587
8.3,0.491639,1.0614058293135928,-3.156121149989465,-0.5697668293135929,-1.425348727934761e-10,58.169999999792054
8.305,0.48692034,1.0574978549788594,-3.1483723239801447,-0.5705775149788594,-195.39871673644367,79.45000000006792
8.31,0.48226785,1.0537852793608626,-3.1570329796692502,-0.5715174293608627,-195.39871673630157,68.19000000028961
8.315,0.47769162,1.0498773050261292,-3.138323434402628,-0.5721856850261292,195.39871673743758,31.710000000020102
8.32,0.47320009,1.0459693306913955,-3.1507584770069896,-0.5727692406913956,-781.594866945345,-12.289999998671817
8.325,0.468794,1.042256755073399,-3.1587898149057616,-0.573462755073399,-195.39871673732404,-31.430000000140637
8.33,0.46446743,1.0381533820219289,-3.162350524197244,-0.5736859520219288,1953.9871673636555,-11.580000003022974
8.335,0.46021519,1.033854610253722,-3.1631512112271603,-0.573639420253722,1563.189733892583,22.150000000124408
8.34,0.45603844,1.0301420346357255,-3.139728015288983,-0.5741035946357256,-781.5948669454865,37.080000001525946
8.345,0.45194361,1.0266248577344654,-3.151721233624299,-0.5746812477344654,-2344.7846008404395,30.379999999895517
8.35,0.44793527,1.0234984782666787,-3.129672095880666,-0.5755632082666787,-976.9935836837793,17.990000000053897
8.355,0.44401634,1.019785902648682,-3.1457918139034478,-0.575769562648682,390.79743347601016,1.31000000145508
8.36,0.4401883,1.0158779283139483,-3.1197377438064917,-0.5756896283139483,-586.1961502088325,-30.430000000032805
8.365,0.43645137,1.0123607514126884,-3.1394819649661967,-0.5759093814126884,586.1961502058869,-68.53000000284123
8.370000000000001,0.43279884,1.0076711822110085,-3.145890313356494,-0.5748723422110085,2540.183317575827,-82.29000000000943
8.375,0.42921827,1.003763207876275,-3.151181916123236,-0.574544937876275,1367.7910171589383,-57.93999999852568
8.38,0.42569836,0.9994644361080682,-3.151468618074184,-0.5737660761080683,-781.5948669464818,-19.349999999890372
8.385,0.42223475,0.9965334553570182,-3.1263862918713534,-0.5742987053570182,-1758.5884506301177,-3.990000000015158
8.39,0.41882892,0.9926254810222848,-3.1362378153267616,-0.5737965610222848,-1758.5884506309703,-25.510000000182004
8.395,0.41548146,0.9898898989879716,-3.112590635810965,-0.5744084389879716,-7.102585186657961e-10,-54.74000000000004
8.4,0.41218653,0.985395728503028,-3.1530581010302408,-0.5732091985030281,976.9935836851986,-49.82999999882412
8.405,0.40893289,0.9820739503185046,-3.1248542974652165,-0.5731410603185046,781.5948669467062,-15.970000000067529
8.41,0.40571645,0.9777751785502978,-3.128988707375902,-0.5720587285502978,1367.7910171533733,7.669999997830473
8.415000000000001,0.40253921,0.9740626029323012,-3.0984235147857766,-0.5715233929323011,-586.1961502112381,5.730000000126125
8.42,0.39940271,0.9705454260310412,-3.111346093202466,-0.5711427160310412,-1953.9871673651387,-16.70999999888184
8.425,0.39630809,0.9672236478465176,-3.083141049147428,-0.5709155578465176,-195.39871673573214,-39.6100000001111
8.43,0.39325104,0.9631202747950476,-3.125514057817778,-0.5698692347950476,-586.196150210041,-40.50000000013824
8.435,0.39022282,0.9596030978937876,-3.0919526448002377,-0.5693802778937875,586.1961502107488,-37.71000000000616
8.44,0.38722183,0.9553043261255808,-3.0926387478500934,-0.5680824961255808,3321.778184523652,-39.85999999990773
8.445,0.3842429,0.9506147569239006,-3.112776225691483,-0.5663718569239007,-781.5948669470506,-17.95999999892163
8.45,0.38127737,0.9476837761728508,-3.078346801842857,-0.5664064061728509,-2344.7846008406405,10.400000000161526
8.455,0.37832847,0.9435804031213804,-3.0735568201075925,-0.5652519331213803,1953.987167364241,14.149999997883995
8.46,0.3753997,0.9394770300699106,-3.0670878224011804,-0.5640773300699106,-1.8989680938830134e-09,19.219999999661837
8.465,0.37248993,0.9361552518853872,-3.063423305099323,-0.5636653218853871,-1953.9871673667037,39.60000000106059
8.47,0.36960297,0.9326380749841272,-3.0262672898999683,-0.5630351049841272,586.1961502103213,50.480000000308905
8.475,0.3667465,0.9283393032159204,-3.027227423210389,-0.5615928032159204,-586.1961502086181,44.6699999999837
8.48,0.36392678,0.9252129237481336,-2.996920785291157,-0.5612861437481336,2.8420288344932487e-09,34.370000000764094
8.485,0.36114866,0.92071875326319,-3.0030458769862807,-0.55957009326319,2344.784600839229,20.800000000175316
8.49,0.3584158,0.9166153802117202,-2.970068367886552,-0.5581995802117201,-195.39871674019125,-4.140000001839951
8.495000000000001,0.35573078,0.9132936020271968,-2.985107499208809,-0.5575628220271968,-1367.791017155044,-34.100000000276395
8.5,0.35309083,0.9091902289757264,-2.9905571060270626,-0.5560993989757264,-586.1961502077661,-50.63999999905215
8.505,0.35048872,0.9058684507912032,-2.995572824298212,-0.5553797307912032,390.7974334728848,-46.91999999991634
8.51,0.34791777,0.9015696790229966,-2.992870780034651,-0.5536519090229965,781.5948669469096,-25.839999999988834
8.515,0.34537184,0.8978571034049997,-2.991185788430749,-0.5524852634049997,-390.79743347316844,-3.2399999998496867
8.52,0.3428497,0.894144527787003,-2.954174568654498,-0.5512948277870031,586.1961502091857,-5.779999999973654
8.525,0.3403543,0.890041154735533,-2.9589082031034257,-0.549686854735533,1172.392300420788,-25.209999999305793
8.53,0.33788338,0.8865239778342728,-2.962674536616807,-0.5486405978342728,-195.3987167363357,-23.760000000066015
8.535,0.33543032,0.8830068009330129,-2.96356477904821,-0.5475764809330128,-781.5948669488976,-0.12000000161619084
8.540000000000001,0.3329936,0.879880421465226,-2.929851222915117,-0.546886821465226,-586.1961502098651,20.26000000002037
8.545,0.33057614,0.8765586432807027,-2.938715760081341,-0.5459825032807026,-390.7974334720334,33.16000000076404
8.55,0.32818024,0.8734322638129159,-2.9083570775049528,-0.5452520238129159,-390.79743347345453,35.26000000000889
8.555,0.32581202,0.8701104856283925,-2.882957670415556,-0.5442984656283926,-586.1961502098977,19.49000000003349
8.56,0.32347646,0.8667887074438692,-2.901604077307822,-0.5433122474438692,-781.5948669450615,-2.6099999991651543
8.565,0.32117322,0.8632715305426091,-2.873866981103634,-0.5420983105426092,390.7974334725364,-21.17999999993883
8.57,0.31890175,0.8593635562078759,-2.887761177819281,-0.5404618062078759,1367.7910171536516,-28.350000001680627
8.575000000000001,0.31665713,0.8552601831564056,-2.893149880379557,-0.5386030531564057,2.2157564671942964e-10,-21.590000000075037
8.58,0.31443493,0.8515476075384089,-2.8597861718082447,-0.5371126775384089,8.525091743649682e-10,-23.829999999165253
8.585,0.3122354,0.8474442344869388,-2.867872643072828,-0.5352088344869388,976.9935836827839,-41.909999999952724
8.59,0.31005441,0.8433408614354688,-2.870074827838513,-0.5332864514354688,-781.5948669461987,-52.1899999999701
8.595,0.3078842,0.8398236845342087,-2.870966490373357,-0.5319394845342087,-1563.189733892824,-47.590000000038074
8.6,0.30571828,0.8357203114827386,-2.8658179598460736,-0.5300020314827386,-390.797433473454,-43.190000000026345
8.605,0.30355134,0.8316169384312686,-2.859509431349057,-0.5280655984312685,781.5948669481871,-50.93999999914611
8.61,0.30137895,0.8271227679463251,-2.849569263413956,-0.5257438179463252,2540.183317576472,-56.44999999996099
8.615,0.29919363,0.822433198744645,-2.866131694557254,-0.5232395687446451,1563.189733890272,-28.18000000168211
8.620000000000001,0.29698548,0.8183298256931749,-2.848993523068129,-0.5213443456931749,-1172.392300420648,20.07999999988332
8.625,0.29475462,0.814812648791915,-2.806009793503809,-0.520058028791915,-976.9935836823562,36.75000000090152
8.63,0.29250969,0.8109046744571815,-2.801394675837393,-0.5183949844571816,-1172.3923004196504,18.840000000182997
8.635,0.29025439,0.807582896272658,-2.7984560017106794,-0.517328506272658,-1563.189733893533,4.209999999887664
8.64,0.28798833,0.8038703206546614,-2.7920393564337127,-0.5158819906546613,1367.7910171569476,4.579999999805587
8.645,0.28571178,0.7995715488864547,-2.781409039129989,-0.5138597688864546,1563.1897338942435,9.650000000114307
8.65,0.28342561,0.7956635745517212,-2.7715559054801315,-0.5122379645517212,-1172.392300419368,17.950000001009002
8.655,0.28113137,0.7921463976504612,-2.762710275340193,-0.5110150276504613,-195.3987167379659,35.34999999991814
8.66,0.27883118,0.7878476258822544,-2.749154570464865,-0.5090164458822544,586.1961502074514,52.949999998226616
8.665000000000001,0.27653111,0.7841350502642577,-2.7083876397284543,-0.5076039402642576,-586.1961502095023,49.87000000006743
8.67,0.27424039,0.7802270759295242,-2.7048702810652903,-0.5059866859295242,390.79743347445054,29.67000000087088
8.675,0.27196395,0.7761237028780542,-2.697346430339844,-0.5041597528780541,1758.588450630261,18.819999999914018
8.68,0.26970311,0.7722157285433208,-2.68853457998921,-0.5025126185433207,390.7974334741648,28.33000000002687
8.685,0.26745956,0.768503152925324,-2.679152424565713,-0.5010435929253241,-2149.3858841030024,41.660000000797
8.69,0.26523816,0.7655721721742741,-2.6450360496024263,-0.5003340121742741,-781.5948669483205,36.75999999989345
8.695,0.26304627,0.7616641978395406,-2.641866701405142,-0.4986179278395406,-2.256683728774078e-09,16.869999998477624
8.700000000000001,0.2608872,0.7581470209382805,-2.6377568366801163,-0.4972598209382805,-2149.3858841029946,2.5700000001409933
8.705,0.25876084,0.7548252427537571,-2.632608506365512,-0.49606440275375707,1172.3923004199373,-1.0499999992311757
8.71,0.2566671,0.7499402748353403,-2.618488193353953,-0.49327317483534033,3126.379467786072,-1.6200000001377646
8.715,0.25460584,0.7458369017838703,-2.6073868557415545,-0.49123106178387027,-586.1961502093282,-2.4699999999454576
8.72,0.25257681,0.7421243261658735,-2.59773434101583,-0.48954751616587355,-195.3987167358756,-3.329999999835067
8.725,0.25057965,0.7378255543976668,-2.5848849089000585,-0.48724590439766685,976.9935836837773,-3.9200000000512745
8.73,0.24861386,0.7341129787796701,-2.574451906366892,-0.4854991187796701,-586.1961502093285,-1.6699999994790602
8.735,0.24667894,0.7305958018784101,-2.5645872575062088,-0.4839168618784101,-1367.791017157064,7.94999999994036
8.74,0.24477433,0.7268832262604134,-2.5533823800882907,-0.4821088962604133,-1953.9871673687715,18.479999998675765
8.745000000000001,0.24290204,0.72356144807589,-2.518979622783667,-0.4806594080758899,1172.3923004214582,16.73000000009492
8.75,0.24106617,0.7190672775909466,-2.510874569099419,-0.4780011075909466,3126.379467788913,7.130000000721623
8.755,0.23926743,0.7147685058227398,-2.5014607073132717,-0.47550107582273976,-2149.3858841045685,-3.3300000000473915
8.76,0.23750611,0.7118375250716897,-2.472673944125157,-0.47433141507168974,-2344.7846008417223,-18.919999999981314
8.765,0.23578224,0.7073433545867464,-2.4905046384607057,-0.4715611145867463,2149.385884103858,-29.070000000005905
8.77,0.23409082,0.7030445828185395,-2.4749925153516887,-0.4689537628185395,976.99358368463,-22.45000000005693
8.775,0.23242755,0.6989412097670694,-2.459865529391203,-0.4665136597670694,-390.7974334720328,-11.439999999467716
8.78,0.23079123,0.6948378367155994,-2.4444319443996565,-0.4640466067155994,976.9935836822585,-6.559999999939734
8.785,0.22918091,0.6905390649473927,-2.4277089839193766,-0.46135815494739274,390.7974334708257,-4.530000000997703
8.790000000000001,0.2275959,0.6868264893293958,-2.413503505256513,-0.45923058932939587,-390.79743347207227,-0.6200000000504673
8.795,0.22603576,0.6831139137113991,-2.398985340789717,-0.45707815371139904,195.39871673772086,8.570000000390081
8.8,0.2245003,0.6794013380934025,-2.384128216132463,-0.45490103809340254,-1953.9871673684083,17.91000000000804
8.805,0.22299148,0.6762749586256158,-2.3520276286813195,-0.4532834786256158,-2540.1833175773104,15.400000000092888
8.81,0.221513,0.6727577817243556,-2.34411640556796,-0.45124478172435567,1953.9871673695461,3.0900000005120063
8.815,0.22006598,0.6680682125226756,-2.3288091552428583,-0.44800223252267557,2344.784600841539,-5.709999999957304
8.82,0.2186494,0.6643556369046788,-2.3165191835306587,-0.4457062369046788,-390.7974334760993,-6.2900000010299095
8.825000000000001,0.21726235,0.6604476625699455,-2.3035537546629943,-0.4431853125699455,195.3987167364662,-0.3200000000587693
8.83,0.21590379,0.656539688235212,-2.2902595852103538,-0.440635898235212,1.8475532215234125e-09,6.130000000546119
8.835,0.2145743,0.653022511333952,-2.260013307025857,-0.43844821133395195,-1758.5884506301168,2.4400000000214845
8.84,0.21327585,0.6495053344326919,-2.253960690589726,-0.4362294844326919,-195.39871673793425,-8.090000000038543
8.845,0.21200796,0.6457927588146952,-2.245433088550058,-0.4337847988146952,2540.183317576884,-9.93000000004703
8.85,0.21076802,0.6414939870464884,-2.2328150011904127,-0.4307259670464884,-195.39871673488062,-4.329999999975271
8.855,0.20955524,0.6385630062954383,-2.207160161413233,-0.42900776629543824,-2149.3858841020087,-5.059999999552858
8.86,0.20837037,0.6350458293941783,-2.2025677649928053,-0.4266754593941783,586.1961502087593,-9.220000000044834
8.865,0.20721181,0.6311378550594449,-2.1941376140287128,-0.42392604505944487,-2.5636381906224415e-09,-8.990000000857648
8.870000000000001,0.20607784,0.6280114755916582,-2.16874077395919,-0.42193363559165814,-390.79743347210905,-10.49999999990419
8.875,0.20496845,0.6241035012569247,-2.1632279920800563,-0.41913505125692474,1172.392300421854,-13.319999999517606
8.88,0.20388144,0.620390925638928,-2.1561964157132945,-0.416509485638928,-781.5948669477609,-11.730000000085965
8.885,0.20281466,0.6170691474544047,-2.129675146129522,-0.41425448745440463,-1563.189733893888,-13.840000000016744
8.89,0.20176785,0.6133565718364078,-2.124906919874131,-0.4115887218364078,781.5948669474761,-22.7899999999442
8.895,0.20073871,0.6092531987849378,-2.115706759058166,-0.4085144887849378,1367.7910171565927,-28.35000000004697
8.9,0.19972323,0.6053452244502044,-2.105605511900873,-0.4056219944502044,586.1961502110347,-27.419999999695296
8.905,0.19871781,0.601437250115471,-2.0942945393864028,-0.402719440115471,-586.1961502095149,-24.829999999946622
8.91,0.19771923,0.5977246744974742,-2.0832909136320352,-0.4000054444974742,-781.5948669494092,-20.800000000705708
8.915000000000001,0.19672454,0.5942074975962143,-2.0729248701037446,-0.39748295759621427,1367.7910171573296,-11.510000000067777
8.92,0.19573102,0.5899087258280075,-2.058513539761813,-0.3941777058280075,195.39871673949844,-1.5299999996183056
8.925,0.1947381,0.5867823463602206,-2.0295146790534866,-0.3920442463602206,-2540.183317576954,-2.6599999999280257
8.93,0.19374709,0.5832651694589607,-2.02443207848846,-0.38951807945896066,-781.5948669477609,-13.170000000038222
8.935,0.19275696,0.5793571951242272,-2.015715780117592,-0.38660023512422725,2149.3858841047095,-17.919999999663368
8.94,0.19176478,0.5752538220727572,-2.0047025754893686,-0.38348904207275725,2149.3858841034657,-9.909999999917769
8.945,0.19076795,0.5711504490212871,-1.9926746234150765,-0.38038249902128707,-1367.7910171586936,1.0499999992310691
8.950000000000001,0.18976617,0.5680240695535003,-1.963836323213689,-0.37825789955350025,-3321.778184523058,-1.5700000000900332
8.955,0.18876116,0.5643114939355037,-1.958597309134578,-0.37555033393550374,-781.5948669461992,-19.849999999586935
8.96,0.18775231,0.5602081208840336,-1.9493890339421944,-0.37245581088403357,2149.3858841039278,-35.11999999997205
8.965,0.18673502,0.5555185516823535,-1.95654294610938,-0.36878353168235356,2735.582034313685,-31.289999999978356
8.97,0.18570335,0.5510243811974102,-1.9364847499564977,-0.36532103119741016,586.1961502095428,-15.22999999998948
8.975,0.18465441,0.54692100814594,-1.9192045527551247,-0.36226659814594003,-1172.3923004198662,-3.3200000000375667
8.98,0.183588,0.5432084325279433,-1.904842247734005,-0.3596204325279433,390.79743347480417,2.9000000003879904
8.985,0.1825041,0.5391050594764732,-1.8889783356466243,-0.35660095947647324,390.79743347355225,12.44999999994544
8.99,0.18140294,0.5355878825752132,-1.876127508544096,-0.35418494257521316,-3321.7781845253294,20.489999999178103
8.995000000000001,0.18028699,0.5324615031074265,-1.8442503196328064,-0.3521745131074264,-2149.385884102059,12.690000000100653
9.0,0.17916062,0.528553528772693,-1.836330458411496,-0.349392908772693,3517.1769012608047,-0.18999999959182645
9.005,0.17802357,0.5236685608542763,-1.8427615959373,-0.34564499085427625,2540.183317575747,3.4399999999477515
9.01,0.17687373,0.5199559852362795,-1.8056108362982024,-0.3430822552362795,-1758.5884506298344,12.800000000049295
9.015,0.17571365,0.5162434096182827,-1.7962257279685327,-0.34052975961828275,-390.79743347267265,12.359999999987622
9.02,0.17454571,0.5123354352835494,-1.7848908167392668,-0.33778972528354945,1367.7910171569479,13.799999999975615
9.025,0.17337003,0.508427460948816,-1.7726102816299394,-0.33505743094881596,-976.9935836840607,21.030000000018333
9.03,0.17218892,0.5053010814810293,-1.7427619738010125,-0.3331121614810293,-976.9935836839185,20.879999999970412
9.035,0.17100651,0.5015885058630325,-1.736496286159119,-0.3305819958630325,1172.3923004219264,16.410000000420396
9.04,0.16982439,0.4978759302450357,-1.7281500751181211,-0.3280515402450357,-195.39871673584526,16.520000000031434
9.045,0.16864397,0.494749550777249,-1.7005805509514749,-0.32610558077724905,-1563.1897338960243,12.769999999129093
9.05,0.16746853,0.491232373875989,-1.6964735721092188,-0.323763843875989,-390.7974334734241,2.0499999999775618
9.055,0.16629893,0.4877151969747289,-1.6895739463892714,-0.3214162669747289,976.9935836844882,-4.4499999995649375
9.06,0.16513411,0.4838072226399955,-1.6784318700471914,-0.3186731126399955,781.5948669465532,-3.519999999923801
9.065,0.16397344,0.4800946470219988,-1.6664496858650273,-0.31612120702199875,-586.1961502098243,1.2200000000461593
9.07,0.16281668,0.4765774701207387,-1.654120524045674,-0.3137607901207387,-1367.7910171549574,8.660000000251891
9.075,0.16166398,0.4726694957860053,-1.6390014563318456,-0.3110055157860053,-390.79743347316474,11.359999999930636
9.08,0.16051746,0.4689569201680086,-1.6065927464141312,-0.3084394601680086,1563.1897338901354,4.709999999299413
9.085,0.15937921,0.4640719522495918,-1.6085390187367488,-0.3046927422495918,-1.6202648112084717e-09,3.4200000000922017
9.09,0.15824781,0.4605547753483318,-1.5929804863855308,-0.3023069653483318,-1367.7910171559543,15.090000000395776
9.095,0.15712384,0.4558652061466516,-1.555418161966207,-0.2987413661466516,1758.5884506311127,24.41999999993275
9.1,0.15601115,0.4513710356617082,-1.5409047725299478,-0.29535988566170823,2540.183317577383,21.960000000015675
9.105,0.15491296,0.4466814664600281,-1.5077724927870455,-0.2917685064600281,-1172.392300421073,11.580000000020682
9.11,0.1538319,0.4431642895587681,-1.5011004545292126,-0.28933238955876805,-2930.9807510506243,-0.4500000000719524
9.115,0.15276853,0.439060916507298,-1.4896893125713773,-0.286292386507298,390.797433475586,-6.049999999629364
9.12,0.15172164,0.4347621447390912,-1.4758226717773135,-0.2830405047390912,2735.5820343131536,-1.6599999999249206
9.125,0.1506901,0.4300725755374112,-1.458961600953074,-0.2793824755374112,-390.79743347644325,3.519999999230258
9.13,0.14967432,0.4265553986361511,-1.4311917591365366,-0.2768810786361511,-1953.9871673656792,-4.200000000043396
9.135,0.14867601,0.422452025584681,-1.4208441069699949,-0.273776015584681,1367.7910171579429,-18.24999999961196
9.14,0.14769346,0.4181532538164743,-1.4237177784852788,-0.2704597938164743,1563.1897338925385,-16.5399999999322
9.145,0.14672206,0.4142452794817409,-1.4067848015709803,-0.2675232194817409,-1563.1897338929625,-1.519999999981458
9.15,0.14576081,0.4109235012972175,-1.3774051760213606,-0.2651626912972175,-976.9935836824275,5.219999999912638
9.155,0.14481171,0.407015526962484,-1.3659222731812102,-0.26220381696248396,781.5948669466234,3.389999999967607
9.16,0.14387485,0.4033029513444874,-1.3545212289839337,-0.2594281013444874,195.3987167371528,3.240000000346271
9.165,0.14295018,0.3997857744432273,-1.3274703843249809,-0.25683559444322734,-195.3987167370468,0.1600000000500117
9.17,0.14203897,0.3960731988252306,-1.3189728285015412,-0.25403422882523063,-586.1961502122078,-8.300000000645142
9.175,0.14114071,0.3927514206407071,-1.3107588303426687,-0.2516107106407071,-390.7974334727121,-12.390000000043663
9.18,0.14025333,0.3890388450227104,-1.2994852143939783,-0.2487855150227104,1.635271473787725e-09,-8.34999999966611
9.185,0.139375,0.3853262694047136,-1.287165171105374,-0.2459512694047136,-195.39871673651288,-4.810000000006632
9.19,0.13850554,0.3818090925034536,-1.2595582268697632,-0.24330355250345356,976.993583682924,-6.059999999994421
9.195,0.1376447,0.3775103207352469,-1.263025435373587,-0.23986562073524687,390.79743347380867,-5.579999999678808
9.2,0.13679079,0.3741885425507235,-1.2344587790484522,-0.23739775255072348,-1367.7910171570925,-3.610000000020502
9.205,0.13594375,0.3702805682159901,-1.222755560327659,-0.2343368182159901,-195.39871673903448,-4.700000000585877
9.21,0.1351035,0.3665679925979933,-1.2108527071388653,-0.2314644925979933,1563.1897338940335,-2.7699999999825202
9.215,0.13426854,0.3622692208297866,-1.195079718253484,-0.22800068082978658,976.9935836849852,3.170000000291907
9.22,0.13343897,0.3587520439285265,-1.16744482940322,-0.2253130739285265,-390.7974334734541,2.600000000008091
9.225,0.1326163,0.3550394683105298,-1.1578707785767324,-0.2224231683105298,-390.7974334735266,-3.540000000032748
9.23,0.13180037,0.3517176901260064,-1.1486092658231069,-0.2199173201260064,-195.39871673701268,-3.1299999999845163
9.235,0.13098963,0.3482005132247464,-1.1371773885177567,-0.21721088322474638,-976.9935836830657,2.830000000031397
9.24,0.13018416,0.3450741337569596,-1.1121139198233472,-0.21488997375695962,-781.5948669448464,2.3800000002081347
9.245,0.1293854,0.3415569568556995,-1.1035131678015415,-0.21217155685569947,976.9935836828586,-3.4600000000074047
9.25,0.12859317,0.3378443812377029,-1.0922904926139176,-0.20925121123770288,195.3987167337125,-4.280000000526883
9.255,0.12780599,0.3343272043364428,-1.0806909746976927,-0.2065212143364428,-2540.183317577096,-3.4500000000249003
9.26,0.12702394,0.3310054261519194,-1.054989292000307,-0.2039814861519194,195.39871673686918,-7.919999999686317
9.265,0.12624712,0.3267066543837126,-1.0562460872907429,-0.2004595343837126,3712.5756179967866,-7.759999999930523
9.27,0.12547302,0.3220170851820326,-1.0357225097372318,-0.1965440651820326,-195.39871673534148,1.529999999956262
9.275,0.12470087,0.3188907057142458,-1.0090403800180563,-0.1941898357142458,-1758.5884506291225,5.499999999916527
9.28,0.12393265,0.314591933946039,-0.9945804274081124,-0.190659283946039,976.9935836830671,-0.259999999965272
9.285,0.12316877,0.3106839596113057,-0.9809752571688004,-0.1875151896113057,390.79743347387927,-5.179999999676415
9.29,0.12240833,0.3069713839933089,-0.9674903801442738,-0.1845630539933089,-781.5948669468066,-5.440000000015541
9.295,0.12165056,0.3030634096585755,-0.9524600936471592,-0.18141284965857546,-976.9935836856669,-4.330000000543277
9.3,0.12089488,0.2995462327573154,-0.9389818787675296,-0.17865135275731542,5.643130407406716e-10,-3.3900000000191968
9.305,0.1201408,0.2952474609891087,-0.9213728468031508,-0.1751066609891087,976.9935836847375,-2.6099999997519796
9.31,0.11938797,0.2913394866543753,-0.9055154477520518,-0.1719515166543753,586.1961502100385,-1.9399999999515298
9.315,0.1186361,0.2872361136029052,-0.8885771056783667,-0.1686000136029052,1367.791017156556,-0.11999999999919009
9.32,0.11788499,0.2833281392681718,-0.8725490733858867,-0.1654431492681718,586.196150210998,5.000000000237185
9.325,0.11713452,0.2796155636501751,-0.8574144354993081,-0.16248104365017507,-3126.379467785696,10.400000000011945
9.33,0.11638582,0.2768799816158617,-0.8340919353186068,-0.1604941616158617,-1953.9871673688085,8.809999999464013
9.335,0.11564106,0.2729720072811283,-0.8218055818744101,-0.15733094728112829,2149.3858841033207,1.3699999999886394
9.34,0.11490086,0.2688686342296582,-0.8074420323033098,-0.15396777422965818,781.594866948258,-3.6699999997403605
9.345,0.11416453,0.2653514573283982,-0.7950540281088282,-0.15118692732839822,-195.39871673623003,-4.209999999975738
9.35,0.11343148,0.2614434829936647,-0.7801224415109503,-0.1480120029936647,1367.791017156733,-2.2599999999608595
9.355,0.11270126,0.2575355086589314,-0.7647034010821961,-0.14483424865893138,-976.9935836843113,1.7999999999674365
9.36,0.11197347,0.2544091291911446,-0.7528288643431028,-0.1424356591911446,-2149.385884103997,4.229999999960784
9.365,0.11124899,0.2508919522898846,-0.72623949034585,-0.1396429622898846,781.5948669487207,2.8300000002802435
9.37,0.11052863,0.2467885792384145,-0.7249201553517305,-0.1362599492384145,1172.392300420824,2.8100000000072693
9.375,0.10981195,0.2432714023371544,-0.6971186151086598,-0.1334594523371544,-2.596323156467406e-09,4.139999999477226
9.38,0.10909979,0.239363428002421,-0.6831103828926854,-0.130263638002421,-1.4495071809506044e-10,2.0400000000035803
9.385,0.10839295,0.2358462511011609,-0.6700387930852076,-0.12745330110116088,1.2079226507921703e-09,0.23000000025425038
9.39,0.10769109,0.2321336754831642,-0.6551730960303691,-0.12444258548316418,-781.5948669473345,3.0199999999962053
9.395,0.10699403,0.2286164985819042,-0.640683258908962,-0.12162246858190419,-1563.189733893534,4.400000000011001
9.4,0.10630276,0.2250993216806441,-0.6148240471057744,-0.11879656168064409,-195.39871673594712,-1.6200000000134764
9.405,0.10561821,0.2208005499124373,-0.6098953069785461,-0.1151823399124373,1563.1897338932843,-9.630000000005278
9.41,0.1049392,0.2166971768609673,-0.5907809493536219,-0.11175797686096729,1758.5884506314692,-11.199999999718704
9.415,0.10426387,0.2122030063760238,-0.5801696956507861,-0.1079391363760238,195.39871673754004,-5.580000000000664
9.42,0.10359078,0.2084904307580271,-0.560200544468436,-0.1048996507580271,-976.9935836860249,1.95999999949224
9.425,0.10291981,0.2045824564232937,-0.5402558533417473,-0.1016626464232937,195.39871673668353,6.189999999969835
9.43,0.10225192,0.2006744820885603,-0.5210982429827773,-0.09842256208856032,586.1961502114956,6.730000000239292
9.435,0.10158799,0.1969619064705636,-0.5034243155107759,-0.0953739164705636,-781.5948669470148,6.190000000057383
9.44,0.10092881,0.1934447295693035,-0.487239094981815,-0.09251591956930351,-781.5948669468726,5.7100000000080335
9.445,0.10027514,0.1899275526680434,-0.471144392764995,-0.0896524126680434,1.8118839761882555e-09,4.570000000203528
9.45,0.09962764,0.18601957833331,-0.4531935114026359,-0.08639193833331,-781.5948669459194,2.1399999999924013
9.455,0.09898697,0.1826978001487866,-0.4381672541263863,-0.0837108301487866,-390.7974334759799,0.9799999995158117
9.46,0.09835298,0.1783990283805799,-0.4268467330625923,-0.08004604838057988,781.5948669460947,2.690000000016827
9.465,0.09772562,0.1744910540458465,-0.3976708435677933,-0.0767654340458465,976.9935836840983,3.7200000002712983
9.47,0.09710581,0.1701922822776398,-0.3861239714631488,-0.0730864722776398,1367.7910171568574,3.7899999999704264
9.475,0.09649378,0.1660889092261697,-0.3646165098735272,-0.0695951292261697,8.523670658178162e-10,6.059999999976988
9.48,0.09588985,0.1623763336081729,-0.345352840153229,-0.06648648360817291,-976.993583683192,8.810000000050486
9.485,0.09529524,0.1588591567069129,-0.327293309851874,-0.06356391670691289,390.7974334728684,9.639999999998004
9.49,0.09471116,0.1549511823721795,-0.3074353440743971,-0.0602400223721795,-195.39871673582053,9.510000000148537
9.495,0.09413881,0.1518248029043927,-0.2912585583830088,-0.057685992904392705,-1758.588450630159,9.24000000001994
9.5,0.09357938,0.1483076260031327,-0.2733271007407554,-0.05472824600313268,-390.7974334759615,8.799999999596203
9.505,0.093034,0.1447904491018726,-0.2554363322553358,-0.051756449101872604,2149.385884104071,8.169999999969988
9.51,0.09250375,0.1406870760504025,-0.2347235338182393,-0.048183326050402514,1172.3923004222102,7.3000000002389385
9.515,0.09198961,0.1373652978658791,-0.218008836484947,-0.04537568786587909,-2540.183317577542,5.830000000024739
9.52,0.09149244,0.1342389183980924,-0.2024260870352791,-0.04274647839809241,-1953.9871673677503,3.1999999999857494
9.525,0.09101294,0.1307217414968323,-0.1851543284149341,-0.0397088014968323,2149.38588410416,0.4000000000027626
9.53,0.09055128,0.1264229697286256,-0.1679278309853965,-0.0358716897286256,1953.987167367573,-0.4600000000112914
9.535,0.09010719,0.1229057928273655,-0.1497316834834235,-0.03279860282736549,-976.9935836824642,0.21000000010933206
9.54,0.08968067,0.1193886159261055,-0.1321495152210895,-0.029707945926105497,-976.9935836837587,0.11000000002977117
9.545,0.0892719,0.1158714390248454,-0.1150247406263296,-0.026599539024845395,-2.5707436179800425e-09,-1.5800000002742536
9.55,0.08888082,0.1121588634068487,-0.0974913354717393,-0.023278043406848706,-781.5948669469948,-4.6000000000266255
9.555,0.08850718,0.1086416865055886,-0.0811562818037377,-0.020134506505588595,7.80460140958894e-10,-7.649999999835096
9.56,0.08815015,0.1047337121708552,-0.0669957908957506,-0.0165835621708552,2149.385884103537,-8.520000000001083
9.565,0.08780843,0.1004349404026485,-0.046397405614949,-0.012626510402648491,390.79743347402325,-7.479999999997887
9.57,0.08748101,0.0971131622181251,-0.0308386153263663,-0.009632152218125106,-976.9935836818071,-6.819999999870035
9.575,0.08716713,0.0934005866001283,-0.014106020507119,-0.0062334566001283065,1172.3923004196245,-7.460000000020216
9.58,0.08686592,0.0896880109821316,0.0026749165387665,-0.0028220909821315976,976.9935836805622,-8.880000000229003
9.585,0.08657646,0.0865616315143449,0.0163034828592745,1.4828485655093981e-05,-976.9935836834368,-9.489999999994446
9.59,0.08629742,0.0836306507632948,0.0249869296130473,0.0026667692367051965,-781.5948669453898,-8.639999999893597
9.595,0.08602754,0.0808950687289814,0.0416812178200872,0.005132471271018596,976.9935836836182,-8.079999999992836
9.6,0.08576602,0.0779640879779314,0.0497204645895155,0.0078019320220685945,1172.3923004203093,-7.819999999992017
9.605,0.08551173,0.0756193033770913,0.0598375546542268,0.009892426622908693,-1172.392300420399,-6.630000000029959
9.61,0.08526364,0.0736653162097246,0.0680607104326269,0.011598323790275408,-1953.987167367165,-6.030000000034843
9.615,0.08502121,0.0719067277590946,0.0751076094709073,0.013114482240905403,586.1961502109459,-6.439999999870173
9.62,0.08478365,0.0695619431582546,0.0810369331876006,0.015221706841745397,1563.1897338939348,-5.379999999955155
9.625,0.08454995,0.0678033547076245,0.0887924648013516,0.016746595292375502,-195.39871673773632,-2.740000000187873
9.63,0.08431961,0.0662401649737312,0.0948957805347494,0.018079445026268806,-390.79743347330293,-0.5900000000354986
9.635,0.08409257,0.0648723739565745,0.0998671517649061,0.019220196043425508,195.39871673744676,0.6800000000596178
9.64,0.08386878,0.0635045829394178,0.1044985038703046,0.020364197060582206,-586.1961502101815,0.6800000000417672
9.645,0.08364848,0.0627229880724711,0.1093196983557665,0.02092549192752889,-195.39871673707398,-0.9399999999715938
9.65,0.08343184,0.0615505957720511,0.1081405762456259,0.02188124422794889,586.1961502099948,-1.500000000032049
9.655,0.08321836,0.0607690009051044,0.109476292586537,0.022449359094895607,1.2471446098061278e-10,-0.22000000001298758
9.66,0.08300785,0.0601828047548944,0.113045448302963,0.02282504524510559,1.0675194062059745e-10,-0.7599999999286222
9.665,0.08280071,0.0595966086046844,0.1118929993550452,0.023204101395315598,-195.3987167362937,-2.8499999999647976
9.67,0.08259659,0.0594012098879477,0.1055792781679251,0.0231953801120523,-781.5948669465567,-2.7700000001474336
9.675,0.08239477,0.059205811171211,0.1076121779380491,0.023188958828789005,-195.3987167367143,-1.8600000000625787
9.68,0.08219521,0.0590104124544744,0.1048194150178965,0.023184797545525604,586.1961502099505,-2.9199999999108943
9.685,0.08199777,0.0588150137377377,0.1021448098520173,0.0231827562622623,195.3987167366295,-4.239999999953346
9.69,0.08180185,0.0588150137377377,0.0983838286009243,0.0229868362622623,-390.79743347344544,-3.510000000020039
9.695,0.08160679,0.0590104124544744,0.0937254178200022,0.022596377545525598,-195.39871673669163,-2.039999999947727
9.7,0.08141227,0.0590104124544744,0.0944194838088658,0.022401857545525594,-390.79743347281726,-2.2799999999631635
9.705,0.08121832,0.0594012098879477,0.0877628007969007,0.0218171101120523,2.631850293255411e-10,-3.150000000129434
9.71,0.08102443,0.0594012098879477,0.0834790779887547,0.021623220112052297,781.5948669463837,-2.9500000000301965
9.715,0.08083008,0.0595966086046844,0.0835910140993774,0.021233471395315597,4.4423131839721464e-11,-3.6299999999302406
9.72,0.08063518,0.0599874060381577,0.0769005041515436,0.0206477739618423,-586.196150210057,-5.420000000011786
9.725,0.08043912,0.0603782034716311,0.0708104658168771,0.020060916528368902,-2.220588157797465e-10,-4.910000000011457
9.73,0.08024089,0.0607690009051044,0.0651156685162906,0.019471889094895597,390.7974334736142,-2.419999999974223
9.735,0.08004002,0.0611597983385777,0.0652559694560271,0.0188802216614223,3.2855496101547033e-10,-2.0699999999963836
9.74,0.07983665,0.0617459944887877,0.0581378154935929,0.018090655511212292,-390.7974334738183,-3.9799999999169327
9.745,0.07963036,0.0623321906389978,0.0516417323586915,0.017298169361002196,-195.39871673696686,-4.7899999999914264
9.75,0.07942039,0.0629183867892078,0.0457694628358759,0.01650200321079219,5.147882120581121e-10,-3.6600000001653363
9.755,0.07920616,0.0635045829394178,0.040450940190582,0.0157015770605822,7.123190925976243e-11,-1.8400000000112264
9.76,0.07898732,0.0640907790896278,0.0358366913266251,0.014896540910372194,195.3987167364253,0.030000000066390697
9.765,0.07876376,0.0646769752398378,0.0317101555925281,0.014086784760162202,195.39871673665607,1.8600000000113894
9.77,0.0785356,0.0652631713900478,0.0280502966435352,0.013272428609952203,-195.39871673664717,3.250000000010262
9.775,0.07830319,0.0660447662569945,0.0237394151071368,0.012258423743005495,-390.79743347341014,3.489999999981727
9.78,0.07806709,0.0666309624072045,0.020615264971499,0.011436127592795511,-390.7974334734012,3.6199999999998536
9.785,0.0778277,0.0674125572741512,0.0132843459639562,0.0104151427258488,195.39871673679838,6.110000000099439
9.79,0.07758528,0.0678033547076245,0.0127584886454112,0.00978192529237551,781.5948669469016,9.559999999986063
9.795,0.07734091,0.0683895508578345,0.014075336430338,0.008951359142165494,195.39871673680625,9.469999999813824
9.8,0.07709628,0.0689757470080446,0.0107848853035792,0.008120532991955406,-781.5948669469636,6.3700000000277734
9.805,0.07685238,0.0697573418749912,0.0036738371030207,0.007095038125008793,-781.5948669468022,4.850000000118687
9.81,0.07660956,0.0703435380252012,0.0012532000087382,0.006266021974798794,195.3987167368427,5.579999999989808
9.815,0.07636848,0.0707343354586746,-0.0005187423843664,0.005634144541325409,390.79743347333886,6.04999999998438
9.82,0.07612997,0.0711251328921479,-0.0025436945867254,0.0050048371078521,-390.79743347355196,5.470000000054258
9.825,0.07589479,0.0715159303256213,-0.0045813208355129,0.0043788596743787045,-4.027356226288248e-11,4.539999999982928
9.83,0.07566356,0.0717113290423579,-0.0057480407889074,0.0039522309576421055,781.5948669468885,3.6999999998690285
9.835,0.07543678,0.0717113290423579,-0.0059740996149388,0.0037254509576420958,-195.3987167372721,2.9300000000127255
9.84,0.07521487,0.0721021264758313,-0.0080042638409233,0.0031127435241687096,-586.1961502105456,2.1200000000654207
9.845,0.07499815,0.0721021264758313,-0.0081210779178653,0.002896023524168706,390.7974334735609,1.3100000000056298
9.85,0.07478683,0.0721021264758313,-0.0082228747909815,0.002684703524168705,390.7974334735609,0.5400000000045715
9.855,0.07458102,0.0721021264758313,-0.0083777281153161,0.0024788935241687043,0.0,-0.29999999999756355
9.86,0.07438075,0.0721021264758313,-0.0086764016154389,0.002278623524168702,-195.39871673664723,-1.3199999999892462
9.865,0.07418593,0.0721021264758313,-0.0091192021798999,0.0020838035241687036,-390.7974334733566,-2.8799999999496926
9.87,0.07399633,0.0721021264758313,-0.0098718427856044,0.0018942035241687055,195.39871673651726,-5.6300000000163095
9.875,0.07381156,0.0719067277590946,-0.0100295753632325,0.001904832240905402,586.196150209999,-8.79000000011874
9.88,0.07363069,0.0717113290423579,-0.0144245016912242,0.0019193609576420995,-195.39871673683044,-10.219999999986577
9.885,0.07345228,0.0717113290423579,-0.0160774152871453,0.0017409509576420956,-390.7974334736852,-9.869999999941102
9.89,0.07327504,0.0715159303256213,-0.0172818634503416,0.0017591096743787005,195.39871673668273,-9.720000000017912
9.895,0.07309787,0.0713205316088846,-0.0188637792082963,0.0017773383911153934,195.39871673693142,-10.330000000005539
9.9,0.07291951,0.0711251328921479,-0.0208681303145571,0.001794377107852102,-1.1546319456110394e-10,-10.859999999964137
9.905,0.07273861,0.0709297341754113,-0.0228982918777314,0.0018088758245886905,-1.3322676295510052e-10,-10.90999999998887
9.91,0.07255377,0.0707343354586746,-0.0248547172503336,0.0018194345413254098,-195.39871673637188,-10.549999999974077
9.915,0.07236364,0.0705389367419379,-0.0266869091753853,0.0018247032580621103,-195.3987167365043,-9.880000000016274
9.92,0.07216691,0.0703435380252012,-0.0285802856828063,0.0018233719747988014,-3.4307845453440677e-10,-9.66000000012519
9.925,0.07196241,0.0699527405917279,-0.029274719602265,0.0020096694082721023,-195.39871673690237,-11.819999999978648
9.93,0.07174905,0.0697573418749912,-0.0307149358470591,0.00199170812500879,390.79743347319675,-16.08999999990492
9.935,0.07152526,0.0691711457247812,-0.0372873751364641,0.0023541142752187966,781.5948669465267,-16.260000000026444
9.94,0.07128837,0.0687803482913079,-0.0430212854455378,0.002508021708692104,-586.196150209684,-8.12000000005169
9.945,0.0710361,0.0685849495745712,-0.0409854056358504,0.0024511504254288025,-781.5948669463756,0.3500000001289365
9.95,0.07076861,0.0681941521410979,-0.0311484032980178,0.0025744578589020906,586.1961502096243,1.5100000000439593
9.955,0.07048681,0.0676079559908879,-0.0386438344789518,0.0028788540091121,586.1961502096937,2.119999999790622
9.96,0.07019012,0.0672171585574145,-0.0370746778967504,0.0029729614425854922,-390.7974334733824,7.089999999986226
9.965,0.0698789,0.0668263611239412,-0.028053347934655,0.0030525388760587885,-586.1961502098527,9.120000000093974
9.97,0.06955502,0.0664355636904678,-0.0295980552593067,0.003119456309532198,195.39871673703792,5.789999999992389
9.975,0.06921946,0.0658493675402578,-0.0296823471049077,0.003370092459742194,781.594866946642,3.880000000009467
9.98,0.06887243,0.0652631713900478,-0.0294305526621273,0.003609258609952204,-4.794724144640444e-10,6.880000000011684
9.985,0.06851428,0.0648723739565745,-0.0296041803288322,0.0036419060434254996,-586.1961502100215,11.049999999990717
9.99,0.06814623,0.0644815765231011,-0.0216887465102998,0.003664653476898899,6.038893593091445e-10,11.090000000138435
9.995,0.06777024,0.0638953803728911,-0.0225706204043484,0.003874859627108901,1.573994268255774e-10,7.709999999989613
10.0,0.06738747,0.0635045829394178,-0.0234563650467246,0.0038828870605822075,-5.805134151159111e-10,5.8199999997125005
10.005,0.06699843,0.0629183867892078,-0.0226020879866394,0.004080043210792195,390.79743347320476,6.550000000022887
10.01,0.06660386,0.0623321906389978,-0.0209149232409,0.004271669361002199,-195.3987167361943,7.9800000001565685
10.015,0.06620467,0.0619413932055244,-0.0197771379405657,0.004263276794475593,-390.7974334730636,9.269999999990446
10.02,0.06580195,0.0613551970553144,-0.0173018405712449,0.004446752944685599,195.39871673655855,10.359999999991894
10.025,0.06539694,0.0607690009051044,-0.0145496250985955,0.004627939094895603,586.1961502099772,11.57999999999377
10.03,0.06499101,0.0601828047548944,-0.0115768991031182,0.0048082052451055984,390.7974334734452,13.679999999985512
10.035,0.0645856,0.0595966086046844,-0.0084239845499559,0.004988991395315605,-586.1961502100037,15.270000000163328
10.04,0.06418262,0.0594012098879477,-0.0025311180941978,0.004781410112052298,-390.7974334737263,13.550000000024381
10.045,0.06378433,0.0588150137377377,-0.0008333498384146,0.0049693162622623036,390.79743347279293,10.539999999697475
10.05,0.06339205,0.0584242163042644,-0.0032114193063947,0.004967833695735606,195.39871673677482,10.45999999999147
10.055,0.06300668,0.058033418870791,0.0033586249298423,0.004973261129208997,195.3987167368694,11.850000000138223
10.06,0.06262984,0.0576426214373177,0.0050095591334795,0.004987218562682305,195.39871673654955,11.859999999988545
10.065,0.06226311,0.057447222720581,0.0060666271836956,0.004815887279419007,-195.3987167364341,11.030000000023357
10.07,0.06190784,0.0572518240038443,0.0095637790735616,0.004656015996155699,-390.7974334732766,9.710000000131977
10.075,0.06156548,0.0572518240038443,0.0086114491769916,0.004313655996155699,-4.327489477873314e-10,8.039999999984992
10.08,0.06123708,0.0570564252871077,0.0090748282431371,0.0041806547128923,-2.4542590182359874e-10,6.799999999751719
10.085,0.0609235,0.0570564252871077,0.0101960961343098,0.003867074712892299,-195.3987167364421,5.52000000000028
10.09,0.0606256,0.0570564252871077,0.0093697818224065,0.003569174712892302,390.7974334734721,3.8200000001343994
10.095,0.06034397,0.056861026570371,0.0095432426799031,0.0034829434296289943,-2.8421709430405217e-10,2.500000000011923
10.1,0.06007892,0.0570564252871077,0.0080693572779736,0.0030224947128923013,-586.1961502101992,1.7899999999926735
10.105,0.05983071,0.0570564252871077,0.0078486629339316,0.0027742847128923026,1.4210854715202609e-10,1.1899999999976671
10.11,0.05959954,0.0570564252871077,0.0078155425332753,0.0025431147128923,195.39871673678044,3.9499999999927553
10.115,0.05938551,0.0570564252871077,0.0078367942127049,0.002329084712892303,0.0,21.16000000003646
10.12,0.05918865,0.0570564252871077,0.0081512937197759,0.0021322247128923028,0.0,56.030000000013516
10.125,0.05901232,0.0570564252871077,0.0457892797660792,0.0019558947128923004,0.0,88.29999999988357
10.13,0.05886741,0.0570564252871077,0.0874322100581,0.0018109847128923023,195.39871673668273,105.72999999999149
10.135,0.05876717,0.0570564252871077,0.0970810037652629,0.001710744712892301,390.79743347332106,124.79000000007542
10.14,0.05872412,0.0570564252871077,0.1464760961808848,0.001667694712892298,195.39871673684266,150.27000000001428
10.145,0.05875579,0.0572518240038443,0.1906005011712536,0.0015039659961557025,1.1544898370630108e-10,164.43000000000472
10.15,0.05888357,0.057447222720581,0.228445609395439,0.0014363472794190063,195.39871673648736,161.5500000000194
10.155,0.05912845,0.0578380201540544,0.2587744772580625,0.001290429845945601,390.79743347331225,149.64000000003284
10.16,0.05951019,0.0582288175875277,0.2829414702286434,0.0012813724124722953,-4.3519321479834616e-10,133.24999999965064
10.165,0.0600467,0.0590104124544744,0.3000021564765115,0.0010362875455256007,-2.511342245270498e-10,112.71999999997342
10.17,0.06075362,0.0597920073214211,0.3126394343356942,0.000961612678578902,195.39871673731898,81.49000000056594
10.175,0.06164379,0.0607690009051044,0.3204453154857398,0.0008747890948955991,-586.1961502101282,28.32000000002256
10.18,0.06272658,0.0621367919222611,0.3232164907585534,0.0005897880777389064,-195.39871673731307,-31.070000000223217
10.185,0.06400121,0.0633091842226811,0.298782805817191,0.0006920257773189026,976.9935836834318,-59.26000000002625
10.19,0.06545739,0.0646769752398378,0.3069318200770009,0.0007804147601622041,390.797433473703,-61.799999999990064
10.195,0.06708789,0.0664355636904678,0.3063695499270661,0.0006523263095322002,-586.1961502107766,-79.36000000076683
10.2,0.06888679,0.0683895508578345,0.2990289218068683,0.0004972391421654981,-976.9935836833906,-120.59000000002345
10.205,0.07084203,0.0705389367419379,0.2843042863687637,0.00030309325806210374,-586.1961502086046,-167.37999999855134
10.21,0.07293542,0.0726883226260413,0.2611157384112234,0.000247097373958699,976.9935836837127,-210.32999999998657
10.215,0.07514304,0.074642309793408,0.2294983532477777,0.0005007302065919983,781.5948669466158,-246.93000000067775
10.22,0.0774359,0.076987094394248,0.1860595263023519,0.0004488056057520007,-1563.1897338938265,-270.1700000000362
10.225,0.07978059,0.0797226764285614,0.128287579313256,5.7913571438597544e-05,-1172.3923004208523,-269.63000000001347
10.23,0.0821413,0.0820674610294015,0.0801110606350103,7.383897059849709e-05,1367.791017157153,-244.2000000000116
10.235,0.08448451,0.0842168469135048,0.0483117733499813,0.0002676630864952012,1172.3923004205144,-206.5400000000132
10.24,0.08678199,0.0867570302310816,0.0232054190389929,2.4959768918406122e-05,-1172.3923004211715,-169.54000000071082
10.245,0.0890106,0.0894926122653949,0.0030561982152056,-0.0004820122653949044,-1563.1897338933377,-137.1000000000447
10.25,0.09115143,0.0922281942997083,-0.0132705585835901,-0.0010767642997082938,1.6406715985795017e-09,-108.32999999851097
10.255,0.09318932,0.0943775801838117,-0.0240939185961871,-0.0011882601838116985,-195.3987167373956,-82.43999999995452
10.26,0.09511252,0.0969177635013884,-0.0349013682566149,-0.0018052435013883872,-586.1961502112121,-59.25000000077904
10.265,0.09691234,0.0988717506687551,-0.041418580231232,-0.0019594106687551016,586.1961502103231,-38.70000000002875
10.27,0.09858282,0.1006303391193851,-0.0460739123519505,-0.0020475191193850967,586.1961502101465,-20.759999999989418
10.275,0.10012041,0.1023889275700152,-0.0502086704226258,-0.0022685175700151994,-390.7974334735791,-5.310000000005516
10.28,0.10152363,0.1039521173039085,-0.0531042547077741,-0.0024284873039085025,-781.5948669466595,7.919999999970287
10.285,0.10279277,0.1055153070378019,-0.055846142107038,-0.0027225370378018976,195.39871673676305,19.149999999719967
10.29,0.10392964,0.1064923006214852,-0.0560229974268126,-0.002562660621485191,976.9935836834022,28.470000000025152
10.295,0.10493734,0.1074692942051686,-0.0563463752880647,-0.0025319542051685934,6.366462912410498e-10,36.04000000066901
10.3,0.10582,0.1084462877888519,-0.0568078240319083,-0.0026262877888519054,-390.7974334731707,42.11999999998858
10.305,0.10658259,0.1092278826557986,-0.0569158056711455,-0.0026452926557985895,390.7974334729742,46.48999999965264
10.31,0.10723075,0.1098140788060086,-0.0562034316480113,-0.002583328806008603,195.39871673654943,48.94000000002154
10.315,0.10777064,0.1104002749562186,-0.0558540505209294,-0.002629634956218596,-586.1961502101811,51.02999999994961
10.32,0.10820838,0.1109864711064287,-0.0600483381505587,-0.0027780911064286956,1.5967316358000971e-10,53.67999999992048
10.325,0.10855043,0.1111818698231653,-0.0524492150797219,-0.002631439823165299,586.1961502102856,54.750000000025864
10.33,0.10880392,0.111377268539902,-0.0553076408811551,-0.002573348539902001,6.787104211980477e-11,53.72000000017488
10.335,0.10897564,0.1115726672566387,-0.052764773556153,-0.002597027256638698,-195.39871673671024,53.2900000000252
10.34,0.10907212,0.1115726672566387,-0.0536356447514556,-0.002500547256638702,-7.111111699487083e-11,54.73999999990886
10.345,0.10909999,0.1115726672566387,-0.0497889202973127,-0.002472677256638703,195.39871673688705,56.4999999999595
10.35,0.10906627,0.111377268539902,-0.0455094186984758,-0.0023109985399019928,586.196150210146,56.909999999972484
10.355,0.10897822,0.1111818698231653,-0.0417989943274807,-0.0022036498231653018,195.3987167362831,56.340000000043716
10.36,0.10884287,0.1109864711064287,-0.0383711672366051,-0.002143601106428708,-586.1961502102524,55.12000000003306
10.365,0.10866724,0.1109864711064287,-0.0335289573156556,-0.002319231106428704,-195.39871673610546,52.18000000008385
10.37,0.10845826,0.1105956736729553,-0.0309535764241339,-0.0021374136729552934,195.39871673720427,47.94999999997455
10.375,0.10822217,0.1104002749562186,-0.0289517491779028,-0.0021781049562185906,195.3987167363501,44.29999999981709
10.38,0.10796462,0.1100094775227453,-0.0256984002791145,-0.0020448575227453025,390.797433472885,41.64000000002974
10.385,0.10769096,0.109618680089272,-0.0223644447112387,-0.0019277200892720003,-195.39871673647852,39.21000000009109
10.39,0.10740625,0.1094232813725353,-0.0199450657760986,-0.0020170313725353106,-390.79743347286814,37.19999999999661
10.395,0.10711525,0.1090324839390619,-0.0161618227553465,-0.001917233939061902,1.0658141036401503e-10,39.7999999999871
10.4,0.10682236,0.1086416865055886,-0.0133132864047209,-0.0018193265055885949,195.39871673647855,52.95999999999744
10.405,0.10653224,0.1082508890721153,-0.0020395240525866,-0.0017186490721153025,586.1961502098972,73.53000000000472
10.41,0.10625275,0.1076646929219053,0.0326197606315664,-0.0014119429219052876,390.79743347332993,95.77000000005911
10.415,0.10599489,0.1074692942051686,0.0453589662125787,-0.001474404205168603,-195.3987167369233,123.19000000000462
10.42,0.10577095,0.1070784967716953,0.0858097441764684,-0.0013075467716952976,-195.398716736925,141.64999999984553
10.425,0.10559897,0.1070784967716953,0.1461832126568651,-0.0014795267716952998,390.7974334739314,116.4399999999973
10.43,0.10550015,0.1066876993382219,0.1601917798745086,-0.001187549338221905,195.39871673722453,54.5600000001146
10.435,0.10548613,0.1068830980549586,0.139056090245503,-0.0013969680549586055,-390.7974334735431,8.759999999999081
10.44,0.10555679,0.1068830980549586,0.1224569519888725,-0.0013263080549586054,-195.39871673688705,-5.4200000000117825
10.445,0.10571093,0.1070784967716953,0.1432804874832024,-0.0013675667716953055,-7.102585186657961e-11,-24.630000000166433
10.45,0.10594963,0.1072738954884319,0.1259792168571052,-0.0013242654884318972,390.7974334732985,-62.539999999972565
10.455,0.10626795,0.1074692942051686,0.0967379895913355,-0.0012013442051685974,390.7974334734913,-93.63999999971566
10.46,0.10665404,0.1078600916386419,0.0719704964532336,-0.001206051638641889,-586.1961502101822,-104.98000000003788
10.465,0.10709465,0.1084462877888519,0.0511173799887616,-0.0013516377888519032,-586.196150210217,-104.50000000013392
10.47,0.10757638,0.1090324839390619,0.0274678022134148,-0.001456103939061898,390.79743347340116,-97.10000000000514
10.475,0.10808605,0.1094232813725353,0.0157722765137171,-0.0013372313725353024,-195.39871673654943,-84.93000000000006
10.48,0.10861215,0.110204876239482,0.005510566520921,-0.0015927262394819924,-976.9935836832985,-72.46999999998089
10.485,0.10914505,0.110791072389692,-0.0020047009749835,-0.0016460223896920118,-8.86757334228605e-11,-61.89999999998632
10.49,0.10967642,0.1111818698231653,-0.0057102635924058,-0.0015054498231653057,390.7974334731524,-52.890000000174275
10.495,0.11019918,0.1115726672566387,-0.0093074561604824,-0.001373487256638703,-195.3987167366401,-44.93000000003864
10.5,0.11070729,0.111963464690112,-0.0120798261018014,-0.0012561746901119941,2.1316282072803006e-10,-37.309999999683214
10.505,0.11119555,0.1121588634068487,-0.0135207394601343,-0.0009633134068487009,195.3987167366222,-30.49999999999406
10.51,0.11165983,0.1123542621235853,-0.0128248296466114,-0.0006944321235853035,-195.3987167367094,-26.180000000125744
10.515,0.11209685,0.112549660840322,-0.0142658703785041,-0.00045281084032200436,5.3290705182007514e-11,-23.469999999968877
10.52,0.11250354,0.112549660840322,-0.0175305097512148,-4.612084032200314e-05,390.7974334733122,-19.38000000000949
10.525,0.1128769,0.112549660840322,-0.0178935674009429,0.000327239159678,195.3987167366561,-14.870000000027375
10.53,0.11321495,0.112549660840322,-0.0146052865052561,0.0006652891596779925,-195.3987167366561,-12.960000000053526
10.535,0.11351632,0.112549660840322,-0.020845851084037,0.0009666591596780016,-195.3987167366561,-11.180000000070919
10.54,0.11377919,0.112549660840322,-0.0218628782476851,0.001229529159678,195.39871673662057,-6.299999999946522
10.545,0.11400215,0.1123542621235853,-0.0222971695871457,0.0016478878764146915,-1.7763568394002505e-11,-1.5799999998127419
10.55,0.11418508,0.1123542621235853,-0.0180224443962878,0.0018308178764146893,-195.39871673674492,0.5899999999919032
10.555,0.11432809,0.1121588634068487,-0.0264154431753016,0.0021692265931512883,195.3987167367094,3.089999999890324
10.56,0.11443104,0.111963464690112,-0.0201321563123214,0.0024675753098880038,390.79743347368526,6.509999999959888
10.565,0.11449473,0.1117680659733753,-0.0220604004417313,0.002726664026624706,-2.7557165886616685e-14,9.639999999997798
10.57,0.11452016,0.1115726672566387,-0.0235660183886353,0.002947492743361299,-586.1961502102881,12.550000000076096
10.575,0.11450858,0.1115726672566387,-0.0188139643656581,0.002935912743361302,-195.39871673690394,13.169999999990267
10.58,0.11446208,0.1111818698231653,-0.0206093434101573,0.0032802101768346914,390.79743347302974,11.219999999934686
10.585,0.11438219,0.1109864711064287,-0.0225244453344291,0.0033957188935712923,195.39871673674728,10.410000000018599
10.59,0.11426997,0.1105956736729553,-0.0227218125607215,0.0036742963270447043,3.9079850466813906e-10,11.9500000000277
10.595,0.11412678,0.1104002749562186,-0.0231826899521409,0.0037265050437814,-3.552713678808163e-11,14.839999999996579
10.6,0.11395424,0.1100094775227453,-0.0221904848765514,0.0039447624772546985,-1.065814103640679e-10,19.239999999990104
10.605,0.1137543,0.1098140788060086,-0.0214383099032869,0.0039402211939914,-1.2750213660680653e-23,23.180000000008178
10.61,0.11352973,0.1094232813725353,-0.0135147548398328,0.00410644862746469,-195.3987167366384,23.000000000018503
10.615,0.11328399,0.1092278826557986,-0.0137824500909671,0.004056107344201407,-195.3987167364429,21.180000000083638
10.62,0.11301962,0.1088370852223253,-0.0164803948356998,0.004182534777674704,5.0818016461562365e-11,22.97999999995131
10.625,0.11273885,0.1084462877888519,-0.008007097252753,0.004292562211148099,195.3987167363323,26.239999999831717
10.63,0.11244509,0.1080554903553786,-0.0050671742477542,0.004389599644621392,586.196150210074,26.9100000000648
10.635,0.11214186,0.1074692942051686,-0.0004304171530655,0.004672565794831399,195.3987167370825,26.320000000074018
10.64,0.11183238,0.1072738954884319,0.0028138324932953,0.004558484511568095,-390.7974334733656,26.209999999961077
10.645,0.11151993,0.1068830980549586,0.0071460678758348,0.0046368319450414,-195.39871673678041,27.220000000004568
10.65,0.11120781,0.1066876993382219,0.0106060916378263,0.004520110661778098,390.7974334734899,32.86000000002925
10.655,0.11089927,0.1062969019047486,0.0148133047429858,0.0046023680952513996,586.1961502101103,53.199999999995484
10.66,0.1105986,0.1061015031880119,0.0307152631540376,0.004497096811988108,-195.39871673683368,97.870000000033
10.665,0.11031274,0.1061015031880119,0.0494694148858,0.004211236811988109,-390.7974334734341,148.9099999999915
10.67,0.11005795,0.1061015031880119,0.1446554854335142,0.003956446811988104,195.39871673656975,179.18999999987417
10.675,0.10985821,0.1061015031880119,0.1519319266572488,0.0037567068119881003,195.3987167365148,197.75000000002316
10.68,0.10973477,0.1062969019047486,0.2044431788880067,0.0034378680952514007,1.2431655704858713e-10,195.9800000000817
10.685,0.10971487,0.1064923006214852,0.2831175389724185,0.0032225693785148113,390.797433473561,140.29000000001326
10.69,0.10982681,0.1068830980549586,0.2583411837814032,0.002943711945041394,390.7974334734544,77.20000000002943
10.695,0.1100787,0.1072738954884319,0.2381901608073754,0.0028048045115681014,-586.1961502107856,60.60999999970818
10.7,0.11047436,0.1082508890721153,0.2891342600261004,0.002223470927884691,-195.39871673723508,35.48999999997989
10.705,0.1110269,0.1088370852223253,0.2833266063843101,0.0021898147776747007,390.7974334740308,-33.34999999953618
10.71,0.11173803,0.1098140788060086,0.2435762960918485,0.0019239511939913995,-195.39871673661804,-89.7999999999538
10.715,0.11259496,0.1109864711064287,0.2325751160559365,0.0016084888935712915,390.79743347285046,-109.19000000019452
10.72,0.11358447,0.111963464690112,0.215553774077501,0.0016210053098880128,390.7974334731524,-119.54000000005203
10.725,0.11469308,0.1135266544240054,0.1923928462786642,0.001166425575994598,-586.196150209933,-128.93999999999824
10.73,0.11590449,0.1150898441578987,0.1702871724872082,0.0008146458421012942,-976.993583683512,-129.09999999998547
10.735,0.11720172,0.1168484326085288,0.1521349018825862,0.0003532873914711965,-781.5948669469615,-122.08999999999136
10.74,0.11856915,0.1186070210591588,0.1426218183285836,-3.787105915879774e-05,586.1961502097558,-112.90000000057992
10.745,0.11999178,0.1199748120763155,0.1204609463028434,1.69679236845105e-05,1172.392300420437,-100.40000000003697
10.75,0.12145636,0.1217334005269455,0.1339501701471314,-0.0002770405269455073,-390.79743347192533,-72.60999999887973
10.755,0.12295036,0.1234919889775755,0.1314223893984242,-0.000541628977575509,-586.1961502097943,-18.819999999973362
10.76,0.12446572,0.1256413748616789,0.1875618532970114,-0.001175654861678893,586.1961502092582,52.21999999939645
10.765,0.12600485,0.1270091658788356,0.1713531505469258,-0.0010043158788355933,-586.1961502106612,128.36000000002394
10.77,0.12757841,0.129744747913149,0.243994247993722,-0.0021663379131489913,-195.3987167373491,192.450000000077
10.775,0.12920747,0.1311125389303057,0.2689433437681652,-0.0019050689303057033,1953.9871673670762,212.6799999999646
10.78,0.13092279,0.1334573235311457,0.3080489407694329,-0.0025345335311456885,1172.3923004205753,210.45999999995632
10.785,0.13275067,0.1356067094152491,0.2932906566495444,-0.0028560394152491175,-1563.1897338946876,232.1799999992282
10.79,0.13471154,0.1387330888830358,0.2945535145324904,-0.004021548883035797,-1953.987167366943,213.87000000006822
10.795,0.13684491,0.1416640696340859,0.2131436426045003,-0.004819159634085912,586.1961502115313,115.30000000155997
10.8,0.13917684,0.144008854234926,0.2119038703730599,-0.004832014234925991,-195.39871673765714,44.29999999998029
10.805,0.14170406,0.1473306324194493,0.2128417996835203,-0.005626572419449305,-390.79743347489335,53.77999999922383
10.81,0.14443399,0.149870815737026,0.2190784390116299,-0.005436825737025974,2149.3858841034116,114.85000000000878
10.815,0.14737242,0.1524109990546028,0.1922397405570162,-0.00503857905460281,195.39871673743718,193.1800000000809
10.82,0.15053677,0.1559281759558628,0.2301756883903195,-0.005391405955862821,-2344.784600840636,190.38999999858186
10.825,0.15396484,0.1590545554236495,0.2315603722219768,-0.005089715423649499,-1758.5884506299471,54.889999999971224
10.83,0.15767836,0.1623763336081729,0.2363000995627719,-0.004697973608172923,586.1961502119343,-116.10999999733906
10.835,0.16167171,0.1649165169257496,0.2056101262584034,-0.003244806925749605,2344.784600839753,-178.2399999999691
10.84,0.16591365,0.1674567002433264,0.244514531553911,-0.0015430502433264048,1367.791017155651,-74.45000000125071
10.845,0.17037692,0.1705830797111131,0.2228523735890745,-0.00020615971111312414,195.39871673662083,109.799999999987
10.85,0.1750644,0.1735140604621632,0.2533667406628411,0.0015503395378368146,-1563.189733892609,210.08000000006223
10.855,0.18000602,0.1774220347968965,0.3233032874418636,0.0025839852031034893,-1953.9871673661705,119.41000000004215
10.86,0.18524041,0.1807438129814199,0.3325381580947771,0.004496597018580101,1367.7910171557048,-51.17000000005828
10.865,0.19076909,0.1838701924492067,0.2963642128864921,0.006898897550793315,2540.1833175746815,-86.64000000234478
10.87,0.19656109,0.1871919706337301,0.321556303986091,0.009369119366269885,-1367.7910171556161,-46.85999999995602
10.875,0.20261496,0.1912953436852001,0.3867848326183136,0.011319616314799913,-3517.176901256451,-140.96999999556408
10.88,0.2089398,0.1953987167366702,0.3430474151809842,0.013541083263329812,1.0159055818803608e-09,-289.2400000001037
10.885,0.21549677,0.1983296974877202,0.3216519328974483,0.017167072512279807,2344.784600838841,-296.5400000021184
10.89,0.22223557,0.2018468743889803,0.3565730112924,0.02038869561101969,1367.7910171565557,-184.55999999986807
10.895,0.22912528,0.204973253856767,0.3421457573437978,0.024152026143232974,1.0720668797148392e-10,-86.47000000007222
10.9,0.23615186,0.2088812281915005,0.4275469520269488,0.02727063180849948,-1563.1897338938159,-72.88000000017024
10.905,0.24331593,0.2125938038094972,0.4012990709577295,0.030722126190502824,-1953.9871673668445,-103.9899999999306
10.91,0.2506022,0.2165017781442306,0.4332243206671489,0.03410042185576939,-195.39871673715436,-130.57000000253117
10.915,0.25799584,0.2196281576120173,0.464992053062046,0.03836768238798269,1758.588450630016,-139.9800000000891
10.92,0.2654826,0.222754537079804,0.4474932303119915,0.042728062920196014,1953.9871673685143,-66.75999999476215
10.925,0.27303444,0.2258809165475908,0.4866676548956182,0.047153523452409196,-5.312017492542509e-10,36.11000000012814
10.93,0.28065308,0.2293980934488508,0.5628379217363522,0.05125498655114921,-1172.392300421144,-26.140000002605404
10.935,0.28836497,0.2333060677835842,0.5751071624352452,0.055058902216415795,195.39871673676316,-199.7100000000994
10.94,0.29614975,0.236432447251371,0.598278527012458,0.05971730274862899,-195.39871673633652,-274.8799999999947
10.945,0.30396129,0.2407312190195777,0.6525794206396078,0.0632300709804223,-390.79743347412943,-252.36000000277713
10.95,0.3117729,0.2440529972041011,0.6753444799262827,0.06771990279589893,390.79743347358766,-178.48000000004797
10.955,0.31954852,0.2479609715388345,0.6758661660690328,0.0715875484611655,-586.1961502071757,-38.56999999453275
10.96,0.32727017,0.2518689458735679,0.6804633916673306,0.07540122412643213,586.1961502105991,103.0800000000621
10.965,0.33494818,0.255386122774828,0.6900468263764398,0.07956205722517201,1172.3923004189783,168.56999999743093
10.97,0.34260299,0.2592940971095614,0.7409032718533022,0.08330889289043858,-1367.7910171572685,122.1299999999986
10.975,0.35026335,0.2635928688777681,0.7386216000260457,0.08667048112223186,-1367.7910171570552,-15.870000000148124
10.98,0.35793993,0.2675008432125015,0.7429338400878132,0.09043908678749851,976.9935836839563,-131.08000000017347
10.985,0.36561616,0.2712134188304982,0.7121252661371338,0.09440274116950181,781.5948669469432,-129.13999999995625
10.99,0.37326512,0.2751213931652317,0.7341537925675349,0.0981437268347683,-1172.392300421926,-53.23000000253214
10.995,0.38087553,0.2792247662167018,0.7533702338747693,0.10165076378329824,-1563.1897338936103,0.5899999998845544
11.0,0.38844942,0.2829373418346985,0.7731939303984918,0.1055120781653015,2.9103830456733704e-09,0.7800000054201917
11.005,0.39598823,0.2864545187359585,0.7935210589233198,0.10953371126404149,2735.5820343142896,-31.24999999985718
11.01,0.40349342,0.2893854994870086,0.8167350419346656,0.1141079205129914,2149.385884102612,-30.930000002768395
11.015,0.41095504,0.2929026763882687,0.7982215018073365,0.11805236361173127,-1953.9871673676255,18.930000000022545
11.02,0.41836587,0.2972014481564754,0.8655893732349282,0.12116442184352455,-1953.9871673673415,0.8599999999573811
11.025,0.42574503,0.3007186250577355,0.88358991539263,0.12502640494226452,390.7974334734897,-75.54000000020031
11.03,0.4330857,0.3044312006757322,0.9017322767482046,0.1286544993242678,1367.791017156415,-35.489999999998304
11.035,0.44035906,0.3079483775769923,0.959318749871681,0.13241068242300774,1367.7910171555268,62.44999999765665
11.04,0.44757737,0.3114655544782523,0.9637820971404072,0.13611181552174767,-1758.5884506285715,27.160000000041123
11.045,0.45476164,0.3159597249631957,0.9633035194514056,0.13880191503680434,-2149.385884100388,-78.79999999495527
11.05,0.46190333,0.3196723005811925,0.931433857984675,0.1422310294188075,1172.3923004198236,-99.01999999999322
11.055,0.46897993,0.3229940787657159,0.945290486392248,0.1459858512342841,781.5948669456284,-84.08000000265994
11.06,0.47598478,0.3269020531004493,0.9752269508882973,0.1490827268995507,390.79743347391513,-149.4199999999139
11.065,0.48291491,0.3302238312849727,1.0366142362728468,0.1526910787150273,781.5948669469437,-226.12999999979445
11.07,0.48973764,0.3339364069029694,1.0862557098856933,0.1558012330970306,-2149.385884104993,-216.61000000243916
11.075,0.49641716,0.3380397799544394,1.0982753094955715,0.15837738004556062,-976.9935836837592,-191.0500000001723
11.08,0.50293578,0.3415569568556995,1.1100954165486467,0.16137882314430058,3321.778184525133,-207.8799999952795
11.085,0.50927007,0.3442925388900129,1.092682836219979,0.16497753110998714,1172.392300417897,-208.57000000004507
11.09,0.51538815,0.3487867093749564,1.0774630601014252,0.16660144062504362,-2149.3858841048523,-167.59000000235642
11.095,0.52126576,0.3523038862762164,1.0641753359949306,0.16896187372378363,-2540.1833175763168,-123.52999999983808
11.1,0.52688618,0.3567980567611598,1.0468264944898964,0.1700881232388402,-390.797433474235,-96.4500000000653
11.105,0.53223664,0.3599244362289466,1.0380345875236632,0.17231220377105344,3126.3794677868527,-77.35000000003947
11.11,0.53730634,0.3630508156967333,1.0094578912331806,0.17425552430326668,1758.5884506311124,-54.52999999995723
11.115,0.54208626,0.36676339131473,1.004069521816619,0.17532286868527003,-1953.9871673680523,-26.880000001342523
11.12,0.54657128,0.3706713656494634,0.9757520606650584,0.1758999143505366,-2344.784600840054,-3.5400000001634453
11.125,0.55076009,0.3745793399841968,0.9754801461131614,0.17618075001580324,976.9935836859439,8.030000002817587
11.13,0.55465412,0.3777057194519835,0.9470765733744484,0.17694840054801653,2735.582034312659,12.570000000240498
11.135,0.55825459,0.381027497636507,0.9264462904835272,0.177227092363493,-586.1961502111054,19.299999998382646
11.14,0.56156289,0.3851308706879771,0.8996851487567409,0.17643201931202296,-1758.588450629336,27.949999999849297
11.145,0.56458233,0.3888434463059737,0.8746528391316051,0.17573888369402635,-195.3987167363732,37.05000000024961
11.15,0.56731689,0.3923606232072338,0.8456888983748228,0.17495626679276616,586.1961502101086,51.80000000003088
11.155,0.56977126,0.3962685975419672,0.8195930689155445,0.1735026624580328,2930.9807510494866,70.6499999998332
11.16,0.57195317,0.3991995782930173,0.8156264065052717,0.17275359170698273,390.79743347075635,86.42999999971244
11.165,0.57387318,0.4038891474946974,0.7812492932005711,0.16998403250530258,-4689.569201679575,101.35999999990611
11.17,0.57554238,0.4085787166963774,0.7673065962526464,0.1669636633036226,-1953.9871673634948,117.30000000071516
11.175,0.57697452,0.4120958935976375,0.7604035982832578,0.16487862640236256,1758.5884506296652,127.00000000006344
11.18,0.57818588,0.4158084692156343,0.74639429553124,0.16237741078436574,976.9935836819313,129.34999999970933
11.185,0.57919258,0.4189348486834209,0.7348779699647358,0.16025773131657906,1172.3923004203637,130.60000000017715
11.19,0.58001067,0.4226474243014178,0.7208275184083796,0.15736324569858218,2930.9807510499118,131.80999999989353
11.195,0.58065671,0.4253830063357311,0.7141592711369888,0.15527370366426885,-976.9935836857672,130.7999999999564
11.2,0.58114735,0.4302679742541478,0.6917943943071797,0.15087937574585214,-4884.967918417187,128.22999999998473
11.205,0.58149872,0.4343713473056179,0.6758245011179259,0.14712737269438214,-976.9935836806702,124.87999999983913
11.21,0.58172672,0.4376931254901413,0.6636877337242748,0.14403359450985875,2149.385884103659,119.55000000012308
11.215,0.58184684,0.4410149036746646,0.649190511738185,0.14083193632533536,2540.1833175748948,111.60000000018528
11.22,0.58187366,0.4439458844257148,0.6365368743848956,0.13792777557428515,1953.9871673660632,101.62999999984811
11.225,0.58182062,0.4474630613269748,0.6183814608902537,0.13435755867302523,-1367.7910171557394,90.40999999996689
11.23,0.58169977,0.4515664343784449,0.5957912370435726,0.13013333562155505,-781.5948669456287,78.23000000002244
11.235,0.58152169,0.455669807429915,0.5718411841661184,0.125851882570085,1367.7910171567348,64.83999999993546
11.24,0.58129546,0.4591869843311751,0.549319133034693,0.12210847566882488,-3126.3794677897663,52.46000000021181
11.245,0.58102828,0.4648535471165385,0.5099698816651131,0.11617473288346147,-3126.3794677887954,45.95000000010927
11.25,0.58072557,0.4681753253010619,0.488202515878908,0.11255024469893815,1758.5884506323146,45.239999999610745
11.255,0.58039285,0.4718879009190586,0.4710902868613748,0.10850494908094138,1953.9871673671894,44.65999999984187
11.26,0.58003605,0.4754050778203187,0.4490113636320261,0.10463097217968131,1563.1897338923945,41.75000000039301
11.265,0.57966064,0.4785314572881053,0.4354306162587965,0.10112918271189464,586.1961502094699,39.08000000002856
11.27,0.57927156,0.4828302290563122,0.4088687899467829,0.09644133094368784,-976.9935836836339,39.209999999771455
11.275,0.5788734,0.4863474059575722,0.3954696658841797,0.09252599404242778,-1563.189733893603,41.86000000004428
11.28,0.57847118,0.4910369751592523,0.3749477252743433,0.08743420484074765,-586.1961502102541,47.19999999999141
11.285,0.57807034,0.4943587533437756,0.3626225008684839,0.08371158665622441,1172.3923004185854,57.800000000158995
11.29,0.57767677,0.4984621263952458,0.352933067169711,0.07921464360475416,976.9935836831071,72.33000000018396
11.295,0.57729866,0.5019793032965058,0.3591239833971922,0.07531935670349421,-586.1961502071545,87.13999999969633
11.3,0.57694613,0.5062780750647126,0.3499222405887348,0.07066805493528738,-976.993583682962,103.13999999981237
11.305,0.57663069,0.510186049399446,0.3657209322528797,0.066444640600554,1172.3923004186572,117.44000000029112
11.31,0.5763664,0.5138986250174427,0.3735215659832667,0.06246777498255729,586.1961502096143,113.75000000015712
11.315,0.57616957,0.5180019980689128,0.3936361428300124,0.058167571931087236,-2540.1833175770275,78.64999999981478
11.32,0.57605502,0.5224961685538563,0.3730011428130338,0.053558851446143696,-9.957545898942044e-10,30.089999999846384
11.325,0.57602905,0.5260133454551164,0.3335460073409851,0.05001570454488369,2735.5820343136083,-0.2999999998717158
11.33,0.57609064,0.5295305223563763,0.3201472598866279,0.046560117643623666,-1953.9871673631594,-12.729999999977565
11.335,0.57623922,0.5342200915580564,0.2993783383538279,0.042019128441943665,-3126.3794677853757,-21.860000000169578
11.34,0.57647296,0.5377372684593165,0.2643004204559608,0.03873569154068357,2540.183317574397,-21.6699999999301
11.345,0.57678735,0.5406682492103666,0.2595589300135047,0.03611910078963343,3712.575617996182,-7.789999999801466
11.35,0.57718012,0.54399002739489,0.2548470985208328,0.033190092605109967,-390.79743347217675,9.900000000016234
11.355,0.57765177,0.5478980017296233,0.2511070102160662,0.02975376827037668,-2540.1833175766005,28.279999999939605
11.36,0.57820433,0.5520013747810935,0.2525432196751755,0.026202955218906587,-781.5948669476888,45.78999999999871
11.365,0.57884238,0.5555185516823535,0.2640509958416979,0.023323828317646456,976.9935836816464,51.16999999948973
11.37,0.57957387,0.5592311273003503,0.2807947871261643,0.020342742699649752,195.39871673711127,51.74999999993355
11.375,0.58040497,0.5627483042016103,0.2550404250976628,0.01765666579838976,-976.9935836800521,76.55000000085465
11.38,0.58133991,0.5666562785363436,0.2857344241334114,0.014683631463656366,390.79743347398426,122.22999999999138
11.385,0.58239129,0.5697826580041304,0.3136660028665128,0.01260863199586959,1367.7910171555254,145.55999999971112
11.39,0.583579,0.5732998349053905,0.3307313872937878,0.010279165094609466,195.39871673672647,119.66000000022837
11.395,0.58492357,0.5770124105233871,0.3371379203762576,0.007911159476612806,390.79743347288684,85.70999999975379
11.4,0.5864367,0.5805295874246473,0.312455995156442,0.005907112575352702,-976.9935836843458,100.49999999964575
11.405,0.58812147,0.5846329604761173,0.3199696250509245,0.003488509523882688,-2735.582034313327,103.26000000028034
11.41,0.58999872,0.5887363335275874,0.2880601206600817,0.0012623864724126133,976.993583682996,28.939999999339193
11.415,0.59208549,0.5916673142786375,0.2836031777819379,0.00041817572136249037,3712.5756179970413,-5.529999999902884
11.42,0.59436832,0.5951844911798975,0.2666795915375338,-0.000816171179897518,-390.7974334703965,76.48000000159539
11.425,0.59684457,0.5990924655146309,0.2466271987151257,-0.002247895514630893,-2149.3858841027995,142.93999999971038
11.43,0.59953997,0.6035866359995743,0.2074529080204933,-0.0040466659995742615,1172.3923004180886,121.61999999925843
11.435,0.60247519,0.6065176167506244,0.2351850475468923,-0.004042426750624384,-1367.7910171585813,84.26000000007548
11.44,0.60565661,0.6117933821025145,0.2017207551275885,-0.0061367721025145094,-2930.980751050767,28.860000000110745
11.445,0.60909897,0.6151151602870378,0.199879655176503,-0.006016190287037815,2344.7846008401557,-60.83000000153402
11.45,0.6128025,0.6184369384715612,0.2160556191002879,-0.005634438471561198,3907.9743347337435,-79.78000000032921
11.455,0.61674477,0.6219541153728214,0.1807528307473296,-0.005209345372821361,-195.39871673432788,-8.359999997087243
11.46,0.62091681,0.6258620897075547,0.1923326849148912,-0.004945279707554762,-4884.967918417504,-10.849999999654983
11.465,0.62533281,0.6309424563427082,0.2364870207606662,-0.005609646342708219,-586.196150213094,-124.95000000122752
11.47,0.62999118,0.6338734370937583,0.2454791422942789,-0.0038822570937583345,4689.569201680029,-161.44000000004814
11.475,0.63485224,0.6371952152782816,0.2462929675342452,-0.002342975278281645,195.39871673750906,-82.68000000029781
11.48,0.63990066,0.6418847844799619,0.2762202265537885,-0.0019841244799618796,-2149.3858841028623,-42.810000000346236
11.485,0.64514162,0.6454019613812219,0.2309199332816135,-0.00026034138122188466,-1172.3923004196536,-56.099999999546526
11.49,0.65056257,0.6500915305829019,0.2631715954756468,0.0004710394170980292,-781.5948669477597,-79.92000000172345
11.495,0.65615814,0.6534133087674253,0.2600095034993263,0.0027448312325746294,1953.9871673670373,-148.7800000005402
11.5,0.66192081,0.6573212831021586,0.2596793502014526,0.004599526897841377,3321.7781845256845,-203.62999999605427
11.505,0.66782188,0.6604476625699455,0.2728737676567029,0.007374217430054508,-1563.1897338958343,-141.71999999990493
11.51,0.6738266,0.6655280292050988,0.2508760420334328,0.008298570794901261,-4689.569201682304,-38.27000000186001
11.515,0.67992921,0.6698268009733056,0.3044372500333834,0.010102409026694348,195.39871673786433,-18.559999999612387
11.52,0.68613822,0.673148579157829,0.2801165841713226,0.012989640842171024,2149.385884103998,-33.89000000012891
11.525,0.69244186,0.6768611547758258,0.3111451415207378,0.015580705224174207,-586.196150210325,-21.2200000004255
11.53,0.69883711,0.6803783316770857,0.3471244611590445,0.018458778322914315,390.7974334728868,1.3599999999797774
11.535,0.70532594,0.6837001098616091,0.3341295495060885,0.021625830138390922,1953.987167365567,54.149999998003295
11.54,0.71190205,0.6866310906126593,0.3889612027506618,0.025270959387340697,1.1721112969098613e-09,126.55999999996641
11.545,0.71858281,0.6907344636641293,0.4363467257284118,0.027848346335870744,-781.5948669434974,189.85000000457023
11.55,0.72538719,0.693860843131916,0.4237660501550072,0.031526346868083976,-1172.392300421254,221.92000000012433
11.555,0.73233903,0.6979642161833861,0.5490120357060457,0.03437481381661389,-976.9935836860507,136.1299999976518
11.56,0.73948238,0.7012859943679095,0.5210158917984541,0.03819638563209049,1758.5884506305445,18.849999999731267
11.565,0.74681652,0.7042169751189595,0.5105033180067198,0.04259954488104045,1367.7910171576573,86.63999999996668
11.57,0.75432375,0.7079295507369562,0.5811199866320959,0.04639419926304378,-586.1961502110343,268.4299999973075
11.575,0.76203413,0.7112513289214797,0.6456224241057389,0.05078280107852029,-195.39871673650924,355.5700000000289
11.58,0.76999794,0.7151593032562131,0.7006696278359321,0.05483863674378686,195.3987167393258,311.6600000056816
11.585,0.77826029,0.7184810814407364,0.7537774371476519,0.05977920855926355,-586.1961502105349,167.69999999998572
11.59,0.78686052,0.7227798532089431,0.7988414778243279,0.06408066679105684,-586.1961502121706,11.489999997279483
11.595,0.79580666,0.7261016313934666,0.763392426517829,0.06970502860653338,-390.79743347388046,-2.6599999999639294
11.6,0.80507919,0.7302050044449367,0.8283470902784565,0.0748741855550632,195.39871673687043,104.16000000007034
11.605,0.81468473,0.73352678262946,0.8895647994924355,0.08115794737053994,1563.1897338938174,161.62999999992235
11.61,0.82465129,0.7370439595307202,0.9433064998976156,0.08760733046927982,-586.1961502097569,100.92999999983749
11.615,0.83499866,0.7409519338654537,0.9903075757377146,0.09404672613454634,-976.9935836847741,-32.70000000412574
11.62,0.84573845,0.744859908200187,1.0341131397005443,0.10087854179981304,1953.9871673660996,-122.00999999986743
11.625,0.85684938,0.7477908889512369,0.997416200445992,0.10905849104876308,-976.9935836804075,-119.27999999188455
11.63,0.86830797,0.7526758568696538,1.1423743495089205,0.11563211313034627,-2540.183317575581,-139.7200000001294
11.635,0.88011488,0.7559976350541772,1.0973482890394728,0.12411724494582288,1758.5884506286961,-206.01000000398176
11.64,0.89224057,0.7595148119554372,1.1608423564308472,0.13272575804456277,1953.9871673665614,-260.0099999999485
11.645,0.90465544,0.7630319888566973,1.2197383378677973,0.14162345114330266,-1563.1897338929643,-303.2799999999835
11.65,0.91733024,0.7671353619081673,1.1893718934726591,0.15019487809183263,-390.79743347288627,-237.97999999999945
11.655,0.93021105,0.7708479375261642,1.2651208900010498,0.15936311247383583,2344.784600840443,-32.35999999987587
11.66,0.9432737,0.7739743169939507,1.335443379334461,0.1692993830060493,-781.5948669491822,66.12999999489853
11.665,0.95654373,0.7790546836291042,1.4705853025262636,0.1774890463708958,-1953.9871673687596,-51.15000000029272
11.67,0.97003859,0.7823764618136277,1.4250880090316116,0.1876621281863723,-781.5948669437646,-128.1899999901127
11.675,0.98371961,0.786870632298571,1.481468226279446,0.19684897770142895,-1367.7910171557317,-116.70999999977778
11.68,0.99757376,0.7903878091998312,1.6182672716935516,0.20718595080016877,2735.5820343110536,-247.30000000461212
11.685,1.0116105,0.7935141886676178,1.574460583022134,0.21809631133238216,5275.765351889928,-336.75000000004087
11.69,1.0257625,0.7966405681354046,1.558745723804073,0.22912193186459529,-1563.1897338918275,-109.17000000049171
11.695,1.0399691,0.8017209347705582,1.7069672795401003,0.2382481652294418,-6643.556369048013,60.91999999470556
11.7,1.05426806,0.8064105039722381,1.8209030175742096,0.24785755602776194,-1367.7910171580404,-185.49999999946007
11.705,1.06868624,0.8099276808734982,1.771266905898346,0.2587585591265017,3712.5756179987898,-483.84999998958557
11.71,1.08315136,0.8130540603412848,1.7526622462553008,0.2700972996587152,1563.189733892381,-441.38000000026153
11.715,1.09757642,0.8167666359592817,1.8221710970408704,0.2808097840407183,-195.3987167385755,-206.63000000511227
11.72,1.11192855,0.8202838128605418,1.8844246749444795,0.29164473713945827,1758.5884506305438,-17.879999999903646
11.725,1.12619826,0.8238009897618018,1.940017969468245,0.3023972702381982,390.79743347459265,52.05000000003258
11.73,1.140393,0.8279043628132718,2.0506977924588328,0.31248863718672815,-4103.373051470986,-62.23000000005817
11.735,1.15453388,0.8327893307316886,2.071241384592426,0.3217445492683114,-1172.3923004217838,-249.85000000001094
11.74,1.16859676,0.8363065076329487,2.0424113088257663,0.33229025236705134,3517.1769012596687,-252.8900000049901
11.745,1.18252105,0.839628285817472,2.095673218232166,0.3428927641825281,-976.993583681349,-150.09000000007705
11.75,1.19628998,0.8443178550191521,2.1965860855865493,0.35197212498084784,-2344.7846008371926,-211.94999998970263
11.755,1.20990688,0.8478350319204122,2.1702114282871454,0.3620718480795877,2540.183317576982,-312.8800000002949
11.76,1.22332257,0.8509614113881988,2.166335806411122,0.3723611586118013,586.19615020947,-186.75000000556588
11.765,1.23647942,0.855064784439669,2.22821230185378,0.38141463556033095,-2735.582034313185,-5.619999999308675
11.77,1.24938165,0.8587773600576656,2.3399637210551427,0.3906042899423343,1758.5884506288403,-35.00999999971748
11.775,1.26205192,0.8619037395254524,2.323686327493664,0.4001481804745476,3321.7781845223726,-108.59000000068431
11.78,1.2744616,0.8650301189932391,2.324135748194489,0.40943148100676086,-1758.588450629266,-17.559999999861247
11.785,1.28658937,0.8701104856283925,2.436359499884222,0.4164788843716074,-1953.9871673665612,128.20999999619335
11.79,1.29845383,0.8730414663794427,2.4267628083052157,0.42541236362055723,-976.9935836819111,201.11999999968953
11.795,1.31007421,0.8779264342978594,2.530825971238383,0.4321477757021406,2.6773250283440575e-09,161.04000000865187
11.8,1.32148655,0.8808574150489095,2.5688983463584605,0.44062913495109046,2735.582034312574,42.23000000007835
11.805,1.33270756,0.8843745919501695,2.54928165225897,0.44833296804983047,-8.517986316292081e-10,7.3299999951372
11.81,1.3437208,0.8884779650016396,2.597350965709635,0.4552428349983605,-1172.3923004192245,93.43999999998937
11.815,1.35453165,0.8921905406196363,2.6428368069391603,0.46234110938036366,1.4125589586910792e-10,164.59000000026685
11.82,1.36516391,0.8959031162376331,2.6844036966899902,0.46926079376236685,-1953.987167368693,155.7899999963363
11.825,1.37563992,0.9002018880058399,2.7200760764431555,0.4754380319941601,-586.1961502110273,79.4100000002694
11.83,1.38598047,0.9031328687568898,2.760189460019953,0.4828476012431102,2344.7846008421566,-20.639999991939476
11.835,1.39618816,0.9064546469414132,2.7421032051298617,0.4897335130585867,1563.1897338931187,-74.03000000048917
11.84,1.40624989,0.9095810264092,2.792890989673077,0.4966688635908,586.1961502086181,-55.670000004686244
11.845,1.41615573,0.9132936020271968,2.7811732891687755,0.5028621279728033,9.094947017729282e-13,20.990000000158375
11.85,1.42589814,0.9168107789284567,2.833560831367273,0.5090873610715432,-2540.1833175756046,98.65000000019518
11.855,1.43548696,0.9213049494134,2.872204612145147,0.5141820105866,-2735.582034313469,84.43000000028064
11.86,1.44494621,0.9248221263146604,2.909022416767177,0.5201240836853395,976.9935836823554,-4.999999999881538
11.865,1.4542805,0.9279485057824468,2.893973888423527,0.5263319942175533,3712.5756179956843,-48.42000000309008
11.87,1.46347853,0.9308794865334972,2.9410156837298835,0.5325990434665028,2149.3858841037472,20.980000000259338
11.875,1.47253135,0.9342012647180205,2.931558244458492,0.5383300852819795,-1367.791017153661,152.56000000619167
11.88,1.48144668,0.9386954352029638,3.0215701733689397,0.5427512447970361,-1367.7910171562935,218.06999999957202
11.885,1.49026049,0.942212612104224,3.0472518162749136,0.548047877895776,-8.526512829121202e-10,183.93999999632163
11.89,1.49900322,0.946902181305904,3.0657888951781604,0.5521010386940961,-781.5948669460555,153.25000000047257
11.895,1.50768599,0.9506147569239006,3.088606130003902,0.5570712330760993,-2735.582034313613,100.3700000006817
11.9,1.51633209,0.9554997248423176,3.151705300783557,0.5608323651576823,-1172.3923004196517,-96.7500000004452
11.905,1.5249611,0.9586261043101042,3.118014279416349,0.5663349956898959,2344.7846008400165,-288.9600000000428
11.91,1.53353366,0.961752483777891,3.144635894283387,0.571781176222109,1563.1897338912588,-224.59000000282708
11.915,1.54198907,0.9650742619624144,3.1728479397862137,0.5769148080375857,976.9935836829702,-0.3800000001172634
11.92,1.55031897,0.9680052427134644,3.2012361754056258,0.5823137272865355,781.594866949473,133.3300000058548
11.925,1.55854531,0.9715224196147244,3.225522185605829,0.5870228903852756,-1172.392300420114,133.56999999976478
11.93,1.56668764,0.9752349952327212,3.2478323817856256,0.5914526447672789,-1172.3923004214994,63.37999999744113
11.935,1.57476315,0.9787521721339812,3.270379513915446,0.5960109778660186,-390.7974334733124,-10.34000000004022
11.94,1.58277324,0.9822693490352412,3.247429330167118,0.6005038909647589,-195.39871673701123,-17.970000000674702
11.945,1.59070597,0.9855911272197648,3.282884372931682,0.6051148427802351,976.9935836823563,3.3999999976667254
11.95,1.59856543,0.9887175066875512,3.3153133192935798,0.6098479233124489,1172.3923004204678,-5.759999999044624
11.955,1.6063558,0.991843886155338,3.3000624993087606,0.614511913844662,-781.5948669444979,12.740000005073512
11.96,1.61406761,0.9955564617733348,3.336654354381511,0.6185111482266652,390.7974334741923,81.36999999914684
11.965,1.62170688,0.9986828412411216,3.3707613584020653,0.6230240387588785,1367.7910171569472,111.2099999974757
11.97,1.62929252,1.002004619425645,3.399661173924752,0.627287900574355,-1367.7910171570893,42.03000000018375
11.975,1.63684058,1.0064987899105884,3.4196929942799765,0.6303417900894117,-195.39871673814832,-82.48000000038087
11.98,1.64435137,1.0094297706616386,3.402108496476578,0.6349215993383615,586.1961502093268,-121.12999999971447
11.985,1.65179893,1.013923941146582,3.4196608940208684,0.6378749888534181,-976.9935836837768,16.49000000072101
11.99,1.65916168,1.017636516764579,3.428932446029409,0.6415251632354211,195.39871673601849,196.17999999696534
11.995,1.6664608,1.021544491099312,3.5031741890302546,0.6449163089006882,-976.9935836821593,215.35999999941177
12.0,1.67373994,1.025647864150782,3.5164687366571354,0.6480920758492179,-2149.385884100847,74.92000000582345
12.005,1.68102237,1.0295558384855157,3.530328070540529,0.6514665315144843,1172.39230042114,-56.709999999791705
12.01,1.68830151,1.0324868192365655,3.5081097631062867,0.6558146907634346,2930.980751049059,-65.8400000034512
12.015,1.69555856,1.035808597421089,3.537302657488988,0.6597499625789109,1367.7910171559536,2.2500000002843166
12.02,1.70278968,1.0393257743223492,3.5621584627702063,0.6634639056776508,-781.5948669457721,46.62000000081588
12.025,1.71000353,1.0432337486570824,3.582294037915569,0.6667697813429176,-2930.980751050339,33.77999999941277
12.03,1.7172067,1.0475325204252892,3.5985046378841004,0.6696741795747108,-1563.1897338949539,-25.600000000452447
12.035,1.7244039,1.0510496973265493,3.617183050180718,0.6733542026734507,2540.1833175758893,-75.90000000192234
12.04,1.73158635,1.054176076794336,3.597849673876325,0.6774102732056639,3517.1769012608165,-36.210000000370755
12.045,1.73873407,1.057693253695596,3.626249972483808,0.6810408163044039,195.39871673904304,32.19000000455091
12.05,1.74585273,1.0617966267470662,3.6850005306869913,0.6840561032529338,-3907.974334734124,6.560000001029309
12.055,1.75295783,1.0666815946654828,3.650647442167061,0.6862762353345171,-2735.582034315318,-53.92000000227982
12.06,1.76003803,1.0705895690002163,3.6692721763400247,0.6894484609997837,1758.5884506308291,-50.990000000578476
12.065,1.76708174,1.0741067459014764,3.687114500186021,0.6929749940985237,1953.9871673676987,-28.059999999927243
12.07,1.77408833,1.077819321519473,3.701403062825381,0.6962690084805272,-1172.392300421783,-43.42000000264278
12.075,1.78105481,1.0817272958542066,3.712131918616276,0.6993275141457935,-1758.5884506306522,-97.09000000037634
12.08,1.78797557,1.085439871472203,3.7214040787058673,0.7025356985277968,1758.5884506322877,-152.01999999476823
12.085,1.79483362,1.0883708522232534,3.819606572125096,0.7064627677767465,2540.1833175757233,-154.10999999976093
12.09,1.80160266,1.0916926304077768,3.8377718261336,0.7099100295922232,-976.9935836843474,-112.1300000022581
12.095,1.80826615,1.0957960034592469,3.856194342778063,0.712470146540753,-1563.1897338925382,-90.759999999932
12.1,1.81481549,1.09911778164377,3.8791862465015328,0.7156977083562299,-195.39871673644282,-113.03000000055442
12.105,1.82124027,1.1030257559785035,3.896761519481391,0.7182145140214966,586.1961502101811,-138.8500000001693
12.11,1.8275233,1.1061521354462902,3.906578988486152,0.7213711645537098,390.7974334734536,-121.58999999997297
12.115,1.83364295,1.109864711064287,3.918025014141256,0.723778238935713,976.9935836815032,-70.52000000158091
12.12,1.83958724,1.113381887965547,3.92814934765729,0.7262053520344529,1563.1897338925326,-29.90999999967505
12.125,1.8453526,1.1167036661500704,3.9375891066801496,0.7286489338499296,-2930.9807510466194,-15.709999996433453
12.13,1.85093679,1.1217840327852238,3.93715197262221,0.7291527572147762,-2344.784600837193,-16.240000000051282
12.135,1.85633931,1.1251058109697472,3.944805994555364,0.7312334990302529,3712.5756179959667,-1.1000000020549123
12.14,1.86155624,1.1284275891542703,3.924449326157308,0.7331286508457298,1172.3923004183744,42.70999999960213
12.145,1.86658684,1.1327263609224774,3.961580322836901,0.7338604790775227,-3517.1769012609475,64.66000000017709
12.15,1.87144449,1.1370251326906842,3.963547857594309,0.7344193573093158,-1172.392300419511,44.76000000039721
12.155,1.8761379,1.140737708308681,3.940838386635801,0.7354001916913191,1563.1897338938181,38.72000000029675
12.16,1.8806662,1.1440594864932043,3.956926053131096,0.7366067135067957,2149.3858841018678,59.619999998122125
12.165,1.88503725,1.1479674608279375,3.966560760740319,0.7370697891720626,2149.3858841022598,86.2599999994452
12.17,1.88926009,1.1510938402957245,3.9454954780179374,0.7381662497042756,-2735.582034310278,117.93000000381255
12.175,1.89334451,1.1565650043643512,3.979192993552068,0.7367795056356488,-4884.96791841475,117.35000000034063
12.18,1.89731242,1.160277579982348,3.9803447388264512,0.7370348400176521,781.5948669449203,70.89999999778098
12.185,1.90117761,1.163794756883608,3.955289316909813,0.737382853116392,3126.3794677862134,39.21999999960508
12.19,1.90494054,1.166725737634658,3.965731881442213,0.7382148023653419,195.39871673715305,33.76000000031388
12.195,1.90860745,1.1704383132526548,3.967448246257123,0.7381691367473453,-586.1961502103235,16.47999999931875
12.2,1.91218367,1.1735646927204413,3.9381303650891946,0.7386189772795586,781.5948669465513,-5.190000000469695
12.205,1.91566779,1.1766910721882282,3.945432542820216,0.7389767178117719,390.7974334746527,-13.159999997468958
12.21,1.91905829,1.1802082490894883,3.912404761675452,0.7388500409105117,390.7974334735191,-11.68999999925984
12.215,1.92235344,1.183334628557275,3.9195059278536855,0.739018811442725,-390.7974334731691,-1.450000002024865
12.22,1.92555124,1.1870472041752715,3.88426442427996,0.7385040358247286,-1758.588450629406,10.920000000000528
12.225,1.92865271,1.1907597797932683,3.912032871863967,0.7378929302067316,586.1961502093286,8.890000000577572
12.23,1.93166107,1.1936907605443183,3.8723785414394025,0.7379703094556818,2149.3858841027186,-9.170000000722268
12.235,1.93457652,1.1972079374455786,3.8808007907002393,0.7373685825544214,976.9935836830687,-31.300000000272917
12.24,1.93739667,1.2007251143468387,3.834531320029321,0.7366715556531613,-781.5948669484708,-45.290000000479665
12.245,1.9401157,1.2048284873983088,3.8101905013709527,0.7352872126016912,-2540.1833175756856,-46.81999999965876
12.25,1.94272674,1.2091272591665154,3.7822694106014496,0.7335994808334845,-1563.1897338898384,-45.229999998358096
12.255,1.94522496,1.2128398347845122,3.756246250819665,0.7323851252154878,390.7974334719635,-45.69000000011448
12.26,1.94760446,1.2163570116857725,3.7212693086121287,0.7312474483142275,1172.392300418089,-41.64000000088373
12.265,1.94985907,1.2196787898702957,3.702460380352588,0.7301802801297044,1367.7910171583685,-31.82000000009708
12.27,1.95198414,1.222805169338082,3.676614707961166,0.7291789706619181,-195.39871673615747,-20.909999999788397
12.275,1.95397639,1.2265177449560791,3.657252048063637,0.7274586450439209,-586.1961502107486,-11.909999999773163
12.28,1.95583396,1.2298395231406023,3.637228512328453,0.7259944368593978,976.9935836832092,-5.819999999801212
12.285,1.95755601,1.233161301325126,3.615162499072761,0.7243947086748741,586.1961502089025,-1.5100000007355447
12.29,1.95914201,1.2368738769431225,3.592772691959416,0.7222681330568776,-586.1961502104307,2.5699999990074502
12.295,1.96059211,1.2405864525611194,3.569347720866093,0.7200056574388807,-195.3987167346334,8.290000000955274
12.3,1.96190678,1.2444944268958529,3.541440118919956,0.7174123531041472,586.1961502108537,16.320000001048584
12.305,1.96308726,1.2482070025138494,3.5247405836177506,0.7148802574861506,-781.5948669470514,20.689999999774955
12.31,1.96413656,1.2525057742820562,3.501744389044308,0.7116307857179438,-1953.9871673674152,17.949999999303202
12.315,1.96505778,1.2566091473335264,3.4702932271566427,0.7084486326664736,1953.9871673652826,22.009999999853505
12.32,1.96585204,1.2601263242347864,3.436446101515107,0.7057257157652135,4689.56920167932,48.670000000472555
12.325,1.96652162,1.263838899852783,3.432690657995193,0.702682720147217,-1758.5884506271993,87.64999999960662
12.33,1.96707523,1.2693100639214097,3.431193268089891,0.6977651660785904,-7620.549952726376,111.78000000001344
12.335,1.96752745,1.2745858292733,3.4307064505088025,0.6929416207266998,-1367.7910171555175,110.67000000046113
12.34,1.96789378,1.2782984048912969,3.4213895969025336,0.6895953751087032,6252.758935571146,99.03999999977896
12.345,1.96818705,1.281229385642347,3.409175034763796,0.6869576643576532,1953.9871673655646,93.73999999980182
12.35,1.96841836,1.2857235561272902,3.397877434465353,0.6826948038727099,-3517.176901258814,95.57000000001332
12.355,1.96859946,1.2900223278954968,3.3875891836332843,0.6785771321045033,-781.5948669469063,95.76000000038637
12.36,1.96874271,1.293539504796757,3.3812895497384243,0.6752032052032428,1758.5884506286964,90.67999999985364
12.365,1.96886025,1.2974474791314905,3.3732549032069903,0.6714127708685096,586.1961502100379,85.98999999918891
12.37,1.96896259,1.3009646560327504,3.3522508821916146,0.6679979339672497,-390.79743347160286,86.00000000028837
12.375,1.9690601,1.3052634278009572,3.3621097386581447,0.6637966721990429,2.2808421817899216e-09,86.39000000073685
12.38,1.96916399,1.3085852059854806,3.3380022459994585,0.6605787840145194,-586.1961502118832,80.86999999989087
12.385,1.96928501,1.313079376470424,3.350572348563332,0.6562056335295758,-586.1961502125965,68.13999999991731
12.39,1.9694333,1.3164011546549474,3.3219429982007687,0.6530321453450525,1172.3923004206467,55.51999999994685
12.395,1.96961585,1.320309128989681,3.315236528426024,0.6493067210103192,586.196150211175,46.85999999964193
12.4,1.96983866,1.3238263058909407,3.3072454117054195,0.6460123541090592,-1758.588450630686,32.44999999992754
12.405,1.97010814,1.3281250776591476,3.291672331995194,0.6419830623408525,-781.594866947761,12.370000000601522
12.41,1.97042693,1.331446855843671,3.259271853989607,0.638980074156329,1367.7910171569472,1.8300000002114416
12.415,1.97079433,1.334768634028194,3.2502869026249965,0.636025695971806,390.7974334739889,2.2099999995010364
12.42,1.97121048,1.338481209646191,3.236608093665498,0.632729270353809,1172.392300420718,1.6499999998130193
12.425,1.97167625,1.3416075891139778,3.2248821589860355,0.6300686608860222,976.99358368282,-4.549999999846506
12.43,1.97219152,1.3453201647319744,3.209801957808014,0.6268713552680256,-2540.183317576458,-15.33999999992443
12.435,1.97275555,1.3498143352169178,3.191516278171507,0.6229412147830822,-195.39871673601658,-24.940000000129857
12.44,1.9733655,1.3529407146847048,3.1619871053099846,0.6204247853152953,1563.189733893249,-25.089999999466897
12.445,1.97401689,1.3568486890194382,3.1529926090138063,0.6171682009805617,195.39871673516484,-17.009999999971342
12.45,1.97470748,1.3611474607876448,3.14167064377242,0.6135600192123551,2344.7846008389565,-0.4200000009595044
12.455,1.97543518,1.3642738402554315,3.1151515277588526,0.6111613397445685,-1563.189733890691,23.18000000002496
12.46,1.97620045,1.3701358017575318,3.144172865800553,0.6060646482424683,-5080.366635152577,28.710000000584728
12.465,1.97701,1.3744345735257386,3.125770829745499,0.6025754264742613,-195.39871673800587,3.400000000226555
12.47,1.97786759,1.378342547860472,3.11068243126952,0.599525042139528,2344.7846008407273,-23.190000000001106
12.475,1.97877006,1.3822505221952053,3.073804658926224,0.5965195378047947,1758.588450629833,-24.490000000412977
12.48,1.9797123,1.385572300379729,3.070411478806477,0.5941399996202712,-781.5948669477605,-9.939999999914875
12.485,1.98069217,1.3900664708646722,3.060333864618668,0.5906256991353278,-2344.7846008407246,0.3400000005625827
12.49,1.98171009,1.3935836477659322,3.054312496254461,0.5881264422340677,1563.189733892395,2.089999999270219
12.495,1.98276639,1.3971008246671923,3.047463006508721,0.5856655653328078,3712.5756179977825,0.7899999996836868
12.5,1.9838613,1.400031805418242,3.042990155710391,0.5838294945817581,-1367.791017153079,-3.4699999994815585
12.505,1.98499481,1.404916773336659,3.0281601926584027,0.5800780366633411,-3712.5756179962295,-15.269999999790059
12.51,1.98616672,1.4086293489546555,3.0189920930060743,0.5775373710453444,-195.3987167385742,-30.66999999959019
12.515,1.98737396,1.4121465258559158,2.9840796661464912,0.5752274341440842,1367.7910171560948,-38.490000000878425
12.52,1.98861108,1.415663702757176,2.9825518919081486,0.5729473772428242,2149.385884102719,-31.690000000709333
12.525,1.98987317,1.4185946835082262,2.955074406811692,0.5712784864917739,586.1961502097554,-7.0399999987104
12.53,1.99115589,1.4225026578429594,2.95574023786286,0.5686532321570406,-2344.784600839589,18.780000000334397
12.535,1.99246075,1.4264106321776928,2.978695029841306,0.5660501178223072,-195.3987167377234,12.609999998573997
12.54,1.99379411,1.4297324103622162,2.967449171855858,0.5640616996377839,2735.582034313943,-16.720000000147735
12.545,1.99515548,1.433249587263476,2.928854171436561,0.5619058927365239,390.797433477087,-27.189999998710604
12.55,1.99653835,1.4371575615982095,2.9198054258619184,0.5593807884017905,-3321.7781845249665,-22.7499999993874
12.555,1.99794064,1.4418471307998897,2.922683133824626,0.5560935092001102,-586.1961502140174,-34.990000000620256
12.56,1.99936142,1.445168908984413,2.8804427484916144,0.554192511015587,1758.5884506306859,-56.48000000121776
12.565,2.00079348,1.4488814846024096,2.860486570313903,0.5519119953975904,-1563.189733891828,-67.16999999980834
12.57,2.00222833,1.4531802563706164,2.8345562840473297,0.5490480736293835,-586.1961502114611,-69.91999999911835
12.575,2.00365752,1.456111237121667,2.8011345943635324,0.5475462828783331,1953.9871673676246,-71.679999999767
12.58,2.00507191,1.4596284140229263,2.791452677503626,0.5454434959770735,1172.3923004231224,-73.03000000007665
12.585,2.00646284,1.46295019220745,2.7817975953180123,0.5435126477925503,976.9935836822804,-69.61000000047952
12.59,2.00782048,1.4664673691087102,2.754836538481713,0.5413531108912897,-976.9935836826396,-59.920000000491115
12.595,2.00913641,1.47057074216018,2.725153047445788,0.5385656678398201,-1758.5884506298332,-51.429999999472784
12.6,2.01040443,1.4746741152116505,2.696080553935454,0.5357303147883494,2149.38588410016,-46.789999998966096
12.605,2.01161831,1.477995893396174,2.66971242901932,0.5336224166038257,2344.7846008404426,-41.98000000087799
12.61,2.01277233,1.482490063881117,2.643580888723593,0.5302822661188833,-2540.1833175744687,-36.96000000076239
12.615,2.01386175,1.487375031799534,2.6126972970319398,0.5264867182004658,-3907.9743347356816,-32.419999999718925
12.62,2.0148822,1.4922599997179506,2.5804154065702147,0.5226222002820495,-1172.3923004215412,-29.149999999960016
12.625,2.01582977,1.496167974052684,2.558798662673682,0.5196617959473158,2149.385884106943,-36.10999999921512
12.63,2.01670162,1.500075948387417,2.533366169777121,0.516625671612583,3517.176901260993,-61.80999999974955
12.635,2.01749322,1.503202327855204,2.489182545019727,0.514290892144796,-390.79743347459095,-96.84000000050162
12.64,2.01819448,1.508087295773621,2.4221469983575954,0.5101071842263789,-2735.582034313897,-122.65000000042488
12.645,2.01879029,1.5119952701083543,2.3635168439414027,0.5067950198916458,-390.79743347288627,-129.13000000026477
12.65,2.01926394,1.5159032444430878,2.307811240934857,0.5033606955569123,976.9935836840625,-119.5499999997246
12.655,2.01959833,1.5198112187778212,2.25247834250558,0.4997871112221788,1563.1897338926801,-120.16999999986479
12.66,2.01978087,1.5231329969623446,2.2452082682026107,0.49664787303765534,-781.5948669491827,-140.12000000008732
12.665,2.01979779,1.527627167447288,2.1417121838151894,0.49217062255271204,-2149.3858841032124,-127.58999999974276
12.67,2.0196251,1.5313397430652846,2.105416003758176,0.4882853569347152,1172.3923004228652,-66.28000000006796
12.675,2.01924855,1.534661521249808,2.107877512078738,0.4845870287501919,1953.9871673655102,-22.280000000161635
12.68,2.01866904,1.538374096867805,2.0679333961786286,0.4802949431321948,586.1961502086183,-16.359999999338584
12.685,2.01788433,1.5420866724858016,2.035676053142904,0.4757976575141982,-195.3987167363017,-2.7000000000044793
12.69,2.01689041,1.5461900455372717,2.0065619762324896,0.4707003644627281,-1953.9871673667026,34.53999999919813
12.695,2.01568877,1.5504888173054785,1.9799208650820204,0.46519995269452163,-2149.385884104993,82.58000000097695
12.7,2.01428651,1.5545921903569486,1.9574975264474896,0.4596943196430512,195.3987167357311,138.57999999952676
12.705,2.01269641,1.557913968541472,1.9436508075069885,0.4547824414585282,1758.5884506324257,192.7799999978746
12.71,2.01093992,1.561431145442732,1.9559177975590671,0.4495087745572681,781.5948669471989,227.0200000011069
12.715,2.00904583,1.5645575249105188,1.9492893297205336,0.444488305089481,-8.522249572706642e-10,246.86000000088956
12.72,2.00704342,1.568465499245252,1.953455130635405,0.438577920754748,1172.3923004203627,271.23999999987564
12.725,2.00496405,1.5712010812795654,1.978085529347823,0.4337629687204345,-781.5948669454866,297.6900000007399
12.73,2.00284387,1.5756952517645089,1.9985321915251344,0.4271486182354911,-1758.5884506304008,309.5299999992693
12.735,2.00072231,1.5790170299490325,2.0407991493280018,0.4217052800509675,976.9935836826397,297.969999999465
12.74,1.99863896,1.5823388081335557,2.0540579435730524,0.4163001518664444,-195.39871673772245,262.70000000154226
12.745,1.99663014,1.586246782468289,2.0780020588497963,0.41038335753171085,-586.1961502117715,208.88000000032633
12.75,1.99472666,1.589373161936076,2.0611873199124986,0.40535349806392396,1953.9871673686293,154.21999999774278
12.755,1.99295024,1.5926949401205992,2.0413212484236083,0.4002552998794009,390.79743347392457,116.1599999989815
12.76,1.99131585,1.596212117021859,2.029508297999305,0.39510373297814105,-2149.385884104992,88.62000000164369
12.765,1.98983683,1.6003154900733294,2.0181093084245134,0.3895213399266706,390.7974334740228,62.61000000137267
12.77,1.98852269,1.6032464708243792,1.9875750239342564,0.3852762191756207,1563.189733894385,43.99999999947329
12.775,1.98737853,1.6069590464423762,1.9831783952194288,0.3804194835576238,-586.1961502106076,31.04999999948359
12.78,1.98640979,1.6108670207771094,1.9752234474268429,0.37554276922289054,-2.843307811417617e-10,21.57000000039568
12.785,1.98561934,1.6141887989616328,1.941063000745332,0.37143054103836715,-781.5948669480451,18.369999999663833
12.79,1.9850082,1.6184875707298394,1.9624680637618703,0.3665206292701606,-1367.7910171572257,3.169999999261222
12.795,1.98458083,1.6220047476310997,1.94931797312582,0.3625760823689004,976.9935836853911,-32.90999999961798
12.8,1.98433629,1.625326525815623,1.908614851959175,0.3590097641843768,2735.5820343130567,-61.36999999954048
12.805,1.98426617,1.62903910143362,1.9012082011143443,0.35522706856637987,2930.980751049061,-57.76999999995053
12.81,1.98436115,1.6323608796181432,1.865382381905906,0.3520002703818568,-3517.1769012616583,-28.70999999970661
12.815,1.98461399,1.6380274424035066,1.8796486864149524,0.3465865475964933,-6643.556369047871,-14.150000000370937
12.82,1.98502501,1.64252161288845,1.8880676048745173,0.34250339711154987,976.993583684063,-52.010000000566265
12.825,1.98559558,1.6454525936395,1.8714018174714544,0.3401429863605001,4689.569201680965,-106.27999999977112
12.83,1.98631372,1.649165169257497,1.8564102179091135,0.33714855074250316,2735.5820343155315,-105.58000000003318
12.835,1.98715893,1.6522915487252834,1.8417387007922643,0.3348673812747167,-1758.5884506316086,-61.38000000011283
12.84,1.988121,1.6569811179269638,1.8467101060312363,0.33113988207303624,-5080.366635155475,-44.44999999918946
12.845,1.98919846,1.6612798896951704,1.8213045956482603,0.3279185703048295,-195.39871673516325,-73.47999999979288
12.85,1.99038547,1.6642108704462204,1.8049819839807677,0.3261745995537797,5080.366635153487,-108.84000000033211
12.855,1.99166972,1.6673372499140071,1.7633456966307242,0.32433247008599286,1953.9871673652801,-109.45000000021366
12.86,1.99303365,1.6706590280985305,1.7291044246317793,0.3223746219014696,-2930.9807510499113,-75.7000000004414
12.865,1.99446387,1.6755439960169474,1.7476811897818327,0.31891987398305255,1172.3923004200808,-47.850000000268835
12.87,1.99595609,1.6782795780512607,1.738415032158514,0.31767651194873925,3321.778184524386,-45.26999999970906
12.875,1.99750521,1.682969147252941,1.7185994107398936,0.31453606274705903,-3321.7781845198797,-54.18999999904207
12.88,1.99910494,1.6882449126048311,1.7171210519817122,0.31086002739516894,-4298.771768205508,-63.749999999875286
12.885,2.00074847,1.692934481806511,1.667372466301299,0.30781398819348893,-976.9935836851988,-67.04000000127269
12.89,2.00242601,1.697233253574718,1.6702604864092372,0.3051927564252821,-5.675246939063072e-10,-70.13000000029321
12.895,2.0041299,1.701141227909451,1.6465406796726605,0.302988672090549,2149.385884103857,-88.41999999902269
12.9,2.00585226,1.7042676073772378,1.6273493809938688,0.30158465262276235,2540.183317577595,-107.4700000000964
12.905,2.00757937,1.707589385561761,1.619263866140367,0.2999899844382392,195.39871673573143,-99.30000000025993
12.91,2.00929527,1.7114973598964949,1.5966769810651695,0.2977979101035051,390.7974334711796,-71.5300000001696
12.915,2.01098941,1.714819138081018,1.5771267447542092,0.29617027191898204,781.5948669482611,-50.18000000061197
12.92,2.01265574,1.7191179098492249,1.5533205504926004,0.29353783015077517,-1172.3923004160272,-38.52999999935564
12.925,2.01428849,1.7232212829006948,1.5308965276500364,0.29106720709930545,-3126.3794677878554,-30.919999998694152
12.93,2.01588349,1.727910852102375,1.5186307882017405,0.28797263789762484,-1758.5884506329603,-32.160000000091344
12.935,2.01743808,1.7316234277203717,1.4956934737592509,0.2858146522796281,2344.7846008410106,-38.29000000138359
12.94,2.0189476,1.7347498071881584,1.4664441330154925,0.28419779281184177,1758.5884506309687,-35.89000000005342
12.945,2.02040602,1.7382669840894187,1.4523460541916675,0.2821390359105811,-781.5948669486143,-26.699999999381475
12.95,2.02180978,1.7419795597074152,1.4375760489991585,0.27983022029258464,1367.7910171552217,-19.58999999995143
12.955,2.02315642,1.7449105404584655,1.4157437267136217,0.27824587954153435,1367.7910171593376,-11.1799999993423
12.96,2.02444333,1.7488185147931987,1.4027887525848477,0.27562481520680127,-1953.9871673662396,1.4399999994498387
12.965,2.02566969,1.7529218878446686,1.3873322326008215,0.27274780215533134,-976.9935836849144,9.789999999157573
12.97,2.02683707,1.7566344634626654,1.3821627564476855,0.27020260653733463,586.1961502106074,8.95000000070965
12.975,2.02794727,1.760347039080662,1.3558719170965507,0.26760023091933793,-781.5948669471926,7.130000000472535
12.98,2.02900079,1.7644504121321325,1.3412990298452716,0.2645503778678675,390.7974334723169,14.119999999309925
12.985,2.02999811,1.767772190316656,1.3208403025133642,0.2622259196833443,1563.1897338941012,27.799999999730346
12.99,2.03094162,1.7714847659346524,1.3230947801531687,0.2594568540653477,-976.9935836843449,35.75000000012196
12.995,2.03183633,1.7755881389861226,1.308501588115473,0.2562481910138774,-1563.1897338929641,31.21999999936557
13.0,2.03268736,1.779300714604119,1.2953376575819555,0.25338664539588107,781.5948669496123,22.870000000809625
13.005,2.03349768,1.7828178915053792,1.2711328718190795,0.2506797884946208,1172.392300417812,20.750000001014
13.01,2.03426923,1.7863350684066397,1.2608172687158603,0.24793416159336035,-976.9935836849154,21.50999999884195
13.015,2.03500503,1.7902430427413727,1.246848513502527,0.24476198725862752,-1367.7910171543904,20.039999999427124
13.02,2.03570798,1.7937602196426328,1.2231452952665198,0.24194776035736743,1172.3923004203625,20.98000000103258
13.025,2.03637989,1.7968865991104197,1.2145948190200089,0.23949329088958038,3126.379467786213,26.560000000302963
13.03,2.03702365,1.8002083772949429,1.204343544161625,0.2368152727050572,1367.7910171558108,31.769999999654743
13.035,2.03764324,1.80392095291294,1.1922922700603384,0.2337222870870599,-3712.575617999095,33.579999999632385
13.04,2.0382428,1.8088059208313565,1.175473908881968,0.22943687916864342,-3126.37946778645,33.16000000013
13.045,2.03882685,1.81271389516609,1.1648946504861128,0.22611295483391003,1758.5884506320292,34.04000000074544
13.05,2.03939901,1.8158402746338769,1.1438014759704318,0.22355873536612303,586.1961502087493,33.62999999921083
13.055,2.03996388,1.8201390464020832,1.1562740188103169,0.21982483359791694,-390.7974334745911,28.489999999125047
13.06,2.04052632,1.8230700271531333,1.1447167428454874,0.21745629284686685,976.9935836829245,31.63000000086116
13.065,2.04108796,1.82678260277113,1.138877859792833,0.21430535722887,195.39871673658592,49.51000000005697
13.07,2.04165322,1.8301043809556532,1.136213941031767,0.21154883904434696,195.3987167363017,65.33999999931248
13.075,2.04223072,1.8336215578569133,1.133543596851465,0.20860916214308678,195.39871673662003,67.04000000124756
13.08,2.04282922,1.8371387347581736,1.1314719385568257,0.2056904852418262,-781.5948669452041,55.51000000025577
13.085,2.0434575,1.8408513103761703,1.1290759976306493,0.2026061896238298,3.866773568006465e-10,41.61999999867601
13.09,2.04412136,1.8443684872774304,1.0984466007232156,0.1997528727225697,1367.7910171560948,43.440000000602595
13.095,2.04482381,1.8476902654619536,1.105960059588331,0.19713354453804643,390.79743347317014,59.45000000054077
13.1,2.04557126,1.851793638513424,1.1081272449023991,0.19377762148657607,-1367.791017156378,70.28999999903695
13.105,2.04637309,1.8555062141314205,1.1107399556839002,0.19086687586857942,-1758.5884506301163,69.96999999984462
13.11,2.04723837,1.8598049858996275,1.1092720647469378,0.18743338410037258,195.39871673630142,60.65000000120526
13.115,2.04817563,1.862931365367414,1.112216786724337,0.1852442646325858,1172.3923004186577,29.18999999906316
13.12,2.04919266,1.866643940985411,1.1109146868163795,0.18254871901458913,976.99358368223,-25.48000000108391
13.125,2.05029208,1.870161117886671,1.0731326248628117,0.18013096211332913,1953.9871673684956,-44.55999999805317
13.13,2.05146332,1.8734828960711944,1.0622686060847228,0.17798042392880542,-1172.3923004207802,18.25000000030974
13.135,2.05269696,1.8781724652728744,1.0988925513804364,0.1745244947271256,-3712.575617997957,87.04999999878669
13.14,2.05400579,1.8822758383243443,1.1177930955865742,0.17172995167565586,1563.189733894956,70.9300000005473
13.145,2.05540852,1.8857930152256044,1.101797191348271,0.16961550477439546,3126.379467787352,17.080000000078996
13.15,2.05690712,1.8893101921268645,1.0565503558493057,0.16759692787313551,-3321.7781845247882,0.6099999995964254
13.155,2.05849769,1.8945859574787545,1.0742684327263798,0.16391173252124536,-2149.3858841044266,-5.299999999409067
13.16,2.06018439,1.8977123369465412,1.0626000812100511,0.1624720530534587,3517.176901259666,-23.560000000771367
13.165,2.06196508,1.9012295138478013,1.0189902006887372,0.16073556615219853,1563.189733893963,-21.78000000021126
13.17,2.0638323,1.9053328868992716,1.0446290007865109,0.15849941310072846,-1367.7910171549152,-11.909999998355715
13.175,2.06578713,1.909240861234005,1.0304943630517638,0.15654626876599487,-1953.9871673671328,-29.73000000076422
13.18,2.06782907,1.9137350317189483,1.014025123134808,0.15409403828105184,-195.39871673800673,-65.68000000158048
13.185,2.06995193,1.9172522086202084,1.0035378045674703,0.15269972137979182,2540.1833175775955,-86.65999999977166
13.19,2.07214497,1.9209647842382047,0.961346567383732,0.15118018576179537,781.5948669466252,-66.39999999919323
13.195,2.0743938,1.9250681572896755,0.95882910122343,0.14932564271032467,-1953.987167368409,-24.400000000356755
13.2,2.07669334,1.9295623277746183,0.9811583239445196,0.1471310122253815,-1367.791017155957,-17.470000000544673
13.205,2.07904634,1.933470302109352,0.9665132821893778,0.1455760378906481,2.2752146833227016e-09,-51.899999998000084
13.21,2.08144978,1.9375736751608224,0.951776469514208,0.14387610483917745,586.1961502093332,-76.45999999933542
13.215,2.08389208,1.9410908520620824,0.910538415238784,0.1428012279379176,586.1961502080485,-72.11000000183141
13.22,2.08636239,1.944998826396816,0.9368284818804632,0.14136356360318403,1172.3923004206454,-66.58000000016146
13.225,2.08885456,1.948516003298076,0.8955736782286082,0.1403385567019242,976.9935836846314,-64.65999999875615
13.23,2.09135906,1.952423977632809,0.8918068962858091,0.13893508236719088,-1953.9871673681246,-50.51000000037505
13.235,2.0938672,1.9569181481177529,0.8835926774365285,0.13694905188224715,-2735.5820343133273,-36.77000000152579
13.24,2.09637513,1.9608261224524857,0.8780868633756397,0.13554900754751453,2.8535396268125623e-10,-42.32000000001961
13.245,2.09887949,1.964343299353746,0.8737361102570855,0.13453619064625388,2540.183317575902,-50.13999999901965
13.25,2.10137383,1.967469678821533,0.8394372203650948,0.1339041511784671,1953.9871673684902,-31.07999999912122
13.255,2.10384911,1.970791457006056,0.844717599826311,0.133057652993944,-781.5948669474705,-4.030000000634644
13.26,2.10630502,1.9748948300575264,0.8725348523381494,0.13141018994247378,-976.9935836849141,-10.280000000763295
13.265,2.10874498,1.9782166082420496,0.8335180169665771,0.1305283717579504,-390.79743347316986,-37.619999998812006
13.27,2.11116467,1.98231998129352,0.8293343824960139,0.12884468870648003,390.7974334726017,-43.99999999975638
13.275,2.11355682,1.9856417594780431,0.7955521152697673,0.12791506052195678,-8.523670658178162e-10,-22.63000000141426
13.28,2.11591516,1.98935433509604,0.7978213623810451,0.12656082490396003,-2540.18331757589,-10.83000000022713
13.285,2.11824063,1.9934577081475096,0.8202553757031563,0.12478292185249029,781.5948669469071,-30.249999999797666
13.29,2.12053386,1.9959978914650869,0.8192621566092511,0.12453596853491322,4298.771768206971,-42.06999999947982
13.295,2.12278558,1.999124270932873,0.8057470040620076,0.12366130906712702,-195.3987167333601,-22.649999998806436
13.3,2.12499052,2.003032245267607,0.7870820065750812,0.12195827473239307,-3126.379467786759,-7.090000000889063
13.305,2.1271496,2.00694021960234,0.7671347200693029,0.12020938039766005,781.5948669426464,-16.910000000792564
13.31,2.12926249,2.010261997786864,0.7485945127631493,0.1190004922131358,2930.9807510504806,-31.45999999930075
13.315,2.1313256,2.0137791746881235,0.7077554513172276,0.11754642531187631,-976.9935836797983,-27.320000000089834
13.32,2.13333286,2.0184687438898035,0.687936613185653,0.11486411611019642,-3517.176901261658,-12.840000000551555
13.325,2.13528212,2.022572116941274,0.6845457628939889,0.11271000305872603,-1758.588450632434,-14.529999999649277
13.33,2.13717431,2.026675489992744,0.6572102588414103,0.11049882000725564,1563.189733895378,-28.939999999409338
13.335,2.13900632,2.0298018694605307,0.6224091829699602,0.10920445053946937,2735.58203431465,-31.460000000193048
13.34,2.14077231,2.033123647645054,0.6083587370557506,0.10764866235494619,976.9935836837774,-20.720000000267135
13.345,2.14246926,2.037031621979787,0.5927103210187878,0.10543763802021289,586.1961502089022,-6.489999999814586
13.35,2.1440954,2.040548798881048,0.5654733582791402,0.10354660111895209,-1367.7910171586525,10.460000000591833
13.355,2.14565022,2.045238368082728,0.5673181156756124,0.10041185191727164,-3712.5756179965365,21.429999999328004
13.36,2.14713709,2.0495371398509343,0.5509032083782279,0.09759995014906586,-976.9935836820716,16.649999998890905
13.365,2.14855966,2.053054316752194,0.5374894496764295,0.09550534324780591,2930.9807510493442,6.23000000018709
13.37,2.14991881,2.056376094936718,0.5103239016700567,0.09354271506328216,3517.1769012596374,4.250000000966111
13.375,2.15121423,2.0595024744045043,0.5001067576576887,0.0917117555954956,-586.1961502082999,8.300000000644758
13.38,2.15244679,2.063996644889448,0.4798296565360235,0.08845014511055194,-2735.5820343134437,9.569999999099025
13.385,2.15361818,2.068100017940918,0.458762787910452,0.08551816205908214,586.1961502097549,7.499999999823274
13.39,2.15472933,2.0718125935589145,0.4378728125294313,0.08291673644108544,195.39871673686935,4.370000000619484
13.395,2.15578108,2.076111365327121,0.4185988442161307,0.07966971467287909,-1953.987167367555,0.2699999996026179
13.4,2.15677393,2.080410137095328,0.3873775992365921,0.07636379290467188,195.3987167371545,-1.9800000004007643
13.405,2.1577073,2.0837319152798512,0.3683660907397753,0.07397538472014897,586.1961502106064,-0.2899999995519238
13.41,2.15858086,2.0878352883313216,0.3463496983282028,0.07074557166867823,1758.588450628411,3.950000000543355
13.415,2.15939486,2.091157066515845,0.3257597012323977,0.06823779348415471,2344.7846008393267,10.999999999551278
13.42,2.16014983,2.094674243417105,0.309885725157816,0.06547558658289487,-3517.1769012570667,19.409999999596096
13.425,2.16084771,2.100145407485732,0.2894956162177762,0.06070230251426789,-2344.7846008361003,23.750000000533987
13.43,2.16149184,2.1032717869535182,0.2765862546309851,0.05822005304648181,2735.5820343136115,24.29000000034995
13.435,2.16208526,2.107179761288252,0.2555502903365519,0.0549054987117481,976.9935836812194,27.119999999457633
13.44,2.16263064,2.1112831343397223,0.2395245844298038,0.0513475056602779,-2.8342128643998876e-10,31.40999999971072
13.445,2.1631318,2.114995709957719,0.2293130096960766,0.04813609004228114,-1563.189733893817,30.540000000202326
13.45,2.16359335,2.1196852791593987,0.2071573701703232,0.04390807084060144,-2735.5820343143946,25.160000000165155
13.455,2.16401874,2.1235932534941324,0.1842181713275394,0.040425486505867525,586.1961502107257,21.490000000029426
13.46,2.16441051,2.126915031678656,0.1702814073184692,0.037495478321344144,1758.5884506294933,22.219999999865806
13.465,2.16477124,2.130236809863179,0.1516219313006992,0.03453443013682067,1367.7910171566637,27.550000000077375
13.47,2.16510361,2.1335585880477024,0.1392128907850291,0.03154502195229769,1367.7910171578005,34.34999999967799
13.475,2.16541152,2.136684967515489,0.1346738394478303,0.02872655248451128,-1563.1897338935323,35.82999999992043
13.48,2.1657002,2.140983739283696,0.1185637842884364,0.024716460716303956,-2344.7846008415772,33.00000000081263
13.485,2.16597393,2.1443055174682195,0.0996940257500233,0.021668412531780312,1172.3923004195087,34.56000000000059
13.49,2.16623611,2.1476272956527427,0.0927104410865959,0.01860881434725714,2930.980751050194,39.939999999207416
13.495,2.16649147,2.150753675120529,0.0875294112057516,0.0157377948794708,781.5948669476857,39.74999999968168
13.5,2.1667459,2.1546616494552624,0.078108653606637,0.012084250544737607,-2149.385884100277,34.26000000047408
13.505,2.16700408,2.158960421223469,0.0527238686027633,0.008043658776530904,-2540.1833175761176,32.990000000553394
13.51,2.16726932,2.162868395558202,0.0450998065318631,0.004400924441797738,-1172.3923004226363,36.53000000014276
13.515,2.16754602,2.1667763698929363,0.0357921985494699,0.0007696501070637574,1172.3923004195108,35.750000000122355
13.52,2.16783936,2.169707350643986,0.0296193609235136,-0.0018679906439862393,1758.5884506309696,26.319999999203617
13.525,2.16815382,2.1730291288285097,0.0204606209989389,-0.004875308828509617,390.79743347430616,16.939999999011363
13.53,2.16849177,2.176350907013033,-0.0047666969722666,-0.007859137013032758,-2.8350655156828e-10,19.44000000065759
13.535,2.1688538,2.17947728648082,-0.009261230379488,-0.0106234864808199,-976.9935836863345,27.38000000079076
13.54,2.16924349,2.183189862098817,-0.0006022526969766,-0.013946372098816884,-1563.1897338926528,26.210000000023825
13.545,2.1696654,2.186120842849866,-0.0276706016893493,-0.01645544284986622,-586.1961502068796,16.69000000021056
13.55,2.1701219,2.189247222317653,-0.0158987435835649,-0.019125322317653293,781.5948669461669,5.419999999981371
13.555,2.17061483,2.1913966082017566,-0.0403501140321611,-0.02078177820175675,1367.791017156095,-0.910000001113076
13.56,2.17114369,2.193936791519333,-0.0444441265481112,-0.022793101519333003,390.79743347260205,2.1399999994288237
13.565,2.17170751,2.196086177403437,-0.0480681414076467,-0.02437866740343697,-781.5948669460554,3.8300000008464963
13.57,2.17230795,2.198626360721013,-0.0387474905406983,-0.02631841072101304,-390.7974334734554,-3.0299999994556117
13.575,2.17294558,2.2005803478883803,-0.0644879207284338,-0.027634767888380374,-1.5728573998785578e-09,-9.799999999439336
13.58,2.17361851,2.202534335055747,-0.0529611494420575,-0.028915825055747302,-781.5948669433649,-16.91999999991512
13.585,2.17432601,2.204488322223113,-0.0608603116478562,-0.03016231222311294,195.39871673814469,-27.0900000014976
13.59,2.17506557,2.2056607145235336,-0.0792707482005648,-0.030595144523533513,781.594866944066,-29.519999999935237
13.595,2.17583188,2.2070285055406904,-0.0758907056405111,-0.03119662554069036,-195.39871673686912,-24.509999998657506
13.6,2.17662204,2.2082008978411105,-0.0712299028589897,-0.0315788578411107,195.39871673743767,-20.73000000024267
13.605,2.17743367,2.208982492708057,-0.0827229743184645,-0.0315488227080567,390.7974334737386,-10.22000000034528
13.61,2.17826341,2.20995948629174,-0.071146854503947,-0.031696076291740205,-2.843876245606225e-10,11.149999999418185
13.615,2.17911065,2.2105456824419503,-0.057974428515257,-0.03143503244195012,-8.526512829121202e-10,23.82999999895324
13.62,2.17997946,2.211327277308897,-0.0242476595839619,-0.0313478173088968,-4.989715307601728e-10,14.040000000915896
13.625,2.18087397,2.2117180747423704,-0.0394871946676272,-0.030844104742370426,-195.3987167366197,-3.559999998400585
13.63,2.18179402,2.2123042708925804,-0.0254184464773801,-0.030510250892580526,-195.39871673580194,-5.8000000001176915
13.635,2.18273767,2.212499669609317,-0.0352514471887857,-0.029761999609317247,390.79743347373835,13.479999999219885
13.64,2.18370353,2.212695068326054,-0.0142649938006866,-0.028991538326053945,781.5948669466244,31.779999999629652
13.645,2.18469595,2.212695068326054,0.0312620774893184,-0.02799911832605373,195.39871673686923,23.280000000342227
13.65,2.18572147,2.2128904670427905,0.0140598549773691,-0.027168997042790632,-390.7974334737386,-0.4000000004112394
13.655,2.18678059,2.213085865759527,0.0308745677083161,-0.026305275759527014,195.39871673630083,-7.26000000099728
13.66,2.18787112,2.213085865759527,0.0189086745384492,-0.02521474575952709,390.7974334737386,15.28000000064445
13.665,2.18899119,2.213281264476264,0.0405444450869373,-0.024290074476263968,-195.39871673658504,46.26000000112076
13.67,2.19014522,2.2134766631930005,0.086924708789671,-0.023331443193000734,-195.39871673690396,51.56999999997018
13.675,2.19134303,2.213672061909737,0.0947870605707934,-0.022329031909737118,195.39871673630086,28.16999999967382
13.68,2.19259003,2.213867460626474,0.1027671633725666,-0.021277430626474025,390.7974334734543,-2.440000000092226
13.685,2.19388768,2.2140628593432106,0.1110430606442291,-0.02017517934321056,1.1368967989255907e-09,-26.610000000461014
13.69,2.19523372,2.2144536567766835,0.0890716774545187,-0.019219936776683433,-390.7974334737386,-37.87999999957654
13.695,2.1966227,2.2148444542101573,0.1053833298432263,-0.01822175421015748,-195.3987167380062,-37.62999999963955
13.7,2.19804968,2.2152352516436307,0.0883247518028388,-0.01718557164363066,195.39871673676512,-33.950000000990514
13.705,2.19951021,2.215626049077104,0.1094428382872059,-0.0161158390771039,586.1961502102889,-23.750000000006295
13.71,2.20100028,2.2160168465105774,0.0945907716183921,-0.015016566510577256,195.3987167371189,2.2500000014487824
13.715,2.20251626,2.216603042660787,0.1169758284810226,-0.014086782660787112,-586.196150209471,24.280000000374713
13.72,2.20406177,2.2173846375277337,0.1631525522501972,-0.013322867527733706,-195.3987167371537,15.23999999875528
13.725,2.2056431,2.217970833677944,0.1383613930727825,-0.012327733677943709,390.79743347345413,-3.0200000003334537
13.73,2.20725843,2.2187524285448905,0.1514048181919987,-0.011493998544890527,8.526512829121202e-14,-5.34999999928192
13.735,2.20890597,2.2195340234118373,0.1619831302433064,-0.010628053411837257,-8.525944394932594e-10,-11.750000000177195
13.74,2.21058724,2.2205110169955207,0.1689955936633111,-0.009923776995520495,390.79743347373875,-28.290000001620356
13.745,2.21229952,2.2212926118624674,0.1453596798555587,-0.008993091862467217,-195.39871673598188,-28.879999999577038
13.75,2.21403645,2.222660402879624,0.1566966416127433,-0.008623952879624142,-195.39871673790225,-12.369999997759805
13.755,2.21579546,2.223637396463308,0.1663897494467733,-0.007841936463308219,1.0416556506243069e-10,-5.280000000295573
13.76,2.21757718,2.225005187480464,0.1713126308364989,-0.007428007480463794,-390.7974334714647,-18.890000000909822
13.765,2.21938142,2.2263729784976207,0.17379097252308,-0.006991558497620787,390.7974334731698,-35.48000000051964
13.77,2.22120415,2.227545370798041,0.1485956527520261,-0.00634122079804067,195.39871673573214,-34.91000000025363
13.775,2.22303851,2.2291085605319343,0.1590671594667257,-0.0060700505319344344,-195.39871673630046,-24.41999999916888
13.78,2.22488188,2.2306717502658278,0.1664026632056862,-0.00578987026582789,976.9935836837783,-12.989999999603995
13.785,2.22673182,2.232039541282984,0.1423215999821592,-0.005307721282984179,-390.79743347572827,2.679999999486803
13.79,2.22858595,2.234188927167088,0.179905143776599,-0.005602977167088241,-1563.1897338940257,6.2399999998738025
13.795,2.23044836,2.2361429143344544,0.1775090748182728,-0.005694554334454427,390.79743347694705,-4.069999999953996
13.8,2.23231904,2.2377061040683475,0.1483380875140042,-0.005387064068347325,781.5948669468453,-0.9399999998940558
13.805,2.23419437,2.239855489952451,0.1802068549737642,-0.005661119952450999,390.79743347032854,7.40000000092714
13.81,2.23607708,2.241614078403081,0.1754758121163492,-0.005536998403081306,-1.1360157259332482e-09,-2.0200000008691816
13.815,2.23796891,2.2439588630039213,0.1677112400651343,-0.0059899530039211335,-781.5948669457722,-17.100000001165093
13.82,2.23986747,2.246303647604761,0.1595281528780938,-0.006436177604761006,-2.843876245606225e-10,-24.259999999572983
13.825,2.24176996,2.2484530334888646,0.1520104324489002,-0.006683073488864544,390.7974334742378,-25.21999999941908
13.83,2.24367311,2.250993216806441,0.141985558389682,-0.007320106806441018,-195.39871673349296,-21.329999999011523
13.835,2.24557326,2.253338001407281,0.1326330781852887,-0.007764741407280784,-976.9935836851298,-22.39000000031535
13.84,2.24746878,2.256073583441595,0.1427761151675399,-0.008604803441594644,-586.1961502140191,-38.89000000043694
13.845,2.24935748,2.258418368042435,0.1049313213907044,-0.009060888042434989,1367.791017157801,-56.419999999664086
13.85,2.25123209,2.260567753926538,0.0979754492697939,-0.009335663926538285,976.9935836866198,-52.58000000083392
13.855,2.25308373,2.2631079372441145,0.0676305958454086,-0.010024207244114347,-1367.7910171566634,-31.95000000005247
13.86,2.25490662,2.265843519278428,0.0829315497351994,-0.010936899278428225,-1563.1897338952383,-20.649999998738934
13.865,2.25669943,2.268383702596005,0.0700734235408686,-0.01168427259600513,1953.9871673647135,-27.420000001258458
13.87,2.25846042,2.2705330884801085,0.0590267839030175,-0.012072668480108462,2344.7846008398255,-30.87000000132781
13.875,2.26018393,2.272682474364212,0.0314739893541176,-0.012498544364211828,-3907.9743347291637,-23.519999997746652
13.88,2.26186607,2.276590448698945,0.0472056752889443,-0.014724378698944829,-3321.778184520086,-27.70999999913255
13.885,2.26350636,2.278349037149575,0.018391951912952,-0.014842677149574879,3517.1769012579625,-42.970000001221365
13.89,2.26510005,2.280107625600205,-0.0034845973111566,-0.015007575600205048,2344.7846008381675,-39.749999999971095
13.895,2.26663901,2.282061612767572,-0.0206912835668343,-0.015422602767571902,-2540.1833175758893,-15.649999999994463
13.9,2.26811939,2.2846017960851484,-0.0105073695859079,-0.016482406085148504,-1758.5884506292648,1.7499999998450733
13.905,2.26954213,2.286164985819042,-0.0145806803543288,-0.01662285581904177,1563.189733892112,2.0399999999654312
13.91,2.27090844,2.2875327768361986,-0.0173280537953397,-0.016624336836198683,1367.791017156948,0.7699999991930895
13.915,2.27221747,2.288900567853355,-0.0316780168612529,-0.016683097853354756,-781.5948669446415,5.640000000294606
13.92,2.27346924,2.2904637575872484,-0.0173921602891162,-0.01699451758724857,-781.5948669459175,7.040000000699422
13.925,2.2746658,2.2916361498876685,-0.0301955465047053,-0.016970349887668323,781.5948669452035,6.600000000065506
13.93,2.27580743,2.292613143471352,-0.0378977864611868,-0.016805713471351957,781.5948669446351,16.560000000255002
13.935,2.27689416,2.293590137055036,-0.0284538132938575,-0.016695977055035893,-390.79743347203333,33.66999999940512
13.94,2.27792961,2.294762529355455,-0.0210517355607339,-0.016832919355454834,-195.39871673459533,44.909999999732946
13.945,2.27891911,2.2955441242224017,-0.0131554647486361,-0.016625014222401813,-195.39871673800633,40.89999999962603
13.95,2.27986945,2.2965211178060856,0.0072241546498175,-0.016651667806085513,-586.1961502111762,24.86000000035517
13.955,2.28078556,2.2973027126730323,0.00954730207458,-0.01651715267303233,390.7974334738144,18.290000001856654
13.96,2.28166785,2.2976935101065057,0.0112534380835693,-0.016025660106505857,390.7974334728924,29.57999999947502
13.965,2.28251837,2.2982797062567157,0.0118646971441323,-0.01576133625671572,-390.7974334740227,36.90999999861509
13.97,2.2833431,2.298670503690189,0.0268208440397708,-0.015327403690188923,195.39871673658496,28.89000000010479
13.975,2.28414712,2.298865902406926,0.0114215574511861,-0.014718782406925701,586.1961502111762,21.469999999795576
13.98,2.28493211,2.299061301123662,0.0143899728376961,-0.014129191123661844,195.3987167377219,20.319999999856634
13.985,2.2857007,2.2992566998403987,0.0298707859409827,-0.01355599984039868,-195.39871673715348,14.220000001046863
13.99,2.28645635,2.2994520985571354,0.0157649009397011,-0.012995748557135478,-1.1368959343822732e-09,4.800000000387065
13.995,2.28719943,2.299647497273872,0.0180677315676156,-0.012448067273872265,586.1961502091173,-0.8700000009203208
14.0,2.28793004,2.299647497273872,0.0203096673545686,-0.011717457273872078,1.705346974744959e-09,-3.6499999998793697
14.005,2.28864811,2.300038294707345,0.0090715539016645,-0.011390184707344986,-586.1961502082646,-0.919999999391024
14.01,2.28935231,2.3002336934240817,0.0122515208753188,-0.010881383424081736,-1.4211023232748244e-09,4.8499999994080625
14.015,2.29004309,2.300429092140819,0.0228128454136095,-0.01038600214081864,195.39871673544818,1.7099999999460422
14.02,2.29072224,2.3006244908575555,0.0194689389693398,-0.009902250857555472,195.39871673601658,-8.959999999547513
14.025,2.29138922,2.300819889574292,0.0087040969871839,-0.009430669574292061,195.39871673658504,-13.430000000767848
14.03,2.29204154,2.301015288291029,0.0080899526851205,-0.008973748291028816,-390.7974334708964,-8.700000000488238
14.035,2.29267754,2.301406085724502,0.0058098916901737,-0.008728545724501657,-195.3987167363008,-3.01999999948076
14.04,2.29329678,2.301601484441239,0.0102148674945236,-0.008304704441238986,390.79743347007843,-1.4199999992446948
14.045,2.29389935,2.301796883157976,0.0081060226772087,-0.007897533157976255,-195.3987167367652,-1.4399999994905102
14.05,2.29448494,2.302187680591449,0.0067814576884857,-0.007702740591449153,-586.1961502070931,0.059999999268271154
14.055,2.29505323,2.302383079308185,0.0082417167812153,-0.0073298493081850324,8.527365480404114e-10,1.6999999991185888
14.06,2.29560458,2.302578478024922,0.0111741459918371,-0.006973898024921876,586.1961502097552,3.380000000561452
14.065,2.29613924,2.302578478024922,0.0077811238161009,-0.006439238024921856,586.1961502086182,7.940000000417307
14.07,2.2966574,2.302773876741659,0.0147339362521513,-0.006116476741659049,-195.39871673942724,12.829999999155952
14.075,2.29716076,2.302969275458396,0.0221117134239439,-0.005808515458396002,-976.9935836818989,15.070000000328243
14.08,2.29765134,2.3033600728918686,0.0174819766000701,-0.005708732891868795,-195.3987167336387,19.16000000136455
14.085,2.29813062,2.3033600728918686,0.0281611444307924,-0.005229452891868824,1172.392300420044,26.419999999510107
14.09,2.29860147,2.3033600728918686,0.0379246861229732,-0.004758602891868691,586.196150209755,32.70999999898708
14.095,2.29906798,2.3035554716086053,0.0461098823174896,-0.0044874916086055094,-586.1961502114602,37.5500000004099
14.1,2.29953421,2.303946269042079,0.0526084821235329,-0.004412059042079086,-195.39871673829032,37.64000000018247
14.105,2.30000555,2.304141667758816,0.0747777367869206,-0.004136117758815949,1.136851525461692e-09,30.83999999916067
14.11,2.30048711,2.3045324651922887,0.0621491748642714,-0.004045355192288547,-390.7974334720333,28.04000000026131
14.115,2.30098097,2.304923262625762,0.0698245549755784,-0.003942292625762178,390.79743347288587,30.130000000668794
14.12,2.30149101,2.3051186613424988,0.0949902500947904,-0.003627651342498872,781.5948669460213,23.969999999435558
14.125,2.30202228,2.305509458775972,0.079526122907903,-0.003487178775972044,-390.79743347253236,14.91000000015832
14.13,2.30257604,2.306095654926182,0.0855872229856475,-0.0035196149261822463,-586.1961502092972,14.610000000645627
14.135,2.30315345,2.306681851076392,0.0908237557811581,-0.0035284010763918516,390.797433472886,14.909999999873008
14.14,2.30375711,2.3070726485098656,0.0960164176110922,-0.0033155385098657675,195.3987167368693,7.409999999481755
14.145,2.30438909,2.307854243376812,0.0980833573348132,-0.003465153376811969,-586.1961502103238,0.25999999962800757
14.15,2.30504913,2.3084404395270224,0.0820110039040435,-0.003391309527022379,-390.79743347430707,-1.1499999993703938
14.155,2.30573661,2.309222034393969,0.1061201242814596,-0.003485424393969261,586.1961502100394,-4.619999999704518
14.16,2.30645236,2.3096128318274425,0.0884376088899366,-0.0031604718274422794,586.1961502103236,-11.640000001307655
14.165,2.30719486,2.3103944266943888,0.0916928235783615,-0.0031995666943887002,-390.79743347373847,-17.629999999840777
14.17,2.30796218,2.311176021561336,0.0932968940257872,-0.0032138415613358617,-390.7974334726712,-20.909999998082284
14.175,2.3087522,2.3119576164282822,0.0764709195873404,-0.003205416428282426,195.3987167380062,-17.26000000074322
14.18,2.30956096,2.312739211295229,0.0810256593980115,-0.003178251295228751,390.7974334720332,-15.2400000013142
14.185,2.31038772,2.313520806162176,0.09927317747276,-0.003133086162176113,-195.39871673829035,-25.629999998956578
14.19,2.31123144,2.314497799745859,0.098353890570092,-0.003266359745859315,-586.1961502094708,-32.780000000230885
14.195,2.31208618,2.3154747933295425,0.0930144182068793,-0.0033886133295424337,586.1961502111761,-26.140000001079105
14.2,2.31294799,2.316256388196489,0.0890610753304979,-0.00330839819648876,781.5948669478653,-15.949999998954732
14.205,2.3138148,2.317233381780172,0.0697946761270662,-0.0034185817801719587,-781.594866946347,-7.659999998850832
14.21,2.31468447,2.318601172797329,0.0824545088878934,-0.00391670279732903,-586.1961502108636,-7.260000000141466
14.215,2.31555763,2.3195781663810124,0.0772897343332153,-0.004020536381012629,586.1961502091868,-14.750000000845551
14.22,2.31643322,2.3207505586814325,0.0580514276721468,-0.004317338681432581,390.79743347345425,-12.77000000072863
14.225,2.31730741,2.3219229509818526,0.0575546301081257,-0.004615540981852462,-781.5948669452032,-1.1999999992442243
14.23,2.31817949,2.323290741999009,0.0690340395271247,-0.005111251999009081,-1367.7910171563797,-1.2899999998700364
14.235,2.31905137,2.3246585330161658,0.0629031952414998,-0.005607163016165817,390.7974334717488,-12.670000000980846
14.24,2.31992208,2.3254401278831125,0.0468316086051855,-0.005518047883112498,1367.7910171560957,-16.759999999749652
14.245,2.32078822,2.326417121466796,0.0484105278359169,-0.005628901466796066,-195.3987167361965,-14.779999999057178
14.25,2.32164832,2.327589513767216,0.0483941646303583,-0.005941193767216024,1.5596697267028503e-09,-16.830000000141112
14.255,2.3225012,2.328566507350899,0.0351528990006135,-0.006065307350898941,781.5948669477958,-11.970000000478557
14.26,2.32334343,2.3295435009345824,0.0253202927940199,-0.006200070934582413,-976.9935836851989,7.740000000353902
14.265,2.32417348,2.3311066906684763,0.0431113147126634,-0.006933210668476519,-1172.3923004223525,20.330000000116137
14.27,2.32499544,2.33208368425216,0.0571995765961425,-0.0070882442521602584,390.7974334743068,9.939999999915386
14.275,2.3258128,2.3330606778358427,0.0394278932384146,-0.0072478778358426865,390.7974334757283,-8.000000000834532
14.28,2.32662468,2.334037671419526,0.039937202400012,-0.007412991419526005,781.5948669466243,-16.669999999693218
14.285,2.3274291,2.3348192662864724,0.0274475841619773,-0.007390166286472599,586.1961502086186,-11.349999999198054
14.29,2.32822315,2.3357962598701563,0.0173348826364758,-0.007573109870156358,-1367.7910171561016,3.9599999991018535
14.295,2.32900571,2.3371640508873126,0.0350658858011758,-0.008158340887312487,-390.7974334729623,13.780000000167167
14.3,2.3297795,2.33794564575426,0.0339327915563677,-0.00816614575425989,1563.189733893249,11.020000000591391
14.305,2.33054659,2.338727240621206,0.0341112781959676,-0.008180650621206098,-390.79743347231766,5.480000000375579
14.31,2.33130751,2.340095031638363,0.0308864945765128,-0.00878752163836305,-1172.392300420363,3.120000000081049
14.315,2.33206276,2.3410720252220463,0.0292445880300481,-0.00900926522204637,586.196150209187,1.7899999988914175
14.32,2.33281266,2.341853620088993,0.0282087762978598,-0.009040960088992911,-2.8416025088517927e-10,0.32999999945080205
14.325,2.33355734,2.343026012389413,0.0249407962833246,-0.009468672389413069,-390.79743347391195,-0.9299999993533739
14.33,2.33429674,2.3438076072563594,0.0232210969961711,-0.009510867256359301,586.1961502100112,-1.8300000002112746
14.335,2.33503066,2.3445892021233066,0.0215690034391824,-0.009558542123306424,6.096172455727356e-10,-4.40000000054787
14.34,2.33575882,2.345566195706989,0.0190293985976771,-0.009807375706988974,-390.7974334726016,-11.3999999987875
14.345,2.33648089,2.3463477905739363,0.0170771452756085,-0.009866900573936466,586.1961502103236,-15.109999998799793
14.35,2.3371945,2.3471293854408826,0.0169478664609719,-0.009934885440882724,586.1961502100391,-4.190000000789986
14.355,2.33789663,2.3479109803078297,0.0255106609319614,-0.010014350307829822,-781.5948669486138,10.019999999144943
14.36,2.33858867,2.34908337260825,0.0286891630210247,-0.010494702608249806,-976.9935836854829,7.420000000024949
14.365,2.33927369,2.349864967475197,0.021414253401062,-0.010591277475196836,390.7974334748752,-5.430000000785718
14.37,2.33995135,2.350646562342143,0.0060746025933955,-0.010695212342142657,586.1961502113148,-9.87999999977501
14.375,2.34061949,2.351232758492353,0.0052942988483771,-0.010613268492353,-586.1961502092972,-6.3699999984131495
14.38,2.34127711,2.3522097520760363,0.0023520800365045,-0.01093264207603628,-195.39871673474093,-6.769999999967659
14.385,2.34192415,2.3526005495095093,0.0015765933368934,-0.01067639950950916,586.1961502080497,-12.760000000753728
14.39,2.34255958,2.35318674565972,-0.0085427716237834,-0.010627165659720106,-2.5578970053175e-09,-15.140000000429154
14.395,2.3431809,2.3537729418099302,-0.0158493277974726,-0.01059204180993012,-195.39871673573228,-9.119999999996125
14.4,2.343786,2.354163739243403,-0.0125678357557378,-0.010377739243403017,-390.7974334720334,-0.7399999995529569
14.405,2.3443746,2.354749935393613,-0.0111203060092526,-0.010375335393613128,-195.3987167345955,3.7100000000124282
14.41,2.34494725,2.354945334110349,-0.0085057204103208,-0.00999808411034886,586.1961502097552,4.289999999400919
14.415,2.34550451,2.3551407328270866,-0.0058849538138001,-0.009636222827086538,195.39871673327852,2.409999999894602
14.42,2.34604704,2.3553361315438237,-0.0032254331148565,-0.009289091543823513,-390.79743347338484,0.3900000007207609
14.425,2.34657492,2.35553153026056,-0.0080343590495055,-0.008956610260559827,2.024222567342804e-09,2.210000000094311
14.43,2.34708778,2.35553153026056,-0.0018724047539987,-0.008443750260560101,390.7974334734543,7.819999999583409
14.435,2.34758622,2.35553153026056,0.0033479188060891,-0.00794531026055978,195.39871673630083,13.040000000331183
14.44,2.34807168,2.35553153026056,0.0082409885956406,-0.007459850260560064,0.0,13.649999999928092
14.445,2.34854623,2.35553153026056,0.0201326375251063,-0.006985300260559768,0.0,8.89999999941459
14.45,2.34901178,2.35553153026056,0.0137802445785017,-0.006519750260559842,0.0,4.620000000278296
14.455,2.3494686,2.35553153026056,0.0175528834468931,-0.006062930260560151,0.0,5.07999999996445
14.46,2.34991698,2.35553153026056,0.0207850522689815,-0.005614550260559792,0.0,6.710000000105939
14.465,2.35035795,2.35553153026056,0.0236279001972969,-0.00517358026056014,0.0,5.92000000068554
14.47,2.35079236,2.35553153026056,0.0258093389177365,-0.004739170260560144,195.39871673658504,2.5499999998146023
14.475,2.35122099,2.35553153026056,0.0280224274997308,-0.004310540260560103,195.39871673658504,-1.0000000003175131
14.48,2.35164384,2.35553153026056,0.0225812863753631,-0.003887690260560017,-390.7974334731701,-1.3400000003116972
14.485,2.35206027,2.3557269289772966,0.0254690320454301,-0.0036666589772966773,-195.39871673658504,-0.24000000024677348
14.49,2.35247042,2.3557269289772966,0.0286388533658564,-0.0032565089772966793,390.7974334731701,-0.7099999999126076
14.495,2.35287445,2.3557269289772966,0.0242391192778143,-0.0028524789772967907,-2.842224470095412e-10,-0.029999999635887065
14.5,2.35327186,2.3559223276940333,0.0271981836713616,-0.0026504676940333205,-2.842170943040401e-10,3.000000000383693
14.505,2.35366282,2.3559223276940333,0.0303109201538704,-0.0022595076940334913,5.684395413138903e-10,4.799999999813707
14.51,2.35404813,2.3561177264107696,0.0317645287976948,-0.0020695964107697584,-390.7974334726016,4.270000000019756
14.515,2.35442838,2.3563131251275062,0.0325406662210726,-0.0018847451275063598,195.39871673686926,3.130000000055734
14.52,2.35480403,2.3563131251275062,0.0339590566031492,-0.0015090951275062991,390.79743347317003,2.1599999999467627
14.525,2.3551754,2.356508523844243,0.0340665126366974,-0.0013331238442431115,-195.3987167374377,1.3799999999264365
14.53,2.35554269,2.35670392256098,0.0341558852676113,-0.0011612325609799967,-195.39871673686926,0.7300000001464824
14.535,2.35590604,2.3568993212777163,0.0340691779690447,-0.0009932812777164735,-2.8421709430434903e-10,0.1799999998297679
14.54,2.35626549,2.3570947199944534,0.0338427964819082,-0.0008292299944532289,-4.0389678347317525e-22,-0.21000000060386625
14.545,2.35662103,2.3572901187111897,0.0336320598118147,-0.0006690887111897581,195.3987167377566,-0.8900000000267418
14.55,2.35697261,2.3574855174279263,0.0334854500730822,-0.0005129074279262014,195.39871673658504,-2.689999999748302
14.555,2.35732016,2.357680916144663,0.0335244078732217,-0.0003607561446630214,-390.7974334737386,-4.479999999489603
14.56,2.35766316,2.3580717135781364,0.0273423412111498,-0.0004085535781364058,-390.7974334731701,-3.450000000100463
14.565,2.35800074,2.358267112294873,0.0290146174436504,-0.0002663722948730296,195.3987167365851,-0.009999999974802165
14.57,2.35833266,2.3584625110116098,0.0304988592750902,-0.00012985101160989387,195.39871673630083,2.029999999706618
14.575,2.35865932,2.3586579097283464,0.0316330501534507,1.4102716536790183e-06,195.3987167364809,0.3899999998721029
14.58,2.3589811,2.358853308445083,0.0326039224283914,0.0001277915549167119,195.39871673733353,-3.359999998622339
14.585,2.35929793,2.35904870716182,0.0282113281213027,0.0002492228381800743,-390.7974334732047,-4.53000000078773
14.59,2.35960887,2.359439504595293,0.0242156280726851,0.00016936540470702255,-195.39871673715348,-0.580000001377968
14.595,2.35991321,2.35963490331203,0.0276282167092295,0.0002783066879703533,390.79743347345425,4.790000000980665
14.6,2.36021144,2.3598303020287665,0.030322145789003,0.0003811379712335139,-2.842890603908167e-10,7.340000000227089
14.605,2.36050458,2.36022109946224,0.0313959418145018,0.00028348053776028337,-195.39871673800604,6.88999999937354
14.61,2.3607936,2.360416498178977,0.032937521589778,0.00037710182102301815,-195.39871673573236,3.890000000410577
14.615,2.36107938,2.36080729561245,0.0333518598543248,0.0002720843875501089,1.7052305997365973e-09,-0.7399999998369697
14.62,2.36136224,2.361002694329186,0.0289321056655663,0.00035954567081386557,586.1961502076963,-2.680000000336463
14.625,2.3616415,2.3611980930459238,0.0258369814451347,0.0004434069540764085,2.8412827646202565e-10,0.8399999998687697
14.63,2.36191662,2.361588890479396,0.0284341213394014,0.00032772952060433624,-781.5948669434285,5.9600000005819656
14.635,2.36218826,2.3619796879128696,0.0301276838291994,0.00020857208713032094,195.39871673516407,8.820000000469363
14.64,2.36245758,2.3621750866296063,0.0323275432011401,0.000282493370393766,976.9935836809357,10.899999999481198
14.645,2.36272562,2.3623704853463434,0.0341923361191126,0.0003551346536565525,-195.3987167357324,12.71999999971802
14.65,2.36299394,2.362956681496553,0.0399808919946565,3.7258503446935265e-05,-781.5948669454875,11.430000000416785
14.655,2.36326448,2.3633474789300264,0.0387055432073381,-8.299893002661207e-05,-1.136885228970677e-09,6.860000000586082
14.66,2.36353842,2.3637382763635,0.0379536424411207,-0.0001998563635003947,195.39871673630088,1.52999999897939
14.665,2.36381627,2.364129073796973,0.0373933988927925,-0.00031280379697307126,195.39871673847043,-1.5400000009459074
14.67,2.36409788,2.3645198712304465,0.0305919502285188,-0.00042199123044639464,-4.230393813031035e-10,0.5800000010938575
14.675,2.36438252,2.3649106686639203,0.0319178801280102,-0.0005281486639203692,-586.1961502109267,4.270000000590484
14.68,2.36467078,2.36549686481413,0.0388473068395197,-0.0008260848141299348,5.684004850982995e-10,3.92999999945701
14.685,2.36496381,2.3656922635308666,0.0321271409363908,-0.0007284535308667017,781.5948669460561,3.29999999962655
14.69,2.36526139,2.3660830609643404,0.033716109302347,-0.0008216709643402709,195.3987167360166,4.650000000481377
14.695,2.36556407,2.3664738583978133,0.0421283138184826,-0.0009097883978133048,-586.1961502100394,3.1200000000810455
14.7,2.36587301,2.367060054548024,0.0330262508511317,-0.0011870445480237635,-390.7974334723521,0.6299999995418055
14.705,2.36618795,2.3674508519814963,0.0349311685624943,-0.001262901981496256,195.39871673733353,1.1200000002984858
14.71,2.36650876,2.36784164941497,0.0365834242400653,-0.0013328894149702286,195.39871673534404,0.4799999996449422
14.715,2.36683608,2.3682324468484435,0.0382224766506112,-0.0013963668484433533,-6.058580999068082e-22,-2.3900000002187127
14.72,2.36716976,2.3686232442819164,0.0311532605840863,-0.001453484281916495,-6.058064011185236e-22,-2.739999999619304
14.725,2.36750894,2.36901404171539,0.0343637478613169,-0.0015051017153902002,-6.058580999068082e-22,-1.7099999999460564
14.73,2.36785362,2.369404839148863,0.0369360000589013,-0.0015512191488631366,1.4210854715201296e-09,-2.489999999397771
14.735,2.36820379,2.3697956365823365,0.0304298529235568,-0.0015918465823365757,-1.1368683772153768e-09,-1.7799999997692346
14.74,2.36855863,2.3701864340158103,0.0340147798602923,-0.001627804015810419,-5.684341886070826e-10,1.7199999996364852
14.745,2.36891814,2.3705772314492832,0.0366417399164094,-0.0016590914492833342,1.7053025658244787e-09,3.069999999066411
14.75,2.36928301,2.3709680288827566,0.0381751400671186,-0.001685018882756406,-1.4210854715199783e-09,-0.30000000066369736
14.755,2.36965371,2.3713588263162304,0.0394123830647998,-0.0017051163162302707,-1.7053025658234689e-09,-4.539999999049915
14.76,2.37002983,2.3717496237497038,0.0319743620518231,-0.0017197937497037685,1.7053025658238728e-09,-4.219999998724983
14.765,2.3704102,2.3721404211831767,0.0350496265976977,-0.0017302211831768943,1.4210854715197258e-09,-0.14999999990541468
14.77,2.37079455,2.37253121861665,0.0374218138401314,-0.0017366686166502276,-2.8421709430394516e-10,2.2399999983237606
14.775,2.37118339,2.3729220160501234,0.038868798677986,-0.0017386260501233153,195.3987167363008,1.4999999990550208
14.78,2.37157702,2.373312813483597,0.039538316468666,-0.0017357934835966482,195.3987167363008,-0.26999999846571043
14.785,2.37197552,2.37370361091707,0.0397374834375979,-0.0017280909170702685,-390.7974334745911,-2.6599999992528502
14.79,2.37237874,2.37428980706728,0.0382943100202403,-0.001911067067280392,-586.1961502105383,-6.710000000681529
14.795,2.37278632,2.3746806045007536,0.037539419017069,-0.0018942845007536846,1.989405973290559e-09,-11.19999999986059
14.8,2.37319705,2.3750714019342265,0.0294610997364892,-0.0018743519342265813,586.1961502116752,-13.189999999949132
14.805,2.37360908,2.375266800650963,0.0316955958512617,-0.001657720650963146,390.7974334723175,-11.780000000669824
14.81,2.37402075,2.375657598084437,0.025565577939542,-0.0016368480844368705,-195.3987167380062,-7.669999999962517
14.815,2.37443061,2.3760483955179104,0.02797609166938,-0.001617785517910253,-195.39871673686923,-2.7099999996952464
14.82,2.37483806,2.3764391929513837,0.0298217598211768,-0.0016011329513836436,-2.842170943041471e-10,0.3399999997101091
14.825,2.37524324,2.376829990384857,0.0309678597134402,-0.0015867503848570053,-2.0198716582779245e-22,0.5500000003183949
14.83,2.37564627,2.3772207878183305,0.0319225947798618,-0.001574517818330623,195.3987167377566,-1.639999999554318
14.835,2.37604731,2.3776115852518034,0.0326512117194863,-0.0015642752518032488,8.526344311569391e-10,-4.710000000331394
14.84,2.37644593,2.3780023826852767,0.0263608324813147,-0.0015564526852767102,-586.1961502106077,-5.999999999915222
14.845,2.37684118,2.378588578835487,0.0280796378570494,-0.001747398835486802,-1.1368346737061898e-09,-3.659999999854426
14.85,2.37723233,2.3787839775522235,0.0240031526566884,-0.0015516475522234785,586.1961502106077,2.6299999996127834
14.855,2.37761885,2.379174774985697,0.0277163603243718,-0.0015559249856966773,-195.39871673544818,8.139999999628222
14.86,2.37800181,2.3795655724191698,0.0383788130125289,-0.0015637624191695565,-586.1961502114605,7.359999999607916
14.865,2.37838295,2.379956369852644,0.0312214541976297,-0.0015734198526438092,390.79743347203316,4.610000000298163
14.87,2.37876251,2.3801517685693803,0.0349170762143544,-0.001389258569380214,781.5948669486834,4.8500000011132265
14.875,2.37914084,2.380347167286117,0.0381923840617414,-0.001206327286117137,-586.1961502081605,3.9400000002842774
14.88,2.37951904,2.3809333634363266,0.0390455207558637,-0.0014143234363266366,-586.1961502118206,0.7299999990087841
14.885,2.37989737,2.381128762153064,0.0330968812524428,-0.0012313921530640037,781.5948669449192,0.7799999997359801
14.89,2.38027534,2.3813241608698004,0.0373356437590269,-0.0010488208698005153,195.3987167388589,3.570000000650237
14.895,2.38065327,2.3817149583032733,0.039839305589845,-0.001061688303273467,-586.1961502091867,2.7099999996949835
14.9,2.38103219,2.382105755736747,0.0411661807453487,-0.0010735657367471063,-1.9895028083733255e-09,-1.12000000001447
14.905,2.38141211,2.382301154453484,0.0351826029634543,-0.0008890444534839226,195.3987167363008,-1.5599999997562588
14.91,2.3817923,2.382691951886957,0.0378449821572215,-0.0008996518869572867,1.4210854715203319e-09,1.42999999923177
14.915,2.38217277,2.3828873506036934,0.0403448570933341,-0.0007145806036934488,5.685230064504662e-10,3.010000000357678
14.92,2.38255411,2.3832781480371668,0.0410565725757228,-0.0007240380371666966,-1.4212631072039183e-09,2.1000000009509012
14.925,2.38293668,2.383473546753904,0.0423526993422248,-0.000536866753904075,8.881784277790949e-14,-0.07000000095955095
14.93,2.38332063,2.383864344187377,0.0420456158018058,-0.0005437141873767537,195.39871673857462,-3.7800000006884513
14.935,2.38370594,2.384059742904113,0.0423858115620834,-0.00035380290411302084,-8.526681346679434e-10,-7.389999998679532
14.94,2.38409179,2.384450540337587,0.0350201095168154,-0.0003587503375870327,-390.79743347487545,-7.169999999803398
14.945,2.38447677,2.38484133777106,0.0361003974265737,-0.000364567771060198,195.39871673829032,-4.400000001112568
14.95,2.3848602,2.3850367364877965,0.0375297813878049,-0.00017653648779658582,195.39871673729238,-3.7099999997260955
14.955,2.385242,2.3854275339212703,0.0374600273591613,-0.0001855339212704088,-586.1961502121396,-4.199999999343582
14.96,2.38562146,2.385818331354744,0.0311640848243363,-0.00019687135474422135,-195.39871673673042,-3.3200000004299355
14.965,2.38599792,2.3860137300714803,0.039492348700819,-1.581007148043767e-05,390.79743347515966,-2.990000000409143
14.97,2.38637137,2.386209128788217,0.0337761264827948,0.00016224121178298745,390.797433474307,-3.1599999996956907
14.975,2.38674121,2.3864045275049537,0.0355831614942086,0.0003366824950461478,195.39871673573236,-1.4599999994403419
14.98,2.38710694,2.3865999262216904,0.0371952596679551,0.0005070137783094175,-390.79743347544377,0.7400000001211282
14.985,2.38746871,2.386990723655164,0.0374917458447367,0.00047798634483564584,-390.7974334726016,1.0899999989532194
14.99,2.38782671,2.3871861223719004,0.0387357729825725,0.0006405876280997091,195.39871673914294,-0.7400000004054021
14.995,2.38818116,2.3873815210886367,0.0398302253743661,0.000799638911363143,195.3987167363008,-2.81999999884537
15.0,2.38853177,2.387576919805374,0.0351252248140614,0.0009548501946263777,-1.4210854715199783e-09,-2.419999999574408
15.005,2.38887782,2.3877723185221105,0.0379551768149666,0.001105501477889348,2.0194839173658763e-22,-1.0200000008381842
15.01,2.3892193,2.387967717238847,0.0400283052791004,0.0012515827611530028,-2.842170943037432e-10,-0.45000000000073115
15.015,2.38955627,2.388163115955584,0.0358459283360901,0.0013931540444160895,2.84217094304551e-10,2.070000000173934
15.02,2.38988828,2.3883585146723205,0.0390439186970052,0.0015297653276795664,1.7053025658242768e-09,4.679999999268766
15.025,2.39021606,2.3885539133890568,0.0471160400034334,0.001662146610943438,-195.3987167374377,1.5100000007350367
15.03,2.39054078,2.388749312105794,0.041350781875652,0.0017914678942059226,-1.989492102962739e-09,-2.8299999993920437
15.035,2.39086187,2.3889447108225306,0.0373335108894173,0.0019171591774695962,390.7974334737385,0.33999999914168555
15.04,2.39117831,2.3889447108225306,0.0412855634335945,0.0022335991774693476,-195.39871673534407,6.61999999977208
15.045,2.39149087,2.389335508256004,0.0483400789687584,0.0021553617439962203,-195.39871673648088,6.060000000331852
15.05,2.39180121,2.389335508256004,0.0492006184885216,0.002465701743996185,390.79743347206795,-0.21999999973133733
15.055,2.39210968,2.3895309069727406,0.0436814586779017,0.0025787730272592846,2.8418953713725073e-10,-4.6500000001971955
15.06,2.39241554,2.389726305689477,0.0449093332760954,0.0026892343105231475,-390.79743347118057,-4.99999999959779
15.065,2.39271808,2.389921704406213,0.0407322568398701,0.0027963755937867596,-195.39871673715345,-3.0599999996640666
15.07,2.39301665,2.3901171031229502,0.0425350740973935,0.00289954687704963,390.7974334720332,-0.8200000010560426
15.075,2.39331107,2.3901171031229502,0.0443330705363914,0.0031939668770499807,195.3987167375765,-0.12000000026245417
15.08,2.39360148,2.390312501839687,0.0443521461841366,0.0032889781603131496,-390.7974334738144,-0.9499999995909398
15.085,2.39388783,2.390507900556424,0.0438850651678305,0.003379929443576124,-1.5664634270698932e-09,-1.9299999999617476
15.09,2.39416991,2.390507900556424,0.0441321843235665,0.0036620094435759754,195.3987167380061,-2.7099999996951674
15.095,2.39444741,2.3907032992731603,0.0433233609251246,0.0037441107268398888,1.705302565823671e-09,-4.219999999577553
15.1,2.39472001,2.3907032992731603,0.0438295574308322,0.004016710726839623,-8.526512829118355e-10,-6.04000000009842
15.105,2.3949871,2.390898697989897,0.0399830491094774,0.004088402010102854,195.3987167360166,-5.030000000658966
15.11,2.39524756,2.390898697989897,0.0383637468710971,0.004348862010103094,2.8421174159855103e-10,-0.8400000001529442
15.115,2.39550086,2.3910940967066336,0.0432512326221249,0.0044067632933662,-586.1961502097552,1.6200000001732704
15.12,2.39574753,2.3912894954233703,0.0435830838475861,0.0044580345766296325,1.453833082555616e-10,1.0399999996524834
15.125,2.39598785,2.3912894954233703,0.0414518862446663,0.004698354576629704,781.594866947054,2.1000000000984294
15.13,2.39622154,2.3912894954233703,0.0437377239373009,0.004932044576629657,-1.388337860487874e-10,5.0700000008374175
15.135,2.39644911,2.391484894140107,0.0481589097528658,0.004964215859892818,-781.5948669480455,5.000000000450449
15.14,2.39667169,2.391680292856844,0.0482019299963284,0.0049913971431556625,-195.3987167374377,2.3499999994670837
15.145,2.39688971,2.391680292856844,0.0456581234318935,0.0052094171431558145,390.79743347402274,2.1599999993783285
15.15,2.39710298,2.391680292856844,0.0475442934236373,0.005422687143155969,390.7974334734543,3.8100000000442584
15.155,2.397312,2.391680292856844,0.052869209990937,0.005631707143155751,195.39871673630083,2.9599999996322754
15.16,2.39751757,2.391680292856844,0.0499047957878274,0.005837277143156072,-390.79743347260165,0.5099999998492937
15.165,2.39771979,2.3918756915735804,0.05046531435431,0.005844098426419642,-390.7974334726364,0.15000000132871527
15.17,2.39791842,2.3918756915735804,0.0483218451284872,0.006042728426419508,390.7974334731007,1.3400000005957438
15.175,2.39811359,2.3918756915735804,0.0535756467719457,0.00623789842641953,195.3987167361967,1.4199999989702672
15.18,2.39830568,2.3918756915735804,0.051070976536983,0.006429988426419619,-390.7974334737385,0.7899999997108225
15.185,2.39849474,2.392071090290317,0.0516113063901589,0.006423649709682788,-2.5849394142282115e-26,1.0000000006016982
15.19,2.39868077,2.3918756915735804,0.0536927037275366,0.006805078426419531,0.0,1.149999999938716
15.195,2.39886403,2.392071090290317,0.053530088683299,0.006792939709682866,195.39871673686926,-0.06000000098537761
15.2,2.39904469,2.3918756915735804,0.0552832573571943,0.007168998426419826,390.79743347391206,-1.5800000002718484
15.205,2.39922261,2.3918756915735804,0.0531256185379518,0.007346918426419435,-586.1961502102954,-1.7899999988913642
15.21,2.39939738,2.392071090290317,0.0534331164892556,0.007326289709682854,-195.39871673662628,-1.3999999993095624
15.215,2.3995689,2.3918756915735804,0.0552819970652643,0.007693208426419407,586.1961502106078,-1.5400000006593988
15.22,2.39973705,2.3918756915735804,0.0536107281151691,0.007861358426419773,195.39871673686926,-1.2700000007726366
15.225,2.3999015,2.3918756915735804,0.0548305762046064,0.008025808426419534,-195.39871673686926,-0.22999999941924543
15.23,2.40006216,2.3918756915735804,0.0556270486279594,0.00818646842641968,-586.1961502106078,0.31000000035419006
15.235,2.40021914,2.392071090290317,0.0552752419587928,0.008148049709682859,195.39871673686926,-0.17000000099189982
15.24,2.40037248,2.3918756915735804,0.0564798862430432,0.008496788426419766,586.1961502106078,-1.2200000003304172
15.245,2.40052213,2.3918756915735804,0.056538739045153,0.008646438426419767,-390.79743347377325,-2.0999999995265792
15.25,2.40066784,2.392071090290317,0.0539731556902712,0.00859674970968305,-195.39871673704283,-1.9699999998580129
15.255,2.40080925,2.3918756915735804,0.0554595999999769,0.00893355842641963,195.39871673676512,-0.9999999994676507
15.26,2.40094614,2.392071090290317,0.0549149456424339,0.00887504970968278,0.0,-0.2899999995520055
15.265,2.40107853,2.3918756915735804,0.0561646782516103,0.009202838426419557,0.0,-0.24000000024670598
15.27,2.40120638,2.392071090290317,0.0553988050901239,0.009135289709683025,0.0,-0.6199999998557395
15.275,2.40132968,2.3918756915735804,0.0565050050882099,0.009453988426419535,-195.39871673686926,-1.1100000006081778
15.28,2.40144832,2.392071090290317,0.0545202496937831,0.009377229709683021,2.5849394142282115e-26,-1.0900000009428545
15.285,2.40156208,2.3918756915735804,0.0557151137612054,0.009686388426419779,390.7974334737385,-0.5599999994387801
15.29,2.40167085,2.3918756915735804,0.0558746481331591,0.009795158426419537,0.0,-0.21999999972525686
15.295,2.40177464,2.3918756915735804,0.0558360235329057,0.009898948426419807,-195.39871673690396,-0.23999999967830377
15.3,2.40187341,2.3918756915735804,0.0557583794114936,0.0099977184264195,0.0,-0.4299999994863519
15.305,2.40196714,2.3918756915735804,0.0555958376004178,0.010091448426419625,195.39871673686926,-0.620000000992615
15.31,2.40205576,2.3918756915735804,0.054949073765519,0.01018006842641972,195.39871673686926,-0.5400000006261578
15.315,2.40213915,2.3918756915735804,0.0549960777261459,0.010263458426419625,-390.7974334737385,-0.37999999904061
15.32,2.40221728,2.392071090290317,0.0538501874658419,0.01014618970968284,-586.1961502106078,-0.5799999991041211
15.325,2.40229013,2.392071090290317,0.0532423811752111,0.010219039709682853,195.39871673673042,-1.7000000005352334
15.33,2.40235759,2.392071090290317,0.0527814019796125,0.010286499709682762,781.5948669473382,-14.290000000871839
15.335,2.4024195,2.3918756915735804,0.0526825603387782,0.010543808426419776,-1.388391387541816e-10,-73.41999999994871
15.34,2.40247499,2.392071090290317,0.0437925334585085,0.010403899709682918,-781.5948669474772,-186.03999999954453
15.345,2.40251297,2.392071090290317,-0.0591335533160261,0.010441879709683022,-195.39871673686926,-269.1899999993667
15.35,2.40249606,2.392071090290317,-0.2079301331702815,0.010424969709682763,8.527649697498418e-10,-300.70000000053057
15.355,2.4023845,2.3918756915735804,-0.2090030748138372,0.010508808426419769,-586.1961502094708,-406.71000000147075
15.36,2.40215161,2.3918756915735804,-0.2821583733372707,0.010275918426419839,-195.3987167374376,-573.099999999183
15.365,2.40173339,2.3912894954233703,-0.1766166590994023,0.010443894576629642,195.3987167365849,-599.9699999978502
15.37,2.40103493,2.390898697989897,-0.2006963606115057,0.01013623201010283,195.3987167367997,-445.0800000006532
15.375,2.39998654,2.3901171031229502,-0.2188470318939455,0.009869436877049775,195.39871673520537,-239.74000000209912
15.38,2.39854605,2.389335508256004,-0.2303509379311407,0.00921054174399627,-390.7974334730942,-84.889999999378
15.385,2.39669887,2.3885539133890568,-0.1950550460894901,0.008144956610943055,-586.1961502083341,4.870000000494656
15.39,2.39444523,2.3873815210886367,-0.2431716387770965,0.007063708911363431,-8.527649697498418e-10,93.72999999897525
15.395,2.39178549,2.386209128788217,-0.2003602696061506,0.005576361211783176,1172.3923004186577,237.6300000003189
15.4,2.38873734,2.384450540337587,-0.2203593969412118,0.004286799662413188,781.5948669480458,401.0100000007967
15.405,2.38534013,2.38308274932043,-0.2301752830124249,0.0022573806795698204,-1367.7910171555266,485.20999999995854
15.41,2.38166001,2.3817149583032733,-0.2909246570759001,-5.494830327323896e-05,-1172.392300421216,454.0500000018923
15.415,2.3777638,2.379956369852644,-0.3314166505824414,-0.002192569852644155,390.7974334727402,400.19000000007685
15.42,2.37369845,2.37780698396854,-0.3479350536179686,-0.004108533968540051,586.196150209576,401.74999999580314
15.425,2.36951055,2.375657598084437,-0.3352556224697183,-0.006147048084436779,390.79743347331527,434.650000000158
15.43,2.36525285,2.37311741476686,-0.2936886889998369,-0.007864564766860038,-390.79743347146575,461.95000000240805
15.435,2.36098213,2.37077263016602,-0.2276887000210874,-0.0097905001660199,-1172.3923004200788,479.54999999975314
15.44,2.35675786,2.368037048131707,-0.1442711376630303,-0.011279188131706697,976.9935836809365,485.359999999866
15.445,2.35264049,2.3649106686639203,-0.052008963733994,-0.012270178663920106,3712.5756179976743,444.32000000116113
15.45,2.34869303,2.36139349176266,0.0751676212655247,-0.01270046176265982,976.993583685934,321.5599999996864
15.455,2.34497099,2.35904870716182,0.0593705613767142,-0.014077717161819603,-2344.7846008407455,163.32999999805156
15.46,2.34150268,2.3568993212777163,0.0177340176332919,-0.015396641277716228,2.29761099035386e-10,52.94000000008896
15.465,2.33829519,2.354163739243403,0.0016212033705837,-0.015868549243402974,781.5948669480449,3.6300000004987396
15.47,2.33535014,2.3522097520760363,-0.0025867683989319,-0.016859612076036257,-1367.7910171572323,-19.469999999445463
15.475,2.33266603,2.35025576490867,-0.0167315966840226,-0.017589734908669996,-781.594866947761,-34.75999999949465
15.48,2.33023904,2.3481063790245664,-0.0205555612690989,-0.017867339024566498,976.9935836849146,-46.40000000051873
15.485,2.32806404,2.3459569931404625,-0.0222429390578011,-0.017892953140462353,1172.3923004212156,-58.89999999994029
15.49,2.32613462,2.3438076072563594,-0.0166143991210096,-0.017672987256359463,-781.5948669480449,-74.61999999918987
15.495,2.32444282,2.3422444175224664,-0.0194312680571027,-0.017801597522466572,-1367.7910171574406,-89.11000000055071
15.5,2.32297798,2.340485829071836,-0.025628973896307,-0.017507849071836112,586.1961502090196,-96.88000000125271
15.505,2.32172775,2.3383364431877327,-0.0150592731441188,-0.016608693187732726,586.1961502082714,-101.44999999921754
15.51,2.32068001,2.33677325345384,-0.0140997684489873,-0.016093243453840334,-390.79743347174923,-108.36000000012302
15.515,2.31982195,2.3348192662864724,-0.00980823170335,-0.014997316286472273,-195.39871673488005,-114.42000000102371
15.52,2.31913926,2.3332560765525794,-0.0122245430649012,-0.014116816552579348,-1.7053025658238728e-09,-114.19999999816844
15.525,2.31861706,2.331302089385213,-0.0038037321893963,-0.012685029385213209,195.39871673658493,-109.11999999905663
15.53,2.31824131,2.329738899651319,0.0033776926040767,-0.011497589651319196,781.5948669474772,-103.85000000184607
15.535,2.31799888,2.3277849124839527,0.0128457798499929,-0.00978603248395249,-5.682068149326369e-10,-99.6500000002286
15.54,2.31787704,2.326417121466796,0.0202375934515534,-0.008540081466795968,-976.9935836825305,-95.94999999968286
15.545,2.31786356,2.325049330449639,0.0278768389497237,-0.007185770449638973,390.79743347310693,-92.91000000047632
15.55,2.3179468,2.323290741999009,0.0377815984496128,-0.005343941999008894,390.79743347179027,-88.28999999955795
15.555,2.31811515,2.3221183496985893,0.0379137684641499,-0.004003199698589199,-195.39871673772183,-80.64999999959696
15.56,2.31835768,2.3207505586814325,0.0544850928926579,-0.002392878681432453,781.594866946056,-75.31000000000492
15.565,2.31866536,2.319382767664276,0.0613656353405584,-0.0007174076642764149,-195.3987167351638,-73.85999999940259
15.57,2.31902903,2.318601172797329,0.059025532671023,0.0004278572026708005,-781.5948669446349,-69.67999999972406
15.575,2.31943888,2.3176241792136456,0.0657193367877155,0.001814700786354262,390.79743347313524,-63.43000000130907
15.58,2.31988699,2.316647185629962,0.0776240493921542,0.003239804370037902,195.39871673590596,-59.71000000102106
15.585,2.32036603,2.316060989479752,0.0817934179192738,0.004305040520248049,-1.106172931031324e-10,-54.73999999904677
15.59,2.32086813,2.315279394612806,0.0896882243828721,0.005588735387194177,-5.685478754458018e-10,-47.89999999843723
15.595,2.3213871,2.3148885971793325,0.0884534308848346,0.00649850282066744,-390.79743347345425,-44.690000000857395
15.6,2.32191771,2.314497799745859,0.0877678036566623,0.007419910254141016,5.68491032026941e-10,-43.83000000160754
15.605,2.32245419,2.3141070023123858,0.083733811467155,0.008347187687614444,5.684626103175106e-10,-40.34999999902477
15.61,2.32299104,2.313911603595649,0.0848303750868236,0.009079436404350716,-195.39871673630088,-33.299999998918494
15.615,2.32352347,2.3137162048789124,0.0822009598105989,0.00980726512108765,195.39871673573242,-24.31000000058345
15.62,2.32404777,2.313520806162176,0.0888434689690051,0.01052696383782381,-8.179483756975969e-10,-16.470000000756755
15.625,2.32456164,2.313520806162176,0.0894783256941704,0.01104083383782406,-390.79743347281646,-13.049999999737686
15.63,2.32506359,2.313520806162176,0.0943258575004855,0.011542783837823922,-195.3987167361967,-14.289999999172267
15.635,2.32555223,2.313520806162176,0.0903663142491608,0.012031423837823851,0.0,-15.949999999805556
15.64,2.32602545,2.313520806162176,0.088046185149477,0.012504643837823792,195.39871673630083,-12.810000000343365
15.645,2.32648095,2.313520806162176,0.0868520722631517,0.012960143837823956,195.39871673630083,-4.5700000006832795
15.65,2.3269174,2.313520806162176,0.0905123848502674,0.013396593837823989,-390.79743347260165,3.1899999996200705
15.655,2.32733499,2.3137162048789124,0.0965316331304234,0.013618785121087829,-195.3987167360166,5.070000000273723
15.66,2.32773487,2.3137162048789124,0.09800737867661,0.014018665121087626,390.79743347288587,3.370000000018237
15.665,2.32811754,2.3137162048789124,0.0956923612043706,0.014401335121087655,-195.39871673676512,4.860000000530107
15.67,2.32848293,2.313911603595649,0.0975766682015694,0.01457132640435077,-195.3987167364809,9.450000000299625
15.675,2.32883197,2.313911603595649,0.1042599516111159,0.014920366404350904,390.79743347348904,11.419999999577023
15.68,2.32916644,2.313911603595649,0.1055022553229502,0.015254836404350769,195.39871673658504,9.55999999973804
15.685,2.32948773,2.3141070023123858,0.1056879223333489,0.015380727687614115,195.39871673630086,6.660000000238327
15.69,2.32979682,2.3141070023123858,0.1072299598781616,0.015689817687614127,-390.79743347288587,4.730000000563656
15.695,2.33009438,2.314497799745859,0.1024078765868779,0.01559658025414068,-781.5948669463403,4.779999999584788
15.7,2.33038073,2.314693198462596,0.1040712127143895,0.015687531537404098,390.7974334727817,5.63999999997791
15.705,2.33065665,2.314693198462596,0.1063082634657005,0.015963451537404083,390.7974334731006,5.560000000173574
15.71,2.33092295,2.3148885971793325,0.1025857185877575,0.016034352820667674,-390.79743347348904,4.58999999892017
15.715,2.33118018,2.315083995896069,0.1067025174211216,0.016096184103930877,195.39871673630083,2.3699999999849624
15.72,2.33142904,2.315083995896069,0.1028709427002229,0.016345044103931006,390.79743347317014,-0.8199999987824071
15.725,2.33166956,2.315279394612806,0.1011171096164454,0.016390165387194067,-195.39871673658504,-3.360000000043506
15.73,2.33190137,2.3154747933295425,0.0983568560117015,0.01642657667045766,-195.3987167360166,-5.240000000981304
15.735,2.33212397,2.3156701920462788,0.0949761603534012,0.01645377795372127,-195.3987167360166,-7.030000000157017
15.74,2.33233658,2.3158655907630155,0.0913888624314179,0.016470989236984757,-195.3987167368693,-8.259999999325316
15.745,2.33253817,2.316060989479752,0.087480581257573,0.016477180520247714,390.79743347335017,-8.619999999258809
15.75,2.33272764,2.316060989479752,0.0849696511036102,0.01666665052024774,195.39871673704937,-8.019999999646942
15.755,2.3329039,2.316256388196489,0.0815464110697122,0.016647511803510984,-390.7974334746259,-7.830000000703748
15.76,2.33306593,2.316451786913226,0.0787548711737997,0.016614143086774114,195.39871673544818,-16.410000000633545
15.765,2.33321314,2.316451786913226,0.0794442319378611,0.016761353086773845,195.39871673772194,-42.32999999971027
15.77,2.33334362,2.316647185629962,0.0571826583176012,0.01669643437003776,-586.1961502091867,-70.09000000039418
15.775,2.33344948,2.316842584346699,0.0132731038306875,0.0166068956533012,-195.39871673686926,-64.24000000038448
15.78,2.33351838,2.316842584346699,-0.0036664983615004,0.01667579565330124,390.7974334731701,-13.499999998885528
15.785,2.33354283,2.316842584346699,0.0132721127145784,0.01670024565330097,195.39871673658504,51.41000000009164
15.79,2.33352597,2.316842584346699,0.0505635260471521,0.016683385653301297,0.0,88.83999999881883
15.795,2.33347969,2.316842584346699,0.0927131944939209,0.01663710565330101,0.0,82.33000000047005
15.8,2.3334178,2.316842584346699,0.1029087247390085,0.016575215653301,0.0,51.070000001214254
15.805,2.3333489,2.316842584346699,0.0968305899367181,0.016506315653300963,195.39871673686926,25.78999999997334
15.81,2.3332762,2.316842584346699,0.0920479658152448,0.016433615653300926,195.39871673686926,17.23999999882227
15.815,2.33320153,2.316842584346699,0.09198594397468,0.016358945653301316,-390.7974334737385,17.30999999949819
15.82,2.33312696,2.317037983063436,0.0898462964396341,0.01608897693656397,-390.7974334737385,17.51000000069855
15.825,2.33305482,2.317037983063436,0.0939226357649287,0.016016836936564083,195.39871673686926,15.110000000499706
15.83,2.33298739,2.317037983063436,0.0917994068072144,0.015949406936563992,195.39871673690396,11.2099999998355
15.835,2.33292628,2.317037983063436,0.0926031875673032,0.015888296936564128,0.0,7.969999999492462
15.84,2.3328726,2.317037983063436,0.0907384032087013,0.01583461693656396,0.0,6.09999999994697
15.845,2.33282712,2.317037983063436,0.0915047316883009,0.01578913693656414,0.0,4.570000000114938
15.85,2.33279056,2.317037983063436,0.0916452936195448,0.015752576936563845,0.0,2.150000000256213
15.855,2.33276344,2.317037983063436,0.0909411854125459,0.01572545693656391,0.0,-1.1499999996545256
15.86,2.33274584,2.317037983063436,0.0896481720077917,0.015707856936563847,0.0,-4.520000000525414
15.865,2.33273739,2.317037983063436,0.087632573966553,0.01569940693656413,0.0,-7.2899999997847225
15.87,2.33273729,2.317037983063436,0.0854404575775637,0.01569930693656385,0.0,-9.059999999298409
15.875,2.33274445,2.317037983063436,0.0831265625151865,0.015706466936563857,0.0,-9.650000000931769
15.88,2.33275762,2.317037983063436,0.081369307903121,0.015719636936564196,0.0,-9.110000000868927
15.885,2.33277556,2.317037983063436,0.0802659341885539,0.01573757693656397,0.0,-7.759999999450757
15.89,2.33279718,2.317037983063436,0.0797521262689667,0.015759196936564024,0.0,-6.119999999043813
15.895,2.33282161,2.317037983063436,0.0799168888604856,0.015783626936563877,0.0,-4.619999999988729
15.9,2.33284821,2.317037983063436,0.0803988461620958,0.015810226936563865,0.0,-3.2800000005296717
15.905,2.33287648,2.317037983063436,0.0806857288919054,0.015838496936563917,0.0,-1.8200000002366998
15.91,2.33290609,2.317037983063436,0.0817248649956534,0.01586810693656382,0.0,-0.1800000001139832
15.915,2.33293689,2.317037983063436,0.0828248626163205,0.01589890693656404,0.0,1.040000000499484
15.92,2.332969,2.317037983063436,0.0852311747190377,0.015931016936563847,0.0,1.2200000003304101
15.925,2.33300266,2.317037983063436,0.0849906296629403,0.015964676936564004,0.0,0.890000000027686
15.93,2.33303798,2.317037983063436,0.0865009125272833,0.015999996936563843,0.0,1.379999999926505
15.935,2.33307501,2.317037983063436,0.0864039318746129,0.016037026936563947,0.0,3.669999998976598
15.94,2.33311392,2.317037983063436,0.0884616866209456,0.016075936936564172,0.0,7.17999999977824
15.945,2.33315532,2.317037983063436,0.0927366935930906,0.01611733693656392,0.0,9.01000000112657
15.95,2.33320049,2.317037983063436,0.097067733885142,0.016162506936563847,0.0,6.940000000380035
15.955,2.33325077,2.317037983063436,0.0981078398018322,0.016212786936563806,0.0,3.359999999190986
15.96,2.3333067,2.317037983063436,0.0962956538433733,0.016268716936564065,0.0,2.1999999995652573
15.965,2.3333683,2.317037983063436,0.0984489497979063,0.01633031693656406,0.0,2.940000000819637
15.97,2.33343591,2.317037983063436,0.1003405449683426,0.016397926936563945,0.0,2.7299999999287365
15.975,2.33351011,2.317037983063436,0.1021067458072036,0.01647212693656419,0.0,2.3499999994670517
15.98,2.33359106,2.317037983063436,0.1000968964619272,0.016553076936563826,0.0,3.3500000006371415
15.985,2.33367893,2.317037983063436,0.1063288121649229,0.01664094693656404,0.0,2.9500000002259377
15.99,2.3337745,2.317037983063436,0.1076695855109334,0.016736516936564083,0.0,-0.18000000039819852
15.995,2.33387811,2.317037983063436,0.1049095081672352,0.016840126936564115,0.0,-1.930000000243215
16.0,2.33398918,2.317037983063436,0.1062099464892133,0.016951196936564106,0.0,-0.35000000025867095
16.005,2.33410747,2.317037983063436,0.1083368687442522,0.017069486936564182,0.0,1.5100000001610212
16.01,2.33423317,2.317037983063436,0.1107620760690141,0.017195186936564077,-195.39871673729232,1.0400000005109575
16.015,2.33436666,2.317037983063436,0.1136345618292951,0.017328676936564147,-2.842170943041532e-10,-0.7100000004708171
16.02,2.33450798,2.317037983063436,0.1111901627712737,0.017469996936564147,586.1961502112456,-1.1800000004424192
16.025,2.33465672,2.316842584346699,0.115437271755048,0.017814135653301033,8.461124661167164e-10,-1.1299999994313943
16.03,2.3348129,2.317037983063436,0.1173365579167687,0.01777491693656419,-586.1961502106143,-2.329999999791813
16.035,2.33497647,2.317037983063436,0.1145678248648858,0.01793848693656397,-6.538816795437748e-12,-2.9000000006356608
16.04,2.3351468,2.317037983063436,0.1172886102267145,0.018108816936563965,195.3987167370081,-2.339999999786059
16.045,2.33532358,2.317037983063436,0.1192446450436429,0.01828559693656384,0.0,-3.7099999988677332
16.05,2.33550678,2.317037983063436,0.1202647459262405,0.01846879693656378,0.0,-6.940000000661467
16.055,2.33569571,2.317037983063436,0.116707623667459,0.01865772693656398,0.0,-8.80000000081049
16.06,2.33588913,2.317037983063436,0.1175711167191622,0.01885114693656398,0.0,-9.219999998611666
16.065,2.33608592,2.317037983063436,0.1171562136689593,0.019047936936563925,0.0,-10.660000000084771
16.07,2.33628505,2.317037983063436,0.115929059125302,0.01924706693656386,0.0,-13.160000001728896
16.075,2.33648499,2.317037983063436,0.112592905633993,0.019447006936564204,0.0,-15.009999999050404
16.080000000000002,2.33668388,2.317037983063436,0.1108542941953432,0.019645896936563823,0.0,-15.899999998799291
16.085,2.33687976,2.317037983063436,0.1080885907974624,0.01984177693656397,0.0,-16.35000000136074
16.09,2.33707061,2.317037983063436,0.1048476611319915,0.020032626936564046,0.0,-19.180000000733518
16.095,2.33725433,2.317037983063436,0.1029326040798633,0.020216346936563934,0.0,-34.269999999007965
16.1,2.33742889,2.317037983063436,0.0995118334385683,0.02039090693656398,0.0,-78.10999999922971
16.105,2.33758952,2.317037983063436,0.0664544500925356,0.020551536936563863,-195.39871673701464,-165.2200000006028
16.11,2.33772445,2.317037983063436,0.0213817515913597,0.020686466936564063,-5.169878828456423e-26,-280.1600000008308
16.115000000000002,2.33780722,2.317037983063436,-0.106845157108597,0.020769236936564184,390.79743347409874,-355.34999999969114
16.12,2.33779207,2.316842584346699,-0.1883304852109328,0.020949485653301014,-781.594866947464,-332.89999999929006
16.125,2.33762727,2.317037983063436,-0.2257613917483218,0.020589286936564033,-1172.3923004208489,-259.5499999998699
16.13,2.3372764,2.316842584346699,-0.21871626804576,0.020433815653301046,195.39871673680636,-233.1400000011223
16.135,2.33671677,2.316256388196489,-0.2346455668872218,0.020460381803511396,-7.70114638726227e-10,-258.6400000010566
16.14,2.33591789,2.3158655907630155,-0.2219429821192904,0.020052299236984705,-195.39871673672405,-268.7399999983346
16.145,2.33484258,2.3148885971793325,-0.183647513055875,0.019953982820667626,586.1961502103861,-241.71999999809168
16.15,2.3334579,2.313911603595649,-0.1307339544027192,0.019546296404350905,390.79743347216527,-198.4300000021883
16.155,2.33173596,2.312739211295229,-0.1368549001222022,0.018996748704771083,-195.39871673600965,-163.22000000025128
16.16,2.32965471,2.311566818994809,-0.1529230802048102,0.018087891005190926,-195.39871673253066,261.58000000545053
16.165,2.32719848,2.310199027977652,-0.1670614214572741,0.01699945202234776,195.3987167388566,712.1200000032376
16.17,2.3243451,2.308635838243759,-0.2221159926694206,0.015709261756240878,390.79743347330657,749.9599999998148
