Bicep,Tricep
0.00862169714966414,0.007438300460956937
