Bicep,Tricep
0.007157452792126157,0.008175657662380306
